anchor_location,anchor_region,anchor_job_count,nearby_location,nearby_region,nearby_job_count,distance_miles,distance_method,max_distance_miles,display_location_policy,review_status
Aldershot,Hampshire,1,Farnham,Surrey,1,2.8,HAVERSINE_STRAIGHT_LINE,15.0,PRESERVE_TRUE_JOB_LOCATION,REVIEW
Aldershot,Hampshire,1,Godalming,Surrey,1,7.8,HAVERSINE_STRAIGHT_LINE,15.0,PRESERVE_TRUE_JOB_LOCATION,REVIEW
Aldershot,Hampshire,1,Guildford,Surrey,1,8.3,HAVERSINE_STRAIGHT_LINE,15.0,PRESERVE_TRUE_JOB_LOCATION,REVIEW
Aldershot,Hampshire,1,Alton,Hampshire,1,11.4,HAVERSINE_STRAIGHT_LINE,15.0,PRESERVE_TRUE_JOB_LOCATION,REVIEW
Aldershot,Hampshire,1,Bracknell,Berkshire,4,11.4,HAVERSINE_STRAIGHT_LINE,15.0,PRESERVE_TRUE_JOB_LOCATION,REVIEW
Aldershot,Hampshire,1,Wokingham,Berkshire,1,11.7,HAVERSINE_STRAIGHT_LINE,15.0,PRESERVE_TRUE_JOB_LOCATION,REVIEW
Aldershot,Hampshire,1,Basingstoke,Hampshire,1,14.0,HAVERSINE_STRAIGHT_LINE,15.0,PRESERVE_TRUE_JOB_LOCATION,REVIEW
Aldershot,Hampshire,1,Chertsey,Surrey,1,14.7,HAVERSINE_STRAIGHT_LINE,15.0,PRESERVE_TRUE_JOB_LOCATION,REVIEW
Alresford,Hampshire,2,Colchester,Essex,1,4.8,HAVERSINE_STRAIGHT_LINE,15.0,PRESERVE_TRUE_JOB_LOCATION,REVIEW
Alton,Hampshire,1,Farnham,Surrey,1,8.8,HAVERSINE_STRAIGHT_LINE,15.0,PRESERVE_TRUE_JOB_LOCATION,REVIEW
Alton,Hampshire,1,Basingstoke,Hampshire,1,9.2,HAVERSINE_STRAIGHT_LINE,15.0,PRESERVE_TRUE_JOB_LOCATION,REVIEW
Alton,Hampshire,1,Aldershot,Hampshire,1,11.4,HAVERSINE_STRAIGHT_LINE,15.0,PRESERVE_TRUE_JOB_LOCATION,REVIEW
Altrincham,Greater Manchester - South,4,Sale,Greater Manchester - South,2,2.8,HAVERSINE_STRAIGHT_LINE,15.0,PRESERVE_TRUE_JOB_LOCATION,REVIEW
Altrincham,Greater Manchester - South,4,Stretford,Greater Manchester - Manchester & Salford,1,4.5,HAVERSINE_STRAIGHT_LINE,15.0,PRESERVE_TRUE_JOB_LOCATION,REVIEW
Altrincham,Greater Manchester - South,4,Cheadle,Greater Manchester - South,1,5.5,HAVERSINE_STRAIGHT_LINE,15.0,PRESERVE_TRUE_JOB_LOCATION,REVIEW
Altrincham,Greater Manchester - South,4,Knutsford,Cheshire - East,2,5.9,HAVERSINE_STRAIGHT_LINE,15.0,PRESERVE_TRUE_JOB_LOCATION,REVIEW
Altrincham,Greater Manchester - South,4,Wilmslow,Cheshire - East,1,6.3,HAVERSINE_STRAIGHT_LINE,15.0,PRESERVE_TRUE_JOB_LOCATION,REVIEW
Altrincham,Greater Manchester - South,4,Salford,Greater Manchester - Manchester & Salford,5,7.3,HAVERSINE_STRAIGHT_LINE,15.0,PRESERVE_TRUE_JOB_LOCATION,REVIEW
Altrincham,Greater Manchester - South,4,Manchester,Greater Manchester - Manchester & Salford,55,7.9,HAVERSINE_STRAIGHT_LINE,15.0,PRESERVE_TRUE_JOB_LOCATION,REVIEW
Altrincham,Greater Manchester - South,4,Stockport,Greater Manchester - South,2,8.0,HAVERSINE_STRAIGHT_LINE,15.0,PRESERVE_TRUE_JOB_LOCATION,REVIEW
Altrincham,Greater Manchester - South,4,Warrington,Cheshire - Warrington & Halton,3,9.6,HAVERSINE_STRAIGHT_LINE,15.0,PRESERVE_TRUE_JOB_LOCATION,REVIEW
Altrincham,Greater Manchester - South,4,Northwich,Cheshire - West,1,11.4,HAVERSINE_STRAIGHT_LINE,15.0,PRESERVE_TRUE_JOB_LOCATION,REVIEW
Altrincham,Greater Manchester - South,4,Ashton-under-lyne,Greater Manchester - South,2,12.4,HAVERSINE_STRAIGHT_LINE,15.0,PRESERVE_TRUE_JOB_LOCATION,REVIEW
Altrincham,Greater Manchester - South,4,Macclesfield,Cheshire - East,3,12.7,HAVERSINE_STRAIGHT_LINE,15.0,PRESERVE_TRUE_JOB_LOCATION,REVIEW
Altrincham,Greater Manchester - South,4,Bolton,Greater Manchester - Wigan & Bolton,7,14.0,HAVERSINE_STRAIGHT_LINE,15.0,PRESERVE_TRUE_JOB_LOCATION,REVIEW
Amersham,Buckinghamshire,1,Chesham,Buckinghamshire,1,2.4,HAVERSINE_STRAIGHT_LINE,15.0,PRESERVE_TRUE_JOB_LOCATION,REVIEW
Amersham,Buckinghamshire,1,High Wycombe,Buckinghamshire,6,6.3,HAVERSINE_STRAIGHT_LINE,15.0,PRESERVE_TRUE_JOB_LOCATION,REVIEW
Amersham,Buckinghamshire,1,Berkhamsted,Hertfordshire,1,6.8,HAVERSINE_STRAIGHT_LINE,15.0,PRESERVE_TRUE_JOB_LOCATION,REVIEW
Amersham,Buckinghamshire,1,Kings Langley,Hertfordshire,1,7.8,HAVERSINE_STRAIGHT_LINE,15.0,PRESERVE_TRUE_JOB_LOCATION,REVIEW
Amersham,Buckinghamshire,1,Hemel Hempstead,Hertfordshire,4,9.3,HAVERSINE_STRAIGHT_LINE,15.0,PRESERVE_TRUE_JOB_LOCATION,REVIEW
Amersham,Buckinghamshire,1,Marlow,Buckinghamshire,1,9.5,HAVERSINE_STRAIGHT_LINE,15.0,PRESERVE_TRUE_JOB_LOCATION,REVIEW
Amersham,Buckinghamshire,1,Watford,Hertfordshire,2,9.5,HAVERSINE_STRAIGHT_LINE,15.0,PRESERVE_TRUE_JOB_LOCATION,REVIEW
Amersham,Buckinghamshire,1,Uxbridge,London,3,10.0,HAVERSINE_STRAIGHT_LINE,15.0,PRESERVE_TRUE_JOB_LOCATION,REVIEW
Amersham,Buckinghamshire,1,Maidenhead,Berkshire,1,10.9,HAVERSINE_STRAIGHT_LINE,15.0,PRESERVE_TRUE_JOB_LOCATION,REVIEW
Amersham,Buckinghamshire,1,Slough,Berkshire,2,10.9,HAVERSINE_STRAIGHT_LINE,15.0,PRESERVE_TRUE_JOB_LOCATION,REVIEW
Amersham,Buckinghamshire,1,Bushey,London,1,11.1,HAVERSINE_STRAIGHT_LINE,15.0,PRESERVE_TRUE_JOB_LOCATION,REVIEW
Amersham,Buckinghamshire,1,Windsor,Berkshire,1,12.7,HAVERSINE_STRAIGHT_LINE,15.0,PRESERVE_TRUE_JOB_LOCATION,REVIEW
Amersham,Buckinghamshire,1,Aylesbury,Buckinghamshire,3,13.4,HAVERSINE_STRAIGHT_LINE,15.0,PRESERVE_TRUE_JOB_LOCATION,REVIEW
Amersham,Buckinghamshire,1,St. Albans,Hertfordshire,1,13.4,HAVERSINE_STRAIGHT_LINE,15.0,PRESERVE_TRUE_JOB_LOCATION,REVIEW
Amersham,Buckinghamshire,1,Harrow,London,3,13.6,HAVERSINE_STRAIGHT_LINE,15.0,PRESERVE_TRUE_JOB_LOCATION,REVIEW
Amersham,Buckinghamshire,1,Borehamwood,London,3,14.6,HAVERSINE_STRAIGHT_LINE,15.0,PRESERVE_TRUE_JOB_LOCATION,REVIEW
Ashton-under-lyne,Greater Manchester - South,2,Manchester,Greater Manchester - Manchester & Salford,55,5.7,HAVERSINE_STRAIGHT_LINE,15.0,PRESERVE_TRUE_JOB_LOCATION,REVIEW
Ashton-under-lyne,Greater Manchester - South,2,Stockport,Greater Manchester - South,2,6.0,HAVERSINE_STRAIGHT_LINE,15.0,PRESERVE_TRUE_JOB_LOCATION,REVIEW
Ashton-under-lyne,Greater Manchester - South,2,Cheadle,Greater Manchester - South,1,7.8,HAVERSINE_STRAIGHT_LINE,15.0,PRESERVE_TRUE_JOB_LOCATION,REVIEW
Ashton-under-lyne,Greater Manchester - South,2,Salford,Greater Manchester - Manchester & Salford,5,7.9,HAVERSINE_STRAIGHT_LINE,15.0,PRESERVE_TRUE_JOB_LOCATION,REVIEW
Ashton-under-lyne,Greater Manchester - South,2,Stretford,Greater Manchester - Manchester & Salford,1,9.3,HAVERSINE_STRAIGHT_LINE,15.0,PRESERVE_TRUE_JOB_LOCATION,REVIEW
Ashton-under-lyne,Greater Manchester - South,2,Sale,Greater Manchester - South,2,10.3,HAVERSINE_STRAIGHT_LINE,15.0,PRESERVE_TRUE_JOB_LOCATION,REVIEW
Ashton-under-lyne,Greater Manchester - South,2,Altrincham,Greater Manchester - South,4,12.4,HAVERSINE_STRAIGHT_LINE,15.0,PRESERVE_TRUE_JOB_LOCATION,REVIEW
Ashton-under-lyne,Greater Manchester - South,2,Wilmslow,Cheshire - East,1,12.4,HAVERSINE_STRAIGHT_LINE,15.0,PRESERVE_TRUE_JOB_LOCATION,REVIEW
Aylesbury,Buckinghamshire,3,Thame,Oxfordshire,1,8.4,HAVERSINE_STRAIGHT_LINE,15.0,PRESERVE_TRUE_JOB_LOCATION,REVIEW
Aylesbury,Buckinghamshire,3,Berkhamsted,Hertfordshire,1,11.3,HAVERSINE_STRAIGHT_LINE,15.0,PRESERVE_TRUE_JOB_LOCATION,REVIEW
Aylesbury,Buckinghamshire,3,Chesham,Buckinghamshire,1,12.2,HAVERSINE_STRAIGHT_LINE,15.0,PRESERVE_TRUE_JOB_LOCATION,REVIEW
Aylesbury,Buckinghamshire,3,High Wycombe,Buckinghamshire,6,13.3,HAVERSINE_STRAIGHT_LINE,15.0,PRESERVE_TRUE_JOB_LOCATION,REVIEW
Aylesbury,Buckinghamshire,3,Amersham,Buckinghamshire,1,13.4,HAVERSINE_STRAIGHT_LINE,15.0,PRESERVE_TRUE_JOB_LOCATION,REVIEW
Aylesbury,Buckinghamshire,3,Buckingham,Buckinghamshire,1,14.6,HAVERSINE_STRAIGHT_LINE,15.0,PRESERVE_TRUE_JOB_LOCATION,REVIEW
Ballyclare,Northern Ireland - East,1,Newtownabbey,Northern Ireland - East,2,7.3,HAVERSINE_STRAIGHT_LINE,15.0,PRESERVE_TRUE_JOB_LOCATION,REVIEW
Ballyclare,Northern Ireland - East,1,Belfast,Northern Ireland - East,29,11.0,HAVERSINE_STRAIGHT_LINE,15.0,PRESERVE_TRUE_JOB_LOCATION,REVIEW
Ballyclare,Northern Ireland - East,1,Ballymena,Northern Ireland - East,1,13.5,HAVERSINE_STRAIGHT_LINE,15.0,PRESERVE_TRUE_JOB_LOCATION,REVIEW
Ballymena,Northern Ireland - East,1,Ballyclare,Northern Ireland - East,1,13.5,HAVERSINE_STRAIGHT_LINE,15.0,PRESERVE_TRUE_JOB_LOCATION,REVIEW
Barnet,London,1,Potters Bar,Hertfordshire,1,3.1,HAVERSINE_STRAIGHT_LINE,15.0,PRESERVE_TRUE_JOB_LOCATION,REVIEW
Barnet,London,1,Borehamwood,London,3,3.3,HAVERSINE_STRAIGHT_LINE,15.0,PRESERVE_TRUE_JOB_LOCATION,REVIEW
Barnet,London,1,Enfield,London,1,5.0,HAVERSINE_STRAIGHT_LINE,15.0,PRESERVE_TRUE_JOB_LOCATION,REVIEW
Barnet,London,1,Bushey,London,1,6.9,HAVERSINE_STRAIGHT_LINE,15.0,PRESERVE_TRUE_JOB_LOCATION,REVIEW
Barnet,London,1,Harrow,London,3,7.5,HAVERSINE_STRAIGHT_LINE,15.0,PRESERVE_TRUE_JOB_LOCATION,REVIEW
Barnet,London,1,Watford,Hertfordshire,2,8.4,HAVERSINE_STRAIGHT_LINE,15.0,PRESERVE_TRUE_JOB_LOCATION,REVIEW
Barnet,London,1,Middlesex,London,6,8.7,HAVERSINE_STRAIGHT_LINE,15.0,PRESERVE_TRUE_JOB_LOCATION,REVIEW
Barnet,London,1,Islington,London,1,8.9,HAVERSINE_STRAIGHT_LINE,15.0,PRESERVE_TRUE_JOB_LOCATION,REVIEW
Barnet,London,1,St. Albans,Hertfordshire,1,9.0,HAVERSINE_STRAIGHT_LINE,15.0,PRESERVE_TRUE_JOB_LOCATION,REVIEW
Barnet,London,1,London,London,220,10.3,HAVERSINE_STRAIGHT_LINE,15.0,PRESERVE_TRUE_JOB_LOCATION,REVIEW
Barnet,London,1,Knightsbridge,London,1,10.4,HAVERSINE_STRAIGHT_LINE,15.0,PRESERVE_TRUE_JOB_LOCATION,REVIEW
Barnet,London,1,Welwyn Garden City,Hertfordshire,1,10.5,HAVERSINE_STRAIGHT_LINE,15.0,PRESERVE_TRUE_JOB_LOCATION,REVIEW
Barnet,London,1,Lambeth,London,1,11.3,HAVERSINE_STRAIGHT_LINE,15.0,PRESERVE_TRUE_JOB_LOCATION,REVIEW
Barnet,London,1,Kings Langley,Hertfordshire,1,11.6,HAVERSINE_STRAIGHT_LINE,15.0,PRESERVE_TRUE_JOB_LOCATION,REVIEW
Barnet,London,1,Brentford,London,2,12.2,HAVERSINE_STRAIGHT_LINE,15.0,PRESERVE_TRUE_JOB_LOCATION,REVIEW
Barnet,London,1,Southall,London,1,12.2,HAVERSINE_STRAIGHT_LINE,15.0,PRESERVE_TRUE_JOB_LOCATION,REVIEW
Barnet,London,1,Hemel Hempstead,Hertfordshire,4,12.9,HAVERSINE_STRAIGHT_LINE,15.0,PRESERVE_TRUE_JOB_LOCATION,REVIEW
Barnet,London,1,Ilford,London,1,13.3,HAVERSINE_STRAIGHT_LINE,15.0,PRESERVE_TRUE_JOB_LOCATION,REVIEW
Barnet,London,1,Wandsworth,London,4,13.3,HAVERSINE_STRAIGHT_LINE,15.0,PRESERVE_TRUE_JOB_LOCATION,REVIEW
Barnet,London,1,Isleworth,London,3,13.5,HAVERSINE_STRAIGHT_LINE,15.0,PRESERVE_TRUE_JOB_LOCATION,REVIEW
Barnet,London,1,Uxbridge,London,3,14.0,HAVERSINE_STRAIGHT_LINE,15.0,PRESERVE_TRUE_JOB_LOCATION,REVIEW
Barry,Wales South - Cardiff & Vale,1,Cardiff,Wales South - Cardiff & Vale,9,7.1,HAVERSINE_STRAIGHT_LINE,15.0,PRESERVE_TRUE_JOB_LOCATION,REVIEW
Barry,Wales South - Cardiff & Vale,1,Weston-super-mare,Somerset,2,13.8,HAVERSINE_STRAIGHT_LINE,15.0,PRESERVE_TRUE_JOB_LOCATION,REVIEW
Barry,Wales South - Cardiff & Vale,1,Pontypridd,Wales South - Valleys,1,14.2,HAVERSINE_STRAIGHT_LINE,15.0,PRESERVE_TRUE_JOB_LOCATION,REVIEW
Basingstoke,Hampshire,1,Alton,Hampshire,1,9.2,HAVERSINE_STRAIGHT_LINE,15.0,PRESERVE_TRUE_JOB_LOCATION,REVIEW
Basingstoke,Hampshire,1,Thatcham,Berkshire,1,12.3,HAVERSINE_STRAIGHT_LINE,15.0,PRESERVE_TRUE_JOB_LOCATION,REVIEW
Basingstoke,Hampshire,1,Farnham,Surrey,1,12.8,HAVERSINE_STRAIGHT_LINE,15.0,PRESERVE_TRUE_JOB_LOCATION,REVIEW
Basingstoke,Hampshire,1,Aldershot,Hampshire,1,14.0,HAVERSINE_STRAIGHT_LINE,15.0,PRESERVE_TRUE_JOB_LOCATION,REVIEW
Basingstoke,Hampshire,1,Newbury,Berkshire,1,14.1,HAVERSINE_STRAIGHT_LINE,15.0,PRESERVE_TRUE_JOB_LOCATION,REVIEW
Basingstoke,Hampshire,1,Reading,Berkshire,7,14.3,HAVERSINE_STRAIGHT_LINE,15.0,PRESERVE_TRUE_JOB_LOCATION,REVIEW
Basingstoke,Hampshire,1,Wokingham,Berkshire,1,14.9,HAVERSINE_STRAIGHT_LINE,15.0,PRESERVE_TRUE_JOB_LOCATION,REVIEW
Bath,Bristol & Bath,2,Frome,Somerset,1,10.3,HAVERSINE_STRAIGHT_LINE,15.0,PRESERVE_TRUE_JOB_LOCATION,REVIEW
Bath,Bristol & Bath,2,Bristol,Bristol & Bath,33,11.5,HAVERSINE_STRAIGHT_LINE,15.0,PRESERVE_TRUE_JOB_LOCATION,REVIEW
Batley,Yorkshire - West,1,Dewsbury,Yorkshire - West,2,0.9,HAVERSINE_STRAIGHT_LINE,15.0,PRESERVE_TRUE_JOB_LOCATION,REVIEW
Batley,Yorkshire - West,1,Wakefield,Yorkshire - West,9,5.7,HAVERSINE_STRAIGHT_LINE,15.0,PRESERVE_TRUE_JOB_LOCATION,REVIEW
Batley,Yorkshire - West,1,Brighouse,Yorkshire - West,4,6.2,HAVERSINE_STRAIGHT_LINE,15.0,PRESERVE_TRUE_JOB_LOCATION,REVIEW
Batley,Yorkshire - West,1,Pudsey,Yorkshire - West,1,6.5,HAVERSINE_STRAIGHT_LINE,15.0,PRESERVE_TRUE_JOB_LOCATION,REVIEW
Batley,Yorkshire - West,1,Huddersfield,Yorkshire - West,2,7.2,HAVERSINE_STRAIGHT_LINE,15.0,PRESERVE_TRUE_JOB_LOCATION,REVIEW
Batley,Yorkshire - West,1,Leeds,Yorkshire - West,25,7.4,HAVERSINE_STRAIGHT_LINE,15.0,PRESERVE_TRUE_JOB_LOCATION,REVIEW
Batley,Yorkshire - West,1,Bradford,Yorkshire - West,11,7.9,HAVERSINE_STRAIGHT_LINE,15.0,PRESERVE_TRUE_JOB_LOCATION,REVIEW
Batley,Yorkshire - West,1,Normanton,Yorkshire - West,1,8.9,HAVERSINE_STRAIGHT_LINE,15.0,PRESERVE_TRUE_JOB_LOCATION,REVIEW
Batley,Yorkshire - West,1,Bingley,Yorkshire - West,1,13.1,HAVERSINE_STRAIGHT_LINE,15.0,PRESERVE_TRUE_JOB_LOCATION,REVIEW
Batley,Yorkshire - West,1,Otley,Yorkshire - West,1,14.2,HAVERSINE_STRAIGHT_LINE,15.0,PRESERVE_TRUE_JOB_LOCATION,REVIEW
Beckenham,London,1,Bromley,London,4,1.8,HAVERSINE_STRAIGHT_LINE,15.0,PRESERVE_TRUE_JOB_LOCATION,REVIEW
Beckenham,London,1,Croydon,London,3,3.7,HAVERSINE_STRAIGHT_LINE,15.0,PRESERVE_TRUE_JOB_LOCATION,REVIEW
Beckenham,London,1,Chislehurst,London,1,4.1,HAVERSINE_STRAIGHT_LINE,15.0,PRESERVE_TRUE_JOB_LOCATION,REVIEW
Beckenham,London,1,Sidcup,London,1,5.7,HAVERSINE_STRAIGHT_LINE,15.0,PRESERVE_TRUE_JOB_LOCATION,REVIEW
Beckenham,London,1,Carshalton,London,1,6.7,HAVERSINE_STRAIGHT_LINE,15.0,PRESERVE_TRUE_JOB_LOCATION,REVIEW
Beckenham,London,1,Lambeth,London,1,7.1,HAVERSINE_STRAIGHT_LINE,15.0,PRESERVE_TRUE_JOB_LOCATION,REVIEW
Beckenham,London,1,Morden,London,1,7.5,HAVERSINE_STRAIGHT_LINE,15.0,PRESERVE_TRUE_JOB_LOCATION,REVIEW
Beckenham,London,1,London,London,220,8.1,HAVERSINE_STRAIGHT_LINE,15.0,PRESERVE_TRUE_JOB_LOCATION,REVIEW
Beckenham,London,1,Sutton,London,2,8.6,HAVERSINE_STRAIGHT_LINE,15.0,PRESERVE_TRUE_JOB_LOCATION,REVIEW
Beckenham,London,1,Wandsworth,London,4,8.6,HAVERSINE_STRAIGHT_LINE,15.0,PRESERVE_TRUE_JOB_LOCATION,REVIEW
Beckenham,London,1,Knightsbridge,London,1,8.7,HAVERSINE_STRAIGHT_LINE,15.0,PRESERVE_TRUE_JOB_LOCATION,REVIEW
Beckenham,London,1,Islington,London,1,9.4,HAVERSINE_STRAIGHT_LINE,15.0,PRESERVE_TRUE_JOB_LOCATION,REVIEW
Beckenham,London,1,Oxted,Surrey,1,10.5,HAVERSINE_STRAIGHT_LINE,15.0,PRESERVE_TRUE_JOB_LOCATION,REVIEW
Beckenham,London,1,Dartford,Kent,1,10.6,HAVERSINE_STRAIGHT_LINE,15.0,PRESERVE_TRUE_JOB_LOCATION,REVIEW
Beckenham,London,1,Ilford,London,1,11.1,HAVERSINE_STRAIGHT_LINE,15.0,PRESERVE_TRUE_JOB_LOCATION,REVIEW
Beckenham,London,1,Kingston Upon Thames,London,1,11.7,HAVERSINE_STRAIGHT_LINE,15.0,PRESERVE_TRUE_JOB_LOCATION,REVIEW
Beckenham,London,1,Epsom,Surrey,3,11.9,HAVERSINE_STRAIGHT_LINE,15.0,PRESERVE_TRUE_JOB_LOCATION,REVIEW
Beckenham,London,1,Rainham,London,1,12.0,HAVERSINE_STRAIGHT_LINE,15.0,PRESERVE_TRUE_JOB_LOCATION,REVIEW
Beckenham,London,1,Tadworth,Surrey,1,12.2,HAVERSINE_STRAIGHT_LINE,15.0,PRESERVE_TRUE_JOB_LOCATION,REVIEW
Beckenham,London,1,Chessington,London,1,12.5,HAVERSINE_STRAIGHT_LINE,15.0,PRESERVE_TRUE_JOB_LOCATION,REVIEW
Beckenham,London,1,Dagenham,London,2,12.8,HAVERSINE_STRAIGHT_LINE,15.0,PRESERVE_TRUE_JOB_LOCATION,REVIEW
Beckenham,London,1,Redhill,Surrey,4,13.2,HAVERSINE_STRAIGHT_LINE,15.0,PRESERVE_TRUE_JOB_LOCATION,REVIEW
Beckenham,London,1,Sevenoaks,Kent,2,13.2,HAVERSINE_STRAIGHT_LINE,15.0,PRESERVE_TRUE_JOB_LOCATION,REVIEW
Beckenham,London,1,Brentford,London,2,13.3,HAVERSINE_STRAIGHT_LINE,15.0,PRESERVE_TRUE_JOB_LOCATION,REVIEW
Beckenham,London,1,Middlesex,London,6,13.5,HAVERSINE_STRAIGHT_LINE,15.0,PRESERVE_TRUE_JOB_LOCATION,REVIEW
Beckenham,London,1,Isleworth,London,3,14.4,HAVERSINE_STRAIGHT_LINE,15.0,PRESERVE_TRUE_JOB_LOCATION,REVIEW
Beckenham,London,1,Hornchurch,London,1,14.6,HAVERSINE_STRAIGHT_LINE,15.0,PRESERVE_TRUE_JOB_LOCATION,REVIEW
Bedford,Bedfordshire,2,Sandy,Bedfordshire,1,7.5,HAVERSINE_STRAIGHT_LINE,15.0,PRESERVE_TRUE_JOB_LOCATION,REVIEW
Bedford,Bedfordshire,2,St. Neots,Cambridgeshire,2,10.2,HAVERSINE_STRAIGHT_LINE,15.0,PRESERVE_TRUE_JOB_LOCATION,REVIEW
Bedford,Bedfordshire,2,Rushden,Northamptonshire,1,12.1,HAVERSINE_STRAIGHT_LINE,15.0,PRESERVE_TRUE_JOB_LOCATION,REVIEW
Bedford,Bedfordshire,2,Milton Keynes,Buckinghamshire,3,13.9,HAVERSINE_STRAIGHT_LINE,15.0,PRESERVE_TRUE_JOB_LOCATION,REVIEW
Belfast,Northern Ireland - East,29,Newtownabbey,Northern Ireland - East,2,4.4,HAVERSINE_STRAIGHT_LINE,15.0,PRESERVE_TRUE_JOB_LOCATION,REVIEW
Belfast,Northern Ireland - East,29,Lisburn,Northern Ireland - East,1,6.7,HAVERSINE_STRAIGHT_LINE,15.0,PRESERVE_TRUE_JOB_LOCATION,REVIEW
Belfast,Northern Ireland - East,29,Ballyclare,Northern Ireland - East,1,11.0,HAVERSINE_STRAIGHT_LINE,15.0,PRESERVE_TRUE_JOB_LOCATION,REVIEW
Berkhamsted,Hertfordshire,1,Chesham,Buckinghamshire,1,4.4,HAVERSINE_STRAIGHT_LINE,15.0,PRESERVE_TRUE_JOB_LOCATION,REVIEW
Berkhamsted,Hertfordshire,1,Hemel Hempstead,Hertfordshire,4,5.0,HAVERSINE_STRAIGHT_LINE,15.0,PRESERVE_TRUE_JOB_LOCATION,REVIEW
Berkhamsted,Hertfordshire,1,Kings Langley,Hertfordshire,1,5.9,HAVERSINE_STRAIGHT_LINE,15.0,PRESERVE_TRUE_JOB_LOCATION,REVIEW
Berkhamsted,Hertfordshire,1,Amersham,Buckinghamshire,1,6.8,HAVERSINE_STRAIGHT_LINE,15.0,PRESERVE_TRUE_JOB_LOCATION,REVIEW
Berkhamsted,Hertfordshire,1,St. Albans,Hertfordshire,1,9.9,HAVERSINE_STRAIGHT_LINE,15.0,PRESERVE_TRUE_JOB_LOCATION,REVIEW
Berkhamsted,Hertfordshire,1,Watford,Hertfordshire,2,10.3,HAVERSINE_STRAIGHT_LINE,15.0,PRESERVE_TRUE_JOB_LOCATION,REVIEW
Berkhamsted,Hertfordshire,1,Luton,Bedfordshire,1,10.4,HAVERSINE_STRAIGHT_LINE,15.0,PRESERVE_TRUE_JOB_LOCATION,REVIEW
Berkhamsted,Hertfordshire,1,Aylesbury,Buckinghamshire,3,11.3,HAVERSINE_STRAIGHT_LINE,15.0,PRESERVE_TRUE_JOB_LOCATION,REVIEW
Berkhamsted,Hertfordshire,1,Bushey,London,1,11.9,HAVERSINE_STRAIGHT_LINE,15.0,PRESERVE_TRUE_JOB_LOCATION,REVIEW
Berkhamsted,Hertfordshire,1,High Wycombe,Buckinghamshire,6,12.0,HAVERSINE_STRAIGHT_LINE,15.0,PRESERVE_TRUE_JOB_LOCATION,REVIEW
Berkhamsted,Hertfordshire,1,Borehamwood,London,3,14.3,HAVERSINE_STRAIGHT_LINE,15.0,PRESERVE_TRUE_JOB_LOCATION,REVIEW
Bicester,Oxfordshire,1,Buckingham,Buckinghamshire,1,9.9,HAVERSINE_STRAIGHT_LINE,15.0,PRESERVE_TRUE_JOB_LOCATION,REVIEW
Bicester,Oxfordshire,1,Oxford,Oxfordshire,10,11.1,HAVERSINE_STRAIGHT_LINE,15.0,PRESERVE_TRUE_JOB_LOCATION,REVIEW
Bicester,Oxfordshire,1,Thame,Oxfordshire,1,12.9,HAVERSINE_STRAIGHT_LINE,15.0,PRESERVE_TRUE_JOB_LOCATION,REVIEW
Bingley,Yorkshire - West,1,Keighley,Yorkshire - West,1,3.1,HAVERSINE_STRAIGHT_LINE,15.0,PRESERVE_TRUE_JOB_LOCATION,REVIEW
Bingley,Yorkshire - West,1,Bradford,Yorkshire - West,11,5.2,HAVERSINE_STRAIGHT_LINE,15.0,PRESERVE_TRUE_JOB_LOCATION,REVIEW
Bingley,Yorkshire - West,1,Otley,Yorkshire - West,1,7.1,HAVERSINE_STRAIGHT_LINE,15.0,PRESERVE_TRUE_JOB_LOCATION,REVIEW
Bingley,Yorkshire - West,1,Pudsey,Yorkshire - West,1,8.1,HAVERSINE_STRAIGHT_LINE,15.0,PRESERVE_TRUE_JOB_LOCATION,REVIEW
Bingley,Yorkshire - West,1,Brighouse,Yorkshire - West,4,10.3,HAVERSINE_STRAIGHT_LINE,15.0,PRESERVE_TRUE_JOB_LOCATION,REVIEW
Bingley,Yorkshire - West,1,Leeds,Yorkshire - West,25,12.4,HAVERSINE_STRAIGHT_LINE,15.0,PRESERVE_TRUE_JOB_LOCATION,REVIEW
Bingley,Yorkshire - West,1,Batley,Yorkshire - West,1,13.1,HAVERSINE_STRAIGHT_LINE,15.0,PRESERVE_TRUE_JOB_LOCATION,REVIEW
Bingley,Yorkshire - West,1,Dewsbury,Yorkshire - West,2,13.9,HAVERSINE_STRAIGHT_LINE,15.0,PRESERVE_TRUE_JOB_LOCATION,REVIEW
Bingley,Yorkshire - West,1,Huddersfield,Yorkshire - West,2,14.0,HAVERSINE_STRAIGHT_LINE,15.0,PRESERVE_TRUE_JOB_LOCATION,REVIEW
Birmingham,West Midlands - Birmingham & Solihull,31,Chelmsley Wood,West Midlands - Birmingham & Solihull,2,6.8,HAVERSINE_STRAIGHT_LINE,15.0,PRESERVE_TRUE_JOB_LOCATION,REVIEW
Birmingham,West Midlands - Birmingham & Solihull,31,Solihull,West Midlands - Birmingham & Solihull,3,6.8,HAVERSINE_STRAIGHT_LINE,15.0,PRESERVE_TRUE_JOB_LOCATION,REVIEW
Birmingham,West Midlands - Birmingham & Solihull,31,Dudley,West Midlands - Black Country,1,7.8,HAVERSINE_STRAIGHT_LINE,15.0,PRESERVE_TRUE_JOB_LOCATION,REVIEW
Birmingham,West Midlands - Birmingham & Solihull,31,Tipton,West Midlands - Black Country,2,7.8,HAVERSINE_STRAIGHT_LINE,15.0,PRESERVE_TRUE_JOB_LOCATION,REVIEW
Birmingham,West Midlands - Birmingham & Solihull,31,Walsall,West Midlands - Black Country,1,8.0,HAVERSINE_STRAIGHT_LINE,15.0,PRESERVE_TRUE_JOB_LOCATION,REVIEW
Birmingham,West Midlands - Birmingham & Solihull,31,Knowle,West Midlands - Birmingham & Solihull,1,9.8,HAVERSINE_STRAIGHT_LINE,15.0,PRESERVE_TRUE_JOB_LOCATION,REVIEW
Birmingham,West Midlands - Birmingham & Solihull,31,Wolverhampton,West Midlands - Black Country,3,11.8,HAVERSINE_STRAIGHT_LINE,15.0,PRESERVE_TRUE_JOB_LOCATION,REVIEW
Birmingham,West Midlands - Birmingham & Solihull,31,Tamworth,Staffordshire,1,13.6,HAVERSINE_STRAIGHT_LINE,15.0,PRESERVE_TRUE_JOB_LOCATION,REVIEW
Birmingham,West Midlands - Birmingham & Solihull,31,Lichfield,Staffordshire,2,14.2,HAVERSINE_STRAIGHT_LINE,15.0,PRESERVE_TRUE_JOB_LOCATION,REVIEW
Bishop Auckland,North East - County Durham & Darlington/Hartlepool,1,Spennymoor,North East - County Durham & Darlington/Hartlepool,1,4.2,HAVERSINE_STRAIGHT_LINE,15.0,PRESERVE_TRUE_JOB_LOCATION,REVIEW
Bishop Auckland,North East - County Durham & Darlington/Hartlepool,1,Meadowfield,North East - County Durham & Darlington/Hartlepool,1,7.2,HAVERSINE_STRAIGHT_LINE,15.0,PRESERVE_TRUE_JOB_LOCATION,REVIEW
Bishop Auckland,North East - County Durham & Darlington/Hartlepool,1,Durham,North East - County Durham & Darlington/Hartlepool,6,9.3,HAVERSINE_STRAIGHT_LINE,15.0,PRESERVE_TRUE_JOB_LOCATION,REVIEW
Bishop Auckland,North East - County Durham & Darlington/Hartlepool,1,Darlington,North East - County Durham & Darlington/Hartlepool,4,10.4,HAVERSINE_STRAIGHT_LINE,15.0,PRESERVE_TRUE_JOB_LOCATION,REVIEW
Bishop Auckland,North East - County Durham & Darlington/Hartlepool,1,Chester Le Street,North East - County Durham & Darlington/Hartlepool,4,14.6,HAVERSINE_STRAIGHT_LINE,15.0,PRESERVE_TRUE_JOB_LOCATION,REVIEW
Bishop Auckland,North East - County Durham & Darlington/Hartlepool,1,Stanley,North East - County Durham & Darlington/Hartlepool,1,14.7,HAVERSINE_STRAIGHT_LINE,15.0,PRESERVE_TRUE_JOB_LOCATION,REVIEW
Bishop's Stortford,Hertfordshire,1,Harlow,Essex,1,6.8,HAVERSINE_STRAIGHT_LINE,15.0,PRESERVE_TRUE_JOB_LOCATION,REVIEW
Bishop's Stortford,Hertfordshire,1,Royston,Hertfordshire,1,14.5,HAVERSINE_STRAIGHT_LINE,15.0,PRESERVE_TRUE_JOB_LOCATION,REVIEW
Blyth,"North East - Tyneside, Wearside & Northumberland",1,Cramlington,"North East - Tyneside, Wearside & Northumberland",1,4.1,HAVERSINE_STRAIGHT_LINE,15.0,PRESERVE_TRUE_JOB_LOCATION,REVIEW
Blyth,"North East - Tyneside, Wearside & Northumberland",1,Hebburn,"North East - Tyneside, Wearside & Northumberland",2,10.6,HAVERSINE_STRAIGHT_LINE,15.0,PRESERVE_TRUE_JOB_LOCATION,REVIEW
Blyth,"North East - Tyneside, Wearside & Northumberland",1,Newcastle Upon Tyne,"North East - Tyneside, Wearside & Northumberland",43,11.4,HAVERSINE_STRAIGHT_LINE,15.0,PRESERVE_TRUE_JOB_LOCATION,REVIEW
Blyth,"North East - Tyneside, Wearside & Northumberland",1,Gateshead,"North East - Tyneside, Wearside & Northumberland",6,12.0,HAVERSINE_STRAIGHT_LINE,15.0,PRESERVE_TRUE_JOB_LOCATION,REVIEW
Blyth,"North East - Tyneside, Wearside & Northumberland",1,Ryton,"North East - Tyneside, Wearside & Northumberland",1,14.6,HAVERSINE_STRAIGHT_LINE,15.0,PRESERVE_TRUE_JOB_LOCATION,REVIEW
Bognor Regis,Sussex,1,Chichester,Sussex,1,5.8,HAVERSINE_STRAIGHT_LINE,15.0,PRESERVE_TRUE_JOB_LOCATION,REVIEW
Bognor Regis,Sussex,1,Worthing,Sussex,1,13.5,HAVERSINE_STRAIGHT_LINE,15.0,PRESERVE_TRUE_JOB_LOCATION,REVIEW
Bognor Regis,Sussex,1,Havant,Hampshire,1,14.3,HAVERSINE_STRAIGHT_LINE,15.0,PRESERVE_TRUE_JOB_LOCATION,REVIEW
Bolton,Greater Manchester - Wigan & Bolton,7,Salford,Greater Manchester - Manchester & Salford,5,8.8,HAVERSINE_STRAIGHT_LINE,15.0,PRESERVE_TRUE_JOB_LOCATION,REVIEW
Bolton,Greater Manchester - Wigan & Bolton,7,Stretford,Greater Manchester - Manchester & Salford,1,10.4,HAVERSINE_STRAIGHT_LINE,15.0,PRESERVE_TRUE_JOB_LOCATION,REVIEW
Bolton,Greater Manchester - Wigan & Bolton,7,Manchester,Greater Manchester - Manchester & Salford,55,10.7,HAVERSINE_STRAIGHT_LINE,15.0,PRESERVE_TRUE_JOB_LOCATION,REVIEW
Bolton,Greater Manchester - Wigan & Bolton,7,Sale,Greater Manchester - South,2,11.8,HAVERSINE_STRAIGHT_LINE,15.0,PRESERVE_TRUE_JOB_LOCATION,REVIEW
Bolton,Greater Manchester - Wigan & Bolton,7,Altrincham,Greater Manchester - South,4,14.0,HAVERSINE_STRAIGHT_LINE,15.0,PRESERVE_TRUE_JOB_LOCATION,REVIEW
Bolton,Greater Manchester - Wigan & Bolton,7,Warrington,Cheshire - Warrington & Halton,3,14.5,HAVERSINE_STRAIGHT_LINE,15.0,PRESERVE_TRUE_JOB_LOCATION,REVIEW
Borehamwood,London,3,Barnet,London,1,3.3,HAVERSINE_STRAIGHT_LINE,15.0,PRESERVE_TRUE_JOB_LOCATION,REVIEW
Borehamwood,London,3,Bushey,London,1,3.6,HAVERSINE_STRAIGHT_LINE,15.0,PRESERVE_TRUE_JOB_LOCATION,REVIEW
Borehamwood,London,3,Potters Bar,Hertfordshire,1,5.0,HAVERSINE_STRAIGHT_LINE,15.0,PRESERVE_TRUE_JOB_LOCATION,REVIEW
Borehamwood,London,3,Watford,Hertfordshire,2,5.1,HAVERSINE_STRAIGHT_LINE,15.0,PRESERVE_TRUE_JOB_LOCATION,REVIEW
Borehamwood,London,3,Harrow,London,3,5.8,HAVERSINE_STRAIGHT_LINE,15.0,PRESERVE_TRUE_JOB_LOCATION,REVIEW
Borehamwood,London,3,St. Albans,Hertfordshire,1,7.0,HAVERSINE_STRAIGHT_LINE,15.0,PRESERVE_TRUE_JOB_LOCATION,REVIEW
Borehamwood,London,3,Enfield,London,1,8.3,HAVERSINE_STRAIGHT_LINE,15.0,PRESERVE_TRUE_JOB_LOCATION,REVIEW
Borehamwood,London,3,Kings Langley,Hertfordshire,1,8.5,HAVERSINE_STRAIGHT_LINE,15.0,PRESERVE_TRUE_JOB_LOCATION,REVIEW
Borehamwood,London,3,Middlesex,London,6,8.5,HAVERSINE_STRAIGHT_LINE,15.0,PRESERVE_TRUE_JOB_LOCATION,REVIEW
Borehamwood,London,3,Hemel Hempstead,Hertfordshire,4,10.1,HAVERSINE_STRAIGHT_LINE,15.0,PRESERVE_TRUE_JOB_LOCATION,REVIEW
Borehamwood,London,3,Welwyn Garden City,Hertfordshire,1,10.6,HAVERSINE_STRAIGHT_LINE,15.0,PRESERVE_TRUE_JOB_LOCATION,REVIEW
Borehamwood,London,3,Southall,London,1,10.8,HAVERSINE_STRAIGHT_LINE,15.0,PRESERVE_TRUE_JOB_LOCATION,REVIEW
Borehamwood,London,3,Islington,London,1,11.1,HAVERSINE_STRAIGHT_LINE,15.0,PRESERVE_TRUE_JOB_LOCATION,REVIEW
Borehamwood,London,3,Uxbridge,London,3,11.4,HAVERSINE_STRAIGHT_LINE,15.0,PRESERVE_TRUE_JOB_LOCATION,REVIEW
Borehamwood,London,3,Brentford,London,2,11.7,HAVERSINE_STRAIGHT_LINE,15.0,PRESERVE_TRUE_JOB_LOCATION,REVIEW
Borehamwood,London,3,Knightsbridge,London,1,11.7,HAVERSINE_STRAIGHT_LINE,15.0,PRESERVE_TRUE_JOB_LOCATION,REVIEW
Borehamwood,London,3,London,London,220,12.0,HAVERSINE_STRAIGHT_LINE,15.0,PRESERVE_TRUE_JOB_LOCATION,REVIEW
Borehamwood,London,3,Isleworth,London,3,12.7,HAVERSINE_STRAIGHT_LINE,15.0,PRESERVE_TRUE_JOB_LOCATION,REVIEW
Borehamwood,London,3,Lambeth,London,1,13.1,HAVERSINE_STRAIGHT_LINE,15.0,PRESERVE_TRUE_JOB_LOCATION,REVIEW
Borehamwood,London,3,Wandsworth,London,4,13.9,HAVERSINE_STRAIGHT_LINE,15.0,PRESERVE_TRUE_JOB_LOCATION,REVIEW
Borehamwood,London,3,Chesham,Buckinghamshire,1,14.2,HAVERSINE_STRAIGHT_LINE,15.0,PRESERVE_TRUE_JOB_LOCATION,REVIEW
Borehamwood,London,3,Berkhamsted,Hertfordshire,1,14.3,HAVERSINE_STRAIGHT_LINE,15.0,PRESERVE_TRUE_JOB_LOCATION,REVIEW
Borehamwood,London,3,Amersham,Buckinghamshire,1,14.6,HAVERSINE_STRAIGHT_LINE,15.0,PRESERVE_TRUE_JOB_LOCATION,REVIEW
Boston,Lincolnshire,1,Spalding,Lincolnshire,1,14.1,HAVERSINE_STRAIGHT_LINE,15.0,PRESERVE_TRUE_JOB_LOCATION,REVIEW
Bournemouth,Dorset,1,Poole,Dorset,1,4.6,HAVERSINE_STRAIGHT_LINE,15.0,PRESERVE_TRUE_JOB_LOCATION,REVIEW
Bournemouth,Dorset,1,Ringwood,Hampshire,3,9.5,HAVERSINE_STRAIGHT_LINE,15.0,PRESERVE_TRUE_JOB_LOCATION,REVIEW
Bracknell,Berkshire,4,Wokingham,Berkshire,1,3.7,HAVERSINE_STRAIGHT_LINE,15.0,PRESERVE_TRUE_JOB_LOCATION,REVIEW
Bracknell,Berkshire,4,Maidenhead,Berkshire,1,7.7,HAVERSINE_STRAIGHT_LINE,15.0,PRESERVE_TRUE_JOB_LOCATION,REVIEW
Bracknell,Berkshire,4,Windsor,Berkshire,1,8.1,HAVERSINE_STRAIGHT_LINE,15.0,PRESERVE_TRUE_JOB_LOCATION,REVIEW
Bracknell,Berkshire,4,Slough,Berkshire,2,9.4,HAVERSINE_STRAIGHT_LINE,15.0,PRESERVE_TRUE_JOB_LOCATION,REVIEW
Bracknell,Berkshire,4,Reading,Berkshire,7,9.9,HAVERSINE_STRAIGHT_LINE,15.0,PRESERVE_TRUE_JOB_LOCATION,REVIEW
Bracknell,Berkshire,4,Henley-on-thames,Oxfordshire,1,10.5,HAVERSINE_STRAIGHT_LINE,15.0,PRESERVE_TRUE_JOB_LOCATION,REVIEW
Bracknell,Berkshire,4,Chertsey,Surrey,1,10.6,HAVERSINE_STRAIGHT_LINE,15.0,PRESERVE_TRUE_JOB_LOCATION,REVIEW
Bracknell,Berkshire,4,Staines,Surrey,2,10.6,HAVERSINE_STRAIGHT_LINE,15.0,PRESERVE_TRUE_JOB_LOCATION,REVIEW
Bracknell,Berkshire,4,Marlow,Buckinghamshire,1,10.8,HAVERSINE_STRAIGHT_LINE,15.0,PRESERVE_TRUE_JOB_LOCATION,REVIEW
Bracknell,Berkshire,4,Aldershot,Hampshire,1,11.4,HAVERSINE_STRAIGHT_LINE,15.0,PRESERVE_TRUE_JOB_LOCATION,REVIEW
Bracknell,Berkshire,4,Shepperton,Surrey,1,13.1,HAVERSINE_STRAIGHT_LINE,15.0,PRESERVE_TRUE_JOB_LOCATION,REVIEW
Bracknell,Berkshire,4,Farnham,Surrey,1,13.9,HAVERSINE_STRAIGHT_LINE,15.0,PRESERVE_TRUE_JOB_LOCATION,REVIEW
Bracknell,Berkshire,4,Guildford,Surrey,1,14.5,HAVERSINE_STRAIGHT_LINE,15.0,PRESERVE_TRUE_JOB_LOCATION,REVIEW
Bracknell,Berkshire,4,Walton-on-thames,Surrey,1,14.7,HAVERSINE_STRAIGHT_LINE,15.0,PRESERVE_TRUE_JOB_LOCATION,REVIEW
Bracknell,Berkshire,4,High Wycombe,Buckinghamshire,6,14.9,HAVERSINE_STRAIGHT_LINE,15.0,PRESERVE_TRUE_JOB_LOCATION,REVIEW
Bracknell,Berkshire,4,Uxbridge,London,3,14.9,HAVERSINE_STRAIGHT_LINE,15.0,PRESERVE_TRUE_JOB_LOCATION,REVIEW
Bradford,Yorkshire - West,11,Pudsey,Yorkshire - West,1,3.7,HAVERSINE_STRAIGHT_LINE,15.0,PRESERVE_TRUE_JOB_LOCATION,REVIEW
Bradford,Yorkshire - West,11,Bingley,Yorkshire - West,1,5.2,HAVERSINE_STRAIGHT_LINE,15.0,PRESERVE_TRUE_JOB_LOCATION,REVIEW
Bradford,Yorkshire - West,11,Brighouse,Yorkshire - West,4,6.4,HAVERSINE_STRAIGHT_LINE,15.0,PRESERVE_TRUE_JOB_LOCATION,REVIEW
Bradford,Yorkshire - West,11,Batley,Yorkshire - West,1,7.9,HAVERSINE_STRAIGHT_LINE,15.0,PRESERVE_TRUE_JOB_LOCATION,REVIEW
Bradford,Yorkshire - West,11,Keighley,Yorkshire - West,1,8.1,HAVERSINE_STRAIGHT_LINE,15.0,PRESERVE_TRUE_JOB_LOCATION,REVIEW
Bradford,Yorkshire - West,11,Otley,Yorkshire - West,1,8.1,HAVERSINE_STRAIGHT_LINE,15.0,PRESERVE_TRUE_JOB_LOCATION,REVIEW
Bradford,Yorkshire - West,11,Leeds,Yorkshire - West,25,8.3,HAVERSINE_STRAIGHT_LINE,15.0,PRESERVE_TRUE_JOB_LOCATION,REVIEW
Bradford,Yorkshire - West,11,Dewsbury,Yorkshire - West,2,8.7,HAVERSINE_STRAIGHT_LINE,15.0,PRESERVE_TRUE_JOB_LOCATION,REVIEW
Bradford,Yorkshire - West,11,Huddersfield,Yorkshire - West,2,10.1,HAVERSINE_STRAIGHT_LINE,15.0,PRESERVE_TRUE_JOB_LOCATION,REVIEW
Bradford,Yorkshire - West,11,Wakefield,Yorkshire - West,9,12.9,HAVERSINE_STRAIGHT_LINE,15.0,PRESERVE_TRUE_JOB_LOCATION,REVIEW
Brentford,London,2,Isleworth,London,3,1.7,HAVERSINE_STRAIGHT_LINE,15.0,PRESERVE_TRUE_JOB_LOCATION,REVIEW
Brentford,London,2,Southall,London,1,3.1,HAVERSINE_STRAIGHT_LINE,15.0,PRESERVE_TRUE_JOB_LOCATION,REVIEW
Brentford,London,2,Middlesex,London,6,3.6,HAVERSINE_STRAIGHT_LINE,15.0,PRESERVE_TRUE_JOB_LOCATION,REVIEW
Brentford,London,2,Wandsworth,London,4,4.8,HAVERSINE_STRAIGHT_LINE,15.0,PRESERVE_TRUE_JOB_LOCATION,REVIEW
Brentford,London,2,Kingston Upon Thames,London,1,5.1,HAVERSINE_STRAIGHT_LINE,15.0,PRESERVE_TRUE_JOB_LOCATION,REVIEW
Brentford,London,2,Harrow,London,3,6.4,HAVERSINE_STRAIGHT_LINE,15.0,PRESERVE_TRUE_JOB_LOCATION,REVIEW
Brentford,London,2,Knightsbridge,London,1,6.4,HAVERSINE_STRAIGHT_LINE,15.0,PRESERVE_TRUE_JOB_LOCATION,REVIEW
Brentford,London,2,Morden,London,1,7.7,HAVERSINE_STRAIGHT_LINE,15.0,PRESERVE_TRUE_JOB_LOCATION,REVIEW
Brentford,London,2,London,London,220,8.0,HAVERSINE_STRAIGHT_LINE,15.0,PRESERVE_TRUE_JOB_LOCATION,REVIEW
Brentford,London,2,Walton-on-thames,Surrey,1,8.2,HAVERSINE_STRAIGHT_LINE,15.0,PRESERVE_TRUE_JOB_LOCATION,REVIEW
Brentford,London,2,Lambeth,London,1,8.5,HAVERSINE_STRAIGHT_LINE,15.0,PRESERVE_TRUE_JOB_LOCATION,REVIEW
Brentford,London,2,Chessington,London,1,8.6,HAVERSINE_STRAIGHT_LINE,15.0,PRESERVE_TRUE_JOB_LOCATION,REVIEW
Brentford,London,2,Uxbridge,London,3,8.6,HAVERSINE_STRAIGHT_LINE,15.0,PRESERVE_TRUE_JOB_LOCATION,REVIEW
Brentford,London,2,Shepperton,Surrey,1,8.7,HAVERSINE_STRAIGHT_LINE,15.0,PRESERVE_TRUE_JOB_LOCATION,REVIEW
Brentford,London,2,Staines,Surrey,2,9.3,HAVERSINE_STRAIGHT_LINE,15.0,PRESERVE_TRUE_JOB_LOCATION,REVIEW
Brentford,London,2,Islington,London,1,9.5,HAVERSINE_STRAIGHT_LINE,15.0,PRESERVE_TRUE_JOB_LOCATION,REVIEW
Brentford,London,2,Carshalton,London,1,10.2,HAVERSINE_STRAIGHT_LINE,15.0,PRESERVE_TRUE_JOB_LOCATION,REVIEW
Brentford,London,2,Sutton,London,2,10.5,HAVERSINE_STRAIGHT_LINE,15.0,PRESERVE_TRUE_JOB_LOCATION,REVIEW
Brentford,London,2,Chertsey,Surrey,1,10.9,HAVERSINE_STRAIGHT_LINE,15.0,PRESERVE_TRUE_JOB_LOCATION,REVIEW
Brentford,London,2,Epsom,Surrey,3,10.9,HAVERSINE_STRAIGHT_LINE,15.0,PRESERVE_TRUE_JOB_LOCATION,REVIEW
Brentford,London,2,Bushey,London,1,11.1,HAVERSINE_STRAIGHT_LINE,15.0,PRESERVE_TRUE_JOB_LOCATION,REVIEW
Brentford,London,2,Croydon,London,3,11.4,HAVERSINE_STRAIGHT_LINE,15.0,PRESERVE_TRUE_JOB_LOCATION,REVIEW
Brentford,London,2,Borehamwood,London,3,11.7,HAVERSINE_STRAIGHT_LINE,15.0,PRESERVE_TRUE_JOB_LOCATION,REVIEW
Brentford,London,2,Barnet,London,1,12.2,HAVERSINE_STRAIGHT_LINE,15.0,PRESERVE_TRUE_JOB_LOCATION,REVIEW
Brentford,London,2,Watford,Hertfordshire,2,12.3,HAVERSINE_STRAIGHT_LINE,15.0,PRESERVE_TRUE_JOB_LOCATION,REVIEW
Brentford,London,2,Slough,Berkshire,2,12.5,HAVERSINE_STRAIGHT_LINE,15.0,PRESERVE_TRUE_JOB_LOCATION,REVIEW
Brentford,London,2,Windsor,Berkshire,1,12.6,HAVERSINE_STRAIGHT_LINE,15.0,PRESERVE_TRUE_JOB_LOCATION,REVIEW
Brentford,London,2,Beckenham,London,1,13.3,HAVERSINE_STRAIGHT_LINE,15.0,PRESERVE_TRUE_JOB_LOCATION,REVIEW
Brentford,London,2,Fetcham,Surrey,1,13.8,HAVERSINE_STRAIGHT_LINE,15.0,PRESERVE_TRUE_JOB_LOCATION,REVIEW
Brentford,London,2,Tadworth,Surrey,1,13.8,HAVERSINE_STRAIGHT_LINE,15.0,PRESERVE_TRUE_JOB_LOCATION,REVIEW
Brentford,London,2,Bromley,London,4,15.0,HAVERSINE_STRAIGHT_LINE,15.0,PRESERVE_TRUE_JOB_LOCATION,REVIEW
Brentford,London,2,Enfield,London,1,15.0,HAVERSINE_STRAIGHT_LINE,15.0,PRESERVE_TRUE_JOB_LOCATION,REVIEW
Brentwood,Essex,1,Upminster,London,1,5.0,HAVERSINE_STRAIGHT_LINE,15.0,PRESERVE_TRUE_JOB_LOCATION,REVIEW
Brentwood,Essex,1,Hornchurch,London,1,5.9,HAVERSINE_STRAIGHT_LINE,15.0,PRESERVE_TRUE_JOB_LOCATION,REVIEW
Brentwood,Essex,1,Dagenham,London,2,7.7,HAVERSINE_STRAIGHT_LINE,15.0,PRESERVE_TRUE_JOB_LOCATION,REVIEW
Brentwood,Essex,1,Rainham,London,1,8.7,HAVERSINE_STRAIGHT_LINE,15.0,PRESERVE_TRUE_JOB_LOCATION,REVIEW
Brentwood,Essex,1,Chelmsford,Essex,3,10.6,HAVERSINE_STRAIGHT_LINE,15.0,PRESERVE_TRUE_JOB_LOCATION,REVIEW
Brentwood,Essex,1,Ilford,London,1,10.9,HAVERSINE_STRAIGHT_LINE,15.0,PRESERVE_TRUE_JOB_LOCATION,REVIEW
Brentwood,Essex,1,Dartford,Kent,1,12.7,HAVERSINE_STRAIGHT_LINE,15.0,PRESERVE_TRUE_JOB_LOCATION,REVIEW
Brentwood,Essex,1,Gravesend,Kent,2,12.7,HAVERSINE_STRAIGHT_LINE,15.0,PRESERVE_TRUE_JOB_LOCATION,REVIEW
Brentwood,Essex,1,Harlow,Essex,1,13.6,HAVERSINE_STRAIGHT_LINE,15.0,PRESERVE_TRUE_JOB_LOCATION,REVIEW
Brighouse,Yorkshire - West,4,Huddersfield,Yorkshire - West,2,3.7,HAVERSINE_STRAIGHT_LINE,15.0,PRESERVE_TRUE_JOB_LOCATION,REVIEW
Brighouse,Yorkshire - West,4,Batley,Yorkshire - West,1,6.2,HAVERSINE_STRAIGHT_LINE,15.0,PRESERVE_TRUE_JOB_LOCATION,REVIEW
Brighouse,Yorkshire - West,4,Bradford,Yorkshire - West,11,6.4,HAVERSINE_STRAIGHT_LINE,15.0,PRESERVE_TRUE_JOB_LOCATION,REVIEW
Brighouse,Yorkshire - West,4,Dewsbury,Yorkshire - West,2,6.4,HAVERSINE_STRAIGHT_LINE,15.0,PRESERVE_TRUE_JOB_LOCATION,REVIEW
Brighouse,Yorkshire - West,4,Pudsey,Yorkshire - West,1,8.1,HAVERSINE_STRAIGHT_LINE,15.0,PRESERVE_TRUE_JOB_LOCATION,REVIEW
Brighouse,Yorkshire - West,4,Bingley,Yorkshire - West,1,10.3,HAVERSINE_STRAIGHT_LINE,15.0,PRESERVE_TRUE_JOB_LOCATION,REVIEW
Brighouse,Yorkshire - West,4,Leeds,Yorkshire - West,25,11.6,HAVERSINE_STRAIGHT_LINE,15.0,PRESERVE_TRUE_JOB_LOCATION,REVIEW
Brighouse,Yorkshire - West,4,Wakefield,Yorkshire - West,9,11.8,HAVERSINE_STRAIGHT_LINE,15.0,PRESERVE_TRUE_JOB_LOCATION,REVIEW
Brighouse,Yorkshire - West,4,Keighley,Yorkshire - West,1,12.4,HAVERSINE_STRAIGHT_LINE,15.0,PRESERVE_TRUE_JOB_LOCATION,REVIEW
Brighouse,Yorkshire - West,4,Otley,Yorkshire - West,1,14.5,HAVERSINE_STRAIGHT_LINE,15.0,PRESERVE_TRUE_JOB_LOCATION,REVIEW
Brighton,Sussex,5,Hove,Sussex,1,1.2,HAVERSINE_STRAIGHT_LINE,15.0,PRESERVE_TRUE_JOB_LOCATION,REVIEW
Brighton,Sussex,5,Worthing,Sussex,1,10.3,HAVERSINE_STRAIGHT_LINE,15.0,PRESERVE_TRUE_JOB_LOCATION,REVIEW
Brinsworth,Yorkshire - South,1,Rotherham,Yorkshire - South,3,1.7,HAVERSINE_STRAIGHT_LINE,15.0,PRESERVE_TRUE_JOB_LOCATION,REVIEW
Brinsworth,Yorkshire - South,1,Sheffield,Yorkshire - South,11,4.3,HAVERSINE_STRAIGHT_LINE,15.0,PRESERVE_TRUE_JOB_LOCATION,REVIEW
Brinsworth,Yorkshire - South,1,Chesterfield,Derbyshire,1,11.0,HAVERSINE_STRAIGHT_LINE,15.0,PRESERVE_TRUE_JOB_LOCATION,REVIEW
Brinsworth,Yorkshire - South,1,Doncaster,Yorkshire - South,7,12.6,HAVERSINE_STRAIGHT_LINE,15.0,PRESERVE_TRUE_JOB_LOCATION,REVIEW
Bristol,Bristol & Bath,33,Portishead,Bristol & Bath,1,7.7,HAVERSINE_STRAIGHT_LINE,15.0,PRESERVE_TRUE_JOB_LOCATION,REVIEW
Bristol,Bristol & Bath,33,Congresbury,Bristol & Bath,1,10.9,HAVERSINE_STRAIGHT_LINE,15.0,PRESERVE_TRUE_JOB_LOCATION,REVIEW
Bristol,Bristol & Bath,33,Bath,Bristol & Bath,2,11.5,HAVERSINE_STRAIGHT_LINE,15.0,PRESERVE_TRUE_JOB_LOCATION,REVIEW
Bromley,London,4,Beckenham,London,1,1.8,HAVERSINE_STRAIGHT_LINE,15.0,PRESERVE_TRUE_JOB_LOCATION,REVIEW
Bromley,London,4,Chislehurst,London,1,2.4,HAVERSINE_STRAIGHT_LINE,15.0,PRESERVE_TRUE_JOB_LOCATION,REVIEW
Bromley,London,4,Sidcup,London,1,4.1,HAVERSINE_STRAIGHT_LINE,15.0,PRESERVE_TRUE_JOB_LOCATION,REVIEW
Bromley,London,4,Croydon,London,3,5.2,HAVERSINE_STRAIGHT_LINE,15.0,PRESERVE_TRUE_JOB_LOCATION,REVIEW
Bromley,London,4,Carshalton,London,1,8.3,HAVERSINE_STRAIGHT_LINE,15.0,PRESERVE_TRUE_JOB_LOCATION,REVIEW
Bromley,London,4,Lambeth,London,1,8.3,HAVERSINE_STRAIGHT_LINE,15.0,PRESERVE_TRUE_JOB_LOCATION,REVIEW
Bromley,London,4,Dartford,Kent,1,9.0,HAVERSINE_STRAIGHT_LINE,15.0,PRESERVE_TRUE_JOB_LOCATION,REVIEW
Bromley,London,4,Morden,London,1,9.2,HAVERSINE_STRAIGHT_LINE,15.0,PRESERVE_TRUE_JOB_LOCATION,REVIEW
Bromley,London,4,London,London,220,9.3,HAVERSINE_STRAIGHT_LINE,15.0,PRESERVE_TRUE_JOB_LOCATION,REVIEW
Bromley,London,4,Knightsbridge,London,1,10.1,HAVERSINE_STRAIGHT_LINE,15.0,PRESERVE_TRUE_JOB_LOCATION,REVIEW
Bromley,London,4,Sutton,London,2,10.1,HAVERSINE_STRAIGHT_LINE,15.0,PRESERVE_TRUE_JOB_LOCATION,REVIEW
Bromley,London,4,Wandsworth,London,4,10.2,HAVERSINE_STRAIGHT_LINE,15.0,PRESERVE_TRUE_JOB_LOCATION,REVIEW
Bromley,London,4,Islington,London,1,10.3,HAVERSINE_STRAIGHT_LINE,15.0,PRESERVE_TRUE_JOB_LOCATION,REVIEW
Bromley,London,4,Oxted,Surrey,1,10.3,HAVERSINE_STRAIGHT_LINE,15.0,PRESERVE_TRUE_JOB_LOCATION,REVIEW
Bromley,London,4,Ilford,London,1,10.8,HAVERSINE_STRAIGHT_LINE,15.0,PRESERVE_TRUE_JOB_LOCATION,REVIEW
Bromley,London,4,Rainham,London,1,10.9,HAVERSINE_STRAIGHT_LINE,15.0,PRESERVE_TRUE_JOB_LOCATION,REVIEW
Bromley,London,4,Dagenham,London,2,11.9,HAVERSINE_STRAIGHT_LINE,15.0,PRESERVE_TRUE_JOB_LOCATION,REVIEW
Bromley,London,4,Sevenoaks,Kent,2,11.9,HAVERSINE_STRAIGHT_LINE,15.0,PRESERVE_TRUE_JOB_LOCATION,REVIEW
Bromley,London,4,Epsom,Surrey,3,13.4,HAVERSINE_STRAIGHT_LINE,15.0,PRESERVE_TRUE_JOB_LOCATION,REVIEW
Bromley,London,4,Tadworth,Surrey,1,13.4,HAVERSINE_STRAIGHT_LINE,15.0,PRESERVE_TRUE_JOB_LOCATION,REVIEW
Bromley,London,4,Kingston Upon Thames,London,1,13.5,HAVERSINE_STRAIGHT_LINE,15.0,PRESERVE_TRUE_JOB_LOCATION,REVIEW
Bromley,London,4,Hornchurch,London,1,13.6,HAVERSINE_STRAIGHT_LINE,15.0,PRESERVE_TRUE_JOB_LOCATION,REVIEW
Bromley,London,4,Redhill,Surrey,4,14.0,HAVERSINE_STRAIGHT_LINE,15.0,PRESERVE_TRUE_JOB_LOCATION,REVIEW
Bromley,London,4,Chessington,London,1,14.1,HAVERSINE_STRAIGHT_LINE,15.0,PRESERVE_TRUE_JOB_LOCATION,REVIEW
Bromley,London,4,Upminster,London,1,14.6,HAVERSINE_STRAIGHT_LINE,15.0,PRESERVE_TRUE_JOB_LOCATION,REVIEW
Bromley,London,4,Brentford,London,2,15.0,HAVERSINE_STRAIGHT_LINE,15.0,PRESERVE_TRUE_JOB_LOCATION,REVIEW
Bromley,London,4,Middlesex,London,6,15.0,HAVERSINE_STRAIGHT_LINE,15.0,PRESERVE_TRUE_JOB_LOCATION,REVIEW
Buckingham,Buckinghamshire,1,Bicester,Oxfordshire,1,9.9,HAVERSINE_STRAIGHT_LINE,15.0,PRESERVE_TRUE_JOB_LOCATION,REVIEW
Buckingham,Buckinghamshire,1,Milton Keynes,Buckinghamshire,3,10.3,HAVERSINE_STRAIGHT_LINE,15.0,PRESERVE_TRUE_JOB_LOCATION,REVIEW
Buckingham,Buckinghamshire,1,Aylesbury,Buckinghamshire,3,14.6,HAVERSINE_STRAIGHT_LINE,15.0,PRESERVE_TRUE_JOB_LOCATION,REVIEW
Bury St Edmunds,Suffolk,1,Thetford,Norfolk,1,11.9,HAVERSINE_STRAIGHT_LINE,15.0,PRESERVE_TRUE_JOB_LOCATION,REVIEW
Bushey,London,1,Watford,Hertfordshire,2,1.7,HAVERSINE_STRAIGHT_LINE,15.0,PRESERVE_TRUE_JOB_LOCATION,REVIEW
Bushey,London,1,Borehamwood,London,3,3.6,HAVERSINE_STRAIGHT_LINE,15.0,PRESERVE_TRUE_JOB_LOCATION,REVIEW
Bushey,London,1,Harrow,London,3,4.6,HAVERSINE_STRAIGHT_LINE,15.0,PRESERVE_TRUE_JOB_LOCATION,REVIEW
Bushey,London,1,Kings Langley,Hertfordshire,1,6.2,HAVERSINE_STRAIGHT_LINE,15.0,PRESERVE_TRUE_JOB_LOCATION,REVIEW
Bushey,London,1,Barnet,London,1,6.9,HAVERSINE_STRAIGHT_LINE,15.0,PRESERVE_TRUE_JOB_LOCATION,REVIEW
Bushey,London,1,St. Albans,Hertfordshire,1,7.5,HAVERSINE_STRAIGHT_LINE,15.0,PRESERVE_TRUE_JOB_LOCATION,REVIEW
Bushey,London,1,Uxbridge,London,3,8.3,HAVERSINE_STRAIGHT_LINE,15.0,PRESERVE_TRUE_JOB_LOCATION,REVIEW
Bushey,London,1,Hemel Hempstead,Hertfordshire,4,8.5,HAVERSINE_STRAIGHT_LINE,15.0,PRESERVE_TRUE_JOB_LOCATION,REVIEW
Bushey,London,1,Potters Bar,Hertfordshire,1,8.5,HAVERSINE_STRAIGHT_LINE,15.0,PRESERVE_TRUE_JOB_LOCATION,REVIEW
Bushey,London,1,Middlesex,London,6,8.7,HAVERSINE_STRAIGHT_LINE,15.0,PRESERVE_TRUE_JOB_LOCATION,REVIEW
Bushey,London,1,Southall,London,1,9.3,HAVERSINE_STRAIGHT_LINE,15.0,PRESERVE_TRUE_JOB_LOCATION,REVIEW
Bushey,London,1,Chesham,Buckinghamshire,1,11.0,HAVERSINE_STRAIGHT_LINE,15.0,PRESERVE_TRUE_JOB_LOCATION,REVIEW
Bushey,London,1,Amersham,Buckinghamshire,1,11.1,HAVERSINE_STRAIGHT_LINE,15.0,PRESERVE_TRUE_JOB_LOCATION,REVIEW
Bushey,London,1,Brentford,London,2,11.1,HAVERSINE_STRAIGHT_LINE,15.0,PRESERVE_TRUE_JOB_LOCATION,REVIEW
Bushey,London,1,Isleworth,London,3,11.6,HAVERSINE_STRAIGHT_LINE,15.0,PRESERVE_TRUE_JOB_LOCATION,REVIEW
Bushey,London,1,Berkhamsted,Hertfordshire,1,11.9,HAVERSINE_STRAIGHT_LINE,15.0,PRESERVE_TRUE_JOB_LOCATION,REVIEW
Bushey,London,1,Enfield,London,1,11.9,HAVERSINE_STRAIGHT_LINE,15.0,PRESERVE_TRUE_JOB_LOCATION,REVIEW
Bushey,London,1,Welwyn Garden City,Hertfordshire,1,12.8,HAVERSINE_STRAIGHT_LINE,15.0,PRESERVE_TRUE_JOB_LOCATION,REVIEW
Bushey,London,1,Knightsbridge,London,1,13.0,HAVERSINE_STRAIGHT_LINE,15.0,PRESERVE_TRUE_JOB_LOCATION,REVIEW
Bushey,London,1,Islington,London,1,13.3,HAVERSINE_STRAIGHT_LINE,15.0,PRESERVE_TRUE_JOB_LOCATION,REVIEW
Bushey,London,1,London,London,220,13.7,HAVERSINE_STRAIGHT_LINE,15.0,PRESERVE_TRUE_JOB_LOCATION,REVIEW
Bushey,London,1,Slough,Berkshire,2,13.7,HAVERSINE_STRAIGHT_LINE,15.0,PRESERVE_TRUE_JOB_LOCATION,REVIEW
Bushey,London,1,Wandsworth,London,4,14.4,HAVERSINE_STRAIGHT_LINE,15.0,PRESERVE_TRUE_JOB_LOCATION,REVIEW
Bushey,London,1,Lambeth,London,1,14.7,HAVERSINE_STRAIGHT_LINE,15.0,PRESERVE_TRUE_JOB_LOCATION,REVIEW
Cambridge,Cambridgeshire,7,Royston,Hertfordshire,1,12.1,HAVERSINE_STRAIGHT_LINE,15.0,PRESERVE_TRUE_JOB_LOCATION,REVIEW
Cannock,Staffordshire,1,Walsall,West Midlands - Black Country,1,7.5,HAVERSINE_STRAIGHT_LINE,15.0,PRESERVE_TRUE_JOB_LOCATION,REVIEW
Cannock,Staffordshire,1,Wolverhampton,West Midlands - Black Country,3,8.2,HAVERSINE_STRAIGHT_LINE,15.0,PRESERVE_TRUE_JOB_LOCATION,REVIEW
Cannock,Staffordshire,1,Lichfield,Staffordshire,2,8.6,HAVERSINE_STRAIGHT_LINE,15.0,PRESERVE_TRUE_JOB_LOCATION,REVIEW
Cannock,Staffordshire,1,Stafford,Staffordshire,2,8.7,HAVERSINE_STRAIGHT_LINE,15.0,PRESERVE_TRUE_JOB_LOCATION,REVIEW
Cannock,Staffordshire,1,Tipton,West Midlands - Black Country,2,11.2,HAVERSINE_STRAIGHT_LINE,15.0,PRESERVE_TRUE_JOB_LOCATION,REVIEW
Cannock,Staffordshire,1,Dudley,West Midlands - Black Country,1,13.3,HAVERSINE_STRAIGHT_LINE,15.0,PRESERVE_TRUE_JOB_LOCATION,REVIEW
Cannock,Staffordshire,1,Tamworth,Staffordshire,1,14.6,HAVERSINE_STRAIGHT_LINE,15.0,PRESERVE_TRUE_JOB_LOCATION,REVIEW
Canterbury,Kent,1,Whitstable,Kent,1,6.1,HAVERSINE_STRAIGHT_LINE,15.0,PRESERVE_TRUE_JOB_LOCATION,REVIEW
Canterbury,Kent,1,Faversham,Kent,1,8.6,HAVERSINE_STRAIGHT_LINE,15.0,PRESERVE_TRUE_JOB_LOCATION,REVIEW
Cardiff,Wales South - Cardiff & Vale,9,Barry,Wales South - Cardiff & Vale,1,7.1,HAVERSINE_STRAIGHT_LINE,15.0,PRESERVE_TRUE_JOB_LOCATION,REVIEW
Cardiff,Wales South - Cardiff & Vale,9,Pontypridd,Wales South - Valleys,1,10.9,HAVERSINE_STRAIGHT_LINE,15.0,PRESERVE_TRUE_JOB_LOCATION,REVIEW
Cardiff,Wales South - Cardiff & Vale,9,Weston-super-mare,Somerset,2,12.7,HAVERSINE_STRAIGHT_LINE,15.0,PRESERVE_TRUE_JOB_LOCATION,REVIEW
Carshalton,London,1,Sutton,London,2,1.9,HAVERSINE_STRAIGHT_LINE,15.0,PRESERVE_TRUE_JOB_LOCATION,REVIEW
Carshalton,London,1,Morden,London,1,2.5,HAVERSINE_STRAIGHT_LINE,15.0,PRESERVE_TRUE_JOB_LOCATION,REVIEW
Carshalton,London,1,Croydon,London,3,3.1,HAVERSINE_STRAIGHT_LINE,15.0,PRESERVE_TRUE_JOB_LOCATION,REVIEW
Carshalton,London,1,Epsom,Surrey,3,5.1,HAVERSINE_STRAIGHT_LINE,15.0,PRESERVE_TRUE_JOB_LOCATION,REVIEW
Carshalton,London,1,Chessington,London,1,5.9,HAVERSINE_STRAIGHT_LINE,15.0,PRESERVE_TRUE_JOB_LOCATION,REVIEW
Carshalton,London,1,Tadworth,Surrey,1,6.1,HAVERSINE_STRAIGHT_LINE,15.0,PRESERVE_TRUE_JOB_LOCATION,REVIEW
Carshalton,London,1,Kingston Upon Thames,London,1,6.4,HAVERSINE_STRAIGHT_LINE,15.0,PRESERVE_TRUE_JOB_LOCATION,REVIEW
Carshalton,London,1,Wandsworth,London,4,6.4,HAVERSINE_STRAIGHT_LINE,15.0,PRESERVE_TRUE_JOB_LOCATION,REVIEW
Carshalton,London,1,Beckenham,London,1,6.7,HAVERSINE_STRAIGHT_LINE,15.0,PRESERVE_TRUE_JOB_LOCATION,REVIEW
Carshalton,London,1,Bromley,London,4,8.3,HAVERSINE_STRAIGHT_LINE,15.0,PRESERVE_TRUE_JOB_LOCATION,REVIEW
Carshalton,London,1,Redhill,Surrey,4,8.8,HAVERSINE_STRAIGHT_LINE,15.0,PRESERVE_TRUE_JOB_LOCATION,REVIEW
Carshalton,London,1,Knightsbridge,London,1,9.2,HAVERSINE_STRAIGHT_LINE,15.0,PRESERVE_TRUE_JOB_LOCATION,REVIEW
Carshalton,London,1,Lambeth,London,1,9.2,HAVERSINE_STRAIGHT_LINE,15.0,PRESERVE_TRUE_JOB_LOCATION,REVIEW
Carshalton,London,1,Fetcham,Surrey,1,9.8,HAVERSINE_STRAIGHT_LINE,15.0,PRESERVE_TRUE_JOB_LOCATION,REVIEW
Carshalton,London,1,London,London,220,9.9,HAVERSINE_STRAIGHT_LINE,15.0,PRESERVE_TRUE_JOB_LOCATION,REVIEW
Carshalton,London,1,Brentford,London,2,10.2,HAVERSINE_STRAIGHT_LINE,15.0,PRESERVE_TRUE_JOB_LOCATION,REVIEW
Carshalton,London,1,Oxted,Surrey,1,10.4,HAVERSINE_STRAIGHT_LINE,15.0,PRESERVE_TRUE_JOB_LOCATION,REVIEW
Carshalton,London,1,Isleworth,London,3,10.6,HAVERSINE_STRAIGHT_LINE,15.0,PRESERVE_TRUE_JOB_LOCATION,REVIEW
Carshalton,London,1,Chislehurst,London,1,10.7,HAVERSINE_STRAIGHT_LINE,15.0,PRESERVE_TRUE_JOB_LOCATION,REVIEW
Carshalton,London,1,Walton-on-thames,Surrey,1,10.7,HAVERSINE_STRAIGHT_LINE,15.0,PRESERVE_TRUE_JOB_LOCATION,REVIEW
Carshalton,London,1,Dorking,Surrey,2,11.8,HAVERSINE_STRAIGHT_LINE,15.0,PRESERVE_TRUE_JOB_LOCATION,REVIEW
Carshalton,London,1,Islington,London,1,11.9,HAVERSINE_STRAIGHT_LINE,15.0,PRESERVE_TRUE_JOB_LOCATION,REVIEW
Carshalton,London,1,Middlesex,London,6,12.1,HAVERSINE_STRAIGHT_LINE,15.0,PRESERVE_TRUE_JOB_LOCATION,REVIEW
Carshalton,London,1,Shepperton,Surrey,1,12.3,HAVERSINE_STRAIGHT_LINE,15.0,PRESERVE_TRUE_JOB_LOCATION,REVIEW
Carshalton,London,1,Sidcup,London,1,12.4,HAVERSINE_STRAIGHT_LINE,15.0,PRESERVE_TRUE_JOB_LOCATION,REVIEW
Carshalton,London,1,Southall,London,1,13.1,HAVERSINE_STRAIGHT_LINE,15.0,PRESERVE_TRUE_JOB_LOCATION,REVIEW
Carshalton,London,1,Horley,Surrey,1,13.4,HAVERSINE_STRAIGHT_LINE,15.0,PRESERVE_TRUE_JOB_LOCATION,REVIEW
Carshalton,London,1,Chertsey,Surrey,1,14.7,HAVERSINE_STRAIGHT_LINE,15.0,PRESERVE_TRUE_JOB_LOCATION,REVIEW
Carshalton,London,1,Lingfield,Surrey,2,14.7,HAVERSINE_STRAIGHT_LINE,15.0,PRESERVE_TRUE_JOB_LOCATION,REVIEW
Cheadle,Greater Manchester - South,1,Stockport,Greater Manchester - South,2,2.5,HAVERSINE_STRAIGHT_LINE,15.0,PRESERVE_TRUE_JOB_LOCATION,REVIEW
Cheadle,Greater Manchester - South,1,Sale,Greater Manchester - South,2,4.8,HAVERSINE_STRAIGHT_LINE,15.0,PRESERVE_TRUE_JOB_LOCATION,REVIEW
Cheadle,Greater Manchester - South,1,Wilmslow,Cheshire - East,1,5.0,HAVERSINE_STRAIGHT_LINE,15.0,PRESERVE_TRUE_JOB_LOCATION,REVIEW
Cheadle,Greater Manchester - South,1,Stretford,Greater Manchester - Manchester & Salford,1,5.4,HAVERSINE_STRAIGHT_LINE,15.0,PRESERVE_TRUE_JOB_LOCATION,REVIEW
Cheadle,Greater Manchester - South,1,Altrincham,Greater Manchester - South,4,5.5,HAVERSINE_STRAIGHT_LINE,15.0,PRESERVE_TRUE_JOB_LOCATION,REVIEW
Cheadle,Greater Manchester - South,1,Manchester,Greater Manchester - Manchester & Salford,55,5.7,HAVERSINE_STRAIGHT_LINE,15.0,PRESERVE_TRUE_JOB_LOCATION,REVIEW
Cheadle,Greater Manchester - South,1,Salford,Greater Manchester - Manchester & Salford,5,6.8,HAVERSINE_STRAIGHT_LINE,15.0,PRESERVE_TRUE_JOB_LOCATION,REVIEW
Cheadle,Greater Manchester - South,1,Ashton-under-lyne,Greater Manchester - South,2,7.8,HAVERSINE_STRAIGHT_LINE,15.0,PRESERVE_TRUE_JOB_LOCATION,REVIEW
Cheadle,Greater Manchester - South,1,Knutsford,Cheshire - East,2,9.4,HAVERSINE_STRAIGHT_LINE,15.0,PRESERVE_TRUE_JOB_LOCATION,REVIEW
Cheadle,Greater Manchester - South,1,Macclesfield,Cheshire - East,3,10.4,HAVERSINE_STRAIGHT_LINE,15.0,PRESERVE_TRUE_JOB_LOCATION,REVIEW
Cheadle,Greater Manchester - South,1,Warrington,Cheshire - Warrington & Halton,3,15.0,HAVERSINE_STRAIGHT_LINE,15.0,PRESERVE_TRUE_JOB_LOCATION,REVIEW
Chelmsford,Essex,3,Brentwood,Essex,1,10.6,HAVERSINE_STRAIGHT_LINE,15.0,PRESERVE_TRUE_JOB_LOCATION,REVIEW
Chelmsley Wood,West Midlands - Birmingham & Solihull,2,Solihull,West Midlands - Birmingham & Solihull,3,4.8,HAVERSINE_STRAIGHT_LINE,15.0,PRESERVE_TRUE_JOB_LOCATION,REVIEW
Chelmsley Wood,West Midlands - Birmingham & Solihull,2,Knowle,West Midlands - Birmingham & Solihull,1,6.6,HAVERSINE_STRAIGHT_LINE,15.0,PRESERVE_TRUE_JOB_LOCATION,REVIEW
Chelmsley Wood,West Midlands - Birmingham & Solihull,2,Birmingham,West Midlands - Birmingham & Solihull,31,6.8,HAVERSINE_STRAIGHT_LINE,15.0,PRESERVE_TRUE_JOB_LOCATION,REVIEW
Chelmsley Wood,West Midlands - Birmingham & Solihull,2,Coventry,West Midlands - Coventry & Warwickshire,3,10.7,HAVERSINE_STRAIGHT_LINE,15.0,PRESERVE_TRUE_JOB_LOCATION,REVIEW
Chelmsley Wood,West Midlands - Birmingham & Solihull,2,Tamworth,Staffordshire,1,10.9,HAVERSINE_STRAIGHT_LINE,15.0,PRESERVE_TRUE_JOB_LOCATION,REVIEW
Chelmsley Wood,West Midlands - Birmingham & Solihull,2,Kenilworth,West Midlands - Coventry & Warwickshire,1,11.0,HAVERSINE_STRAIGHT_LINE,15.0,PRESERVE_TRUE_JOB_LOCATION,REVIEW
Chelmsley Wood,West Midlands - Birmingham & Solihull,2,Nuneaton,West Midlands - Coventry & Warwickshire,2,11.9,HAVERSINE_STRAIGHT_LINE,15.0,PRESERVE_TRUE_JOB_LOCATION,REVIEW
Chelmsley Wood,West Midlands - Birmingham & Solihull,2,Walsall,West Midlands - Black Country,1,12.7,HAVERSINE_STRAIGHT_LINE,15.0,PRESERVE_TRUE_JOB_LOCATION,REVIEW
Chelmsley Wood,West Midlands - Birmingham & Solihull,2,Tipton,West Midlands - Black Country,2,14.3,HAVERSINE_STRAIGHT_LINE,15.0,PRESERVE_TRUE_JOB_LOCATION,REVIEW
Chelmsley Wood,West Midlands - Birmingham & Solihull,2,Lichfield,Staffordshire,2,14.5,HAVERSINE_STRAIGHT_LINE,15.0,PRESERVE_TRUE_JOB_LOCATION,REVIEW
Chelmsley Wood,West Midlands - Birmingham & Solihull,2,Dudley,West Midlands - Black Country,1,14.6,HAVERSINE_STRAIGHT_LINE,15.0,PRESERVE_TRUE_JOB_LOCATION,REVIEW
Chertsey,Surrey,1,Shepperton,Surrey,1,2.6,HAVERSINE_STRAIGHT_LINE,15.0,PRESERVE_TRUE_JOB_LOCATION,REVIEW
Chertsey,Surrey,1,Staines,Surrey,2,3.0,HAVERSINE_STRAIGHT_LINE,15.0,PRESERVE_TRUE_JOB_LOCATION,REVIEW
Chertsey,Surrey,1,Walton-on-thames,Surrey,1,4.1,HAVERSINE_STRAIGHT_LINE,15.0,PRESERVE_TRUE_JOB_LOCATION,REVIEW
Chertsey,Surrey,1,Windsor,Berkshire,1,7.7,HAVERSINE_STRAIGHT_LINE,15.0,PRESERVE_TRUE_JOB_LOCATION,REVIEW
Chertsey,Surrey,1,Chessington,London,1,9.0,HAVERSINE_STRAIGHT_LINE,15.0,PRESERVE_TRUE_JOB_LOCATION,REVIEW
Chertsey,Surrey,1,Kingston Upon Thames,London,1,9.2,HAVERSINE_STRAIGHT_LINE,15.0,PRESERVE_TRUE_JOB_LOCATION,REVIEW
Chertsey,Surrey,1,Slough,Berkshire,2,9.2,HAVERSINE_STRAIGHT_LINE,15.0,PRESERVE_TRUE_JOB_LOCATION,REVIEW
Chertsey,Surrey,1,Isleworth,London,3,9.3,HAVERSINE_STRAIGHT_LINE,15.0,PRESERVE_TRUE_JOB_LOCATION,REVIEW
Chertsey,Surrey,1,Fetcham,Surrey,1,9.5,HAVERSINE_STRAIGHT_LINE,15.0,PRESERVE_TRUE_JOB_LOCATION,REVIEW
Chertsey,Surrey,1,Southall,London,1,10.2,HAVERSINE_STRAIGHT_LINE,15.0,PRESERVE_TRUE_JOB_LOCATION,REVIEW
Chertsey,Surrey,1,Bracknell,Berkshire,4,10.6,HAVERSINE_STRAIGHT_LINE,15.0,PRESERVE_TRUE_JOB_LOCATION,REVIEW
Chertsey,Surrey,1,Brentford,London,2,10.9,HAVERSINE_STRAIGHT_LINE,15.0,PRESERVE_TRUE_JOB_LOCATION,REVIEW
Chertsey,Surrey,1,Guildford,Surrey,1,10.9,HAVERSINE_STRAIGHT_LINE,15.0,PRESERVE_TRUE_JOB_LOCATION,REVIEW
Chertsey,Surrey,1,Epsom,Surrey,3,11.0,HAVERSINE_STRAIGHT_LINE,15.0,PRESERVE_TRUE_JOB_LOCATION,REVIEW
Chertsey,Surrey,1,Uxbridge,London,3,11.2,HAVERSINE_STRAIGHT_LINE,15.0,PRESERVE_TRUE_JOB_LOCATION,REVIEW
Chertsey,Surrey,1,Maidenhead,Berkshire,1,13.0,HAVERSINE_STRAIGHT_LINE,15.0,PRESERVE_TRUE_JOB_LOCATION,REVIEW
Chertsey,Surrey,1,Dorking,Surrey,2,13.1,HAVERSINE_STRAIGHT_LINE,15.0,PRESERVE_TRUE_JOB_LOCATION,REVIEW
Chertsey,Surrey,1,Morden,London,1,13.4,HAVERSINE_STRAIGHT_LINE,15.0,PRESERVE_TRUE_JOB_LOCATION,REVIEW
Chertsey,Surrey,1,Sutton,London,2,13.5,HAVERSINE_STRAIGHT_LINE,15.0,PRESERVE_TRUE_JOB_LOCATION,REVIEW
Chertsey,Surrey,1,Tadworth,Surrey,1,13.5,HAVERSINE_STRAIGHT_LINE,15.0,PRESERVE_TRUE_JOB_LOCATION,REVIEW
Chertsey,Surrey,1,Wandsworth,London,4,13.8,HAVERSINE_STRAIGHT_LINE,15.0,PRESERVE_TRUE_JOB_LOCATION,REVIEW
Chertsey,Surrey,1,Wokingham,Berkshire,1,14.2,HAVERSINE_STRAIGHT_LINE,15.0,PRESERVE_TRUE_JOB_LOCATION,REVIEW
Chertsey,Surrey,1,Middlesex,London,6,14.3,HAVERSINE_STRAIGHT_LINE,15.0,PRESERVE_TRUE_JOB_LOCATION,REVIEW
Chertsey,Surrey,1,Aldershot,Hampshire,1,14.7,HAVERSINE_STRAIGHT_LINE,15.0,PRESERVE_TRUE_JOB_LOCATION,REVIEW
Chertsey,Surrey,1,Carshalton,London,1,14.7,HAVERSINE_STRAIGHT_LINE,15.0,PRESERVE_TRUE_JOB_LOCATION,REVIEW
Chertsey,Surrey,1,Godalming,Surrey,1,14.7,HAVERSINE_STRAIGHT_LINE,15.0,PRESERVE_TRUE_JOB_LOCATION,REVIEW
Chesham,Buckinghamshire,1,Amersham,Buckinghamshire,1,2.4,HAVERSINE_STRAIGHT_LINE,15.0,PRESERVE_TRUE_JOB_LOCATION,REVIEW
Chesham,Buckinghamshire,1,Berkhamsted,Hertfordshire,1,4.4,HAVERSINE_STRAIGHT_LINE,15.0,PRESERVE_TRUE_JOB_LOCATION,REVIEW
Chesham,Buckinghamshire,1,Kings Langley,Hertfordshire,1,6.5,HAVERSINE_STRAIGHT_LINE,15.0,PRESERVE_TRUE_JOB_LOCATION,REVIEW
Chesham,Buckinghamshire,1,Hemel Hempstead,Hertfordshire,4,7.4,HAVERSINE_STRAIGHT_LINE,15.0,PRESERVE_TRUE_JOB_LOCATION,REVIEW
Chesham,Buckinghamshire,1,High Wycombe,Buckinghamshire,6,8.1,HAVERSINE_STRAIGHT_LINE,15.0,PRESERVE_TRUE_JOB_LOCATION,REVIEW
Chesham,Buckinghamshire,1,Watford,Hertfordshire,2,9.3,HAVERSINE_STRAIGHT_LINE,15.0,PRESERVE_TRUE_JOB_LOCATION,REVIEW
Chesham,Buckinghamshire,1,Bushey,London,1,11.0,HAVERSINE_STRAIGHT_LINE,15.0,PRESERVE_TRUE_JOB_LOCATION,REVIEW
Chesham,Buckinghamshire,1,Uxbridge,London,3,11.6,HAVERSINE_STRAIGHT_LINE,15.0,PRESERVE_TRUE_JOB_LOCATION,REVIEW
Chesham,Buckinghamshire,1,Marlow,Buckinghamshire,1,11.7,HAVERSINE_STRAIGHT_LINE,15.0,PRESERVE_TRUE_JOB_LOCATION,REVIEW
Chesham,Buckinghamshire,1,St. Albans,Hertfordshire,1,11.9,HAVERSINE_STRAIGHT_LINE,15.0,PRESERVE_TRUE_JOB_LOCATION,REVIEW
Chesham,Buckinghamshire,1,Aylesbury,Buckinghamshire,3,12.2,HAVERSINE_STRAIGHT_LINE,15.0,PRESERVE_TRUE_JOB_LOCATION,REVIEW
Chesham,Buckinghamshire,1,Slough,Berkshire,2,13.2,HAVERSINE_STRAIGHT_LINE,15.0,PRESERVE_TRUE_JOB_LOCATION,REVIEW
Chesham,Buckinghamshire,1,Maidenhead,Berkshire,1,13.3,HAVERSINE_STRAIGHT_LINE,15.0,PRESERVE_TRUE_JOB_LOCATION,REVIEW
Chesham,Buckinghamshire,1,Borehamwood,London,3,14.2,HAVERSINE_STRAIGHT_LINE,15.0,PRESERVE_TRUE_JOB_LOCATION,REVIEW
Chesham,Buckinghamshire,1,Harrow,London,3,14.2,HAVERSINE_STRAIGHT_LINE,15.0,PRESERVE_TRUE_JOB_LOCATION,REVIEW
Chesham,Buckinghamshire,1,Luton,Bedfordshire,1,14.7,HAVERSINE_STRAIGHT_LINE,15.0,PRESERVE_TRUE_JOB_LOCATION,REVIEW
Chesham,Buckinghamshire,1,Windsor,Berkshire,1,15.0,HAVERSINE_STRAIGHT_LINE,15.0,PRESERVE_TRUE_JOB_LOCATION,REVIEW
Chessington,London,1,Epsom,Surrey,3,2.7,HAVERSINE_STRAIGHT_LINE,15.0,PRESERVE_TRUE_JOB_LOCATION,REVIEW
Chessington,London,1,Kingston Upon Thames,London,1,3.5,HAVERSINE_STRAIGHT_LINE,15.0,PRESERVE_TRUE_JOB_LOCATION,REVIEW
Chessington,London,1,Sutton,London,2,4.6,HAVERSINE_STRAIGHT_LINE,15.0,PRESERVE_TRUE_JOB_LOCATION,REVIEW
Chessington,London,1,Walton-on-thames,Surrey,1,5.0,HAVERSINE_STRAIGHT_LINE,15.0,PRESERVE_TRUE_JOB_LOCATION,REVIEW
Chessington,London,1,Morden,London,1,5.2,HAVERSINE_STRAIGHT_LINE,15.0,PRESERVE_TRUE_JOB_LOCATION,REVIEW
Chessington,London,1,Fetcham,Surrey,1,5.6,HAVERSINE_STRAIGHT_LINE,15.0,PRESERVE_TRUE_JOB_LOCATION,REVIEW
Chessington,London,1,Tadworth,Surrey,1,5.7,HAVERSINE_STRAIGHT_LINE,15.0,PRESERVE_TRUE_JOB_LOCATION,REVIEW
Chessington,London,1,Carshalton,London,1,5.9,HAVERSINE_STRAIGHT_LINE,15.0,PRESERVE_TRUE_JOB_LOCATION,REVIEW
Chessington,London,1,Shepperton,Surrey,1,6.6,HAVERSINE_STRAIGHT_LINE,15.0,PRESERVE_TRUE_JOB_LOCATION,REVIEW
Chessington,London,1,Wandsworth,London,4,7.8,HAVERSINE_STRAIGHT_LINE,15.0,PRESERVE_TRUE_JOB_LOCATION,REVIEW
Chessington,London,1,Isleworth,London,3,8.0,HAVERSINE_STRAIGHT_LINE,15.0,PRESERVE_TRUE_JOB_LOCATION,REVIEW
Chessington,London,1,Brentford,London,2,8.6,HAVERSINE_STRAIGHT_LINE,15.0,PRESERVE_TRUE_JOB_LOCATION,REVIEW
Chessington,London,1,Croydon,London,3,8.9,HAVERSINE_STRAIGHT_LINE,15.0,PRESERVE_TRUE_JOB_LOCATION,REVIEW
Chessington,London,1,Chertsey,Surrey,1,9.0,HAVERSINE_STRAIGHT_LINE,15.0,PRESERVE_TRUE_JOB_LOCATION,REVIEW
Chessington,London,1,Dorking,Surrey,2,9.1,HAVERSINE_STRAIGHT_LINE,15.0,PRESERVE_TRUE_JOB_LOCATION,REVIEW
Chessington,London,1,Staines,Surrey,2,9.9,HAVERSINE_STRAIGHT_LINE,15.0,PRESERVE_TRUE_JOB_LOCATION,REVIEW
Chessington,London,1,Redhill,Surrey,4,10.2,HAVERSINE_STRAIGHT_LINE,15.0,PRESERVE_TRUE_JOB_LOCATION,REVIEW
Chessington,London,1,Southall,London,1,10.5,HAVERSINE_STRAIGHT_LINE,15.0,PRESERVE_TRUE_JOB_LOCATION,REVIEW
Chessington,London,1,Knightsbridge,London,1,11.4,HAVERSINE_STRAIGHT_LINE,15.0,PRESERVE_TRUE_JOB_LOCATION,REVIEW
Chessington,London,1,Middlesex,London,6,11.8,HAVERSINE_STRAIGHT_LINE,15.0,PRESERVE_TRUE_JOB_LOCATION,REVIEW
Chessington,London,1,Lambeth,London,1,12.4,HAVERSINE_STRAIGHT_LINE,15.0,PRESERVE_TRUE_JOB_LOCATION,REVIEW
Chessington,London,1,Beckenham,London,1,12.5,HAVERSINE_STRAIGHT_LINE,15.0,PRESERVE_TRUE_JOB_LOCATION,REVIEW
Chessington,London,1,London,London,220,12.7,HAVERSINE_STRAIGHT_LINE,15.0,PRESERVE_TRUE_JOB_LOCATION,REVIEW
Chessington,London,1,Bromley,London,4,14.1,HAVERSINE_STRAIGHT_LINE,15.0,PRESERVE_TRUE_JOB_LOCATION,REVIEW
Chessington,London,1,Horley,Surrey,1,14.4,HAVERSINE_STRAIGHT_LINE,15.0,PRESERVE_TRUE_JOB_LOCATION,REVIEW
Chessington,London,1,Guildford,Surrey,1,14.6,HAVERSINE_STRAIGHT_LINE,15.0,PRESERVE_TRUE_JOB_LOCATION,REVIEW
Chessington,London,1,Islington,London,1,14.8,HAVERSINE_STRAIGHT_LINE,15.0,PRESERVE_TRUE_JOB_LOCATION,REVIEW
Chessington,London,1,Oxted,Surrey,1,14.8,HAVERSINE_STRAIGHT_LINE,15.0,PRESERVE_TRUE_JOB_LOCATION,REVIEW
Chessington,London,1,Harrow,London,3,15.0,HAVERSINE_STRAIGHT_LINE,15.0,PRESERVE_TRUE_JOB_LOCATION,REVIEW
Chessington,London,1,Uxbridge,London,3,15.0,HAVERSINE_STRAIGHT_LINE,15.0,PRESERVE_TRUE_JOB_LOCATION,REVIEW
Chester,Cheshire - West,5,Ellesmere Port,Cheshire - West,2,6.1,HAVERSINE_STRAIGHT_LINE,15.0,PRESERVE_TRUE_JOB_LOCATION,REVIEW
Chester,Cheshire - West,5,Runcorn,Cheshire - Warrington & Halton,1,12.4,HAVERSINE_STRAIGHT_LINE,15.0,PRESERVE_TRUE_JOB_LOCATION,REVIEW
Chester Le Street,North East - County Durham & Darlington/Hartlepool,4,Washington,"North East - Tyneside, Wearside & Northumberland",1,3.7,HAVERSINE_STRAIGHT_LINE,15.0,PRESERVE_TRUE_JOB_LOCATION,REVIEW
Chester Le Street,North East - County Durham & Darlington/Hartlepool,4,Stanley,North East - County Durham & Darlington/Hartlepool,1,5.0,HAVERSINE_STRAIGHT_LINE,15.0,PRESERVE_TRUE_JOB_LOCATION,REVIEW
Chester Le Street,North East - County Durham & Darlington/Hartlepool,4,Durham,North East - County Durham & Darlington/Hartlepool,6,5.7,HAVERSINE_STRAIGHT_LINE,15.0,PRESERVE_TRUE_JOB_LOCATION,REVIEW
Chester Le Street,North East - County Durham & Darlington/Hartlepool,4,Gateshead,"North East - Tyneside, Wearside & Northumberland",6,7.2,HAVERSINE_STRAIGHT_LINE,15.0,PRESERVE_TRUE_JOB_LOCATION,REVIEW
Chester Le Street,North East - County Durham & Darlington/Hartlepool,4,Meadowfield,North East - County Durham & Darlington/Hartlepool,1,7.5,HAVERSINE_STRAIGHT_LINE,15.0,PRESERVE_TRUE_JOB_LOCATION,REVIEW
Chester Le Street,North East - County Durham & Darlington/Hartlepool,4,Newcastle Upon Tyne,"North East - Tyneside, Wearside & Northumberland",43,8.1,HAVERSINE_STRAIGHT_LINE,15.0,PRESERVE_TRUE_JOB_LOCATION,REVIEW
Chester Le Street,North East - County Durham & Darlington/Hartlepool,4,Hebburn,"North East - Tyneside, Wearside & Northumberland",2,8.2,HAVERSINE_STRAIGHT_LINE,15.0,PRESERVE_TRUE_JOB_LOCATION,REVIEW
Chester Le Street,North East - County Durham & Darlington/Hartlepool,4,Sunderland,"North East - Tyneside, Wearside & Northumberland",1,8.3,HAVERSINE_STRAIGHT_LINE,15.0,PRESERVE_TRUE_JOB_LOCATION,REVIEW
Chester Le Street,North East - County Durham & Darlington/Hartlepool,4,Ryton,"North East - Tyneside, Wearside & Northumberland",1,10.9,HAVERSINE_STRAIGHT_LINE,15.0,PRESERVE_TRUE_JOB_LOCATION,REVIEW
Chester Le Street,North East - County Durham & Darlington/Hartlepool,4,Spennymoor,North East - County Durham & Darlington/Hartlepool,1,11.1,HAVERSINE_STRAIGHT_LINE,15.0,PRESERVE_TRUE_JOB_LOCATION,REVIEW
Chester Le Street,North East - County Durham & Darlington/Hartlepool,4,Peterlee,North East - County Durham & Darlington/Hartlepool,1,11.6,HAVERSINE_STRAIGHT_LINE,15.0,PRESERVE_TRUE_JOB_LOCATION,REVIEW
Chester Le Street,North East - County Durham & Darlington/Hartlepool,4,Bishop Auckland,North East - County Durham & Darlington/Hartlepool,1,14.6,HAVERSINE_STRAIGHT_LINE,15.0,PRESERVE_TRUE_JOB_LOCATION,REVIEW
Chesterfield,Derbyshire,1,Sheffield,Yorkshire - South,11,9.4,HAVERSINE_STRAIGHT_LINE,15.0,PRESERVE_TRUE_JOB_LOCATION,REVIEW
Chesterfield,Derbyshire,1,Sutton-in-ashfield,Nottinghamshire,1,10.7,HAVERSINE_STRAIGHT_LINE,15.0,PRESERVE_TRUE_JOB_LOCATION,REVIEW
Chesterfield,Derbyshire,1,Brinsworth,Yorkshire - South,1,11.0,HAVERSINE_STRAIGHT_LINE,15.0,PRESERVE_TRUE_JOB_LOCATION,REVIEW
Chesterfield,Derbyshire,1,Mansfield,Nottinghamshire,1,12.1,HAVERSINE_STRAIGHT_LINE,15.0,PRESERVE_TRUE_JOB_LOCATION,REVIEW
Chesterfield,Derbyshire,1,Rotherham,Yorkshire - South,3,12.7,HAVERSINE_STRAIGHT_LINE,15.0,PRESERVE_TRUE_JOB_LOCATION,REVIEW
Chichester,Sussex,1,Bognor Regis,Sussex,1,5.8,HAVERSINE_STRAIGHT_LINE,15.0,PRESERVE_TRUE_JOB_LOCATION,REVIEW
Chichester,Sussex,1,Havant,Hampshire,1,9.1,HAVERSINE_STRAIGHT_LINE,15.0,PRESERVE_TRUE_JOB_LOCATION,REVIEW
Chichester,Sussex,1,Portsmouth,Hampshire,2,13.8,HAVERSINE_STRAIGHT_LINE,15.0,PRESERVE_TRUE_JOB_LOCATION,REVIEW
Chislehurst,London,1,Sidcup,London,1,1.6,HAVERSINE_STRAIGHT_LINE,15.0,PRESERVE_TRUE_JOB_LOCATION,REVIEW
Chislehurst,London,1,Bromley,London,4,2.4,HAVERSINE_STRAIGHT_LINE,15.0,PRESERVE_TRUE_JOB_LOCATION,REVIEW
Chislehurst,London,1,Beckenham,London,1,4.1,HAVERSINE_STRAIGHT_LINE,15.0,PRESERVE_TRUE_JOB_LOCATION,REVIEW
Chislehurst,London,1,Dartford,Kent,1,6.6,HAVERSINE_STRAIGHT_LINE,15.0,PRESERVE_TRUE_JOB_LOCATION,REVIEW
Chislehurst,London,1,Croydon,London,3,7.6,HAVERSINE_STRAIGHT_LINE,15.0,PRESERVE_TRUE_JOB_LOCATION,REVIEW
Chislehurst,London,1,Rainham,London,1,8.8,HAVERSINE_STRAIGHT_LINE,15.0,PRESERVE_TRUE_JOB_LOCATION,REVIEW
Chislehurst,London,1,Lambeth,London,1,9.5,HAVERSINE_STRAIGHT_LINE,15.0,PRESERVE_TRUE_JOB_LOCATION,REVIEW
Chislehurst,London,1,Ilford,London,1,9.7,HAVERSINE_STRAIGHT_LINE,15.0,PRESERVE_TRUE_JOB_LOCATION,REVIEW
Chislehurst,London,1,Dagenham,London,2,10.1,HAVERSINE_STRAIGHT_LINE,15.0,PRESERVE_TRUE_JOB_LOCATION,REVIEW
Chislehurst,London,1,London,London,220,10.5,HAVERSINE_STRAIGHT_LINE,15.0,PRESERVE_TRUE_JOB_LOCATION,REVIEW
Chislehurst,London,1,Carshalton,London,1,10.7,HAVERSINE_STRAIGHT_LINE,15.0,PRESERVE_TRUE_JOB_LOCATION,REVIEW
Chislehurst,London,1,Islington,London,1,11.1,HAVERSINE_STRAIGHT_LINE,15.0,PRESERVE_TRUE_JOB_LOCATION,REVIEW
Chislehurst,London,1,Sevenoaks,Kent,2,11.2,HAVERSINE_STRAIGHT_LINE,15.0,PRESERVE_TRUE_JOB_LOCATION,REVIEW
Chislehurst,London,1,Knightsbridge,London,1,11.5,HAVERSINE_STRAIGHT_LINE,15.0,PRESERVE_TRUE_JOB_LOCATION,REVIEW
Chislehurst,London,1,Oxted,Surrey,1,11.5,HAVERSINE_STRAIGHT_LINE,15.0,PRESERVE_TRUE_JOB_LOCATION,REVIEW
Chislehurst,London,1,Hornchurch,London,1,11.6,HAVERSINE_STRAIGHT_LINE,15.0,PRESERVE_TRUE_JOB_LOCATION,REVIEW
Chislehurst,London,1,Morden,London,1,11.6,HAVERSINE_STRAIGHT_LINE,15.0,PRESERVE_TRUE_JOB_LOCATION,REVIEW
Chislehurst,London,1,Wandsworth,London,4,12.2,HAVERSINE_STRAIGHT_LINE,15.0,PRESERVE_TRUE_JOB_LOCATION,REVIEW
Chislehurst,London,1,Sutton,London,2,12.5,HAVERSINE_STRAIGHT_LINE,15.0,PRESERVE_TRUE_JOB_LOCATION,REVIEW
Chislehurst,London,1,Upminster,London,1,12.5,HAVERSINE_STRAIGHT_LINE,15.0,PRESERVE_TRUE_JOB_LOCATION,REVIEW
Chislehurst,London,1,Gravesend,Kent,2,13.1,HAVERSINE_STRAIGHT_LINE,15.0,PRESERVE_TRUE_JOB_LOCATION,REVIEW
Cirencester,Gloucestershire,1,Stroud,Gloucestershire,1,10.0,HAVERSINE_STRAIGHT_LINE,15.0,PRESERVE_TRUE_JOB_LOCATION,REVIEW
Cirencester,Gloucestershire,1,Swindon,Wiltshire,4,13.8,HAVERSINE_STRAIGHT_LINE,15.0,PRESERVE_TRUE_JOB_LOCATION,REVIEW
Colchester,Essex,1,Alresford,Hampshire,2,4.8,HAVERSINE_STRAIGHT_LINE,15.0,PRESERVE_TRUE_JOB_LOCATION,REVIEW
Congresbury,Bristol & Bath,1,Weston-super-mare,Somerset,2,7.4,HAVERSINE_STRAIGHT_LINE,15.0,PRESERVE_TRUE_JOB_LOCATION,REVIEW
Congresbury,Bristol & Bath,1,Portishead,Bristol & Bath,1,7.8,HAVERSINE_STRAIGHT_LINE,15.0,PRESERVE_TRUE_JOB_LOCATION,REVIEW
Congresbury,Bristol & Bath,1,Bristol,Bristol & Bath,33,10.9,HAVERSINE_STRAIGHT_LINE,15.0,PRESERVE_TRUE_JOB_LOCATION,REVIEW
Corby,Northamptonshire,1,Kettering,Northamptonshire,2,6.9,HAVERSINE_STRAIGHT_LINE,15.0,PRESERVE_TRUE_JOB_LOCATION,REVIEW
Corby,Northamptonshire,1,Rushden,Northamptonshire,1,14.8,HAVERSINE_STRAIGHT_LINE,15.0,PRESERVE_TRUE_JOB_LOCATION,REVIEW
Cottingham,Yorkshire - East,1,Hessle,Yorkshire - East,2,4.0,HAVERSINE_STRAIGHT_LINE,15.0,PRESERVE_TRUE_JOB_LOCATION,REVIEW
Cottingham,Yorkshire - East,1,Hull,Yorkshire - East,17,4.1,HAVERSINE_STRAIGHT_LINE,15.0,PRESERVE_TRUE_JOB_LOCATION,REVIEW
Coventry,West Midlands - Coventry & Warwickshire,3,Kenilworth,West Midlands - Coventry & Warwickshire,1,4.9,HAVERSINE_STRAIGHT_LINE,15.0,PRESERVE_TRUE_JOB_LOCATION,REVIEW
Coventry,West Midlands - Coventry & Warwickshire,3,Nuneaton,West Midlands - Coventry & Warwickshire,2,8.3,HAVERSINE_STRAIGHT_LINE,15.0,PRESERVE_TRUE_JOB_LOCATION,REVIEW
Coventry,West Midlands - Coventry & Warwickshire,3,Leamington Spa,West Midlands - Coventry & Warwickshire,1,8.4,HAVERSINE_STRAIGHT_LINE,15.0,PRESERVE_TRUE_JOB_LOCATION,REVIEW
Coventry,West Midlands - Coventry & Warwickshire,3,Knowle,West Midlands - Birmingham & Solihull,1,9.5,HAVERSINE_STRAIGHT_LINE,15.0,PRESERVE_TRUE_JOB_LOCATION,REVIEW
Coventry,West Midlands - Coventry & Warwickshire,3,Chelmsley Wood,West Midlands - Birmingham & Solihull,2,10.7,HAVERSINE_STRAIGHT_LINE,15.0,PRESERVE_TRUE_JOB_LOCATION,REVIEW
Coventry,West Midlands - Coventry & Warwickshire,3,Rugby,West Midlands - Coventry & Warwickshire,1,10.7,HAVERSINE_STRAIGHT_LINE,15.0,PRESERVE_TRUE_JOB_LOCATION,REVIEW
Coventry,West Midlands - Coventry & Warwickshire,3,Solihull,West Midlands - Birmingham & Solihull,3,11.3,HAVERSINE_STRAIGHT_LINE,15.0,PRESERVE_TRUE_JOB_LOCATION,REVIEW
Coventry,West Midlands - Coventry & Warwickshire,3,Southam,West Midlands - Coventry & Warwickshire,1,11.8,HAVERSINE_STRAIGHT_LINE,15.0,PRESERVE_TRUE_JOB_LOCATION,REVIEW
Cramlington,"North East - Tyneside, Wearside & Northumberland",1,Blyth,"North East - Tyneside, Wearside & Northumberland",1,4.1,HAVERSINE_STRAIGHT_LINE,15.0,PRESERVE_TRUE_JOB_LOCATION,REVIEW
Cramlington,"North East - Tyneside, Wearside & Northumberland",1,Newcastle Upon Tyne,"North East - Tyneside, Wearside & Northumberland",43,7.9,HAVERSINE_STRAIGHT_LINE,15.0,PRESERVE_TRUE_JOB_LOCATION,REVIEW
Cramlington,"North East - Tyneside, Wearside & Northumberland",1,Hebburn,"North East - Tyneside, Wearside & Northumberland",2,8.3,HAVERSINE_STRAIGHT_LINE,15.0,PRESERVE_TRUE_JOB_LOCATION,REVIEW
Cramlington,"North East - Tyneside, Wearside & Northumberland",1,Gateshead,"North East - Tyneside, Wearside & Northumberland",6,8.6,HAVERSINE_STRAIGHT_LINE,15.0,PRESERVE_TRUE_JOB_LOCATION,REVIEW
Cramlington,"North East - Tyneside, Wearside & Northumberland",1,Ryton,"North East - Tyneside, Wearside & Northumberland",1,10.5,HAVERSINE_STRAIGHT_LINE,15.0,PRESERVE_TRUE_JOB_LOCATION,REVIEW
Cramlington,"North East - Tyneside, Wearside & Northumberland",1,Washington,"North East - Tyneside, Wearside & Northumberland",1,13.2,HAVERSINE_STRAIGHT_LINE,15.0,PRESERVE_TRUE_JOB_LOCATION,REVIEW
Cramlington,"North East - Tyneside, Wearside & Northumberland",1,Sunderland,"North East - Tyneside, Wearside & Northumberland",1,14.9,HAVERSINE_STRAIGHT_LINE,15.0,PRESERVE_TRUE_JOB_LOCATION,REVIEW
Cranbrook,Kent,1,Maidstone,Kent,5,11.8,HAVERSINE_STRAIGHT_LINE,15.0,PRESERVE_TRUE_JOB_LOCATION,REVIEW
Cranbrook,Kent,1,Tunbridge Wells,Kent,1,12.1,HAVERSINE_STRAIGHT_LINE,15.0,PRESERVE_TRUE_JOB_LOCATION,REVIEW
Cranbrook,Kent,1,Tonbridge,Kent,4,13.2,HAVERSINE_STRAIGHT_LINE,15.0,PRESERVE_TRUE_JOB_LOCATION,REVIEW
Cranbrook,Kent,1,West Malling,Kent,1,14.6,HAVERSINE_STRAIGHT_LINE,15.0,PRESERVE_TRUE_JOB_LOCATION,REVIEW
Crawley,Sussex,2,Faygate,Sussex,1,3.7,HAVERSINE_STRAIGHT_LINE,15.0,PRESERVE_TRUE_JOB_LOCATION,REVIEW
Crawley,Sussex,2,Horley,Surrey,1,4.4,HAVERSINE_STRAIGHT_LINE,15.0,PRESERVE_TRUE_JOB_LOCATION,REVIEW
Crawley,Sussex,2,Horsham,Sussex,1,7.2,HAVERSINE_STRAIGHT_LINE,15.0,PRESERVE_TRUE_JOB_LOCATION,REVIEW
Crawley,Sussex,2,Lingfield,Surrey,2,8.5,HAVERSINE_STRAIGHT_LINE,15.0,PRESERVE_TRUE_JOB_LOCATION,REVIEW
Crawley,Sussex,2,Redhill,Surrey,4,8.8,HAVERSINE_STRAIGHT_LINE,15.0,PRESERVE_TRUE_JOB_LOCATION,REVIEW
Crawley,Sussex,2,Dorking,Surrey,2,10.5,HAVERSINE_STRAIGHT_LINE,15.0,PRESERVE_TRUE_JOB_LOCATION,REVIEW
Crawley,Sussex,2,Oxted,Surrey,1,12.6,HAVERSINE_STRAIGHT_LINE,15.0,PRESERVE_TRUE_JOB_LOCATION,REVIEW
Crawley,Sussex,2,Tadworth,Surrey,1,12.6,HAVERSINE_STRAIGHT_LINE,15.0,PRESERVE_TRUE_JOB_LOCATION,REVIEW
Crawley,Sussex,2,Fetcham,Surrey,1,14.3,HAVERSINE_STRAIGHT_LINE,15.0,PRESERVE_TRUE_JOB_LOCATION,REVIEW
Crewe,Cheshire - East,3,Nantwich,Cheshire - East,1,3.8,HAVERSINE_STRAIGHT_LINE,15.0,PRESERVE_TRUE_JOB_LOCATION,REVIEW
Crewe,Cheshire - East,3,Winsford,Cheshire - West,1,7.3,HAVERSINE_STRAIGHT_LINE,15.0,PRESERVE_TRUE_JOB_LOCATION,REVIEW
Crewe,Cheshire - East,3,Northwich,Cheshire - West,1,11.6,HAVERSINE_STRAIGHT_LINE,15.0,PRESERVE_TRUE_JOB_LOCATION,REVIEW
Crewe,Cheshire - East,3,Stoke-on-trent,Staffordshire,3,12.5,HAVERSINE_STRAIGHT_LINE,15.0,PRESERVE_TRUE_JOB_LOCATION,REVIEW
Crewe,Cheshire - East,3,Knutsford,Cheshire - East,2,14.4,HAVERSINE_STRAIGHT_LINE,15.0,PRESERVE_TRUE_JOB_LOCATION,REVIEW
Croydon,London,3,Carshalton,London,1,3.1,HAVERSINE_STRAIGHT_LINE,15.0,PRESERVE_TRUE_JOB_LOCATION,REVIEW
Croydon,London,3,Beckenham,London,1,3.7,HAVERSINE_STRAIGHT_LINE,15.0,PRESERVE_TRUE_JOB_LOCATION,REVIEW
Croydon,London,3,Morden,London,1,4.4,HAVERSINE_STRAIGHT_LINE,15.0,PRESERVE_TRUE_JOB_LOCATION,REVIEW
Croydon,London,3,Sutton,London,2,4.9,HAVERSINE_STRAIGHT_LINE,15.0,PRESERVE_TRUE_JOB_LOCATION,REVIEW
Croydon,London,3,Bromley,London,4,5.2,HAVERSINE_STRAIGHT_LINE,15.0,PRESERVE_TRUE_JOB_LOCATION,REVIEW
Croydon,London,3,Wandsworth,London,4,6.9,HAVERSINE_STRAIGHT_LINE,15.0,PRESERVE_TRUE_JOB_LOCATION,REVIEW
Croydon,London,3,Chislehurst,London,1,7.6,HAVERSINE_STRAIGHT_LINE,15.0,PRESERVE_TRUE_JOB_LOCATION,REVIEW
Croydon,London,3,Lambeth,London,1,7.8,HAVERSINE_STRAIGHT_LINE,15.0,PRESERVE_TRUE_JOB_LOCATION,REVIEW
Croydon,London,3,Epsom,Surrey,3,8.2,HAVERSINE_STRAIGHT_LINE,15.0,PRESERVE_TRUE_JOB_LOCATION,REVIEW
Croydon,London,3,Knightsbridge,London,1,8.6,HAVERSINE_STRAIGHT_LINE,15.0,PRESERVE_TRUE_JOB_LOCATION,REVIEW
Croydon,London,3,Tadworth,Surrey,1,8.6,HAVERSINE_STRAIGHT_LINE,15.0,PRESERVE_TRUE_JOB_LOCATION,REVIEW
Croydon,London,3,Kingston Upon Thames,London,1,8.7,HAVERSINE_STRAIGHT_LINE,15.0,PRESERVE_TRUE_JOB_LOCATION,REVIEW
Croydon,London,3,London,London,220,8.7,HAVERSINE_STRAIGHT_LINE,15.0,PRESERVE_TRUE_JOB_LOCATION,REVIEW
Croydon,London,3,Chessington,London,1,8.9,HAVERSINE_STRAIGHT_LINE,15.0,PRESERVE_TRUE_JOB_LOCATION,REVIEW
Croydon,London,3,Sidcup,London,1,9.3,HAVERSINE_STRAIGHT_LINE,15.0,PRESERVE_TRUE_JOB_LOCATION,REVIEW
Croydon,London,3,Oxted,Surrey,1,9.6,HAVERSINE_STRAIGHT_LINE,15.0,PRESERVE_TRUE_JOB_LOCATION,REVIEW
Croydon,London,3,Redhill,Surrey,4,10.3,HAVERSINE_STRAIGHT_LINE,15.0,PRESERVE_TRUE_JOB_LOCATION,REVIEW
Croydon,London,3,Islington,London,1,10.6,HAVERSINE_STRAIGHT_LINE,15.0,PRESERVE_TRUE_JOB_LOCATION,REVIEW
Croydon,London,3,Brentford,London,2,11.4,HAVERSINE_STRAIGHT_LINE,15.0,PRESERVE_TRUE_JOB_LOCATION,REVIEW
Croydon,London,3,Isleworth,London,3,12.2,HAVERSINE_STRAIGHT_LINE,15.0,PRESERVE_TRUE_JOB_LOCATION,REVIEW
Croydon,London,3,Middlesex,London,6,12.6,HAVERSINE_STRAIGHT_LINE,15.0,PRESERVE_TRUE_JOB_LOCATION,REVIEW
Croydon,London,3,Fetcham,Surrey,1,12.8,HAVERSINE_STRAIGHT_LINE,15.0,PRESERVE_TRUE_JOB_LOCATION,REVIEW
Croydon,London,3,Walton-on-thames,Surrey,1,13.5,HAVERSINE_STRAIGHT_LINE,15.0,PRESERVE_TRUE_JOB_LOCATION,REVIEW
Croydon,London,3,Dartford,Kent,1,14.2,HAVERSINE_STRAIGHT_LINE,15.0,PRESERVE_TRUE_JOB_LOCATION,REVIEW
Croydon,London,3,Ilford,London,1,14.2,HAVERSINE_STRAIGHT_LINE,15.0,PRESERVE_TRUE_JOB_LOCATION,REVIEW
Croydon,London,3,Dorking,Surrey,2,14.5,HAVERSINE_STRAIGHT_LINE,15.0,PRESERVE_TRUE_JOB_LOCATION,REVIEW
Croydon,London,3,Sevenoaks,Kent,2,14.6,HAVERSINE_STRAIGHT_LINE,15.0,PRESERVE_TRUE_JOB_LOCATION,REVIEW
Croydon,London,3,Southall,London,1,14.6,HAVERSINE_STRAIGHT_LINE,15.0,PRESERVE_TRUE_JOB_LOCATION,REVIEW
Croydon,London,3,Horley,Surrey,1,14.7,HAVERSINE_STRAIGHT_LINE,15.0,PRESERVE_TRUE_JOB_LOCATION,REVIEW
Croydon,London,3,Lingfield,Surrey,2,14.7,HAVERSINE_STRAIGHT_LINE,15.0,PRESERVE_TRUE_JOB_LOCATION,REVIEW
Dagenham,London,2,Hornchurch,London,1,2.2,HAVERSINE_STRAIGHT_LINE,15.0,PRESERVE_TRUE_JOB_LOCATION,REVIEW
Dagenham,London,2,Rainham,London,1,2.6,HAVERSINE_STRAIGHT_LINE,15.0,PRESERVE_TRUE_JOB_LOCATION,REVIEW
Dagenham,London,2,Upminster,London,1,3.8,HAVERSINE_STRAIGHT_LINE,15.0,PRESERVE_TRUE_JOB_LOCATION,REVIEW
Dagenham,London,2,Ilford,London,1,4.1,HAVERSINE_STRAIGHT_LINE,15.0,PRESERVE_TRUE_JOB_LOCATION,REVIEW
Dagenham,London,2,Dartford,Kent,1,7.4,HAVERSINE_STRAIGHT_LINE,15.0,PRESERVE_TRUE_JOB_LOCATION,REVIEW
Dagenham,London,2,Brentwood,Essex,1,7.7,HAVERSINE_STRAIGHT_LINE,15.0,PRESERVE_TRUE_JOB_LOCATION,REVIEW
Dagenham,London,2,Sidcup,London,1,9.0,HAVERSINE_STRAIGHT_LINE,15.0,PRESERVE_TRUE_JOB_LOCATION,REVIEW
Dagenham,London,2,Chislehurst,London,1,10.1,HAVERSINE_STRAIGHT_LINE,15.0,PRESERVE_TRUE_JOB_LOCATION,REVIEW
Dagenham,London,2,Gravesend,Kent,2,11.5,HAVERSINE_STRAIGHT_LINE,15.0,PRESERVE_TRUE_JOB_LOCATION,REVIEW
Dagenham,London,2,Islington,London,1,11.6,HAVERSINE_STRAIGHT_LINE,15.0,PRESERVE_TRUE_JOB_LOCATION,REVIEW
Dagenham,London,2,Bromley,London,4,11.9,HAVERSINE_STRAIGHT_LINE,15.0,PRESERVE_TRUE_JOB_LOCATION,REVIEW
Dagenham,London,2,Lambeth,London,1,12.5,HAVERSINE_STRAIGHT_LINE,15.0,PRESERVE_TRUE_JOB_LOCATION,REVIEW
Dagenham,London,2,Beckenham,London,1,12.8,HAVERSINE_STRAIGHT_LINE,15.0,PRESERVE_TRUE_JOB_LOCATION,REVIEW
Dagenham,London,2,Enfield,London,1,12.9,HAVERSINE_STRAIGHT_LINE,15.0,PRESERVE_TRUE_JOB_LOCATION,REVIEW
Dagenham,London,2,London,London,220,12.9,HAVERSINE_STRAIGHT_LINE,15.0,PRESERVE_TRUE_JOB_LOCATION,REVIEW
Dagenham,London,2,Knightsbridge,London,1,14.5,HAVERSINE_STRAIGHT_LINE,15.0,PRESERVE_TRUE_JOB_LOCATION,REVIEW
Darlington,North East - County Durham & Darlington/Hartlepool,4,Bishop Auckland,North East - County Durham & Darlington/Hartlepool,1,10.4,HAVERSINE_STRAIGHT_LINE,15.0,PRESERVE_TRUE_JOB_LOCATION,REVIEW
Darlington,North East - County Durham & Darlington/Hartlepool,4,Spennymoor,North East - County Durham & Darlington/Hartlepool,1,12.2,HAVERSINE_STRAIGHT_LINE,15.0,PRESERVE_TRUE_JOB_LOCATION,REVIEW
Darlington,North East - County Durham & Darlington/Hartlepool,4,Northallerton,Yorkshire - North,5,13.7,HAVERSINE_STRAIGHT_LINE,15.0,PRESERVE_TRUE_JOB_LOCATION,REVIEW
Dartford,Kent,1,Rainham,London,1,4.9,HAVERSINE_STRAIGHT_LINE,15.0,PRESERVE_TRUE_JOB_LOCATION,REVIEW
Dartford,Kent,1,Sidcup,London,1,5.0,HAVERSINE_STRAIGHT_LINE,15.0,PRESERVE_TRUE_JOB_LOCATION,REVIEW
Dartford,Kent,1,Chislehurst,London,1,6.6,HAVERSINE_STRAIGHT_LINE,15.0,PRESERVE_TRUE_JOB_LOCATION,REVIEW
Dartford,Kent,1,Gravesend,Kent,2,6.8,HAVERSINE_STRAIGHT_LINE,15.0,PRESERVE_TRUE_JOB_LOCATION,REVIEW
Dartford,Kent,1,Dagenham,London,2,7.4,HAVERSINE_STRAIGHT_LINE,15.0,PRESERVE_TRUE_JOB_LOCATION,REVIEW
Dartford,Kent,1,Hornchurch,London,1,7.6,HAVERSINE_STRAIGHT_LINE,15.0,PRESERVE_TRUE_JOB_LOCATION,REVIEW
Dartford,Kent,1,Upminster,London,1,7.8,HAVERSINE_STRAIGHT_LINE,15.0,PRESERVE_TRUE_JOB_LOCATION,REVIEW
Dartford,Kent,1,Bromley,London,4,9.0,HAVERSINE_STRAIGHT_LINE,15.0,PRESERVE_TRUE_JOB_LOCATION,REVIEW
Dartford,Kent,1,Ilford,London,1,9.8,HAVERSINE_STRAIGHT_LINE,15.0,PRESERVE_TRUE_JOB_LOCATION,REVIEW
Dartford,Kent,1,Beckenham,London,1,10.6,HAVERSINE_STRAIGHT_LINE,15.0,PRESERVE_TRUE_JOB_LOCATION,REVIEW
Dartford,Kent,1,Sevenoaks,Kent,2,12.1,HAVERSINE_STRAIGHT_LINE,15.0,PRESERVE_TRUE_JOB_LOCATION,REVIEW
Dartford,Kent,1,Brentwood,Essex,1,12.7,HAVERSINE_STRAIGHT_LINE,15.0,PRESERVE_TRUE_JOB_LOCATION,REVIEW
Dartford,Kent,1,Snodland,Kent,1,12.7,HAVERSINE_STRAIGHT_LINE,15.0,PRESERVE_TRUE_JOB_LOCATION,REVIEW
Dartford,Kent,1,Rochester,Kent,1,13.2,HAVERSINE_STRAIGHT_LINE,15.0,PRESERVE_TRUE_JOB_LOCATION,REVIEW
Dartford,Kent,1,West Malling,Kent,1,13.6,HAVERSINE_STRAIGHT_LINE,15.0,PRESERVE_TRUE_JOB_LOCATION,REVIEW
Dartford,Kent,1,Croydon,London,3,14.2,HAVERSINE_STRAIGHT_LINE,15.0,PRESERVE_TRUE_JOB_LOCATION,REVIEW
Dartford,Kent,1,Lambeth,London,1,14.4,HAVERSINE_STRAIGHT_LINE,15.0,PRESERVE_TRUE_JOB_LOCATION,REVIEW
Dartford,Kent,1,Gillingham,Kent,3,14.9,HAVERSINE_STRAIGHT_LINE,15.0,PRESERVE_TRUE_JOB_LOCATION,REVIEW
Dartford,Kent,1,Islington,London,1,15.0,HAVERSINE_STRAIGHT_LINE,15.0,PRESERVE_TRUE_JOB_LOCATION,REVIEW
Dewsbury,Yorkshire - West,2,Batley,Yorkshire - West,1,0.9,HAVERSINE_STRAIGHT_LINE,15.0,PRESERVE_TRUE_JOB_LOCATION,REVIEW
Dewsbury,Yorkshire - West,2,Wakefield,Yorkshire - West,9,5.4,HAVERSINE_STRAIGHT_LINE,15.0,PRESERVE_TRUE_JOB_LOCATION,REVIEW
Dewsbury,Yorkshire - West,2,Brighouse,Yorkshire - West,4,6.4,HAVERSINE_STRAIGHT_LINE,15.0,PRESERVE_TRUE_JOB_LOCATION,REVIEW
Dewsbury,Yorkshire - West,2,Huddersfield,Yorkshire - West,2,7.0,HAVERSINE_STRAIGHT_LINE,15.0,PRESERVE_TRUE_JOB_LOCATION,REVIEW
Dewsbury,Yorkshire - West,2,Pudsey,Yorkshire - West,1,7.3,HAVERSINE_STRAIGHT_LINE,15.0,PRESERVE_TRUE_JOB_LOCATION,REVIEW
Dewsbury,Yorkshire - West,2,Leeds,Yorkshire - West,25,8.0,HAVERSINE_STRAIGHT_LINE,15.0,PRESERVE_TRUE_JOB_LOCATION,REVIEW
Dewsbury,Yorkshire - West,2,Bradford,Yorkshire - West,11,8.7,HAVERSINE_STRAIGHT_LINE,15.0,PRESERVE_TRUE_JOB_LOCATION,REVIEW
Dewsbury,Yorkshire - West,2,Normanton,Yorkshire - West,1,8.7,HAVERSINE_STRAIGHT_LINE,15.0,PRESERVE_TRUE_JOB_LOCATION,REVIEW
Dewsbury,Yorkshire - West,2,Bingley,Yorkshire - West,1,13.9,HAVERSINE_STRAIGHT_LINE,15.0,PRESERVE_TRUE_JOB_LOCATION,REVIEW
Doncaster,Yorkshire - South,7,Rotherham,Yorkshire - South,3,11.3,HAVERSINE_STRAIGHT_LINE,15.0,PRESERVE_TRUE_JOB_LOCATION,REVIEW
Doncaster,Yorkshire - South,7,Brinsworth,Yorkshire - South,1,12.6,HAVERSINE_STRAIGHT_LINE,15.0,PRESERVE_TRUE_JOB_LOCATION,REVIEW
Dorking,Surrey,2,Fetcham,Surrey,1,4.0,HAVERSINE_STRAIGHT_LINE,15.0,PRESERVE_TRUE_JOB_LOCATION,REVIEW
Dorking,Surrey,2,Tadworth,Surrey,1,5.9,HAVERSINE_STRAIGHT_LINE,15.0,PRESERVE_TRUE_JOB_LOCATION,REVIEW
Dorking,Surrey,2,Redhill,Surrey,4,7.1,HAVERSINE_STRAIGHT_LINE,15.0,PRESERVE_TRUE_JOB_LOCATION,REVIEW
Dorking,Surrey,2,Epsom,Surrey,3,7.3,HAVERSINE_STRAIGHT_LINE,15.0,PRESERVE_TRUE_JOB_LOCATION,REVIEW
Dorking,Surrey,2,Horley,Surrey,1,8.6,HAVERSINE_STRAIGHT_LINE,15.0,PRESERVE_TRUE_JOB_LOCATION,REVIEW
Dorking,Surrey,2,Chessington,London,1,9.1,HAVERSINE_STRAIGHT_LINE,15.0,PRESERVE_TRUE_JOB_LOCATION,REVIEW
Dorking,Surrey,2,Faygate,Sussex,1,10.0,HAVERSINE_STRAIGHT_LINE,15.0,PRESERVE_TRUE_JOB_LOCATION,REVIEW
Dorking,Surrey,2,Sutton,London,2,10.0,HAVERSINE_STRAIGHT_LINE,15.0,PRESERVE_TRUE_JOB_LOCATION,REVIEW
Dorking,Surrey,2,Guildford,Surrey,1,10.4,HAVERSINE_STRAIGHT_LINE,15.0,PRESERVE_TRUE_JOB_LOCATION,REVIEW
Dorking,Surrey,2,Crawley,Sussex,2,10.5,HAVERSINE_STRAIGHT_LINE,15.0,PRESERVE_TRUE_JOB_LOCATION,REVIEW
Dorking,Surrey,2,Walton-on-thames,Surrey,1,11.2,HAVERSINE_STRAIGHT_LINE,15.0,PRESERVE_TRUE_JOB_LOCATION,REVIEW
Dorking,Surrey,2,Horsham,Sussex,1,11.7,HAVERSINE_STRAIGHT_LINE,15.0,PRESERVE_TRUE_JOB_LOCATION,REVIEW
Dorking,Surrey,2,Carshalton,London,1,11.8,HAVERSINE_STRAIGHT_LINE,15.0,PRESERVE_TRUE_JOB_LOCATION,REVIEW
Dorking,Surrey,2,Shepperton,Surrey,1,12.3,HAVERSINE_STRAIGHT_LINE,15.0,PRESERVE_TRUE_JOB_LOCATION,REVIEW
Dorking,Surrey,2,Godalming,Surrey,1,12.6,HAVERSINE_STRAIGHT_LINE,15.0,PRESERVE_TRUE_JOB_LOCATION,REVIEW
Dorking,Surrey,2,Kingston Upon Thames,London,1,12.6,HAVERSINE_STRAIGHT_LINE,15.0,PRESERVE_TRUE_JOB_LOCATION,REVIEW
Dorking,Surrey,2,Morden,London,1,12.9,HAVERSINE_STRAIGHT_LINE,15.0,PRESERVE_TRUE_JOB_LOCATION,REVIEW
Dorking,Surrey,2,Chertsey,Surrey,1,13.1,HAVERSINE_STRAIGHT_LINE,15.0,PRESERVE_TRUE_JOB_LOCATION,REVIEW
Dorking,Surrey,2,Lingfield,Surrey,2,14.3,HAVERSINE_STRAIGHT_LINE,15.0,PRESERVE_TRUE_JOB_LOCATION,REVIEW
Dorking,Surrey,2,Oxted,Surrey,1,14.3,HAVERSINE_STRAIGHT_LINE,15.0,PRESERVE_TRUE_JOB_LOCATION,REVIEW
Dorking,Surrey,2,Croydon,London,3,14.5,HAVERSINE_STRAIGHT_LINE,15.0,PRESERVE_TRUE_JOB_LOCATION,REVIEW
Droitwich,Worcestershire,1,Worcester,Worcestershire,2,6.1,HAVERSINE_STRAIGHT_LINE,15.0,PRESERVE_TRUE_JOB_LOCATION,REVIEW
Dudley,West Midlands - Black Country,1,Tipton,West Midlands - Black Country,2,2.1,HAVERSINE_STRAIGHT_LINE,15.0,PRESERVE_TRUE_JOB_LOCATION,REVIEW
Dudley,West Midlands - Black Country,1,Wolverhampton,West Midlands - Black Country,3,6.1,HAVERSINE_STRAIGHT_LINE,15.0,PRESERVE_TRUE_JOB_LOCATION,REVIEW
Dudley,West Midlands - Black Country,1,Walsall,West Midlands - Black Country,1,7.2,HAVERSINE_STRAIGHT_LINE,15.0,PRESERVE_TRUE_JOB_LOCATION,REVIEW
Dudley,West Midlands - Black Country,1,Birmingham,West Midlands - Birmingham & Solihull,31,7.8,HAVERSINE_STRAIGHT_LINE,15.0,PRESERVE_TRUE_JOB_LOCATION,REVIEW
Dudley,West Midlands - Black Country,1,Cannock,Staffordshire,1,13.3,HAVERSINE_STRAIGHT_LINE,15.0,PRESERVE_TRUE_JOB_LOCATION,REVIEW
Dudley,West Midlands - Black Country,1,Solihull,West Midlands - Birmingham & Solihull,3,14.0,HAVERSINE_STRAIGHT_LINE,15.0,PRESERVE_TRUE_JOB_LOCATION,REVIEW
Dudley,West Midlands - Black Country,1,Chelmsley Wood,West Midlands - Birmingham & Solihull,2,14.6,HAVERSINE_STRAIGHT_LINE,15.0,PRESERVE_TRUE_JOB_LOCATION,REVIEW
Dundee,Scotland Central - Tayside,4,Forfar,Scotland Central - Tayside,2,12.5,HAVERSINE_STRAIGHT_LINE,15.0,PRESERVE_TRUE_JOB_LOCATION,REVIEW
Durham,North East - County Durham & Darlington/Hartlepool,6,Meadowfield,North East - County Durham & Darlington/Hartlepool,1,2.3,HAVERSINE_STRAIGHT_LINE,15.0,PRESERVE_TRUE_JOB_LOCATION,REVIEW
Durham,North East - County Durham & Darlington/Hartlepool,6,Spennymoor,North East - County Durham & Darlington/Hartlepool,1,5.5,HAVERSINE_STRAIGHT_LINE,15.0,PRESERVE_TRUE_JOB_LOCATION,REVIEW
Durham,North East - County Durham & Darlington/Hartlepool,6,Chester Le Street,North East - County Durham & Darlington/Hartlepool,4,5.7,HAVERSINE_STRAIGHT_LINE,15.0,PRESERVE_TRUE_JOB_LOCATION,REVIEW
Durham,North East - County Durham & Darlington/Hartlepool,6,Stanley,North East - County Durham & Darlington/Hartlepool,1,8.0,HAVERSINE_STRAIGHT_LINE,15.0,PRESERVE_TRUE_JOB_LOCATION,REVIEW
Durham,North East - County Durham & Darlington/Hartlepool,6,Washington,"North East - Tyneside, Wearside & Northumberland",1,8.8,HAVERSINE_STRAIGHT_LINE,15.0,PRESERVE_TRUE_JOB_LOCATION,REVIEW
Durham,North East - County Durham & Darlington/Hartlepool,6,Bishop Auckland,North East - County Durham & Darlington/Hartlepool,1,9.3,HAVERSINE_STRAIGHT_LINE,15.0,PRESERVE_TRUE_JOB_LOCATION,REVIEW
Durham,North East - County Durham & Darlington/Hartlepool,6,Peterlee,North East - County Durham & Darlington/Hartlepool,1,9.6,HAVERSINE_STRAIGHT_LINE,15.0,PRESERVE_TRUE_JOB_LOCATION,REVIEW
Durham,North East - County Durham & Darlington/Hartlepool,6,Sunderland,"North East - Tyneside, Wearside & Northumberland",1,11.7,HAVERSINE_STRAIGHT_LINE,15.0,PRESERVE_TRUE_JOB_LOCATION,REVIEW
Durham,North East - County Durham & Darlington/Hartlepool,6,Gateshead,"North East - Tyneside, Wearside & Northumberland",6,12.8,HAVERSINE_STRAIGHT_LINE,15.0,PRESERVE_TRUE_JOB_LOCATION,REVIEW
Durham,North East - County Durham & Darlington/Hartlepool,6,Newcastle Upon Tyne,"North East - Tyneside, Wearside & Northumberland",43,13.7,HAVERSINE_STRAIGHT_LINE,15.0,PRESERVE_TRUE_JOB_LOCATION,REVIEW
Durham,North East - County Durham & Darlington/Hartlepool,6,Hebburn,"North East - Tyneside, Wearside & Northumberland",2,13.8,HAVERSINE_STRAIGHT_LINE,15.0,PRESERVE_TRUE_JOB_LOCATION,REVIEW
Eastbourne,Sussex,2,Hailsham,Sussex,1,6.6,HAVERSINE_STRAIGHT_LINE,15.0,PRESERVE_TRUE_JOB_LOCATION,REVIEW
Eastbourne,Sussex,2,Hastings,Sussex,3,14.2,HAVERSINE_STRAIGHT_LINE,15.0,PRESERVE_TRUE_JOB_LOCATION,REVIEW
Eastleigh,Hampshire,3,Southampton,Hampshire,9,4.9,HAVERSINE_STRAIGHT_LINE,15.0,PRESERVE_TRUE_JOB_LOCATION,REVIEW
Eastleigh,Hampshire,3,Romsey,Hampshire,2,6.7,HAVERSINE_STRAIGHT_LINE,15.0,PRESERVE_TRUE_JOB_LOCATION,REVIEW
Eastleigh,Hampshire,3,Winchester,Hampshire,3,6.9,HAVERSINE_STRAIGHT_LINE,15.0,PRESERVE_TRUE_JOB_LOCATION,REVIEW
Eastleigh,Hampshire,3,Fareham,Hampshire,3,10.9,HAVERSINE_STRAIGHT_LINE,15.0,PRESERVE_TRUE_JOB_LOCATION,REVIEW
Edinburgh,Scotland Central - Edinburgh & Lothians,9,Livingston,Scotland Central - Edinburgh & Lothians,1,13.1,HAVERSINE_STRAIGHT_LINE,15.0,PRESERVE_TRUE_JOB_LOCATION,REVIEW
Ellesmere Port,Cheshire - West,2,Chester,Cheshire - West,5,6.1,HAVERSINE_STRAIGHT_LINE,15.0,PRESERVE_TRUE_JOB_LOCATION,REVIEW
Ellesmere Port,Cheshire - West,2,Runcorn,Cheshire - Warrington & Halton,1,8.3,HAVERSINE_STRAIGHT_LINE,15.0,PRESERVE_TRUE_JOB_LOCATION,REVIEW
Ellesmere Port,Cheshire - West,2,Liverpool,Merseyside - Liverpool,18,9.6,HAVERSINE_STRAIGHT_LINE,15.0,PRESERVE_TRUE_JOB_LOCATION,REVIEW
Enfield,London,1,Potters Bar,Hertfordshire,1,4.9,HAVERSINE_STRAIGHT_LINE,15.0,PRESERVE_TRUE_JOB_LOCATION,REVIEW
Enfield,London,1,Barnet,London,1,5.0,HAVERSINE_STRAIGHT_LINE,15.0,PRESERVE_TRUE_JOB_LOCATION,REVIEW
Enfield,London,1,Islington,London,1,8.1,HAVERSINE_STRAIGHT_LINE,15.0,PRESERVE_TRUE_JOB_LOCATION,REVIEW
Enfield,London,1,Borehamwood,London,3,8.3,HAVERSINE_STRAIGHT_LINE,15.0,PRESERVE_TRUE_JOB_LOCATION,REVIEW
Enfield,London,1,Ilford,London,1,9.4,HAVERSINE_STRAIGHT_LINE,15.0,PRESERVE_TRUE_JOB_LOCATION,REVIEW
Enfield,London,1,London,London,220,10.1,HAVERSINE_STRAIGHT_LINE,15.0,PRESERVE_TRUE_JOB_LOCATION,REVIEW
Enfield,London,1,Lambeth,London,1,10.8,HAVERSINE_STRAIGHT_LINE,15.0,PRESERVE_TRUE_JOB_LOCATION,REVIEW
Enfield,London,1,Knightsbridge,London,1,10.9,HAVERSINE_STRAIGHT_LINE,15.0,PRESERVE_TRUE_JOB_LOCATION,REVIEW
Enfield,London,1,Middlesex,London,6,11.5,HAVERSINE_STRAIGHT_LINE,15.0,PRESERVE_TRUE_JOB_LOCATION,REVIEW
Enfield,London,1,Welwyn Garden City,Hertfordshire,1,11.6,HAVERSINE_STRAIGHT_LINE,15.0,PRESERVE_TRUE_JOB_LOCATION,REVIEW
Enfield,London,1,Harrow,London,3,11.8,HAVERSINE_STRAIGHT_LINE,15.0,PRESERVE_TRUE_JOB_LOCATION,REVIEW
Enfield,London,1,Bushey,London,1,11.9,HAVERSINE_STRAIGHT_LINE,15.0,PRESERVE_TRUE_JOB_LOCATION,REVIEW
Enfield,London,1,Harlow,Essex,1,12.0,HAVERSINE_STRAIGHT_LINE,15.0,PRESERVE_TRUE_JOB_LOCATION,REVIEW
Enfield,London,1,St. Albans,Hertfordshire,1,12.6,HAVERSINE_STRAIGHT_LINE,15.0,PRESERVE_TRUE_JOB_LOCATION,REVIEW
Enfield,London,1,Dagenham,London,2,12.9,HAVERSINE_STRAIGHT_LINE,15.0,PRESERVE_TRUE_JOB_LOCATION,REVIEW
Enfield,London,1,Watford,Hertfordshire,2,13.4,HAVERSINE_STRAIGHT_LINE,15.0,PRESERVE_TRUE_JOB_LOCATION,REVIEW
Enfield,London,1,Wandsworth,London,4,14.4,HAVERSINE_STRAIGHT_LINE,15.0,PRESERVE_TRUE_JOB_LOCATION,REVIEW
Enfield,London,1,Hornchurch,London,1,14.5,HAVERSINE_STRAIGHT_LINE,15.0,PRESERVE_TRUE_JOB_LOCATION,REVIEW
Enfield,London,1,Brentford,London,2,15.0,HAVERSINE_STRAIGHT_LINE,15.0,PRESERVE_TRUE_JOB_LOCATION,REVIEW
Epsom,Surrey,3,Chessington,London,1,2.7,HAVERSINE_STRAIGHT_LINE,15.0,PRESERVE_TRUE_JOB_LOCATION,REVIEW
Epsom,Surrey,3,Tadworth,Surrey,1,3.1,HAVERSINE_STRAIGHT_LINE,15.0,PRESERVE_TRUE_JOB_LOCATION,REVIEW
Epsom,Surrey,3,Sutton,London,2,3.3,HAVERSINE_STRAIGHT_LINE,15.0,PRESERVE_TRUE_JOB_LOCATION,REVIEW
Epsom,Surrey,3,Fetcham,Surrey,1,4.7,HAVERSINE_STRAIGHT_LINE,15.0,PRESERVE_TRUE_JOB_LOCATION,REVIEW
Epsom,Surrey,3,Carshalton,London,1,5.1,HAVERSINE_STRAIGHT_LINE,15.0,PRESERVE_TRUE_JOB_LOCATION,REVIEW
Epsom,Surrey,3,Morden,London,1,5.6,HAVERSINE_STRAIGHT_LINE,15.0,PRESERVE_TRUE_JOB_LOCATION,REVIEW
Epsom,Surrey,3,Kingston Upon Thames,London,1,5.8,HAVERSINE_STRAIGHT_LINE,15.0,PRESERVE_TRUE_JOB_LOCATION,REVIEW
Epsom,Surrey,3,Dorking,Surrey,2,7.3,HAVERSINE_STRAIGHT_LINE,15.0,PRESERVE_TRUE_JOB_LOCATION,REVIEW
Epsom,Surrey,3,Walton-on-thames,Surrey,1,7.3,HAVERSINE_STRAIGHT_LINE,15.0,PRESERVE_TRUE_JOB_LOCATION,REVIEW
Epsom,Surrey,3,Redhill,Surrey,4,7.6,HAVERSINE_STRAIGHT_LINE,15.0,PRESERVE_TRUE_JOB_LOCATION,REVIEW
Epsom,Surrey,3,Croydon,London,3,8.2,HAVERSINE_STRAIGHT_LINE,15.0,PRESERVE_TRUE_JOB_LOCATION,REVIEW
Epsom,Surrey,3,Shepperton,Surrey,1,8.9,HAVERSINE_STRAIGHT_LINE,15.0,PRESERVE_TRUE_JOB_LOCATION,REVIEW
Epsom,Surrey,3,Wandsworth,London,4,9.2,HAVERSINE_STRAIGHT_LINE,15.0,PRESERVE_TRUE_JOB_LOCATION,REVIEW
Epsom,Surrey,3,Isleworth,London,3,10.5,HAVERSINE_STRAIGHT_LINE,15.0,PRESERVE_TRUE_JOB_LOCATION,REVIEW
Epsom,Surrey,3,Brentford,London,2,10.9,HAVERSINE_STRAIGHT_LINE,15.0,PRESERVE_TRUE_JOB_LOCATION,REVIEW
Epsom,Surrey,3,Chertsey,Surrey,1,11.0,HAVERSINE_STRAIGHT_LINE,15.0,PRESERVE_TRUE_JOB_LOCATION,REVIEW
Epsom,Surrey,3,Horley,Surrey,1,11.8,HAVERSINE_STRAIGHT_LINE,15.0,PRESERVE_TRUE_JOB_LOCATION,REVIEW
Epsom,Surrey,3,Beckenham,London,1,11.9,HAVERSINE_STRAIGHT_LINE,15.0,PRESERVE_TRUE_JOB_LOCATION,REVIEW
Epsom,Surrey,3,Staines,Surrey,2,12.3,HAVERSINE_STRAIGHT_LINE,15.0,PRESERVE_TRUE_JOB_LOCATION,REVIEW
Epsom,Surrey,3,Oxted,Surrey,1,12.5,HAVERSINE_STRAIGHT_LINE,15.0,PRESERVE_TRUE_JOB_LOCATION,REVIEW
Epsom,Surrey,3,Knightsbridge,London,1,12.7,HAVERSINE_STRAIGHT_LINE,15.0,PRESERVE_TRUE_JOB_LOCATION,REVIEW
Epsom,Surrey,3,Southall,London,1,13.1,HAVERSINE_STRAIGHT_LINE,15.0,PRESERVE_TRUE_JOB_LOCATION,REVIEW
Epsom,Surrey,3,Lambeth,London,1,13.3,HAVERSINE_STRAIGHT_LINE,15.0,PRESERVE_TRUE_JOB_LOCATION,REVIEW
Epsom,Surrey,3,Bromley,London,4,13.4,HAVERSINE_STRAIGHT_LINE,15.0,PRESERVE_TRUE_JOB_LOCATION,REVIEW
Epsom,Surrey,3,London,London,220,13.8,HAVERSINE_STRAIGHT_LINE,15.0,PRESERVE_TRUE_JOB_LOCATION,REVIEW
Epsom,Surrey,3,Middlesex,London,6,13.9,HAVERSINE_STRAIGHT_LINE,15.0,PRESERVE_TRUE_JOB_LOCATION,REVIEW
Epsom,Surrey,3,Guildford,Surrey,1,14.7,HAVERSINE_STRAIGHT_LINE,15.0,PRESERVE_TRUE_JOB_LOCATION,REVIEW
Exeter,Devon,3,Ottery St. Mary,Devon,1,11.6,HAVERSINE_STRAIGHT_LINE,15.0,PRESERVE_TRUE_JOB_LOCATION,REVIEW
Falmouth,Cornwall,1,Truro,Cornwall,1,7.7,HAVERSINE_STRAIGHT_LINE,15.0,PRESERVE_TRUE_JOB_LOCATION,REVIEW
Falmouth,Cornwall,1,Redruth,Cornwall,1,8.7,HAVERSINE_STRAIGHT_LINE,15.0,PRESERVE_TRUE_JOB_LOCATION,REVIEW
Fareham,Hampshire,3,Gosport,Hampshire,1,4.5,HAVERSINE_STRAIGHT_LINE,15.0,PRESERVE_TRUE_JOB_LOCATION,REVIEW
Fareham,Hampshire,3,Portsmouth,Hampshire,2,5.3,HAVERSINE_STRAIGHT_LINE,15.0,PRESERVE_TRUE_JOB_LOCATION,REVIEW
Fareham,Hampshire,3,Havant,Hampshire,1,8.5,HAVERSINE_STRAIGHT_LINE,15.0,PRESERVE_TRUE_JOB_LOCATION,REVIEW
Fareham,Hampshire,3,Southampton,Hampshire,9,10.5,HAVERSINE_STRAIGHT_LINE,15.0,PRESERVE_TRUE_JOB_LOCATION,REVIEW
Fareham,Hampshire,3,Eastleigh,Hampshire,3,10.9,HAVERSINE_STRAIGHT_LINE,15.0,PRESERVE_TRUE_JOB_LOCATION,REVIEW
Faringdon,Oxfordshire,1,Swindon,Wiltshire,4,10.8,HAVERSINE_STRAIGHT_LINE,15.0,PRESERVE_TRUE_JOB_LOCATION,REVIEW
Farnham,Surrey,1,Aldershot,Hampshire,1,2.8,HAVERSINE_STRAIGHT_LINE,15.0,PRESERVE_TRUE_JOB_LOCATION,REVIEW
Farnham,Surrey,1,Godalming,Surrey,1,8.3,HAVERSINE_STRAIGHT_LINE,15.0,PRESERVE_TRUE_JOB_LOCATION,REVIEW
Farnham,Surrey,1,Alton,Hampshire,1,8.8,HAVERSINE_STRAIGHT_LINE,15.0,PRESERVE_TRUE_JOB_LOCATION,REVIEW
Farnham,Surrey,1,Guildford,Surrey,1,9.9,HAVERSINE_STRAIGHT_LINE,15.0,PRESERVE_TRUE_JOB_LOCATION,REVIEW
Farnham,Surrey,1,Basingstoke,Hampshire,1,12.8,HAVERSINE_STRAIGHT_LINE,15.0,PRESERVE_TRUE_JOB_LOCATION,REVIEW
Farnham,Surrey,1,Wokingham,Berkshire,1,13.7,HAVERSINE_STRAIGHT_LINE,15.0,PRESERVE_TRUE_JOB_LOCATION,REVIEW
Farnham,Surrey,1,Bracknell,Berkshire,4,13.9,HAVERSINE_STRAIGHT_LINE,15.0,PRESERVE_TRUE_JOB_LOCATION,REVIEW
Faversham,Kent,1,Whitstable,Kent,1,6.7,HAVERSINE_STRAIGHT_LINE,15.0,PRESERVE_TRUE_JOB_LOCATION,REVIEW
Faversham,Kent,1,Canterbury,Kent,1,8.6,HAVERSINE_STRAIGHT_LINE,15.0,PRESERVE_TRUE_JOB_LOCATION,REVIEW
Faversham,Kent,1,Sheerness,Kent,1,10.2,HAVERSINE_STRAIGHT_LINE,15.0,PRESERVE_TRUE_JOB_LOCATION,REVIEW
Faygate,Sussex,1,Horsham,Sussex,1,3.6,HAVERSINE_STRAIGHT_LINE,15.0,PRESERVE_TRUE_JOB_LOCATION,REVIEW
Faygate,Sussex,1,Crawley,Sussex,2,3.7,HAVERSINE_STRAIGHT_LINE,15.0,PRESERVE_TRUE_JOB_LOCATION,REVIEW
Faygate,Sussex,1,Horley,Surrey,1,7.1,HAVERSINE_STRAIGHT_LINE,15.0,PRESERVE_TRUE_JOB_LOCATION,REVIEW
Faygate,Sussex,1,Dorking,Surrey,2,10.0,HAVERSINE_STRAIGHT_LINE,15.0,PRESERVE_TRUE_JOB_LOCATION,REVIEW
Faygate,Sussex,1,Redhill,Surrey,4,10.9,HAVERSINE_STRAIGHT_LINE,15.0,PRESERVE_TRUE_JOB_LOCATION,REVIEW
Faygate,Sussex,1,Lingfield,Surrey,2,12.1,HAVERSINE_STRAIGHT_LINE,15.0,PRESERVE_TRUE_JOB_LOCATION,REVIEW
Faygate,Sussex,1,Tadworth,Surrey,1,13.7,HAVERSINE_STRAIGHT_LINE,15.0,PRESERVE_TRUE_JOB_LOCATION,REVIEW
Faygate,Sussex,1,Fetcham,Surrey,1,14.0,HAVERSINE_STRAIGHT_LINE,15.0,PRESERVE_TRUE_JOB_LOCATION,REVIEW
Felixstowe,Suffolk,1,Woodbridge,Suffolk,1,9.0,HAVERSINE_STRAIGHT_LINE,15.0,PRESERVE_TRUE_JOB_LOCATION,REVIEW
Fetcham,Surrey,1,Dorking,Surrey,2,4.0,HAVERSINE_STRAIGHT_LINE,15.0,PRESERVE_TRUE_JOB_LOCATION,REVIEW
Fetcham,Surrey,1,Epsom,Surrey,3,4.7,HAVERSINE_STRAIGHT_LINE,15.0,PRESERVE_TRUE_JOB_LOCATION,REVIEW
Fetcham,Surrey,1,Tadworth,Surrey,1,5.2,HAVERSINE_STRAIGHT_LINE,15.0,PRESERVE_TRUE_JOB_LOCATION,REVIEW
Fetcham,Surrey,1,Chessington,London,1,5.6,HAVERSINE_STRAIGHT_LINE,15.0,PRESERVE_TRUE_JOB_LOCATION,REVIEW
Fetcham,Surrey,1,Walton-on-thames,Surrey,1,7.2,HAVERSINE_STRAIGHT_LINE,15.0,PRESERVE_TRUE_JOB_LOCATION,REVIEW
Fetcham,Surrey,1,Sutton,London,2,7.9,HAVERSINE_STRAIGHT_LINE,15.0,PRESERVE_TRUE_JOB_LOCATION,REVIEW
Fetcham,Surrey,1,Shepperton,Surrey,1,8.4,HAVERSINE_STRAIGHT_LINE,15.0,PRESERVE_TRUE_JOB_LOCATION,REVIEW
Fetcham,Surrey,1,Redhill,Surrey,4,8.7,HAVERSINE_STRAIGHT_LINE,15.0,PRESERVE_TRUE_JOB_LOCATION,REVIEW
Fetcham,Surrey,1,Kingston Upon Thames,London,1,8.9,HAVERSINE_STRAIGHT_LINE,15.0,PRESERVE_TRUE_JOB_LOCATION,REVIEW
Fetcham,Surrey,1,Chertsey,Surrey,1,9.5,HAVERSINE_STRAIGHT_LINE,15.0,PRESERVE_TRUE_JOB_LOCATION,REVIEW
Fetcham,Surrey,1,Carshalton,London,1,9.8,HAVERSINE_STRAIGHT_LINE,15.0,PRESERVE_TRUE_JOB_LOCATION,REVIEW
Fetcham,Surrey,1,Guildford,Surrey,1,10.1,HAVERSINE_STRAIGHT_LINE,15.0,PRESERVE_TRUE_JOB_LOCATION,REVIEW
Fetcham,Surrey,1,Morden,London,1,10.2,HAVERSINE_STRAIGHT_LINE,15.0,PRESERVE_TRUE_JOB_LOCATION,REVIEW
Fetcham,Surrey,1,Horley,Surrey,1,11.6,HAVERSINE_STRAIGHT_LINE,15.0,PRESERVE_TRUE_JOB_LOCATION,REVIEW
Fetcham,Surrey,1,Staines,Surrey,2,11.8,HAVERSINE_STRAIGHT_LINE,15.0,PRESERVE_TRUE_JOB_LOCATION,REVIEW
Fetcham,Surrey,1,Croydon,London,3,12.8,HAVERSINE_STRAIGHT_LINE,15.0,PRESERVE_TRUE_JOB_LOCATION,REVIEW
Fetcham,Surrey,1,Isleworth,London,3,12.9,HAVERSINE_STRAIGHT_LINE,15.0,PRESERVE_TRUE_JOB_LOCATION,REVIEW
Fetcham,Surrey,1,Godalming,Surrey,1,13.3,HAVERSINE_STRAIGHT_LINE,15.0,PRESERVE_TRUE_JOB_LOCATION,REVIEW
Fetcham,Surrey,1,Wandsworth,London,4,13.3,HAVERSINE_STRAIGHT_LINE,15.0,PRESERVE_TRUE_JOB_LOCATION,REVIEW
Fetcham,Surrey,1,Brentford,London,2,13.8,HAVERSINE_STRAIGHT_LINE,15.0,PRESERVE_TRUE_JOB_LOCATION,REVIEW
Fetcham,Surrey,1,Faygate,Sussex,1,14.0,HAVERSINE_STRAIGHT_LINE,15.0,PRESERVE_TRUE_JOB_LOCATION,REVIEW
Fetcham,Surrey,1,Crawley,Sussex,2,14.3,HAVERSINE_STRAIGHT_LINE,15.0,PRESERVE_TRUE_JOB_LOCATION,REVIEW
Forfar,Scotland Central - Tayside,2,Dundee,Scotland Central - Tayside,4,12.5,HAVERSINE_STRAIGHT_LINE,15.0,PRESERVE_TRUE_JOB_LOCATION,REVIEW
Frome,Somerset,1,Bath,Bristol & Bath,2,10.3,HAVERSINE_STRAIGHT_LINE,15.0,PRESERVE_TRUE_JOB_LOCATION,REVIEW
Gateshead,"North East - Tyneside, Wearside & Northumberland",6,Newcastle Upon Tyne,"North East - Tyneside, Wearside & Northumberland",43,0.9,HAVERSINE_STRAIGHT_LINE,15.0,PRESERVE_TRUE_JOB_LOCATION,REVIEW
Gateshead,"North East - Tyneside, Wearside & Northumberland",6,Hebburn,"North East - Tyneside, Wearside & Northumberland",2,3.5,HAVERSINE_STRAIGHT_LINE,15.0,PRESERVE_TRUE_JOB_LOCATION,REVIEW
Gateshead,"North East - Tyneside, Wearside & Northumberland",6,Washington,"North East - Tyneside, Wearside & Northumberland",1,5.5,HAVERSINE_STRAIGHT_LINE,15.0,PRESERVE_TRUE_JOB_LOCATION,REVIEW
Gateshead,"North East - Tyneside, Wearside & Northumberland",6,Ryton,"North East - Tyneside, Wearside & Northumberland",1,6.5,HAVERSINE_STRAIGHT_LINE,15.0,PRESERVE_TRUE_JOB_LOCATION,REVIEW
Gateshead,"North East - Tyneside, Wearside & Northumberland",6,Chester Le Street,North East - County Durham & Darlington/Hartlepool,4,7.2,HAVERSINE_STRAIGHT_LINE,15.0,PRESERVE_TRUE_JOB_LOCATION,REVIEW
Gateshead,"North East - Tyneside, Wearside & Northumberland",6,Stanley,North East - County Durham & Darlington/Hartlepool,1,7.6,HAVERSINE_STRAIGHT_LINE,15.0,PRESERVE_TRUE_JOB_LOCATION,REVIEW
Gateshead,"North East - Tyneside, Wearside & Northumberland",6,Cramlington,"North East - Tyneside, Wearside & Northumberland",1,8.6,HAVERSINE_STRAIGHT_LINE,15.0,PRESERVE_TRUE_JOB_LOCATION,REVIEW
Gateshead,"North East - Tyneside, Wearside & Northumberland",6,Sunderland,"North East - Tyneside, Wearside & Northumberland",1,9.6,HAVERSINE_STRAIGHT_LINE,15.0,PRESERVE_TRUE_JOB_LOCATION,REVIEW
Gateshead,"North East - Tyneside, Wearside & Northumberland",6,Blyth,"North East - Tyneside, Wearside & Northumberland",1,12.0,HAVERSINE_STRAIGHT_LINE,15.0,PRESERVE_TRUE_JOB_LOCATION,REVIEW
Gateshead,"North East - Tyneside, Wearside & Northumberland",6,Durham,North East - County Durham & Darlington/Hartlepool,6,12.8,HAVERSINE_STRAIGHT_LINE,15.0,PRESERVE_TRUE_JOB_LOCATION,REVIEW
Gateshead,"North East - Tyneside, Wearside & Northumberland",6,Meadowfield,North East - County Durham & Darlington/Hartlepool,1,14.4,HAVERSINE_STRAIGHT_LINE,15.0,PRESERVE_TRUE_JOB_LOCATION,REVIEW
Gillingham,Kent,3,Rochester,Kent,1,1.9,HAVERSINE_STRAIGHT_LINE,15.0,PRESERVE_TRUE_JOB_LOCATION,REVIEW
Gillingham,Kent,3,Snodland,Kent,1,6.1,HAVERSINE_STRAIGHT_LINE,15.0,PRESERVE_TRUE_JOB_LOCATION,REVIEW
Gillingham,Kent,3,Gravesend,Kent,2,8.5,HAVERSINE_STRAIGHT_LINE,15.0,PRESERVE_TRUE_JOB_LOCATION,REVIEW
Gillingham,Kent,3,Maidstone,Kent,5,8.6,HAVERSINE_STRAIGHT_LINE,15.0,PRESERVE_TRUE_JOB_LOCATION,REVIEW
Gillingham,Kent,3,West Malling,Kent,1,9.0,HAVERSINE_STRAIGHT_LINE,15.0,PRESERVE_TRUE_JOB_LOCATION,REVIEW
Gillingham,Kent,3,Sheerness,Kent,1,9.9,HAVERSINE_STRAIGHT_LINE,15.0,PRESERVE_TRUE_JOB_LOCATION,REVIEW
Gillingham,Kent,3,Southend-on-sea,Essex,1,12.5,HAVERSINE_STRAIGHT_LINE,15.0,PRESERVE_TRUE_JOB_LOCATION,REVIEW
Gillingham,Kent,3,Dartford,Kent,1,14.9,HAVERSINE_STRAIGHT_LINE,15.0,PRESERVE_TRUE_JOB_LOCATION,REVIEW
Gloucester,Gloucestershire,3,Stroud,Gloucestershire,1,8.2,HAVERSINE_STRAIGHT_LINE,15.0,PRESERVE_TRUE_JOB_LOCATION,REVIEW
Godalming,Surrey,1,Guildford,Surrey,1,3.8,HAVERSINE_STRAIGHT_LINE,15.0,PRESERVE_TRUE_JOB_LOCATION,REVIEW
Godalming,Surrey,1,Aldershot,Hampshire,1,7.8,HAVERSINE_STRAIGHT_LINE,15.0,PRESERVE_TRUE_JOB_LOCATION,REVIEW
Godalming,Surrey,1,Farnham,Surrey,1,8.3,HAVERSINE_STRAIGHT_LINE,15.0,PRESERVE_TRUE_JOB_LOCATION,REVIEW
Godalming,Surrey,1,Dorking,Surrey,2,12.6,HAVERSINE_STRAIGHT_LINE,15.0,PRESERVE_TRUE_JOB_LOCATION,REVIEW
Godalming,Surrey,1,Fetcham,Surrey,1,13.3,HAVERSINE_STRAIGHT_LINE,15.0,PRESERVE_TRUE_JOB_LOCATION,REVIEW
Godalming,Surrey,1,Chertsey,Surrey,1,14.7,HAVERSINE_STRAIGHT_LINE,15.0,PRESERVE_TRUE_JOB_LOCATION,REVIEW
Gosport,Hampshire,1,Portsmouth,Hampshire,2,1.7,HAVERSINE_STRAIGHT_LINE,15.0,PRESERVE_TRUE_JOB_LOCATION,REVIEW
Gosport,Hampshire,1,Fareham,Hampshire,3,4.5,HAVERSINE_STRAIGHT_LINE,15.0,PRESERVE_TRUE_JOB_LOCATION,REVIEW
Gosport,Hampshire,1,Havant,Hampshire,1,7.6,HAVERSINE_STRAIGHT_LINE,15.0,PRESERVE_TRUE_JOB_LOCATION,REVIEW
Gosport,Hampshire,1,Southampton,Hampshire,9,14.2,HAVERSINE_STRAIGHT_LINE,15.0,PRESERVE_TRUE_JOB_LOCATION,REVIEW
Gravesend,Kent,2,Dartford,Kent,1,6.8,HAVERSINE_STRAIGHT_LINE,15.0,PRESERVE_TRUE_JOB_LOCATION,REVIEW
Gravesend,Kent,2,Rochester,Kent,1,6.9,HAVERSINE_STRAIGHT_LINE,15.0,PRESERVE_TRUE_JOB_LOCATION,REVIEW
Gravesend,Kent,2,Snodland,Kent,1,8.4,HAVERSINE_STRAIGHT_LINE,15.0,PRESERVE_TRUE_JOB_LOCATION,REVIEW
Gravesend,Kent,2,Gillingham,Kent,3,8.5,HAVERSINE_STRAIGHT_LINE,15.0,PRESERVE_TRUE_JOB_LOCATION,REVIEW
Gravesend,Kent,2,Rainham,London,1,9.2,HAVERSINE_STRAIGHT_LINE,15.0,PRESERVE_TRUE_JOB_LOCATION,REVIEW
Gravesend,Kent,2,Upminster,London,1,9.3,HAVERSINE_STRAIGHT_LINE,15.0,PRESERVE_TRUE_JOB_LOCATION,REVIEW
Gravesend,Kent,2,Hornchurch,London,1,10.3,HAVERSINE_STRAIGHT_LINE,15.0,PRESERVE_TRUE_JOB_LOCATION,REVIEW
Gravesend,Kent,2,West Malling,Kent,1,10.4,HAVERSINE_STRAIGHT_LINE,15.0,PRESERVE_TRUE_JOB_LOCATION,REVIEW
Gravesend,Kent,2,Dagenham,London,2,11.5,HAVERSINE_STRAIGHT_LINE,15.0,PRESERVE_TRUE_JOB_LOCATION,REVIEW
Gravesend,Kent,2,Sidcup,London,1,11.6,HAVERSINE_STRAIGHT_LINE,15.0,PRESERVE_TRUE_JOB_LOCATION,REVIEW
Gravesend,Kent,2,Brentwood,Essex,1,12.7,HAVERSINE_STRAIGHT_LINE,15.0,PRESERVE_TRUE_JOB_LOCATION,REVIEW
Gravesend,Kent,2,Chislehurst,London,1,13.1,HAVERSINE_STRAIGHT_LINE,15.0,PRESERVE_TRUE_JOB_LOCATION,REVIEW
Gravesend,Kent,2,Maidstone,Kent,5,13.7,HAVERSINE_STRAIGHT_LINE,15.0,PRESERVE_TRUE_JOB_LOCATION,REVIEW
Gravesend,Kent,2,Sevenoaks,Kent,2,14.1,HAVERSINE_STRAIGHT_LINE,15.0,PRESERVE_TRUE_JOB_LOCATION,REVIEW
Guildford,Surrey,1,Godalming,Surrey,1,3.8,HAVERSINE_STRAIGHT_LINE,15.0,PRESERVE_TRUE_JOB_LOCATION,REVIEW
Guildford,Surrey,1,Aldershot,Hampshire,1,8.3,HAVERSINE_STRAIGHT_LINE,15.0,PRESERVE_TRUE_JOB_LOCATION,REVIEW
Guildford,Surrey,1,Farnham,Surrey,1,9.9,HAVERSINE_STRAIGHT_LINE,15.0,PRESERVE_TRUE_JOB_LOCATION,REVIEW
Guildford,Surrey,1,Fetcham,Surrey,1,10.1,HAVERSINE_STRAIGHT_LINE,15.0,PRESERVE_TRUE_JOB_LOCATION,REVIEW
Guildford,Surrey,1,Dorking,Surrey,2,10.4,HAVERSINE_STRAIGHT_LINE,15.0,PRESERVE_TRUE_JOB_LOCATION,REVIEW
Guildford,Surrey,1,Chertsey,Surrey,1,10.9,HAVERSINE_STRAIGHT_LINE,15.0,PRESERVE_TRUE_JOB_LOCATION,REVIEW
Guildford,Surrey,1,Shepperton,Surrey,1,12.3,HAVERSINE_STRAIGHT_LINE,15.0,PRESERVE_TRUE_JOB_LOCATION,REVIEW
Guildford,Surrey,1,Walton-on-thames,Surrey,1,12.6,HAVERSINE_STRAIGHT_LINE,15.0,PRESERVE_TRUE_JOB_LOCATION,REVIEW
Guildford,Surrey,1,Staines,Surrey,2,13.8,HAVERSINE_STRAIGHT_LINE,15.0,PRESERVE_TRUE_JOB_LOCATION,REVIEW
Guildford,Surrey,1,Bracknell,Berkshire,4,14.5,HAVERSINE_STRAIGHT_LINE,15.0,PRESERVE_TRUE_JOB_LOCATION,REVIEW
Guildford,Surrey,1,Chessington,London,1,14.6,HAVERSINE_STRAIGHT_LINE,15.0,PRESERVE_TRUE_JOB_LOCATION,REVIEW
Guildford,Surrey,1,Epsom,Surrey,3,14.7,HAVERSINE_STRAIGHT_LINE,15.0,PRESERVE_TRUE_JOB_LOCATION,REVIEW
Hailsham,Sussex,1,Eastbourne,Sussex,2,6.6,HAVERSINE_STRAIGHT_LINE,15.0,PRESERVE_TRUE_JOB_LOCATION,REVIEW
Hailsham,Sussex,1,Hastings,Sussex,3,14.1,HAVERSINE_STRAIGHT_LINE,15.0,PRESERVE_TRUE_JOB_LOCATION,REVIEW
Harlow,Essex,1,Bishop's Stortford,Hertfordshire,1,6.8,HAVERSINE_STRAIGHT_LINE,15.0,PRESERVE_TRUE_JOB_LOCATION,REVIEW
Harlow,Essex,1,Enfield,London,1,12.0,HAVERSINE_STRAIGHT_LINE,15.0,PRESERVE_TRUE_JOB_LOCATION,REVIEW
Harlow,Essex,1,Brentwood,Essex,1,13.6,HAVERSINE_STRAIGHT_LINE,15.0,PRESERVE_TRUE_JOB_LOCATION,REVIEW
Harlow,Essex,1,Potters Bar,Hertfordshire,1,13.7,HAVERSINE_STRAIGHT_LINE,15.0,PRESERVE_TRUE_JOB_LOCATION,REVIEW
Harlow,Essex,1,Welwyn Garden City,Hertfordshire,1,13.7,HAVERSINE_STRAIGHT_LINE,15.0,PRESERVE_TRUE_JOB_LOCATION,REVIEW
Harrogate,Yorkshire - North,3,Knaresborough,Yorkshire - North,2,3.1,HAVERSINE_STRAIGHT_LINE,15.0,PRESERVE_TRUE_JOB_LOCATION,REVIEW
Harrogate,Yorkshire - North,3,Otley,Yorkshire - West,1,8.7,HAVERSINE_STRAIGHT_LINE,15.0,PRESERVE_TRUE_JOB_LOCATION,REVIEW
Harrogate,Yorkshire - North,3,Ripon,Yorkshire - North,1,10.0,HAVERSINE_STRAIGHT_LINE,15.0,PRESERVE_TRUE_JOB_LOCATION,REVIEW
Harrogate,Yorkshire - North,3,Leeds,Yorkshire - West,25,13.4,HAVERSINE_STRAIGHT_LINE,15.0,PRESERVE_TRUE_JOB_LOCATION,REVIEW
Harrogate,Yorkshire - North,3,Pudsey,Yorkshire - West,1,14.4,HAVERSINE_STRAIGHT_LINE,15.0,PRESERVE_TRUE_JOB_LOCATION,REVIEW
Harrow,London,3,Middlesex,London,6,4.2,HAVERSINE_STRAIGHT_LINE,15.0,PRESERVE_TRUE_JOB_LOCATION,REVIEW
Harrow,London,3,Bushey,London,1,4.6,HAVERSINE_STRAIGHT_LINE,15.0,PRESERVE_TRUE_JOB_LOCATION,REVIEW
Harrow,London,3,Southall,London,1,5.1,HAVERSINE_STRAIGHT_LINE,15.0,PRESERVE_TRUE_JOB_LOCATION,REVIEW
Harrow,London,3,Borehamwood,London,3,5.8,HAVERSINE_STRAIGHT_LINE,15.0,PRESERVE_TRUE_JOB_LOCATION,REVIEW
Harrow,London,3,Watford,Hertfordshire,2,6.0,HAVERSINE_STRAIGHT_LINE,15.0,PRESERVE_TRUE_JOB_LOCATION,REVIEW
Harrow,London,3,Brentford,London,2,6.4,HAVERSINE_STRAIGHT_LINE,15.0,PRESERVE_TRUE_JOB_LOCATION,REVIEW
Harrow,London,3,Uxbridge,London,3,6.8,HAVERSINE_STRAIGHT_LINE,15.0,PRESERVE_TRUE_JOB_LOCATION,REVIEW
Harrow,London,3,Isleworth,London,3,7.1,HAVERSINE_STRAIGHT_LINE,15.0,PRESERVE_TRUE_JOB_LOCATION,REVIEW
Harrow,London,3,Barnet,London,1,7.5,HAVERSINE_STRAIGHT_LINE,15.0,PRESERVE_TRUE_JOB_LOCATION,REVIEW
Harrow,London,3,Knightsbridge,London,1,9.0,HAVERSINE_STRAIGHT_LINE,15.0,PRESERVE_TRUE_JOB_LOCATION,REVIEW
Harrow,London,3,Wandsworth,London,4,9.9,HAVERSINE_STRAIGHT_LINE,15.0,PRESERVE_TRUE_JOB_LOCATION,REVIEW
Harrow,London,3,London,London,220,10.1,HAVERSINE_STRAIGHT_LINE,15.0,PRESERVE_TRUE_JOB_LOCATION,REVIEW
Harrow,London,3,Islington,London,1,10.3,HAVERSINE_STRAIGHT_LINE,15.0,PRESERVE_TRUE_JOB_LOCATION,REVIEW
Harrow,London,3,Potters Bar,Hertfordshire,1,10.3,HAVERSINE_STRAIGHT_LINE,15.0,PRESERVE_TRUE_JOB_LOCATION,REVIEW
Harrow,London,3,Kings Langley,Hertfordshire,1,10.7,HAVERSINE_STRAIGHT_LINE,15.0,PRESERVE_TRUE_JOB_LOCATION,REVIEW
Harrow,London,3,Lambeth,London,1,11.0,HAVERSINE_STRAIGHT_LINE,15.0,PRESERVE_TRUE_JOB_LOCATION,REVIEW
Harrow,London,3,Kingston Upon Thames,London,1,11.5,HAVERSINE_STRAIGHT_LINE,15.0,PRESERVE_TRUE_JOB_LOCATION,REVIEW
Harrow,London,3,Enfield,London,1,11.8,HAVERSINE_STRAIGHT_LINE,15.0,PRESERVE_TRUE_JOB_LOCATION,REVIEW
Harrow,London,3,St. Albans,Hertfordshire,1,11.9,HAVERSINE_STRAIGHT_LINE,15.0,PRESERVE_TRUE_JOB_LOCATION,REVIEW
Harrow,London,3,Slough,Berkshire,2,12.3,HAVERSINE_STRAIGHT_LINE,15.0,PRESERVE_TRUE_JOB_LOCATION,REVIEW
Harrow,London,3,Staines,Surrey,2,12.6,HAVERSINE_STRAIGHT_LINE,15.0,PRESERVE_TRUE_JOB_LOCATION,REVIEW
Harrow,London,3,Hemel Hempstead,Hertfordshire,4,13.1,HAVERSINE_STRAIGHT_LINE,15.0,PRESERVE_TRUE_JOB_LOCATION,REVIEW
Harrow,London,3,Windsor,Berkshire,1,13.3,HAVERSINE_STRAIGHT_LINE,15.0,PRESERVE_TRUE_JOB_LOCATION,REVIEW
Harrow,London,3,Amersham,Buckinghamshire,1,13.6,HAVERSINE_STRAIGHT_LINE,15.0,PRESERVE_TRUE_JOB_LOCATION,REVIEW
Harrow,London,3,Shepperton,Surrey,1,13.6,HAVERSINE_STRAIGHT_LINE,15.0,PRESERVE_TRUE_JOB_LOCATION,REVIEW
Harrow,London,3,Morden,London,1,13.7,HAVERSINE_STRAIGHT_LINE,15.0,PRESERVE_TRUE_JOB_LOCATION,REVIEW
Harrow,London,3,Walton-on-thames,Surrey,1,13.7,HAVERSINE_STRAIGHT_LINE,15.0,PRESERVE_TRUE_JOB_LOCATION,REVIEW
Harrow,London,3,Chesham,Buckinghamshire,1,14.2,HAVERSINE_STRAIGHT_LINE,15.0,PRESERVE_TRUE_JOB_LOCATION,REVIEW
Harrow,London,3,Chessington,London,1,15.0,HAVERSINE_STRAIGHT_LINE,15.0,PRESERVE_TRUE_JOB_LOCATION,REVIEW
Hartlepool,North East - County Durham & Darlington/Hartlepool,1,Peterlee,North East - County Durham & Darlington/Hartlepool,1,7.2,HAVERSINE_STRAIGHT_LINE,15.0,PRESERVE_TRUE_JOB_LOCATION,REVIEW
Hastings,Sussex,3,Hailsham,Sussex,1,14.1,HAVERSINE_STRAIGHT_LINE,15.0,PRESERVE_TRUE_JOB_LOCATION,REVIEW
Hastings,Sussex,3,Eastbourne,Sussex,2,14.2,HAVERSINE_STRAIGHT_LINE,15.0,PRESERVE_TRUE_JOB_LOCATION,REVIEW
Havant,Hampshire,1,Portsmouth,Hampshire,2,6.1,HAVERSINE_STRAIGHT_LINE,15.0,PRESERVE_TRUE_JOB_LOCATION,REVIEW
Havant,Hampshire,1,Gosport,Hampshire,1,7.6,HAVERSINE_STRAIGHT_LINE,15.0,PRESERVE_TRUE_JOB_LOCATION,REVIEW
Havant,Hampshire,1,Fareham,Hampshire,3,8.5,HAVERSINE_STRAIGHT_LINE,15.0,PRESERVE_TRUE_JOB_LOCATION,REVIEW
Havant,Hampshire,1,Chichester,Sussex,1,9.1,HAVERSINE_STRAIGHT_LINE,15.0,PRESERVE_TRUE_JOB_LOCATION,REVIEW
Havant,Hampshire,1,Bognor Regis,Sussex,1,14.3,HAVERSINE_STRAIGHT_LINE,15.0,PRESERVE_TRUE_JOB_LOCATION,REVIEW
Hebburn,"North East - Tyneside, Wearside & Northumberland",2,Gateshead,"North East - Tyneside, Wearside & Northumberland",6,3.5,HAVERSINE_STRAIGHT_LINE,15.0,PRESERVE_TRUE_JOB_LOCATION,REVIEW
Hebburn,"North East - Tyneside, Wearside & Northumberland",2,Newcastle Upon Tyne,"North East - Tyneside, Wearside & Northumberland",43,3.9,HAVERSINE_STRAIGHT_LINE,15.0,PRESERVE_TRUE_JOB_LOCATION,REVIEW
Hebburn,"North East - Tyneside, Wearside & Northumberland",2,Washington,"North East - Tyneside, Wearside & Northumberland",1,5.0,HAVERSINE_STRAIGHT_LINE,15.0,PRESERVE_TRUE_JOB_LOCATION,REVIEW
Hebburn,"North East - Tyneside, Wearside & Northumberland",2,Sunderland,"North East - Tyneside, Wearside & Northumberland",1,7.1,HAVERSINE_STRAIGHT_LINE,15.0,PRESERVE_TRUE_JOB_LOCATION,REVIEW
Hebburn,"North East - Tyneside, Wearside & Northumberland",2,Chester Le Street,North East - County Durham & Darlington/Hartlepool,4,8.2,HAVERSINE_STRAIGHT_LINE,15.0,PRESERVE_TRUE_JOB_LOCATION,REVIEW
Hebburn,"North East - Tyneside, Wearside & Northumberland",2,Cramlington,"North East - Tyneside, Wearside & Northumberland",1,8.3,HAVERSINE_STRAIGHT_LINE,15.0,PRESERVE_TRUE_JOB_LOCATION,REVIEW
Hebburn,"North East - Tyneside, Wearside & Northumberland",2,Ryton,"North East - Tyneside, Wearside & Northumberland",1,9.8,HAVERSINE_STRAIGHT_LINE,15.0,PRESERVE_TRUE_JOB_LOCATION,REVIEW
Hebburn,"North East - Tyneside, Wearside & Northumberland",2,Stanley,North East - County Durham & Darlington/Hartlepool,1,10.3,HAVERSINE_STRAIGHT_LINE,15.0,PRESERVE_TRUE_JOB_LOCATION,REVIEW
Hebburn,"North East - Tyneside, Wearside & Northumberland",2,Blyth,"North East - Tyneside, Wearside & Northumberland",1,10.6,HAVERSINE_STRAIGHT_LINE,15.0,PRESERVE_TRUE_JOB_LOCATION,REVIEW
Hebburn,"North East - Tyneside, Wearside & Northumberland",2,Durham,North East - County Durham & Darlington/Hartlepool,6,13.8,HAVERSINE_STRAIGHT_LINE,15.0,PRESERVE_TRUE_JOB_LOCATION,REVIEW
Hemel Hempstead,Hertfordshire,4,Kings Langley,Hertfordshire,1,2.7,HAVERSINE_STRAIGHT_LINE,15.0,PRESERVE_TRUE_JOB_LOCATION,REVIEW
Hemel Hempstead,Hertfordshire,4,Berkhamsted,Hertfordshire,1,5.0,HAVERSINE_STRAIGHT_LINE,15.0,PRESERVE_TRUE_JOB_LOCATION,REVIEW
Hemel Hempstead,Hertfordshire,4,St. Albans,Hertfordshire,1,5.0,HAVERSINE_STRAIGHT_LINE,15.0,PRESERVE_TRUE_JOB_LOCATION,REVIEW
Hemel Hempstead,Hertfordshire,4,Watford,Hertfordshire,2,7.2,HAVERSINE_STRAIGHT_LINE,15.0,PRESERVE_TRUE_JOB_LOCATION,REVIEW
Hemel Hempstead,Hertfordshire,4,Chesham,Buckinghamshire,1,7.4,HAVERSINE_STRAIGHT_LINE,15.0,PRESERVE_TRUE_JOB_LOCATION,REVIEW
Hemel Hempstead,Hertfordshire,4,Bushey,London,1,8.5,HAVERSINE_STRAIGHT_LINE,15.0,PRESERVE_TRUE_JOB_LOCATION,REVIEW
Hemel Hempstead,Hertfordshire,4,Luton,Bedfordshire,1,8.8,HAVERSINE_STRAIGHT_LINE,15.0,PRESERVE_TRUE_JOB_LOCATION,REVIEW
Hemel Hempstead,Hertfordshire,4,Amersham,Buckinghamshire,1,9.3,HAVERSINE_STRAIGHT_LINE,15.0,PRESERVE_TRUE_JOB_LOCATION,REVIEW
Hemel Hempstead,Hertfordshire,4,Borehamwood,London,3,10.1,HAVERSINE_STRAIGHT_LINE,15.0,PRESERVE_TRUE_JOB_LOCATION,REVIEW
Hemel Hempstead,Hertfordshire,4,Welwyn Garden City,Hertfordshire,1,10.9,HAVERSINE_STRAIGHT_LINE,15.0,PRESERVE_TRUE_JOB_LOCATION,REVIEW
Hemel Hempstead,Hertfordshire,4,Potters Bar,Hertfordshire,1,12.3,HAVERSINE_STRAIGHT_LINE,15.0,PRESERVE_TRUE_JOB_LOCATION,REVIEW
Hemel Hempstead,Hertfordshire,4,Barnet,London,1,12.9,HAVERSINE_STRAIGHT_LINE,15.0,PRESERVE_TRUE_JOB_LOCATION,REVIEW
Hemel Hempstead,Hertfordshire,4,Harrow,London,3,13.1,HAVERSINE_STRAIGHT_LINE,15.0,PRESERVE_TRUE_JOB_LOCATION,REVIEW
Hemel Hempstead,Hertfordshire,4,Uxbridge,London,3,14.2,HAVERSINE_STRAIGHT_LINE,15.0,PRESERVE_TRUE_JOB_LOCATION,REVIEW
Hemel Hempstead,Hertfordshire,4,Stevenage,Hertfordshire,1,14.7,HAVERSINE_STRAIGHT_LINE,15.0,PRESERVE_TRUE_JOB_LOCATION,REVIEW
Henley-on-thames,Oxfordshire,1,Marlow,Buckinghamshire,1,6.0,HAVERSINE_STRAIGHT_LINE,15.0,PRESERVE_TRUE_JOB_LOCATION,REVIEW
Henley-on-thames,Oxfordshire,1,Reading,Berkshire,7,6.1,HAVERSINE_STRAIGHT_LINE,15.0,PRESERVE_TRUE_JOB_LOCATION,REVIEW
Henley-on-thames,Oxfordshire,1,Maidenhead,Berkshire,1,7.8,HAVERSINE_STRAIGHT_LINE,15.0,PRESERVE_TRUE_JOB_LOCATION,REVIEW
Henley-on-thames,Oxfordshire,1,Wokingham,Berkshire,1,8.9,HAVERSINE_STRAIGHT_LINE,15.0,PRESERVE_TRUE_JOB_LOCATION,REVIEW
Henley-on-thames,Oxfordshire,1,High Wycombe,Buckinghamshire,6,9.3,HAVERSINE_STRAIGHT_LINE,15.0,PRESERVE_TRUE_JOB_LOCATION,REVIEW
Henley-on-thames,Oxfordshire,1,Bracknell,Berkshire,4,10.5,HAVERSINE_STRAIGHT_LINE,15.0,PRESERVE_TRUE_JOB_LOCATION,REVIEW
Henley-on-thames,Oxfordshire,1,Slough,Berkshire,2,13.2,HAVERSINE_STRAIGHT_LINE,15.0,PRESERVE_TRUE_JOB_LOCATION,REVIEW
Henley-on-thames,Oxfordshire,1,Windsor,Berkshire,1,13.4,HAVERSINE_STRAIGHT_LINE,15.0,PRESERVE_TRUE_JOB_LOCATION,REVIEW
Hessle,Yorkshire - East,2,Cottingham,Yorkshire - East,1,4.0,HAVERSINE_STRAIGHT_LINE,15.0,PRESERVE_TRUE_JOB_LOCATION,REVIEW
Hessle,Yorkshire - East,2,Hull,Yorkshire - East,17,4.4,HAVERSINE_STRAIGHT_LINE,15.0,PRESERVE_TRUE_JOB_LOCATION,REVIEW
Hessle,Yorkshire - East,2,Scunthorpe,Lincolnshire,1,13.4,HAVERSINE_STRAIGHT_LINE,15.0,PRESERVE_TRUE_JOB_LOCATION,REVIEW
High Wycombe,Buckinghamshire,6,Marlow,Buckinghamshire,1,4.3,HAVERSINE_STRAIGHT_LINE,15.0,PRESERVE_TRUE_JOB_LOCATION,REVIEW
High Wycombe,Buckinghamshire,6,Amersham,Buckinghamshire,1,6.3,HAVERSINE_STRAIGHT_LINE,15.0,PRESERVE_TRUE_JOB_LOCATION,REVIEW
High Wycombe,Buckinghamshire,6,Maidenhead,Berkshire,1,7.5,HAVERSINE_STRAIGHT_LINE,15.0,PRESERVE_TRUE_JOB_LOCATION,REVIEW
High Wycombe,Buckinghamshire,6,Chesham,Buckinghamshire,1,8.1,HAVERSINE_STRAIGHT_LINE,15.0,PRESERVE_TRUE_JOB_LOCATION,REVIEW
High Wycombe,Buckinghamshire,6,Henley-on-thames,Oxfordshire,1,9.3,HAVERSINE_STRAIGHT_LINE,15.0,PRESERVE_TRUE_JOB_LOCATION,REVIEW
High Wycombe,Buckinghamshire,6,Slough,Berkshire,2,10.6,HAVERSINE_STRAIGHT_LINE,15.0,PRESERVE_TRUE_JOB_LOCATION,REVIEW
High Wycombe,Buckinghamshire,6,Windsor,Berkshire,1,11.9,HAVERSINE_STRAIGHT_LINE,15.0,PRESERVE_TRUE_JOB_LOCATION,REVIEW
High Wycombe,Buckinghamshire,6,Berkhamsted,Hertfordshire,1,12.0,HAVERSINE_STRAIGHT_LINE,15.0,PRESERVE_TRUE_JOB_LOCATION,REVIEW
High Wycombe,Buckinghamshire,6,Thame,Oxfordshire,1,12.7,HAVERSINE_STRAIGHT_LINE,15.0,PRESERVE_TRUE_JOB_LOCATION,REVIEW
High Wycombe,Buckinghamshire,6,Uxbridge,London,3,12.7,HAVERSINE_STRAIGHT_LINE,15.0,PRESERVE_TRUE_JOB_LOCATION,REVIEW
High Wycombe,Buckinghamshire,6,Aylesbury,Buckinghamshire,3,13.3,HAVERSINE_STRAIGHT_LINE,15.0,PRESERVE_TRUE_JOB_LOCATION,REVIEW
High Wycombe,Buckinghamshire,6,Kings Langley,Hertfordshire,1,14.1,HAVERSINE_STRAIGHT_LINE,15.0,PRESERVE_TRUE_JOB_LOCATION,REVIEW
High Wycombe,Buckinghamshire,6,Bracknell,Berkshire,4,14.9,HAVERSINE_STRAIGHT_LINE,15.0,PRESERVE_TRUE_JOB_LOCATION,REVIEW
Horley,Surrey,1,Crawley,Sussex,2,4.4,HAVERSINE_STRAIGHT_LINE,15.0,PRESERVE_TRUE_JOB_LOCATION,REVIEW
Horley,Surrey,1,Redhill,Surrey,4,4.6,HAVERSINE_STRAIGHT_LINE,15.0,PRESERVE_TRUE_JOB_LOCATION,REVIEW
Horley,Surrey,1,Lingfield,Surrey,2,6.2,HAVERSINE_STRAIGHT_LINE,15.0,PRESERVE_TRUE_JOB_LOCATION,REVIEW
Horley,Surrey,1,Faygate,Sussex,1,7.1,HAVERSINE_STRAIGHT_LINE,15.0,PRESERVE_TRUE_JOB_LOCATION,REVIEW
Horley,Surrey,1,Dorking,Surrey,2,8.6,HAVERSINE_STRAIGHT_LINE,15.0,PRESERVE_TRUE_JOB_LOCATION,REVIEW
Horley,Surrey,1,Oxted,Surrey,1,8.7,HAVERSINE_STRAIGHT_LINE,15.0,PRESERVE_TRUE_JOB_LOCATION,REVIEW
Horley,Surrey,1,Tadworth,Surrey,1,8.8,HAVERSINE_STRAIGHT_LINE,15.0,PRESERVE_TRUE_JOB_LOCATION,REVIEW
Horley,Surrey,1,Horsham,Sussex,1,10.6,HAVERSINE_STRAIGHT_LINE,15.0,PRESERVE_TRUE_JOB_LOCATION,REVIEW
Horley,Surrey,1,Fetcham,Surrey,1,11.6,HAVERSINE_STRAIGHT_LINE,15.0,PRESERVE_TRUE_JOB_LOCATION,REVIEW
Horley,Surrey,1,Epsom,Surrey,3,11.8,HAVERSINE_STRAIGHT_LINE,15.0,PRESERVE_TRUE_JOB_LOCATION,REVIEW
Horley,Surrey,1,Sutton,London,2,12.3,HAVERSINE_STRAIGHT_LINE,15.0,PRESERVE_TRUE_JOB_LOCATION,REVIEW
Horley,Surrey,1,Carshalton,London,1,13.4,HAVERSINE_STRAIGHT_LINE,15.0,PRESERVE_TRUE_JOB_LOCATION,REVIEW
Horley,Surrey,1,Chessington,London,1,14.4,HAVERSINE_STRAIGHT_LINE,15.0,PRESERVE_TRUE_JOB_LOCATION,REVIEW
Horley,Surrey,1,Croydon,London,3,14.7,HAVERSINE_STRAIGHT_LINE,15.0,PRESERVE_TRUE_JOB_LOCATION,REVIEW
Hornchurch,London,1,Upminster,London,1,1.7,HAVERSINE_STRAIGHT_LINE,15.0,PRESERVE_TRUE_JOB_LOCATION,REVIEW
Hornchurch,London,1,Dagenham,London,2,2.2,HAVERSINE_STRAIGHT_LINE,15.0,PRESERVE_TRUE_JOB_LOCATION,REVIEW
Hornchurch,London,1,Rainham,London,1,2.9,HAVERSINE_STRAIGHT_LINE,15.0,PRESERVE_TRUE_JOB_LOCATION,REVIEW
Hornchurch,London,1,Brentwood,Essex,1,5.9,HAVERSINE_STRAIGHT_LINE,15.0,PRESERVE_TRUE_JOB_LOCATION,REVIEW
Hornchurch,London,1,Ilford,London,1,6.2,HAVERSINE_STRAIGHT_LINE,15.0,PRESERVE_TRUE_JOB_LOCATION,REVIEW
Hornchurch,London,1,Dartford,Kent,1,7.6,HAVERSINE_STRAIGHT_LINE,15.0,PRESERVE_TRUE_JOB_LOCATION,REVIEW
Hornchurch,London,1,Gravesend,Kent,2,10.3,HAVERSINE_STRAIGHT_LINE,15.0,PRESERVE_TRUE_JOB_LOCATION,REVIEW
Hornchurch,London,1,Sidcup,London,1,10.3,HAVERSINE_STRAIGHT_LINE,15.0,PRESERVE_TRUE_JOB_LOCATION,REVIEW
Hornchurch,London,1,Chislehurst,London,1,11.6,HAVERSINE_STRAIGHT_LINE,15.0,PRESERVE_TRUE_JOB_LOCATION,REVIEW
Hornchurch,London,1,Bromley,London,4,13.6,HAVERSINE_STRAIGHT_LINE,15.0,PRESERVE_TRUE_JOB_LOCATION,REVIEW
Hornchurch,London,1,Islington,London,1,13.8,HAVERSINE_STRAIGHT_LINE,15.0,PRESERVE_TRUE_JOB_LOCATION,REVIEW
Hornchurch,London,1,Enfield,London,1,14.5,HAVERSINE_STRAIGHT_LINE,15.0,PRESERVE_TRUE_JOB_LOCATION,REVIEW
Hornchurch,London,1,Beckenham,London,1,14.6,HAVERSINE_STRAIGHT_LINE,15.0,PRESERVE_TRUE_JOB_LOCATION,REVIEW
Hornchurch,London,1,Lambeth,London,1,14.7,HAVERSINE_STRAIGHT_LINE,15.0,PRESERVE_TRUE_JOB_LOCATION,REVIEW
Horsham,Sussex,1,Faygate,Sussex,1,3.6,HAVERSINE_STRAIGHT_LINE,15.0,PRESERVE_TRUE_JOB_LOCATION,REVIEW
Horsham,Sussex,1,Crawley,Sussex,2,7.2,HAVERSINE_STRAIGHT_LINE,15.0,PRESERVE_TRUE_JOB_LOCATION,REVIEW
Horsham,Sussex,1,Horley,Surrey,1,10.6,HAVERSINE_STRAIGHT_LINE,15.0,PRESERVE_TRUE_JOB_LOCATION,REVIEW
Horsham,Sussex,1,Dorking,Surrey,2,11.7,HAVERSINE_STRAIGHT_LINE,15.0,PRESERVE_TRUE_JOB_LOCATION,REVIEW
Horsham,Sussex,1,Redhill,Surrey,4,14.0,HAVERSINE_STRAIGHT_LINE,15.0,PRESERVE_TRUE_JOB_LOCATION,REVIEW
Hove,Sussex,1,Brighton,Sussex,5,1.2,HAVERSINE_STRAIGHT_LINE,15.0,PRESERVE_TRUE_JOB_LOCATION,REVIEW
Hove,Sussex,1,Worthing,Sussex,1,9.1,HAVERSINE_STRAIGHT_LINE,15.0,PRESERVE_TRUE_JOB_LOCATION,REVIEW
Huddersfield,Yorkshire - West,2,Brighouse,Yorkshire - West,4,3.7,HAVERSINE_STRAIGHT_LINE,15.0,PRESERVE_TRUE_JOB_LOCATION,REVIEW
Huddersfield,Yorkshire - West,2,Dewsbury,Yorkshire - West,2,7.0,HAVERSINE_STRAIGHT_LINE,15.0,PRESERVE_TRUE_JOB_LOCATION,REVIEW
Huddersfield,Yorkshire - West,2,Batley,Yorkshire - West,1,7.2,HAVERSINE_STRAIGHT_LINE,15.0,PRESERVE_TRUE_JOB_LOCATION,REVIEW
Huddersfield,Yorkshire - West,2,Bradford,Yorkshire - West,11,10.1,HAVERSINE_STRAIGHT_LINE,15.0,PRESERVE_TRUE_JOB_LOCATION,REVIEW
Huddersfield,Yorkshire - West,2,Pudsey,Yorkshire - West,1,11.3,HAVERSINE_STRAIGHT_LINE,15.0,PRESERVE_TRUE_JOB_LOCATION,REVIEW
Huddersfield,Yorkshire - West,2,Wakefield,Yorkshire - West,9,12.0,HAVERSINE_STRAIGHT_LINE,15.0,PRESERVE_TRUE_JOB_LOCATION,REVIEW
Huddersfield,Yorkshire - West,2,Bingley,Yorkshire - West,1,14.0,HAVERSINE_STRAIGHT_LINE,15.0,PRESERVE_TRUE_JOB_LOCATION,REVIEW
Huddersfield,Yorkshire - West,2,Leeds,Yorkshire - West,25,14.0,HAVERSINE_STRAIGHT_LINE,15.0,PRESERVE_TRUE_JOB_LOCATION,REVIEW
Hull,Yorkshire - East,17,Cottingham,Yorkshire - East,1,4.1,HAVERSINE_STRAIGHT_LINE,15.0,PRESERVE_TRUE_JOB_LOCATION,REVIEW
Hull,Yorkshire - East,17,Hessle,Yorkshire - East,2,4.4,HAVERSINE_STRAIGHT_LINE,15.0,PRESERVE_TRUE_JOB_LOCATION,REVIEW
Huntingdon,Cambridgeshire,4,St. Neots,Cambridgeshire,2,8.6,HAVERSINE_STRAIGHT_LINE,15.0,PRESERVE_TRUE_JOB_LOCATION,REVIEW
Huntingdon,Cambridgeshire,4,Sandy,Bedfordshire,1,14.6,HAVERSINE_STRAIGHT_LINE,15.0,PRESERVE_TRUE_JOB_LOCATION,REVIEW
Ilford,London,1,Dagenham,London,2,4.1,HAVERSINE_STRAIGHT_LINE,15.0,PRESERVE_TRUE_JOB_LOCATION,REVIEW
Ilford,London,1,Rainham,London,1,5.9,HAVERSINE_STRAIGHT_LINE,15.0,PRESERVE_TRUE_JOB_LOCATION,REVIEW
Ilford,London,1,Hornchurch,London,1,6.2,HAVERSINE_STRAIGHT_LINE,15.0,PRESERVE_TRUE_JOB_LOCATION,REVIEW
Ilford,London,1,Islington,London,1,7.7,HAVERSINE_STRAIGHT_LINE,15.0,PRESERVE_TRUE_JOB_LOCATION,REVIEW
Ilford,London,1,Upminster,London,1,7.9,HAVERSINE_STRAIGHT_LINE,15.0,PRESERVE_TRUE_JOB_LOCATION,REVIEW
Ilford,London,1,Lambeth,London,1,9.0,HAVERSINE_STRAIGHT_LINE,15.0,PRESERVE_TRUE_JOB_LOCATION,REVIEW
Ilford,London,1,London,London,220,9.2,HAVERSINE_STRAIGHT_LINE,15.0,PRESERVE_TRUE_JOB_LOCATION,REVIEW
Ilford,London,1,Sidcup,London,1,9.2,HAVERSINE_STRAIGHT_LINE,15.0,PRESERVE_TRUE_JOB_LOCATION,REVIEW
Ilford,London,1,Enfield,London,1,9.4,HAVERSINE_STRAIGHT_LINE,15.0,PRESERVE_TRUE_JOB_LOCATION,REVIEW
Ilford,London,1,Chislehurst,London,1,9.7,HAVERSINE_STRAIGHT_LINE,15.0,PRESERVE_TRUE_JOB_LOCATION,REVIEW
Ilford,London,1,Dartford,Kent,1,9.8,HAVERSINE_STRAIGHT_LINE,15.0,PRESERVE_TRUE_JOB_LOCATION,REVIEW
Ilford,London,1,Bromley,London,4,10.8,HAVERSINE_STRAIGHT_LINE,15.0,PRESERVE_TRUE_JOB_LOCATION,REVIEW
Ilford,London,1,Knightsbridge,London,1,10.8,HAVERSINE_STRAIGHT_LINE,15.0,PRESERVE_TRUE_JOB_LOCATION,REVIEW
Ilford,London,1,Brentwood,Essex,1,10.9,HAVERSINE_STRAIGHT_LINE,15.0,PRESERVE_TRUE_JOB_LOCATION,REVIEW
Ilford,London,1,Beckenham,London,1,11.1,HAVERSINE_STRAIGHT_LINE,15.0,PRESERVE_TRUE_JOB_LOCATION,REVIEW
Ilford,London,1,Barnet,London,1,13.3,HAVERSINE_STRAIGHT_LINE,15.0,PRESERVE_TRUE_JOB_LOCATION,REVIEW
Ilford,London,1,Wandsworth,London,4,13.9,HAVERSINE_STRAIGHT_LINE,15.0,PRESERVE_TRUE_JOB_LOCATION,REVIEW
Ilford,London,1,Croydon,London,3,14.2,HAVERSINE_STRAIGHT_LINE,15.0,PRESERVE_TRUE_JOB_LOCATION,REVIEW
Ilford,London,1,Potters Bar,Hertfordshire,1,14.3,HAVERSINE_STRAIGHT_LINE,15.0,PRESERVE_TRUE_JOB_LOCATION,REVIEW
Ilford,London,1,Middlesex,London,6,14.8,HAVERSINE_STRAIGHT_LINE,15.0,PRESERVE_TRUE_JOB_LOCATION,REVIEW
Isleworth,London,3,Brentford,London,2,1.7,HAVERSINE_STRAIGHT_LINE,15.0,PRESERVE_TRUE_JOB_LOCATION,REVIEW
Isleworth,London,3,Southall,London,1,2.6,HAVERSINE_STRAIGHT_LINE,15.0,PRESERVE_TRUE_JOB_LOCATION,REVIEW
Isleworth,London,3,Kingston Upon Thames,London,1,4.7,HAVERSINE_STRAIGHT_LINE,15.0,PRESERVE_TRUE_JOB_LOCATION,REVIEW
Isleworth,London,3,Middlesex,London,6,5.0,HAVERSINE_STRAIGHT_LINE,15.0,PRESERVE_TRUE_JOB_LOCATION,REVIEW
Isleworth,London,3,Wandsworth,London,4,5.9,HAVERSINE_STRAIGHT_LINE,15.0,PRESERVE_TRUE_JOB_LOCATION,REVIEW
Isleworth,London,3,Walton-on-thames,Surrey,1,6.8,HAVERSINE_STRAIGHT_LINE,15.0,PRESERVE_TRUE_JOB_LOCATION,REVIEW
Isleworth,London,3,Harrow,London,3,7.1,HAVERSINE_STRAIGHT_LINE,15.0,PRESERVE_TRUE_JOB_LOCATION,REVIEW
Isleworth,London,3,Shepperton,Surrey,1,7.2,HAVERSINE_STRAIGHT_LINE,15.0,PRESERVE_TRUE_JOB_LOCATION,REVIEW
Isleworth,London,3,Staines,Surrey,2,7.7,HAVERSINE_STRAIGHT_LINE,15.0,PRESERVE_TRUE_JOB_LOCATION,REVIEW
Isleworth,London,3,Uxbridge,London,3,7.9,HAVERSINE_STRAIGHT_LINE,15.0,PRESERVE_TRUE_JOB_LOCATION,REVIEW
Isleworth,London,3,Chessington,London,1,8.0,HAVERSINE_STRAIGHT_LINE,15.0,PRESERVE_TRUE_JOB_LOCATION,REVIEW
Isleworth,London,3,Knightsbridge,London,1,8.0,HAVERSINE_STRAIGHT_LINE,15.0,PRESERVE_TRUE_JOB_LOCATION,REVIEW
Isleworth,London,3,Morden,London,1,8.2,HAVERSINE_STRAIGHT_LINE,15.0,PRESERVE_TRUE_JOB_LOCATION,REVIEW
Isleworth,London,3,Chertsey,Surrey,1,9.3,HAVERSINE_STRAIGHT_LINE,15.0,PRESERVE_TRUE_JOB_LOCATION,REVIEW
Isleworth,London,3,London,London,220,9.6,HAVERSINE_STRAIGHT_LINE,15.0,PRESERVE_TRUE_JOB_LOCATION,REVIEW
Isleworth,London,3,Lambeth,London,1,10.0,HAVERSINE_STRAIGHT_LINE,15.0,PRESERVE_TRUE_JOB_LOCATION,REVIEW
Isleworth,London,3,Epsom,Surrey,3,10.5,HAVERSINE_STRAIGHT_LINE,15.0,PRESERVE_TRUE_JOB_LOCATION,REVIEW
Isleworth,London,3,Carshalton,London,1,10.6,HAVERSINE_STRAIGHT_LINE,15.0,PRESERVE_TRUE_JOB_LOCATION,REVIEW
Isleworth,London,3,Sutton,London,2,10.6,HAVERSINE_STRAIGHT_LINE,15.0,PRESERVE_TRUE_JOB_LOCATION,REVIEW
Isleworth,London,3,Islington,London,1,11.1,HAVERSINE_STRAIGHT_LINE,15.0,PRESERVE_TRUE_JOB_LOCATION,REVIEW
Isleworth,London,3,Slough,Berkshire,2,11.1,HAVERSINE_STRAIGHT_LINE,15.0,PRESERVE_TRUE_JOB_LOCATION,REVIEW
Isleworth,London,3,Windsor,Berkshire,1,11.1,HAVERSINE_STRAIGHT_LINE,15.0,PRESERVE_TRUE_JOB_LOCATION,REVIEW
Isleworth,London,3,Bushey,London,1,11.6,HAVERSINE_STRAIGHT_LINE,15.0,PRESERVE_TRUE_JOB_LOCATION,REVIEW
Isleworth,London,3,Croydon,London,3,12.2,HAVERSINE_STRAIGHT_LINE,15.0,PRESERVE_TRUE_JOB_LOCATION,REVIEW
Isleworth,London,3,Borehamwood,London,3,12.7,HAVERSINE_STRAIGHT_LINE,15.0,PRESERVE_TRUE_JOB_LOCATION,REVIEW
Isleworth,London,3,Watford,Hertfordshire,2,12.7,HAVERSINE_STRAIGHT_LINE,15.0,PRESERVE_TRUE_JOB_LOCATION,REVIEW
Isleworth,London,3,Fetcham,Surrey,1,12.9,HAVERSINE_STRAIGHT_LINE,15.0,PRESERVE_TRUE_JOB_LOCATION,REVIEW
Isleworth,London,3,Barnet,London,1,13.5,HAVERSINE_STRAIGHT_LINE,15.0,PRESERVE_TRUE_JOB_LOCATION,REVIEW
Isleworth,London,3,Tadworth,Surrey,1,13.5,HAVERSINE_STRAIGHT_LINE,15.0,PRESERVE_TRUE_JOB_LOCATION,REVIEW
Isleworth,London,3,Beckenham,London,1,14.4,HAVERSINE_STRAIGHT_LINE,15.0,PRESERVE_TRUE_JOB_LOCATION,REVIEW
Islington,London,1,London,London,220,2.1,HAVERSINE_STRAIGHT_LINE,15.0,PRESERVE_TRUE_JOB_LOCATION,REVIEW
Islington,London,1,Lambeth,London,1,2.8,HAVERSINE_STRAIGHT_LINE,15.0,PRESERVE_TRUE_JOB_LOCATION,REVIEW
Islington,London,1,Knightsbridge,London,1,3.5,HAVERSINE_STRAIGHT_LINE,15.0,PRESERVE_TRUE_JOB_LOCATION,REVIEW
Islington,London,1,Middlesex,London,6,7.1,HAVERSINE_STRAIGHT_LINE,15.0,PRESERVE_TRUE_JOB_LOCATION,REVIEW
Islington,London,1,Wandsworth,London,4,7.1,HAVERSINE_STRAIGHT_LINE,15.0,PRESERVE_TRUE_JOB_LOCATION,REVIEW
Islington,London,1,Ilford,London,1,7.7,HAVERSINE_STRAIGHT_LINE,15.0,PRESERVE_TRUE_JOB_LOCATION,REVIEW
Islington,London,1,Enfield,London,1,8.1,HAVERSINE_STRAIGHT_LINE,15.0,PRESERVE_TRUE_JOB_LOCATION,REVIEW
Islington,London,1,Barnet,London,1,8.9,HAVERSINE_STRAIGHT_LINE,15.0,PRESERVE_TRUE_JOB_LOCATION,REVIEW
Islington,London,1,Beckenham,London,1,9.4,HAVERSINE_STRAIGHT_LINE,15.0,PRESERVE_TRUE_JOB_LOCATION,REVIEW
Islington,London,1,Brentford,London,2,9.5,HAVERSINE_STRAIGHT_LINE,15.0,PRESERVE_TRUE_JOB_LOCATION,REVIEW
Islington,London,1,Bromley,London,4,10.3,HAVERSINE_STRAIGHT_LINE,15.0,PRESERVE_TRUE_JOB_LOCATION,REVIEW
Islington,London,1,Harrow,London,3,10.3,HAVERSINE_STRAIGHT_LINE,15.0,PRESERVE_TRUE_JOB_LOCATION,REVIEW
Islington,London,1,Morden,London,1,10.4,HAVERSINE_STRAIGHT_LINE,15.0,PRESERVE_TRUE_JOB_LOCATION,REVIEW
Islington,London,1,Croydon,London,3,10.6,HAVERSINE_STRAIGHT_LINE,15.0,PRESERVE_TRUE_JOB_LOCATION,REVIEW
Islington,London,1,Borehamwood,London,3,11.1,HAVERSINE_STRAIGHT_LINE,15.0,PRESERVE_TRUE_JOB_LOCATION,REVIEW
Islington,London,1,Chislehurst,London,1,11.1,HAVERSINE_STRAIGHT_LINE,15.0,PRESERVE_TRUE_JOB_LOCATION,REVIEW
Islington,London,1,Isleworth,London,3,11.1,HAVERSINE_STRAIGHT_LINE,15.0,PRESERVE_TRUE_JOB_LOCATION,REVIEW
Islington,London,1,Potters Bar,Hertfordshire,1,11.3,HAVERSINE_STRAIGHT_LINE,15.0,PRESERVE_TRUE_JOB_LOCATION,REVIEW
Islington,London,1,Dagenham,London,2,11.6,HAVERSINE_STRAIGHT_LINE,15.0,PRESERVE_TRUE_JOB_LOCATION,REVIEW
Islington,London,1,Sidcup,London,1,11.7,HAVERSINE_STRAIGHT_LINE,15.0,PRESERVE_TRUE_JOB_LOCATION,REVIEW
Islington,London,1,Southall,London,1,11.7,HAVERSINE_STRAIGHT_LINE,15.0,PRESERVE_TRUE_JOB_LOCATION,REVIEW
Islington,London,1,Carshalton,London,1,11.9,HAVERSINE_STRAIGHT_LINE,15.0,PRESERVE_TRUE_JOB_LOCATION,REVIEW
Islington,London,1,Kingston Upon Thames,London,1,12.0,HAVERSINE_STRAIGHT_LINE,15.0,PRESERVE_TRUE_JOB_LOCATION,REVIEW
Islington,London,1,Rainham,London,1,12.9,HAVERSINE_STRAIGHT_LINE,15.0,PRESERVE_TRUE_JOB_LOCATION,REVIEW
Islington,London,1,Bushey,London,1,13.3,HAVERSINE_STRAIGHT_LINE,15.0,PRESERVE_TRUE_JOB_LOCATION,REVIEW
Islington,London,1,Sutton,London,2,13.5,HAVERSINE_STRAIGHT_LINE,15.0,PRESERVE_TRUE_JOB_LOCATION,REVIEW
Islington,London,1,Hornchurch,London,1,13.8,HAVERSINE_STRAIGHT_LINE,15.0,PRESERVE_TRUE_JOB_LOCATION,REVIEW
Islington,London,1,Chessington,London,1,14.8,HAVERSINE_STRAIGHT_LINE,15.0,PRESERVE_TRUE_JOB_LOCATION,REVIEW
Islington,London,1,Dartford,Kent,1,15.0,HAVERSINE_STRAIGHT_LINE,15.0,PRESERVE_TRUE_JOB_LOCATION,REVIEW
Keighley,Yorkshire - West,1,Bingley,Yorkshire - West,1,3.1,HAVERSINE_STRAIGHT_LINE,15.0,PRESERVE_TRUE_JOB_LOCATION,REVIEW
Keighley,Yorkshire - West,1,Bradford,Yorkshire - West,11,8.1,HAVERSINE_STRAIGHT_LINE,15.0,PRESERVE_TRUE_JOB_LOCATION,REVIEW
Keighley,Yorkshire - West,1,Otley,Yorkshire - West,1,9.0,HAVERSINE_STRAIGHT_LINE,15.0,PRESERVE_TRUE_JOB_LOCATION,REVIEW
Keighley,Yorkshire - West,1,Pudsey,Yorkshire - West,1,11.2,HAVERSINE_STRAIGHT_LINE,15.0,PRESERVE_TRUE_JOB_LOCATION,REVIEW
Keighley,Yorkshire - West,1,Brighouse,Yorkshire - West,4,12.4,HAVERSINE_STRAIGHT_LINE,15.0,PRESERVE_TRUE_JOB_LOCATION,REVIEW
Kenilworth,West Midlands - Coventry & Warwickshire,1,Coventry,West Midlands - Coventry & Warwickshire,3,4.9,HAVERSINE_STRAIGHT_LINE,15.0,PRESERVE_TRUE_JOB_LOCATION,REVIEW
Kenilworth,West Midlands - Coventry & Warwickshire,1,Leamington Spa,West Midlands - Coventry & Warwickshire,1,5.2,HAVERSINE_STRAIGHT_LINE,15.0,PRESERVE_TRUE_JOB_LOCATION,REVIEW
Kenilworth,West Midlands - Coventry & Warwickshire,1,Knowle,West Midlands - Birmingham & Solihull,1,6.8,HAVERSINE_STRAIGHT_LINE,15.0,PRESERVE_TRUE_JOB_LOCATION,REVIEW
Kenilworth,West Midlands - Coventry & Warwickshire,1,Solihull,West Midlands - Birmingham & Solihull,3,9.5,HAVERSINE_STRAIGHT_LINE,15.0,PRESERVE_TRUE_JOB_LOCATION,REVIEW
Kenilworth,West Midlands - Coventry & Warwickshire,1,Southam,West Midlands - Coventry & Warwickshire,1,10.6,HAVERSINE_STRAIGHT_LINE,15.0,PRESERVE_TRUE_JOB_LOCATION,REVIEW
Kenilworth,West Midlands - Coventry & Warwickshire,1,Chelmsley Wood,West Midlands - Birmingham & Solihull,2,11.0,HAVERSINE_STRAIGHT_LINE,15.0,PRESERVE_TRUE_JOB_LOCATION,REVIEW
Kenilworth,West Midlands - Coventry & Warwickshire,1,Stratford-upon-avon,West Midlands - Coventry & Warwickshire,1,12.1,HAVERSINE_STRAIGHT_LINE,15.0,PRESERVE_TRUE_JOB_LOCATION,REVIEW
Kenilworth,West Midlands - Coventry & Warwickshire,1,Nuneaton,West Midlands - Coventry & Warwickshire,2,13.0,HAVERSINE_STRAIGHT_LINE,15.0,PRESERVE_TRUE_JOB_LOCATION,REVIEW
Kenilworth,West Midlands - Coventry & Warwickshire,1,Rugby,West Midlands - Coventry & Warwickshire,1,13.5,HAVERSINE_STRAIGHT_LINE,15.0,PRESERVE_TRUE_JOB_LOCATION,REVIEW
Kettering,Northamptonshire,2,Corby,Northamptonshire,1,6.9,HAVERSINE_STRAIGHT_LINE,15.0,PRESERVE_TRUE_JOB_LOCATION,REVIEW
Kettering,Northamptonshire,2,Rushden,Northamptonshire,1,9.2,HAVERSINE_STRAIGHT_LINE,15.0,PRESERVE_TRUE_JOB_LOCATION,REVIEW
Kettering,Northamptonshire,2,Northampton,Northamptonshire,1,12.2,HAVERSINE_STRAIGHT_LINE,15.0,PRESERVE_TRUE_JOB_LOCATION,REVIEW
Kings Langley,Hertfordshire,1,Hemel Hempstead,Hertfordshire,4,2.7,HAVERSINE_STRAIGHT_LINE,15.0,PRESERVE_TRUE_JOB_LOCATION,REVIEW
Kings Langley,Hertfordshire,1,Watford,Hertfordshire,2,4.7,HAVERSINE_STRAIGHT_LINE,15.0,PRESERVE_TRUE_JOB_LOCATION,REVIEW
Kings Langley,Hertfordshire,1,St. Albans,Hertfordshire,1,5.6,HAVERSINE_STRAIGHT_LINE,15.0,PRESERVE_TRUE_JOB_LOCATION,REVIEW
Kings Langley,Hertfordshire,1,Berkhamsted,Hertfordshire,1,5.9,HAVERSINE_STRAIGHT_LINE,15.0,PRESERVE_TRUE_JOB_LOCATION,REVIEW
Kings Langley,Hertfordshire,1,Bushey,London,1,6.2,HAVERSINE_STRAIGHT_LINE,15.0,PRESERVE_TRUE_JOB_LOCATION,REVIEW
Kings Langley,Hertfordshire,1,Chesham,Buckinghamshire,1,6.5,HAVERSINE_STRAIGHT_LINE,15.0,PRESERVE_TRUE_JOB_LOCATION,REVIEW
Kings Langley,Hertfordshire,1,Amersham,Buckinghamshire,1,7.8,HAVERSINE_STRAIGHT_LINE,15.0,PRESERVE_TRUE_JOB_LOCATION,REVIEW
Kings Langley,Hertfordshire,1,Borehamwood,London,3,8.5,HAVERSINE_STRAIGHT_LINE,15.0,PRESERVE_TRUE_JOB_LOCATION,REVIEW
Kings Langley,Hertfordshire,1,Harrow,London,3,10.7,HAVERSINE_STRAIGHT_LINE,15.0,PRESERVE_TRUE_JOB_LOCATION,REVIEW
Kings Langley,Hertfordshire,1,Luton,Bedfordshire,1,11.5,HAVERSINE_STRAIGHT_LINE,15.0,PRESERVE_TRUE_JOB_LOCATION,REVIEW
Kings Langley,Hertfordshire,1,Uxbridge,London,3,11.5,HAVERSINE_STRAIGHT_LINE,15.0,PRESERVE_TRUE_JOB_LOCATION,REVIEW
Kings Langley,Hertfordshire,1,Barnet,London,1,11.6,HAVERSINE_STRAIGHT_LINE,15.0,PRESERVE_TRUE_JOB_LOCATION,REVIEW
Kings Langley,Hertfordshire,1,Potters Bar,Hertfordshire,1,11.7,HAVERSINE_STRAIGHT_LINE,15.0,PRESERVE_TRUE_JOB_LOCATION,REVIEW
Kings Langley,Hertfordshire,1,Welwyn Garden City,Hertfordshire,1,12.1,HAVERSINE_STRAIGHT_LINE,15.0,PRESERVE_TRUE_JOB_LOCATION,REVIEW
Kings Langley,Hertfordshire,1,High Wycombe,Buckinghamshire,6,14.1,HAVERSINE_STRAIGHT_LINE,15.0,PRESERVE_TRUE_JOB_LOCATION,REVIEW
Kings Langley,Hertfordshire,1,Southall,London,1,14.6,HAVERSINE_STRAIGHT_LINE,15.0,PRESERVE_TRUE_JOB_LOCATION,REVIEW
Kings Langley,Hertfordshire,1,Middlesex,London,6,14.8,HAVERSINE_STRAIGHT_LINE,15.0,PRESERVE_TRUE_JOB_LOCATION,REVIEW
Kingston Upon Thames,London,1,Chessington,London,1,3.5,HAVERSINE_STRAIGHT_LINE,15.0,PRESERVE_TRUE_JOB_LOCATION,REVIEW
Kingston Upon Thames,London,1,Morden,London,1,4.4,HAVERSINE_STRAIGHT_LINE,15.0,PRESERVE_TRUE_JOB_LOCATION,REVIEW
Kingston Upon Thames,London,1,Isleworth,London,3,4.7,HAVERSINE_STRAIGHT_LINE,15.0,PRESERVE_TRUE_JOB_LOCATION,REVIEW
Kingston Upon Thames,London,1,Wandsworth,London,4,5.0,HAVERSINE_STRAIGHT_LINE,15.0,PRESERVE_TRUE_JOB_LOCATION,REVIEW
Kingston Upon Thames,London,1,Brentford,London,2,5.1,HAVERSINE_STRAIGHT_LINE,15.0,PRESERVE_TRUE_JOB_LOCATION,REVIEW
Kingston Upon Thames,London,1,Walton-on-thames,Surrey,1,5.3,HAVERSINE_STRAIGHT_LINE,15.0,PRESERVE_TRUE_JOB_LOCATION,REVIEW
Kingston Upon Thames,London,1,Epsom,Surrey,3,5.8,HAVERSINE_STRAIGHT_LINE,15.0,PRESERVE_TRUE_JOB_LOCATION,REVIEW
Kingston Upon Thames,London,1,Sutton,London,2,6.0,HAVERSINE_STRAIGHT_LINE,15.0,PRESERVE_TRUE_JOB_LOCATION,REVIEW
Kingston Upon Thames,London,1,Carshalton,London,1,6.4,HAVERSINE_STRAIGHT_LINE,15.0,PRESERVE_TRUE_JOB_LOCATION,REVIEW
Kingston Upon Thames,London,1,Shepperton,Surrey,1,6.6,HAVERSINE_STRAIGHT_LINE,15.0,PRESERVE_TRUE_JOB_LOCATION,REVIEW
Kingston Upon Thames,London,1,Southall,London,1,7.4,HAVERSINE_STRAIGHT_LINE,15.0,PRESERVE_TRUE_JOB_LOCATION,REVIEW
Kingston Upon Thames,London,1,Middlesex,London,6,8.3,HAVERSINE_STRAIGHT_LINE,15.0,PRESERVE_TRUE_JOB_LOCATION,REVIEW
Kingston Upon Thames,London,1,Knightsbridge,London,1,8.5,HAVERSINE_STRAIGHT_LINE,15.0,PRESERVE_TRUE_JOB_LOCATION,REVIEW
Kingston Upon Thames,London,1,Croydon,London,3,8.7,HAVERSINE_STRAIGHT_LINE,15.0,PRESERVE_TRUE_JOB_LOCATION,REVIEW
Kingston Upon Thames,London,1,Tadworth,Surrey,1,8.8,HAVERSINE_STRAIGHT_LINE,15.0,PRESERVE_TRUE_JOB_LOCATION,REVIEW
Kingston Upon Thames,London,1,Fetcham,Surrey,1,8.9,HAVERSINE_STRAIGHT_LINE,15.0,PRESERVE_TRUE_JOB_LOCATION,REVIEW
Kingston Upon Thames,London,1,Staines,Surrey,2,9.1,HAVERSINE_STRAIGHT_LINE,15.0,PRESERVE_TRUE_JOB_LOCATION,REVIEW
Kingston Upon Thames,London,1,Chertsey,Surrey,1,9.2,HAVERSINE_STRAIGHT_LINE,15.0,PRESERVE_TRUE_JOB_LOCATION,REVIEW
Kingston Upon Thames,London,1,Lambeth,London,1,9.9,HAVERSINE_STRAIGHT_LINE,15.0,PRESERVE_TRUE_JOB_LOCATION,REVIEW
Kingston Upon Thames,London,1,London,London,220,9.9,HAVERSINE_STRAIGHT_LINE,15.0,PRESERVE_TRUE_JOB_LOCATION,REVIEW
Kingston Upon Thames,London,1,Harrow,London,3,11.5,HAVERSINE_STRAIGHT_LINE,15.0,PRESERVE_TRUE_JOB_LOCATION,REVIEW
Kingston Upon Thames,London,1,Beckenham,London,1,11.7,HAVERSINE_STRAIGHT_LINE,15.0,PRESERVE_TRUE_JOB_LOCATION,REVIEW
Kingston Upon Thames,London,1,Islington,London,1,12.0,HAVERSINE_STRAIGHT_LINE,15.0,PRESERVE_TRUE_JOB_LOCATION,REVIEW
Kingston Upon Thames,London,1,Uxbridge,London,3,12.3,HAVERSINE_STRAIGHT_LINE,15.0,PRESERVE_TRUE_JOB_LOCATION,REVIEW
Kingston Upon Thames,London,1,Dorking,Surrey,2,12.6,HAVERSINE_STRAIGHT_LINE,15.0,PRESERVE_TRUE_JOB_LOCATION,REVIEW
Kingston Upon Thames,London,1,Redhill,Surrey,4,13.1,HAVERSINE_STRAIGHT_LINE,15.0,PRESERVE_TRUE_JOB_LOCATION,REVIEW
Kingston Upon Thames,London,1,Bromley,London,4,13.5,HAVERSINE_STRAIGHT_LINE,15.0,PRESERVE_TRUE_JOB_LOCATION,REVIEW
Kingston Upon Thames,London,1,Windsor,Berkshire,1,13.9,HAVERSINE_STRAIGHT_LINE,15.0,PRESERVE_TRUE_JOB_LOCATION,REVIEW
Kingston Upon Thames,London,1,Slough,Berkshire,2,14.5,HAVERSINE_STRAIGHT_LINE,15.0,PRESERVE_TRUE_JOB_LOCATION,REVIEW
Knaresborough,Yorkshire - North,2,Harrogate,Yorkshire - North,3,3.1,HAVERSINE_STRAIGHT_LINE,15.0,PRESERVE_TRUE_JOB_LOCATION,REVIEW
Knaresborough,Yorkshire - North,2,Ripon,Yorkshire - North,1,9.1,HAVERSINE_STRAIGHT_LINE,15.0,PRESERVE_TRUE_JOB_LOCATION,REVIEW
Knaresborough,Yorkshire - North,2,Otley,Yorkshire - West,1,11.6,HAVERSINE_STRAIGHT_LINE,15.0,PRESERVE_TRUE_JOB_LOCATION,REVIEW
Knightsbridge,London,1,London,London,220,1.6,HAVERSINE_STRAIGHT_LINE,15.0,PRESERVE_TRUE_JOB_LOCATION,REVIEW
Knightsbridge,London,1,Lambeth,London,1,2.2,HAVERSINE_STRAIGHT_LINE,15.0,PRESERVE_TRUE_JOB_LOCATION,REVIEW
Knightsbridge,London,1,Islington,London,1,3.5,HAVERSINE_STRAIGHT_LINE,15.0,PRESERVE_TRUE_JOB_LOCATION,REVIEW
Knightsbridge,London,1,Wandsworth,London,4,3.6,HAVERSINE_STRAIGHT_LINE,15.0,PRESERVE_TRUE_JOB_LOCATION,REVIEW
Knightsbridge,London,1,Middlesex,London,6,5.0,HAVERSINE_STRAIGHT_LINE,15.0,PRESERVE_TRUE_JOB_LOCATION,REVIEW
Knightsbridge,London,1,Brentford,London,2,6.4,HAVERSINE_STRAIGHT_LINE,15.0,PRESERVE_TRUE_JOB_LOCATION,REVIEW
Knightsbridge,London,1,Morden,London,1,7.3,HAVERSINE_STRAIGHT_LINE,15.0,PRESERVE_TRUE_JOB_LOCATION,REVIEW
Knightsbridge,London,1,Isleworth,London,3,8.0,HAVERSINE_STRAIGHT_LINE,15.0,PRESERVE_TRUE_JOB_LOCATION,REVIEW
Knightsbridge,London,1,Kingston Upon Thames,London,1,8.5,HAVERSINE_STRAIGHT_LINE,15.0,PRESERVE_TRUE_JOB_LOCATION,REVIEW
Knightsbridge,London,1,Croydon,London,3,8.6,HAVERSINE_STRAIGHT_LINE,15.0,PRESERVE_TRUE_JOB_LOCATION,REVIEW
Knightsbridge,London,1,Beckenham,London,1,8.7,HAVERSINE_STRAIGHT_LINE,15.0,PRESERVE_TRUE_JOB_LOCATION,REVIEW
Knightsbridge,London,1,Harrow,London,3,9.0,HAVERSINE_STRAIGHT_LINE,15.0,PRESERVE_TRUE_JOB_LOCATION,REVIEW
Knightsbridge,London,1,Southall,London,1,9.0,HAVERSINE_STRAIGHT_LINE,15.0,PRESERVE_TRUE_JOB_LOCATION,REVIEW
Knightsbridge,London,1,Carshalton,London,1,9.2,HAVERSINE_STRAIGHT_LINE,15.0,PRESERVE_TRUE_JOB_LOCATION,REVIEW
Knightsbridge,London,1,Bromley,London,4,10.1,HAVERSINE_STRAIGHT_LINE,15.0,PRESERVE_TRUE_JOB_LOCATION,REVIEW
Knightsbridge,London,1,Barnet,London,1,10.4,HAVERSINE_STRAIGHT_LINE,15.0,PRESERVE_TRUE_JOB_LOCATION,REVIEW
Knightsbridge,London,1,Sutton,London,2,10.6,HAVERSINE_STRAIGHT_LINE,15.0,PRESERVE_TRUE_JOB_LOCATION,REVIEW
Knightsbridge,London,1,Ilford,London,1,10.8,HAVERSINE_STRAIGHT_LINE,15.0,PRESERVE_TRUE_JOB_LOCATION,REVIEW
Knightsbridge,London,1,Enfield,London,1,10.9,HAVERSINE_STRAIGHT_LINE,15.0,PRESERVE_TRUE_JOB_LOCATION,REVIEW
Knightsbridge,London,1,Chessington,London,1,11.4,HAVERSINE_STRAIGHT_LINE,15.0,PRESERVE_TRUE_JOB_LOCATION,REVIEW
Knightsbridge,London,1,Chislehurst,London,1,11.5,HAVERSINE_STRAIGHT_LINE,15.0,PRESERVE_TRUE_JOB_LOCATION,REVIEW
Knightsbridge,London,1,Borehamwood,London,3,11.7,HAVERSINE_STRAIGHT_LINE,15.0,PRESERVE_TRUE_JOB_LOCATION,REVIEW
Knightsbridge,London,1,Sidcup,London,1,12.6,HAVERSINE_STRAIGHT_LINE,15.0,PRESERVE_TRUE_JOB_LOCATION,REVIEW
Knightsbridge,London,1,Epsom,Surrey,3,12.7,HAVERSINE_STRAIGHT_LINE,15.0,PRESERVE_TRUE_JOB_LOCATION,REVIEW
Knightsbridge,London,1,Bushey,London,1,13.0,HAVERSINE_STRAIGHT_LINE,15.0,PRESERVE_TRUE_JOB_LOCATION,REVIEW
Knightsbridge,London,1,Potters Bar,Hertfordshire,1,13.3,HAVERSINE_STRAIGHT_LINE,15.0,PRESERVE_TRUE_JOB_LOCATION,REVIEW
Knightsbridge,London,1,Walton-on-thames,Surrey,1,13.4,HAVERSINE_STRAIGHT_LINE,15.0,PRESERVE_TRUE_JOB_LOCATION,REVIEW
Knightsbridge,London,1,Uxbridge,London,3,14.1,HAVERSINE_STRAIGHT_LINE,15.0,PRESERVE_TRUE_JOB_LOCATION,REVIEW
Knightsbridge,London,1,Shepperton,Surrey,1,14.4,HAVERSINE_STRAIGHT_LINE,15.0,PRESERVE_TRUE_JOB_LOCATION,REVIEW
Knightsbridge,London,1,Dagenham,London,2,14.5,HAVERSINE_STRAIGHT_LINE,15.0,PRESERVE_TRUE_JOB_LOCATION,REVIEW
Knightsbridge,London,1,Watford,Hertfordshire,2,14.6,HAVERSINE_STRAIGHT_LINE,15.0,PRESERVE_TRUE_JOB_LOCATION,REVIEW
Knightsbridge,London,1,Tadworth,Surrey,1,14.8,HAVERSINE_STRAIGHT_LINE,15.0,PRESERVE_TRUE_JOB_LOCATION,REVIEW
Knowle,West Midlands - Birmingham & Solihull,1,Solihull,West Midlands - Birmingham & Solihull,3,2.9,HAVERSINE_STRAIGHT_LINE,15.0,PRESERVE_TRUE_JOB_LOCATION,REVIEW
Knowle,West Midlands - Birmingham & Solihull,1,Chelmsley Wood,West Midlands - Birmingham & Solihull,2,6.6,HAVERSINE_STRAIGHT_LINE,15.0,PRESERVE_TRUE_JOB_LOCATION,REVIEW
Knowle,West Midlands - Birmingham & Solihull,1,Kenilworth,West Midlands - Coventry & Warwickshire,1,6.8,HAVERSINE_STRAIGHT_LINE,15.0,PRESERVE_TRUE_JOB_LOCATION,REVIEW
Knowle,West Midlands - Birmingham & Solihull,1,Coventry,West Midlands - Coventry & Warwickshire,3,9.5,HAVERSINE_STRAIGHT_LINE,15.0,PRESERVE_TRUE_JOB_LOCATION,REVIEW
Knowle,West Midlands - Birmingham & Solihull,1,Birmingham,West Midlands - Birmingham & Solihull,31,9.8,HAVERSINE_STRAIGHT_LINE,15.0,PRESERVE_TRUE_JOB_LOCATION,REVIEW
Knowle,West Midlands - Birmingham & Solihull,1,Leamington Spa,West Midlands - Coventry & Warwickshire,1,11.3,HAVERSINE_STRAIGHT_LINE,15.0,PRESERVE_TRUE_JOB_LOCATION,REVIEW
Knowle,West Midlands - Birmingham & Solihull,1,Stratford-upon-avon,West Midlands - Coventry & Warwickshire,1,13.3,HAVERSINE_STRAIGHT_LINE,15.0,PRESERVE_TRUE_JOB_LOCATION,REVIEW
Knowle,West Midlands - Birmingham & Solihull,1,Nuneaton,West Midlands - Coventry & Warwickshire,2,14.9,HAVERSINE_STRAIGHT_LINE,15.0,PRESERVE_TRUE_JOB_LOCATION,REVIEW
Knutsford,Cheshire - East,2,Altrincham,Greater Manchester - South,4,5.9,HAVERSINE_STRAIGHT_LINE,15.0,PRESERVE_TRUE_JOB_LOCATION,REVIEW
Knutsford,Cheshire - East,2,Wilmslow,Cheshire - East,1,6.2,HAVERSINE_STRAIGHT_LINE,15.0,PRESERVE_TRUE_JOB_LOCATION,REVIEW
Knutsford,Cheshire - East,2,Northwich,Cheshire - West,1,6.7,HAVERSINE_STRAIGHT_LINE,15.0,PRESERVE_TRUE_JOB_LOCATION,REVIEW
Knutsford,Cheshire - East,2,Sale,Greater Manchester - South,2,8.7,HAVERSINE_STRAIGHT_LINE,15.0,PRESERVE_TRUE_JOB_LOCATION,REVIEW
Knutsford,Cheshire - East,2,Cheadle,Greater Manchester - South,1,9.4,HAVERSINE_STRAIGHT_LINE,15.0,PRESERVE_TRUE_JOB_LOCATION,REVIEW
Knutsford,Cheshire - East,2,Winsford,Cheshire - West,1,9.9,HAVERSINE_STRAIGHT_LINE,15.0,PRESERVE_TRUE_JOB_LOCATION,REVIEW
Knutsford,Cheshire - East,2,Stretford,Greater Manchester - Manchester & Salford,1,10.4,HAVERSINE_STRAIGHT_LINE,15.0,PRESERVE_TRUE_JOB_LOCATION,REVIEW
Knutsford,Cheshire - East,2,Warrington,Cheshire - Warrington & Halton,3,10.5,HAVERSINE_STRAIGHT_LINE,15.0,PRESERVE_TRUE_JOB_LOCATION,REVIEW
Knutsford,Cheshire - East,2,Macclesfield,Cheshire - East,3,10.7,HAVERSINE_STRAIGHT_LINE,15.0,PRESERVE_TRUE_JOB_LOCATION,REVIEW
Knutsford,Cheshire - East,2,Stockport,Greater Manchester - South,2,11.6,HAVERSINE_STRAIGHT_LINE,15.0,PRESERVE_TRUE_JOB_LOCATION,REVIEW
Knutsford,Cheshire - East,2,Salford,Greater Manchester - Manchester & Salford,5,13.2,HAVERSINE_STRAIGHT_LINE,15.0,PRESERVE_TRUE_JOB_LOCATION,REVIEW
Knutsford,Cheshire - East,2,Manchester,Greater Manchester - Manchester & Salford,55,13.5,HAVERSINE_STRAIGHT_LINE,15.0,PRESERVE_TRUE_JOB_LOCATION,REVIEW
Knutsford,Cheshire - East,2,Crewe,Cheshire - East,3,14.4,HAVERSINE_STRAIGHT_LINE,15.0,PRESERVE_TRUE_JOB_LOCATION,REVIEW
Knutsford,Cheshire - East,2,Runcorn,Cheshire - Warrington & Halton,1,15.0,HAVERSINE_STRAIGHT_LINE,15.0,PRESERVE_TRUE_JOB_LOCATION,REVIEW
Lambeth,London,1,London,London,220,1.0,HAVERSINE_STRAIGHT_LINE,15.0,PRESERVE_TRUE_JOB_LOCATION,REVIEW
Lambeth,London,1,Knightsbridge,London,1,2.2,HAVERSINE_STRAIGHT_LINE,15.0,PRESERVE_TRUE_JOB_LOCATION,REVIEW
Lambeth,London,1,Islington,London,1,2.8,HAVERSINE_STRAIGHT_LINE,15.0,PRESERVE_TRUE_JOB_LOCATION,REVIEW
Lambeth,London,1,Wandsworth,London,4,4.9,HAVERSINE_STRAIGHT_LINE,15.0,PRESERVE_TRUE_JOB_LOCATION,REVIEW
Lambeth,London,1,Beckenham,London,1,7.1,HAVERSINE_STRAIGHT_LINE,15.0,PRESERVE_TRUE_JOB_LOCATION,REVIEW
Lambeth,London,1,Middlesex,London,6,7.2,HAVERSINE_STRAIGHT_LINE,15.0,PRESERVE_TRUE_JOB_LOCATION,REVIEW
Lambeth,London,1,Morden,London,1,7.7,HAVERSINE_STRAIGHT_LINE,15.0,PRESERVE_TRUE_JOB_LOCATION,REVIEW
Lambeth,London,1,Croydon,London,3,7.8,HAVERSINE_STRAIGHT_LINE,15.0,PRESERVE_TRUE_JOB_LOCATION,REVIEW
Lambeth,London,1,Bromley,London,4,8.3,HAVERSINE_STRAIGHT_LINE,15.0,PRESERVE_TRUE_JOB_LOCATION,REVIEW
Lambeth,London,1,Brentford,London,2,8.5,HAVERSINE_STRAIGHT_LINE,15.0,PRESERVE_TRUE_JOB_LOCATION,REVIEW
Lambeth,London,1,Ilford,London,1,9.0,HAVERSINE_STRAIGHT_LINE,15.0,PRESERVE_TRUE_JOB_LOCATION,REVIEW
Lambeth,London,1,Carshalton,London,1,9.2,HAVERSINE_STRAIGHT_LINE,15.0,PRESERVE_TRUE_JOB_LOCATION,REVIEW
Lambeth,London,1,Chislehurst,London,1,9.5,HAVERSINE_STRAIGHT_LINE,15.0,PRESERVE_TRUE_JOB_LOCATION,REVIEW
Lambeth,London,1,Kingston Upon Thames,London,1,9.9,HAVERSINE_STRAIGHT_LINE,15.0,PRESERVE_TRUE_JOB_LOCATION,REVIEW
Lambeth,London,1,Isleworth,London,3,10.0,HAVERSINE_STRAIGHT_LINE,15.0,PRESERVE_TRUE_JOB_LOCATION,REVIEW
Lambeth,London,1,Sidcup,London,1,10.5,HAVERSINE_STRAIGHT_LINE,15.0,PRESERVE_TRUE_JOB_LOCATION,REVIEW
Lambeth,London,1,Enfield,London,1,10.8,HAVERSINE_STRAIGHT_LINE,15.0,PRESERVE_TRUE_JOB_LOCATION,REVIEW
Lambeth,London,1,Sutton,London,2,10.8,HAVERSINE_STRAIGHT_LINE,15.0,PRESERVE_TRUE_JOB_LOCATION,REVIEW
Lambeth,London,1,Harrow,London,3,11.0,HAVERSINE_STRAIGHT_LINE,15.0,PRESERVE_TRUE_JOB_LOCATION,REVIEW
Lambeth,London,1,Southall,London,1,11.2,HAVERSINE_STRAIGHT_LINE,15.0,PRESERVE_TRUE_JOB_LOCATION,REVIEW
Lambeth,London,1,Barnet,London,1,11.3,HAVERSINE_STRAIGHT_LINE,15.0,PRESERVE_TRUE_JOB_LOCATION,REVIEW
Lambeth,London,1,Chessington,London,1,12.4,HAVERSINE_STRAIGHT_LINE,15.0,PRESERVE_TRUE_JOB_LOCATION,REVIEW
Lambeth,London,1,Dagenham,London,2,12.5,HAVERSINE_STRAIGHT_LINE,15.0,PRESERVE_TRUE_JOB_LOCATION,REVIEW
Lambeth,London,1,Borehamwood,London,3,13.1,HAVERSINE_STRAIGHT_LINE,15.0,PRESERVE_TRUE_JOB_LOCATION,REVIEW
Lambeth,London,1,Rainham,London,1,13.2,HAVERSINE_STRAIGHT_LINE,15.0,PRESERVE_TRUE_JOB_LOCATION,REVIEW
Lambeth,London,1,Epsom,Surrey,3,13.3,HAVERSINE_STRAIGHT_LINE,15.0,PRESERVE_TRUE_JOB_LOCATION,REVIEW
Lambeth,London,1,Potters Bar,Hertfordshire,1,13.9,HAVERSINE_STRAIGHT_LINE,15.0,PRESERVE_TRUE_JOB_LOCATION,REVIEW
Lambeth,London,1,Dartford,Kent,1,14.4,HAVERSINE_STRAIGHT_LINE,15.0,PRESERVE_TRUE_JOB_LOCATION,REVIEW
Lambeth,London,1,Bushey,London,1,14.7,HAVERSINE_STRAIGHT_LINE,15.0,PRESERVE_TRUE_JOB_LOCATION,REVIEW
Lambeth,London,1,Hornchurch,London,1,14.7,HAVERSINE_STRAIGHT_LINE,15.0,PRESERVE_TRUE_JOB_LOCATION,REVIEW
Leamington Spa,West Midlands - Coventry & Warwickshire,1,Kenilworth,West Midlands - Coventry & Warwickshire,1,5.2,HAVERSINE_STRAIGHT_LINE,15.0,PRESERVE_TRUE_JOB_LOCATION,REVIEW
Leamington Spa,West Midlands - Coventry & Warwickshire,1,Southam,West Midlands - Coventry & Warwickshire,1,6.0,HAVERSINE_STRAIGHT_LINE,15.0,PRESERVE_TRUE_JOB_LOCATION,REVIEW
Leamington Spa,West Midlands - Coventry & Warwickshire,1,Coventry,West Midlands - Coventry & Warwickshire,3,8.4,HAVERSINE_STRAIGHT_LINE,15.0,PRESERVE_TRUE_JOB_LOCATION,REVIEW
Leamington Spa,West Midlands - Coventry & Warwickshire,1,Stratford-upon-avon,West Midlands - Coventry & Warwickshire,1,10.2,HAVERSINE_STRAIGHT_LINE,15.0,PRESERVE_TRUE_JOB_LOCATION,REVIEW
Leamington Spa,West Midlands - Coventry & Warwickshire,1,Knowle,West Midlands - Birmingham & Solihull,1,11.3,HAVERSINE_STRAIGHT_LINE,15.0,PRESERVE_TRUE_JOB_LOCATION,REVIEW
Leamington Spa,West Midlands - Coventry & Warwickshire,1,Rugby,West Midlands - Coventry & Warwickshire,1,12.3,HAVERSINE_STRAIGHT_LINE,15.0,PRESERVE_TRUE_JOB_LOCATION,REVIEW
Leamington Spa,West Midlands - Coventry & Warwickshire,1,Solihull,West Midlands - Birmingham & Solihull,3,14.2,HAVERSINE_STRAIGHT_LINE,15.0,PRESERVE_TRUE_JOB_LOCATION,REVIEW
Leeds,Yorkshire - West,25,Pudsey,Yorkshire - West,1,4.6,HAVERSINE_STRAIGHT_LINE,15.0,PRESERVE_TRUE_JOB_LOCATION,REVIEW
Leeds,Yorkshire - West,25,Batley,Yorkshire - West,1,7.4,HAVERSINE_STRAIGHT_LINE,15.0,PRESERVE_TRUE_JOB_LOCATION,REVIEW
Leeds,Yorkshire - West,25,Dewsbury,Yorkshire - West,2,8.0,HAVERSINE_STRAIGHT_LINE,15.0,PRESERVE_TRUE_JOB_LOCATION,REVIEW
Leeds,Yorkshire - West,25,Wakefield,Yorkshire - West,9,8.1,HAVERSINE_STRAIGHT_LINE,15.0,PRESERVE_TRUE_JOB_LOCATION,REVIEW
Leeds,Yorkshire - West,25,Bradford,Yorkshire - West,11,8.3,HAVERSINE_STRAIGHT_LINE,15.0,PRESERVE_TRUE_JOB_LOCATION,REVIEW
Leeds,Yorkshire - West,25,Normanton,Yorkshire - West,1,8.6,HAVERSINE_STRAIGHT_LINE,15.0,PRESERVE_TRUE_JOB_LOCATION,REVIEW
Leeds,Yorkshire - West,25,Otley,Yorkshire - West,1,9.6,HAVERSINE_STRAIGHT_LINE,15.0,PRESERVE_TRUE_JOB_LOCATION,REVIEW
Leeds,Yorkshire - West,25,Brighouse,Yorkshire - West,4,11.6,HAVERSINE_STRAIGHT_LINE,15.0,PRESERVE_TRUE_JOB_LOCATION,REVIEW
Leeds,Yorkshire - West,25,Bingley,Yorkshire - West,1,12.4,HAVERSINE_STRAIGHT_LINE,15.0,PRESERVE_TRUE_JOB_LOCATION,REVIEW
Leeds,Yorkshire - West,25,Harrogate,Yorkshire - North,3,13.4,HAVERSINE_STRAIGHT_LINE,15.0,PRESERVE_TRUE_JOB_LOCATION,REVIEW
Leeds,Yorkshire - West,25,Huddersfield,Yorkshire - West,2,14.0,HAVERSINE_STRAIGHT_LINE,15.0,PRESERVE_TRUE_JOB_LOCATION,REVIEW
Leicester,Leicestershire,3,Loughborough,Leicestershire,1,9.3,HAVERSINE_STRAIGHT_LINE,15.0,PRESERVE_TRUE_JOB_LOCATION,REVIEW
Lichfield,Staffordshire,2,Tamworth,Staffordshire,1,6.3,HAVERSINE_STRAIGHT_LINE,15.0,PRESERVE_TRUE_JOB_LOCATION,REVIEW
Lichfield,Staffordshire,2,Cannock,Staffordshire,1,8.6,HAVERSINE_STRAIGHT_LINE,15.0,PRESERVE_TRUE_JOB_LOCATION,REVIEW
Lichfield,Staffordshire,2,Walsall,West Midlands - Black Country,1,9.4,HAVERSINE_STRAIGHT_LINE,15.0,PRESERVE_TRUE_JOB_LOCATION,REVIEW
Lichfield,Staffordshire,2,Wolverhampton,West Midlands - Black Country,3,14.1,HAVERSINE_STRAIGHT_LINE,15.0,PRESERVE_TRUE_JOB_LOCATION,REVIEW
Lichfield,Staffordshire,2,Birmingham,West Midlands - Birmingham & Solihull,31,14.2,HAVERSINE_STRAIGHT_LINE,15.0,PRESERVE_TRUE_JOB_LOCATION,REVIEW
Lichfield,Staffordshire,2,Chelmsley Wood,West Midlands - Birmingham & Solihull,2,14.5,HAVERSINE_STRAIGHT_LINE,15.0,PRESERVE_TRUE_JOB_LOCATION,REVIEW
Lichfield,Staffordshire,2,Tipton,West Midlands - Black Country,2,14.6,HAVERSINE_STRAIGHT_LINE,15.0,PRESERVE_TRUE_JOB_LOCATION,REVIEW
Lichfield,Staffordshire,2,Stafford,Staffordshire,2,14.9,HAVERSINE_STRAIGHT_LINE,15.0,PRESERVE_TRUE_JOB_LOCATION,REVIEW
Lingfield,Surrey,2,Oxted,Surrey,1,5.5,HAVERSINE_STRAIGHT_LINE,15.0,PRESERVE_TRUE_JOB_LOCATION,REVIEW
Lingfield,Surrey,2,Horley,Surrey,1,6.2,HAVERSINE_STRAIGHT_LINE,15.0,PRESERVE_TRUE_JOB_LOCATION,REVIEW
Lingfield,Surrey,2,Redhill,Surrey,4,8.0,HAVERSINE_STRAIGHT_LINE,15.0,PRESERVE_TRUE_JOB_LOCATION,REVIEW
Lingfield,Surrey,2,Crawley,Sussex,2,8.5,HAVERSINE_STRAIGHT_LINE,15.0,PRESERVE_TRUE_JOB_LOCATION,REVIEW
Lingfield,Surrey,2,Sevenoaks,Kent,2,11.0,HAVERSINE_STRAIGHT_LINE,15.0,PRESERVE_TRUE_JOB_LOCATION,REVIEW
Lingfield,Surrey,2,Faygate,Sussex,1,12.1,HAVERSINE_STRAIGHT_LINE,15.0,PRESERVE_TRUE_JOB_LOCATION,REVIEW
Lingfield,Surrey,2,Tadworth,Surrey,1,12.4,HAVERSINE_STRAIGHT_LINE,15.0,PRESERVE_TRUE_JOB_LOCATION,REVIEW
Lingfield,Surrey,2,Tunbridge Wells,Kent,1,12.4,HAVERSINE_STRAIGHT_LINE,15.0,PRESERVE_TRUE_JOB_LOCATION,REVIEW
Lingfield,Surrey,2,Tonbridge,Kent,4,12.6,HAVERSINE_STRAIGHT_LINE,15.0,PRESERVE_TRUE_JOB_LOCATION,REVIEW
Lingfield,Surrey,2,Dorking,Surrey,2,14.3,HAVERSINE_STRAIGHT_LINE,15.0,PRESERVE_TRUE_JOB_LOCATION,REVIEW
Lingfield,Surrey,2,Sutton,London,2,14.4,HAVERSINE_STRAIGHT_LINE,15.0,PRESERVE_TRUE_JOB_LOCATION,REVIEW
Lingfield,Surrey,2,Carshalton,London,1,14.7,HAVERSINE_STRAIGHT_LINE,15.0,PRESERVE_TRUE_JOB_LOCATION,REVIEW
Lingfield,Surrey,2,Croydon,London,3,14.7,HAVERSINE_STRAIGHT_LINE,15.0,PRESERVE_TRUE_JOB_LOCATION,REVIEW
Lisburn,Northern Ireland - East,1,Belfast,Northern Ireland - East,29,6.7,HAVERSINE_STRAIGHT_LINE,15.0,PRESERVE_TRUE_JOB_LOCATION,REVIEW
Lisburn,Northern Ireland - East,1,Newtownabbey,Northern Ireland - East,2,10.7,HAVERSINE_STRAIGHT_LINE,15.0,PRESERVE_TRUE_JOB_LOCATION,REVIEW
Liverpool,Merseyside - Liverpool,18,Ellesmere Port,Cheshire - West,2,9.6,HAVERSINE_STRAIGHT_LINE,15.0,PRESERVE_TRUE_JOB_LOCATION,REVIEW
Liverpool,Merseyside - Liverpool,18,Runcorn,Cheshire - Warrington & Halton,1,11.2,HAVERSINE_STRAIGHT_LINE,15.0,PRESERVE_TRUE_JOB_LOCATION,REVIEW
Livingston,Scotland Central - Edinburgh & Lothians,1,Edinburgh,Scotland Central - Edinburgh & Lothians,9,13.1,HAVERSINE_STRAIGHT_LINE,15.0,PRESERVE_TRUE_JOB_LOCATION,REVIEW
London,London,220,Lambeth,London,1,1.0,HAVERSINE_STRAIGHT_LINE,15.0,PRESERVE_TRUE_JOB_LOCATION,REVIEW
London,London,220,Knightsbridge,London,1,1.6,HAVERSINE_STRAIGHT_LINE,15.0,PRESERVE_TRUE_JOB_LOCATION,REVIEW
London,London,220,Islington,London,1,2.1,HAVERSINE_STRAIGHT_LINE,15.0,PRESERVE_TRUE_JOB_LOCATION,REVIEW
London,London,220,Wandsworth,London,4,5.0,HAVERSINE_STRAIGHT_LINE,15.0,PRESERVE_TRUE_JOB_LOCATION,REVIEW
London,London,220,Middlesex,London,6,6.3,HAVERSINE_STRAIGHT_LINE,15.0,PRESERVE_TRUE_JOB_LOCATION,REVIEW
London,London,220,Brentford,London,2,8.0,HAVERSINE_STRAIGHT_LINE,15.0,PRESERVE_TRUE_JOB_LOCATION,REVIEW
London,London,220,Beckenham,London,1,8.1,HAVERSINE_STRAIGHT_LINE,15.0,PRESERVE_TRUE_JOB_LOCATION,REVIEW
London,London,220,Morden,London,1,8.2,HAVERSINE_STRAIGHT_LINE,15.0,PRESERVE_TRUE_JOB_LOCATION,REVIEW
London,London,220,Croydon,London,3,8.7,HAVERSINE_STRAIGHT_LINE,15.0,PRESERVE_TRUE_JOB_LOCATION,REVIEW
London,London,220,Ilford,London,1,9.2,HAVERSINE_STRAIGHT_LINE,15.0,PRESERVE_TRUE_JOB_LOCATION,REVIEW
London,London,220,Bromley,London,4,9.3,HAVERSINE_STRAIGHT_LINE,15.0,PRESERVE_TRUE_JOB_LOCATION,REVIEW
London,London,220,Isleworth,London,3,9.6,HAVERSINE_STRAIGHT_LINE,15.0,PRESERVE_TRUE_JOB_LOCATION,REVIEW
London,London,220,Carshalton,London,1,9.9,HAVERSINE_STRAIGHT_LINE,15.0,PRESERVE_TRUE_JOB_LOCATION,REVIEW
London,London,220,Kingston Upon Thames,London,1,9.9,HAVERSINE_STRAIGHT_LINE,15.0,PRESERVE_TRUE_JOB_LOCATION,REVIEW
London,London,220,Enfield,London,1,10.1,HAVERSINE_STRAIGHT_LINE,15.0,PRESERVE_TRUE_JOB_LOCATION,REVIEW
London,London,220,Harrow,London,3,10.1,HAVERSINE_STRAIGHT_LINE,15.0,PRESERVE_TRUE_JOB_LOCATION,REVIEW
London,London,220,Barnet,London,1,10.3,HAVERSINE_STRAIGHT_LINE,15.0,PRESERVE_TRUE_JOB_LOCATION,REVIEW
London,London,220,Chislehurst,London,1,10.5,HAVERSINE_STRAIGHT_LINE,15.0,PRESERVE_TRUE_JOB_LOCATION,REVIEW
London,London,220,Southall,London,1,10.6,HAVERSINE_STRAIGHT_LINE,15.0,PRESERVE_TRUE_JOB_LOCATION,REVIEW
London,London,220,Sidcup,London,1,11.4,HAVERSINE_STRAIGHT_LINE,15.0,PRESERVE_TRUE_JOB_LOCATION,REVIEW
London,London,220,Sutton,London,2,11.4,HAVERSINE_STRAIGHT_LINE,15.0,PRESERVE_TRUE_JOB_LOCATION,REVIEW
London,London,220,Borehamwood,London,3,12.0,HAVERSINE_STRAIGHT_LINE,15.0,PRESERVE_TRUE_JOB_LOCATION,REVIEW
London,London,220,Chessington,London,1,12.7,HAVERSINE_STRAIGHT_LINE,15.0,PRESERVE_TRUE_JOB_LOCATION,REVIEW
London,London,220,Dagenham,London,2,12.9,HAVERSINE_STRAIGHT_LINE,15.0,PRESERVE_TRUE_JOB_LOCATION,REVIEW
London,London,220,Potters Bar,Hertfordshire,1,13.0,HAVERSINE_STRAIGHT_LINE,15.0,PRESERVE_TRUE_JOB_LOCATION,REVIEW
London,London,220,Bushey,London,1,13.7,HAVERSINE_STRAIGHT_LINE,15.0,PRESERVE_TRUE_JOB_LOCATION,REVIEW
London,London,220,Epsom,Surrey,3,13.8,HAVERSINE_STRAIGHT_LINE,15.0,PRESERVE_TRUE_JOB_LOCATION,REVIEW
London,London,220,Rainham,London,1,13.8,HAVERSINE_STRAIGHT_LINE,15.0,PRESERVE_TRUE_JOB_LOCATION,REVIEW
London,London,220,Walton-on-thames,Surrey,1,15.0,HAVERSINE_STRAIGHT_LINE,15.0,PRESERVE_TRUE_JOB_LOCATION,REVIEW
Loughborough,Leicestershire,1,Leicester,Leicestershire,3,9.3,HAVERSINE_STRAIGHT_LINE,15.0,PRESERVE_TRUE_JOB_LOCATION,REVIEW
Loughborough,Leicestershire,1,Nottingham,Nottinghamshire,5,13.1,HAVERSINE_STRAIGHT_LINE,15.0,PRESERVE_TRUE_JOB_LOCATION,REVIEW
Luton,Bedfordshire,1,Hemel Hempstead,Hertfordshire,4,8.8,HAVERSINE_STRAIGHT_LINE,15.0,PRESERVE_TRUE_JOB_LOCATION,REVIEW
Luton,Bedfordshire,1,Stevenage,Hertfordshire,1,9.3,HAVERSINE_STRAIGHT_LINE,15.0,PRESERVE_TRUE_JOB_LOCATION,REVIEW
Luton,Bedfordshire,1,St. Albans,Hertfordshire,1,9.7,HAVERSINE_STRAIGHT_LINE,15.0,PRESERVE_TRUE_JOB_LOCATION,REVIEW
Luton,Bedfordshire,1,Berkhamsted,Hertfordshire,1,10.4,HAVERSINE_STRAIGHT_LINE,15.0,PRESERVE_TRUE_JOB_LOCATION,REVIEW
Luton,Bedfordshire,1,Welwyn Garden City,Hertfordshire,1,10.5,HAVERSINE_STRAIGHT_LINE,15.0,PRESERVE_TRUE_JOB_LOCATION,REVIEW
Luton,Bedfordshire,1,Kings Langley,Hertfordshire,1,11.5,HAVERSINE_STRAIGHT_LINE,15.0,PRESERVE_TRUE_JOB_LOCATION,REVIEW
Luton,Bedfordshire,1,Chesham,Buckinghamshire,1,14.7,HAVERSINE_STRAIGHT_LINE,15.0,PRESERVE_TRUE_JOB_LOCATION,REVIEW
Macclesfield,Cheshire - East,3,Wilmslow,Cheshire - East,1,6.4,HAVERSINE_STRAIGHT_LINE,15.0,PRESERVE_TRUE_JOB_LOCATION,REVIEW
Macclesfield,Cheshire - East,3,Cheadle,Greater Manchester - South,1,10.4,HAVERSINE_STRAIGHT_LINE,15.0,PRESERVE_TRUE_JOB_LOCATION,REVIEW
Macclesfield,Cheshire - East,3,Stockport,Greater Manchester - South,2,10.4,HAVERSINE_STRAIGHT_LINE,15.0,PRESERVE_TRUE_JOB_LOCATION,REVIEW
Macclesfield,Cheshire - East,3,Knutsford,Cheshire - East,2,10.7,HAVERSINE_STRAIGHT_LINE,15.0,PRESERVE_TRUE_JOB_LOCATION,REVIEW
Macclesfield,Cheshire - East,3,Altrincham,Greater Manchester - South,4,12.7,HAVERSINE_STRAIGHT_LINE,15.0,PRESERVE_TRUE_JOB_LOCATION,REVIEW
Macclesfield,Cheshire - East,3,Sale,Greater Manchester - South,2,14.0,HAVERSINE_STRAIGHT_LINE,15.0,PRESERVE_TRUE_JOB_LOCATION,REVIEW
Maidenhead,Berkshire,1,Marlow,Buckinghamshire,1,4.0,HAVERSINE_STRAIGHT_LINE,15.0,PRESERVE_TRUE_JOB_LOCATION,REVIEW
Maidenhead,Berkshire,1,Slough,Berkshire,2,5.4,HAVERSINE_STRAIGHT_LINE,15.0,PRESERVE_TRUE_JOB_LOCATION,REVIEW
Maidenhead,Berkshire,1,Windsor,Berkshire,1,5.8,HAVERSINE_STRAIGHT_LINE,15.0,PRESERVE_TRUE_JOB_LOCATION,REVIEW
Maidenhead,Berkshire,1,High Wycombe,Buckinghamshire,6,7.5,HAVERSINE_STRAIGHT_LINE,15.0,PRESERVE_TRUE_JOB_LOCATION,REVIEW
Maidenhead,Berkshire,1,Bracknell,Berkshire,4,7.7,HAVERSINE_STRAIGHT_LINE,15.0,PRESERVE_TRUE_JOB_LOCATION,REVIEW
Maidenhead,Berkshire,1,Henley-on-thames,Oxfordshire,1,7.8,HAVERSINE_STRAIGHT_LINE,15.0,PRESERVE_TRUE_JOB_LOCATION,REVIEW
Maidenhead,Berkshire,1,Wokingham,Berkshire,1,9.2,HAVERSINE_STRAIGHT_LINE,15.0,PRESERVE_TRUE_JOB_LOCATION,REVIEW
Maidenhead,Berkshire,1,Uxbridge,London,3,10.4,HAVERSINE_STRAIGHT_LINE,15.0,PRESERVE_TRUE_JOB_LOCATION,REVIEW
Maidenhead,Berkshire,1,Amersham,Buckinghamshire,1,10.9,HAVERSINE_STRAIGHT_LINE,15.0,PRESERVE_TRUE_JOB_LOCATION,REVIEW
Maidenhead,Berkshire,1,Staines,Surrey,2,11.2,HAVERSINE_STRAIGHT_LINE,15.0,PRESERVE_TRUE_JOB_LOCATION,REVIEW
Maidenhead,Berkshire,1,Reading,Berkshire,7,11.7,HAVERSINE_STRAIGHT_LINE,15.0,PRESERVE_TRUE_JOB_LOCATION,REVIEW
Maidenhead,Berkshire,1,Chertsey,Surrey,1,13.0,HAVERSINE_STRAIGHT_LINE,15.0,PRESERVE_TRUE_JOB_LOCATION,REVIEW
Maidenhead,Berkshire,1,Chesham,Buckinghamshire,1,13.3,HAVERSINE_STRAIGHT_LINE,15.0,PRESERVE_TRUE_JOB_LOCATION,REVIEW
Maidenhead,Berkshire,1,Shepperton,Surrey,1,14.6,HAVERSINE_STRAIGHT_LINE,15.0,PRESERVE_TRUE_JOB_LOCATION,REVIEW
Maidstone,Kent,5,West Malling,Kent,1,5.0,HAVERSINE_STRAIGHT_LINE,15.0,PRESERVE_TRUE_JOB_LOCATION,REVIEW
Maidstone,Kent,5,Snodland,Kent,1,5.4,HAVERSINE_STRAIGHT_LINE,15.0,PRESERVE_TRUE_JOB_LOCATION,REVIEW
Maidstone,Kent,5,Rochester,Kent,1,8.4,HAVERSINE_STRAIGHT_LINE,15.0,PRESERVE_TRUE_JOB_LOCATION,REVIEW
Maidstone,Kent,5,Gillingham,Kent,3,8.6,HAVERSINE_STRAIGHT_LINE,15.0,PRESERVE_TRUE_JOB_LOCATION,REVIEW
Maidstone,Kent,5,Tonbridge,Kent,4,11.6,HAVERSINE_STRAIGHT_LINE,15.0,PRESERVE_TRUE_JOB_LOCATION,REVIEW
Maidstone,Kent,5,Cranbrook,Kent,1,11.8,HAVERSINE_STRAIGHT_LINE,15.0,PRESERVE_TRUE_JOB_LOCATION,REVIEW
Maidstone,Kent,5,Gravesend,Kent,2,13.7,HAVERSINE_STRAIGHT_LINE,15.0,PRESERVE_TRUE_JOB_LOCATION,REVIEW
Maidstone,Kent,5,Sevenoaks,Kent,2,14.2,HAVERSINE_STRAIGHT_LINE,15.0,PRESERVE_TRUE_JOB_LOCATION,REVIEW
Maidstone,Kent,5,Tunbridge Wells,Kent,1,14.4,HAVERSINE_STRAIGHT_LINE,15.0,PRESERVE_TRUE_JOB_LOCATION,REVIEW
Manchester,Greater Manchester - Manchester & Salford,55,Salford,Greater Manchester - Manchester & Salford,5,2.2,HAVERSINE_STRAIGHT_LINE,15.0,PRESERVE_TRUE_JOB_LOCATION,REVIEW
Manchester,Greater Manchester - Manchester & Salford,55,Stretford,Greater Manchester - Manchester & Salford,1,3.9,HAVERSINE_STRAIGHT_LINE,15.0,PRESERVE_TRUE_JOB_LOCATION,REVIEW
Manchester,Greater Manchester - Manchester & Salford,55,Sale,Greater Manchester - South,2,5.3,HAVERSINE_STRAIGHT_LINE,15.0,PRESERVE_TRUE_JOB_LOCATION,REVIEW
Manchester,Greater Manchester - Manchester & Salford,55,Ashton-under-lyne,Greater Manchester - South,2,5.7,HAVERSINE_STRAIGHT_LINE,15.0,PRESERVE_TRUE_JOB_LOCATION,REVIEW
Manchester,Greater Manchester - Manchester & Salford,55,Cheadle,Greater Manchester - South,1,5.7,HAVERSINE_STRAIGHT_LINE,15.0,PRESERVE_TRUE_JOB_LOCATION,REVIEW
Manchester,Greater Manchester - Manchester & Salford,55,Stockport,Greater Manchester - South,2,5.9,HAVERSINE_STRAIGHT_LINE,15.0,PRESERVE_TRUE_JOB_LOCATION,REVIEW
Manchester,Greater Manchester - Manchester & Salford,55,Altrincham,Greater Manchester - South,4,7.9,HAVERSINE_STRAIGHT_LINE,15.0,PRESERVE_TRUE_JOB_LOCATION,REVIEW
Manchester,Greater Manchester - Manchester & Salford,55,Wilmslow,Cheshire - East,1,10.6,HAVERSINE_STRAIGHT_LINE,15.0,PRESERVE_TRUE_JOB_LOCATION,REVIEW
Manchester,Greater Manchester - Manchester & Salford,55,Bolton,Greater Manchester - Wigan & Bolton,7,10.7,HAVERSINE_STRAIGHT_LINE,15.0,PRESERVE_TRUE_JOB_LOCATION,REVIEW
Manchester,Greater Manchester - Manchester & Salford,55,Knutsford,Cheshire - East,2,13.5,HAVERSINE_STRAIGHT_LINE,15.0,PRESERVE_TRUE_JOB_LOCATION,REVIEW
Mansfield,Nottinghamshire,1,Sutton-in-ashfield,Nottinghamshire,1,2.6,HAVERSINE_STRAIGHT_LINE,15.0,PRESERVE_TRUE_JOB_LOCATION,REVIEW
Mansfield,Nottinghamshire,1,Chesterfield,Derbyshire,1,12.1,HAVERSINE_STRAIGHT_LINE,15.0,PRESERVE_TRUE_JOB_LOCATION,REVIEW
Mansfield,Nottinghamshire,1,Nottingham,Nottinghamshire,5,12.6,HAVERSINE_STRAIGHT_LINE,15.0,PRESERVE_TRUE_JOB_LOCATION,REVIEW
Marlborough,Wiltshire,1,Swindon,Wiltshire,4,9.8,HAVERSINE_STRAIGHT_LINE,15.0,PRESERVE_TRUE_JOB_LOCATION,REVIEW
Marlow,Buckinghamshire,1,Maidenhead,Berkshire,1,4.0,HAVERSINE_STRAIGHT_LINE,15.0,PRESERVE_TRUE_JOB_LOCATION,REVIEW
Marlow,Buckinghamshire,1,High Wycombe,Buckinghamshire,6,4.3,HAVERSINE_STRAIGHT_LINE,15.0,PRESERVE_TRUE_JOB_LOCATION,REVIEW
Marlow,Buckinghamshire,1,Henley-on-thames,Oxfordshire,1,6.0,HAVERSINE_STRAIGHT_LINE,15.0,PRESERVE_TRUE_JOB_LOCATION,REVIEW
Marlow,Buckinghamshire,1,Slough,Berkshire,2,8.7,HAVERSINE_STRAIGHT_LINE,15.0,PRESERVE_TRUE_JOB_LOCATION,REVIEW
Marlow,Buckinghamshire,1,Amersham,Buckinghamshire,1,9.5,HAVERSINE_STRAIGHT_LINE,15.0,PRESERVE_TRUE_JOB_LOCATION,REVIEW
Marlow,Buckinghamshire,1,Windsor,Berkshire,1,9.6,HAVERSINE_STRAIGHT_LINE,15.0,PRESERVE_TRUE_JOB_LOCATION,REVIEW
Marlow,Buckinghamshire,1,Bracknell,Berkshire,4,10.8,HAVERSINE_STRAIGHT_LINE,15.0,PRESERVE_TRUE_JOB_LOCATION,REVIEW
Marlow,Buckinghamshire,1,Wokingham,Berkshire,1,11.2,HAVERSINE_STRAIGHT_LINE,15.0,PRESERVE_TRUE_JOB_LOCATION,REVIEW
Marlow,Buckinghamshire,1,Reading,Berkshire,7,11.5,HAVERSINE_STRAIGHT_LINE,15.0,PRESERVE_TRUE_JOB_LOCATION,REVIEW
Marlow,Buckinghamshire,1,Chesham,Buckinghamshire,1,11.7,HAVERSINE_STRAIGHT_LINE,15.0,PRESERVE_TRUE_JOB_LOCATION,REVIEW
Marlow,Buckinghamshire,1,Uxbridge,London,3,12.6,HAVERSINE_STRAIGHT_LINE,15.0,PRESERVE_TRUE_JOB_LOCATION,REVIEW
Marlow,Buckinghamshire,1,Staines,Surrey,2,15.0,HAVERSINE_STRAIGHT_LINE,15.0,PRESERVE_TRUE_JOB_LOCATION,REVIEW
Meadowfield,North East - County Durham & Darlington/Hartlepool,1,Durham,North East - County Durham & Darlington/Hartlepool,6,2.3,HAVERSINE_STRAIGHT_LINE,15.0,PRESERVE_TRUE_JOB_LOCATION,REVIEW
Meadowfield,North East - County Durham & Darlington/Hartlepool,1,Spennymoor,North East - County Durham & Darlington/Hartlepool,1,3.8,HAVERSINE_STRAIGHT_LINE,15.0,PRESERVE_TRUE_JOB_LOCATION,REVIEW
Meadowfield,North East - County Durham & Darlington/Hartlepool,1,Bishop Auckland,North East - County Durham & Darlington/Hartlepool,1,7.2,HAVERSINE_STRAIGHT_LINE,15.0,PRESERVE_TRUE_JOB_LOCATION,REVIEW
Meadowfield,North East - County Durham & Darlington/Hartlepool,1,Chester Le Street,North East - County Durham & Darlington/Hartlepool,4,7.5,HAVERSINE_STRAIGHT_LINE,15.0,PRESERVE_TRUE_JOB_LOCATION,REVIEW
Meadowfield,North East - County Durham & Darlington/Hartlepool,1,Stanley,North East - County Durham & Darlington/Hartlepool,1,8.6,HAVERSINE_STRAIGHT_LINE,15.0,PRESERVE_TRUE_JOB_LOCATION,REVIEW
Meadowfield,North East - County Durham & Darlington/Hartlepool,1,Washington,"North East - Tyneside, Wearside & Northumberland",1,10.9,HAVERSINE_STRAIGHT_LINE,15.0,PRESERVE_TRUE_JOB_LOCATION,REVIEW
Meadowfield,North East - County Durham & Darlington/Hartlepool,1,Peterlee,North East - County Durham & Darlington/Hartlepool,1,11.2,HAVERSINE_STRAIGHT_LINE,15.0,PRESERVE_TRUE_JOB_LOCATION,REVIEW
Meadowfield,North East - County Durham & Darlington/Hartlepool,1,Sunderland,"North East - Tyneside, Wearside & Northumberland",1,14.0,HAVERSINE_STRAIGHT_LINE,15.0,PRESERVE_TRUE_JOB_LOCATION,REVIEW
Meadowfield,North East - County Durham & Darlington/Hartlepool,1,Gateshead,"North East - Tyneside, Wearside & Northumberland",6,14.4,HAVERSINE_STRAIGHT_LINE,15.0,PRESERVE_TRUE_JOB_LOCATION,REVIEW
Middlesex,London,6,Brentford,London,2,3.6,HAVERSINE_STRAIGHT_LINE,15.0,PRESERVE_TRUE_JOB_LOCATION,REVIEW
Middlesex,London,6,Harrow,London,3,4.2,HAVERSINE_STRAIGHT_LINE,15.0,PRESERVE_TRUE_JOB_LOCATION,REVIEW
Middlesex,London,6,Southall,London,1,4.7,HAVERSINE_STRAIGHT_LINE,15.0,PRESERVE_TRUE_JOB_LOCATION,REVIEW
Middlesex,London,6,Isleworth,London,3,5.0,HAVERSINE_STRAIGHT_LINE,15.0,PRESERVE_TRUE_JOB_LOCATION,REVIEW
Middlesex,London,6,Knightsbridge,London,1,5.0,HAVERSINE_STRAIGHT_LINE,15.0,PRESERVE_TRUE_JOB_LOCATION,REVIEW
Middlesex,London,6,Wandsworth,London,4,5.7,HAVERSINE_STRAIGHT_LINE,15.0,PRESERVE_TRUE_JOB_LOCATION,REVIEW
Middlesex,London,6,London,London,220,6.3,HAVERSINE_STRAIGHT_LINE,15.0,PRESERVE_TRUE_JOB_LOCATION,REVIEW
Middlesex,London,6,Islington,London,1,7.1,HAVERSINE_STRAIGHT_LINE,15.0,PRESERVE_TRUE_JOB_LOCATION,REVIEW
Middlesex,London,6,Lambeth,London,1,7.2,HAVERSINE_STRAIGHT_LINE,15.0,PRESERVE_TRUE_JOB_LOCATION,REVIEW
Middlesex,London,6,Kingston Upon Thames,London,1,8.3,HAVERSINE_STRAIGHT_LINE,15.0,PRESERVE_TRUE_JOB_LOCATION,REVIEW
Middlesex,London,6,Borehamwood,London,3,8.5,HAVERSINE_STRAIGHT_LINE,15.0,PRESERVE_TRUE_JOB_LOCATION,REVIEW
Middlesex,London,6,Barnet,London,1,8.7,HAVERSINE_STRAIGHT_LINE,15.0,PRESERVE_TRUE_JOB_LOCATION,REVIEW
Middlesex,London,6,Bushey,London,1,8.7,HAVERSINE_STRAIGHT_LINE,15.0,PRESERVE_TRUE_JOB_LOCATION,REVIEW
Middlesex,London,6,Uxbridge,London,3,9.3,HAVERSINE_STRAIGHT_LINE,15.0,PRESERVE_TRUE_JOB_LOCATION,REVIEW
Middlesex,London,6,Morden,London,1,9.7,HAVERSINE_STRAIGHT_LINE,15.0,PRESERVE_TRUE_JOB_LOCATION,REVIEW
Middlesex,London,6,Watford,Hertfordshire,2,10.1,HAVERSINE_STRAIGHT_LINE,15.0,PRESERVE_TRUE_JOB_LOCATION,REVIEW
Middlesex,London,6,Enfield,London,1,11.5,HAVERSINE_STRAIGHT_LINE,15.0,PRESERVE_TRUE_JOB_LOCATION,REVIEW
Middlesex,London,6,Chessington,London,1,11.8,HAVERSINE_STRAIGHT_LINE,15.0,PRESERVE_TRUE_JOB_LOCATION,REVIEW
Middlesex,London,6,Potters Bar,Hertfordshire,1,11.8,HAVERSINE_STRAIGHT_LINE,15.0,PRESERVE_TRUE_JOB_LOCATION,REVIEW
Middlesex,London,6,Walton-on-thames,Surrey,1,11.8,HAVERSINE_STRAIGHT_LINE,15.0,PRESERVE_TRUE_JOB_LOCATION,REVIEW
Middlesex,London,6,Carshalton,London,1,12.1,HAVERSINE_STRAIGHT_LINE,15.0,PRESERVE_TRUE_JOB_LOCATION,REVIEW
Middlesex,London,6,Shepperton,Surrey,1,12.2,HAVERSINE_STRAIGHT_LINE,15.0,PRESERVE_TRUE_JOB_LOCATION,REVIEW
Middlesex,London,6,Staines,Surrey,2,12.4,HAVERSINE_STRAIGHT_LINE,15.0,PRESERVE_TRUE_JOB_LOCATION,REVIEW
Middlesex,London,6,Croydon,London,3,12.6,HAVERSINE_STRAIGHT_LINE,15.0,PRESERVE_TRUE_JOB_LOCATION,REVIEW
Middlesex,London,6,Sutton,London,2,12.9,HAVERSINE_STRAIGHT_LINE,15.0,PRESERVE_TRUE_JOB_LOCATION,REVIEW
Middlesex,London,6,Beckenham,London,1,13.5,HAVERSINE_STRAIGHT_LINE,15.0,PRESERVE_TRUE_JOB_LOCATION,REVIEW
Middlesex,London,6,Epsom,Surrey,3,13.9,HAVERSINE_STRAIGHT_LINE,15.0,PRESERVE_TRUE_JOB_LOCATION,REVIEW
Middlesex,London,6,Slough,Berkshire,2,14.1,HAVERSINE_STRAIGHT_LINE,15.0,PRESERVE_TRUE_JOB_LOCATION,REVIEW
Middlesex,London,6,Chertsey,Surrey,1,14.3,HAVERSINE_STRAIGHT_LINE,15.0,PRESERVE_TRUE_JOB_LOCATION,REVIEW
Middlesex,London,6,Windsor,Berkshire,1,14.6,HAVERSINE_STRAIGHT_LINE,15.0,PRESERVE_TRUE_JOB_LOCATION,REVIEW
Middlesex,London,6,Ilford,London,1,14.8,HAVERSINE_STRAIGHT_LINE,15.0,PRESERVE_TRUE_JOB_LOCATION,REVIEW
Middlesex,London,6,Kings Langley,Hertfordshire,1,14.8,HAVERSINE_STRAIGHT_LINE,15.0,PRESERVE_TRUE_JOB_LOCATION,REVIEW
Middlesex,London,6,Bromley,London,4,15.0,HAVERSINE_STRAIGHT_LINE,15.0,PRESERVE_TRUE_JOB_LOCATION,REVIEW
Milton Keynes,Buckinghamshire,3,Buckingham,Buckinghamshire,1,10.3,HAVERSINE_STRAIGHT_LINE,15.0,PRESERVE_TRUE_JOB_LOCATION,REVIEW
Milton Keynes,Buckinghamshire,3,Bedford,Bedfordshire,2,13.9,HAVERSINE_STRAIGHT_LINE,15.0,PRESERVE_TRUE_JOB_LOCATION,REVIEW
Morden,London,1,Carshalton,London,1,2.5,HAVERSINE_STRAIGHT_LINE,15.0,PRESERVE_TRUE_JOB_LOCATION,REVIEW
Morden,London,1,Sutton,London,2,3.3,HAVERSINE_STRAIGHT_LINE,15.0,PRESERVE_TRUE_JOB_LOCATION,REVIEW
Morden,London,1,Wandsworth,London,4,4.1,HAVERSINE_STRAIGHT_LINE,15.0,PRESERVE_TRUE_JOB_LOCATION,REVIEW
Morden,London,1,Croydon,London,3,4.4,HAVERSINE_STRAIGHT_LINE,15.0,PRESERVE_TRUE_JOB_LOCATION,REVIEW
Morden,London,1,Kingston Upon Thames,London,1,4.4,HAVERSINE_STRAIGHT_LINE,15.0,PRESERVE_TRUE_JOB_LOCATION,REVIEW
Morden,London,1,Chessington,London,1,5.2,HAVERSINE_STRAIGHT_LINE,15.0,PRESERVE_TRUE_JOB_LOCATION,REVIEW
Morden,London,1,Epsom,Surrey,3,5.6,HAVERSINE_STRAIGHT_LINE,15.0,PRESERVE_TRUE_JOB_LOCATION,REVIEW
Morden,London,1,Knightsbridge,London,1,7.3,HAVERSINE_STRAIGHT_LINE,15.0,PRESERVE_TRUE_JOB_LOCATION,REVIEW
Morden,London,1,Beckenham,London,1,7.5,HAVERSINE_STRAIGHT_LINE,15.0,PRESERVE_TRUE_JOB_LOCATION,REVIEW
Morden,London,1,Tadworth,Surrey,1,7.5,HAVERSINE_STRAIGHT_LINE,15.0,PRESERVE_TRUE_JOB_LOCATION,REVIEW
Morden,London,1,Brentford,London,2,7.7,HAVERSINE_STRAIGHT_LINE,15.0,PRESERVE_TRUE_JOB_LOCATION,REVIEW
Morden,London,1,Lambeth,London,1,7.7,HAVERSINE_STRAIGHT_LINE,15.0,PRESERVE_TRUE_JOB_LOCATION,REVIEW
Morden,London,1,Isleworth,London,3,8.2,HAVERSINE_STRAIGHT_LINE,15.0,PRESERVE_TRUE_JOB_LOCATION,REVIEW
Morden,London,1,London,London,220,8.2,HAVERSINE_STRAIGHT_LINE,15.0,PRESERVE_TRUE_JOB_LOCATION,REVIEW
Morden,London,1,Bromley,London,4,9.2,HAVERSINE_STRAIGHT_LINE,15.0,PRESERVE_TRUE_JOB_LOCATION,REVIEW
Morden,London,1,Walton-on-thames,Surrey,1,9.3,HAVERSINE_STRAIGHT_LINE,15.0,PRESERVE_TRUE_JOB_LOCATION,REVIEW
Morden,London,1,Middlesex,London,6,9.7,HAVERSINE_STRAIGHT_LINE,15.0,PRESERVE_TRUE_JOB_LOCATION,REVIEW
Morden,London,1,Fetcham,Surrey,1,10.2,HAVERSINE_STRAIGHT_LINE,15.0,PRESERVE_TRUE_JOB_LOCATION,REVIEW
Morden,London,1,Islington,London,1,10.4,HAVERSINE_STRAIGHT_LINE,15.0,PRESERVE_TRUE_JOB_LOCATION,REVIEW
Morden,London,1,Southall,London,1,10.7,HAVERSINE_STRAIGHT_LINE,15.0,PRESERVE_TRUE_JOB_LOCATION,REVIEW
Morden,London,1,Shepperton,Surrey,1,10.8,HAVERSINE_STRAIGHT_LINE,15.0,PRESERVE_TRUE_JOB_LOCATION,REVIEW
Morden,London,1,Redhill,Surrey,4,11.0,HAVERSINE_STRAIGHT_LINE,15.0,PRESERVE_TRUE_JOB_LOCATION,REVIEW
Morden,London,1,Chislehurst,London,1,11.6,HAVERSINE_STRAIGHT_LINE,15.0,PRESERVE_TRUE_JOB_LOCATION,REVIEW
Morden,London,1,Oxted,Surrey,1,12.8,HAVERSINE_STRAIGHT_LINE,15.0,PRESERVE_TRUE_JOB_LOCATION,REVIEW
Morden,London,1,Dorking,Surrey,2,12.9,HAVERSINE_STRAIGHT_LINE,15.0,PRESERVE_TRUE_JOB_LOCATION,REVIEW
Morden,London,1,Sidcup,London,1,13.2,HAVERSINE_STRAIGHT_LINE,15.0,PRESERVE_TRUE_JOB_LOCATION,REVIEW
Morden,London,1,Chertsey,Surrey,1,13.4,HAVERSINE_STRAIGHT_LINE,15.0,PRESERVE_TRUE_JOB_LOCATION,REVIEW
Morden,London,1,Staines,Surrey,2,13.5,HAVERSINE_STRAIGHT_LINE,15.0,PRESERVE_TRUE_JOB_LOCATION,REVIEW
Morden,London,1,Harrow,London,3,13.7,HAVERSINE_STRAIGHT_LINE,15.0,PRESERVE_TRUE_JOB_LOCATION,REVIEW
Nantwich,Cheshire - East,1,Crewe,Cheshire - East,3,3.8,HAVERSINE_STRAIGHT_LINE,15.0,PRESERVE_TRUE_JOB_LOCATION,REVIEW
Nantwich,Cheshire - East,1,Winsford,Cheshire - West,1,8.5,HAVERSINE_STRAIGHT_LINE,15.0,PRESERVE_TRUE_JOB_LOCATION,REVIEW
Nantwich,Cheshire - East,1,Northwich,Cheshire - West,1,13.1,HAVERSINE_STRAIGHT_LINE,15.0,PRESERVE_TRUE_JOB_LOCATION,REVIEW
Nantwich,Cheshire - East,1,Stoke-on-trent,Staffordshire,3,14.6,HAVERSINE_STRAIGHT_LINE,15.0,PRESERVE_TRUE_JOB_LOCATION,REVIEW
Newbury,Berkshire,1,Thatcham,Berkshire,1,2.8,HAVERSINE_STRAIGHT_LINE,15.0,PRESERVE_TRUE_JOB_LOCATION,REVIEW
Newbury,Berkshire,1,Basingstoke,Hampshire,1,14.1,HAVERSINE_STRAIGHT_LINE,15.0,PRESERVE_TRUE_JOB_LOCATION,REVIEW
Newcastle Upon Tyne,"North East - Tyneside, Wearside & Northumberland",43,Gateshead,"North East - Tyneside, Wearside & Northumberland",6,0.9,HAVERSINE_STRAIGHT_LINE,15.0,PRESERVE_TRUE_JOB_LOCATION,REVIEW
Newcastle Upon Tyne,"North East - Tyneside, Wearside & Northumberland",43,Hebburn,"North East - Tyneside, Wearside & Northumberland",2,3.9,HAVERSINE_STRAIGHT_LINE,15.0,PRESERVE_TRUE_JOB_LOCATION,REVIEW
Newcastle Upon Tyne,"North East - Tyneside, Wearside & Northumberland",43,Ryton,"North East - Tyneside, Wearside & Northumberland",1,5.9,HAVERSINE_STRAIGHT_LINE,15.0,PRESERVE_TRUE_JOB_LOCATION,REVIEW
Newcastle Upon Tyne,"North East - Tyneside, Wearside & Northumberland",43,Washington,"North East - Tyneside, Wearside & Northumberland",1,6.4,HAVERSINE_STRAIGHT_LINE,15.0,PRESERVE_TRUE_JOB_LOCATION,REVIEW
Newcastle Upon Tyne,"North East - Tyneside, Wearside & Northumberland",43,Cramlington,"North East - Tyneside, Wearside & Northumberland",1,7.9,HAVERSINE_STRAIGHT_LINE,15.0,PRESERVE_TRUE_JOB_LOCATION,REVIEW
Newcastle Upon Tyne,"North East - Tyneside, Wearside & Northumberland",43,Stanley,North East - County Durham & Darlington/Hartlepool,1,8.0,HAVERSINE_STRAIGHT_LINE,15.0,PRESERVE_TRUE_JOB_LOCATION,REVIEW
Newcastle Upon Tyne,"North East - Tyneside, Wearside & Northumberland",43,Chester Le Street,North East - County Durham & Darlington/Hartlepool,4,8.1,HAVERSINE_STRAIGHT_LINE,15.0,PRESERVE_TRUE_JOB_LOCATION,REVIEW
Newcastle Upon Tyne,"North East - Tyneside, Wearside & Northumberland",43,Sunderland,"North East - Tyneside, Wearside & Northumberland",1,10.3,HAVERSINE_STRAIGHT_LINE,15.0,PRESERVE_TRUE_JOB_LOCATION,REVIEW
Newcastle Upon Tyne,"North East - Tyneside, Wearside & Northumberland",43,Blyth,"North East - Tyneside, Wearside & Northumberland",1,11.4,HAVERSINE_STRAIGHT_LINE,15.0,PRESERVE_TRUE_JOB_LOCATION,REVIEW
Newcastle Upon Tyne,"North East - Tyneside, Wearside & Northumberland",43,Durham,North East - County Durham & Darlington/Hartlepool,6,13.7,HAVERSINE_STRAIGHT_LINE,15.0,PRESERVE_TRUE_JOB_LOCATION,REVIEW
Newtownabbey,Northern Ireland - East,2,Belfast,Northern Ireland - East,29,4.4,HAVERSINE_STRAIGHT_LINE,15.0,PRESERVE_TRUE_JOB_LOCATION,REVIEW
Newtownabbey,Northern Ireland - East,2,Ballyclare,Northern Ireland - East,1,7.3,HAVERSINE_STRAIGHT_LINE,15.0,PRESERVE_TRUE_JOB_LOCATION,REVIEW
Newtownabbey,Northern Ireland - East,2,Lisburn,Northern Ireland - East,1,10.7,HAVERSINE_STRAIGHT_LINE,15.0,PRESERVE_TRUE_JOB_LOCATION,REVIEW
Normanton,Yorkshire - West,1,Wakefield,Yorkshire - West,9,3.5,HAVERSINE_STRAIGHT_LINE,15.0,PRESERVE_TRUE_JOB_LOCATION,REVIEW
Normanton,Yorkshire - West,1,Leeds,Yorkshire - West,25,8.6,HAVERSINE_STRAIGHT_LINE,15.0,PRESERVE_TRUE_JOB_LOCATION,REVIEW
Normanton,Yorkshire - West,1,Dewsbury,Yorkshire - West,2,8.7,HAVERSINE_STRAIGHT_LINE,15.0,PRESERVE_TRUE_JOB_LOCATION,REVIEW
Normanton,Yorkshire - West,1,Batley,Yorkshire - West,1,8.9,HAVERSINE_STRAIGHT_LINE,15.0,PRESERVE_TRUE_JOB_LOCATION,REVIEW
Normanton,Yorkshire - West,1,Pudsey,Yorkshire - West,1,12.0,HAVERSINE_STRAIGHT_LINE,15.0,PRESERVE_TRUE_JOB_LOCATION,REVIEW
Northallerton,Yorkshire - North,5,Darlington,North East - County Durham & Darlington/Hartlepool,4,13.7,HAVERSINE_STRAIGHT_LINE,15.0,PRESERVE_TRUE_JOB_LOCATION,REVIEW
Northallerton,Yorkshire - North,5,Ripon,Yorkshire - North,1,14.6,HAVERSINE_STRAIGHT_LINE,15.0,PRESERVE_TRUE_JOB_LOCATION,REVIEW
Northampton,Northamptonshire,1,Kettering,Northamptonshire,2,12.2,HAVERSINE_STRAIGHT_LINE,15.0,PRESERVE_TRUE_JOB_LOCATION,REVIEW
Northampton,Northamptonshire,1,Rushden,Northamptonshire,1,12.2,HAVERSINE_STRAIGHT_LINE,15.0,PRESERVE_TRUE_JOB_LOCATION,REVIEW
Northwich,Cheshire - West,1,Winsford,Cheshire - West,1,4.7,HAVERSINE_STRAIGHT_LINE,15.0,PRESERVE_TRUE_JOB_LOCATION,REVIEW
Northwich,Cheshire - West,1,Knutsford,Cheshire - East,2,6.7,HAVERSINE_STRAIGHT_LINE,15.0,PRESERVE_TRUE_JOB_LOCATION,REVIEW
Northwich,Cheshire - West,1,Warrington,Cheshire - Warrington & Halton,3,9.6,HAVERSINE_STRAIGHT_LINE,15.0,PRESERVE_TRUE_JOB_LOCATION,REVIEW
Northwich,Cheshire - West,1,Runcorn,Cheshire - Warrington & Halton,1,10.4,HAVERSINE_STRAIGHT_LINE,15.0,PRESERVE_TRUE_JOB_LOCATION,REVIEW
Northwich,Cheshire - West,1,Altrincham,Greater Manchester - South,4,11.4,HAVERSINE_STRAIGHT_LINE,15.0,PRESERVE_TRUE_JOB_LOCATION,REVIEW
Northwich,Cheshire - West,1,Crewe,Cheshire - East,3,11.6,HAVERSINE_STRAIGHT_LINE,15.0,PRESERVE_TRUE_JOB_LOCATION,REVIEW
Northwich,Cheshire - West,1,Wilmslow,Cheshire - East,1,12.8,HAVERSINE_STRAIGHT_LINE,15.0,PRESERVE_TRUE_JOB_LOCATION,REVIEW
Northwich,Cheshire - West,1,Nantwich,Cheshire - East,1,13.1,HAVERSINE_STRAIGHT_LINE,15.0,PRESERVE_TRUE_JOB_LOCATION,REVIEW
Northwich,Cheshire - West,1,Sale,Greater Manchester - South,2,14.0,HAVERSINE_STRAIGHT_LINE,15.0,PRESERVE_TRUE_JOB_LOCATION,REVIEW
Nottingham,Nottinghamshire,5,Mansfield,Nottinghamshire,1,12.6,HAVERSINE_STRAIGHT_LINE,15.0,PRESERVE_TRUE_JOB_LOCATION,REVIEW
Nottingham,Nottinghamshire,5,Sutton-in-ashfield,Nottinghamshire,1,12.7,HAVERSINE_STRAIGHT_LINE,15.0,PRESERVE_TRUE_JOB_LOCATION,REVIEW
Nottingham,Nottinghamshire,5,Loughborough,Leicestershire,1,13.1,HAVERSINE_STRAIGHT_LINE,15.0,PRESERVE_TRUE_JOB_LOCATION,REVIEW
Nuneaton,West Midlands - Coventry & Warwickshire,2,Coventry,West Midlands - Coventry & Warwickshire,3,8.3,HAVERSINE_STRAIGHT_LINE,15.0,PRESERVE_TRUE_JOB_LOCATION,REVIEW
Nuneaton,West Midlands - Coventry & Warwickshire,2,Chelmsley Wood,West Midlands - Birmingham & Solihull,2,11.9,HAVERSINE_STRAIGHT_LINE,15.0,PRESERVE_TRUE_JOB_LOCATION,REVIEW
Nuneaton,West Midlands - Coventry & Warwickshire,2,Tamworth,Staffordshire,1,12.3,HAVERSINE_STRAIGHT_LINE,15.0,PRESERVE_TRUE_JOB_LOCATION,REVIEW
Nuneaton,West Midlands - Coventry & Warwickshire,2,Kenilworth,West Midlands - Coventry & Warwickshire,1,13.0,HAVERSINE_STRAIGHT_LINE,15.0,PRESERVE_TRUE_JOB_LOCATION,REVIEW
Nuneaton,West Midlands - Coventry & Warwickshire,2,Rugby,West Midlands - Coventry & Warwickshire,1,13.5,HAVERSINE_STRAIGHT_LINE,15.0,PRESERVE_TRUE_JOB_LOCATION,REVIEW
Nuneaton,West Midlands - Coventry & Warwickshire,2,Knowle,West Midlands - Birmingham & Solihull,1,14.9,HAVERSINE_STRAIGHT_LINE,15.0,PRESERVE_TRUE_JOB_LOCATION,REVIEW
Otley,Yorkshire - West,1,Bingley,Yorkshire - West,1,7.1,HAVERSINE_STRAIGHT_LINE,15.0,PRESERVE_TRUE_JOB_LOCATION,REVIEW
Otley,Yorkshire - West,1,Pudsey,Yorkshire - West,1,7.7,HAVERSINE_STRAIGHT_LINE,15.0,PRESERVE_TRUE_JOB_LOCATION,REVIEW
Otley,Yorkshire - West,1,Bradford,Yorkshire - West,11,8.1,HAVERSINE_STRAIGHT_LINE,15.0,PRESERVE_TRUE_JOB_LOCATION,REVIEW
Otley,Yorkshire - West,1,Harrogate,Yorkshire - North,3,8.7,HAVERSINE_STRAIGHT_LINE,15.0,PRESERVE_TRUE_JOB_LOCATION,REVIEW
Otley,Yorkshire - West,1,Keighley,Yorkshire - West,1,9.0,HAVERSINE_STRAIGHT_LINE,15.0,PRESERVE_TRUE_JOB_LOCATION,REVIEW
Otley,Yorkshire - West,1,Leeds,Yorkshire - West,25,9.6,HAVERSINE_STRAIGHT_LINE,15.0,PRESERVE_TRUE_JOB_LOCATION,REVIEW
Otley,Yorkshire - West,1,Knaresborough,Yorkshire - North,2,11.6,HAVERSINE_STRAIGHT_LINE,15.0,PRESERVE_TRUE_JOB_LOCATION,REVIEW
Otley,Yorkshire - West,1,Batley,Yorkshire - West,1,14.2,HAVERSINE_STRAIGHT_LINE,15.0,PRESERVE_TRUE_JOB_LOCATION,REVIEW
Otley,Yorkshire - West,1,Brighouse,Yorkshire - West,4,14.5,HAVERSINE_STRAIGHT_LINE,15.0,PRESERVE_TRUE_JOB_LOCATION,REVIEW
Ottery St. Mary,Devon,1,Exeter,Devon,3,11.6,HAVERSINE_STRAIGHT_LINE,15.0,PRESERVE_TRUE_JOB_LOCATION,REVIEW
Oxford,Oxfordshire,10,Bicester,Oxfordshire,1,11.1,HAVERSINE_STRAIGHT_LINE,15.0,PRESERVE_TRUE_JOB_LOCATION,REVIEW
Oxford,Oxfordshire,10,Thame,Oxfordshire,1,12.0,HAVERSINE_STRAIGHT_LINE,15.0,PRESERVE_TRUE_JOB_LOCATION,REVIEW
Oxted,Surrey,1,Lingfield,Surrey,2,5.5,HAVERSINE_STRAIGHT_LINE,15.0,PRESERVE_TRUE_JOB_LOCATION,REVIEW
Oxted,Surrey,1,Redhill,Surrey,4,7.2,HAVERSINE_STRAIGHT_LINE,15.0,PRESERVE_TRUE_JOB_LOCATION,REVIEW
Oxted,Surrey,1,Sevenoaks,Kent,2,8.5,HAVERSINE_STRAIGHT_LINE,15.0,PRESERVE_TRUE_JOB_LOCATION,REVIEW
Oxted,Surrey,1,Horley,Surrey,1,8.7,HAVERSINE_STRAIGHT_LINE,15.0,PRESERVE_TRUE_JOB_LOCATION,REVIEW
Oxted,Surrey,1,Croydon,London,3,9.6,HAVERSINE_STRAIGHT_LINE,15.0,PRESERVE_TRUE_JOB_LOCATION,REVIEW
Oxted,Surrey,1,Tadworth,Surrey,1,10.2,HAVERSINE_STRAIGHT_LINE,15.0,PRESERVE_TRUE_JOB_LOCATION,REVIEW
Oxted,Surrey,1,Bromley,London,4,10.3,HAVERSINE_STRAIGHT_LINE,15.0,PRESERVE_TRUE_JOB_LOCATION,REVIEW
Oxted,Surrey,1,Carshalton,London,1,10.4,HAVERSINE_STRAIGHT_LINE,15.0,PRESERVE_TRUE_JOB_LOCATION,REVIEW
Oxted,Surrey,1,Beckenham,London,1,10.5,HAVERSINE_STRAIGHT_LINE,15.0,PRESERVE_TRUE_JOB_LOCATION,REVIEW
Oxted,Surrey,1,Sutton,London,2,10.6,HAVERSINE_STRAIGHT_LINE,15.0,PRESERVE_TRUE_JOB_LOCATION,REVIEW
Oxted,Surrey,1,Chislehurst,London,1,11.5,HAVERSINE_STRAIGHT_LINE,15.0,PRESERVE_TRUE_JOB_LOCATION,REVIEW
Oxted,Surrey,1,Epsom,Surrey,3,12.5,HAVERSINE_STRAIGHT_LINE,15.0,PRESERVE_TRUE_JOB_LOCATION,REVIEW
Oxted,Surrey,1,Crawley,Sussex,2,12.6,HAVERSINE_STRAIGHT_LINE,15.0,PRESERVE_TRUE_JOB_LOCATION,REVIEW
Oxted,Surrey,1,Sidcup,London,1,12.6,HAVERSINE_STRAIGHT_LINE,15.0,PRESERVE_TRUE_JOB_LOCATION,REVIEW
Oxted,Surrey,1,Morden,London,1,12.8,HAVERSINE_STRAIGHT_LINE,15.0,PRESERVE_TRUE_JOB_LOCATION,REVIEW
Oxted,Surrey,1,Tonbridge,Kent,4,12.8,HAVERSINE_STRAIGHT_LINE,15.0,PRESERVE_TRUE_JOB_LOCATION,REVIEW
Oxted,Surrey,1,Dorking,Surrey,2,14.3,HAVERSINE_STRAIGHT_LINE,15.0,PRESERVE_TRUE_JOB_LOCATION,REVIEW
Oxted,Surrey,1,Tunbridge Wells,Kent,1,14.4,HAVERSINE_STRAIGHT_LINE,15.0,PRESERVE_TRUE_JOB_LOCATION,REVIEW
Oxted,Surrey,1,Chessington,London,1,14.8,HAVERSINE_STRAIGHT_LINE,15.0,PRESERVE_TRUE_JOB_LOCATION,REVIEW
Peterlee,North East - County Durham & Darlington/Hartlepool,1,Hartlepool,North East - County Durham & Darlington/Hartlepool,1,7.2,HAVERSINE_STRAIGHT_LINE,15.0,PRESERVE_TRUE_JOB_LOCATION,REVIEW
Peterlee,North East - County Durham & Darlington/Hartlepool,1,Durham,North East - County Durham & Darlington/Hartlepool,6,9.6,HAVERSINE_STRAIGHT_LINE,15.0,PRESERVE_TRUE_JOB_LOCATION,REVIEW
Peterlee,North East - County Durham & Darlington/Hartlepool,1,Sunderland,"North East - Tyneside, Wearside & Northumberland",1,10.1,HAVERSINE_STRAIGHT_LINE,15.0,PRESERVE_TRUE_JOB_LOCATION,REVIEW
Peterlee,North East - County Durham & Darlington/Hartlepool,1,Meadowfield,North East - County Durham & Darlington/Hartlepool,1,11.2,HAVERSINE_STRAIGHT_LINE,15.0,PRESERVE_TRUE_JOB_LOCATION,REVIEW
Peterlee,North East - County Durham & Darlington/Hartlepool,1,Spennymoor,North East - County Durham & Darlington/Hartlepool,1,11.4,HAVERSINE_STRAIGHT_LINE,15.0,PRESERVE_TRUE_JOB_LOCATION,REVIEW
Peterlee,North East - County Durham & Darlington/Hartlepool,1,Chester Le Street,North East - County Durham & Darlington/Hartlepool,4,11.6,HAVERSINE_STRAIGHT_LINE,15.0,PRESERVE_TRUE_JOB_LOCATION,REVIEW
Peterlee,North East - County Durham & Darlington/Hartlepool,1,Washington,"North East - Tyneside, Wearside & Northumberland",1,12.0,HAVERSINE_STRAIGHT_LINE,15.0,PRESERVE_TRUE_JOB_LOCATION,REVIEW
Pickering,Yorkshire - North,1,Scarborough,Yorkshire - North,4,14.8,HAVERSINE_STRAIGHT_LINE,15.0,PRESERVE_TRUE_JOB_LOCATION,REVIEW
Pontypridd,Wales South - Valleys,1,Cardiff,Wales South - Cardiff & Vale,9,10.9,HAVERSINE_STRAIGHT_LINE,15.0,PRESERVE_TRUE_JOB_LOCATION,REVIEW
Pontypridd,Wales South - Valleys,1,Barry,Wales South - Cardiff & Vale,1,14.2,HAVERSINE_STRAIGHT_LINE,15.0,PRESERVE_TRUE_JOB_LOCATION,REVIEW
Poole,Dorset,1,Bournemouth,Dorset,1,4.6,HAVERSINE_STRAIGHT_LINE,15.0,PRESERVE_TRUE_JOB_LOCATION,REVIEW
Poole,Dorset,1,Ringwood,Hampshire,3,12.5,HAVERSINE_STRAIGHT_LINE,15.0,PRESERVE_TRUE_JOB_LOCATION,REVIEW
Portishead,Bristol & Bath,1,Bristol,Bristol & Bath,33,7.7,HAVERSINE_STRAIGHT_LINE,15.0,PRESERVE_TRUE_JOB_LOCATION,REVIEW
Portishead,Bristol & Bath,1,Congresbury,Bristol & Bath,1,7.8,HAVERSINE_STRAIGHT_LINE,15.0,PRESERVE_TRUE_JOB_LOCATION,REVIEW
Portishead,Bristol & Bath,1,Weston-super-mare,Somerset,2,13.0,HAVERSINE_STRAIGHT_LINE,15.0,PRESERVE_TRUE_JOB_LOCATION,REVIEW
Portsmouth,Hampshire,2,Gosport,Hampshire,1,1.7,HAVERSINE_STRAIGHT_LINE,15.0,PRESERVE_TRUE_JOB_LOCATION,REVIEW
Portsmouth,Hampshire,2,Fareham,Hampshire,3,5.3,HAVERSINE_STRAIGHT_LINE,15.0,PRESERVE_TRUE_JOB_LOCATION,REVIEW
Portsmouth,Hampshire,2,Havant,Hampshire,1,6.1,HAVERSINE_STRAIGHT_LINE,15.0,PRESERVE_TRUE_JOB_LOCATION,REVIEW
Portsmouth,Hampshire,2,Chichester,Sussex,1,13.8,HAVERSINE_STRAIGHT_LINE,15.0,PRESERVE_TRUE_JOB_LOCATION,REVIEW
Potters Bar,Hertfordshire,1,Barnet,London,1,3.1,HAVERSINE_STRAIGHT_LINE,15.0,PRESERVE_TRUE_JOB_LOCATION,REVIEW
Potters Bar,Hertfordshire,1,Enfield,London,1,4.9,HAVERSINE_STRAIGHT_LINE,15.0,PRESERVE_TRUE_JOB_LOCATION,REVIEW
Potters Bar,Hertfordshire,1,Borehamwood,London,3,5.0,HAVERSINE_STRAIGHT_LINE,15.0,PRESERVE_TRUE_JOB_LOCATION,REVIEW
Potters Bar,Hertfordshire,1,Welwyn Garden City,Hertfordshire,1,7.6,HAVERSINE_STRAIGHT_LINE,15.0,PRESERVE_TRUE_JOB_LOCATION,REVIEW
Potters Bar,Hertfordshire,1,St. Albans,Hertfordshire,1,7.7,HAVERSINE_STRAIGHT_LINE,15.0,PRESERVE_TRUE_JOB_LOCATION,REVIEW
Potters Bar,Hertfordshire,1,Bushey,London,1,8.5,HAVERSINE_STRAIGHT_LINE,15.0,PRESERVE_TRUE_JOB_LOCATION,REVIEW
Potters Bar,Hertfordshire,1,Watford,Hertfordshire,2,9.7,HAVERSINE_STRAIGHT_LINE,15.0,PRESERVE_TRUE_JOB_LOCATION,REVIEW
Potters Bar,Hertfordshire,1,Harrow,London,3,10.3,HAVERSINE_STRAIGHT_LINE,15.0,PRESERVE_TRUE_JOB_LOCATION,REVIEW
Potters Bar,Hertfordshire,1,Islington,London,1,11.3,HAVERSINE_STRAIGHT_LINE,15.0,PRESERVE_TRUE_JOB_LOCATION,REVIEW
Potters Bar,Hertfordshire,1,Kings Langley,Hertfordshire,1,11.7,HAVERSINE_STRAIGHT_LINE,15.0,PRESERVE_TRUE_JOB_LOCATION,REVIEW
Potters Bar,Hertfordshire,1,Middlesex,London,6,11.8,HAVERSINE_STRAIGHT_LINE,15.0,PRESERVE_TRUE_JOB_LOCATION,REVIEW
Potters Bar,Hertfordshire,1,Hemel Hempstead,Hertfordshire,4,12.3,HAVERSINE_STRAIGHT_LINE,15.0,PRESERVE_TRUE_JOB_LOCATION,REVIEW
Potters Bar,Hertfordshire,1,London,London,220,13.0,HAVERSINE_STRAIGHT_LINE,15.0,PRESERVE_TRUE_JOB_LOCATION,REVIEW
Potters Bar,Hertfordshire,1,Knightsbridge,London,1,13.3,HAVERSINE_STRAIGHT_LINE,15.0,PRESERVE_TRUE_JOB_LOCATION,REVIEW
Potters Bar,Hertfordshire,1,Harlow,Essex,1,13.7,HAVERSINE_STRAIGHT_LINE,15.0,PRESERVE_TRUE_JOB_LOCATION,REVIEW
Potters Bar,Hertfordshire,1,Lambeth,London,1,13.9,HAVERSINE_STRAIGHT_LINE,15.0,PRESERVE_TRUE_JOB_LOCATION,REVIEW
Potters Bar,Hertfordshire,1,Ilford,London,1,14.3,HAVERSINE_STRAIGHT_LINE,15.0,PRESERVE_TRUE_JOB_LOCATION,REVIEW
Potters Bar,Hertfordshire,1,Stevenage,Hertfordshire,1,14.5,HAVERSINE_STRAIGHT_LINE,15.0,PRESERVE_TRUE_JOB_LOCATION,REVIEW
Pudsey,Yorkshire - West,1,Bradford,Yorkshire - West,11,3.7,HAVERSINE_STRAIGHT_LINE,15.0,PRESERVE_TRUE_JOB_LOCATION,REVIEW
Pudsey,Yorkshire - West,1,Leeds,Yorkshire - West,25,4.6,HAVERSINE_STRAIGHT_LINE,15.0,PRESERVE_TRUE_JOB_LOCATION,REVIEW
Pudsey,Yorkshire - West,1,Batley,Yorkshire - West,1,6.5,HAVERSINE_STRAIGHT_LINE,15.0,PRESERVE_TRUE_JOB_LOCATION,REVIEW
Pudsey,Yorkshire - West,1,Dewsbury,Yorkshire - West,2,7.3,HAVERSINE_STRAIGHT_LINE,15.0,PRESERVE_TRUE_JOB_LOCATION,REVIEW
Pudsey,Yorkshire - West,1,Otley,Yorkshire - West,1,7.7,HAVERSINE_STRAIGHT_LINE,15.0,PRESERVE_TRUE_JOB_LOCATION,REVIEW
Pudsey,Yorkshire - West,1,Bingley,Yorkshire - West,1,8.1,HAVERSINE_STRAIGHT_LINE,15.0,PRESERVE_TRUE_JOB_LOCATION,REVIEW
Pudsey,Yorkshire - West,1,Brighouse,Yorkshire - West,4,8.1,HAVERSINE_STRAIGHT_LINE,15.0,PRESERVE_TRUE_JOB_LOCATION,REVIEW
Pudsey,Yorkshire - West,1,Wakefield,Yorkshire - West,9,10.2,HAVERSINE_STRAIGHT_LINE,15.0,PRESERVE_TRUE_JOB_LOCATION,REVIEW
Pudsey,Yorkshire - West,1,Keighley,Yorkshire - West,1,11.2,HAVERSINE_STRAIGHT_LINE,15.0,PRESERVE_TRUE_JOB_LOCATION,REVIEW
Pudsey,Yorkshire - West,1,Huddersfield,Yorkshire - West,2,11.3,HAVERSINE_STRAIGHT_LINE,15.0,PRESERVE_TRUE_JOB_LOCATION,REVIEW
Pudsey,Yorkshire - West,1,Normanton,Yorkshire - West,1,12.0,HAVERSINE_STRAIGHT_LINE,15.0,PRESERVE_TRUE_JOB_LOCATION,REVIEW
Pudsey,Yorkshire - West,1,Harrogate,Yorkshire - North,3,14.4,HAVERSINE_STRAIGHT_LINE,15.0,PRESERVE_TRUE_JOB_LOCATION,REVIEW
Rainham,London,1,Dagenham,London,2,2.6,HAVERSINE_STRAIGHT_LINE,15.0,PRESERVE_TRUE_JOB_LOCATION,REVIEW
Rainham,London,1,Hornchurch,London,1,2.9,HAVERSINE_STRAIGHT_LINE,15.0,PRESERVE_TRUE_JOB_LOCATION,REVIEW
Rainham,London,1,Upminster,London,1,3.8,HAVERSINE_STRAIGHT_LINE,15.0,PRESERVE_TRUE_JOB_LOCATION,REVIEW
Rainham,London,1,Dartford,Kent,1,4.9,HAVERSINE_STRAIGHT_LINE,15.0,PRESERVE_TRUE_JOB_LOCATION,REVIEW
Rainham,London,1,Ilford,London,1,5.9,HAVERSINE_STRAIGHT_LINE,15.0,PRESERVE_TRUE_JOB_LOCATION,REVIEW
Rainham,London,1,Sidcup,London,1,7.4,HAVERSINE_STRAIGHT_LINE,15.0,PRESERVE_TRUE_JOB_LOCATION,REVIEW
Rainham,London,1,Brentwood,Essex,1,8.7,HAVERSINE_STRAIGHT_LINE,15.0,PRESERVE_TRUE_JOB_LOCATION,REVIEW
Rainham,London,1,Chislehurst,London,1,8.8,HAVERSINE_STRAIGHT_LINE,15.0,PRESERVE_TRUE_JOB_LOCATION,REVIEW
Rainham,London,1,Gravesend,Kent,2,9.2,HAVERSINE_STRAIGHT_LINE,15.0,PRESERVE_TRUE_JOB_LOCATION,REVIEW
Rainham,London,1,Bromley,London,4,10.9,HAVERSINE_STRAIGHT_LINE,15.0,PRESERVE_TRUE_JOB_LOCATION,REVIEW
Rainham,London,1,Beckenham,London,1,12.0,HAVERSINE_STRAIGHT_LINE,15.0,PRESERVE_TRUE_JOB_LOCATION,REVIEW
Rainham,London,1,Islington,London,1,12.9,HAVERSINE_STRAIGHT_LINE,15.0,PRESERVE_TRUE_JOB_LOCATION,REVIEW
Rainham,London,1,Lambeth,London,1,13.2,HAVERSINE_STRAIGHT_LINE,15.0,PRESERVE_TRUE_JOB_LOCATION,REVIEW
Rainham,London,1,London,London,220,13.8,HAVERSINE_STRAIGHT_LINE,15.0,PRESERVE_TRUE_JOB_LOCATION,REVIEW
Reading,Berkshire,7,Henley-on-thames,Oxfordshire,1,6.1,HAVERSINE_STRAIGHT_LINE,15.0,PRESERVE_TRUE_JOB_LOCATION,REVIEW
Reading,Berkshire,7,Wokingham,Berkshire,1,6.6,HAVERSINE_STRAIGHT_LINE,15.0,PRESERVE_TRUE_JOB_LOCATION,REVIEW
Reading,Berkshire,7,Bracknell,Berkshire,4,9.9,HAVERSINE_STRAIGHT_LINE,15.0,PRESERVE_TRUE_JOB_LOCATION,REVIEW
Reading,Berkshire,7,Marlow,Buckinghamshire,1,11.5,HAVERSINE_STRAIGHT_LINE,15.0,PRESERVE_TRUE_JOB_LOCATION,REVIEW
Reading,Berkshire,7,Maidenhead,Berkshire,1,11.7,HAVERSINE_STRAIGHT_LINE,15.0,PRESERVE_TRUE_JOB_LOCATION,REVIEW
Reading,Berkshire,7,Thatcham,Berkshire,1,13.0,HAVERSINE_STRAIGHT_LINE,15.0,PRESERVE_TRUE_JOB_LOCATION,REVIEW
Reading,Berkshire,7,Basingstoke,Hampshire,1,14.3,HAVERSINE_STRAIGHT_LINE,15.0,PRESERVE_TRUE_JOB_LOCATION,REVIEW
Redhill,Surrey,4,Tadworth,Surrey,1,4.5,HAVERSINE_STRAIGHT_LINE,15.0,PRESERVE_TRUE_JOB_LOCATION,REVIEW
Redhill,Surrey,4,Horley,Surrey,1,4.6,HAVERSINE_STRAIGHT_LINE,15.0,PRESERVE_TRUE_JOB_LOCATION,REVIEW
Redhill,Surrey,4,Dorking,Surrey,2,7.1,HAVERSINE_STRAIGHT_LINE,15.0,PRESERVE_TRUE_JOB_LOCATION,REVIEW
Redhill,Surrey,4,Oxted,Surrey,1,7.2,HAVERSINE_STRAIGHT_LINE,15.0,PRESERVE_TRUE_JOB_LOCATION,REVIEW
Redhill,Surrey,4,Epsom,Surrey,3,7.6,HAVERSINE_STRAIGHT_LINE,15.0,PRESERVE_TRUE_JOB_LOCATION,REVIEW
Redhill,Surrey,4,Sutton,London,2,7.7,HAVERSINE_STRAIGHT_LINE,15.0,PRESERVE_TRUE_JOB_LOCATION,REVIEW
Redhill,Surrey,4,Lingfield,Surrey,2,8.0,HAVERSINE_STRAIGHT_LINE,15.0,PRESERVE_TRUE_JOB_LOCATION,REVIEW
Redhill,Surrey,4,Fetcham,Surrey,1,8.7,HAVERSINE_STRAIGHT_LINE,15.0,PRESERVE_TRUE_JOB_LOCATION,REVIEW
Redhill,Surrey,4,Carshalton,London,1,8.8,HAVERSINE_STRAIGHT_LINE,15.0,PRESERVE_TRUE_JOB_LOCATION,REVIEW
Redhill,Surrey,4,Crawley,Sussex,2,8.8,HAVERSINE_STRAIGHT_LINE,15.0,PRESERVE_TRUE_JOB_LOCATION,REVIEW
Redhill,Surrey,4,Chessington,London,1,10.2,HAVERSINE_STRAIGHT_LINE,15.0,PRESERVE_TRUE_JOB_LOCATION,REVIEW
Redhill,Surrey,4,Croydon,London,3,10.3,HAVERSINE_STRAIGHT_LINE,15.0,PRESERVE_TRUE_JOB_LOCATION,REVIEW
Redhill,Surrey,4,Faygate,Sussex,1,10.9,HAVERSINE_STRAIGHT_LINE,15.0,PRESERVE_TRUE_JOB_LOCATION,REVIEW
Redhill,Surrey,4,Morden,London,1,11.0,HAVERSINE_STRAIGHT_LINE,15.0,PRESERVE_TRUE_JOB_LOCATION,REVIEW
Redhill,Surrey,4,Kingston Upon Thames,London,1,13.1,HAVERSINE_STRAIGHT_LINE,15.0,PRESERVE_TRUE_JOB_LOCATION,REVIEW
Redhill,Surrey,4,Beckenham,London,1,13.2,HAVERSINE_STRAIGHT_LINE,15.0,PRESERVE_TRUE_JOB_LOCATION,REVIEW
Redhill,Surrey,4,Bromley,London,4,14.0,HAVERSINE_STRAIGHT_LINE,15.0,PRESERVE_TRUE_JOB_LOCATION,REVIEW
Redhill,Surrey,4,Horsham,Sussex,1,14.0,HAVERSINE_STRAIGHT_LINE,15.0,PRESERVE_TRUE_JOB_LOCATION,REVIEW
Redhill,Surrey,4,Walton-on-thames,Surrey,1,14.6,HAVERSINE_STRAIGHT_LINE,15.0,PRESERVE_TRUE_JOB_LOCATION,REVIEW
Redruth,Cornwall,1,Truro,Cornwall,1,7.8,HAVERSINE_STRAIGHT_LINE,15.0,PRESERVE_TRUE_JOB_LOCATION,REVIEW
Redruth,Cornwall,1,Falmouth,Cornwall,1,8.7,HAVERSINE_STRAIGHT_LINE,15.0,PRESERVE_TRUE_JOB_LOCATION,REVIEW
Redruth,Cornwall,1,St. Ives,Cambridgeshire,1,11.8,HAVERSINE_STRAIGHT_LINE,15.0,PRESERVE_TRUE_JOB_LOCATION,REVIEW
Ringwood,Hampshire,3,Bournemouth,Dorset,1,9.5,HAVERSINE_STRAIGHT_LINE,15.0,PRESERVE_TRUE_JOB_LOCATION,REVIEW
Ringwood,Hampshire,3,Poole,Dorset,1,12.5,HAVERSINE_STRAIGHT_LINE,15.0,PRESERVE_TRUE_JOB_LOCATION,REVIEW
Ripon,Yorkshire - North,1,Knaresborough,Yorkshire - North,2,9.1,HAVERSINE_STRAIGHT_LINE,15.0,PRESERVE_TRUE_JOB_LOCATION,REVIEW
Ripon,Yorkshire - North,1,Harrogate,Yorkshire - North,3,10.0,HAVERSINE_STRAIGHT_LINE,15.0,PRESERVE_TRUE_JOB_LOCATION,REVIEW
Ripon,Yorkshire - North,1,Northallerton,Yorkshire - North,5,14.6,HAVERSINE_STRAIGHT_LINE,15.0,PRESERVE_TRUE_JOB_LOCATION,REVIEW
Rochester,Kent,1,Gillingham,Kent,3,1.9,HAVERSINE_STRAIGHT_LINE,15.0,PRESERVE_TRUE_JOB_LOCATION,REVIEW
Rochester,Kent,1,Snodland,Kent,1,4.8,HAVERSINE_STRAIGHT_LINE,15.0,PRESERVE_TRUE_JOB_LOCATION,REVIEW
Rochester,Kent,1,Gravesend,Kent,2,6.9,HAVERSINE_STRAIGHT_LINE,15.0,PRESERVE_TRUE_JOB_LOCATION,REVIEW
Rochester,Kent,1,West Malling,Kent,1,7.8,HAVERSINE_STRAIGHT_LINE,15.0,PRESERVE_TRUE_JOB_LOCATION,REVIEW
Rochester,Kent,1,Maidstone,Kent,5,8.4,HAVERSINE_STRAIGHT_LINE,15.0,PRESERVE_TRUE_JOB_LOCATION,REVIEW
Rochester,Kent,1,Sheerness,Kent,1,11.7,HAVERSINE_STRAIGHT_LINE,15.0,PRESERVE_TRUE_JOB_LOCATION,REVIEW
Rochester,Kent,1,Dartford,Kent,1,13.2,HAVERSINE_STRAIGHT_LINE,15.0,PRESERVE_TRUE_JOB_LOCATION,REVIEW
Rochester,Kent,1,Southend-on-sea,Essex,1,13.7,HAVERSINE_STRAIGHT_LINE,15.0,PRESERVE_TRUE_JOB_LOCATION,REVIEW
Romsey,Hampshire,2,Eastleigh,Hampshire,3,6.7,HAVERSINE_STRAIGHT_LINE,15.0,PRESERVE_TRUE_JOB_LOCATION,REVIEW
Romsey,Hampshire,2,Southampton,Hampshire,9,7.2,HAVERSINE_STRAIGHT_LINE,15.0,PRESERVE_TRUE_JOB_LOCATION,REVIEW
Romsey,Hampshire,2,Winchester,Hampshire,3,9.5,HAVERSINE_STRAIGHT_LINE,15.0,PRESERVE_TRUE_JOB_LOCATION,REVIEW
Romsey,Hampshire,2,Salisbury,Wiltshire,1,14.0,HAVERSINE_STRAIGHT_LINE,15.0,PRESERVE_TRUE_JOB_LOCATION,REVIEW
Rotherham,Yorkshire - South,3,Brinsworth,Yorkshire - South,1,1.7,HAVERSINE_STRAIGHT_LINE,15.0,PRESERVE_TRUE_JOB_LOCATION,REVIEW
Rotherham,Yorkshire - South,3,Sheffield,Yorkshire - South,11,5.6,HAVERSINE_STRAIGHT_LINE,15.0,PRESERVE_TRUE_JOB_LOCATION,REVIEW
Rotherham,Yorkshire - South,3,Doncaster,Yorkshire - South,7,11.3,HAVERSINE_STRAIGHT_LINE,15.0,PRESERVE_TRUE_JOB_LOCATION,REVIEW
Rotherham,Yorkshire - South,3,Chesterfield,Derbyshire,1,12.7,HAVERSINE_STRAIGHT_LINE,15.0,PRESERVE_TRUE_JOB_LOCATION,REVIEW
Royston,Hertfordshire,1,Cambridge,Cambridgeshire,7,12.1,HAVERSINE_STRAIGHT_LINE,15.0,PRESERVE_TRUE_JOB_LOCATION,REVIEW
Royston,Hertfordshire,1,Sandy,Bedfordshire,1,12.6,HAVERSINE_STRAIGHT_LINE,15.0,PRESERVE_TRUE_JOB_LOCATION,REVIEW
Royston,Hertfordshire,1,Stevenage,Hertfordshire,1,12.6,HAVERSINE_STRAIGHT_LINE,15.0,PRESERVE_TRUE_JOB_LOCATION,REVIEW
Royston,Hertfordshire,1,Bishop's Stortford,Hertfordshire,1,14.5,HAVERSINE_STRAIGHT_LINE,15.0,PRESERVE_TRUE_JOB_LOCATION,REVIEW
Rugby,West Midlands - Coventry & Warwickshire,1,Southam,West Midlands - Coventry & Warwickshire,1,9.7,HAVERSINE_STRAIGHT_LINE,15.0,PRESERVE_TRUE_JOB_LOCATION,REVIEW
Rugby,West Midlands - Coventry & Warwickshire,1,Coventry,West Midlands - Coventry & Warwickshire,3,10.7,HAVERSINE_STRAIGHT_LINE,15.0,PRESERVE_TRUE_JOB_LOCATION,REVIEW
Rugby,West Midlands - Coventry & Warwickshire,1,Leamington Spa,West Midlands - Coventry & Warwickshire,1,12.3,HAVERSINE_STRAIGHT_LINE,15.0,PRESERVE_TRUE_JOB_LOCATION,REVIEW
Rugby,West Midlands - Coventry & Warwickshire,1,Kenilworth,West Midlands - Coventry & Warwickshire,1,13.5,HAVERSINE_STRAIGHT_LINE,15.0,PRESERVE_TRUE_JOB_LOCATION,REVIEW
Rugby,West Midlands - Coventry & Warwickshire,1,Nuneaton,West Midlands - Coventry & Warwickshire,2,13.5,HAVERSINE_STRAIGHT_LINE,15.0,PRESERVE_TRUE_JOB_LOCATION,REVIEW
Runcorn,Cheshire - Warrington & Halton,1,Warrington,Cheshire - Warrington & Halton,3,7.1,HAVERSINE_STRAIGHT_LINE,15.0,PRESERVE_TRUE_JOB_LOCATION,REVIEW
Runcorn,Cheshire - Warrington & Halton,1,Ellesmere Port,Cheshire - West,2,8.3,HAVERSINE_STRAIGHT_LINE,15.0,PRESERVE_TRUE_JOB_LOCATION,REVIEW
Runcorn,Cheshire - Warrington & Halton,1,Northwich,Cheshire - West,1,10.4,HAVERSINE_STRAIGHT_LINE,15.0,PRESERVE_TRUE_JOB_LOCATION,REVIEW
Runcorn,Cheshire - Warrington & Halton,1,Liverpool,Merseyside - Liverpool,18,11.2,HAVERSINE_STRAIGHT_LINE,15.0,PRESERVE_TRUE_JOB_LOCATION,REVIEW
Runcorn,Cheshire - Warrington & Halton,1,Chester,Cheshire - West,5,12.4,HAVERSINE_STRAIGHT_LINE,15.0,PRESERVE_TRUE_JOB_LOCATION,REVIEW
Runcorn,Cheshire - Warrington & Halton,1,Winsford,Cheshire - West,1,13.5,HAVERSINE_STRAIGHT_LINE,15.0,PRESERVE_TRUE_JOB_LOCATION,REVIEW
Runcorn,Cheshire - Warrington & Halton,1,Knutsford,Cheshire - East,2,15.0,HAVERSINE_STRAIGHT_LINE,15.0,PRESERVE_TRUE_JOB_LOCATION,REVIEW
Rushden,Northamptonshire,1,Kettering,Northamptonshire,2,9.2,HAVERSINE_STRAIGHT_LINE,15.0,PRESERVE_TRUE_JOB_LOCATION,REVIEW
Rushden,Northamptonshire,1,Bedford,Bedfordshire,2,12.1,HAVERSINE_STRAIGHT_LINE,15.0,PRESERVE_TRUE_JOB_LOCATION,REVIEW
Rushden,Northamptonshire,1,Northampton,Northamptonshire,1,12.2,HAVERSINE_STRAIGHT_LINE,15.0,PRESERVE_TRUE_JOB_LOCATION,REVIEW
Rushden,Northamptonshire,1,Corby,Northamptonshire,1,14.8,HAVERSINE_STRAIGHT_LINE,15.0,PRESERVE_TRUE_JOB_LOCATION,REVIEW
Ryton,"North East - Tyneside, Wearside & Northumberland",1,Newcastle Upon Tyne,"North East - Tyneside, Wearside & Northumberland",43,5.9,HAVERSINE_STRAIGHT_LINE,15.0,PRESERVE_TRUE_JOB_LOCATION,REVIEW
Ryton,"North East - Tyneside, Wearside & Northumberland",1,Gateshead,"North East - Tyneside, Wearside & Northumberland",6,6.5,HAVERSINE_STRAIGHT_LINE,15.0,PRESERVE_TRUE_JOB_LOCATION,REVIEW
Ryton,"North East - Tyneside, Wearside & Northumberland",1,Stanley,North East - County Durham & Darlington/Hartlepool,1,7.8,HAVERSINE_STRAIGHT_LINE,15.0,PRESERVE_TRUE_JOB_LOCATION,REVIEW
Ryton,"North East - Tyneside, Wearside & Northumberland",1,Hebburn,"North East - Tyneside, Wearside & Northumberland",2,9.8,HAVERSINE_STRAIGHT_LINE,15.0,PRESERVE_TRUE_JOB_LOCATION,REVIEW
Ryton,"North East - Tyneside, Wearside & Northumberland",1,Cramlington,"North East - Tyneside, Wearside & Northumberland",1,10.5,HAVERSINE_STRAIGHT_LINE,15.0,PRESERVE_TRUE_JOB_LOCATION,REVIEW
Ryton,"North East - Tyneside, Wearside & Northumberland",1,Chester Le Street,North East - County Durham & Darlington/Hartlepool,4,10.9,HAVERSINE_STRAIGHT_LINE,15.0,PRESERVE_TRUE_JOB_LOCATION,REVIEW
Ryton,"North East - Tyneside, Wearside & Northumberland",1,Washington,"North East - Tyneside, Wearside & Northumberland",1,11.0,HAVERSINE_STRAIGHT_LINE,15.0,PRESERVE_TRUE_JOB_LOCATION,REVIEW
Ryton,"North East - Tyneside, Wearside & Northumberland",1,Blyth,"North East - Tyneside, Wearside & Northumberland",1,14.6,HAVERSINE_STRAIGHT_LINE,15.0,PRESERVE_TRUE_JOB_LOCATION,REVIEW
Sale,Greater Manchester - South,2,Stretford,Greater Manchester - Manchester & Salford,1,1.7,HAVERSINE_STRAIGHT_LINE,15.0,PRESERVE_TRUE_JOB_LOCATION,REVIEW
Sale,Greater Manchester - South,2,Altrincham,Greater Manchester - South,4,2.8,HAVERSINE_STRAIGHT_LINE,15.0,PRESERVE_TRUE_JOB_LOCATION,REVIEW
Sale,Greater Manchester - South,2,Salford,Greater Manchester - Manchester & Salford,5,4.5,HAVERSINE_STRAIGHT_LINE,15.0,PRESERVE_TRUE_JOB_LOCATION,REVIEW
Sale,Greater Manchester - South,2,Cheadle,Greater Manchester - South,1,4.8,HAVERSINE_STRAIGHT_LINE,15.0,PRESERVE_TRUE_JOB_LOCATION,REVIEW
Sale,Greater Manchester - South,2,Manchester,Greater Manchester - Manchester & Salford,55,5.3,HAVERSINE_STRAIGHT_LINE,15.0,PRESERVE_TRUE_JOB_LOCATION,REVIEW
Sale,Greater Manchester - South,2,Stockport,Greater Manchester - South,2,7.0,HAVERSINE_STRAIGHT_LINE,15.0,PRESERVE_TRUE_JOB_LOCATION,REVIEW
Sale,Greater Manchester - South,2,Wilmslow,Cheshire - East,1,7.7,HAVERSINE_STRAIGHT_LINE,15.0,PRESERVE_TRUE_JOB_LOCATION,REVIEW
Sale,Greater Manchester - South,2,Knutsford,Cheshire - East,2,8.7,HAVERSINE_STRAIGHT_LINE,15.0,PRESERVE_TRUE_JOB_LOCATION,REVIEW
Sale,Greater Manchester - South,2,Ashton-under-lyne,Greater Manchester - South,2,10.3,HAVERSINE_STRAIGHT_LINE,15.0,PRESERVE_TRUE_JOB_LOCATION,REVIEW
Sale,Greater Manchester - South,2,Warrington,Cheshire - Warrington & Halton,3,10.8,HAVERSINE_STRAIGHT_LINE,15.0,PRESERVE_TRUE_JOB_LOCATION,REVIEW
Sale,Greater Manchester - South,2,Bolton,Greater Manchester - Wigan & Bolton,7,11.8,HAVERSINE_STRAIGHT_LINE,15.0,PRESERVE_TRUE_JOB_LOCATION,REVIEW
Sale,Greater Manchester - South,2,Macclesfield,Cheshire - East,3,14.0,HAVERSINE_STRAIGHT_LINE,15.0,PRESERVE_TRUE_JOB_LOCATION,REVIEW
Sale,Greater Manchester - South,2,Northwich,Cheshire - West,1,14.0,HAVERSINE_STRAIGHT_LINE,15.0,PRESERVE_TRUE_JOB_LOCATION,REVIEW
Salford,Greater Manchester - Manchester & Salford,5,Manchester,Greater Manchester - Manchester & Salford,55,2.2,HAVERSINE_STRAIGHT_LINE,15.0,PRESERVE_TRUE_JOB_LOCATION,REVIEW
Salford,Greater Manchester - Manchester & Salford,5,Stretford,Greater Manchester - Manchester & Salford,1,2.8,HAVERSINE_STRAIGHT_LINE,15.0,PRESERVE_TRUE_JOB_LOCATION,REVIEW
Salford,Greater Manchester - Manchester & Salford,5,Sale,Greater Manchester - South,2,4.5,HAVERSINE_STRAIGHT_LINE,15.0,PRESERVE_TRUE_JOB_LOCATION,REVIEW
Salford,Greater Manchester - Manchester & Salford,5,Cheadle,Greater Manchester - South,1,6.8,HAVERSINE_STRAIGHT_LINE,15.0,PRESERVE_TRUE_JOB_LOCATION,REVIEW
Salford,Greater Manchester - Manchester & Salford,5,Altrincham,Greater Manchester - South,4,7.3,HAVERSINE_STRAIGHT_LINE,15.0,PRESERVE_TRUE_JOB_LOCATION,REVIEW
Salford,Greater Manchester - Manchester & Salford,5,Stockport,Greater Manchester - South,2,7.7,HAVERSINE_STRAIGHT_LINE,15.0,PRESERVE_TRUE_JOB_LOCATION,REVIEW
Salford,Greater Manchester - Manchester & Salford,5,Ashton-under-lyne,Greater Manchester - South,2,7.9,HAVERSINE_STRAIGHT_LINE,15.0,PRESERVE_TRUE_JOB_LOCATION,REVIEW
Salford,Greater Manchester - Manchester & Salford,5,Bolton,Greater Manchester - Wigan & Bolton,7,8.8,HAVERSINE_STRAIGHT_LINE,15.0,PRESERVE_TRUE_JOB_LOCATION,REVIEW
Salford,Greater Manchester - Manchester & Salford,5,Wilmslow,Cheshire - East,1,11.3,HAVERSINE_STRAIGHT_LINE,15.0,PRESERVE_TRUE_JOB_LOCATION,REVIEW
Salford,Greater Manchester - Manchester & Salford,5,Knutsford,Cheshire - East,2,13.2,HAVERSINE_STRAIGHT_LINE,15.0,PRESERVE_TRUE_JOB_LOCATION,REVIEW
Salford,Greater Manchester - Manchester & Salford,5,Warrington,Cheshire - Warrington & Halton,3,13.6,HAVERSINE_STRAIGHT_LINE,15.0,PRESERVE_TRUE_JOB_LOCATION,REVIEW
Salisbury,Wiltshire,1,Romsey,Hampshire,2,14.0,HAVERSINE_STRAIGHT_LINE,15.0,PRESERVE_TRUE_JOB_LOCATION,REVIEW
Sandy,Bedfordshire,1,St. Neots,Cambridgeshire,2,6.1,HAVERSINE_STRAIGHT_LINE,15.0,PRESERVE_TRUE_JOB_LOCATION,REVIEW
Sandy,Bedfordshire,1,Bedford,Bedfordshire,2,7.5,HAVERSINE_STRAIGHT_LINE,15.0,PRESERVE_TRUE_JOB_LOCATION,REVIEW
Sandy,Bedfordshire,1,Royston,Hertfordshire,1,12.6,HAVERSINE_STRAIGHT_LINE,15.0,PRESERVE_TRUE_JOB_LOCATION,REVIEW
Sandy,Bedfordshire,1,Huntingdon,Cambridgeshire,4,14.6,HAVERSINE_STRAIGHT_LINE,15.0,PRESERVE_TRUE_JOB_LOCATION,REVIEW
Scarborough,Yorkshire - North,4,Pickering,Yorkshire - North,1,14.8,HAVERSINE_STRAIGHT_LINE,15.0,PRESERVE_TRUE_JOB_LOCATION,REVIEW
Scunthorpe,Lincolnshire,1,Hessle,Yorkshire - East,2,13.4,HAVERSINE_STRAIGHT_LINE,15.0,PRESERVE_TRUE_JOB_LOCATION,REVIEW
Sevenoaks,Kent,2,Tonbridge,Kent,4,6.5,HAVERSINE_STRAIGHT_LINE,15.0,PRESERVE_TRUE_JOB_LOCATION,REVIEW
Sevenoaks,Kent,2,Oxted,Surrey,1,8.5,HAVERSINE_STRAIGHT_LINE,15.0,PRESERVE_TRUE_JOB_LOCATION,REVIEW
Sevenoaks,Kent,2,West Malling,Kent,1,9.6,HAVERSINE_STRAIGHT_LINE,15.0,PRESERVE_TRUE_JOB_LOCATION,REVIEW
Sevenoaks,Kent,2,Tunbridge Wells,Kent,1,10.2,HAVERSINE_STRAIGHT_LINE,15.0,PRESERVE_TRUE_JOB_LOCATION,REVIEW
Sevenoaks,Kent,2,Lingfield,Surrey,2,11.0,HAVERSINE_STRAIGHT_LINE,15.0,PRESERVE_TRUE_JOB_LOCATION,REVIEW
Sevenoaks,Kent,2,Chislehurst,London,1,11.2,HAVERSINE_STRAIGHT_LINE,15.0,PRESERVE_TRUE_JOB_LOCATION,REVIEW
Sevenoaks,Kent,2,Sidcup,London,1,11.2,HAVERSINE_STRAIGHT_LINE,15.0,PRESERVE_TRUE_JOB_LOCATION,REVIEW
Sevenoaks,Kent,2,Snodland,Kent,1,11.7,HAVERSINE_STRAIGHT_LINE,15.0,PRESERVE_TRUE_JOB_LOCATION,REVIEW
Sevenoaks,Kent,2,Bromley,London,4,11.9,HAVERSINE_STRAIGHT_LINE,15.0,PRESERVE_TRUE_JOB_LOCATION,REVIEW
Sevenoaks,Kent,2,Dartford,Kent,1,12.1,HAVERSINE_STRAIGHT_LINE,15.0,PRESERVE_TRUE_JOB_LOCATION,REVIEW
Sevenoaks,Kent,2,Beckenham,London,1,13.2,HAVERSINE_STRAIGHT_LINE,15.0,PRESERVE_TRUE_JOB_LOCATION,REVIEW
Sevenoaks,Kent,2,Gravesend,Kent,2,14.1,HAVERSINE_STRAIGHT_LINE,15.0,PRESERVE_TRUE_JOB_LOCATION,REVIEW
Sevenoaks,Kent,2,Maidstone,Kent,5,14.2,HAVERSINE_STRAIGHT_LINE,15.0,PRESERVE_TRUE_JOB_LOCATION,REVIEW
Sevenoaks,Kent,2,Croydon,London,3,14.6,HAVERSINE_STRAIGHT_LINE,15.0,PRESERVE_TRUE_JOB_LOCATION,REVIEW
Sheerness,Kent,1,Southend-on-sea,Essex,1,7.0,HAVERSINE_STRAIGHT_LINE,15.0,PRESERVE_TRUE_JOB_LOCATION,REVIEW
Sheerness,Kent,1,Gillingham,Kent,3,9.9,HAVERSINE_STRAIGHT_LINE,15.0,PRESERVE_TRUE_JOB_LOCATION,REVIEW
Sheerness,Kent,1,Faversham,Kent,1,10.2,HAVERSINE_STRAIGHT_LINE,15.0,PRESERVE_TRUE_JOB_LOCATION,REVIEW
Sheerness,Kent,1,Rochester,Kent,1,11.7,HAVERSINE_STRAIGHT_LINE,15.0,PRESERVE_TRUE_JOB_LOCATION,REVIEW
Sheerness,Kent,1,Whitstable,Kent,1,12.6,HAVERSINE_STRAIGHT_LINE,15.0,PRESERVE_TRUE_JOB_LOCATION,REVIEW
Sheffield,Yorkshire - South,11,Brinsworth,Yorkshire - South,1,4.3,HAVERSINE_STRAIGHT_LINE,15.0,PRESERVE_TRUE_JOB_LOCATION,REVIEW
Sheffield,Yorkshire - South,11,Rotherham,Yorkshire - South,3,5.6,HAVERSINE_STRAIGHT_LINE,15.0,PRESERVE_TRUE_JOB_LOCATION,REVIEW
Sheffield,Yorkshire - South,11,Chesterfield,Derbyshire,1,9.4,HAVERSINE_STRAIGHT_LINE,15.0,PRESERVE_TRUE_JOB_LOCATION,REVIEW
Shepperton,Surrey,1,Walton-on-thames,Surrey,1,1.7,HAVERSINE_STRAIGHT_LINE,15.0,PRESERVE_TRUE_JOB_LOCATION,REVIEW
Shepperton,Surrey,1,Chertsey,Surrey,1,2.6,HAVERSINE_STRAIGHT_LINE,15.0,PRESERVE_TRUE_JOB_LOCATION,REVIEW
Shepperton,Surrey,1,Staines,Surrey,2,3.5,HAVERSINE_STRAIGHT_LINE,15.0,PRESERVE_TRUE_JOB_LOCATION,REVIEW
Shepperton,Surrey,1,Chessington,London,1,6.6,HAVERSINE_STRAIGHT_LINE,15.0,PRESERVE_TRUE_JOB_LOCATION,REVIEW
Shepperton,Surrey,1,Kingston Upon Thames,London,1,6.6,HAVERSINE_STRAIGHT_LINE,15.0,PRESERVE_TRUE_JOB_LOCATION,REVIEW
Shepperton,Surrey,1,Isleworth,London,3,7.2,HAVERSINE_STRAIGHT_LINE,15.0,PRESERVE_TRUE_JOB_LOCATION,REVIEW
Shepperton,Surrey,1,Fetcham,Surrey,1,8.4,HAVERSINE_STRAIGHT_LINE,15.0,PRESERVE_TRUE_JOB_LOCATION,REVIEW
Shepperton,Surrey,1,Southall,London,1,8.5,HAVERSINE_STRAIGHT_LINE,15.0,PRESERVE_TRUE_JOB_LOCATION,REVIEW
Shepperton,Surrey,1,Brentford,London,2,8.7,HAVERSINE_STRAIGHT_LINE,15.0,PRESERVE_TRUE_JOB_LOCATION,REVIEW
Shepperton,Surrey,1,Epsom,Surrey,3,8.9,HAVERSINE_STRAIGHT_LINE,15.0,PRESERVE_TRUE_JOB_LOCATION,REVIEW
Shepperton,Surrey,1,Windsor,Berkshire,1,8.9,HAVERSINE_STRAIGHT_LINE,15.0,PRESERVE_TRUE_JOB_LOCATION,REVIEW
Shepperton,Surrey,1,Slough,Berkshire,2,10.1,HAVERSINE_STRAIGHT_LINE,15.0,PRESERVE_TRUE_JOB_LOCATION,REVIEW
Shepperton,Surrey,1,Uxbridge,London,3,10.7,HAVERSINE_STRAIGHT_LINE,15.0,PRESERVE_TRUE_JOB_LOCATION,REVIEW
Shepperton,Surrey,1,Morden,London,1,10.8,HAVERSINE_STRAIGHT_LINE,15.0,PRESERVE_TRUE_JOB_LOCATION,REVIEW
Shepperton,Surrey,1,Sutton,London,2,11.2,HAVERSINE_STRAIGHT_LINE,15.0,PRESERVE_TRUE_JOB_LOCATION,REVIEW
Shepperton,Surrey,1,Wandsworth,London,4,11.2,HAVERSINE_STRAIGHT_LINE,15.0,PRESERVE_TRUE_JOB_LOCATION,REVIEW
Shepperton,Surrey,1,Tadworth,Surrey,1,11.7,HAVERSINE_STRAIGHT_LINE,15.0,PRESERVE_TRUE_JOB_LOCATION,REVIEW
Shepperton,Surrey,1,Middlesex,London,6,12.2,HAVERSINE_STRAIGHT_LINE,15.0,PRESERVE_TRUE_JOB_LOCATION,REVIEW
Shepperton,Surrey,1,Carshalton,London,1,12.3,HAVERSINE_STRAIGHT_LINE,15.0,PRESERVE_TRUE_JOB_LOCATION,REVIEW
Shepperton,Surrey,1,Dorking,Surrey,2,12.3,HAVERSINE_STRAIGHT_LINE,15.0,PRESERVE_TRUE_JOB_LOCATION,REVIEW
Shepperton,Surrey,1,Guildford,Surrey,1,12.3,HAVERSINE_STRAIGHT_LINE,15.0,PRESERVE_TRUE_JOB_LOCATION,REVIEW
Shepperton,Surrey,1,Bracknell,Berkshire,4,13.1,HAVERSINE_STRAIGHT_LINE,15.0,PRESERVE_TRUE_JOB_LOCATION,REVIEW
Shepperton,Surrey,1,Harrow,London,3,13.6,HAVERSINE_STRAIGHT_LINE,15.0,PRESERVE_TRUE_JOB_LOCATION,REVIEW
Shepperton,Surrey,1,Knightsbridge,London,1,14.4,HAVERSINE_STRAIGHT_LINE,15.0,PRESERVE_TRUE_JOB_LOCATION,REVIEW
Shepperton,Surrey,1,Maidenhead,Berkshire,1,14.6,HAVERSINE_STRAIGHT_LINE,15.0,PRESERVE_TRUE_JOB_LOCATION,REVIEW
Sherborne,Dorset,1,Yeovil,Somerset,1,5.0,HAVERSINE_STRAIGHT_LINE,15.0,PRESERVE_TRUE_JOB_LOCATION,REVIEW
Shrewsbury,Shropshire,1,Wellington,Shropshire,1,9.9,HAVERSINE_STRAIGHT_LINE,15.0,PRESERVE_TRUE_JOB_LOCATION,REVIEW
Shrewsbury,Shropshire,1,Telford,Shropshire,1,12.9,HAVERSINE_STRAIGHT_LINE,15.0,PRESERVE_TRUE_JOB_LOCATION,REVIEW
Sidcup,London,1,Chislehurst,London,1,1.6,HAVERSINE_STRAIGHT_LINE,15.0,PRESERVE_TRUE_JOB_LOCATION,REVIEW
Sidcup,London,1,Bromley,London,4,4.1,HAVERSINE_STRAIGHT_LINE,15.0,PRESERVE_TRUE_JOB_LOCATION,REVIEW
Sidcup,London,1,Dartford,Kent,1,5.0,HAVERSINE_STRAIGHT_LINE,15.0,PRESERVE_TRUE_JOB_LOCATION,REVIEW
Sidcup,London,1,Beckenham,London,1,5.7,HAVERSINE_STRAIGHT_LINE,15.0,PRESERVE_TRUE_JOB_LOCATION,REVIEW
Sidcup,London,1,Rainham,London,1,7.4,HAVERSINE_STRAIGHT_LINE,15.0,PRESERVE_TRUE_JOB_LOCATION,REVIEW
Sidcup,London,1,Dagenham,London,2,9.0,HAVERSINE_STRAIGHT_LINE,15.0,PRESERVE_TRUE_JOB_LOCATION,REVIEW
Sidcup,London,1,Ilford,London,1,9.2,HAVERSINE_STRAIGHT_LINE,15.0,PRESERVE_TRUE_JOB_LOCATION,REVIEW
Sidcup,London,1,Croydon,London,3,9.3,HAVERSINE_STRAIGHT_LINE,15.0,PRESERVE_TRUE_JOB_LOCATION,REVIEW
Sidcup,London,1,Hornchurch,London,1,10.3,HAVERSINE_STRAIGHT_LINE,15.0,PRESERVE_TRUE_JOB_LOCATION,REVIEW
Sidcup,London,1,Lambeth,London,1,10.5,HAVERSINE_STRAIGHT_LINE,15.0,PRESERVE_TRUE_JOB_LOCATION,REVIEW
Sidcup,London,1,Upminster,London,1,11.1,HAVERSINE_STRAIGHT_LINE,15.0,PRESERVE_TRUE_JOB_LOCATION,REVIEW
Sidcup,London,1,Sevenoaks,Kent,2,11.2,HAVERSINE_STRAIGHT_LINE,15.0,PRESERVE_TRUE_JOB_LOCATION,REVIEW
Sidcup,London,1,London,London,220,11.4,HAVERSINE_STRAIGHT_LINE,15.0,PRESERVE_TRUE_JOB_LOCATION,REVIEW
Sidcup,London,1,Gravesend,Kent,2,11.6,HAVERSINE_STRAIGHT_LINE,15.0,PRESERVE_TRUE_JOB_LOCATION,REVIEW
Sidcup,London,1,Islington,London,1,11.7,HAVERSINE_STRAIGHT_LINE,15.0,PRESERVE_TRUE_JOB_LOCATION,REVIEW
Sidcup,London,1,Carshalton,London,1,12.4,HAVERSINE_STRAIGHT_LINE,15.0,PRESERVE_TRUE_JOB_LOCATION,REVIEW
Sidcup,London,1,Knightsbridge,London,1,12.6,HAVERSINE_STRAIGHT_LINE,15.0,PRESERVE_TRUE_JOB_LOCATION,REVIEW
Sidcup,London,1,Oxted,Surrey,1,12.6,HAVERSINE_STRAIGHT_LINE,15.0,PRESERVE_TRUE_JOB_LOCATION,REVIEW
Sidcup,London,1,Morden,London,1,13.2,HAVERSINE_STRAIGHT_LINE,15.0,PRESERVE_TRUE_JOB_LOCATION,REVIEW
Sidcup,London,1,Wandsworth,London,4,13.6,HAVERSINE_STRAIGHT_LINE,15.0,PRESERVE_TRUE_JOB_LOCATION,REVIEW
Sidcup,London,1,Sutton,London,2,14.1,HAVERSINE_STRAIGHT_LINE,15.0,PRESERVE_TRUE_JOB_LOCATION,REVIEW
Slough,Berkshire,2,Windsor,Berkshire,1,1.8,HAVERSINE_STRAIGHT_LINE,15.0,PRESERVE_TRUE_JOB_LOCATION,REVIEW
Slough,Berkshire,2,Maidenhead,Berkshire,1,5.4,HAVERSINE_STRAIGHT_LINE,15.0,PRESERVE_TRUE_JOB_LOCATION,REVIEW
Slough,Berkshire,2,Uxbridge,London,3,5.6,HAVERSINE_STRAIGHT_LINE,15.0,PRESERVE_TRUE_JOB_LOCATION,REVIEW
Slough,Berkshire,2,Staines,Surrey,2,6.7,HAVERSINE_STRAIGHT_LINE,15.0,PRESERVE_TRUE_JOB_LOCATION,REVIEW
Slough,Berkshire,2,Marlow,Buckinghamshire,1,8.7,HAVERSINE_STRAIGHT_LINE,15.0,PRESERVE_TRUE_JOB_LOCATION,REVIEW
Slough,Berkshire,2,Chertsey,Surrey,1,9.2,HAVERSINE_STRAIGHT_LINE,15.0,PRESERVE_TRUE_JOB_LOCATION,REVIEW
Slough,Berkshire,2,Bracknell,Berkshire,4,9.4,HAVERSINE_STRAIGHT_LINE,15.0,PRESERVE_TRUE_JOB_LOCATION,REVIEW
Slough,Berkshire,2,Southall,London,1,9.6,HAVERSINE_STRAIGHT_LINE,15.0,PRESERVE_TRUE_JOB_LOCATION,REVIEW
Slough,Berkshire,2,Shepperton,Surrey,1,10.1,HAVERSINE_STRAIGHT_LINE,15.0,PRESERVE_TRUE_JOB_LOCATION,REVIEW
Slough,Berkshire,2,High Wycombe,Buckinghamshire,6,10.6,HAVERSINE_STRAIGHT_LINE,15.0,PRESERVE_TRUE_JOB_LOCATION,REVIEW
Slough,Berkshire,2,Amersham,Buckinghamshire,1,10.9,HAVERSINE_STRAIGHT_LINE,15.0,PRESERVE_TRUE_JOB_LOCATION,REVIEW
Slough,Berkshire,2,Isleworth,London,3,11.1,HAVERSINE_STRAIGHT_LINE,15.0,PRESERVE_TRUE_JOB_LOCATION,REVIEW
Slough,Berkshire,2,Walton-on-thames,Surrey,1,11.6,HAVERSINE_STRAIGHT_LINE,15.0,PRESERVE_TRUE_JOB_LOCATION,REVIEW
Slough,Berkshire,2,Harrow,London,3,12.3,HAVERSINE_STRAIGHT_LINE,15.0,PRESERVE_TRUE_JOB_LOCATION,REVIEW
Slough,Berkshire,2,Wokingham,Berkshire,1,12.4,HAVERSINE_STRAIGHT_LINE,15.0,PRESERVE_TRUE_JOB_LOCATION,REVIEW
Slough,Berkshire,2,Brentford,London,2,12.5,HAVERSINE_STRAIGHT_LINE,15.0,PRESERVE_TRUE_JOB_LOCATION,REVIEW
Slough,Berkshire,2,Chesham,Buckinghamshire,1,13.2,HAVERSINE_STRAIGHT_LINE,15.0,PRESERVE_TRUE_JOB_LOCATION,REVIEW
Slough,Berkshire,2,Henley-on-thames,Oxfordshire,1,13.2,HAVERSINE_STRAIGHT_LINE,15.0,PRESERVE_TRUE_JOB_LOCATION,REVIEW
Slough,Berkshire,2,Watford,Hertfordshire,2,13.2,HAVERSINE_STRAIGHT_LINE,15.0,PRESERVE_TRUE_JOB_LOCATION,REVIEW
Slough,Berkshire,2,Bushey,London,1,13.7,HAVERSINE_STRAIGHT_LINE,15.0,PRESERVE_TRUE_JOB_LOCATION,REVIEW
Slough,Berkshire,2,Middlesex,London,6,14.1,HAVERSINE_STRAIGHT_LINE,15.0,PRESERVE_TRUE_JOB_LOCATION,REVIEW
Slough,Berkshire,2,Kingston Upon Thames,London,1,14.5,HAVERSINE_STRAIGHT_LINE,15.0,PRESERVE_TRUE_JOB_LOCATION,REVIEW
Snodland,Kent,1,West Malling,Kent,1,2.9,HAVERSINE_STRAIGHT_LINE,15.0,PRESERVE_TRUE_JOB_LOCATION,REVIEW
Snodland,Kent,1,Rochester,Kent,1,4.8,HAVERSINE_STRAIGHT_LINE,15.0,PRESERVE_TRUE_JOB_LOCATION,REVIEW
Snodland,Kent,1,Maidstone,Kent,5,5.4,HAVERSINE_STRAIGHT_LINE,15.0,PRESERVE_TRUE_JOB_LOCATION,REVIEW
Snodland,Kent,1,Gillingham,Kent,3,6.1,HAVERSINE_STRAIGHT_LINE,15.0,PRESERVE_TRUE_JOB_LOCATION,REVIEW
Snodland,Kent,1,Gravesend,Kent,2,8.4,HAVERSINE_STRAIGHT_LINE,15.0,PRESERVE_TRUE_JOB_LOCATION,REVIEW
Snodland,Kent,1,Sevenoaks,Kent,2,11.7,HAVERSINE_STRAIGHT_LINE,15.0,PRESERVE_TRUE_JOB_LOCATION,REVIEW
Snodland,Kent,1,Tonbridge,Kent,4,11.8,HAVERSINE_STRAIGHT_LINE,15.0,PRESERVE_TRUE_JOB_LOCATION,REVIEW
Snodland,Kent,1,Dartford,Kent,1,12.7,HAVERSINE_STRAIGHT_LINE,15.0,PRESERVE_TRUE_JOB_LOCATION,REVIEW
Solihull,West Midlands - Birmingham & Solihull,3,Knowle,West Midlands - Birmingham & Solihull,1,2.9,HAVERSINE_STRAIGHT_LINE,15.0,PRESERVE_TRUE_JOB_LOCATION,REVIEW
Solihull,West Midlands - Birmingham & Solihull,3,Chelmsley Wood,West Midlands - Birmingham & Solihull,2,4.8,HAVERSINE_STRAIGHT_LINE,15.0,PRESERVE_TRUE_JOB_LOCATION,REVIEW
Solihull,West Midlands - Birmingham & Solihull,3,Birmingham,West Midlands - Birmingham & Solihull,31,6.8,HAVERSINE_STRAIGHT_LINE,15.0,PRESERVE_TRUE_JOB_LOCATION,REVIEW
Solihull,West Midlands - Birmingham & Solihull,3,Kenilworth,West Midlands - Coventry & Warwickshire,1,9.5,HAVERSINE_STRAIGHT_LINE,15.0,PRESERVE_TRUE_JOB_LOCATION,REVIEW
Solihull,West Midlands - Birmingham & Solihull,3,Coventry,West Midlands - Coventry & Warwickshire,3,11.3,HAVERSINE_STRAIGHT_LINE,15.0,PRESERVE_TRUE_JOB_LOCATION,REVIEW
Solihull,West Midlands - Birmingham & Solihull,3,Dudley,West Midlands - Black Country,1,14.0,HAVERSINE_STRAIGHT_LINE,15.0,PRESERVE_TRUE_JOB_LOCATION,REVIEW
Solihull,West Midlands - Birmingham & Solihull,3,Leamington Spa,West Midlands - Coventry & Warwickshire,1,14.2,HAVERSINE_STRAIGHT_LINE,15.0,PRESERVE_TRUE_JOB_LOCATION,REVIEW
Solihull,West Midlands - Birmingham & Solihull,3,Tipton,West Midlands - Black Country,2,14.5,HAVERSINE_STRAIGHT_LINE,15.0,PRESERVE_TRUE_JOB_LOCATION,REVIEW
Solihull,West Midlands - Birmingham & Solihull,3,Walsall,West Midlands - Black Country,1,14.6,HAVERSINE_STRAIGHT_LINE,15.0,PRESERVE_TRUE_JOB_LOCATION,REVIEW
Southall,London,1,Isleworth,London,3,2.6,HAVERSINE_STRAIGHT_LINE,15.0,PRESERVE_TRUE_JOB_LOCATION,REVIEW
Southall,London,1,Brentford,London,2,3.1,HAVERSINE_STRAIGHT_LINE,15.0,PRESERVE_TRUE_JOB_LOCATION,REVIEW
Southall,London,1,Middlesex,London,6,4.7,HAVERSINE_STRAIGHT_LINE,15.0,PRESERVE_TRUE_JOB_LOCATION,REVIEW
Southall,London,1,Harrow,London,3,5.1,HAVERSINE_STRAIGHT_LINE,15.0,PRESERVE_TRUE_JOB_LOCATION,REVIEW
Southall,London,1,Uxbridge,London,3,5.5,HAVERSINE_STRAIGHT_LINE,15.0,PRESERVE_TRUE_JOB_LOCATION,REVIEW
Southall,London,1,Kingston Upon Thames,London,1,7.4,HAVERSINE_STRAIGHT_LINE,15.0,PRESERVE_TRUE_JOB_LOCATION,REVIEW
Southall,London,1,Staines,Surrey,2,7.9,HAVERSINE_STRAIGHT_LINE,15.0,PRESERVE_TRUE_JOB_LOCATION,REVIEW
Southall,London,1,Wandsworth,London,4,7.9,HAVERSINE_STRAIGHT_LINE,15.0,PRESERVE_TRUE_JOB_LOCATION,REVIEW
Southall,London,1,Shepperton,Surrey,1,8.5,HAVERSINE_STRAIGHT_LINE,15.0,PRESERVE_TRUE_JOB_LOCATION,REVIEW
Southall,London,1,Walton-on-thames,Surrey,1,8.6,HAVERSINE_STRAIGHT_LINE,15.0,PRESERVE_TRUE_JOB_LOCATION,REVIEW
Southall,London,1,Knightsbridge,London,1,9.0,HAVERSINE_STRAIGHT_LINE,15.0,PRESERVE_TRUE_JOB_LOCATION,REVIEW
Southall,London,1,Bushey,London,1,9.3,HAVERSINE_STRAIGHT_LINE,15.0,PRESERVE_TRUE_JOB_LOCATION,REVIEW
Southall,London,1,Slough,Berkshire,2,9.6,HAVERSINE_STRAIGHT_LINE,15.0,PRESERVE_TRUE_JOB_LOCATION,REVIEW
Southall,London,1,Windsor,Berkshire,1,10.0,HAVERSINE_STRAIGHT_LINE,15.0,PRESERVE_TRUE_JOB_LOCATION,REVIEW
Southall,London,1,Chertsey,Surrey,1,10.2,HAVERSINE_STRAIGHT_LINE,15.0,PRESERVE_TRUE_JOB_LOCATION,REVIEW
Southall,London,1,Watford,Hertfordshire,2,10.2,HAVERSINE_STRAIGHT_LINE,15.0,PRESERVE_TRUE_JOB_LOCATION,REVIEW
Southall,London,1,Chessington,London,1,10.5,HAVERSINE_STRAIGHT_LINE,15.0,PRESERVE_TRUE_JOB_LOCATION,REVIEW
Southall,London,1,London,London,220,10.6,HAVERSINE_STRAIGHT_LINE,15.0,PRESERVE_TRUE_JOB_LOCATION,REVIEW
Southall,London,1,Morden,London,1,10.7,HAVERSINE_STRAIGHT_LINE,15.0,PRESERVE_TRUE_JOB_LOCATION,REVIEW
Southall,London,1,Borehamwood,London,3,10.8,HAVERSINE_STRAIGHT_LINE,15.0,PRESERVE_TRUE_JOB_LOCATION,REVIEW
Southall,London,1,Lambeth,London,1,11.2,HAVERSINE_STRAIGHT_LINE,15.0,PRESERVE_TRUE_JOB_LOCATION,REVIEW
Southall,London,1,Islington,London,1,11.7,HAVERSINE_STRAIGHT_LINE,15.0,PRESERVE_TRUE_JOB_LOCATION,REVIEW
Southall,London,1,Barnet,London,1,12.2,HAVERSINE_STRAIGHT_LINE,15.0,PRESERVE_TRUE_JOB_LOCATION,REVIEW
Southall,London,1,Carshalton,London,1,13.1,HAVERSINE_STRAIGHT_LINE,15.0,PRESERVE_TRUE_JOB_LOCATION,REVIEW
Southall,London,1,Epsom,Surrey,3,13.1,HAVERSINE_STRAIGHT_LINE,15.0,PRESERVE_TRUE_JOB_LOCATION,REVIEW
Southall,London,1,Sutton,London,2,13.2,HAVERSINE_STRAIGHT_LINE,15.0,PRESERVE_TRUE_JOB_LOCATION,REVIEW
Southall,London,1,Croydon,London,3,14.6,HAVERSINE_STRAIGHT_LINE,15.0,PRESERVE_TRUE_JOB_LOCATION,REVIEW
Southall,London,1,Kings Langley,Hertfordshire,1,14.6,HAVERSINE_STRAIGHT_LINE,15.0,PRESERVE_TRUE_JOB_LOCATION,REVIEW
Southam,West Midlands - Coventry & Warwickshire,1,Leamington Spa,West Midlands - Coventry & Warwickshire,1,6.0,HAVERSINE_STRAIGHT_LINE,15.0,PRESERVE_TRUE_JOB_LOCATION,REVIEW
Southam,West Midlands - Coventry & Warwickshire,1,Rugby,West Midlands - Coventry & Warwickshire,1,9.7,HAVERSINE_STRAIGHT_LINE,15.0,PRESERVE_TRUE_JOB_LOCATION,REVIEW
Southam,West Midlands - Coventry & Warwickshire,1,Kenilworth,West Midlands - Coventry & Warwickshire,1,10.6,HAVERSINE_STRAIGHT_LINE,15.0,PRESERVE_TRUE_JOB_LOCATION,REVIEW
Southam,West Midlands - Coventry & Warwickshire,1,Coventry,West Midlands - Coventry & Warwickshire,3,11.8,HAVERSINE_STRAIGHT_LINE,15.0,PRESERVE_TRUE_JOB_LOCATION,REVIEW
Southam,West Midlands - Coventry & Warwickshire,1,Stratford-upon-avon,West Midlands - Coventry & Warwickshire,1,14.1,HAVERSINE_STRAIGHT_LINE,15.0,PRESERVE_TRUE_JOB_LOCATION,REVIEW
Southampton,Hampshire,9,Eastleigh,Hampshire,3,4.9,HAVERSINE_STRAIGHT_LINE,15.0,PRESERVE_TRUE_JOB_LOCATION,REVIEW
Southampton,Hampshire,9,Romsey,Hampshire,2,7.2,HAVERSINE_STRAIGHT_LINE,15.0,PRESERVE_TRUE_JOB_LOCATION,REVIEW
Southampton,Hampshire,9,Fareham,Hampshire,3,10.5,HAVERSINE_STRAIGHT_LINE,15.0,PRESERVE_TRUE_JOB_LOCATION,REVIEW
Southampton,Hampshire,9,Winchester,Hampshire,3,11.7,HAVERSINE_STRAIGHT_LINE,15.0,PRESERVE_TRUE_JOB_LOCATION,REVIEW
Southampton,Hampshire,9,Gosport,Hampshire,1,14.2,HAVERSINE_STRAIGHT_LINE,15.0,PRESERVE_TRUE_JOB_LOCATION,REVIEW
Southend-on-sea,Essex,1,Sheerness,Kent,1,7.0,HAVERSINE_STRAIGHT_LINE,15.0,PRESERVE_TRUE_JOB_LOCATION,REVIEW
Southend-on-sea,Essex,1,Gillingham,Kent,3,12.5,HAVERSINE_STRAIGHT_LINE,15.0,PRESERVE_TRUE_JOB_LOCATION,REVIEW
Southend-on-sea,Essex,1,Rochester,Kent,1,13.7,HAVERSINE_STRAIGHT_LINE,15.0,PRESERVE_TRUE_JOB_LOCATION,REVIEW
Spalding,Lincolnshire,1,Boston,Lincolnshire,1,14.1,HAVERSINE_STRAIGHT_LINE,15.0,PRESERVE_TRUE_JOB_LOCATION,REVIEW
Spennymoor,North East - County Durham & Darlington/Hartlepool,1,Meadowfield,North East - County Durham & Darlington/Hartlepool,1,3.8,HAVERSINE_STRAIGHT_LINE,15.0,PRESERVE_TRUE_JOB_LOCATION,REVIEW
Spennymoor,North East - County Durham & Darlington/Hartlepool,1,Bishop Auckland,North East - County Durham & Darlington/Hartlepool,1,4.2,HAVERSINE_STRAIGHT_LINE,15.0,PRESERVE_TRUE_JOB_LOCATION,REVIEW
Spennymoor,North East - County Durham & Darlington/Hartlepool,1,Durham,North East - County Durham & Darlington/Hartlepool,6,5.5,HAVERSINE_STRAIGHT_LINE,15.0,PRESERVE_TRUE_JOB_LOCATION,REVIEW
Spennymoor,North East - County Durham & Darlington/Hartlepool,1,Chester Le Street,North East - County Durham & Darlington/Hartlepool,4,11.1,HAVERSINE_STRAIGHT_LINE,15.0,PRESERVE_TRUE_JOB_LOCATION,REVIEW
Spennymoor,North East - County Durham & Darlington/Hartlepool,1,Peterlee,North East - County Durham & Darlington/Hartlepool,1,11.4,HAVERSINE_STRAIGHT_LINE,15.0,PRESERVE_TRUE_JOB_LOCATION,REVIEW
Spennymoor,North East - County Durham & Darlington/Hartlepool,1,Darlington,North East - County Durham & Darlington/Hartlepool,4,12.2,HAVERSINE_STRAIGHT_LINE,15.0,PRESERVE_TRUE_JOB_LOCATION,REVIEW
Spennymoor,North East - County Durham & Darlington/Hartlepool,1,Stanley,North East - County Durham & Darlington/Hartlepool,1,12.3,HAVERSINE_STRAIGHT_LINE,15.0,PRESERVE_TRUE_JOB_LOCATION,REVIEW
Spennymoor,North East - County Durham & Darlington/Hartlepool,1,Washington,"North East - Tyneside, Wearside & Northumberland",1,14.3,HAVERSINE_STRAIGHT_LINE,15.0,PRESERVE_TRUE_JOB_LOCATION,REVIEW
St. Albans,Hertfordshire,1,Hemel Hempstead,Hertfordshire,4,5.0,HAVERSINE_STRAIGHT_LINE,15.0,PRESERVE_TRUE_JOB_LOCATION,REVIEW
St. Albans,Hertfordshire,1,Kings Langley,Hertfordshire,1,5.6,HAVERSINE_STRAIGHT_LINE,15.0,PRESERVE_TRUE_JOB_LOCATION,REVIEW
St. Albans,Hertfordshire,1,Welwyn Garden City,Hertfordshire,1,6.5,HAVERSINE_STRAIGHT_LINE,15.0,PRESERVE_TRUE_JOB_LOCATION,REVIEW
St. Albans,Hertfordshire,1,Borehamwood,London,3,7.0,HAVERSINE_STRAIGHT_LINE,15.0,PRESERVE_TRUE_JOB_LOCATION,REVIEW
St. Albans,Hertfordshire,1,Watford,Hertfordshire,2,7.1,HAVERSINE_STRAIGHT_LINE,15.0,PRESERVE_TRUE_JOB_LOCATION,REVIEW
St. Albans,Hertfordshire,1,Bushey,London,1,7.5,HAVERSINE_STRAIGHT_LINE,15.0,PRESERVE_TRUE_JOB_LOCATION,REVIEW
St. Albans,Hertfordshire,1,Potters Bar,Hertfordshire,1,7.7,HAVERSINE_STRAIGHT_LINE,15.0,PRESERVE_TRUE_JOB_LOCATION,REVIEW
St. Albans,Hertfordshire,1,Barnet,London,1,9.0,HAVERSINE_STRAIGHT_LINE,15.0,PRESERVE_TRUE_JOB_LOCATION,REVIEW
St. Albans,Hertfordshire,1,Luton,Bedfordshire,1,9.7,HAVERSINE_STRAIGHT_LINE,15.0,PRESERVE_TRUE_JOB_LOCATION,REVIEW
St. Albans,Hertfordshire,1,Berkhamsted,Hertfordshire,1,9.9,HAVERSINE_STRAIGHT_LINE,15.0,PRESERVE_TRUE_JOB_LOCATION,REVIEW
St. Albans,Hertfordshire,1,Chesham,Buckinghamshire,1,11.9,HAVERSINE_STRAIGHT_LINE,15.0,PRESERVE_TRUE_JOB_LOCATION,REVIEW
St. Albans,Hertfordshire,1,Harrow,London,3,11.9,HAVERSINE_STRAIGHT_LINE,15.0,PRESERVE_TRUE_JOB_LOCATION,REVIEW
St. Albans,Hertfordshire,1,Stevenage,Hertfordshire,1,11.9,HAVERSINE_STRAIGHT_LINE,15.0,PRESERVE_TRUE_JOB_LOCATION,REVIEW
St. Albans,Hertfordshire,1,Enfield,London,1,12.6,HAVERSINE_STRAIGHT_LINE,15.0,PRESERVE_TRUE_JOB_LOCATION,REVIEW
St. Albans,Hertfordshire,1,Amersham,Buckinghamshire,1,13.4,HAVERSINE_STRAIGHT_LINE,15.0,PRESERVE_TRUE_JOB_LOCATION,REVIEW
St. Ives,Cambridgeshire,1,Redruth,Cornwall,1,11.8,HAVERSINE_STRAIGHT_LINE,15.0,PRESERVE_TRUE_JOB_LOCATION,REVIEW
St. Neots,Cambridgeshire,2,Sandy,Bedfordshire,1,6.1,HAVERSINE_STRAIGHT_LINE,15.0,PRESERVE_TRUE_JOB_LOCATION,REVIEW
St. Neots,Cambridgeshire,2,Huntingdon,Cambridgeshire,4,8.6,HAVERSINE_STRAIGHT_LINE,15.0,PRESERVE_TRUE_JOB_LOCATION,REVIEW
St. Neots,Cambridgeshire,2,Bedford,Bedfordshire,2,10.2,HAVERSINE_STRAIGHT_LINE,15.0,PRESERVE_TRUE_JOB_LOCATION,REVIEW
Stafford,Staffordshire,2,Cannock,Staffordshire,1,8.7,HAVERSINE_STRAIGHT_LINE,15.0,PRESERVE_TRUE_JOB_LOCATION,REVIEW
Stafford,Staffordshire,2,Stoke-on-trent,Staffordshire,3,14.0,HAVERSINE_STRAIGHT_LINE,15.0,PRESERVE_TRUE_JOB_LOCATION,REVIEW
Stafford,Staffordshire,2,Lichfield,Staffordshire,2,14.9,HAVERSINE_STRAIGHT_LINE,15.0,PRESERVE_TRUE_JOB_LOCATION,REVIEW
Staines,Surrey,2,Chertsey,Surrey,1,3.0,HAVERSINE_STRAIGHT_LINE,15.0,PRESERVE_TRUE_JOB_LOCATION,REVIEW
Staines,Surrey,2,Shepperton,Surrey,1,3.5,HAVERSINE_STRAIGHT_LINE,15.0,PRESERVE_TRUE_JOB_LOCATION,REVIEW
Staines,Surrey,2,Walton-on-thames,Surrey,1,5.0,HAVERSINE_STRAIGHT_LINE,15.0,PRESERVE_TRUE_JOB_LOCATION,REVIEW
Staines,Surrey,2,Windsor,Berkshire,1,5.4,HAVERSINE_STRAIGHT_LINE,15.0,PRESERVE_TRUE_JOB_LOCATION,REVIEW
Staines,Surrey,2,Slough,Berkshire,2,6.7,HAVERSINE_STRAIGHT_LINE,15.0,PRESERVE_TRUE_JOB_LOCATION,REVIEW
Staines,Surrey,2,Isleworth,London,3,7.7,HAVERSINE_STRAIGHT_LINE,15.0,PRESERVE_TRUE_JOB_LOCATION,REVIEW
Staines,Surrey,2,Southall,London,1,7.9,HAVERSINE_STRAIGHT_LINE,15.0,PRESERVE_TRUE_JOB_LOCATION,REVIEW
Staines,Surrey,2,Uxbridge,London,3,8.2,HAVERSINE_STRAIGHT_LINE,15.0,PRESERVE_TRUE_JOB_LOCATION,REVIEW
Staines,Surrey,2,Kingston Upon Thames,London,1,9.1,HAVERSINE_STRAIGHT_LINE,15.0,PRESERVE_TRUE_JOB_LOCATION,REVIEW
Staines,Surrey,2,Brentford,London,2,9.3,HAVERSINE_STRAIGHT_LINE,15.0,PRESERVE_TRUE_JOB_LOCATION,REVIEW
Staines,Surrey,2,Chessington,London,1,9.9,HAVERSINE_STRAIGHT_LINE,15.0,PRESERVE_TRUE_JOB_LOCATION,REVIEW
Staines,Surrey,2,Bracknell,Berkshire,4,10.6,HAVERSINE_STRAIGHT_LINE,15.0,PRESERVE_TRUE_JOB_LOCATION,REVIEW
Staines,Surrey,2,Maidenhead,Berkshire,1,11.2,HAVERSINE_STRAIGHT_LINE,15.0,PRESERVE_TRUE_JOB_LOCATION,REVIEW
Staines,Surrey,2,Fetcham,Surrey,1,11.8,HAVERSINE_STRAIGHT_LINE,15.0,PRESERVE_TRUE_JOB_LOCATION,REVIEW
Staines,Surrey,2,Epsom,Surrey,3,12.3,HAVERSINE_STRAIGHT_LINE,15.0,PRESERVE_TRUE_JOB_LOCATION,REVIEW
Staines,Surrey,2,Middlesex,London,6,12.4,HAVERSINE_STRAIGHT_LINE,15.0,PRESERVE_TRUE_JOB_LOCATION,REVIEW
Staines,Surrey,2,Harrow,London,3,12.6,HAVERSINE_STRAIGHT_LINE,15.0,PRESERVE_TRUE_JOB_LOCATION,REVIEW
Staines,Surrey,2,Wandsworth,London,4,13.0,HAVERSINE_STRAIGHT_LINE,15.0,PRESERVE_TRUE_JOB_LOCATION,REVIEW
Staines,Surrey,2,Morden,London,1,13.5,HAVERSINE_STRAIGHT_LINE,15.0,PRESERVE_TRUE_JOB_LOCATION,REVIEW
Staines,Surrey,2,Guildford,Surrey,1,13.8,HAVERSINE_STRAIGHT_LINE,15.0,PRESERVE_TRUE_JOB_LOCATION,REVIEW
Staines,Surrey,2,Sutton,London,2,14.3,HAVERSINE_STRAIGHT_LINE,15.0,PRESERVE_TRUE_JOB_LOCATION,REVIEW
Staines,Surrey,2,Wokingham,Berkshire,1,14.3,HAVERSINE_STRAIGHT_LINE,15.0,PRESERVE_TRUE_JOB_LOCATION,REVIEW
Staines,Surrey,2,Marlow,Buckinghamshire,1,15.0,HAVERSINE_STRAIGHT_LINE,15.0,PRESERVE_TRUE_JOB_LOCATION,REVIEW
Stanley,North East - County Durham & Darlington/Hartlepool,1,Chester Le Street,North East - County Durham & Darlington/Hartlepool,4,5.0,HAVERSINE_STRAIGHT_LINE,15.0,PRESERVE_TRUE_JOB_LOCATION,REVIEW
Stanley,North East - County Durham & Darlington/Hartlepool,1,Gateshead,"North East - Tyneside, Wearside & Northumberland",6,7.6,HAVERSINE_STRAIGHT_LINE,15.0,PRESERVE_TRUE_JOB_LOCATION,REVIEW
Stanley,North East - County Durham & Darlington/Hartlepool,1,Washington,"North East - Tyneside, Wearside & Northumberland",1,7.6,HAVERSINE_STRAIGHT_LINE,15.0,PRESERVE_TRUE_JOB_LOCATION,REVIEW
Stanley,North East - County Durham & Darlington/Hartlepool,1,Ryton,"North East - Tyneside, Wearside & Northumberland",1,7.8,HAVERSINE_STRAIGHT_LINE,15.0,PRESERVE_TRUE_JOB_LOCATION,REVIEW
Stanley,North East - County Durham & Darlington/Hartlepool,1,Durham,North East - County Durham & Darlington/Hartlepool,6,8.0,HAVERSINE_STRAIGHT_LINE,15.0,PRESERVE_TRUE_JOB_LOCATION,REVIEW
Stanley,North East - County Durham & Darlington/Hartlepool,1,Newcastle Upon Tyne,"North East - Tyneside, Wearside & Northumberland",43,8.0,HAVERSINE_STRAIGHT_LINE,15.0,PRESERVE_TRUE_JOB_LOCATION,REVIEW
Stanley,North East - County Durham & Darlington/Hartlepool,1,Meadowfield,North East - County Durham & Darlington/Hartlepool,1,8.6,HAVERSINE_STRAIGHT_LINE,15.0,PRESERVE_TRUE_JOB_LOCATION,REVIEW
Stanley,North East - County Durham & Darlington/Hartlepool,1,Hebburn,"North East - Tyneside, Wearside & Northumberland",2,10.3,HAVERSINE_STRAIGHT_LINE,15.0,PRESERVE_TRUE_JOB_LOCATION,REVIEW
Stanley,North East - County Durham & Darlington/Hartlepool,1,Spennymoor,North East - County Durham & Darlington/Hartlepool,1,12.3,HAVERSINE_STRAIGHT_LINE,15.0,PRESERVE_TRUE_JOB_LOCATION,REVIEW
Stanley,North East - County Durham & Darlington/Hartlepool,1,Sunderland,"North East - Tyneside, Wearside & Northumberland",1,12.8,HAVERSINE_STRAIGHT_LINE,15.0,PRESERVE_TRUE_JOB_LOCATION,REVIEW
Stanley,North East - County Durham & Darlington/Hartlepool,1,Bishop Auckland,North East - County Durham & Darlington/Hartlepool,1,14.7,HAVERSINE_STRAIGHT_LINE,15.0,PRESERVE_TRUE_JOB_LOCATION,REVIEW
Stevenage,Hertfordshire,1,Welwyn Garden City,Hertfordshire,1,6.9,HAVERSINE_STRAIGHT_LINE,15.0,PRESERVE_TRUE_JOB_LOCATION,REVIEW
Stevenage,Hertfordshire,1,Luton,Bedfordshire,1,9.3,HAVERSINE_STRAIGHT_LINE,15.0,PRESERVE_TRUE_JOB_LOCATION,REVIEW
Stevenage,Hertfordshire,1,St. Albans,Hertfordshire,1,11.9,HAVERSINE_STRAIGHT_LINE,15.0,PRESERVE_TRUE_JOB_LOCATION,REVIEW
Stevenage,Hertfordshire,1,Royston,Hertfordshire,1,12.6,HAVERSINE_STRAIGHT_LINE,15.0,PRESERVE_TRUE_JOB_LOCATION,REVIEW
Stevenage,Hertfordshire,1,Potters Bar,Hertfordshire,1,14.5,HAVERSINE_STRAIGHT_LINE,15.0,PRESERVE_TRUE_JOB_LOCATION,REVIEW
Stevenage,Hertfordshire,1,Hemel Hempstead,Hertfordshire,4,14.7,HAVERSINE_STRAIGHT_LINE,15.0,PRESERVE_TRUE_JOB_LOCATION,REVIEW
Stockport,Greater Manchester - South,2,Cheadle,Greater Manchester - South,1,2.5,HAVERSINE_STRAIGHT_LINE,15.0,PRESERVE_TRUE_JOB_LOCATION,REVIEW
Stockport,Greater Manchester - South,2,Manchester,Greater Manchester - Manchester & Salford,55,5.9,HAVERSINE_STRAIGHT_LINE,15.0,PRESERVE_TRUE_JOB_LOCATION,REVIEW
Stockport,Greater Manchester - South,2,Ashton-under-lyne,Greater Manchester - South,2,6.0,HAVERSINE_STRAIGHT_LINE,15.0,PRESERVE_TRUE_JOB_LOCATION,REVIEW
Stockport,Greater Manchester - South,2,Wilmslow,Cheshire - East,1,6.4,HAVERSINE_STRAIGHT_LINE,15.0,PRESERVE_TRUE_JOB_LOCATION,REVIEW
Stockport,Greater Manchester - South,2,Sale,Greater Manchester - South,2,7.0,HAVERSINE_STRAIGHT_LINE,15.0,PRESERVE_TRUE_JOB_LOCATION,REVIEW
Stockport,Greater Manchester - South,2,Stretford,Greater Manchester - Manchester & Salford,1,7.1,HAVERSINE_STRAIGHT_LINE,15.0,PRESERVE_TRUE_JOB_LOCATION,REVIEW
Stockport,Greater Manchester - South,2,Salford,Greater Manchester - Manchester & Salford,5,7.7,HAVERSINE_STRAIGHT_LINE,15.0,PRESERVE_TRUE_JOB_LOCATION,REVIEW
Stockport,Greater Manchester - South,2,Altrincham,Greater Manchester - South,4,8.0,HAVERSINE_STRAIGHT_LINE,15.0,PRESERVE_TRUE_JOB_LOCATION,REVIEW
Stockport,Greater Manchester - South,2,Macclesfield,Cheshire - East,3,10.4,HAVERSINE_STRAIGHT_LINE,15.0,PRESERVE_TRUE_JOB_LOCATION,REVIEW
Stockport,Greater Manchester - South,2,Knutsford,Cheshire - East,2,11.6,HAVERSINE_STRAIGHT_LINE,15.0,PRESERVE_TRUE_JOB_LOCATION,REVIEW
Stoke-on-trent,Staffordshire,3,Crewe,Cheshire - East,3,12.5,HAVERSINE_STRAIGHT_LINE,15.0,PRESERVE_TRUE_JOB_LOCATION,REVIEW
Stoke-on-trent,Staffordshire,3,Stafford,Staffordshire,2,14.0,HAVERSINE_STRAIGHT_LINE,15.0,PRESERVE_TRUE_JOB_LOCATION,REVIEW
Stoke-on-trent,Staffordshire,3,Nantwich,Cheshire - East,1,14.6,HAVERSINE_STRAIGHT_LINE,15.0,PRESERVE_TRUE_JOB_LOCATION,REVIEW
Stratford-upon-avon,West Midlands - Coventry & Warwickshire,1,Leamington Spa,West Midlands - Coventry & Warwickshire,1,10.2,HAVERSINE_STRAIGHT_LINE,15.0,PRESERVE_TRUE_JOB_LOCATION,REVIEW
Stratford-upon-avon,West Midlands - Coventry & Warwickshire,1,Kenilworth,West Midlands - Coventry & Warwickshire,1,12.1,HAVERSINE_STRAIGHT_LINE,15.0,PRESERVE_TRUE_JOB_LOCATION,REVIEW
Stratford-upon-avon,West Midlands - Coventry & Warwickshire,1,Knowle,West Midlands - Birmingham & Solihull,1,13.3,HAVERSINE_STRAIGHT_LINE,15.0,PRESERVE_TRUE_JOB_LOCATION,REVIEW
Stratford-upon-avon,West Midlands - Coventry & Warwickshire,1,Southam,West Midlands - Coventry & Warwickshire,1,14.1,HAVERSINE_STRAIGHT_LINE,15.0,PRESERVE_TRUE_JOB_LOCATION,REVIEW
Stretford,Greater Manchester - Manchester & Salford,1,Sale,Greater Manchester - South,2,1.7,HAVERSINE_STRAIGHT_LINE,15.0,PRESERVE_TRUE_JOB_LOCATION,REVIEW
Stretford,Greater Manchester - Manchester & Salford,1,Salford,Greater Manchester - Manchester & Salford,5,2.8,HAVERSINE_STRAIGHT_LINE,15.0,PRESERVE_TRUE_JOB_LOCATION,REVIEW
Stretford,Greater Manchester - Manchester & Salford,1,Manchester,Greater Manchester - Manchester & Salford,55,3.9,HAVERSINE_STRAIGHT_LINE,15.0,PRESERVE_TRUE_JOB_LOCATION,REVIEW
Stretford,Greater Manchester - Manchester & Salford,1,Altrincham,Greater Manchester - South,4,4.5,HAVERSINE_STRAIGHT_LINE,15.0,PRESERVE_TRUE_JOB_LOCATION,REVIEW
Stretford,Greater Manchester - Manchester & Salford,1,Cheadle,Greater Manchester - South,1,5.4,HAVERSINE_STRAIGHT_LINE,15.0,PRESERVE_TRUE_JOB_LOCATION,REVIEW
Stretford,Greater Manchester - Manchester & Salford,1,Stockport,Greater Manchester - South,2,7.1,HAVERSINE_STRAIGHT_LINE,15.0,PRESERVE_TRUE_JOB_LOCATION,REVIEW
Stretford,Greater Manchester - Manchester & Salford,1,Wilmslow,Cheshire - East,1,9.1,HAVERSINE_STRAIGHT_LINE,15.0,PRESERVE_TRUE_JOB_LOCATION,REVIEW
Stretford,Greater Manchester - Manchester & Salford,1,Ashton-under-lyne,Greater Manchester - South,2,9.3,HAVERSINE_STRAIGHT_LINE,15.0,PRESERVE_TRUE_JOB_LOCATION,REVIEW
Stretford,Greater Manchester - Manchester & Salford,1,Bolton,Greater Manchester - Wigan & Bolton,7,10.4,HAVERSINE_STRAIGHT_LINE,15.0,PRESERVE_TRUE_JOB_LOCATION,REVIEW
Stretford,Greater Manchester - Manchester & Salford,1,Knutsford,Cheshire - East,2,10.4,HAVERSINE_STRAIGHT_LINE,15.0,PRESERVE_TRUE_JOB_LOCATION,REVIEW
Stretford,Greater Manchester - Manchester & Salford,1,Warrington,Cheshire - Warrington & Halton,3,11.6,HAVERSINE_STRAIGHT_LINE,15.0,PRESERVE_TRUE_JOB_LOCATION,REVIEW
Stroud,Gloucestershire,1,Gloucester,Gloucestershire,3,8.2,HAVERSINE_STRAIGHT_LINE,15.0,PRESERVE_TRUE_JOB_LOCATION,REVIEW
Stroud,Gloucestershire,1,Cirencester,Gloucestershire,1,10.0,HAVERSINE_STRAIGHT_LINE,15.0,PRESERVE_TRUE_JOB_LOCATION,REVIEW
Sunderland,"North East - Tyneside, Wearside & Northumberland",1,Washington,"North East - Tyneside, Wearside & Northumberland",1,5.4,HAVERSINE_STRAIGHT_LINE,15.0,PRESERVE_TRUE_JOB_LOCATION,REVIEW
Sunderland,"North East - Tyneside, Wearside & Northumberland",1,Hebburn,"North East - Tyneside, Wearside & Northumberland",2,7.1,HAVERSINE_STRAIGHT_LINE,15.0,PRESERVE_TRUE_JOB_LOCATION,REVIEW
Sunderland,"North East - Tyneside, Wearside & Northumberland",1,Chester Le Street,North East - County Durham & Darlington/Hartlepool,4,8.3,HAVERSINE_STRAIGHT_LINE,15.0,PRESERVE_TRUE_JOB_LOCATION,REVIEW
Sunderland,"North East - Tyneside, Wearside & Northumberland",1,Gateshead,"North East - Tyneside, Wearside & Northumberland",6,9.6,HAVERSINE_STRAIGHT_LINE,15.0,PRESERVE_TRUE_JOB_LOCATION,REVIEW
Sunderland,"North East - Tyneside, Wearside & Northumberland",1,Peterlee,North East - County Durham & Darlington/Hartlepool,1,10.1,HAVERSINE_STRAIGHT_LINE,15.0,PRESERVE_TRUE_JOB_LOCATION,REVIEW
Sunderland,"North East - Tyneside, Wearside & Northumberland",1,Newcastle Upon Tyne,"North East - Tyneside, Wearside & Northumberland",43,10.3,HAVERSINE_STRAIGHT_LINE,15.0,PRESERVE_TRUE_JOB_LOCATION,REVIEW
Sunderland,"North East - Tyneside, Wearside & Northumberland",1,Durham,North East - County Durham & Darlington/Hartlepool,6,11.7,HAVERSINE_STRAIGHT_LINE,15.0,PRESERVE_TRUE_JOB_LOCATION,REVIEW
Sunderland,"North East - Tyneside, Wearside & Northumberland",1,Stanley,North East - County Durham & Darlington/Hartlepool,1,12.8,HAVERSINE_STRAIGHT_LINE,15.0,PRESERVE_TRUE_JOB_LOCATION,REVIEW
Sunderland,"North East - Tyneside, Wearside & Northumberland",1,Meadowfield,North East - County Durham & Darlington/Hartlepool,1,14.0,HAVERSINE_STRAIGHT_LINE,15.0,PRESERVE_TRUE_JOB_LOCATION,REVIEW
Sunderland,"North East - Tyneside, Wearside & Northumberland",1,Cramlington,"North East - Tyneside, Wearside & Northumberland",1,14.9,HAVERSINE_STRAIGHT_LINE,15.0,PRESERVE_TRUE_JOB_LOCATION,REVIEW
Sutton,London,2,Carshalton,London,1,1.9,HAVERSINE_STRAIGHT_LINE,15.0,PRESERVE_TRUE_JOB_LOCATION,REVIEW
Sutton,London,2,Epsom,Surrey,3,3.3,HAVERSINE_STRAIGHT_LINE,15.0,PRESERVE_TRUE_JOB_LOCATION,REVIEW
Sutton,London,2,Morden,London,1,3.3,HAVERSINE_STRAIGHT_LINE,15.0,PRESERVE_TRUE_JOB_LOCATION,REVIEW
Sutton,London,2,Tadworth,Surrey,1,4.3,HAVERSINE_STRAIGHT_LINE,15.0,PRESERVE_TRUE_JOB_LOCATION,REVIEW
Sutton,London,2,Chessington,London,1,4.6,HAVERSINE_STRAIGHT_LINE,15.0,PRESERVE_TRUE_JOB_LOCATION,REVIEW
Sutton,London,2,Croydon,London,3,4.9,HAVERSINE_STRAIGHT_LINE,15.0,PRESERVE_TRUE_JOB_LOCATION,REVIEW
Sutton,London,2,Kingston Upon Thames,London,1,6.0,HAVERSINE_STRAIGHT_LINE,15.0,PRESERVE_TRUE_JOB_LOCATION,REVIEW
Sutton,London,2,Wandsworth,London,4,7.4,HAVERSINE_STRAIGHT_LINE,15.0,PRESERVE_TRUE_JOB_LOCATION,REVIEW
Sutton,London,2,Redhill,Surrey,4,7.7,HAVERSINE_STRAIGHT_LINE,15.0,PRESERVE_TRUE_JOB_LOCATION,REVIEW
Sutton,London,2,Fetcham,Surrey,1,7.9,HAVERSINE_STRAIGHT_LINE,15.0,PRESERVE_TRUE_JOB_LOCATION,REVIEW
Sutton,London,2,Beckenham,London,1,8.6,HAVERSINE_STRAIGHT_LINE,15.0,PRESERVE_TRUE_JOB_LOCATION,REVIEW
Sutton,London,2,Walton-on-thames,Surrey,1,9.5,HAVERSINE_STRAIGHT_LINE,15.0,PRESERVE_TRUE_JOB_LOCATION,REVIEW
Sutton,London,2,Dorking,Surrey,2,10.0,HAVERSINE_STRAIGHT_LINE,15.0,PRESERVE_TRUE_JOB_LOCATION,REVIEW
Sutton,London,2,Bromley,London,4,10.1,HAVERSINE_STRAIGHT_LINE,15.0,PRESERVE_TRUE_JOB_LOCATION,REVIEW
Sutton,London,2,Brentford,London,2,10.5,HAVERSINE_STRAIGHT_LINE,15.0,PRESERVE_TRUE_JOB_LOCATION,REVIEW
Sutton,London,2,Isleworth,London,3,10.6,HAVERSINE_STRAIGHT_LINE,15.0,PRESERVE_TRUE_JOB_LOCATION,REVIEW
Sutton,London,2,Knightsbridge,London,1,10.6,HAVERSINE_STRAIGHT_LINE,15.0,PRESERVE_TRUE_JOB_LOCATION,REVIEW
Sutton,London,2,Oxted,Surrey,1,10.6,HAVERSINE_STRAIGHT_LINE,15.0,PRESERVE_TRUE_JOB_LOCATION,REVIEW
Sutton,London,2,Lambeth,London,1,10.8,HAVERSINE_STRAIGHT_LINE,15.0,PRESERVE_TRUE_JOB_LOCATION,REVIEW
Sutton,London,2,Shepperton,Surrey,1,11.2,HAVERSINE_STRAIGHT_LINE,15.0,PRESERVE_TRUE_JOB_LOCATION,REVIEW
Sutton,London,2,London,London,220,11.4,HAVERSINE_STRAIGHT_LINE,15.0,PRESERVE_TRUE_JOB_LOCATION,REVIEW
Sutton,London,2,Horley,Surrey,1,12.3,HAVERSINE_STRAIGHT_LINE,15.0,PRESERVE_TRUE_JOB_LOCATION,REVIEW
Sutton,London,2,Chislehurst,London,1,12.5,HAVERSINE_STRAIGHT_LINE,15.0,PRESERVE_TRUE_JOB_LOCATION,REVIEW
Sutton,London,2,Middlesex,London,6,12.9,HAVERSINE_STRAIGHT_LINE,15.0,PRESERVE_TRUE_JOB_LOCATION,REVIEW
Sutton,London,2,Southall,London,1,13.2,HAVERSINE_STRAIGHT_LINE,15.0,PRESERVE_TRUE_JOB_LOCATION,REVIEW
Sutton,London,2,Chertsey,Surrey,1,13.5,HAVERSINE_STRAIGHT_LINE,15.0,PRESERVE_TRUE_JOB_LOCATION,REVIEW
Sutton,London,2,Islington,London,1,13.5,HAVERSINE_STRAIGHT_LINE,15.0,PRESERVE_TRUE_JOB_LOCATION,REVIEW
Sutton,London,2,Sidcup,London,1,14.1,HAVERSINE_STRAIGHT_LINE,15.0,PRESERVE_TRUE_JOB_LOCATION,REVIEW
Sutton,London,2,Staines,Surrey,2,14.3,HAVERSINE_STRAIGHT_LINE,15.0,PRESERVE_TRUE_JOB_LOCATION,REVIEW
Sutton,London,2,Lingfield,Surrey,2,14.4,HAVERSINE_STRAIGHT_LINE,15.0,PRESERVE_TRUE_JOB_LOCATION,REVIEW
Sutton-in-ashfield,Nottinghamshire,1,Mansfield,Nottinghamshire,1,2.6,HAVERSINE_STRAIGHT_LINE,15.0,PRESERVE_TRUE_JOB_LOCATION,REVIEW
Sutton-in-ashfield,Nottinghamshire,1,Chesterfield,Derbyshire,1,10.7,HAVERSINE_STRAIGHT_LINE,15.0,PRESERVE_TRUE_JOB_LOCATION,REVIEW
Sutton-in-ashfield,Nottinghamshire,1,Nottingham,Nottinghamshire,5,12.7,HAVERSINE_STRAIGHT_LINE,15.0,PRESERVE_TRUE_JOB_LOCATION,REVIEW
Swindon,Wiltshire,4,Marlborough,Wiltshire,1,9.8,HAVERSINE_STRAIGHT_LINE,15.0,PRESERVE_TRUE_JOB_LOCATION,REVIEW
Swindon,Wiltshire,4,Faringdon,Oxfordshire,1,10.8,HAVERSINE_STRAIGHT_LINE,15.0,PRESERVE_TRUE_JOB_LOCATION,REVIEW
Swindon,Wiltshire,4,Cirencester,Gloucestershire,1,13.8,HAVERSINE_STRAIGHT_LINE,15.0,PRESERVE_TRUE_JOB_LOCATION,REVIEW
Tadworth,Surrey,1,Epsom,Surrey,3,3.1,HAVERSINE_STRAIGHT_LINE,15.0,PRESERVE_TRUE_JOB_LOCATION,REVIEW
Tadworth,Surrey,1,Sutton,London,2,4.3,HAVERSINE_STRAIGHT_LINE,15.0,PRESERVE_TRUE_JOB_LOCATION,REVIEW
Tadworth,Surrey,1,Redhill,Surrey,4,4.5,HAVERSINE_STRAIGHT_LINE,15.0,PRESERVE_TRUE_JOB_LOCATION,REVIEW
Tadworth,Surrey,1,Fetcham,Surrey,1,5.2,HAVERSINE_STRAIGHT_LINE,15.0,PRESERVE_TRUE_JOB_LOCATION,REVIEW
Tadworth,Surrey,1,Chessington,London,1,5.7,HAVERSINE_STRAIGHT_LINE,15.0,PRESERVE_TRUE_JOB_LOCATION,REVIEW
Tadworth,Surrey,1,Dorking,Surrey,2,5.9,HAVERSINE_STRAIGHT_LINE,15.0,PRESERVE_TRUE_JOB_LOCATION,REVIEW
Tadworth,Surrey,1,Carshalton,London,1,6.1,HAVERSINE_STRAIGHT_LINE,15.0,PRESERVE_TRUE_JOB_LOCATION,REVIEW
Tadworth,Surrey,1,Morden,London,1,7.5,HAVERSINE_STRAIGHT_LINE,15.0,PRESERVE_TRUE_JOB_LOCATION,REVIEW
Tadworth,Surrey,1,Croydon,London,3,8.6,HAVERSINE_STRAIGHT_LINE,15.0,PRESERVE_TRUE_JOB_LOCATION,REVIEW
Tadworth,Surrey,1,Horley,Surrey,1,8.8,HAVERSINE_STRAIGHT_LINE,15.0,PRESERVE_TRUE_JOB_LOCATION,REVIEW
Tadworth,Surrey,1,Kingston Upon Thames,London,1,8.8,HAVERSINE_STRAIGHT_LINE,15.0,PRESERVE_TRUE_JOB_LOCATION,REVIEW
Tadworth,Surrey,1,Walton-on-thames,Surrey,1,10.1,HAVERSINE_STRAIGHT_LINE,15.0,PRESERVE_TRUE_JOB_LOCATION,REVIEW
Tadworth,Surrey,1,Oxted,Surrey,1,10.2,HAVERSINE_STRAIGHT_LINE,15.0,PRESERVE_TRUE_JOB_LOCATION,REVIEW
Tadworth,Surrey,1,Wandsworth,London,4,11.5,HAVERSINE_STRAIGHT_LINE,15.0,PRESERVE_TRUE_JOB_LOCATION,REVIEW
Tadworth,Surrey,1,Shepperton,Surrey,1,11.7,HAVERSINE_STRAIGHT_LINE,15.0,PRESERVE_TRUE_JOB_LOCATION,REVIEW
Tadworth,Surrey,1,Beckenham,London,1,12.2,HAVERSINE_STRAIGHT_LINE,15.0,PRESERVE_TRUE_JOB_LOCATION,REVIEW
Tadworth,Surrey,1,Lingfield,Surrey,2,12.4,HAVERSINE_STRAIGHT_LINE,15.0,PRESERVE_TRUE_JOB_LOCATION,REVIEW
Tadworth,Surrey,1,Crawley,Sussex,2,12.6,HAVERSINE_STRAIGHT_LINE,15.0,PRESERVE_TRUE_JOB_LOCATION,REVIEW
Tadworth,Surrey,1,Bromley,London,4,13.4,HAVERSINE_STRAIGHT_LINE,15.0,PRESERVE_TRUE_JOB_LOCATION,REVIEW
Tadworth,Surrey,1,Chertsey,Surrey,1,13.5,HAVERSINE_STRAIGHT_LINE,15.0,PRESERVE_TRUE_JOB_LOCATION,REVIEW
Tadworth,Surrey,1,Isleworth,London,3,13.5,HAVERSINE_STRAIGHT_LINE,15.0,PRESERVE_TRUE_JOB_LOCATION,REVIEW
Tadworth,Surrey,1,Faygate,Sussex,1,13.7,HAVERSINE_STRAIGHT_LINE,15.0,PRESERVE_TRUE_JOB_LOCATION,REVIEW
Tadworth,Surrey,1,Brentford,London,2,13.8,HAVERSINE_STRAIGHT_LINE,15.0,PRESERVE_TRUE_JOB_LOCATION,REVIEW
Tadworth,Surrey,1,Knightsbridge,London,1,14.8,HAVERSINE_STRAIGHT_LINE,15.0,PRESERVE_TRUE_JOB_LOCATION,REVIEW
Tamworth,Staffordshire,1,Lichfield,Staffordshire,2,6.3,HAVERSINE_STRAIGHT_LINE,15.0,PRESERVE_TRUE_JOB_LOCATION,REVIEW
Tamworth,Staffordshire,1,Chelmsley Wood,West Midlands - Birmingham & Solihull,2,10.9,HAVERSINE_STRAIGHT_LINE,15.0,PRESERVE_TRUE_JOB_LOCATION,REVIEW
Tamworth,Staffordshire,1,Nuneaton,West Midlands - Coventry & Warwickshire,2,12.3,HAVERSINE_STRAIGHT_LINE,15.0,PRESERVE_TRUE_JOB_LOCATION,REVIEW
Tamworth,Staffordshire,1,Walsall,West Midlands - Black Country,1,12.5,HAVERSINE_STRAIGHT_LINE,15.0,PRESERVE_TRUE_JOB_LOCATION,REVIEW
Tamworth,Staffordshire,1,Birmingham,West Midlands - Birmingham & Solihull,31,13.6,HAVERSINE_STRAIGHT_LINE,15.0,PRESERVE_TRUE_JOB_LOCATION,REVIEW
Tamworth,Staffordshire,1,Cannock,Staffordshire,1,14.6,HAVERSINE_STRAIGHT_LINE,15.0,PRESERVE_TRUE_JOB_LOCATION,REVIEW
Telford,Shropshire,1,Wellington,Shropshire,1,3.3,HAVERSINE_STRAIGHT_LINE,15.0,PRESERVE_TRUE_JOB_LOCATION,REVIEW
Telford,Shropshire,1,Shrewsbury,Shropshire,1,12.9,HAVERSINE_STRAIGHT_LINE,15.0,PRESERVE_TRUE_JOB_LOCATION,REVIEW
Thame,Oxfordshire,1,Aylesbury,Buckinghamshire,3,8.4,HAVERSINE_STRAIGHT_LINE,15.0,PRESERVE_TRUE_JOB_LOCATION,REVIEW
Thame,Oxfordshire,1,Oxford,Oxfordshire,10,12.0,HAVERSINE_STRAIGHT_LINE,15.0,PRESERVE_TRUE_JOB_LOCATION,REVIEW
Thame,Oxfordshire,1,High Wycombe,Buckinghamshire,6,12.7,HAVERSINE_STRAIGHT_LINE,15.0,PRESERVE_TRUE_JOB_LOCATION,REVIEW
Thame,Oxfordshire,1,Bicester,Oxfordshire,1,12.9,HAVERSINE_STRAIGHT_LINE,15.0,PRESERVE_TRUE_JOB_LOCATION,REVIEW
Thatcham,Berkshire,1,Newbury,Berkshire,1,2.8,HAVERSINE_STRAIGHT_LINE,15.0,PRESERVE_TRUE_JOB_LOCATION,REVIEW
Thatcham,Berkshire,1,Basingstoke,Hampshire,1,12.3,HAVERSINE_STRAIGHT_LINE,15.0,PRESERVE_TRUE_JOB_LOCATION,REVIEW
Thatcham,Berkshire,1,Reading,Berkshire,7,13.0,HAVERSINE_STRAIGHT_LINE,15.0,PRESERVE_TRUE_JOB_LOCATION,REVIEW
Thetford,Norfolk,1,Bury St Edmunds,Suffolk,1,11.9,HAVERSINE_STRAIGHT_LINE,15.0,PRESERVE_TRUE_JOB_LOCATION,REVIEW
Tipton,West Midlands - Black Country,2,Dudley,West Midlands - Black Country,1,2.1,HAVERSINE_STRAIGHT_LINE,15.0,PRESERVE_TRUE_JOB_LOCATION,REVIEW
Tipton,West Midlands - Black Country,2,Wolverhampton,West Midlands - Black Country,3,4.5,HAVERSINE_STRAIGHT_LINE,15.0,PRESERVE_TRUE_JOB_LOCATION,REVIEW
Tipton,West Midlands - Black Country,2,Walsall,West Midlands - Black Country,1,5.2,HAVERSINE_STRAIGHT_LINE,15.0,PRESERVE_TRUE_JOB_LOCATION,REVIEW
Tipton,West Midlands - Black Country,2,Birmingham,West Midlands - Birmingham & Solihull,31,7.8,HAVERSINE_STRAIGHT_LINE,15.0,PRESERVE_TRUE_JOB_LOCATION,REVIEW
Tipton,West Midlands - Black Country,2,Cannock,Staffordshire,1,11.2,HAVERSINE_STRAIGHT_LINE,15.0,PRESERVE_TRUE_JOB_LOCATION,REVIEW
Tipton,West Midlands - Black Country,2,Chelmsley Wood,West Midlands - Birmingham & Solihull,2,14.3,HAVERSINE_STRAIGHT_LINE,15.0,PRESERVE_TRUE_JOB_LOCATION,REVIEW
Tipton,West Midlands - Black Country,2,Solihull,West Midlands - Birmingham & Solihull,3,14.5,HAVERSINE_STRAIGHT_LINE,15.0,PRESERVE_TRUE_JOB_LOCATION,REVIEW
Tipton,West Midlands - Black Country,2,Lichfield,Staffordshire,2,14.6,HAVERSINE_STRAIGHT_LINE,15.0,PRESERVE_TRUE_JOB_LOCATION,REVIEW
Tonbridge,Kent,4,Tunbridge Wells,Kent,1,4.3,HAVERSINE_STRAIGHT_LINE,15.0,PRESERVE_TRUE_JOB_LOCATION,REVIEW
Tonbridge,Kent,4,Sevenoaks,Kent,2,6.5,HAVERSINE_STRAIGHT_LINE,15.0,PRESERVE_TRUE_JOB_LOCATION,REVIEW
Tonbridge,Kent,4,West Malling,Kent,1,8.9,HAVERSINE_STRAIGHT_LINE,15.0,PRESERVE_TRUE_JOB_LOCATION,REVIEW
Tonbridge,Kent,4,Maidstone,Kent,5,11.6,HAVERSINE_STRAIGHT_LINE,15.0,PRESERVE_TRUE_JOB_LOCATION,REVIEW
Tonbridge,Kent,4,Snodland,Kent,1,11.8,HAVERSINE_STRAIGHT_LINE,15.0,PRESERVE_TRUE_JOB_LOCATION,REVIEW
Tonbridge,Kent,4,Lingfield,Surrey,2,12.6,HAVERSINE_STRAIGHT_LINE,15.0,PRESERVE_TRUE_JOB_LOCATION,REVIEW
Tonbridge,Kent,4,Oxted,Surrey,1,12.8,HAVERSINE_STRAIGHT_LINE,15.0,PRESERVE_TRUE_JOB_LOCATION,REVIEW
Tonbridge,Kent,4,Cranbrook,Kent,1,13.2,HAVERSINE_STRAIGHT_LINE,15.0,PRESERVE_TRUE_JOB_LOCATION,REVIEW
Truro,Cornwall,1,Falmouth,Cornwall,1,7.7,HAVERSINE_STRAIGHT_LINE,15.0,PRESERVE_TRUE_JOB_LOCATION,REVIEW
Truro,Cornwall,1,Redruth,Cornwall,1,7.8,HAVERSINE_STRAIGHT_LINE,15.0,PRESERVE_TRUE_JOB_LOCATION,REVIEW
Tunbridge Wells,Kent,1,Tonbridge,Kent,4,4.3,HAVERSINE_STRAIGHT_LINE,15.0,PRESERVE_TRUE_JOB_LOCATION,REVIEW
Tunbridge Wells,Kent,1,Sevenoaks,Kent,2,10.2,HAVERSINE_STRAIGHT_LINE,15.0,PRESERVE_TRUE_JOB_LOCATION,REVIEW
Tunbridge Wells,Kent,1,Cranbrook,Kent,1,12.1,HAVERSINE_STRAIGHT_LINE,15.0,PRESERVE_TRUE_JOB_LOCATION,REVIEW
Tunbridge Wells,Kent,1,Lingfield,Surrey,2,12.4,HAVERSINE_STRAIGHT_LINE,15.0,PRESERVE_TRUE_JOB_LOCATION,REVIEW
Tunbridge Wells,Kent,1,West Malling,Kent,1,12.7,HAVERSINE_STRAIGHT_LINE,15.0,PRESERVE_TRUE_JOB_LOCATION,REVIEW
Tunbridge Wells,Kent,1,Maidstone,Kent,5,14.4,HAVERSINE_STRAIGHT_LINE,15.0,PRESERVE_TRUE_JOB_LOCATION,REVIEW
Tunbridge Wells,Kent,1,Oxted,Surrey,1,14.4,HAVERSINE_STRAIGHT_LINE,15.0,PRESERVE_TRUE_JOB_LOCATION,REVIEW
Upminster,London,1,Hornchurch,London,1,1.7,HAVERSINE_STRAIGHT_LINE,15.0,PRESERVE_TRUE_JOB_LOCATION,REVIEW
Upminster,London,1,Dagenham,London,2,3.8,HAVERSINE_STRAIGHT_LINE,15.0,PRESERVE_TRUE_JOB_LOCATION,REVIEW
Upminster,London,1,Rainham,London,1,3.8,HAVERSINE_STRAIGHT_LINE,15.0,PRESERVE_TRUE_JOB_LOCATION,REVIEW
Upminster,London,1,Brentwood,Essex,1,5.0,HAVERSINE_STRAIGHT_LINE,15.0,PRESERVE_TRUE_JOB_LOCATION,REVIEW
Upminster,London,1,Dartford,Kent,1,7.8,HAVERSINE_STRAIGHT_LINE,15.0,PRESERVE_TRUE_JOB_LOCATION,REVIEW
Upminster,London,1,Ilford,London,1,7.9,HAVERSINE_STRAIGHT_LINE,15.0,PRESERVE_TRUE_JOB_LOCATION,REVIEW
Upminster,London,1,Gravesend,Kent,2,9.3,HAVERSINE_STRAIGHT_LINE,15.0,PRESERVE_TRUE_JOB_LOCATION,REVIEW
Upminster,London,1,Sidcup,London,1,11.1,HAVERSINE_STRAIGHT_LINE,15.0,PRESERVE_TRUE_JOB_LOCATION,REVIEW
Upminster,London,1,Chislehurst,London,1,12.5,HAVERSINE_STRAIGHT_LINE,15.0,PRESERVE_TRUE_JOB_LOCATION,REVIEW
Upminster,London,1,Bromley,London,4,14.6,HAVERSINE_STRAIGHT_LINE,15.0,PRESERVE_TRUE_JOB_LOCATION,REVIEW
Uxbridge,London,3,Southall,London,1,5.5,HAVERSINE_STRAIGHT_LINE,15.0,PRESERVE_TRUE_JOB_LOCATION,REVIEW
Uxbridge,London,3,Slough,Berkshire,2,5.6,HAVERSINE_STRAIGHT_LINE,15.0,PRESERVE_TRUE_JOB_LOCATION,REVIEW
Uxbridge,London,3,Harrow,London,3,6.8,HAVERSINE_STRAIGHT_LINE,15.0,PRESERVE_TRUE_JOB_LOCATION,REVIEW
Uxbridge,London,3,Windsor,Berkshire,1,6.8,HAVERSINE_STRAIGHT_LINE,15.0,PRESERVE_TRUE_JOB_LOCATION,REVIEW
Uxbridge,London,3,Isleworth,London,3,7.9,HAVERSINE_STRAIGHT_LINE,15.0,PRESERVE_TRUE_JOB_LOCATION,REVIEW
Uxbridge,London,3,Staines,Surrey,2,8.2,HAVERSINE_STRAIGHT_LINE,15.0,PRESERVE_TRUE_JOB_LOCATION,REVIEW
Uxbridge,London,3,Watford,Hertfordshire,2,8.2,HAVERSINE_STRAIGHT_LINE,15.0,PRESERVE_TRUE_JOB_LOCATION,REVIEW
Uxbridge,London,3,Bushey,London,1,8.3,HAVERSINE_STRAIGHT_LINE,15.0,PRESERVE_TRUE_JOB_LOCATION,REVIEW
Uxbridge,London,3,Brentford,London,2,8.6,HAVERSINE_STRAIGHT_LINE,15.0,PRESERVE_TRUE_JOB_LOCATION,REVIEW
Uxbridge,London,3,Middlesex,London,6,9.3,HAVERSINE_STRAIGHT_LINE,15.0,PRESERVE_TRUE_JOB_LOCATION,REVIEW
Uxbridge,London,3,Amersham,Buckinghamshire,1,10.0,HAVERSINE_STRAIGHT_LINE,15.0,PRESERVE_TRUE_JOB_LOCATION,REVIEW
Uxbridge,London,3,Maidenhead,Berkshire,1,10.4,HAVERSINE_STRAIGHT_LINE,15.0,PRESERVE_TRUE_JOB_LOCATION,REVIEW
Uxbridge,London,3,Shepperton,Surrey,1,10.7,HAVERSINE_STRAIGHT_LINE,15.0,PRESERVE_TRUE_JOB_LOCATION,REVIEW
Uxbridge,London,3,Chertsey,Surrey,1,11.2,HAVERSINE_STRAIGHT_LINE,15.0,PRESERVE_TRUE_JOB_LOCATION,REVIEW
Uxbridge,London,3,Borehamwood,London,3,11.4,HAVERSINE_STRAIGHT_LINE,15.0,PRESERVE_TRUE_JOB_LOCATION,REVIEW
Uxbridge,London,3,Kings Langley,Hertfordshire,1,11.5,HAVERSINE_STRAIGHT_LINE,15.0,PRESERVE_TRUE_JOB_LOCATION,REVIEW
Uxbridge,London,3,Chesham,Buckinghamshire,1,11.6,HAVERSINE_STRAIGHT_LINE,15.0,PRESERVE_TRUE_JOB_LOCATION,REVIEW
Uxbridge,London,3,Walton-on-thames,Surrey,1,11.6,HAVERSINE_STRAIGHT_LINE,15.0,PRESERVE_TRUE_JOB_LOCATION,REVIEW
Uxbridge,London,3,Kingston Upon Thames,London,1,12.3,HAVERSINE_STRAIGHT_LINE,15.0,PRESERVE_TRUE_JOB_LOCATION,REVIEW
Uxbridge,London,3,Marlow,Buckinghamshire,1,12.6,HAVERSINE_STRAIGHT_LINE,15.0,PRESERVE_TRUE_JOB_LOCATION,REVIEW
Uxbridge,London,3,High Wycombe,Buckinghamshire,6,12.7,HAVERSINE_STRAIGHT_LINE,15.0,PRESERVE_TRUE_JOB_LOCATION,REVIEW
Uxbridge,London,3,Wandsworth,London,4,13.4,HAVERSINE_STRAIGHT_LINE,15.0,PRESERVE_TRUE_JOB_LOCATION,REVIEW
Uxbridge,London,3,Barnet,London,1,14.0,HAVERSINE_STRAIGHT_LINE,15.0,PRESERVE_TRUE_JOB_LOCATION,REVIEW
Uxbridge,London,3,Knightsbridge,London,1,14.1,HAVERSINE_STRAIGHT_LINE,15.0,PRESERVE_TRUE_JOB_LOCATION,REVIEW
Uxbridge,London,3,Hemel Hempstead,Hertfordshire,4,14.2,HAVERSINE_STRAIGHT_LINE,15.0,PRESERVE_TRUE_JOB_LOCATION,REVIEW
Uxbridge,London,3,Bracknell,Berkshire,4,14.9,HAVERSINE_STRAIGHT_LINE,15.0,PRESERVE_TRUE_JOB_LOCATION,REVIEW
Uxbridge,London,3,Chessington,London,1,15.0,HAVERSINE_STRAIGHT_LINE,15.0,PRESERVE_TRUE_JOB_LOCATION,REVIEW
Wakefield,Yorkshire - West,9,Normanton,Yorkshire - West,1,3.5,HAVERSINE_STRAIGHT_LINE,15.0,PRESERVE_TRUE_JOB_LOCATION,REVIEW
Wakefield,Yorkshire - West,9,Dewsbury,Yorkshire - West,2,5.4,HAVERSINE_STRAIGHT_LINE,15.0,PRESERVE_TRUE_JOB_LOCATION,REVIEW
Wakefield,Yorkshire - West,9,Batley,Yorkshire - West,1,5.7,HAVERSINE_STRAIGHT_LINE,15.0,PRESERVE_TRUE_JOB_LOCATION,REVIEW
Wakefield,Yorkshire - West,9,Leeds,Yorkshire - West,25,8.1,HAVERSINE_STRAIGHT_LINE,15.0,PRESERVE_TRUE_JOB_LOCATION,REVIEW
Wakefield,Yorkshire - West,9,Pudsey,Yorkshire - West,1,10.2,HAVERSINE_STRAIGHT_LINE,15.0,PRESERVE_TRUE_JOB_LOCATION,REVIEW
Wakefield,Yorkshire - West,9,Brighouse,Yorkshire - West,4,11.8,HAVERSINE_STRAIGHT_LINE,15.0,PRESERVE_TRUE_JOB_LOCATION,REVIEW
Wakefield,Yorkshire - West,9,Huddersfield,Yorkshire - West,2,12.0,HAVERSINE_STRAIGHT_LINE,15.0,PRESERVE_TRUE_JOB_LOCATION,REVIEW
Wakefield,Yorkshire - West,9,Bradford,Yorkshire - West,11,12.9,HAVERSINE_STRAIGHT_LINE,15.0,PRESERVE_TRUE_JOB_LOCATION,REVIEW
Walsall,West Midlands - Black Country,1,Tipton,West Midlands - Black Country,2,5.2,HAVERSINE_STRAIGHT_LINE,15.0,PRESERVE_TRUE_JOB_LOCATION,REVIEW
Walsall,West Midlands - Black Country,1,Wolverhampton,West Midlands - Black Country,3,5.8,HAVERSINE_STRAIGHT_LINE,15.0,PRESERVE_TRUE_JOB_LOCATION,REVIEW
Walsall,West Midlands - Black Country,1,Dudley,West Midlands - Black Country,1,7.2,HAVERSINE_STRAIGHT_LINE,15.0,PRESERVE_TRUE_JOB_LOCATION,REVIEW
Walsall,West Midlands - Black Country,1,Cannock,Staffordshire,1,7.5,HAVERSINE_STRAIGHT_LINE,15.0,PRESERVE_TRUE_JOB_LOCATION,REVIEW
Walsall,West Midlands - Black Country,1,Birmingham,West Midlands - Birmingham & Solihull,31,8.0,HAVERSINE_STRAIGHT_LINE,15.0,PRESERVE_TRUE_JOB_LOCATION,REVIEW
Walsall,West Midlands - Black Country,1,Lichfield,Staffordshire,2,9.4,HAVERSINE_STRAIGHT_LINE,15.0,PRESERVE_TRUE_JOB_LOCATION,REVIEW
Walsall,West Midlands - Black Country,1,Tamworth,Staffordshire,1,12.5,HAVERSINE_STRAIGHT_LINE,15.0,PRESERVE_TRUE_JOB_LOCATION,REVIEW
Walsall,West Midlands - Black Country,1,Chelmsley Wood,West Midlands - Birmingham & Solihull,2,12.7,HAVERSINE_STRAIGHT_LINE,15.0,PRESERVE_TRUE_JOB_LOCATION,REVIEW
Walsall,West Midlands - Black Country,1,Solihull,West Midlands - Birmingham & Solihull,3,14.6,HAVERSINE_STRAIGHT_LINE,15.0,PRESERVE_TRUE_JOB_LOCATION,REVIEW
Walton-on-thames,Surrey,1,Shepperton,Surrey,1,1.7,HAVERSINE_STRAIGHT_LINE,15.0,PRESERVE_TRUE_JOB_LOCATION,REVIEW
Walton-on-thames,Surrey,1,Chertsey,Surrey,1,4.1,HAVERSINE_STRAIGHT_LINE,15.0,PRESERVE_TRUE_JOB_LOCATION,REVIEW
Walton-on-thames,Surrey,1,Chessington,London,1,5.0,HAVERSINE_STRAIGHT_LINE,15.0,PRESERVE_TRUE_JOB_LOCATION,REVIEW
Walton-on-thames,Surrey,1,Staines,Surrey,2,5.0,HAVERSINE_STRAIGHT_LINE,15.0,PRESERVE_TRUE_JOB_LOCATION,REVIEW
Walton-on-thames,Surrey,1,Kingston Upon Thames,London,1,5.3,HAVERSINE_STRAIGHT_LINE,15.0,PRESERVE_TRUE_JOB_LOCATION,REVIEW
Walton-on-thames,Surrey,1,Isleworth,London,3,6.8,HAVERSINE_STRAIGHT_LINE,15.0,PRESERVE_TRUE_JOB_LOCATION,REVIEW
Walton-on-thames,Surrey,1,Fetcham,Surrey,1,7.2,HAVERSINE_STRAIGHT_LINE,15.0,PRESERVE_TRUE_JOB_LOCATION,REVIEW
Walton-on-thames,Surrey,1,Epsom,Surrey,3,7.3,HAVERSINE_STRAIGHT_LINE,15.0,PRESERVE_TRUE_JOB_LOCATION,REVIEW
Walton-on-thames,Surrey,1,Brentford,London,2,8.2,HAVERSINE_STRAIGHT_LINE,15.0,PRESERVE_TRUE_JOB_LOCATION,REVIEW
Walton-on-thames,Surrey,1,Southall,London,1,8.6,HAVERSINE_STRAIGHT_LINE,15.0,PRESERVE_TRUE_JOB_LOCATION,REVIEW
Walton-on-thames,Surrey,1,Morden,London,1,9.3,HAVERSINE_STRAIGHT_LINE,15.0,PRESERVE_TRUE_JOB_LOCATION,REVIEW
Walton-on-thames,Surrey,1,Sutton,London,2,9.5,HAVERSINE_STRAIGHT_LINE,15.0,PRESERVE_TRUE_JOB_LOCATION,REVIEW
Walton-on-thames,Surrey,1,Tadworth,Surrey,1,10.1,HAVERSINE_STRAIGHT_LINE,15.0,PRESERVE_TRUE_JOB_LOCATION,REVIEW
Walton-on-thames,Surrey,1,Wandsworth,London,4,10.1,HAVERSINE_STRAIGHT_LINE,15.0,PRESERVE_TRUE_JOB_LOCATION,REVIEW
Walton-on-thames,Surrey,1,Windsor,Berkshire,1,10.5,HAVERSINE_STRAIGHT_LINE,15.0,PRESERVE_TRUE_JOB_LOCATION,REVIEW
Walton-on-thames,Surrey,1,Carshalton,London,1,10.7,HAVERSINE_STRAIGHT_LINE,15.0,PRESERVE_TRUE_JOB_LOCATION,REVIEW
Walton-on-thames,Surrey,1,Dorking,Surrey,2,11.2,HAVERSINE_STRAIGHT_LINE,15.0,PRESERVE_TRUE_JOB_LOCATION,REVIEW
Walton-on-thames,Surrey,1,Slough,Berkshire,2,11.6,HAVERSINE_STRAIGHT_LINE,15.0,PRESERVE_TRUE_JOB_LOCATION,REVIEW
Walton-on-thames,Surrey,1,Uxbridge,London,3,11.6,HAVERSINE_STRAIGHT_LINE,15.0,PRESERVE_TRUE_JOB_LOCATION,REVIEW
Walton-on-thames,Surrey,1,Middlesex,London,6,11.8,HAVERSINE_STRAIGHT_LINE,15.0,PRESERVE_TRUE_JOB_LOCATION,REVIEW
Walton-on-thames,Surrey,1,Guildford,Surrey,1,12.6,HAVERSINE_STRAIGHT_LINE,15.0,PRESERVE_TRUE_JOB_LOCATION,REVIEW
Walton-on-thames,Surrey,1,Knightsbridge,London,1,13.4,HAVERSINE_STRAIGHT_LINE,15.0,PRESERVE_TRUE_JOB_LOCATION,REVIEW
Walton-on-thames,Surrey,1,Croydon,London,3,13.5,HAVERSINE_STRAIGHT_LINE,15.0,PRESERVE_TRUE_JOB_LOCATION,REVIEW
Walton-on-thames,Surrey,1,Harrow,London,3,13.7,HAVERSINE_STRAIGHT_LINE,15.0,PRESERVE_TRUE_JOB_LOCATION,REVIEW
Walton-on-thames,Surrey,1,Redhill,Surrey,4,14.6,HAVERSINE_STRAIGHT_LINE,15.0,PRESERVE_TRUE_JOB_LOCATION,REVIEW
Walton-on-thames,Surrey,1,Bracknell,Berkshire,4,14.7,HAVERSINE_STRAIGHT_LINE,15.0,PRESERVE_TRUE_JOB_LOCATION,REVIEW
Walton-on-thames,Surrey,1,London,London,220,15.0,HAVERSINE_STRAIGHT_LINE,15.0,PRESERVE_TRUE_JOB_LOCATION,REVIEW
Wandsworth,London,4,Knightsbridge,London,1,3.6,HAVERSINE_STRAIGHT_LINE,15.0,PRESERVE_TRUE_JOB_LOCATION,REVIEW
Wandsworth,London,4,Morden,London,1,4.1,HAVERSINE_STRAIGHT_LINE,15.0,PRESERVE_TRUE_JOB_LOCATION,REVIEW
Wandsworth,London,4,Brentford,London,2,4.8,HAVERSINE_STRAIGHT_LINE,15.0,PRESERVE_TRUE_JOB_LOCATION,REVIEW
Wandsworth,London,4,Lambeth,London,1,4.9,HAVERSINE_STRAIGHT_LINE,15.0,PRESERVE_TRUE_JOB_LOCATION,REVIEW
Wandsworth,London,4,Kingston Upon Thames,London,1,5.0,HAVERSINE_STRAIGHT_LINE,15.0,PRESERVE_TRUE_JOB_LOCATION,REVIEW
Wandsworth,London,4,London,London,220,5.0,HAVERSINE_STRAIGHT_LINE,15.0,PRESERVE_TRUE_JOB_LOCATION,REVIEW
Wandsworth,London,4,Middlesex,London,6,5.7,HAVERSINE_STRAIGHT_LINE,15.0,PRESERVE_TRUE_JOB_LOCATION,REVIEW
Wandsworth,London,4,Isleworth,London,3,5.9,HAVERSINE_STRAIGHT_LINE,15.0,PRESERVE_TRUE_JOB_LOCATION,REVIEW
Wandsworth,London,4,Carshalton,London,1,6.4,HAVERSINE_STRAIGHT_LINE,15.0,PRESERVE_TRUE_JOB_LOCATION,REVIEW
Wandsworth,London,4,Croydon,London,3,6.9,HAVERSINE_STRAIGHT_LINE,15.0,PRESERVE_TRUE_JOB_LOCATION,REVIEW
Wandsworth,London,4,Islington,London,1,7.1,HAVERSINE_STRAIGHT_LINE,15.0,PRESERVE_TRUE_JOB_LOCATION,REVIEW
Wandsworth,London,4,Sutton,London,2,7.4,HAVERSINE_STRAIGHT_LINE,15.0,PRESERVE_TRUE_JOB_LOCATION,REVIEW
Wandsworth,London,4,Chessington,London,1,7.8,HAVERSINE_STRAIGHT_LINE,15.0,PRESERVE_TRUE_JOB_LOCATION,REVIEW
Wandsworth,London,4,Southall,London,1,7.9,HAVERSINE_STRAIGHT_LINE,15.0,PRESERVE_TRUE_JOB_LOCATION,REVIEW
Wandsworth,London,4,Beckenham,London,1,8.6,HAVERSINE_STRAIGHT_LINE,15.0,PRESERVE_TRUE_JOB_LOCATION,REVIEW
Wandsworth,London,4,Epsom,Surrey,3,9.2,HAVERSINE_STRAIGHT_LINE,15.0,PRESERVE_TRUE_JOB_LOCATION,REVIEW
Wandsworth,London,4,Harrow,London,3,9.9,HAVERSINE_STRAIGHT_LINE,15.0,PRESERVE_TRUE_JOB_LOCATION,REVIEW
Wandsworth,London,4,Walton-on-thames,Surrey,1,10.1,HAVERSINE_STRAIGHT_LINE,15.0,PRESERVE_TRUE_JOB_LOCATION,REVIEW
Wandsworth,London,4,Bromley,London,4,10.2,HAVERSINE_STRAIGHT_LINE,15.0,PRESERVE_TRUE_JOB_LOCATION,REVIEW
Wandsworth,London,4,Shepperton,Surrey,1,11.2,HAVERSINE_STRAIGHT_LINE,15.0,PRESERVE_TRUE_JOB_LOCATION,REVIEW
Wandsworth,London,4,Tadworth,Surrey,1,11.5,HAVERSINE_STRAIGHT_LINE,15.0,PRESERVE_TRUE_JOB_LOCATION,REVIEW
Wandsworth,London,4,Chislehurst,London,1,12.2,HAVERSINE_STRAIGHT_LINE,15.0,PRESERVE_TRUE_JOB_LOCATION,REVIEW
Wandsworth,London,4,Staines,Surrey,2,13.0,HAVERSINE_STRAIGHT_LINE,15.0,PRESERVE_TRUE_JOB_LOCATION,REVIEW
Wandsworth,London,4,Barnet,London,1,13.3,HAVERSINE_STRAIGHT_LINE,15.0,PRESERVE_TRUE_JOB_LOCATION,REVIEW
Wandsworth,London,4,Fetcham,Surrey,1,13.3,HAVERSINE_STRAIGHT_LINE,15.0,PRESERVE_TRUE_JOB_LOCATION,REVIEW
Wandsworth,London,4,Uxbridge,London,3,13.4,HAVERSINE_STRAIGHT_LINE,15.0,PRESERVE_TRUE_JOB_LOCATION,REVIEW
Wandsworth,London,4,Sidcup,London,1,13.6,HAVERSINE_STRAIGHT_LINE,15.0,PRESERVE_TRUE_JOB_LOCATION,REVIEW
Wandsworth,London,4,Chertsey,Surrey,1,13.8,HAVERSINE_STRAIGHT_LINE,15.0,PRESERVE_TRUE_JOB_LOCATION,REVIEW
Wandsworth,London,4,Borehamwood,London,3,13.9,HAVERSINE_STRAIGHT_LINE,15.0,PRESERVE_TRUE_JOB_LOCATION,REVIEW
Wandsworth,London,4,Ilford,London,1,13.9,HAVERSINE_STRAIGHT_LINE,15.0,PRESERVE_TRUE_JOB_LOCATION,REVIEW
Wandsworth,London,4,Bushey,London,1,14.4,HAVERSINE_STRAIGHT_LINE,15.0,PRESERVE_TRUE_JOB_LOCATION,REVIEW
Wandsworth,London,4,Enfield,London,1,14.4,HAVERSINE_STRAIGHT_LINE,15.0,PRESERVE_TRUE_JOB_LOCATION,REVIEW
Warrington,Cheshire - Warrington & Halton,3,Runcorn,Cheshire - Warrington & Halton,1,7.1,HAVERSINE_STRAIGHT_LINE,15.0,PRESERVE_TRUE_JOB_LOCATION,REVIEW
Warrington,Cheshire - Warrington & Halton,3,Altrincham,Greater Manchester - South,4,9.6,HAVERSINE_STRAIGHT_LINE,15.0,PRESERVE_TRUE_JOB_LOCATION,REVIEW
Warrington,Cheshire - Warrington & Halton,3,Northwich,Cheshire - West,1,9.6,HAVERSINE_STRAIGHT_LINE,15.0,PRESERVE_TRUE_JOB_LOCATION,REVIEW
Warrington,Cheshire - Warrington & Halton,3,Knutsford,Cheshire - East,2,10.5,HAVERSINE_STRAIGHT_LINE,15.0,PRESERVE_TRUE_JOB_LOCATION,REVIEW
Warrington,Cheshire - Warrington & Halton,3,Sale,Greater Manchester - South,2,10.8,HAVERSINE_STRAIGHT_LINE,15.0,PRESERVE_TRUE_JOB_LOCATION,REVIEW
Warrington,Cheshire - Warrington & Halton,3,Stretford,Greater Manchester - Manchester & Salford,1,11.6,HAVERSINE_STRAIGHT_LINE,15.0,PRESERVE_TRUE_JOB_LOCATION,REVIEW
Warrington,Cheshire - Warrington & Halton,3,Salford,Greater Manchester - Manchester & Salford,5,13.6,HAVERSINE_STRAIGHT_LINE,15.0,PRESERVE_TRUE_JOB_LOCATION,REVIEW
Warrington,Cheshire - Warrington & Halton,3,Winsford,Cheshire - West,1,14.1,HAVERSINE_STRAIGHT_LINE,15.0,PRESERVE_TRUE_JOB_LOCATION,REVIEW
Warrington,Cheshire - Warrington & Halton,3,Bolton,Greater Manchester - Wigan & Bolton,7,14.5,HAVERSINE_STRAIGHT_LINE,15.0,PRESERVE_TRUE_JOB_LOCATION,REVIEW
Warrington,Cheshire - Warrington & Halton,3,Cheadle,Greater Manchester - South,1,15.0,HAVERSINE_STRAIGHT_LINE,15.0,PRESERVE_TRUE_JOB_LOCATION,REVIEW
Washington,"North East - Tyneside, Wearside & Northumberland",1,Chester Le Street,North East - County Durham & Darlington/Hartlepool,4,3.7,HAVERSINE_STRAIGHT_LINE,15.0,PRESERVE_TRUE_JOB_LOCATION,REVIEW
Washington,"North East - Tyneside, Wearside & Northumberland",1,Hebburn,"North East - Tyneside, Wearside & Northumberland",2,5.0,HAVERSINE_STRAIGHT_LINE,15.0,PRESERVE_TRUE_JOB_LOCATION,REVIEW
Washington,"North East - Tyneside, Wearside & Northumberland",1,Sunderland,"North East - Tyneside, Wearside & Northumberland",1,5.4,HAVERSINE_STRAIGHT_LINE,15.0,PRESERVE_TRUE_JOB_LOCATION,REVIEW
Washington,"North East - Tyneside, Wearside & Northumberland",1,Gateshead,"North East - Tyneside, Wearside & Northumberland",6,5.5,HAVERSINE_STRAIGHT_LINE,15.0,PRESERVE_TRUE_JOB_LOCATION,REVIEW
Washington,"North East - Tyneside, Wearside & Northumberland",1,Newcastle Upon Tyne,"North East - Tyneside, Wearside & Northumberland",43,6.4,HAVERSINE_STRAIGHT_LINE,15.0,PRESERVE_TRUE_JOB_LOCATION,REVIEW
Washington,"North East - Tyneside, Wearside & Northumberland",1,Stanley,North East - County Durham & Darlington/Hartlepool,1,7.6,HAVERSINE_STRAIGHT_LINE,15.0,PRESERVE_TRUE_JOB_LOCATION,REVIEW
Washington,"North East - Tyneside, Wearside & Northumberland",1,Durham,North East - County Durham & Darlington/Hartlepool,6,8.8,HAVERSINE_STRAIGHT_LINE,15.0,PRESERVE_TRUE_JOB_LOCATION,REVIEW
Washington,"North East - Tyneside, Wearside & Northumberland",1,Meadowfield,North East - County Durham & Darlington/Hartlepool,1,10.9,HAVERSINE_STRAIGHT_LINE,15.0,PRESERVE_TRUE_JOB_LOCATION,REVIEW
Washington,"North East - Tyneside, Wearside & Northumberland",1,Ryton,"North East - Tyneside, Wearside & Northumberland",1,11.0,HAVERSINE_STRAIGHT_LINE,15.0,PRESERVE_TRUE_JOB_LOCATION,REVIEW
Washington,"North East - Tyneside, Wearside & Northumberland",1,Peterlee,North East - County Durham & Darlington/Hartlepool,1,12.0,HAVERSINE_STRAIGHT_LINE,15.0,PRESERVE_TRUE_JOB_LOCATION,REVIEW
Washington,"North East - Tyneside, Wearside & Northumberland",1,Cramlington,"North East - Tyneside, Wearside & Northumberland",1,13.2,HAVERSINE_STRAIGHT_LINE,15.0,PRESERVE_TRUE_JOB_LOCATION,REVIEW
Washington,"North East - Tyneside, Wearside & Northumberland",1,Spennymoor,North East - County Durham & Darlington/Hartlepool,1,14.3,HAVERSINE_STRAIGHT_LINE,15.0,PRESERVE_TRUE_JOB_LOCATION,REVIEW
Watford,Hertfordshire,2,Bushey,London,1,1.7,HAVERSINE_STRAIGHT_LINE,15.0,PRESERVE_TRUE_JOB_LOCATION,REVIEW
Watford,Hertfordshire,2,Kings Langley,Hertfordshire,1,4.7,HAVERSINE_STRAIGHT_LINE,15.0,PRESERVE_TRUE_JOB_LOCATION,REVIEW
Watford,Hertfordshire,2,Borehamwood,London,3,5.1,HAVERSINE_STRAIGHT_LINE,15.0,PRESERVE_TRUE_JOB_LOCATION,REVIEW
Watford,Hertfordshire,2,Harrow,London,3,6.0,HAVERSINE_STRAIGHT_LINE,15.0,PRESERVE_TRUE_JOB_LOCATION,REVIEW
Watford,Hertfordshire,2,St. Albans,Hertfordshire,1,7.1,HAVERSINE_STRAIGHT_LINE,15.0,PRESERVE_TRUE_JOB_LOCATION,REVIEW
Watford,Hertfordshire,2,Hemel Hempstead,Hertfordshire,4,7.2,HAVERSINE_STRAIGHT_LINE,15.0,PRESERVE_TRUE_JOB_LOCATION,REVIEW
Watford,Hertfordshire,2,Uxbridge,London,3,8.2,HAVERSINE_STRAIGHT_LINE,15.0,PRESERVE_TRUE_JOB_LOCATION,REVIEW
Watford,Hertfordshire,2,Barnet,London,1,8.4,HAVERSINE_STRAIGHT_LINE,15.0,PRESERVE_TRUE_JOB_LOCATION,REVIEW
Watford,Hertfordshire,2,Chesham,Buckinghamshire,1,9.3,HAVERSINE_STRAIGHT_LINE,15.0,PRESERVE_TRUE_JOB_LOCATION,REVIEW
Watford,Hertfordshire,2,Amersham,Buckinghamshire,1,9.5,HAVERSINE_STRAIGHT_LINE,15.0,PRESERVE_TRUE_JOB_LOCATION,REVIEW
Watford,Hertfordshire,2,Potters Bar,Hertfordshire,1,9.7,HAVERSINE_STRAIGHT_LINE,15.0,PRESERVE_TRUE_JOB_LOCATION,REVIEW
Watford,Hertfordshire,2,Middlesex,London,6,10.1,HAVERSINE_STRAIGHT_LINE,15.0,PRESERVE_TRUE_JOB_LOCATION,REVIEW
Watford,Hertfordshire,2,Southall,London,1,10.2,HAVERSINE_STRAIGHT_LINE,15.0,PRESERVE_TRUE_JOB_LOCATION,REVIEW
Watford,Hertfordshire,2,Berkhamsted,Hertfordshire,1,10.3,HAVERSINE_STRAIGHT_LINE,15.0,PRESERVE_TRUE_JOB_LOCATION,REVIEW
Watford,Hertfordshire,2,Brentford,London,2,12.3,HAVERSINE_STRAIGHT_LINE,15.0,PRESERVE_TRUE_JOB_LOCATION,REVIEW
Watford,Hertfordshire,2,Isleworth,London,3,12.7,HAVERSINE_STRAIGHT_LINE,15.0,PRESERVE_TRUE_JOB_LOCATION,REVIEW
Watford,Hertfordshire,2,Welwyn Garden City,Hertfordshire,1,13.0,HAVERSINE_STRAIGHT_LINE,15.0,PRESERVE_TRUE_JOB_LOCATION,REVIEW
Watford,Hertfordshire,2,Slough,Berkshire,2,13.2,HAVERSINE_STRAIGHT_LINE,15.0,PRESERVE_TRUE_JOB_LOCATION,REVIEW
Watford,Hertfordshire,2,Enfield,London,1,13.4,HAVERSINE_STRAIGHT_LINE,15.0,PRESERVE_TRUE_JOB_LOCATION,REVIEW
Watford,Hertfordshire,2,Knightsbridge,London,1,14.6,HAVERSINE_STRAIGHT_LINE,15.0,PRESERVE_TRUE_JOB_LOCATION,REVIEW
Watford,Hertfordshire,2,Windsor,Berkshire,1,14.8,HAVERSINE_STRAIGHT_LINE,15.0,PRESERVE_TRUE_JOB_LOCATION,REVIEW
Wellington,Shropshire,1,Telford,Shropshire,1,3.3,HAVERSINE_STRAIGHT_LINE,15.0,PRESERVE_TRUE_JOB_LOCATION,REVIEW
Wellington,Shropshire,1,Shrewsbury,Shropshire,1,9.9,HAVERSINE_STRAIGHT_LINE,15.0,PRESERVE_TRUE_JOB_LOCATION,REVIEW
Welwyn Garden City,Hertfordshire,1,St. Albans,Hertfordshire,1,6.5,HAVERSINE_STRAIGHT_LINE,15.0,PRESERVE_TRUE_JOB_LOCATION,REVIEW
Welwyn Garden City,Hertfordshire,1,Stevenage,Hertfordshire,1,6.9,HAVERSINE_STRAIGHT_LINE,15.0,PRESERVE_TRUE_JOB_LOCATION,REVIEW
Welwyn Garden City,Hertfordshire,1,Potters Bar,Hertfordshire,1,7.6,HAVERSINE_STRAIGHT_LINE,15.0,PRESERVE_TRUE_JOB_LOCATION,REVIEW
Welwyn Garden City,Hertfordshire,1,Barnet,London,1,10.5,HAVERSINE_STRAIGHT_LINE,15.0,PRESERVE_TRUE_JOB_LOCATION,REVIEW
Welwyn Garden City,Hertfordshire,1,Luton,Bedfordshire,1,10.5,HAVERSINE_STRAIGHT_LINE,15.0,PRESERVE_TRUE_JOB_LOCATION,REVIEW
Welwyn Garden City,Hertfordshire,1,Borehamwood,London,3,10.6,HAVERSINE_STRAIGHT_LINE,15.0,PRESERVE_TRUE_JOB_LOCATION,REVIEW
Welwyn Garden City,Hertfordshire,1,Hemel Hempstead,Hertfordshire,4,10.9,HAVERSINE_STRAIGHT_LINE,15.0,PRESERVE_TRUE_JOB_LOCATION,REVIEW
Welwyn Garden City,Hertfordshire,1,Enfield,London,1,11.6,HAVERSINE_STRAIGHT_LINE,15.0,PRESERVE_TRUE_JOB_LOCATION,REVIEW
Welwyn Garden City,Hertfordshire,1,Kings Langley,Hertfordshire,1,12.1,HAVERSINE_STRAIGHT_LINE,15.0,PRESERVE_TRUE_JOB_LOCATION,REVIEW
Welwyn Garden City,Hertfordshire,1,Bushey,London,1,12.8,HAVERSINE_STRAIGHT_LINE,15.0,PRESERVE_TRUE_JOB_LOCATION,REVIEW
Welwyn Garden City,Hertfordshire,1,Watford,Hertfordshire,2,13.0,HAVERSINE_STRAIGHT_LINE,15.0,PRESERVE_TRUE_JOB_LOCATION,REVIEW
Welwyn Garden City,Hertfordshire,1,Harlow,Essex,1,13.7,HAVERSINE_STRAIGHT_LINE,15.0,PRESERVE_TRUE_JOB_LOCATION,REVIEW
West Malling,Kent,1,Snodland,Kent,1,2.9,HAVERSINE_STRAIGHT_LINE,15.0,PRESERVE_TRUE_JOB_LOCATION,REVIEW
West Malling,Kent,1,Maidstone,Kent,5,5.0,HAVERSINE_STRAIGHT_LINE,15.0,PRESERVE_TRUE_JOB_LOCATION,REVIEW
West Malling,Kent,1,Rochester,Kent,1,7.8,HAVERSINE_STRAIGHT_LINE,15.0,PRESERVE_TRUE_JOB_LOCATION,REVIEW
West Malling,Kent,1,Tonbridge,Kent,4,8.9,HAVERSINE_STRAIGHT_LINE,15.0,PRESERVE_TRUE_JOB_LOCATION,REVIEW
West Malling,Kent,1,Gillingham,Kent,3,9.0,HAVERSINE_STRAIGHT_LINE,15.0,PRESERVE_TRUE_JOB_LOCATION,REVIEW
West Malling,Kent,1,Sevenoaks,Kent,2,9.6,HAVERSINE_STRAIGHT_LINE,15.0,PRESERVE_TRUE_JOB_LOCATION,REVIEW
West Malling,Kent,1,Gravesend,Kent,2,10.4,HAVERSINE_STRAIGHT_LINE,15.0,PRESERVE_TRUE_JOB_LOCATION,REVIEW
West Malling,Kent,1,Tunbridge Wells,Kent,1,12.7,HAVERSINE_STRAIGHT_LINE,15.0,PRESERVE_TRUE_JOB_LOCATION,REVIEW
West Malling,Kent,1,Dartford,Kent,1,13.6,HAVERSINE_STRAIGHT_LINE,15.0,PRESERVE_TRUE_JOB_LOCATION,REVIEW
West Malling,Kent,1,Cranbrook,Kent,1,14.6,HAVERSINE_STRAIGHT_LINE,15.0,PRESERVE_TRUE_JOB_LOCATION,REVIEW
Weston-super-mare,Somerset,2,Congresbury,Bristol & Bath,1,7.4,HAVERSINE_STRAIGHT_LINE,15.0,PRESERVE_TRUE_JOB_LOCATION,REVIEW
Weston-super-mare,Somerset,2,Cardiff,Wales South - Cardiff & Vale,9,12.7,HAVERSINE_STRAIGHT_LINE,15.0,PRESERVE_TRUE_JOB_LOCATION,REVIEW
Weston-super-mare,Somerset,2,Portishead,Bristol & Bath,1,13.0,HAVERSINE_STRAIGHT_LINE,15.0,PRESERVE_TRUE_JOB_LOCATION,REVIEW
Weston-super-mare,Somerset,2,Barry,Wales South - Cardiff & Vale,1,13.8,HAVERSINE_STRAIGHT_LINE,15.0,PRESERVE_TRUE_JOB_LOCATION,REVIEW
Whitstable,Kent,1,Canterbury,Kent,1,6.1,HAVERSINE_STRAIGHT_LINE,15.0,PRESERVE_TRUE_JOB_LOCATION,REVIEW
Whitstable,Kent,1,Faversham,Kent,1,6.7,HAVERSINE_STRAIGHT_LINE,15.0,PRESERVE_TRUE_JOB_LOCATION,REVIEW
Whitstable,Kent,1,Sheerness,Kent,1,12.6,HAVERSINE_STRAIGHT_LINE,15.0,PRESERVE_TRUE_JOB_LOCATION,REVIEW
Wilmslow,Cheshire - East,1,Cheadle,Greater Manchester - South,1,5.0,HAVERSINE_STRAIGHT_LINE,15.0,PRESERVE_TRUE_JOB_LOCATION,REVIEW
Wilmslow,Cheshire - East,1,Knutsford,Cheshire - East,2,6.2,HAVERSINE_STRAIGHT_LINE,15.0,PRESERVE_TRUE_JOB_LOCATION,REVIEW
Wilmslow,Cheshire - East,1,Altrincham,Greater Manchester - South,4,6.3,HAVERSINE_STRAIGHT_LINE,15.0,PRESERVE_TRUE_JOB_LOCATION,REVIEW
Wilmslow,Cheshire - East,1,Macclesfield,Cheshire - East,3,6.4,HAVERSINE_STRAIGHT_LINE,15.0,PRESERVE_TRUE_JOB_LOCATION,REVIEW
Wilmslow,Cheshire - East,1,Stockport,Greater Manchester - South,2,6.4,HAVERSINE_STRAIGHT_LINE,15.0,PRESERVE_TRUE_JOB_LOCATION,REVIEW
Wilmslow,Cheshire - East,1,Sale,Greater Manchester - South,2,7.7,HAVERSINE_STRAIGHT_LINE,15.0,PRESERVE_TRUE_JOB_LOCATION,REVIEW
Wilmslow,Cheshire - East,1,Stretford,Greater Manchester - Manchester & Salford,1,9.1,HAVERSINE_STRAIGHT_LINE,15.0,PRESERVE_TRUE_JOB_LOCATION,REVIEW
Wilmslow,Cheshire - East,1,Manchester,Greater Manchester - Manchester & Salford,55,10.6,HAVERSINE_STRAIGHT_LINE,15.0,PRESERVE_TRUE_JOB_LOCATION,REVIEW
Wilmslow,Cheshire - East,1,Salford,Greater Manchester - Manchester & Salford,5,11.3,HAVERSINE_STRAIGHT_LINE,15.0,PRESERVE_TRUE_JOB_LOCATION,REVIEW
Wilmslow,Cheshire - East,1,Ashton-under-lyne,Greater Manchester - South,2,12.4,HAVERSINE_STRAIGHT_LINE,15.0,PRESERVE_TRUE_JOB_LOCATION,REVIEW
Wilmslow,Cheshire - East,1,Northwich,Cheshire - West,1,12.8,HAVERSINE_STRAIGHT_LINE,15.0,PRESERVE_TRUE_JOB_LOCATION,REVIEW
Winchester,Hampshire,3,Eastleigh,Hampshire,3,6.9,HAVERSINE_STRAIGHT_LINE,15.0,PRESERVE_TRUE_JOB_LOCATION,REVIEW
Winchester,Hampshire,3,Romsey,Hampshire,2,9.5,HAVERSINE_STRAIGHT_LINE,15.0,PRESERVE_TRUE_JOB_LOCATION,REVIEW
Winchester,Hampshire,3,Southampton,Hampshire,9,11.7,HAVERSINE_STRAIGHT_LINE,15.0,PRESERVE_TRUE_JOB_LOCATION,REVIEW
Windsor,Berkshire,1,Slough,Berkshire,2,1.8,HAVERSINE_STRAIGHT_LINE,15.0,PRESERVE_TRUE_JOB_LOCATION,REVIEW
Windsor,Berkshire,1,Staines,Surrey,2,5.4,HAVERSINE_STRAIGHT_LINE,15.0,PRESERVE_TRUE_JOB_LOCATION,REVIEW
Windsor,Berkshire,1,Maidenhead,Berkshire,1,5.8,HAVERSINE_STRAIGHT_LINE,15.0,PRESERVE_TRUE_JOB_LOCATION,REVIEW
Windsor,Berkshire,1,Uxbridge,London,3,6.8,HAVERSINE_STRAIGHT_LINE,15.0,PRESERVE_TRUE_JOB_LOCATION,REVIEW
Windsor,Berkshire,1,Chertsey,Surrey,1,7.7,HAVERSINE_STRAIGHT_LINE,15.0,PRESERVE_TRUE_JOB_LOCATION,REVIEW
Windsor,Berkshire,1,Bracknell,Berkshire,4,8.1,HAVERSINE_STRAIGHT_LINE,15.0,PRESERVE_TRUE_JOB_LOCATION,REVIEW
Windsor,Berkshire,1,Shepperton,Surrey,1,8.9,HAVERSINE_STRAIGHT_LINE,15.0,PRESERVE_TRUE_JOB_LOCATION,REVIEW
Windsor,Berkshire,1,Marlow,Buckinghamshire,1,9.6,HAVERSINE_STRAIGHT_LINE,15.0,PRESERVE_TRUE_JOB_LOCATION,REVIEW
Windsor,Berkshire,1,Southall,London,1,10.0,HAVERSINE_STRAIGHT_LINE,15.0,PRESERVE_TRUE_JOB_LOCATION,REVIEW
Windsor,Berkshire,1,Walton-on-thames,Surrey,1,10.5,HAVERSINE_STRAIGHT_LINE,15.0,PRESERVE_TRUE_JOB_LOCATION,REVIEW
Windsor,Berkshire,1,Isleworth,London,3,11.1,HAVERSINE_STRAIGHT_LINE,15.0,PRESERVE_TRUE_JOB_LOCATION,REVIEW
Windsor,Berkshire,1,Wokingham,Berkshire,1,11.3,HAVERSINE_STRAIGHT_LINE,15.0,PRESERVE_TRUE_JOB_LOCATION,REVIEW
Windsor,Berkshire,1,High Wycombe,Buckinghamshire,6,11.9,HAVERSINE_STRAIGHT_LINE,15.0,PRESERVE_TRUE_JOB_LOCATION,REVIEW
Windsor,Berkshire,1,Brentford,London,2,12.6,HAVERSINE_STRAIGHT_LINE,15.0,PRESERVE_TRUE_JOB_LOCATION,REVIEW
Windsor,Berkshire,1,Amersham,Buckinghamshire,1,12.7,HAVERSINE_STRAIGHT_LINE,15.0,PRESERVE_TRUE_JOB_LOCATION,REVIEW
Windsor,Berkshire,1,Harrow,London,3,13.3,HAVERSINE_STRAIGHT_LINE,15.0,PRESERVE_TRUE_JOB_LOCATION,REVIEW
Windsor,Berkshire,1,Henley-on-thames,Oxfordshire,1,13.4,HAVERSINE_STRAIGHT_LINE,15.0,PRESERVE_TRUE_JOB_LOCATION,REVIEW
Windsor,Berkshire,1,Kingston Upon Thames,London,1,13.9,HAVERSINE_STRAIGHT_LINE,15.0,PRESERVE_TRUE_JOB_LOCATION,REVIEW
Windsor,Berkshire,1,Middlesex,London,6,14.6,HAVERSINE_STRAIGHT_LINE,15.0,PRESERVE_TRUE_JOB_LOCATION,REVIEW
Windsor,Berkshire,1,Watford,Hertfordshire,2,14.8,HAVERSINE_STRAIGHT_LINE,15.0,PRESERVE_TRUE_JOB_LOCATION,REVIEW
Windsor,Berkshire,1,Chesham,Buckinghamshire,1,15.0,HAVERSINE_STRAIGHT_LINE,15.0,PRESERVE_TRUE_JOB_LOCATION,REVIEW
Winsford,Cheshire - West,1,Northwich,Cheshire - West,1,4.7,HAVERSINE_STRAIGHT_LINE,15.0,PRESERVE_TRUE_JOB_LOCATION,REVIEW
Winsford,Cheshire - West,1,Crewe,Cheshire - East,3,7.3,HAVERSINE_STRAIGHT_LINE,15.0,PRESERVE_TRUE_JOB_LOCATION,REVIEW
Winsford,Cheshire - West,1,Nantwich,Cheshire - East,1,8.5,HAVERSINE_STRAIGHT_LINE,15.0,PRESERVE_TRUE_JOB_LOCATION,REVIEW
Winsford,Cheshire - West,1,Knutsford,Cheshire - East,2,9.9,HAVERSINE_STRAIGHT_LINE,15.0,PRESERVE_TRUE_JOB_LOCATION,REVIEW
Winsford,Cheshire - West,1,Runcorn,Cheshire - Warrington & Halton,1,13.5,HAVERSINE_STRAIGHT_LINE,15.0,PRESERVE_TRUE_JOB_LOCATION,REVIEW
Winsford,Cheshire - West,1,Warrington,Cheshire - Warrington & Halton,3,14.1,HAVERSINE_STRAIGHT_LINE,15.0,PRESERVE_TRUE_JOB_LOCATION,REVIEW
Wokingham,Berkshire,1,Bracknell,Berkshire,4,3.7,HAVERSINE_STRAIGHT_LINE,15.0,PRESERVE_TRUE_JOB_LOCATION,REVIEW
Wokingham,Berkshire,1,Reading,Berkshire,7,6.6,HAVERSINE_STRAIGHT_LINE,15.0,PRESERVE_TRUE_JOB_LOCATION,REVIEW
Wokingham,Berkshire,1,Henley-on-thames,Oxfordshire,1,8.9,HAVERSINE_STRAIGHT_LINE,15.0,PRESERVE_TRUE_JOB_LOCATION,REVIEW
Wokingham,Berkshire,1,Maidenhead,Berkshire,1,9.2,HAVERSINE_STRAIGHT_LINE,15.0,PRESERVE_TRUE_JOB_LOCATION,REVIEW
Wokingham,Berkshire,1,Marlow,Buckinghamshire,1,11.2,HAVERSINE_STRAIGHT_LINE,15.0,PRESERVE_TRUE_JOB_LOCATION,REVIEW
Wokingham,Berkshire,1,Windsor,Berkshire,1,11.3,HAVERSINE_STRAIGHT_LINE,15.0,PRESERVE_TRUE_JOB_LOCATION,REVIEW
Wokingham,Berkshire,1,Aldershot,Hampshire,1,11.7,HAVERSINE_STRAIGHT_LINE,15.0,PRESERVE_TRUE_JOB_LOCATION,REVIEW
Wokingham,Berkshire,1,Slough,Berkshire,2,12.4,HAVERSINE_STRAIGHT_LINE,15.0,PRESERVE_TRUE_JOB_LOCATION,REVIEW
Wokingham,Berkshire,1,Farnham,Surrey,1,13.7,HAVERSINE_STRAIGHT_LINE,15.0,PRESERVE_TRUE_JOB_LOCATION,REVIEW
Wokingham,Berkshire,1,Chertsey,Surrey,1,14.2,HAVERSINE_STRAIGHT_LINE,15.0,PRESERVE_TRUE_JOB_LOCATION,REVIEW
Wokingham,Berkshire,1,Staines,Surrey,2,14.3,HAVERSINE_STRAIGHT_LINE,15.0,PRESERVE_TRUE_JOB_LOCATION,REVIEW
Wokingham,Berkshire,1,Basingstoke,Hampshire,1,14.9,HAVERSINE_STRAIGHT_LINE,15.0,PRESERVE_TRUE_JOB_LOCATION,REVIEW
Wolverhampton,West Midlands - Black Country,3,Tipton,West Midlands - Black Country,2,4.5,HAVERSINE_STRAIGHT_LINE,15.0,PRESERVE_TRUE_JOB_LOCATION,REVIEW
Wolverhampton,West Midlands - Black Country,3,Walsall,West Midlands - Black Country,1,5.8,HAVERSINE_STRAIGHT_LINE,15.0,PRESERVE_TRUE_JOB_LOCATION,REVIEW
Wolverhampton,West Midlands - Black Country,3,Dudley,West Midlands - Black Country,1,6.1,HAVERSINE_STRAIGHT_LINE,15.0,PRESERVE_TRUE_JOB_LOCATION,REVIEW
Wolverhampton,West Midlands - Black Country,3,Cannock,Staffordshire,1,8.2,HAVERSINE_STRAIGHT_LINE,15.0,PRESERVE_TRUE_JOB_LOCATION,REVIEW
Wolverhampton,West Midlands - Black Country,3,Birmingham,West Midlands - Birmingham & Solihull,31,11.8,HAVERSINE_STRAIGHT_LINE,15.0,PRESERVE_TRUE_JOB_LOCATION,REVIEW
Wolverhampton,West Midlands - Black Country,3,Lichfield,Staffordshire,2,14.1,HAVERSINE_STRAIGHT_LINE,15.0,PRESERVE_TRUE_JOB_LOCATION,REVIEW
Woodbridge,Suffolk,1,Felixstowe,Suffolk,1,9.0,HAVERSINE_STRAIGHT_LINE,15.0,PRESERVE_TRUE_JOB_LOCATION,REVIEW
Worcester,Worcestershire,2,Droitwich,Worcestershire,1,6.1,HAVERSINE_STRAIGHT_LINE,15.0,PRESERVE_TRUE_JOB_LOCATION,REVIEW
Worthing,Sussex,1,Hove,Sussex,1,9.1,HAVERSINE_STRAIGHT_LINE,15.0,PRESERVE_TRUE_JOB_LOCATION,REVIEW
Worthing,Sussex,1,Brighton,Sussex,5,10.3,HAVERSINE_STRAIGHT_LINE,15.0,PRESERVE_TRUE_JOB_LOCATION,REVIEW
Worthing,Sussex,1,Bognor Regis,Sussex,1,13.5,HAVERSINE_STRAIGHT_LINE,15.0,PRESERVE_TRUE_JOB_LOCATION,REVIEW
Yeovil,Somerset,1,Sherborne,Dorset,1,5.0,HAVERSINE_STRAIGHT_LINE,15.0,PRESERVE_TRUE_JOB_LOCATION,REVIEW
