final_decision,title,employer,location,salary_text,salary_status,salary_evidence,posted_date,closing_date,employment_type,workplace_type,source_category,category,classification,classification_reason,duplicate_status,duplicate_candidate_title,duplicate_candidate_employer,duplicate_score,source_job_id,source_url,apply_url,manual_action,source
SELECTED,HR Administrator AD Education UK,AD Education,"London, England, GB","£29,866",USABLE_REVIEW,"Location: London/Liverpool 📄 Contract Type: Full-time- 37 hours per week 💰 Salary: Up to £29,866 📅 Closing Date: 17/07/2026 About Us SAE Institute was founded in 1976 and is a globally op","Mon, 10 Aug 2026 09:54:42 UTC",,Full-time,,Administrative,Admin/Service – Office Support,HIGH_CONFIDENCE,high-confidence title pattern: administrator,ADDITIONAL,,,0.554,workable-26C97327B5,https://apply.workable.com/j/26C97327B5,https://apply.workable.com/j/26C97327B5,,Workable XML job feed
SELECTED,Procurement Administrator,Bauer Media Outdoor,"London, England, GB","£30,000",USABLE_REVIEW,"culture that we're so proud of. We're a great place to do great work, for all. Salary of £30,000 depending on experience 8% Annual Core Bonus Flexible working and a hybrid setup that give","Fri, 31 Jul 2026 12:33:40 UTC",,,,Business Development,Admin/Service – Office Support,HIGH_CONFIDENCE,title register: Procurement administration is eligible unless substantial expertise or qualifications are mandatory,ADDITIONAL,,,0.597,workable-0A6A2812D3,https://apply.workable.com/j/0A6A2812D3,https://apply.workable.com/j/0A6A2812D3,,Workable XML job feed
SELECTED,Sales Administrator,Bionic Services Ltd,"London, England, GB","£26,000",USABLE_REVIEW,"Role: Sales Administrator Salary: £26,000 + Commission Location: London (Liverpool Street) At Bionic, we want to make it radically e","Fri, 07 Aug 2026 11:23:30 UTC",,Full-time,,Customer Service,Admin/Service – Office Support,HIGH_CONFIDENCE,title register: high-confidence title pattern: administrator,ADDITIONAL,,,0.687,workable-954C527C43,https://apply.workable.com/j/954C527C43,https://apply.workable.com/j/954C527C43,,Workable XML job feed
SELECTED,Care Coordinator,edyn.care,"London, England, GB","£32,000–£40,000",USABLE_REVIEW,fice) 🏖️ 25 days holiday + bank holidays 💰 Bonus based on personal and team performance (~£32k–£40k total) 💻 Apple laptop + £250 home setup budget 📚 Personal development budget 🍽️ Monthly t,"Thu, 02 Jul 2026 14:46:48 UTC",,Full-time,,Health Care Provider,Admin/Service – Office Support,HIGH_CONFIDENCE,title register: Care coordination is office-based scheduling and service support,ADDITIONAL,,,0.601,workable-0B3BDD7D6D,https://apply.workable.com/j/0B3BDD7D6D,https://apply.workable.com/j/0B3BDD7D6D,,Workable XML job feed
SELECTED,Finance Assistant,fin-house,"London, England, GB","£28,000–£36,000",USABLE_REVIEW,"ed in Waterloo (London) with a minimum of three days in the office a week Salary: Between £28,000 - £36,000 depending on experience Role summary Our fin-operators keep the finance engine running day","Wed, 19 Aug 2026 09:49:05 UTC",,Full-time,,,Finance / Accounts,HIGH_CONFIDENCE,existing Finance / Accounts title register exact match,ADDITIONAL,,,0.656,workable-F95114DBF2,https://apply.workable.com/j/F95114DBF2,https://apply.workable.com/j/F95114DBF2,,Workable XML job feed
SELECTED,Front of House Member Experience Host,Fora Space Limited,"London, England, GB","£28,860",USABLE_REVIEW,"Freshdesk for maintenance and cleaning issues, ensuring members are kept updated. Salary: £28,860 plus 10% bonus Requirements This role is for you if You enjoy engaging with new people fro","Mon, 17 Aug 2026 13:49:48 UTC",,Full-time,,,Admin/Service – Office Support,HIGH_CONFIDENCE,high-confidence title pattern: front of house,ADDITIONAL,,,0.466,workable-FD80AEBFFF,https://apply.workable.com/j/FD80AEBFFF,https://apply.workable.com/j/FD80AEBFFF,,Workable XML job feed
SELECTED,Customer Support Specialist,Fuse Energy,"London, England, GB","£30,000",USABLE_REVIEW,"gy or utilities sector, is a plus, but not necessary. Ability to work in-office. Benefits £30,000 salary and overnight pay Fully expensed tech to match your needs Paid annual leave Breakfa","Fri, 14 Aug 2026 18:40:03 UTC",,Full-time,,,Customer Service / Contact Centre,HIGH_CONFIDENCE,existing Customer Service / Contact Centre title register exact match,ADDITIONAL,,,0.456,workable-4A2407D390,https://apply.workable.com/j/4A2407D390,https://apply.workable.com/j/4A2407D390,,Workable XML job feed
SELECTED,Operations Coordinator,HTB Group,"London, England, GB","£28,000",USABLE_REVIEW,"ations for this role will close on Sunday 13th September. The salary for this position is £28,000. Some of the key responsibilities include: Coordinate and deliver the operational and log","Wed, 19 Aug 2026 15:52:00 UTC",,Full-time,,,Admin/Service – Office Support,HIGH_CONFIDENCE,title register: Coordinator wording alone is not exclusionary,ADDITIONAL,,,0.584,workable-0281432332,https://apply.workable.com/j/0281432332,https://apply.workable.com/j/0281432332,,Workable XML job feed
POSS,"Fleet Coordinator, THE OUT",InMotion Ventures,"London, England, GB","£30,000–£30,500",USABLE_REVIEW,"perience is strongly desirable Benefits What we offer; Weekend Availability Annual salary £30,000 - £30,500 Annual performance bonus scheme 25 days holiday plus bank holidays (adjusted based on shif","Tue, 28 Jul 2026 13:08:28 UTC",,Full-time,,Business Development,Admin/Service – Office Support,ELASTIC_FIT,elastic-fit title pattern: coordinator,ADDITIONAL,,,0.509,workable-E366E971C3,https://apply.workable.com/j/E366E971C3,https://apply.workable.com/j/E366E971C3,,Workable XML job feed
POSS,Events and Engagement Coordinator,Mission 44,"London, England, GB","£33,300",USABLE_REVIEW,"Salary: £33,300 Contract type: Permanent Hours: Full-time, 37.5 hours per week, with the opportunity for f","Tue, 28 Jul 2026 15:41:18 UTC",,Full-time,,,Admin/Service – Office Support,ELASTIC_FIT,elastic-fit title pattern: coordinator,ADDITIONAL,,,0.511,workable-7E42D1E97C,https://apply.workable.com/j/7E42D1E97C,https://apply.workable.com/j/7E42D1E97C,,Workable XML job feed
POSS,Product and Content Marketing Co-ordinator,Suade,"London, England, GB","£38,000–£50,000",USABLE_REVIEW,"p and there will be opportunities for progression for high-achieving candidates. Salary : £38,000 to £50,000, based on experience Please note: We are unable to offer visa sponsorship for this role.","Thu, 13 Aug 2026 15:36:47 UTC",,Full-time,,Marketing,Admin/Service – Office Support,ELASTIC_FIT,elastic-fit title pattern: co-ordinator,ADDITIONAL,,,0.493,workable-6F97432C85,https://apply.workable.com/j/6F97432C85,https://apply.workable.com/j/6F97432C85,,Workable XML job feed
HARD_PASS,"Freelance Senior Account Manager, Social Media",1000heads,"London, England, GB",,MISSING,,"Tue, 11 Aug 2026 13:31:16 UTC",,Full-time,,Advertising,Admin/Service – Office Support,HARD_PASS,"hard pass title pattern: account manager, senior, manager",ADDITIONAL,,,0.383,workable-9EBCCF2274,https://apply.workable.com/j/9EBCCF2274,https://apply.workable.com/j/9EBCCF2274,,Workable XML job feed
HARD_PASS,Network Solutions Architect Lawful Intercept & Compliance (Lisbon/Dublin based),1GLOBAL,"London, England, GB",,MISSING,,"Fri, 19 Jun 2026 10:59:47 UTC",,Full-time,,,Admin/Service – Office Support,HARD_PASS,hard pass title pattern: compliance,ADDITIONAL,,,0.344,workable-AB2B2EE110,https://apply.workable.com/j/AB2B2EE110,https://apply.workable.com/j/AB2B2EE110,,Workable XML job feed
HARD_PASS,"Consultant, Power Markets (Europe)",3Degrees,"London, England, GB",,MISSING,,"Tue, 07 Jul 2026 21:25:45 UTC",,Full-time,,,Admin/Service – Office Support,OUT_OF_SCOPE,no admin/service title classification match,ADDITIONAL,,,0.427,workable-6F80D4B30A,https://apply.workable.com/j/6F80D4B30A,https://apply.workable.com/j/6F80D4B30A,,Workable XML job feed
HARD_PASS,Code Institute Graduate Talent Pool | Accelerator Programme,_nology,"London, England, GB",,MISSING,,"Fri, 07 Aug 2026 14:19:50 UTC",,Full-time,,Information Technology,Admin/Service – Office Support,OUT_OF_SCOPE,no admin/service title classification match,ADDITIONAL,,,0.349,workable-0EDB80B905,https://apply.workable.com/j/0EDB80B905,https://apply.workable.com/j/0EDB80B905,,Workable XML job feed
HARD_PASS,Account Manager,ABM UK,"London, England, GB",,MISSING,,"Tue, 16 Jun 2026 15:12:00 UTC",,Full-time,,,Admin/Service – Office Support,HARD_PASS,"hard pass title pattern: account manager, manager",ADDITIONAL,,,0.449,workable-BC6101898F,https://apply.workable.com/j/BC6101898F,https://apply.workable.com/j/BC6101898F,,Workable XML job feed
HARD_PASS,Cleaning Operative,ABM UK,"London, England, GB",,MISSING,,"Wed, 06 May 2026 14:58:37 UTC",,Full-time,,,Admin/Service – Office Support,HARD_PASS,"hard pass title pattern: operative, cleaning",ADDITIONAL,,,0.399,workable-A80B9BD3ED,https://apply.workable.com/j/A80B9BD3ED,https://apply.workable.com/j/A80B9BD3ED,,Workable XML job feed
HARD_PASS,Cleaning Operative,ABM UK,"London, England, GB",,MISSING,,"Thu, 09 Jul 2026 10:16:35 UTC",,Part-time,,Other,Admin/Service – Office Support,HARD_PASS,"hard pass title pattern: operative, cleaning",ADDITIONAL,,,0.399,workable-7DB1EC44AC,https://apply.workable.com/j/7DB1EC44AC,https://apply.workable.com/j/7DB1EC44AC,,Workable XML job feed
HARD_PASS,Cleaning Operative,ABM UK,"London, England, GB",,MISSING,,"Tue, 04 Aug 2026 10:07:53 UTC",,Full-time,,,Admin/Service – Office Support,HARD_PASS,"hard pass title pattern: operative, cleaning",ADDITIONAL,,,0.399,workable-066A0BFE6F,https://apply.workable.com/j/066A0BFE6F,https://apply.workable.com/j/066A0BFE6F,,Workable XML job feed
HARD_PASS,Cleaning Supervisor,ABM UK,"London, England, GB",,MISSING,,"Thu, 23 Jul 2026 08:27:45 UTC",,Full-time,,,Admin/Service – Office Support,HARD_PASS,hard pass title pattern: cleaning,ADDITIONAL,,,0.450,workable-E5966870D5,https://apply.workable.com/j/E5966870D5,https://apply.workable.com/j/E5966870D5,,Workable XML job feed
HARD_PASS,Cleaning Team Leader,ABM UK,"London, England, GB",,MISSING,,"Thu, 20 Aug 2026 06:03:44 UTC",,Full-time,,,Admin/Service – Office Support,HARD_PASS,hard pass title pattern: cleaning,ADDITIONAL,,,0.392,workable-3AF10C8E0F,https://apply.workable.com/j/3AF10C8E0F,https://apply.workable.com/j/3AF10C8E0F,,Workable XML job feed
HARD_PASS,Employee Relations Advisor,ABM UK,"London, Hounslow, GB",,MISSING,,"Wed, 12 Aug 2026 07:02:07 UTC",,Full-time,,Human Resources,Admin/Service – Office Support,OUT_OF_SCOPE,no admin/service title classification match,ADDITIONAL,,,0.398,workable-30DF79474D,https://apply.workable.com/j/30DF79474D,https://apply.workable.com/j/30DF79474D,,Workable XML job feed
HARD_PASS,General Manager,ABM UK,"London, England, GB",,MISSING,,"Fri, 03 Jul 2026 12:50:47 UTC",,Full-time,,,Admin/Service – Office Support,HARD_PASS,"hard pass title pattern: general manager, manager",ADDITIONAL,,,0.392,workable-3BB2C57DA5,https://apply.workable.com/j/3BB2C57DA5,https://apply.workable.com/j/3BB2C57DA5,,Workable XML job feed
HARD_PASS,Innovation Lead,ABM UK,"London, England, GB","£45,000",USABLE_REVIEW,"Canary Wharf, London, E14 SHIFT PATTERN: Mon - Fri 0800 - 1700 Work type: On-site SALARY: £45,000 per annum If you require any additional support or adjustments during the recruitment proc","Fri, 07 Aug 2026 11:14:53 UTC",,Full-time,,,Admin/Service – Office Support,OUT_OF_SCOPE,no admin/service title classification match,ADDITIONAL,,,0.367,workable-B88DA887B1,https://apply.workable.com/j/B88DA887B1,https://apply.workable.com/j/B88DA887B1,,Workable XML job feed
HARD_PASS,Mobile A/C Engineer,ABM UK,"London, England, GB",,MISSING,,"Thu, 11 Jun 2026 06:59:10 UTC",,Full-time,,,Admin/Service – Office Support,HARD_PASS,hard pass title pattern: engineer,ADDITIONAL,,,0.417,workable-FE02967997,https://apply.workable.com/j/FE02967997,https://apply.workable.com/j/FE02967997,,Workable XML job feed
HARD_PASS,Mobile Engineer,ABM UK,"Heathrow, London, GB",,MISSING,,"Thu, 11 Jun 2026 06:59:47 UTC",,Full-time,,,Admin/Service – Office Support,HARD_PASS,hard pass title pattern: engineer,ADDITIONAL,,,0.410,workable-8BF7D2E010,https://apply.workable.com/j/8BF7D2E010,https://apply.workable.com/j/8BF7D2E010,,Workable XML job feed
HARD_PASS,Night Cleaning Operative,ABM UK,"London, England, GB",,MISSING,,"Tue, 23 Jun 2026 14:53:36 UTC",,Full-time,,,Admin/Service – Office Support,HARD_PASS,"hard pass title pattern: operative, cleaning",ADDITIONAL,,,0.398,workable-74CB79E91C,https://apply.workable.com/j/74CB79E91C,https://apply.workable.com/j/74CB79E91C,,Workable XML job feed
HARD_PASS,Operations Manager,ABM UK,"London, England, GB",,MISSING,,"Mon, 10 Aug 2026 12:35:34 UTC",,Full-time,,,Admin/Service – Office Support,HARD_PASS,"hard pass title pattern: operations manager, manager",ADDITIONAL,,,0.426,workable-A44F14096A,https://apply.workable.com/j/A44F14096A,https://apply.workable.com/j/A44F14096A,,Workable XML job feed
HARD_PASS,Regional Engineering Supervisor,ABM UK,"London, England, GB",,MISSING,,"Wed, 12 Aug 2026 07:54:11 UTC",,Full-time,,,Admin/Service – Office Support,HARD_PASS,hard pass title pattern: engineer,ADDITIONAL,,,0.392,workable-DF2F5D2C7E,https://apply.workable.com/j/DF2F5D2C7E,https://apply.workable.com/j/DF2F5D2C7E,,Workable XML job feed
HARD_PASS,Safety Manager,ABM UK,"London, England, GB","£52,000",USABLE_REVIEW,"LOCATION: London CONTRACT: Permanent SALARY: £52,000 per year + 5% Uplift On Salary Upon Successful Completion of Probation| Benefits Package I","Tue, 30 Jun 2026 09:12:53 UTC",,Full-time,,,Admin/Service – Office Support,HARD_PASS,hard pass title pattern: manager,ADDITIONAL,,,0.427,workable-AEC207A8CA,https://apply.workable.com/j/AEC207A8CA,https://apply.workable.com/j/AEC207A8CA,,Workable XML job feed
HARD_PASS,Window Cleaner,ABM UK,"London, England, GB",,MISSING,,"Thu, 13 Aug 2026 16:05:20 UTC",,Full-time,,,Admin/Service – Office Support,HARD_PASS,hard pass title pattern: cleaner,ADDITIONAL,,,0.427,workable-81E8406371,https://apply.workable.com/j/81E8406371,https://apply.workable.com/j/81E8406371,,Workable XML job feed
HARD_PASS,Customer Experience Specialist,Abtrace,"London, England, GB",,MISSING,,"Fri, 12 Jun 2026 09:28:18 UTC",,Full-time,,,Admin/Service – Office Support,OUT_OF_SCOPE,no admin/service title classification match,ADDITIONAL,,,0.469,workable-3F7D30B083,https://apply.workable.com/j/3F7D30B083,https://apply.workable.com/j/3F7D30B083,,Workable XML job feed
HARD_PASS,Senior Software Engineer,Abtrace,"London, England, GB",,MISSING,,"Fri, 23 Jan 2026 12:33:35 UTC",,Full-time,,,Admin/Service – Office Support,HARD_PASS,"hard pass title pattern: engineer, senior",ADDITIONAL,,,0.450,workable-CE37C2DC94,https://apply.workable.com/j/CE37C2DC94,https://apply.workable.com/j/CE37C2DC94,,Workable XML job feed
HARD_PASS,Information Security & SOC Consultant,Academia Group,"London, England, GB",,MISSING,,"Fri, 17 Jul 2026 12:41:15 UTC",,Full-time,,Information Technology,Admin/Service – Office Support,OUT_OF_SCOPE,no admin/service title classification match,ADDITIONAL,,,0.446,workable-E054C1EFEE,https://apply.workable.com/j/E054C1EFEE,https://apply.workable.com/j/E054C1EFEE,,Workable XML job feed
HARD_PASS,Global Account Manager,AccessFintech,"London, England, GB",,MISSING,,"Mon, 20 Apr 2026 09:48:38 UTC",,Full-time,,Sales,Admin/Service – Office Support,HARD_PASS,"hard pass title pattern: account manager, manager",ADDITIONAL,,,0.397,workable-AE891835A8,https://apply.workable.com/j/AE891835A8,https://apply.workable.com/j/AE891835A8,,Workable XML job feed
HARD_PASS,Project Manager,AccessFintech,"London, England, GB",,MISSING,,"Mon, 20 Apr 2026 09:57:43 UTC",,Full-time,,Project Management,Admin/Service – Office Support,HARD_PASS,hard pass title pattern: manager,ADDITIONAL,,,0.428,workable-694355663C,https://apply.workable.com/j/694355663C,https://apply.workable.com/j/694355663C,,Workable XML job feed
HARD_PASS,Security Operations & GRC Manager,AccessFintech,"London, England, GB",,MISSING,,"Tue, 04 Aug 2026 13:04:32 UTC",,Full-time,,Information Technology,Admin/Service – Office Support,HARD_PASS,hard pass title pattern: manager,ADDITIONAL,,,0.419,workable-3648914802,https://apply.workable.com/j/3648914802,https://apply.workable.com/j/3648914802,,Workable XML job feed
HARD_PASS,Freelance Creative Translators & Transcreators EU | Indonesian into English (US,Acclaro,"London, England, GB",,MISSING,,"Fri, 08 May 2026 12:35:18 UTC",,,Remote,,Admin/Service – Office Support,OUT_OF_SCOPE,no admin/service title classification match,ADDITIONAL,,,0.453,workable-8EF37833B8,https://apply.workable.com/j/8EF37833B8,https://apply.workable.com/j/8EF37833B8,,Workable XML job feed
HARD_PASS,Freelance Creative Translators & Transcreators EU | Vietnamese into English (US,Acclaro,"London, England, GB",,MISSING,,"Fri, 08 May 2026 12:42:45 UTC",,,Remote,,Admin/Service – Office Support,OUT_OF_SCOPE,no admin/service title classification match,ADDITIONAL,,,0.453,workable-E6F4CBE386,https://apply.workable.com/j/E6F4CBE386,https://apply.workable.com/j/E6F4CBE386,,Workable XML job feed
HARD_PASS,"Language Lead - English to Simplified Chinese (non-China based, remote)",Acclaro,"London, England, GB",,MISSING,,"Fri, 07 Aug 2026 09:10:11 UTC",,,Remote,,Admin/Service – Office Support,OUT_OF_SCOPE,no admin/service title classification match,ADDITIONAL,,,0.473,workable-AF95999ABA,https://apply.workable.com/j/AF95999ABA,https://apply.workable.com/j/AF95999ABA,,Workable XML job feed
HARD_PASS,Account Executive,Actionstep,"London, England, GB",,MISSING,,"Tue, 18 Mar 2025 23:46:32 UTC",,Full-time,Remote,Sales,Admin/Service – Office Support,OUT_OF_SCOPE,no admin/service title classification match,ADDITIONAL,,,0.423,workable-70F75EA6A8,https://apply.workable.com/j/70F75EA6A8,https://apply.workable.com/j/70F75EA6A8,,Workable XML job feed
HARD_PASS,ADE UK International Recruitment & Partnerships Officer,AD Education,"London, England, GB","£36,692",USABLE_REVIEW,"h some international travel 📄 Contract Type: Full-time- 37 hours per week 💰 Salary: Up to £36,692 per annum based on experience 📅 Closing Date: 9th August 2026 💼 About The Role The Interna","Mon, 20 Jul 2026 16:32:11 UTC",,Full-time,,Management,Admin/Service – Office Support,OUT_OF_SCOPE,no admin/service title classification match,ADDITIONAL,,,0.587,workable-B0A9025E18,https://apply.workable.com/j/B0A9025E18,https://apply.workable.com/j/B0A9025E18,,Workable XML job feed
HARD_PASS,ADE UK Schools and Events Manager,AD Education,"London, England, GB","£36,692",USABLE_REVIEW,"Leeds I Liverpool I London 📄 Contract Type: Full-time- 37 hours per week 💰 Salary: Up to £36,692 per annum based on experience 📅 Closing Date: 19th August 2026 (interviews will be commenc","Mon, 27 Jul 2026 16:20:19 UTC",,Full-time,,Management,Admin/Service – Office Support,HARD_PASS,"hard pass title pattern: school, manager",ADDITIONAL,,,0.487,workable-80CDF48CDD,https://apply.workable.com/j/80CDF48CDD,https://apply.workable.com/j/80CDF48CDD,,Workable XML job feed
HARD_PASS,Campus Finance Support Officer,AD Education,"London, England, GB","£30,756",USABLE_REVIEW,"📄 Contract Type: Permanent 💼 Hours: Full-time- 37 hours per week 💰 Salary: Grade 7, Up to £30,756 depending on experience 📅 Closing Date: 7 September 2026 About Us SAE UK, with campuses in","Mon, 17 Aug 2026 12:42:49 UTC",,Full-time,,Finance,Admin/Service – Office Support,OUT_OF_SCOPE,no admin/service title classification match,ADDITIONAL,,,0.599,workable-6615F2FC8E,https://apply.workable.com/j/6615F2FC8E,https://apply.workable.com/j/6615F2FC8E,,Workable XML job feed
HARD_PASS,Events Executive - AD Education,AD Education,"London, England, GB","£29,866",USABLE_REVIEW,"vents REPORTS TO: Campus Manager CONTRACT TYPE: Permanent GRADE & SALARY: Grade 6 • Up to £29,866 (based on skills, experience, and qualifications) CLOSING DATE: Extended until Monday 24th","Thu, 02 Jul 2026 16:13:47 UTC",,Full-time,,Marketing,Admin/Service – Office Support,OUT_OF_SCOPE,no admin/service title classification match,ADDITIONAL,,,0.486,workable-A519C4E8C4,https://apply.workable.com/j/A519C4E8C4,https://apply.workable.com/j/A519C4E8C4,,Workable XML job feed
HARD_PASS,Facilities Assistant - ZHC Talent Pool,AD Education,"London, England, GB",,MISSING,,"Fri, 01 Oct 2021 11:02:53 UTC",,Other,,,Admin/Service – Office Support,OUT_OF_SCOPE,no admin/service title classification match,ADDITIONAL,,,0.542,workable-6977F61B18,https://apply.workable.com/j/6977F61B18,https://apply.workable.com/j/6977F61B18,,Workable XML job feed
HARD_PASS,Facilities Team Supervisor,AD Education,"London, England, GB","£30,451",USABLE_REVIEW,"ties Team Supervisor 📍 Location: London 📄 Contract Type: Full-time (1FTE) 💰 Salary: Up to £30,451 pro rata (depending on experience) 📅 Closing Date: Sunday, 24th May 2026 About Us SAE Inst","Wed, 06 May 2026 10:08:05 UTC",,Full-time,,,Admin/Service – Office Support,OUT_OF_SCOPE,no admin/service title classification match,ADDITIONAL,,,0.522,workable-649E04AB0C,https://apply.workable.com/j/649E04AB0C,https://apply.workable.com/j/649E04AB0C,,Workable XML job feed
HARD_PASS,Hourly Paid Campus Support Technician - London,AD Education,"London, England, GB",,MISSING,,"Thu, 27 Nov 2025 15:38:15 UTC",,Other,,,Admin/Service – Office Support,HARD_PASS,hard pass title pattern: technician,ADDITIONAL,,,0.513,workable-C1B0E90D52,https://apply.workable.com/j/C1B0E90D52,https://apply.workable.com/j/C1B0E90D52,,Workable XML job feed
HARD_PASS,Hourly Paid Lecturer - Content Creation & Digital Marketing - SAE/ADE UK,AD Education,"London, England, GB",,MISSING,,"Tue, 18 Aug 2026 09:46:19 UTC",,Other,,,Admin/Service – Office Support,OUT_OF_SCOPE,no admin/service title classification match,ADDITIONAL,,,0.490,workable-7E1B72C571,https://apply.workable.com/j/7E1B72C571,https://apply.workable.com/j/7E1B72C571,,Workable XML job feed
HARD_PASS,Hourly Paid Lecturer - Game Art & Animation Lecturer - London,AD Education,"London, England, GB",,MISSING,,"Fri, 18 Jul 2025 10:30:16 UTC",,Other,,,Admin/Service – Office Support,OUT_OF_SCOPE,no admin/service title classification match,ADDITIONAL,,,0.480,workable-B8127C8461,https://apply.workable.com/j/B8127C8461,https://apply.workable.com/j/B8127C8461,,Workable XML job feed
HARD_PASS,Hourly Paid Lecturer - School of Audio & Music Production,AD Education,"London, England, GB",,MISSING,,"Tue, 04 Aug 2026 10:34:26 UTC",,Other,,Education,Admin/Service – Office Support,HARD_PASS,"hard pass title pattern: school, production",ADDITIONAL,,,0.474,workable-59D6F43762,https://apply.workable.com/j/59D6F43762,https://apply.workable.com/j/59D6F43762,,Workable XML job feed
HARD_PASS,"Hourly Paid Lecturer, Film - AD Education - London",AD Education,"London, England, GB",,MISSING,,"Fri, 18 Jul 2025 09:33:14 UTC",,Other,,Education,Admin/Service – Office Support,OUT_OF_SCOPE,no admin/service title classification match,ADDITIONAL,,,0.476,workable-16FCDCA1DB,https://apply.workable.com/j/16FCDCA1DB,https://apply.workable.com/j/16FCDCA1DB,,Workable XML job feed
HARD_PASS,"Hourly Paid Lecturer, VFX - AD Education - London",AD Education,"London, England, GB",,MISSING,,"Fri, 18 Jul 2025 10:13:12 UTC",,Other,,,Admin/Service – Office Support,OUT_OF_SCOPE,no admin/service title classification match,ADDITIONAL,,,0.468,workable-89CF0E8394,https://apply.workable.com/j/89CF0E8394,https://apply.workable.com/j/89CF0E8394,,Workable XML job feed
HARD_PASS,"Hourly Paid Lecturer, Web - AD Education - London",AD Education,"London, England, GB",,MISSING,,"Fri, 18 Jul 2025 10:02:06 UTC",,Other,,,Admin/Service – Office Support,OUT_OF_SCOPE,no admin/service title classification match,ADDITIONAL,,,0.468,workable-02AA4E7799,https://apply.workable.com/j/02AA4E7799,https://apply.workable.com/j/02AA4E7799,,Workable XML job feed
HARD_PASS,Hourly Paid Lecturers In Music Business - AD Education - London,AD Education,"London, England, GB",,MISSING,,"Fri, 18 Jul 2025 10:18:20 UTC",,Other,,,Admin/Service – Office Support,OUT_OF_SCOPE,no admin/service title classification match,ADDITIONAL,,,0.474,workable-79D275A93A,https://apply.workable.com/j/79D275A93A,https://apply.workable.com/j/79D275A93A,,Workable XML job feed
HARD_PASS,HR Advisor AD Education UK (FTC),AD Education,"London, England, GB","£35,630",USABLE_REVIEW,"Location: London/Liverpool 📄 Contract Type: Full-time- 37 hours per week 💰 Salary: Up to £35,630 📅 Closing Date: 24/07/2026 About Us SAE Institute was founded in 1976 and is a globally op","Mon, 13 Jul 2026 08:28:06 UTC",,Full-time,,Administrative,Admin/Service – Office Support,OUT_OF_SCOPE,no admin/service title classification match,ADDITIONAL,,,0.476,workable-9932814AF1,https://apply.workable.com/j/9932814AF1,https://apply.workable.com/j/9932814AF1,,Workable XML job feed
HARD_PASS,Programme Leader - BA (Hons) DJ and Electronic Music Production,AD Education,"London, England, GB","£41,541",USABLE_REVIEW,"on/Liverpool/Leeds) 📄 Contract Type: Full-time - 1 FTE, 37 hours per week 💰 Salary: Up to £41,541 (Outer London), £43,781 (Inner London) salary depending on experience 📅 Closing Date: Mond","Thu, 06 Aug 2026 11:23:14 UTC",,Full-time,,,Admin/Service – Office Support,HARD_PASS,hard pass title pattern: production,ADDITIONAL,,,0.465,workable-37FB955AEE,https://apply.workable.com/j/37FB955AEE,https://apply.workable.com/j/37FB955AEE,,Workable XML job feed
HARD_PASS,Programme Leader - BA Music Psychology in Practice,AD Education,"London, England, GB",,MISSING,,"Thu, 06 Aug 2026 20:40:46 UTC",,Full-time,,,Admin/Service – Office Support,OUT_OF_SCOPE,no admin/service title classification match,ADDITIONAL,,,0.461,workable-F33F83DE84,https://apply.workable.com/j/F33F83DE84,https://apply.workable.com/j/F33F83DE84,,Workable XML job feed
HARD_PASS,Programme Leader - BA Songwriting and Production,AD Education,"London, England, GB",,MISSING,,"Fri, 07 Aug 2026 07:43:23 UTC",,Full-time,,,Admin/Service – Office Support,HARD_PASS,hard pass title pattern: production,ADDITIONAL,,,0.475,workable-C2B2AF62AD,https://apply.workable.com/j/C2B2AF62AD,https://apply.workable.com/j/C2B2AF62AD,,Workable XML job feed
HARD_PASS,Programme Leader: MA Music Business & MA Event Management & Experience Design,AD Education,"London, England, GB",,MISSING,,"Wed, 05 Aug 2026 17:11:56 UTC",,Full-time,,,Admin/Service – Office Support,OUT_OF_SCOPE,no admin/service title classification match,ADDITIONAL,,,0.458,workable-8DC8CB98F8,https://apply.workable.com/j/8DC8CB98F8,https://apply.workable.com/j/8DC8CB98F8,,Workable XML job feed
HARD_PASS,SAE - Hourly Paid Lecturers,AD Education,"London, England, GB",,MISSING,,"Thu, 05 Sep 2024 12:47:37 UTC",,Other,,,Admin/Service – Office Support,OUT_OF_SCOPE,no admin/service title classification match,ADDITIONAL,,,0.512,workable-C5D9CE15BF,https://apply.workable.com/j/C5D9CE15BF,https://apply.workable.com/j/C5D9CE15BF,,Workable XML job feed
HARD_PASS,Field Asset Registration Technician,Adepto Technical Recruitment,"London, England, GB",,MISSING,,"Mon, 01 Jun 2026 12:01:34 UTC",,Contract,Remote,,Admin/Service – Office Support,HARD_PASS,hard pass title pattern: technician,ADDITIONAL,,,0.607,workable-00ED49292D,https://apply.workable.com/j/00ED49292D,https://apply.workable.com/j/00ED49292D,,Workable XML job feed
HARD_PASS,Account Manager German Speaking (f/m/d),Adverity,"London, England, GB",,MISSING,,"Tue, 18 Aug 2026 18:10:20 UTC",,Full-time,,Sales,Admin/Service – Office Support,HARD_PASS,"hard pass title pattern: account manager, manager",ADDITIONAL,,,0.392,workable-1F19EC0B52,https://apply.workable.com/j/1F19EC0B52,https://apply.workable.com/j/1F19EC0B52,,Workable XML job feed
HARD_PASS,Senior Professional Services Consultant,Adverity,"London, England, GB","£65,000–£75,000",USABLE_REVIEW,"nce Cycle to Work scheme Are you ready to apply? The salary for this position ranges from £65,000 to £75,000 per year, based on experience and qualifications. Apply now if you are ready to revolution","Fri, 03 Jul 2026 09:53:00 UTC",,Full-time,,Consulting,Admin/Service – Office Support,HARD_PASS,hard pass title pattern: senior,ADDITIONAL,,,0.420,workable-A6F35388C2,https://apply.workable.com/j/A6F35388C2,https://apply.workable.com/j/A6F35388C2,,Workable XML job feed
HARD_PASS,Talent Acquisition Business Partner,Adverity,"London, England, GB","£55,000–£65,000",USABLE_REVIEW,"lence. This is a hybrid role Hybrid role - 3 Days onsite in London office. Salary Range - £55,000 - £65,000 +Bonus. Some of the things you will work on:- Act as a strategic partner to leaders across","Tue, 04 Aug 2026 15:37:47 UTC",,Full-time,,Human Resources,Admin/Service – Office Support,OUT_OF_SCOPE,no admin/service title classification match,ADDITIONAL,,,0.498,workable-80D3E01484,https://apply.workable.com/j/80D3E01484,https://apply.workable.com/j/80D3E01484,,Workable XML job feed
HARD_PASS,Customer Success - Lead (Native French speaker),Adzuna,"London, England, GB",,MISSING,,"Thu, 06 Aug 2026 08:45:28 UTC",,Full-time,,Sales,Admin/Service – Office Support,OUT_OF_SCOPE,no admin/service title classification match,ADDITIONAL,,,0.392,workable-9B90568878,https://apply.workable.com/j/9B90568878,https://apply.workable.com/j/9B90568878,,Workable XML job feed
HARD_PASS,"Head of Sales, Europe",Adzuna,"London, England, GB",,MISSING,,"Thu, 13 Aug 2026 09:21:46 UTC",,Full-time,,Sales,Admin/Service – Office Support,OUT_OF_SCOPE,no admin/service title classification match,ADDITIONAL,,,0.387,workable-EADE6FD47D,https://apply.workable.com/j/EADE6FD47D,https://apply.workable.com/j/EADE6FD47D,,Workable XML job feed
HARD_PASS,"Head of Sales, Europe",Adzuna,"Fulham, London, GB",,MISSING,,"Thu, 13 Aug 2026 09:21:47 UTC",,Full-time,,Sales,Admin/Service – Office Support,OUT_OF_SCOPE,no admin/service title classification match,ADDITIONAL,,,0.389,workable-EADE6FD47D,https://apply.workable.com/j/EADE6FD47D,https://apply.workable.com/j/EADE6FD47D,,Workable XML job feed
HARD_PASS,National Account Manager - MOMA (OOH),AG Barr,"London, England, GB",,MISSING,,"Tue, 14 Jul 2026 08:15:16 UTC",,Full-time,,Sales,Admin/Service – Office Support,HARD_PASS,"hard pass title pattern: account manager, manager",ADDITIONAL,,,0.370,workable-3D7BDEAC35,https://apply.workable.com/j/3D7BDEAC35,https://apply.workable.com/j/3D7BDEAC35,,Workable XML job feed
HARD_PASS,Regional Business Development Manager - On Trade,AG Barr,"London, England, GB",,MISSING,,"Thu, 30 Jul 2026 22:39:02 UTC",,Full-time,Remote,,Admin/Service – Office Support,HARD_PASS,"hard pass title pattern: business development, manager",ADDITIONAL,,,0.385,workable-A5ACFB7F0B,https://apply.workable.com/j/A5ACFB7F0B,https://apply.workable.com/j/A5ACFB7F0B,,Workable XML job feed
HARD_PASS,Luxury Real Estate Developer Procurement Manager,AHS,"London, England, GB",,MISSING,,"Thu, 30 Apr 2026 08:51:32 UTC",,Full-time,,,Admin/Service – Office Support,HARD_PASS,hard pass title pattern: manager,ADDITIONAL,,,0.379,workable-F63BFB1878,https://apply.workable.com/j/F63BFB1878,https://apply.workable.com/j/F63BFB1878,,Workable XML job feed
HARD_PASS,Luxury Real Estate Head of Quality,AHS,"London, England, GB",,MISSING,,"Tue, 30 Dec 2025 08:45:35 UTC",,Full-time,,Quality Assurance,Admin/Service – Office Support,OUT_OF_SCOPE,no admin/service title classification match,ADDITIONAL,,,0.400,workable-F8F1712A30,https://apply.workable.com/j/F8F1712A30,https://apply.workable.com/j/F8F1712A30,,Workable XML job feed
HARD_PASS,Private Assets and Estate Manager,AHS,"London, England, GB",,MISSING,,"Fri, 14 Nov 2025 06:34:09 UTC",,Full-time,,Customer Service,Admin/Service – Office Support,HARD_PASS,hard pass title pattern: manager,ADDITIONAL,,,0.392,workable-B8A49911BE,https://apply.workable.com/j/B8A49911BE,https://apply.workable.com/j/B8A49911BE,,Workable XML job feed
HARD_PASS,Project Manager - Luxury Residential Developments (London&Dubai),AHS,"London, England, GB",,MISSING,,"Tue, 17 Mar 2026 20:42:37 UTC",,Full-time,,,Admin/Service – Office Support,HARD_PASS,hard pass title pattern: manager,ADDITIONAL,,,0.351,workable-F0360276C4,https://apply.workable.com/j/F0360276C4,https://apply.workable.com/j/F0360276C4,,Workable XML job feed
HARD_PASS,Traveling Butler,AHS,"London, England, GB",,MISSING,,"Thu, 25 Dec 2025 07:07:04 UTC",,Full-time,,Customer Service,Admin/Service – Office Support,OUT_OF_SCOPE,no admin/service title classification match,ADDITIONAL,,,0.376,workable-B9AF60A315,https://apply.workable.com/j/B9AF60A315,https://apply.workable.com/j/B9AF60A315,,Workable XML job feed
HARD_PASS,Yacht Interior Manager,AHS,"London, England, GB",,MISSING,,"Wed, 17 Jun 2026 08:36:44 UTC",,Full-time,,Customer Service,Admin/Service – Office Support,HARD_PASS,hard pass title pattern: manager,ADDITIONAL,,,0.418,workable-73E229C30B,https://apply.workable.com/j/73E229C30B,https://apply.workable.com/j/73E229C30B,,Workable XML job feed
HARD_PASS,Senior Client Operations Advisor / Special Operations,AI Acquisition,"London, England, GB",,MISSING,,"Mon, 25 May 2026 08:22:46 UTC",,Full-time,Remote,,Admin/Service – Office Support,HARD_PASS,hard pass title pattern: senior,ADDITIONAL,,,0.456,workable-FC4CF99391,https://apply.workable.com/j/FC4CF99391,https://apply.workable.com/j/FC4CF99391,,Workable XML job feed
HARD_PASS,AI Consultant/ Solution Architect,AION,"London, England, GB",,MISSING,,"Tue, 21 Jul 2026 08:59:32 UTC",,Contract,Remote,Engineering,Admin/Service – Office Support,OUT_OF_SCOPE,no admin/service title classification match,ADDITIONAL,,,0.399,workable-66B91CA2AB,https://apply.workable.com/j/66B91CA2AB,https://apply.workable.com/j/66B91CA2AB,,Workable XML job feed
HARD_PASS,"Forward Deployed ML Engineer, Agents",AION,"London, England, GB",,MISSING,,"Tue, 14 Jul 2026 12:19:50 UTC",,Full-time,,Engineering,Admin/Service – Office Support,HARD_PASS,hard pass title pattern: engineer,ADDITIONAL,,,0.385,workable-3FFC6D1D2D,https://apply.workable.com/j/3FFC6D1D2D,https://apply.workable.com/j/3FFC6D1D2D,,Workable XML job feed
HARD_PASS,Head of People and Culture,AION,"London, England, GB",,MISSING,,"Tue, 14 Jul 2026 12:54:20 UTC",,Full-time,,Human Resources,Admin/Service – Office Support,OUT_OF_SCOPE,no admin/service title classification match,ADDITIONAL,,,0.433,workable-AF14717168,https://apply.workable.com/j/AF14717168,https://apply.workable.com/j/AF14717168,,Workable XML job feed
HARD_PASS,"Senior Forward Deployed ML Engineer, Agents",AION,"London, England, GB",,MISSING,,"Tue, 14 Jul 2026 12:19:52 UTC",,Full-time,,Engineering,Admin/Service – Office Support,HARD_PASS,"hard pass title pattern: engineer, senior",ADDITIONAL,,,0.386,workable-84A29655B1,https://apply.workable.com/j/84A29655B1,https://apply.workable.com/j/84A29655B1,,Workable XML job feed
HARD_PASS,"Senior Software Engineer, Inference Platform",AION,"London, England, GB",,MISSING,,"Tue, 14 Jul 2026 11:37:10 UTC",,Full-time,,Engineering,Admin/Service – Office Support,HARD_PASS,"hard pass title pattern: engineer, senior",ADDITIONAL,,,0.400,workable-A8658FEEFC,https://apply.workable.com/j/A8658FEEFC,https://apply.workable.com/j/A8658FEEFC,,Workable XML job feed
HARD_PASS,"Software Engineer, General",AION,"London, England, GB",,MISSING,,"Tue, 14 Jul 2026 12:09:19 UTC",,Full-time,,Engineering,Admin/Service – Office Support,HARD_PASS,hard pass title pattern: engineer,ADDITIONAL,,,0.396,workable-8A986DF33F,https://apply.workable.com/j/8A986DF33F,https://apply.workable.com/j/8A986DF33F,,Workable XML job feed
HARD_PASS,BMS Design Engineer,Albireo Energy,"London, England, GB",,MISSING,,"Mon, 27 Jul 2026 14:52:53 UTC",,Full-time,,Engineering,Admin/Service – Office Support,HARD_PASS,hard pass title pattern: engineer,ADDITIONAL,,,0.364,workable-273D303A4F,https://apply.workable.com/j/273D303A4F,https://apply.workable.com/j/273D303A4F,,Workable XML job feed
HARD_PASS,BMS Project Engineer - Greater London,Albireo Energy,"London, England, GB",,MISSING,,"Wed, 11 Feb 2026 14:39:56 UTC",,Full-time,,Engineering,Admin/Service – Office Support,HARD_PASS,hard pass title pattern: engineer,ADDITIONAL,,,0.394,workable-24BB20270F,https://apply.workable.com/j/24BB20270F,https://apply.workable.com/j/24BB20270F,,Workable XML job feed
HARD_PASS,Cloud Platform Engineer,Allwyn Lottery Solutions,"London, England, GB",,MISSING,,"Mon, 10 Aug 2026 09:03:18 UTC",,,,,Admin/Service – Office Support,HARD_PASS,hard pass title pattern: engineer,ADDITIONAL,,,0.484,workable-11600E5B39,https://apply.workable.com/j/11600E5B39,https://apply.workable.com/j/11600E5B39,,Workable XML job feed
HARD_PASS,Product Engineer,Allwyn Lottery Solutions,"London, England, GB",,MISSING,,"Wed, 15 Jul 2026 13:31:37 UTC",,Full-time,,,Admin/Service – Office Support,HARD_PASS,hard pass title pattern: engineer,ADDITIONAL,,,0.476,workable-2E31C5093D,https://apply.workable.com/j/2E31C5093D,https://apply.workable.com/j/2E31C5093D,,Workable XML job feed
HARD_PASS,Senior Data Engineer,Allwyn Lottery Solutions,"London, England, GB",,MISSING,,"Mon, 10 Aug 2026 09:09:08 UTC",,Full-time,,,Admin/Service – Office Support,HARD_PASS,"hard pass title pattern: engineer, senior",ADDITIONAL,,,0.496,workable-8823239AE0,https://apply.workable.com/j/8823239AE0,https://apply.workable.com/j/8823239AE0,,Workable XML job feed
HARD_PASS,Communications Integrated Planning Manager,Allwyn UK,"London, England, GB",,MISSING,,"Fri, 07 Aug 2026 13:07:46 UTC",,,,,Admin/Service – Office Support,HARD_PASS,hard pass title pattern: manager,ADDITIONAL,,,0.423,workable-EA74444496,https://apply.workable.com/j/EA74444496,https://apply.workable.com/j/EA74444496,,Workable XML job feed
HARD_PASS,Retail Growth Executive - East London,Allwyn UK,"London, Great Britain, GB",,MISSING,,"Tue, 04 Aug 2026 14:52:33 UTC",,,,,Admin/Service – Office Support,OUT_OF_SCOPE,no admin/service title classification match,ADDITIONAL,,,0.424,workable-1567E150B8,https://apply.workable.com/j/1567E150B8,https://apply.workable.com/j/1567E150B8,,Workable XML job feed
HARD_PASS,Principal - Executive Search,Altima,"London, England, GB",,MISSING,,"Tue, 11 Aug 2026 11:21:57 UTC",,Full-time,,Other,Admin/Service – Office Support,OUT_OF_SCOPE,no admin/service title classification match,ADDITIONAL,,,0.405,workable-F870F6B356,https://apply.workable.com/j/F870F6B356,https://apply.workable.com/j/F870F6B356,,Workable XML job feed
HARD_PASS,AI Engineer (Contract) - Marketing Demand Generation,Alto,"London, England, GB",,MISSING,,"Wed, 12 Aug 2026 10:27:25 UTC",,Contract,Remote,Engineering,Admin/Service – Office Support,HARD_PASS,hard pass title pattern: engineer,ADDITIONAL,,,0.419,workable-9AC4AF73BC,https://apply.workable.com/j/9AC4AF73BC,https://apply.workable.com/j/9AC4AF73BC,,Workable XML job feed
HARD_PASS,"Data Platform Engineer - (AWS, Databricks)",Alto,"London, England, GB",,MISSING,,"Fri, 07 Aug 2026 11:42:25 UTC",,Full-time,,Engineering,Admin/Service – Office Support,HARD_PASS,hard pass title pattern: engineer,ADDITIONAL,,,0.412,workable-067E84613F,https://apply.workable.com/j/067E84613F,https://apply.workable.com/j/067E84613F,,Workable XML job feed
HARD_PASS,Data Science Lead,Alto,"London, England, GB",,MISSING,,"Tue, 23 Jun 2026 10:26:43 UTC",,Full-time,,Data Analyst,Admin/Service – Office Support,OUT_OF_SCOPE,no admin/service title classification match,ADDITIONAL,,,0.428,workable-8B9E969F18,https://apply.workable.com/j/8B9E969F18,https://apply.workable.com/j/8B9E969F18,,Workable XML job feed
HARD_PASS,"Fullstack Senior Software Engineer (TypeScript, C#, AWS) 12 mnth Maternity Cover",Alto,"London, England, GB",,MISSING,,"Mon, 03 Aug 2026 14:30:51 UTC",,Temporary,,Engineering,Admin/Service – Office Support,HARD_PASS,"hard pass title pattern: engineer, senior",ADDITIONAL,,,0.397,workable-7770A4BD99,https://apply.workable.com/j/7770A4BD99,https://apply.workable.com/j/7770A4BD99,,Workable XML job feed
HARD_PASS,"Fullstack Senior Software Engineer (TypeScript, C#, React, AWS)",Alto,"London, England, GB",,MISSING,,"Wed, 03 Jun 2026 10:11:31 UTC",,Full-time,,Engineering,Admin/Service – Office Support,HARD_PASS,"hard pass title pattern: engineer, senior",ADDITIONAL,,,0.381,workable-A6376E041B,https://apply.workable.com/j/A6376E041B,https://apply.workable.com/j/A6376E041B,,Workable XML job feed
HARD_PASS,Senior Demand Generation Manager,Alto,"London, England, GB",,MISSING,,"Mon, 10 Aug 2026 15:32:51 UTC",,Full-time,,Marketing,Admin/Service – Office Support,HARD_PASS,"hard pass title pattern: senior, manager",ADDITIONAL,,,0.427,workable-9AC5C4BFC3,https://apply.workable.com/j/9AC5C4BFC3,https://apply.workable.com/j/9AC5C4BFC3,,Workable XML job feed
HARD_PASS,Senior Machine Learning Engineer,Alto,"London, England, GB",,MISSING,,"Fri, 03 Jul 2026 15:41:10 UTC",,Full-time,,,Admin/Service – Office Support,HARD_PASS,"hard pass title pattern: engineer, senior",ADDITIONAL,,,0.408,workable-06ADD4DAE7,https://apply.workable.com/j/06ADD4DAE7,https://apply.workable.com/j/06ADD4DAE7,,Workable XML job feed
HARD_PASS,AWS Cloud Architect - 12 Month FTC,AND Digital,"London, England, GB",,MISSING,,"Thu, 16 Jul 2026 14:41:51 UTC",,Full-time,,,Admin/Service – Office Support,OUT_OF_SCOPE,no admin/service title classification match,ADDITIONAL,,,0.400,workable-7C893E46E3,https://apply.workable.com/j/7C893E46E3,https://apply.workable.com/j/7C893E46E3,,Workable XML job feed
HARD_PASS,Contract Senior Software Engineer,AND Digital,"London, England, GB",,MISSING,,"Thu, 30 Jul 2026 13:25:53 UTC",,,,Engineering,Admin/Service – Office Support,HARD_PASS,"hard pass title pattern: engineer, senior",ADDITIONAL,,,0.426,workable-58614E318F,https://apply.workable.com/j/58614E318F,https://apply.workable.com/j/58614E318F,,Workable XML job feed
HARD_PASS,Lead Data Engineer (12 Month FTC),AND Digital,"London, England, GB",,MISSING,,"Mon, 17 Aug 2026 15:59:39 UTC",,Full-time,,Engineering,Admin/Service – Office Support,HARD_PASS,hard pass title pattern: engineer,ADDITIONAL,,,0.403,workable-2368F023CF,https://apply.workable.com/j/2368F023CF,https://apply.workable.com/j/2368F023CF,,Workable XML job feed
HARD_PASS,Lead DevOps Engineer (12 Month FTC),AND Digital,"London, England, GB",,MISSING,,"Mon, 17 Aug 2026 14:05:42 UTC",,Full-time,,Engineering,Admin/Service – Office Support,HARD_PASS,hard pass title pattern: engineer,ADDITIONAL,,,0.398,workable-34218BEA06,https://apply.workable.com/j/34218BEA06,https://apply.workable.com/j/34218BEA06,,Workable XML job feed
HARD_PASS,Lead Identity & Security Engineer (12 Month FTC),AND Digital,"London, England, GB",,MISSING,,"Mon, 17 Aug 2026 13:56:02 UTC",,Full-time,,Engineering,Admin/Service – Office Support,HARD_PASS,hard pass title pattern: engineer,ADDITIONAL,,,0.391,workable-306661AC23,https://apply.workable.com/j/306661AC23,https://apply.workable.com/j/306661AC23,,Workable XML job feed
HARD_PASS,Lead Integration Engineer (12 Month FTC),AND Digital,"London, England, GB",,MISSING,,"Mon, 17 Aug 2026 13:51:44 UTC",,Full-time,,Engineering,Admin/Service – Office Support,HARD_PASS,hard pass title pattern: engineer,ADDITIONAL,,,0.444,workable-A38FC31C94,https://apply.workable.com/j/A38FC31C94,https://apply.workable.com/j/A38FC31C94,,Workable XML job feed
HARD_PASS,Lead Java Developer (London),AND Digital,"London, England, GB",,MISSING,,"Mon, 17 Aug 2026 13:31:29 UTC",,Full-time,,Engineering,Admin/Service – Office Support,OUT_OF_SCOPE,no admin/service title classification match,ADDITIONAL,,,0.357,workable-CD151EB396,https://apply.workable.com/j/CD151EB396,https://apply.workable.com/j/CD151EB396,,Workable XML job feed
HARD_PASS,Managing Director,AND Digital,"London, England, GB",,MISSING,,"Mon, 10 Aug 2026 16:15:02 UTC",,Full-time,,Information Technology,Admin/Service – Office Support,OUT_OF_SCOPE,no admin/service title classification match,ADDITIONAL,,,0.455,workable-EB280A011A,https://apply.workable.com/j/EB280A011A,https://apply.workable.com/j/EB280A011A,,Workable XML job feed
HARD_PASS,Practice Areas Coordinator,AND Digital,"London, England, GB",,MISSING,,"Mon, 20 Jul 2026 15:02:12 UTC",,Full-time,,,Admin/Service – Office Support,ELASTIC_FIT,elastic-fit title pattern: coordinator,ADDITIONAL,,,0.520,workable-47CC74266A,https://apply.workable.com/j/47CC74266A,https://apply.workable.com/j/47CC74266A,,Workable XML job feed
HARD_PASS,Principal Platform Engineer (12 Month FTC),AND Digital,"London, England, GB",,MISSING,,"Mon, 17 Aug 2026 14:05:41 UTC",,Full-time,,Engineering,Admin/Service – Office Support,HARD_PASS,hard pass title pattern: engineer,ADDITIONAL,,,0.427,workable-D826E80061,https://apply.workable.com/j/D826E80061,https://apply.workable.com/j/D826E80061,,Workable XML job feed
HARD_PASS,Senior AWS Connect Developer (contract),AND Digital,"London, England, GB",,MISSING,,"Thu, 13 Aug 2026 08:19:16 UTC",,Contract,,,Admin/Service – Office Support,HARD_PASS,hard pass title pattern: senior,ADDITIONAL,,,0.423,workable-CD5A74D39A,https://apply.workable.com/j/CD5A74D39A,https://apply.workable.com/j/CD5A74D39A,,Workable XML job feed
HARD_PASS,Solution Director: Data & AI,AND Digital,"London, England, GB",,MISSING,,"Wed, 15 Jul 2026 08:22:51 UTC",,Full-time,,,Admin/Service – Office Support,OUT_OF_SCOPE,no admin/service title classification match,ADDITIONAL,,,0.408,workable-0730561747,https://apply.workable.com/j/0730561747,https://apply.workable.com/j/0730561747,,Workable XML job feed
HARD_PASS,Tech Community Coordinator,AND Digital,"London, England, GB",,MISSING,,"Thu, 23 Jul 2026 15:16:28 UTC",,Full-time,,,Admin/Service – Office Support,ELASTIC_FIT,elastic-fit title pattern: coordinator,ADDITIONAL,,,0.498,workable-4030195E3D,https://apply.workable.com/j/4030195E3D,https://apply.workable.com/j/4030195E3D,,Workable XML job feed
HARD_PASS,Test Architect - 12 Month FTC,AND Digital,"London, England, GB",,MISSING,,"Thu, 16 Jul 2026 15:00:24 UTC",,Full-time,,,Admin/Service – Office Support,OUT_OF_SCOPE,no admin/service title classification match,ADDITIONAL,,,0.402,workable-144094933E,https://apply.workable.com/j/144094933E,https://apply.workable.com/j/144094933E,,Workable XML job feed
HARD_PASS,CMC Associate Director,Androlabs,"London, England, GB","£85,000–£108,000",USABLE_REVIEW,"🌍 Location: Central London (office-based) 💷 Salary: £85,000–£108,000 🕝 Employment Type: Full-time, Permanent 🏢 Experience Level: Senior (10–14 years) What is A","Thu, 16 Jul 2026 09:54:33 UTC",,Full-time,,Manufacturing,Admin/Service – Office Support,OUT_OF_SCOPE,no admin/service title classification match,ADDITIONAL,,,0.455,workable-E2D2896163,https://apply.workable.com/j/E2D2896163,https://apply.workable.com/j/E2D2896163,,Workable XML job feed
HARD_PASS,Global Product Manager,Androlabs,"London, England, GB",,MISSING,,"Wed, 05 Aug 2026 16:00:51 UTC",,Full-time,,Marketing,Admin/Service – Office Support,HARD_PASS,hard pass title pattern: manager,ADDITIONAL,,,0.402,workable-726F5348EA,https://apply.workable.com/j/726F5348EA,https://apply.workable.com/j/726F5348EA,,Workable XML job feed
HARD_PASS,"Senior Software Engineer, Block Production",Anza,"London, England, GB",,MISSING,,"Tue, 21 Jul 2026 23:41:09 UTC",,Full-time,Remote,Engineering,Admin/Service – Office Support,HARD_PASS,"hard pass title pattern: engineer, production, senior",ADDITIONAL,,,0.336,workable-DA863A3939,https://apply.workable.com/j/DA863A3939,https://apply.workable.com/j/DA863A3939,,Workable XML job feed
HARD_PASS,"Senior Software Engineer, Consensus",Anza,"London, England, GB",,MISSING,,"Thu, 16 Apr 2026 15:27:55 UTC",,Full-time,Remote,Engineering,Admin/Service – Office Support,HARD_PASS,"hard pass title pattern: engineer, senior",ADDITIONAL,,,0.336,workable-D7974B0A15,https://apply.workable.com/j/D7974B0A15,https://apply.workable.com/j/D7974B0A15,,Workable XML job feed
HARD_PASS,"Senior Software Engineer, Generalist",Anza,"London, England, GB",,MISSING,,"Sun, 15 Feb 2026 23:28:29 UTC",,Full-time,Remote,Engineering,Admin/Service – Office Support,HARD_PASS,"hard pass title pattern: engineer, senior",ADDITIONAL,,,0.343,workable-C3154D9B03,https://apply.workable.com/j/C3154D9B03,https://apply.workable.com/j/C3154D9B03,,Workable XML job feed
HARD_PASS,Part Time Remote Work From Home Research Panelist - Data Entry Clerk Welcome,ApexFocusGroup,"London, England, GB",,MISSING,,"Thu, 19 Mar 2026 04:38:00 UTC",,Part-time,,,Admin/Service – Office Support,HIGH_CONFIDENCE,high-confidence title pattern: data entry,POSSIBLE_DUPLICATE,Remote Online Paid Research Panelist (Part-Time) - Data Entry Clerk Welcome,Apex Focus Group,0.795,workable-E6B0375CCA,https://apply.workable.com/j/E6B0375CCA,https://apply.workable.com/j/E6B0375CCA,,Workable XML job feed
HARD_PASS,Part-Time Work At Home Research Panelist. Ideal For Office Assistant.,ApexFocusGroup,"London, England, GB",,MISSING,,"Sat, 14 Feb 2026 16:16:21 UTC",,Part-time,,,Admin/Service – Office Support,HIGH_CONFIDENCE,high-confidence title pattern: office assistant,ADDITIONAL,,,0.713,workable-C84EA2D203,https://apply.workable.com/j/C84EA2D203,https://apply.workable.com/j/C84EA2D203,,Workable XML job feed
HARD_PASS,Part-Time/Full-Time Research Panel. Entry Level. Receptionist or Typist Welcome,ApexFocusGroup,"London, England, GB",,MISSING,,"Tue, 17 Feb 2026 15:54:59 UTC",,Part-time,,,Admin/Service – Office Support,HIGH_CONFIDENCE,high-confidence title pattern: receptionist,POSSIBLE_DUPLICATE,Part-Time Research Panel - Remote Work At Home (Receptionist or Typist Welcome),Apex Focus Group,0.833,workable-93AA6C33A9,https://apply.workable.com/j/93AA6C33A9,https://apply.workable.com/j/93AA6C33A9,,Workable XML job feed
HARD_PASS,Remote Online Consumer Research Panelist (Part-Time) - Data Entry Clerk Welcome,ApexFocusGroup,"London, England, GB",,MISSING,,"Mon, 09 Feb 2026 04:27:12 UTC",,Part-time,,,Admin/Service – Office Support,HIGH_CONFIDENCE,high-confidence title pattern: data entry,POSSIBLE_DUPLICATE,Remote Online Paid Research Panelist (Part-Time) - Data Entry Clerk Welcome,Apex Focus Group,0.885,workable-EDA53E98E9,https://apply.workable.com/j/EDA53E98E9,https://apply.workable.com/j/EDA53E98E9,,Workable XML job feed
HARD_PASS,Remote Work From Home Market Research. Ideal For Customer Service Representative,ApexFocusGroup,"London, England, GB",,MISSING,,"Wed, 11 Feb 2026 05:19:01 UTC",,Part-time,,,Admin/Service – Office Support,OUT_OF_SCOPE,no admin/service title classification match,ADDITIONAL,,,0.652,workable-57E593B33C,https://apply.workable.com/j/57E593B33C,https://apply.workable.com/j/57E593B33C,,Workable XML job feed
HARD_PASS,Work At Home Focus Group Panel. Call Centre Agent Experience Not Required,ApexFocusGroup,"London, England, GB",,MISSING,,"Fri, 13 Feb 2026 03:36:22 UTC",,Part-time,,,Admin/Service – Office Support,HIGH_CONFIDENCE,high-confidence title pattern: call centre,ADDITIONAL,,,0.767,workable-54146E03E5,https://apply.workable.com/j/54146E03E5,https://apply.workable.com/j/54146E03E5,,Workable XML job feed
HARD_PASS,Work From Home Market Research Panel. Part Time Administrative Assistant Welcome,ApexFocusGroup,"London, England, GB",,MISSING,,"Mon, 09 Feb 2026 13:47:55 UTC",,Part-time,,,Admin/Service – Office Support,HIGH_CONFIDENCE,high-confidence title pattern: administrative assistant,ADDITIONAL,,,0.730,workable-742B5F8D8F,https://apply.workable.com/j/742B5F8D8F,https://apply.workable.com/j/742B5F8D8F,,Workable XML job feed
HARD_PASS,APM MONACO - Sales Associate - Part Time - London Selfridges,APM Monaco,"London, England, GB",,MISSING,,"Wed, 19 Aug 2026 17:33:14 UTC",,Part-time,,,Admin/Service – Office Support,OUT_OF_SCOPE,no admin/service title classification match,ADDITIONAL,,,0.454,workable-4EB33BFD3E,https://apply.workable.com/j/4EB33BFD3E,https://apply.workable.com/j/4EB33BFD3E,,Workable XML job feed
HARD_PASS,Sale Associate H/F - Full Time - Central London,APM Monaco,"London, England, GB",,MISSING,,"Mon, 10 Aug 2026 10:19:32 UTC",,Full-time,,,Admin/Service – Office Support,OUT_OF_SCOPE,no admin/service title classification match,ADDITIONAL,,,0.434,workable-167BE191F2,https://apply.workable.com/j/167BE191F2,https://apply.workable.com/j/167BE191F2,,Workable XML job feed
HARD_PASS,Sales Executive,Applied Blockchain | Applied Edge,"London, England, GB",,MISSING,,"Wed, 08 Jul 2026 11:21:32 UTC",,Full-time,,Sales,Admin/Service – Office Support,HARD_PASS,hard pass title pattern: sales executive,ADDITIONAL,,,0.426,workable-AB40400206,https://apply.workable.com/j/AB40400206,https://apply.workable.com/j/AB40400206,,Workable XML job feed
HARD_PASS,AWS Platform Engineer (Mid-Level) - UK Security Clearance eligibility required,Appvia,"London, England, GB","£60,000–£75,000",USABLE_REVIEW,"Hybrid - typically ~1-2 days per month in office) Contract: Permanent, Full-time Package: £60,000 - £75,000 + 10% Bonus + 10% Shares + Benefits (see more below) About Us At Appvia, we help organisat","Mon, 17 Aug 2026 12:37:31 UTC",,Full-time,,Engineering,Admin/Service – Office Support,HARD_PASS,hard pass title pattern: engineer,ADDITIONAL,,,0.308,workable-AE1E8505A8,https://apply.workable.com/j/AE1E8505A8,https://apply.workable.com/j/AE1E8505A8,,Workable XML job feed
HARD_PASS,AWS Principal Platform Engineer - UK Security Clearance eligibility required.,Appvia,"London, England, GB","£90,000–£120,000",USABLE_REVIEW,"id – typically ~1 day per week in office/on-site) Contract: Permanent, Full-time Package: £90,000 – £120,000 + 10% Bonus + 10% Shares + Benefits (see more below) About Us At Appvia, we help organisat","Tue, 04 Aug 2026 15:28:58 UTC",,Full-time,,Engineering,Admin/Service – Office Support,HARD_PASS,hard pass title pattern: engineer,ADDITIONAL,,,0.330,workable-5769D9DE37,https://apply.workable.com/j/5769D9DE37,https://apply.workable.com/j/5769D9DE37,,Workable XML job feed
HARD_PASS,AWS Senior Platform Engineer - UK Security Clearance eligibility required,Appvia,"London, England, GB","£75,000–£90,000",USABLE_REVIEW,"Hybrid - typically ~1-2 days per month in office) Contract: Permanent, Full-time Package: £75,000 - £90,000 + 10% Bonus + 10% Shares + Benefits (see more below) About Us Appvia is a specialist cloud","Tue, 04 Aug 2026 15:29:09 UTC",,Full-time,,Engineering,Admin/Service – Office Support,HARD_PASS,"hard pass title pattern: engineer, senior",ADDITIONAL,,,0.327,workable-EEC5F72C28,https://apply.workable.com/j/EEC5F72C28,https://apply.workable.com/j/EEC5F72C28,,Workable XML job feed
HARD_PASS,Azure Principal Platform Engineer - UK Security Clearance eligibility required,Appvia,"London, England, GB","£90,000–£120,000",USABLE_REVIEW,"London, UK (Hybrid - typically 1-2 days per month in office) Contract: Permanent Package: £90,000 - £120,000 + 10% Bonus + 10% Shares + Benefits (see more below) About Us At Appvia, we're committed t","Tue, 04 Aug 2026 15:29:35 UTC",,Full-time,,Engineering,Admin/Service – Office Support,HARD_PASS,hard pass title pattern: engineer,ADDITIONAL,,,0.340,workable-2BBFAE00C4,https://apply.workable.com/j/2BBFAE00C4,https://apply.workable.com/j/2BBFAE00C4,,Workable XML job feed
HARD_PASS,Azure Senior Platform Engineer - UK Security Clearance eligibility required,Appvia,"London, England, GB","£75,000–£90,000",USABLE_REVIEW,"ll-time Location: London, UK - (Hybrid - typically 1-2 days per month in office) Package: £75,000 - £90,000 + 10% Bonus + 10% Shares + Benefits (see more below) About Us Appvia is a cloud-native con","Tue, 21 Jul 2026 13:38:36 UTC",,Full-time,,Engineering,Admin/Service – Office Support,HARD_PASS,"hard pass title pattern: engineer, senior",ADDITIONAL,,,0.331,workable-AA3689F622,https://apply.workable.com/j/AA3689F622,https://apply.workable.com/j/AA3689F622,,Workable XML job feed
HARD_PASS,Principal Software Architect,Appvia,"London, England, GB","£80,000–£100,000",USABLE_REVIEW,"- Hybrid (~1-2 days per month in office / onsite) Contract: Permanent, Full-time Package: £80,000-100,000 + 10% bonus + 10% shares options + benefits About Appvia At Appvia, we help organisations","Tue, 21 Jul 2026 12:19:51 UTC",,Full-time,,Engineering,Admin/Service – Office Support,OUT_OF_SCOPE,no admin/service title classification match,ADDITIONAL,,,0.367,workable-BF56E41042,https://apply.workable.com/j/BF56E41042,https://apply.workable.com/j/BF56E41042,,Workable XML job feed
HARD_PASS,"Senior Business Development Manager - Cloud, Data & AI",Appvia,"London, England, GB","£60,000–£70,000",USABLE_REVIEW,"3 days pw in office) Contract: Permanent, Full-time Reporting to: Head of Growth Package: £60,000 - 70,000 base + variable, uncapped OTE + Benefits ( see more below) About Us Appvia is a self-funde","Fri, 17 Jul 2026 17:02:37 UTC",,Full-time,,Sales,Admin/Service – Office Support,HARD_PASS,"hard pass title pattern: business development, senior, manager",ADDITIONAL,,,0.360,workable-98EC37141F,https://apply.workable.com/j/98EC37141F,https://apply.workable.com/j/98EC37141F,,Workable XML job feed
HARD_PASS,Senior Full Stack Developer,Appvia,"London, England, GB","£70,000–£85,000",USABLE_REVIEW,"- typically 1-2 days per month in office) Contract: Permanent, Full-time Package (perm): £70,000 - £85,000 + 10% Bonus + 10% Shares + Benefits (see more below) About Appvia Appvia is a specialist c","Tue, 04 Aug 2026 15:28:24 UTC",,Full-time,,Engineering,Admin/Service – Office Support,HARD_PASS,hard pass title pattern: senior,ADDITIONAL,,,0.354,workable-1E37CCE1A4,https://apply.workable.com/j/1E37CCE1A4,https://apply.workable.com/j/1E37CCE1A4,,Workable XML job feed
HARD_PASS,Technical Account Manager - Digital Solutions,Appvia,"London, England, GB","£100,000–£120,000",USABLE_REVIEW,"typically 1+ days in-office/client-site per week) Contract: Permanent, Full-time Package: £100,000-£120,000 + 30% Bonus + 10% Shares + Benefits (see more below) Clearance: UK Security Clearance elig","Wed, 05 Aug 2026 09:54:32 UTC",,Full-time,,Consulting,Admin/Service – Office Support,HARD_PASS,"hard pass title pattern: account manager, manager",ADDITIONAL,,,0.382,workable-CAE6FB50DB,https://apply.workable.com/j/CAE6FB50DB,https://apply.workable.com/j/CAE6FB50DB,,Workable XML job feed
HARD_PASS,Senior Developer,AppyWay,"London, England, GB","£80,000–£90,000",USABLE_REVIEW,"S and related GIS/GeoJSON tools Benefits What you would get 💷 Competitive salary of up to £80,000–£90,000 depending on experience 🌴 25 days’ holiday plus all UK bank holidays, and accrue additiona","Mon, 20 Jul 2026 10:13:55 UTC",,Full-time,,Engineering,Admin/Service – Office Support,HARD_PASS,hard pass title pattern: senior,ADDITIONAL,,,0.371,workable-0C82E7156B,https://apply.workable.com/j/0C82E7156B,https://apply.workable.com/j/0C82E7156B,,Workable XML job feed
HARD_PASS,Maintenance Technician - Dairy Farm,Apt Resources,"London, England, GB",,MISSING,,"Tue, 30 Jun 2026 08:33:11 UTC",,Full-time,,Engineering,Admin/Service – Office Support,HARD_PASS,hard pass title pattern: technician,ADDITIONAL,,,0.410,workable-C8A86FCF26,https://apply.workable.com/j/C8A86FCF26,https://apply.workable.com/j/C8A86FCF26,,Workable XML job feed
HARD_PASS,Brand & Content Manager,Arbor Education,"London, England, GB","£45,000",USABLE_REVIEW,"Location: London, Hybrid - two days per week in the office Salary: up to £45,000 per year About us At Arbor, we’re on a mission to transform the way schools work for the b","Mon, 17 Aug 2026 15:59:33 UTC",,Full-time,,Marketing,Admin/Service – Office Support,HARD_PASS,hard pass title pattern: manager,ADDITIONAL,,,0.529,workable-5BBE9D6AC4,https://apply.workable.com/j/5BBE9D6AC4,https://apply.workable.com/j/5BBE9D6AC4,,Workable XML job feed
HARD_PASS,Senior Brand & Content Marketing Manager,Arbor Education,"London, England, GB","£60,000",USABLE_REVIEW,"Location: London, Hybrid Salary: up to £60,000 per year About us At Arbor, we’re on a mission to transform the way schools work for the b","Fri, 22 May 2026 12:53:45 UTC",,Full-time,,,Admin/Service – Office Support,HARD_PASS,"hard pass title pattern: senior, manager",ADDITIONAL,,,0.556,workable-4460BB33B1,https://apply.workable.com/j/4460BB33B1,https://apply.workable.com/j/4460BB33B1,,Workable XML job feed
HARD_PASS,Senior Product Marketing Manager,Arbor Education,"London, England, GB","£65,000",USABLE_REVIEW,"Location: London, hybrid, two days per week in the office Salary: up to £65,000 per year About us At Arbor, we’re on a mission to transform the way schools work for the b","Tue, 11 Aug 2026 10:20:20 UTC",,Full-time,,Marketing,Admin/Service – Office Support,HARD_PASS,"hard pass title pattern: senior, manager",ADDITIONAL,,,0.577,workable-E427A32209,https://apply.workable.com/j/E427A32209,https://apply.workable.com/j/E427A32209,,Workable XML job feed
HARD_PASS,"Vice President, European Real Estate Private Investments",Arena Investors I Quaestor Advisors,"London, England, GB",,MISSING,,"Fri, 28 Nov 2025 05:50:13 UTC",,Full-time,,,Admin/Service – Office Support,OUT_OF_SCOPE,no admin/service title classification match,ADDITIONAL,,,0.356,workable-9C5E9E41E3,https://apply.workable.com/j/9C5E9E41E3,https://apply.workable.com/j/9C5E9E41E3,,Workable XML job feed
HARD_PASS,AI Engineer,Arondite,"London, England, GB",,MISSING,,"Thu, 23 Jul 2026 10:11:54 UTC",,Full-time,,,Admin/Service – Office Support,HARD_PASS,hard pass title pattern: engineer,ADDITIONAL,,,0.459,workable-B90A63A44A,https://apply.workable.com/j/B90A63A44A,https://apply.workable.com/j/B90A63A44A,,Workable XML job feed
HARD_PASS,Deployed AI Engineer,Arondite,"London, England, GB",,MISSING,,"Wed, 22 Jul 2026 00:56:24 UTC",,Full-time,,,Admin/Service – Office Support,HARD_PASS,hard pass title pattern: engineer,ADDITIONAL,,,0.446,workable-A63682E563,https://apply.workable.com/j/A63682E563,https://apply.workable.com/j/A63682E563,,Workable XML job feed
HARD_PASS,Deployed Software Engineer,Arondite,"London, England, GB",,MISSING,,"Mon, 18 May 2026 15:31:42 UTC",,Full-time,,,Admin/Service – Office Support,HARD_PASS,hard pass title pattern: engineer,ADDITIONAL,,,0.430,workable-7D91546CD7,https://apply.workable.com/j/7D91546CD7,https://apply.workable.com/j/7D91546CD7,,Workable XML job feed
HARD_PASS,Lead DevSecOps Engineer,Arondite,"London, England, GB",,MISSING,,"Thu, 16 Jul 2026 14:47:26 UTC",,Full-time,,Engineering,Admin/Service – Office Support,HARD_PASS,hard pass title pattern: engineer,ADDITIONAL,,,0.435,workable-8A8FA4C182,https://apply.workable.com/j/8A8FA4C182,https://apply.workable.com/j/8A8FA4C182,,Workable XML job feed
HARD_PASS,Lead Software Engineer,Arondite,"London, England, GB",,MISSING,,"Mon, 17 Aug 2026 17:11:14 UTC",,Full-time,,Engineering,Admin/Service – Office Support,HARD_PASS,hard pass title pattern: engineer,ADDITIONAL,,,0.427,workable-1611C08A02,https://apply.workable.com/j/1611C08A02,https://apply.workable.com/j/1611C08A02,,Workable XML job feed
HARD_PASS,Product Delivery Lead,Arondite,"London, England, GB",,MISSING,,"Mon, 20 Jul 2026 00:29:53 UTC",,Full-time,,Engineering,Admin/Service – Office Support,OUT_OF_SCOPE,no admin/service title classification match,ADDITIONAL,,,0.404,workable-4609EB1CAB,https://apply.workable.com/j/4609EB1CAB,https://apply.workable.com/j/4609EB1CAB,,Workable XML job feed
HARD_PASS,Product Designer,Arondite,"London, England, GB",,MISSING,,"Tue, 18 Aug 2026 13:57:05 UTC",,Full-time,,Engineering,Admin/Service – Office Support,OUT_OF_SCOPE,no admin/service title classification match,ADDITIONAL,,,0.439,workable-63CC2F6159,https://apply.workable.com/j/63CC2F6159,https://apply.workable.com/j/63CC2F6159,,Workable XML job feed
HARD_PASS,Technical Operations Specialist,Arondite,"London, England, GB",,MISSING,,"Thu, 30 Jul 2026 09:43:14 UTC",,Full-time,,,Admin/Service – Office Support,OUT_OF_SCOPE,no admin/service title classification match,ADDITIONAL,,,0.486,workable-CB32B1E5EA,https://apply.workable.com/j/CB32B1E5EA,https://apply.workable.com/j/CB32B1E5EA,,Workable XML job feed
HARD_PASS,Product Marketing Manager,AsiaVerify,"London, England, GB",,MISSING,,"Thu, 11 Jun 2026 00:33:58 UTC",,Full-time,Remote,Marketing,Admin/Service – Office Support,HARD_PASS,hard pass title pattern: manager,ADDITIONAL,,,0.394,workable-70190329BA,https://apply.workable.com/j/70190329BA,https://apply.workable.com/j/70190329BA,,Workable XML job feed
HARD_PASS,Asset Process Engineer,Assala Energy,"London, England, GB",,MISSING,,"Mon, 13 Apr 2026 13:04:00 UTC",,Contract,,Engineering,Admin/Service – Office Support,HARD_PASS,hard pass title pattern: engineer,ADDITIONAL,,,0.401,workable-C28B89BB30,https://apply.workable.com/j/C28B89BB30,https://apply.workable.com/j/C28B89BB30,,Workable XML job feed
HARD_PASS,Planning and Economics Senior Analyst,Assala Energy,"London, England, GB",,MISSING,,"Tue, 11 Aug 2026 15:47:53 UTC",,Full-time,,Finance,Admin/Service – Office Support,HARD_PASS,hard pass title pattern: senior,ADDITIONAL,,,0.417,workable-5446AFCE49,https://apply.workable.com/j/5446AFCE49,https://apply.workable.com/j/5446AFCE49,,Workable XML job feed
HARD_PASS,Senior Project Engineer,Assala Energy,"London, England, GB",,MISSING,,"Mon, 13 Apr 2026 13:10:32 UTC",,Contract,,,Admin/Service – Office Support,HARD_PASS,"hard pass title pattern: engineer, senior",ADDITIONAL,,,0.385,workable-1DAD840155,https://apply.workable.com/j/1DAD840155,https://apply.workable.com/j/1DAD840155,,Workable XML job feed
HARD_PASS,Supply Chain Manager,Assala Energy,"London, England, GB",,MISSING,,"Thu, 06 Aug 2026 13:28:37 UTC",,Full-time,,Supply Chain,Admin/Service – Office Support,HARD_PASS,hard pass title pattern: manager,ADDITIONAL,,,0.413,workable-96EB19046E,https://apply.workable.com/j/96EB19046E,https://apply.workable.com/j/96EB19046E,,Workable XML job feed
HARD_PASS,Delivery Driver,ATA LTD,"London, England, GB",,MISSING,,"Fri, 07 Aug 2026 10:16:48 UTC",,Full-time,,Distribution,Admin/Service – Office Support,HARD_PASS,hard pass title pattern: driver,ADDITIONAL,,,0.442,workable-0C7048ACB6,https://apply.workable.com/j/0C7048ACB6,https://apply.workable.com/j/0C7048ACB6,,Workable XML job feed
HARD_PASS,Self-Employed Heavy & Bulky Installers,ATA LTD,"London, England, GB",,MISSING,,"Mon, 01 Jun 2026 16:20:54 UTC",,,,,Admin/Service – Office Support,HARD_PASS,hard pass title pattern: installer,ADDITIONAL,,,0.415,workable-D1200DFD7E,https://apply.workable.com/j/D1200DFD7E,https://apply.workable.com/j/D1200DFD7E,,Workable XML job feed
HARD_PASS,Microsoft D365 Developer,ATC Computer Transport & Logistics,"London, England, GB",,MISSING,,"Mon, 06 Jul 2026 16:27:22 UTC",,Full-time,,Information Technology,Admin/Service – Office Support,OUT_OF_SCOPE,no admin/service title classification match,ADDITIONAL,,,0.385,workable-0FEDCCCC2B,https://apply.workable.com/j/0FEDCCCC2B,https://apply.workable.com/j/0FEDCCCC2B,,Workable XML job feed
HARD_PASS,Senior AI Engineer,AudioStack,"London, England, GB",,MISSING,,"Thu, 14 May 2026 12:47:48 UTC",,Full-time,,Engineering,Admin/Service – Office Support,HARD_PASS,"hard pass title pattern: engineer, senior",ADDITIONAL,,,0.406,workable-6AA330B968,https://apply.workable.com/j/6AA330B968,https://apply.workable.com/j/6AA330B968,,Workable XML job feed
HARD_PASS,HGV Mechanic,Aureol Global Connections,"London, England, GB",,MISSING,,"Mon, 29 Jun 2026 17:05:26 UTC",,,,,Admin/Service – Office Support,HARD_PASS,hard pass title pattern: mechanic,ADDITIONAL,,,0.378,workable-088CCC18C8,https://apply.workable.com/j/088CCC18C8,https://apply.workable.com/j/088CCC18C8,,Workable XML job feed
HARD_PASS,Machine Driver,Aureol Global Connections,"London, England, GB",,MISSING,,"Mon, 29 Jun 2026 17:07:43 UTC",,,,,Admin/Service – Office Support,HARD_PASS,hard pass title pattern: driver,ADDITIONAL,,,0.418,workable-2A19646986,https://apply.workable.com/j/2A19646986,https://apply.workable.com/j/2A19646986,,Workable XML job feed
HARD_PASS,Plant Fitter,Aureol Global Connections,"London, England, GB",,MISSING,,"Mon, 29 Jun 2026 17:03:19 UTC",,,,,Admin/Service – Office Support,HARD_PASS,hard pass title pattern: fitter,ADDITIONAL,,,0.471,workable-418AD3A382,https://apply.workable.com/j/418AD3A382,https://apply.workable.com/j/418AD3A382,,Workable XML job feed
HARD_PASS,Founding Mobile Engineer,AURORA,"London, England, GB","£120,000–£140,000",USABLE_REVIEW,"London, UK Salary: £120,000 - £140,000 Equity: 0.5–1% In-person, with flexible remote days European visa sponsorship available Ab","Sun, 25 Jan 2026 00:25:14 UTC",,Full-time,,,Admin/Service – Office Support,HARD_PASS,hard pass title pattern: engineer,ADDITIONAL,,,0.348,workable-78EDB5631A,https://apply.workable.com/j/78EDB5631A,https://apply.workable.com/j/78EDB5631A,,Workable XML job feed
HARD_PASS,Founding Product Designer (UI/UX),AURORA,"London, England, GB","£130,000–£160,000",USABLE_REVIEW,"Product Designer Location: London, UK Salary: £130,000 - £160,000 0.5 - 1% stock options In-office, with flexible remote days UK/EU re-location package avai","Fri, 06 Mar 2026 22:08:52 UTC",,Full-time,,Design,Admin/Service – Office Support,OUT_OF_SCOPE,no admin/service title classification match,ADDITIONAL,,,0.367,workable-D9A36DBB49,https://apply.workable.com/j/D9A36DBB49,https://apply.workable.com/j/D9A36DBB49,,Workable XML job feed
HARD_PASS,Founding Product Engineer (AI & Agentic Systems),AURORA,"London, England, GB","£120,000–£170,000",USABLE_REVIEW,"Salary: £120,000 – £170,000 Equity: 0.25% - 1.2% In-person, with flexible remote days European visa sponsorship availa","Wed, 11 Feb 2026 21:18:58 UTC",,,,,Admin/Service – Office Support,HARD_PASS,hard pass title pattern: engineer,ADDITIONAL,,,0.364,workable-DF7A6AE800,https://apply.workable.com/j/DF7A6AE800,https://apply.workable.com/j/DF7A6AE800,,Workable XML job feed
HARD_PASS,Senior Backend Engineer,AURORA,"London, England, GB",,MISSING,,"Wed, 24 Jun 2026 09:26:34 UTC",,Full-time,Remote,,Admin/Service – Office Support,HARD_PASS,"hard pass title pattern: engineer, senior",ADDITIONAL,,,0.411,workable-EAEFAF4715,https://apply.workable.com/j/EAEFAF4715,https://apply.workable.com/j/EAEFAF4715,,Workable XML job feed
HARD_PASS,Senior Lifestyle Strategist,AURORA,"London, England, GB",,MISSING,,"Wed, 21 Jan 2026 16:44:14 UTC",,Full-time,,,Admin/Service – Office Support,HARD_PASS,hard pass title pattern: senior,ADDITIONAL,,,0.409,workable-76763BE7A5,https://apply.workable.com/j/76763BE7A5,https://apply.workable.com/j/76763BE7A5,,Workable XML job feed
HARD_PASS,Travel Manager,AURORA,"London, England, GB",,MISSING,,"Tue, 14 Oct 2025 04:00:37 UTC",,Full-time,,,Admin/Service – Office Support,HARD_PASS,hard pass title pattern: manager,ADDITIONAL,,,0.392,workable-5A07F1DAC5,https://apply.workable.com/j/5A07F1DAC5,https://apply.workable.com/j/5A07F1DAC5,,Workable XML job feed
HARD_PASS,Load Bank LV/HV Engineer,AVK,"London, England, GB","£45,000",USABLE_REVIEW,"and the ability to regularly travel across the UK and Europe as required. Benefits Up to £45,000 base salary Competitive benefits package Flexible / hybrid working options Ongoing trainin","Tue, 14 Jul 2026 10:32:38 UTC",,Full-time,,,Admin/Service – Office Support,HARD_PASS,hard pass title pattern: engineer,ADDITIONAL,,,0.350,workable-80EFF03629,https://apply.workable.com/j/80EFF03629,https://apply.workable.com/j/80EFF03629,,Workable XML job feed
HARD_PASS,Senior Project Manager,AVK,"London, England, GB",,MISSING,,"Tue, 21 Jul 2026 15:26:27 UTC",,Full-time,,,Admin/Service – Office Support,HARD_PASS,"hard pass title pattern: senior, manager",ADDITIONAL,,,0.314,workable-ACC4494B7C,https://apply.workable.com/j/ACC4494B7C,https://apply.workable.com/j/ACC4494B7C,,Workable XML job feed
HARD_PASS,Talent Specialist (UK and Europe),AVK,"London, England, GB",,MISSING,,"Tue, 18 Aug 2026 22:59:41 UTC",,,,,Admin/Service – Office Support,OUT_OF_SCOPE,no admin/service title classification match,ADDITIONAL,,,0.338,workable-AF2ECE2216,https://apply.workable.com/j/AF2ECE2216,https://apply.workable.com/j/AF2ECE2216,,Workable XML job feed
HARD_PASS,Director Transaction Advisory / Strategy (m/f/d),Avomind,"London, England, GB",,MISSING,,"Mon, 26 Jan 2026 14:18:14 UTC",,Full-time,,Consulting,Admin/Service – Office Support,OUT_OF_SCOPE,no admin/service title classification match,ADDITIONAL,,,0.412,workable-CEC4B9DF3D,https://apply.workable.com/j/CEC4B9DF3D,https://apply.workable.com/j/CEC4B9DF3D,,Workable XML job feed
HARD_PASS,Key Account Manager - UK Market,Avomind,"London, England, GB",,MISSING,,"Wed, 28 May 2025 08:37:38 UTC",,,,,Admin/Service – Office Support,HARD_PASS,"hard pass title pattern: account manager, manager",ADDITIONAL,,,0.374,workable-141CCB4B6C,https://apply.workable.com/j/141CCB4B6C,https://apply.workable.com/j/141CCB4B6C,,Workable XML job feed
HARD_PASS,Key Account Manager UK,Avomind,"London, England, GB",,MISSING,,"Mon, 06 Apr 2026 11:16:35 UTC",,Full-time,,,Admin/Service – Office Support,HARD_PASS,"hard pass title pattern: account manager, manager",ADDITIONAL,,,0.364,workable-6E77691C4A,https://apply.workable.com/j/6E77691C4A,https://apply.workable.com/j/6E77691C4A,,Workable XML job feed
HARD_PASS,Regional Manager - UK & Ireland,Avomind,"London, England, GB",,MISSING,,"Mon, 01 Dec 2025 14:51:53 UTC",,Full-time,,Business Development,Admin/Service – Office Support,HARD_PASS,hard pass title pattern: manager,ADDITIONAL,,,0.388,workable-8CF649377E,https://apply.workable.com/j/8CF649377E,https://apply.workable.com/j/8CF649377E,,Workable XML job feed
HARD_PASS,Research Compliance Manager,Avomind,"London, England, GB","£50,000–£60,000",USABLE_REVIEW,"from a top university or other relevant law degree is preferred but not required Benefits £50,000-60,000 fixed annual base salary, plus opportunity to earn performance based bonus 4% matched pens","Mon, 27 Apr 2026 06:49:36 UTC",,Full-time,,,Admin/Service – Office Support,HARD_PASS,"hard pass title pattern: manager, compliance",ADDITIONAL,,,0.401,workable-876EBE35DC,https://apply.workable.com/j/876EBE35DC,https://apply.workable.com/j/876EBE35DC,,Workable XML job feed
HARD_PASS,Sales Development Representative,Avomind,"London, England, GB",,MISSING,,"Thu, 11 Dec 2025 13:01:16 UTC",,,,,Admin/Service – Office Support,OUT_OF_SCOPE,no admin/service title classification match,ADDITIONAL,,,0.420,workable-1C9B0A652B,https://apply.workable.com/j/1C9B0A652B,https://apply.workable.com/j/1C9B0A652B,,Workable XML job feed
HARD_PASS,Vice President Transaction Advisory / Strategy (m/f/d),Avomind,"London, England, GB",,MISSING,,"Mon, 26 Jan 2026 14:20:55 UTC",,Full-time,,Consulting,Admin/Service – Office Support,OUT_OF_SCOPE,no admin/service title classification match,ADDITIONAL,,,0.395,workable-4D9927D48B,https://apply.workable.com/j/4D9927D48B,https://apply.workable.com/j/4D9927D48B,,Workable XML job feed
HARD_PASS,Head of Desk (Sales) - IBAN Solutions,Ballinger Group,"London, England, GB",,MISSING,,"Tue, 10 Feb 2026 13:58:55 UTC",,Full-time,,Sales,Admin/Service – Office Support,OUT_OF_SCOPE,no admin/service title classification match,ADDITIONAL,,,0.468,workable-F268E3FFA2,https://apply.workable.com/j/F268E3FFA2,https://apply.workable.com/j/F268E3FFA2,,Workable XML job feed
HARD_PASS,IBAN Salesperson - Corporate & Institutional FX,Ballinger Group,"London, England, GB",,MISSING,,"Tue, 10 Feb 2026 13:59:25 UTC",,Full-time,,Sales,Admin/Service – Office Support,OUT_OF_SCOPE,no admin/service title classification match,ADDITIONAL,,,0.448,workable-6EC0BBDC94,https://apply.workable.com/j/6EC0BBDC94,https://apply.workable.com/j/6EC0BBDC94,,Workable XML job feed
HARD_PASS,Junior Treasury and Bank Reconciliation Officer,Ballinger Group,"London, England, GB",,MISSING,,"Thu, 21 May 2026 13:12:09 UTC",,Full-time,,,Admin/Service – Office Support,OUT_OF_SCOPE,no admin/service title classification match,ADDITIONAL,,,0.486,workable-2AAB807C70,https://apply.workable.com/j/2AAB807C70,https://apply.workable.com/j/2AAB807C70,,Workable XML job feed
HARD_PASS,Building Surveyor,Barker Associates,"London, England, GB",,MISSING,,"Fri, 17 Jul 2026 11:29:15 UTC",,Full-time,,,Admin/Service – Office Support,OUT_OF_SCOPE,no admin/service title classification match,ADDITIONAL,,,0.509,workable-977C441E50,https://apply.workable.com/j/977C441E50,https://apply.workable.com/j/977C441E50,,Workable XML job feed
HARD_PASS,Civil Engineer,Barker Associates,"London, England, GB",,MISSING,,"Tue, 23 Jun 2026 15:26:04 UTC",,Full-time,,Engineering,Admin/Service – Office Support,HARD_PASS,hard pass title pattern: engineer,ADDITIONAL,,,0.437,workable-6EA7668837,https://apply.workable.com/j/6EA7668837,https://apply.workable.com/j/6EA7668837,,Workable XML job feed
HARD_PASS,Agency Group Head,Bauer Media Outdoor,"London, England, GB",,MISSING,,"Fri, 24 Jul 2026 08:55:02 UTC",,,,Sales,Admin/Service – Office Support,OUT_OF_SCOPE,no admin/service title classification match,ADDITIONAL,,,0.386,workable-0CA7179CE8,https://apply.workable.com/j/0CA7179CE8,https://apply.workable.com/j/0CA7179CE8,,Workable XML job feed
HARD_PASS,Campaign Planning Executive,Bauer Media Outdoor,"London, England, GB","£32,775",USABLE_REVIEW,"it for you? A starting salary of £30,500 pa, plus a quarterly bonus scheme of 15% (OTI of £32,775pa) A comprehensive development plan with milestones, salary and bonus increases baked in","Fri, 31 Jul 2026 10:05:33 UTC",,,,Sales,Admin/Service – Office Support,OUT_OF_SCOPE,no admin/service title classification match,ADDITIONAL,,,0.416,workable-BFBE610829,https://apply.workable.com/j/BFBE610829,https://apply.workable.com/j/BFBE610829,,Workable XML job feed
HARD_PASS,Compliance Operations Paralegal,Bauer Media Outdoor,"London, England, GB",,MISSING,,"Tue, 21 Jul 2026 13:53:51 UTC",,,,,Admin/Service – Office Support,HARD_PASS,"hard pass title pattern: legal, compliance",ADDITIONAL,,,0.442,workable-75EC2BB379,https://apply.workable.com/j/75EC2BB379,https://apply.workable.com/j/75EC2BB379,,Workable XML job feed
HARD_PASS,Executive Assistant,Bauer Media Outdoor,"London, England, GB",,MISSING,,"Thu, 13 Aug 2026 14:53:15 UTC",,Full-time,,,Admin/Service – Office Support,OUT_OF_SCOPE,title register: no admin/service title classification match,ADDITIONAL,,,0.518,workable-9C22D72C5D,https://apply.workable.com/j/9C22D72C5D,https://apply.workable.com/j/9C22D72C5D,,Workable XML job feed
HARD_PASS,Executive Producer - Outdoor Creative Solutions,Bauer Media Outdoor,"London, England, GB",,MISSING,,"Fri, 24 Jul 2026 15:54:24 UTC",,,,Business Development,Admin/Service – Office Support,OUT_OF_SCOPE,no admin/service title classification match,ADDITIONAL,,,0.405,workable-5AAF50D173,https://apply.workable.com/j/5AAF50D173,https://apply.workable.com/j/5AAF50D173,,Workable XML job feed
HARD_PASS,Junior Accounts Payable Assistant,Bauer Media Outdoor,"London, England, GB","£30,000",USABLE_REVIEW,"e a culture that we're so proud of. We're a great place to do great work, for all. Salary £30k Participation in our 8% annual core scheme Flexible working (this generally looks like 3","Mon, 10 Aug 2026 09:17:08 UTC",,,,,Admin/Service – Office Support,OUT_OF_SCOPE,no admin/service title classification match,ADDITIONAL,,,0.465,workable-40BB43445A,https://apply.workable.com/j/40BB43445A,https://apply.workable.com/j/40BB43445A,,Workable XML job feed
HARD_PASS,Junior Graphic Designer,Bauer Media Outdoor,"London, England, GB",,MISSING,,"Mon, 17 Aug 2026 14:50:50 UTC",,,,Marketing,Admin/Service – Office Support,OUT_OF_SCOPE,no admin/service title classification match,ADDITIONAL,,,0.386,workable-AB0E4587DC,https://apply.workable.com/j/AB0E4587DC,https://apply.workable.com/j/AB0E4587DC,,Workable XML job feed
HARD_PASS,Project Manager - Mobilisation Programme - 6 months FTC,Bauer Media Outdoor,"London, England, GB",,MISSING,,"Mon, 20 Jul 2026 16:09:58 UTC",,Contract,,Business Development,Admin/Service – Office Support,HARD_PASS,hard pass title pattern: manager,ADDITIONAL,,,0.381,workable-AA460F2FF4,https://apply.workable.com/j/AA460F2FF4,https://apply.workable.com/j/AA460F2FF4,,Workable XML job feed
HARD_PASS,"Project Manager, Special Projects & Infrastructure",Bauer Media Outdoor,"London, England, GB",,MISSING,,"Tue, 07 Jul 2026 12:46:41 UTC",,,,,Admin/Service – Office Support,HARD_PASS,hard pass title pattern: manager,ADDITIONAL,,,0.390,workable-1D12AC4EDB,https://apply.workable.com/j/1D12AC4EDB,https://apply.workable.com/j/1D12AC4EDB,,Workable XML job feed
HARD_PASS,Senior People Partner - Delivery & Construction,Bauer Media Outdoor,"London, England, GB",,MISSING,,"Tue, 07 Jul 2026 16:14:26 UTC",,Full-time,,Human Resources,Admin/Service – Office Support,HARD_PASS,hard pass title pattern: senior,ADDITIONAL,,,0.409,workable-A7AF08936F,https://apply.workable.com/j/A7AF08936F,https://apply.workable.com/j/A7AF08936F,,Workable XML job feed
HARD_PASS,Senior Software Engineer,Bauer Media Outdoor,"London, England, GB",,MISSING,,"Mon, 12 Jan 2026 18:22:13 UTC",,,,,Admin/Service – Office Support,HARD_PASS,"hard pass title pattern: engineer, senior",ADDITIONAL,,,0.419,workable-77B716A1E9,https://apply.workable.com/j/77B716A1E9,https://apply.workable.com/j/77B716A1E9,,Workable XML job feed
HARD_PASS,Senior Solutions Architect,Bauer Media Outdoor,"London, England, GB",,MISSING,,"Thu, 04 Jun 2026 13:07:52 UTC",,,,,Admin/Service – Office Support,HARD_PASS,hard pass title pattern: senior,ADDITIONAL,,,0.445,workable-55AA66445F,https://apply.workable.com/j/55AA66445F,https://apply.workable.com/j/55AA66445F,,Workable XML job feed
HARD_PASS,Trading Executive,Bauer Media Outdoor,"London, England, GB","£30,500",USABLE_REVIEW,"rks collaboratively towards team and wider business goals What’s in it for you? Salary of £30,500 + quarterly Group commission Flexible working and a hybrid setup (this typically look like","Wed, 12 Aug 2026 16:34:33 UTC",,,,Sales,Admin/Service – Office Support,OUT_OF_SCOPE,no admin/service title classification match,ADDITIONAL,,,0.434,workable-3578E399DB,https://apply.workable.com/j/3578E399DB,https://apply.workable.com/j/3578E399DB,,Workable XML job feed
HARD_PASS,Head of Legal & Business Affairs (FTC),BBC Maestro,"London, England, GB","£90,000–£99,000",USABLE_REVIEW,"id from our Kings Cross office 2 days per week. The salary range for this role is between £90,000-£99,000 (per annum, and prorated to a 4 days per week) Your responsibilities Day to day, you will","Fri, 31 Jul 2026 16:06:46 UTC",,,,,Admin/Service – Office Support,HARD_PASS,hard pass title pattern: legal,ADDITIONAL,,,0.432,workable-8425306459,https://apply.workable.com/j/8425306459,https://apply.workable.com/j/8425306459,,Workable XML job feed
HARD_PASS,Business Analyst - CTRM,BBGC,"London, England, GB",,MISSING,,"Thu, 30 Apr 2026 06:20:22 UTC",,,,,Admin/Service – Office Support,OUT_OF_SCOPE,no admin/service title classification match,ADDITIONAL,,,0.382,workable-DA196435F5,https://apply.workable.com/j/DA196435F5,https://apply.workable.com/j/DA196435F5,,Workable XML job feed
HARD_PASS,Consultant - CTRM,BBGC,"London, England, GB",,MISSING,,"Tue, 23 Jun 2026 11:56:23 UTC",,,,,Admin/Service – Office Support,OUT_OF_SCOPE,no admin/service title classification match,ADDITIONAL,,,0.356,workable-F719CE019C,https://apply.workable.com/j/F719CE019C,https://apply.workable.com/j/F719CE019C,,Workable XML job feed
HARD_PASS,CTRM Architect,BBGC,"London, England, GB",,MISSING,,"Fri, 26 Sep 2025 09:12:31 UTC",,,,,Admin/Service – Office Support,OUT_OF_SCOPE,no admin/service title classification match,ADDITIONAL,,,0.358,workable-691182D2D5,https://apply.workable.com/j/691182D2D5,https://apply.workable.com/j/691182D2D5,,Workable XML job feed
HARD_PASS,Behaviour Support Therapist - London,Beam ABA Services,"London, England, GB","£25,000–£27,300",USABLE_REVIEW,"£14 depending on qualifications and experience, Immediate salary for full-time staff from £25,000- £27,300 based on 37.5 hour working week - overtime hours available. You should have availability t","Wed, 24 Sep 2025 20:08:37 UTC",,Full-time,,Other,Admin/Service – Office Support,HARD_PASS,hard pass title pattern: therapist,ADDITIONAL,,,0.476,workable-C46C25AACA,https://apply.workable.com/j/C46C25AACA,https://apply.workable.com/j/C46C25AACA,,Workable XML job feed
HARD_PASS,Behaviour Technician - London,Beam ABA Services,"London, England, GB","£25,642–£27,787",USABLE_REVIEW,".25 depending on qualifications and experience, Immediate salary for full-time staff from £25,642- £27,787 based on 37.5 hour working week - overtime hours available. You should have availability t","Wed, 25 Mar 2026 09:59:03 UTC",,Full-time,,Other,Admin/Service – Office Support,HARD_PASS,hard pass title pattern: technician,ADDITIONAL,,,0.491,workable-A57DFAD9C1,https://apply.workable.com/j/A57DFAD9C1,https://apply.workable.com/j/A57DFAD9C1,,Workable XML job feed
HARD_PASS,Product Support Specialist (Part-Time),Bedrock Learning,"London, England, GB","£15,000–£18,750",USABLE_REVIEW,"Location: Remote Type: Part-Time (24 hours per week) Salary: £15,000-£18,750 DOE. Team: Digital, Data & Technology Supported by: Head of Product Closing date: Wednesda","Wed, 12 Aug 2026 08:44:11 UTC",,Part-time,Remote,Customer Service,Admin/Service – Office Support,OUT_OF_SCOPE,no admin/service title classification match,ADDITIONAL,,,0.465,workable-2B5B63FAA1,https://apply.workable.com/j/2B5B63FAA1,https://apply.workable.com/j/2B5B63FAA1,,Workable XML job feed
HARD_PASS,Chef de Partie,Belmond,"London, England, GB",,MISSING,,"Thu, 09 Apr 2026 10:58:45 UTC",,Full-time,,,Admin/Service – Office Support,HARD_PASS,hard pass title pattern: chef,ADDITIONAL,,,0.438,workable-DD4BC52E8F,https://apply.workable.com/j/DD4BC52E8F,https://apply.workable.com/j/DD4BC52E8F,,Workable XML job feed
HARD_PASS,Chef de Partie,Belmond,"London, England, GB",,MISSING,,"Wed, 15 Jul 2026 15:47:03 UTC",,Full-time,,,Admin/Service – Office Support,HARD_PASS,hard pass title pattern: chef,ADDITIONAL,,,0.438,workable-F41D2FFF1F,https://apply.workable.com/j/F41D2FFF1F,https://apply.workable.com/j/F41D2FFF1F,,Workable XML job feed
HARD_PASS,Commis Chef,Belmond,"London, England, GB",,MISSING,,"Mon, 17 Aug 2026 11:12:59 UTC",,Temporary,,,Admin/Service – Office Support,HARD_PASS,hard pass title pattern: chef,ADDITIONAL,,,0.376,workable-DF0E08CBE7,https://apply.workable.com/j/DF0E08CBE7,https://apply.workable.com/j/DF0E08CBE7,,Workable XML job feed
HARD_PASS,Food & Beverage Steward,Belmond,"London, England, GB",,MISSING,,"Thu, 23 Apr 2026 13:44:41 UTC",,Full-time,,,Admin/Service – Office Support,OUT_OF_SCOPE,no admin/service title classification match,ADDITIONAL,,,0.402,workable-31A86BE8B2,https://apply.workable.com/j/31A86BE8B2,https://apply.workable.com/j/31A86BE8B2,,Workable XML job feed
HARD_PASS,Food & Beverage Steward,Belmond,"London, England, GB",,MISSING,,"Fri, 12 Jun 2026 13:00:23 UTC",,Full-time,,,Admin/Service – Office Support,OUT_OF_SCOPE,no admin/service title classification match,ADDITIONAL,,,0.402,workable-71720E7466,https://apply.workable.com/j/71720E7466,https://apply.workable.com/j/71720E7466,,Workable XML job feed
HARD_PASS,Global Wellness Manager,Belmond,"London, England, GB",,MISSING,,"Mon, 29 Jun 2026 11:37:23 UTC",,Full-time,,,Admin/Service – Office Support,HARD_PASS,hard pass title pattern: manager,ADDITIONAL,,,0.410,workable-27393264C6,https://apply.workable.com/j/27393264C6,https://apply.workable.com/j/27393264C6,,Workable XML job feed
HARD_PASS,Housekeeping Steward,Belmond,"London, England, GB",,MISSING,,"Fri, 19 Jun 2026 10:12:07 UTC",,Full-time,,,Admin/Service – Office Support,OUT_OF_SCOPE,no admin/service title classification match,ADDITIONAL,,,0.428,workable-A3AAA73171,https://apply.workable.com/j/A3AAA73171,https://apply.workable.com/j/A3AAA73171,,Workable XML job feed
HARD_PASS,Housekeeping Supervisor,Belmond,"London, England, GB",,MISSING,,"Thu, 13 Aug 2026 10:50:15 UTC",,Temporary,,,Admin/Service – Office Support,OUT_OF_SCOPE,no admin/service title classification match,ADDITIONAL,,,0.457,workable-6DD0EB12ED,https://apply.workable.com/j/6DD0EB12ED,https://apply.workable.com/j/6DD0EB12ED,,Workable XML job feed
HARD_PASS,Merchandise Manager,Belmond,"London, England, GB",,MISSING,,"Wed, 08 Jul 2026 14:24:37 UTC",,Full-time,,Marketing,Admin/Service – Office Support,HARD_PASS,hard pass title pattern: manager,ADDITIONAL,,,0.432,workable-D838AA2F21,https://apply.workable.com/j/D838AA2F21,https://apply.workable.com/j/D838AA2F21,,Workable XML job feed
HARD_PASS,Travel Advisor,Belmond,"London, England, GB",,MISSING,,"Mon, 17 Aug 2026 15:43:03 UTC",,Full-time,,,Admin/Service – Office Support,OUT_OF_SCOPE,no admin/service title classification match,ADDITIONAL,,,0.516,workable-5412813227,https://apply.workable.com/j/5412813227,https://apply.workable.com/j/5412813227,,Workable XML job feed
HARD_PASS,Senior Software Engineer (AI-Native Development),Benivo Limited,"London, England, GB",,MISSING,,"Wed, 20 May 2026 14:32:36 UTC",,Full-time,,,Admin/Service – Office Support,HARD_PASS,"hard pass title pattern: engineer, senior",ADDITIONAL,,,0.450,workable-35D654F143,https://apply.workable.com/j/35D654F143,https://apply.workable.com/j/35D654F143,,Workable XML job feed
HARD_PASS,Director of Sales - Algorithmic & Electronic Trading,BestEx Research,"London, England, GB",,MISSING,,"Thu, 05 Mar 2026 13:20:25 UTC",,,,,Admin/Service – Office Support,OUT_OF_SCOPE,no admin/service title classification match,ADDITIONAL,,,0.421,workable-988CD433EC,https://apply.workable.com/j/988CD433EC,https://apply.workable.com/j/988CD433EC,,Workable XML job feed
HARD_PASS,European Equity Electronic Trading Product Manager,BestEx Research,"London, England, GB",,MISSING,,"Thu, 06 Nov 2025 12:44:43 UTC",,,,Product Management,Admin/Service – Office Support,HARD_PASS,hard pass title pattern: manager,ADDITIONAL,,,0.445,workable-B4D95FDDA6,https://apply.workable.com/j/B4D95FDDA6,https://apply.workable.com/j/B4D95FDDA6,,Workable XML job feed
HARD_PASS,"Managing Director, European Electronic Equity Sales",BestEx Research,"London, England, GB",,MISSING,,"Thu, 06 Nov 2025 13:31:43 UTC",,,,,Admin/Service – Office Support,OUT_OF_SCOPE,no admin/service title classification match,ADDITIONAL,,,0.433,workable-434A3C0241,https://apply.workable.com/j/434A3C0241,https://apply.workable.com/j/434A3C0241,,Workable XML job feed
HARD_PASS,Leasing Consultant,Betterhomes,"London, England, GB",,MISSING,,"Tue, 30 Jun 2026 08:45:44 UTC",,Full-time,,Sales,Admin/Service – Office Support,OUT_OF_SCOPE,no admin/service title classification match,ADDITIONAL,,,0.430,workable-ABC38E9700,https://apply.workable.com/j/ABC38E9700,https://apply.workable.com/j/ABC38E9700,,Workable XML job feed
HARD_PASS,Leasing Consultant (Relocation to Dubai),Betterhomes,"London, England, GB",,MISSING,,"Thu, 20 Aug 2026 13:08:50 UTC",,Full-time,,Sales,Admin/Service – Office Support,OUT_OF_SCOPE,no admin/service title classification match,ADDITIONAL,,,0.428,workable-42A1161CC4,https://apply.workable.com/j/42A1161CC4,https://apply.workable.com/j/42A1161CC4,,Workable XML job feed
HARD_PASS,Digital Workplace Consultant,Beyond,"London, England, GB",,MISSING,,"Tue, 09 Jun 2026 19:48:09 UTC",,Full-time,,,Admin/Service – Office Support,OUT_OF_SCOPE,no admin/service title classification match,ADDITIONAL,,,0.441,workable-9550B508D1,https://apply.workable.com/j/9550B508D1,https://apply.workable.com/j/9550B508D1,,Workable XML job feed
HARD_PASS,Senior Cloud Security Engineer (SecOps),Beyond,"London, England, GB",,MISSING,,"Thu, 11 Jun 2026 12:08:47 UTC",,Full-time,,Consulting,Admin/Service – Office Support,HARD_PASS,"hard pass title pattern: engineer, senior",ADDITIONAL,,,0.416,workable-34C475636D,https://apply.workable.com/j/34C475636D,https://apply.workable.com/j/34C475636D,,Workable XML job feed
HARD_PASS,Senior Data Privacy Consultant,Beyond,"London, England, GB",,MISSING,,"Thu, 11 Jun 2026 12:08:45 UTC",,Full-time,,,Admin/Service – Office Support,HARD_PASS,hard pass title pattern: senior,ADDITIONAL,,,0.429,workable-EDCA17FF10,https://apply.workable.com/j/EDCA17FF10,https://apply.workable.com/j/EDCA17FF10,,Workable XML job feed
HARD_PASS,Engineering Supervisor - Shift,Biffa Waste Services,"London, Greater London, GB","£55,896",USABLE_REVIEW,"ence as a Shift Engineering Supervisor at our MRF in Edmonton. Location: Edmonton Salary: £55,895.84 per annum + London Weighting Allowance Shift Pattern: 4 on, 4 off, rotating 2 days and 2 n","Mon, 27 Jul 2026 10:01:01 UTC",,Full-time,,Engineering,Admin/Service – Office Support,HARD_PASS,hard pass title pattern: engineer,ADDITIONAL,,,0.475,workable-BE8084170B,https://apply.workable.com/j/BE8084170B,https://apply.workable.com/j/BE8084170B,,Workable XML job feed
HARD_PASS,Full Stack Developer (Flutter-focused),Big Potato,"London, England, GB",,MISSING,,"Thu, 06 Aug 2026 08:10:34 UTC",,Full-time,,Engineering,Admin/Service – Office Support,OUT_OF_SCOPE,no admin/service title classification match,ADDITIONAL,,,0.354,workable-690ED920DA,https://apply.workable.com/j/690ED920DA,https://apply.workable.com/j/690ED920DA,,Workable XML job feed
HARD_PASS,Business Development Lead,Bionic Services Ltd,"London, England, GB",,MISSING,,"Fri, 31 Jul 2026 18:12:05 UTC",,Full-time,,Sales,Admin/Service – Office Support,HARD_PASS,hard pass title pattern: business development,ADDITIONAL,,,0.469,workable-8431A41C65,https://apply.workable.com/j/8431A41C65,https://apply.workable.com/j/8431A41C65,,Workable XML job feed
HARD_PASS,Commercial Insurance Broker,Bionic Services Ltd,"London, England, GB","£27,000–£35,000",USABLE_REVIEW,"ng progression, commission scheme and your Bionic funded CII qualification! Base salary : £27,000 - £35,000 (dependant on experience) OTE: up to £47,000 🚀 The Bionic Group We are Bionic, the UK’s nu","Mon, 15 Jun 2026 15:59:31 UTC",,Full-time,,Sales,Admin/Service – Office Support,OUT_OF_SCOPE,no admin/service title classification match,ADDITIONAL,,,0.512,workable-2BD701F4ED,https://apply.workable.com/j/2BD701F4ED,https://apply.workable.com/j/2BD701F4ED,,Workable XML job feed
HARD_PASS,Energy Renewals Expert,Bionic Services Ltd,"London, England, GB","£27,000",USABLE_REVIEW,"Role: Energy Renewals Expert Salary: £27,000 + OTE up to £45k Location: London (Liverpool Street) At Bionic, we’re on a mission to make","Mon, 10 Aug 2026 16:33:24 UTC",,Full-time,,,Admin/Service – Office Support,OUT_OF_SCOPE,no admin/service title classification match,ADDITIONAL,,,0.515,workable-E98565206F,https://apply.workable.com/j/E98565206F,https://apply.workable.com/j/E98565206F,,Workable XML job feed
HARD_PASS,Insurance Process Administrator,Bionic Services Ltd,"London, England, GB",,MISSING,,"Wed, 05 Aug 2026 11:17:05 UTC",,Full-time,,Administrative,Admin/Service – Office Support,HIGH_CONFIDENCE,high-confidence title pattern: administrator,ADDITIONAL,,,0.619,workable-CB7C5D5BC6,https://apply.workable.com/j/CB7C5D5BC6,https://apply.workable.com/j/CB7C5D5BC6,,Workable XML job feed
HARD_PASS,Insurance Quality Lead,Bionic Services Ltd,"London, England, GB",,MISSING,,"Tue, 21 Jul 2026 11:36:14 UTC",,Full-time,,Sales,Admin/Service – Office Support,OUT_OF_SCOPE,no admin/service title classification match,ADDITIONAL,,,0.491,workable-33111AE7D3,https://apply.workable.com/j/33111AE7D3,https://apply.workable.com/j/33111AE7D3,,Workable XML job feed
HARD_PASS,Insurance Sales Manager,Bionic Services Ltd,"London, England, GB",,MISSING,,"Thu, 06 Aug 2026 13:11:29 UTC",,Full-time,,Sales,Admin/Service – Office Support,HARD_PASS,hard pass title pattern: manager,ADDITIONAL,,,0.514,workable-390AC8B783,https://apply.workable.com/j/390AC8B783,https://apply.workable.com/j/390AC8B783,,Workable XML job feed
HARD_PASS,Office Manager,Bionic Services Ltd,"London, England, GB",,MISSING,,"Tue, 18 Aug 2026 15:03:06 UTC",,Full-time,,General Business,Admin/Service – Office Support,HARD_PASS,hard pass title pattern: manager,ADDITIONAL,,,0.463,workable-B35E05F3DC,https://apply.workable.com/j/B35E05F3DC,https://apply.workable.com/j/B35E05F3DC,,Workable XML job feed
HARD_PASS,Sales Team Leader,Bionic Services Ltd,"London, England, GB",,MISSING,,"Sat, 15 Aug 2026 19:23:26 UTC",,Full-time,,Sales,Admin/Service – Office Support,OUT_OF_SCOPE,no admin/service title classification match,ADDITIONAL,,,0.475,workable-615969023E,https://apply.workable.com/j/615969023E,https://apply.workable.com/j/615969023E,,Workable XML job feed
HARD_PASS,Senior Commercial Manager - Insurance,Bionic Services Ltd,"London, England, GB",,MISSING,,"Fri, 14 Aug 2026 19:08:47 UTC",,Full-time,,Business Analyst,Admin/Service – Office Support,HARD_PASS,"hard pass title pattern: senior, manager",ADDITIONAL,,,0.490,workable-8B88CDC111,https://apply.workable.com/j/8B88CDC111,https://apply.workable.com/j/8B88CDC111,,Workable XML job feed
HARD_PASS,Senior Data Engineer,Bionic Services Ltd,"London, England, GB",,MISSING,,"Fri, 19 Jun 2026 13:48:56 UTC",,Full-time,,Information Technology,Admin/Service – Office Support,HARD_PASS,"hard pass title pattern: engineer, senior",ADDITIONAL,,,0.504,workable-CEF4B72690,https://apply.workable.com/j/CEF4B72690,https://apply.workable.com/j/CEF4B72690,,Workable XML job feed
HARD_PASS,Supplier & Operations Manager,Bionic Services Ltd,"London, England, GB",,MISSING,,"Sat, 15 Aug 2026 19:59:57 UTC",,Full-time,,General Business,Admin/Service – Office Support,HARD_PASS,"hard pass title pattern: operations manager, manager",ADDITIONAL,,,0.530,workable-9C1F5CD35A,https://apply.workable.com/j/9C1F5CD35A,https://apply.workable.com/j/9C1F5CD35A,,Workable XML job feed
HARD_PASS,Telco Sales Agent,Bionic Services Ltd,"London, England, GB",,MISSING,,"Wed, 12 Aug 2026 12:38:11 UTC",,Full-time,,Sales,Admin/Service – Office Support,OUT_OF_SCOPE,no admin/service title classification match,ADDITIONAL,,,0.505,workable-46B650D921,https://apply.workable.com/j/46B650D921,https://apply.workable.com/j/46B650D921,,Workable XML job feed
HARD_PASS,Trainee Sales Consultant,Bionic Services Ltd,"London, England, GB","£24,000",USABLE_REVIEW,"Role: Trainee Sales Consultant Salary: £24,000 + OTE up to £35k Location: London (Liverpool Street) At Bionic , we’re on a mission to mak","Mon, 27 Jul 2026 13:16:52 UTC",,Full-time,,Sales,Admin/Service – Office Support,HARD_PASS,hard pass title pattern: sales consultant,ADDITIONAL,,,0.545,workable-72462AD643,https://apply.workable.com/j/72462AD643,https://apply.workable.com/j/72462AD643,,Workable XML job feed
HARD_PASS,Fraud Manager,Bits,"London, England, GB",,MISSING,,"Wed, 29 Jul 2026 11:21:13 UTC",,Full-time,,,Admin/Service – Office Support,HARD_PASS,hard pass title pattern: manager,ADDITIONAL,,,0.374,workable-1C947AE9BA,https://apply.workable.com/j/1C947AE9BA,https://apply.workable.com/j/1C947AE9BA,,Workable XML job feed
HARD_PASS,Senior Customer Support Agent,Bits,"London, England, GB",,MISSING,,"Thu, 06 Aug 2026 17:13:18 UTC",,Full-time,,Customer Service,Admin/Service – Office Support,HARD_PASS,hard pass title pattern: senior,ADDITIONAL,,,0.393,workable-449BBDD836,https://apply.workable.com/j/449BBDD836,https://apply.workable.com/j/449BBDD836,,Workable XML job feed
HARD_PASS,Lead Machine Learning Research Engineer,Blankstate,"London, England, GB","£95,000–£140,000",USABLE_REVIEW,"you shipped as customer-visible product behaviour. Benefits What we offer Base salary of £95,000 – £140,000 annually (dependent on experience). Meaningful share-pool participation in a UK-based deep","Thu, 23 Jul 2026 06:51:59 UTC",,Full-time,,Engineering,Admin/Service – Office Support,HARD_PASS,hard pass title pattern: engineer,ADDITIONAL,,,0.440,workable-A2844A183B,https://apply.workable.com/j/A2844A183B,https://apply.workable.com/j/A2844A183B,,Workable XML job feed
HARD_PASS,Full Stack Engineer,Blink - The Employee App,"London, England, GB",,MISSING,,"Mon, 18 May 2026 14:56:28 UTC",,,,,Admin/Service – Office Support,HARD_PASS,hard pass title pattern: engineer,ADDITIONAL,,,0.391,workable-0482D54D1E,https://apply.workable.com/j/0482D54D1E,https://apply.workable.com/j/0482D54D1E,,Workable XML job feed
HARD_PASS,Head of Commercial Finance,Blink - The Employee App,"London, England, GB",,MISSING,,"Tue, 02 Jun 2026 08:33:07 UTC",,Full-time,,Finance,Admin/Service – Office Support,OUT_OF_SCOPE,no admin/service title classification match,ADDITIONAL,,,0.420,workable-D0BBDEA094,https://apply.workable.com/j/D0BBDEA094,https://apply.workable.com/j/D0BBDEA094,,Workable XML job feed
HARD_PASS,Product Designer,Blink - The Employee App,"London, England, GB",,MISSING,,"Mon, 18 May 2026 19:37:00 UTC",,,,,Admin/Service – Office Support,OUT_OF_SCOPE,no admin/service title classification match,ADDITIONAL,,,0.401,workable-8908B20EED,https://apply.workable.com/j/8908B20EED,https://apply.workable.com/j/8908B20EED,,Workable XML job feed
HARD_PASS,Product Manager,Blink - The Employee App,"London, England, GB",,MISSING,,"Fri, 09 Jan 2026 11:01:24 UTC",,,,,Admin/Service – Office Support,HARD_PASS,hard pass title pattern: manager,ADDITIONAL,,,0.402,workable-FF737B4DDB,https://apply.workable.com/j/FF737B4DDB,https://apply.workable.com/j/FF737B4DDB,,Workable XML job feed
HARD_PASS,Senior Data Engineer,Blink - The Employee App,"London, England, GB",,MISSING,,"Tue, 28 Apr 2026 14:30:46 UTC",,,,,Admin/Service – Office Support,HARD_PASS,"hard pass title pattern: engineer, senior",ADDITIONAL,,,0.453,workable-3158825149,https://apply.workable.com/j/3158825149,https://apply.workable.com/j/3158825149,,Workable XML job feed
HARD_PASS,Senior Product Marketing Manager,Blink - The Employee App,"London, England, GB",,MISSING,,"Thu, 02 Jul 2026 13:22:59 UTC",,Full-time,,Marketing,Admin/Service – Office Support,HARD_PASS,"hard pass title pattern: senior, manager",ADDITIONAL,,,0.460,workable-57F19F4AF1,https://apply.workable.com/j/57F19F4AF1,https://apply.workable.com/j/57F19F4AF1,,Workable XML job feed
HARD_PASS,Assistant Centre Manager,blue gem,"London, England, GB","£35,000–£40,000",USABLE_REVIEW,"al London centres, supporting the Centre Manager and learning to run a building yourself. £35,000 to £40,000 base, plus up to 25% site bonus. This is a genuine springboard seat. You'll work alongside","Fri, 14 Aug 2026 17:50:28 UTC",,Full-time,,,Admin/Service – Office Support,HARD_PASS,hard pass title pattern: manager,ADDITIONAL,,,0.453,workable-04CDCBE943,https://apply.workable.com/j/04CDCBE943,https://apply.workable.com/j/04CDCBE943,,Workable XML job feed
HARD_PASS,Central Sales Manager,blue gem,"London, England, GB","£50,000–£55,000",USABLE_REVIEW,"s about to double in size, and a genuine springboard for someone with ambition and drive. £50,000 to £55,000 base, plus bonus and commission. As we expand, we're building a new commercial structure:","Thu, 09 Jul 2026 14:03:33 UTC",,Full-time,,,Admin/Service – Office Support,HARD_PASS,hard pass title pattern: manager,ADDITIONAL,,,0.431,workable-153363DA95,https://apply.workable.com/j/153363DA95,https://apply.workable.com/j/153363DA95,,Workable XML job feed
HARD_PASS,Centre Manager,blue gem,"London, England, GB",,MISSING,,"Thu, 06 Aug 2026 15:34:32 UTC",,Full-time,,,Admin/Service – Office Support,HARD_PASS,hard pass title pattern: manager,ADDITIONAL,,,0.456,workable-3005CDF2B3,https://apply.workable.com/j/3005CDF2B3,https://apply.workable.com/j/3005CDF2B3,,Workable XML job feed
HARD_PASS,Senior Quantitative Analyst,BMLL Technologies,"London, England, GB",,MISSING,,"Tue, 09 Jun 2026 10:07:50 UTC",,Full-time,,,Admin/Service – Office Support,HARD_PASS,hard pass title pattern: senior,ADDITIONAL,,,0.470,workable-973699A68A,https://apply.workable.com/j/973699A68A,https://apply.workable.com/j/973699A68A,,Workable XML job feed
HARD_PASS,Senior Software Engineer (AI & SaaS Applications),BMLL Technologies,"London, England, GB",,MISSING,,"Tue, 26 May 2026 11:34:29 UTC",,Full-time,,,Admin/Service – Office Support,HARD_PASS,"hard pass title pattern: engineer, senior",ADDITIONAL,,,0.413,workable-B31C431B53,https://apply.workable.com/j/B31C431B53,https://apply.workable.com/j/B31C431B53,,Workable XML job feed
HARD_PASS,UX/UI Designer,BMLL Technologies,"London, England, GB",,MISSING,,"Mon, 03 Aug 2026 15:52:06 UTC",,Full-time,,Design,Admin/Service – Office Support,OUT_OF_SCOPE,no admin/service title classification match,ADDITIONAL,,,0.391,workable-5B73B901BE,https://apply.workable.com/j/5B73B901BE,https://apply.workable.com/j/5B73B901BE,,Workable XML job feed
HARD_PASS,"Business Development Executive | PR, Branding & Digital Marketing | Dubai",Bond & Vale,"London, England, GB",,MISSING,,"Tue, 30 Jun 2026 16:55:00 UTC",,Full-time,,Business Development,Admin/Service – Office Support,HARD_PASS,hard pass title pattern: business development,ADDITIONAL,,,0.369,workable-378AACD04E,https://apply.workable.com/j/378AACD04E,https://apply.workable.com/j/378AACD04E,,Workable XML job feed
HARD_PASS,Cook School Associate,Borough Kitchen,"London, England, GB",,MISSING,,"Thu, 06 Aug 2026 13:56:03 UTC",,Part-time,,,Admin/Service – Office Support,HARD_PASS,"hard pass title pattern: school, cook",ADDITIONAL,,,0.431,workable-2C341CDDAE,https://apply.workable.com/j/2C341CDDAE,https://apply.workable.com/j/2C341CDDAE,,Workable XML job feed
HARD_PASS,Sales Associate - Borough Kitchen Battersea,Borough Kitchen,"London, England, GB",,MISSING,,"Mon, 10 Aug 2026 09:23:56 UTC",,Full-time,,Sales,Admin/Service – Office Support,OUT_OF_SCOPE,no admin/service title classification match,ADDITIONAL,,,0.412,workable-93A9BC2DCD,https://apply.workable.com/j/93A9BC2DCD,https://apply.workable.com/j/93A9BC2DCD,,Workable XML job feed
HARD_PASS,Sales Associate - Borough Kitchen Borough Market,Borough Kitchen,"London, England, GB",,MISSING,,"Mon, 10 Aug 2026 11:06:26 UTC",,Part-time,,,Admin/Service – Office Support,OUT_OF_SCOPE,no admin/service title classification match,ADDITIONAL,,,0.403,workable-EBA3BC63C2,https://apply.workable.com/j/EBA3BC63C2,https://apply.workable.com/j/EBA3BC63C2,,Workable XML job feed
HARD_PASS,Sales Associate - Borough Kitchen Chiswick,Borough Kitchen,"London, England, GB",,MISSING,,"Wed, 19 Aug 2026 17:45:36 UTC",,Full-time,,,Admin/Service – Office Support,OUT_OF_SCOPE,no admin/service title classification match,ADDITIONAL,,,0.404,workable-8C6F25C2CB,https://apply.workable.com/j/8C6F25C2CB,https://apply.workable.com/j/8C6F25C2CB,,Workable XML job feed
HARD_PASS,Senior Accounts Assistant,Borough Kitchen,"Islington, London, GB",,MISSING,,"Thu, 30 Jul 2026 12:10:05 UTC",,Full-time,,Accounting/Auditing,Admin/Service – Office Support,HARD_PASS,hard pass title pattern: senior,ADDITIONAL,,,0.521,workable-0FC4A447E5,https://apply.workable.com/j/0FC4A447E5,https://apply.workable.com/j/0FC4A447E5,,Workable XML job feed
HARD_PASS,Generative AI Engineer,Bridewell,"London, United Kingdom, GB",,MISSING,,"Fri, 15 May 2026 13:06:56 UTC",,Full-time,,Information Technology,Admin/Service – Office Support,HARD_PASS,hard pass title pattern: engineer,ADDITIONAL,,,0.397,workable-0841CB552C,https://apply.workable.com/j/0841CB552C,https://apply.workable.com/j/0841CB552C,,Workable XML job feed
HARD_PASS,Head of Cloud Engineering,Bridewell,"London, England, GB",,MISSING,,"Thu, 16 Jul 2026 16:19:44 UTC",,Full-time,,Consulting,Admin/Service – Office Support,HARD_PASS,hard pass title pattern: engineer,ADDITIONAL,,,0.452,workable-2FFC86BCB4,https://apply.workable.com/j/2FFC86BCB4,https://apply.workable.com/j/2FFC86BCB4,,Workable XML job feed
HARD_PASS,Senior Data Privacy Consultant,Bridewell,"London, England, GB",,MISSING,,"Wed, 12 Aug 2026 14:55:54 UTC",,Full-time,,Information Technology,Admin/Service – Office Support,HARD_PASS,hard pass title pattern: senior,ADDITIONAL,,,0.432,workable-EBE68C3A36,https://apply.workable.com/j/EBE68C3A36,https://apply.workable.com/j/EBE68C3A36,,Workable XML job feed
HARD_PASS,Senior Lead - Data Governance & Transformation,Bridewell,"London, England, GB",,MISSING,,"Thu, 13 Aug 2026 16:02:31 UTC",,Full-time,,Information Technology,Admin/Service – Office Support,HARD_PASS,hard pass title pattern: senior,ADDITIONAL,,,0.398,workable-243DCBB227,https://apply.workable.com/j/243DCBB227,https://apply.workable.com/j/243DCBB227,,Workable XML job feed
HARD_PASS,Senior Lead Microsoft Purview Consultant,Bridewell,"London, England, GB",,MISSING,,"Tue, 18 Aug 2026 15:52:22 UTC",,Full-time,,Information Technology,Admin/Service – Office Support,HARD_PASS,hard pass title pattern: senior,ADDITIONAL,,,0.416,workable-824B2A8731,https://apply.workable.com/j/824B2A8731,https://apply.workable.com/j/824B2A8731,,Workable XML job feed
HARD_PASS,Senior Penetration Tester,Bridewell,"London, England, GB",,MISSING,,"Mon, 10 Aug 2026 15:56:31 UTC",,Full-time,,Information Technology,Admin/Service – Office Support,HARD_PASS,hard pass title pattern: senior,ADDITIONAL,,,0.461,workable-98B383E8BC,https://apply.workable.com/j/98B383E8BC,https://apply.workable.com/j/98B383E8BC,,Workable XML job feed
HARD_PASS,Senior Security Consultant,Bridewell,"London, England, GB",,MISSING,,"Tue, 30 Jun 2026 09:55:27 UTC",,Full-time,,Consulting,Admin/Service – Office Support,HARD_PASS,hard pass title pattern: senior,ADDITIONAL,,,0.414,workable-62C53259E5,https://apply.workable.com/j/62C53259E5,https://apply.workable.com/j/62C53259E5,,Workable XML job feed
HARD_PASS,Senior Environment Artist,Brightrock Games,"London, England, GB",,MISSING,,"Fri, 14 Aug 2026 09:59:20 UTC",,Contract,Remote,Art/Creative,Admin/Service – Office Support,HARD_PASS,hard pass title pattern: senior,ADDITIONAL,,,0.410,workable-7CDF3636D2,https://apply.workable.com/j/7CDF3636D2,https://apply.workable.com/j/7CDF3636D2,,Workable XML job feed
HARD_PASS,Casual Box Office Supervisor,Broadwick,"London, England, GB",,MISSING,,"Thu, 13 Aug 2026 16:15:19 UTC",,Temporary,,,Admin/Service – Office Support,OUT_OF_SCOPE,no admin/service title classification match,ADDITIONAL,,,0.409,workable-9CEF4EF9E0,https://apply.workable.com/j/9CEF4EF9E0,https://apply.workable.com/j/9CEF4EF9E0,,Workable XML job feed
HARD_PASS,Casual F&B Support,Broadwick,"London, England, GB",,MISSING,,"Thu, 13 Aug 2026 15:30:05 UTC",,Temporary,,,Admin/Service – Office Support,OUT_OF_SCOPE,no admin/service title classification match,ADDITIONAL,,,0.402,workable-7770902BAD,https://apply.workable.com/j/7770902BAD,https://apply.workable.com/j/7770902BAD,,Workable XML job feed
HARD_PASS,Casual Front of House Supervisor,Broadwick,"London, England, GB",,MISSING,,"Thu, 13 Aug 2026 15:30:53 UTC",,Temporary,,,Admin/Service – Office Support,HIGH_CONFIDENCE,high-confidence title pattern: front of house,ADDITIONAL,,,0.411,workable-BEFEA90110,https://apply.workable.com/j/BEFEA90110,https://apply.workable.com/j/BEFEA90110,,Workable XML job feed
HARD_PASS,Casual Ticket Scanner and Ushers,Broadwick,"London, England, GB",,MISSING,,"Thu, 13 Aug 2026 16:02:01 UTC",,Temporary,,,Admin/Service – Office Support,OUT_OF_SCOPE,no admin/service title classification match,ADDITIONAL,,,0.428,workable-B7B4B80CB1,https://apply.workable.com/j/B7B4B80CB1,https://apply.workable.com/j/B7B4B80CB1,,Workable XML job feed
HARD_PASS,Event Planner,Broadwick,"London, England, GB",,MISSING,,"Thu, 13 Aug 2026 16:53:53 UTC",,Full-time,,,Admin/Service – Office Support,ELASTIC_FIT,elastic-fit title pattern: planner,ADDITIONAL,,,0.463,workable-BA5438879D,https://apply.workable.com/j/BA5438879D,https://apply.workable.com/j/BA5438879D,,Workable XML job feed
HARD_PASS,Event Project Manager,Broadwick,"London, England, GB",,MISSING,,"Mon, 22 Jun 2026 12:08:11 UTC",,Full-time,,,Admin/Service – Office Support,HARD_PASS,hard pass title pattern: manager,ADDITIONAL,,,0.407,workable-AF1FB8FFAF,https://apply.workable.com/j/AF1FB8FFAF,https://apply.workable.com/j/AF1FB8FFAF,,Workable XML job feed
HARD_PASS,Head of Sales and Events,Broadwick,"London, England, GB",,MISSING,,"Fri, 24 Jul 2026 12:50:43 UTC",,Full-time,,,Admin/Service – Office Support,OUT_OF_SCOPE,no admin/service title classification match,ADDITIONAL,,,0.421,workable-02406C4E26,https://apply.workable.com/j/02406C4E26,https://apply.workable.com/j/02406C4E26,,Workable XML job feed
HARD_PASS,Junior Event Project Manager,Broadwick,"London, England, GB",,MISSING,,"Fri, 17 Jul 2026 10:54:06 UTC",,Full-time,,,Admin/Service – Office Support,HARD_PASS,hard pass title pattern: manager,ADDITIONAL,,,0.394,workable-DFC09562C2,https://apply.workable.com/j/DFC09562C2,https://apply.workable.com/j/DFC09562C2,,Workable XML job feed
HARD_PASS,People and Talent Partner,Broadwick,"London, England, GB",,MISSING,,"Wed, 08 Jul 2026 12:30:07 UTC",,Full-time,,,Admin/Service – Office Support,OUT_OF_SCOPE,no admin/service title classification match,ADDITIONAL,,,0.437,workable-923C200F5C,https://apply.workable.com/j/923C200F5C,https://apply.workable.com/j/923C200F5C,,Workable XML job feed
HARD_PASS,Sales and Events Executive,Broadwick,"London, England, GB",,MISSING,,"Mon, 20 Jul 2026 12:47:15 UTC",,Full-time,,,Admin/Service – Office Support,OUT_OF_SCOPE,no admin/service title classification match,ADDITIONAL,,,0.432,workable-9597B37756,https://apply.workable.com/j/9597B37756,https://apply.workable.com/j/9597B37756,,Workable XML job feed
HARD_PASS,Senior Sales and Events Manager,Broadwick,"London, England, GB",,MISSING,,"Fri, 29 May 2026 15:49:13 UTC",,Full-time,,,Admin/Service – Office Support,HARD_PASS,"hard pass title pattern: senior, manager",ADDITIONAL,,,0.440,workable-F7B13FDD7E,https://apply.workable.com/j/F7B13FDD7E,https://apply.workable.com/j/F7B13FDD7E,,Workable XML job feed
HARD_PASS,Senior Sales and Events Manager,Broadwick,"London, England, GB",,MISSING,,"Thu, 16 Jul 2026 12:17:56 UTC",,Full-time,,,Admin/Service – Office Support,HARD_PASS,"hard pass title pattern: senior, manager",ADDITIONAL,,,0.440,workable-0B0AB6ED6E,https://apply.workable.com/j/0B0AB6ED6E,https://apply.workable.com/j/0B0AB6ED6E,,Workable XML job feed
HARD_PASS,Warehouse Operative,Broadwick,"London, England, GB",,MISSING,,"Mon, 22 Jun 2026 15:01:54 UTC",,Temporary,,,Admin/Service – Office Support,HARD_PASS,"hard pass title pattern: warehouse, operative",ADDITIONAL,,,0.412,workable-E9C9E534B5,https://apply.workable.com/j/E9C9E534B5,https://apply.workable.com/j/E9C9E534B5,,Workable XML job feed
HARD_PASS,Warehouse Technician,Broadwick,"London, England, GB",,MISSING,,"Wed, 22 Jul 2026 12:10:57 UTC",,Full-time,,,Admin/Service – Office Support,HARD_PASS,"hard pass title pattern: warehouse, technician",ADDITIONAL,,,0.408,workable-654835F0B6,https://apply.workable.com/j/654835F0B6,https://apply.workable.com/j/654835F0B6,,Workable XML job feed
HARD_PASS,Design Director 12 month FTC (mat leave cover) - LDN,Bulletproof,"London, England, GB",,MISSING,,"Wed, 22 Jul 2026 13:39:28 UTC",,,,,Admin/Service – Office Support,OUT_OF_SCOPE,no admin/service title classification match,ADDITIONAL,,,0.405,workable-E7D1A91EAF,https://apply.workable.com/j/E7D1A91EAF,https://apply.workable.com/j/E7D1A91EAF,,Workable XML job feed
HARD_PASS,Senior Project Manager - LDN,Bulletproof,"London, England, GB",,MISSING,,"Tue, 28 Jul 2026 19:25:40 UTC",,Full-time,,Project Management,Admin/Service – Office Support,HARD_PASS,"hard pass title pattern: senior, manager",ADDITIONAL,,,0.401,workable-1E947DAB37,https://apply.workable.com/j/1E947DAB37,https://apply.workable.com/j/1E947DAB37,,Workable XML job feed
HARD_PASS,Principal Full Stack Engineer - Managed Service,Burendo,"London, England, GB",,MISSING,,"Tue, 18 Aug 2026 10:47:25 UTC",,Full-time,,,Admin/Service – Office Support,HARD_PASS,hard pass title pattern: engineer,ADDITIONAL,,,0.432,workable-16C87768C3,https://apply.workable.com/j/16C87768C3,https://apply.workable.com/j/16C87768C3,,Workable XML job feed
HARD_PASS,Senior Full Stack Engineer - Managed Service,Burendo,"London, England, GB",,MISSING,,"Mon, 10 Aug 2026 10:07:52 UTC",,Full-time,,,Admin/Service – Office Support,HARD_PASS,"hard pass title pattern: engineer, senior",ADDITIONAL,,,0.419,workable-C2304E34F4,https://apply.workable.com/j/C2304E34F4,https://apply.workable.com/j/C2304E34F4,,Workable XML job feed
HARD_PASS,Conference Producer (Remote) - B2B App Events,Business of Apps,"London, England and Wales, GB",,MISSING,,"Fri, 10 Jul 2026 14:36:16 UTC",,Full-time,Remote,,Admin/Service – Office Support,OUT_OF_SCOPE,no admin/service title classification match,ADDITIONAL,,,0.456,workable-E07BAB3FBD,https://apply.workable.com/j/E07BAB3FBD,https://apply.workable.com/j/E07BAB3FBD,,Workable XML job feed
HARD_PASS,Brand & Community Manager,Cadmus,"London, England, GB",,MISSING,,"Tue, 23 Jun 2026 02:50:42 UTC",,Full-time,,,Admin/Service – Office Support,HARD_PASS,hard pass title pattern: manager,ADDITIONAL,,,0.492,workable-0ED5B2CF52,https://apply.workable.com/j/0ED5B2CF52,https://apply.workable.com/j/0ED5B2CF52,,Workable XML job feed
HARD_PASS,Head of Product Marketing,Cadmus,"London, England, GB",,MISSING,,"Thu, 30 Jul 2026 08:04:36 UTC",,Full-time,,,Admin/Service – Office Support,OUT_OF_SCOPE,no admin/service title classification match,ADDITIONAL,,,0.397,workable-2E79BD9570,https://apply.workable.com/j/2E79BD9570,https://apply.workable.com/j/2E79BD9570,,Workable XML job feed
HARD_PASS,Learning Support Manager,Cadmus,"London, England, GB",,MISSING,,"Tue, 23 Jun 2026 02:27:16 UTC",,Full-time,,,Admin/Service – Office Support,HARD_PASS,"hard pass title pattern: learning support, manager",ADDITIONAL,,,0.427,workable-BC018A3BDF,https://apply.workable.com/j/BC018A3BDF,https://apply.workable.com/j/BC018A3BDF,,Workable XML job feed
HARD_PASS,Consultant - London,Cambridge Healthcare Research,"London, England, GB",,MISSING,,"Wed, 20 May 2026 16:00:45 UTC",,Full-time,,Consulting,Admin/Service – Office Support,OUT_OF_SCOPE,no admin/service title classification match,ADDITIONAL,,,0.423,workable-C7D96EAC9E,https://apply.workable.com/j/C7D96EAC9E,https://apply.workable.com/j/C7D96EAC9E,,Workable XML job feed
HARD_PASS,"Senior Consultant - London, UK",Cambridge Healthcare Research,"London, England, GB",,MISSING,,"Wed, 22 Jul 2026 08:31:10 UTC",,Full-time,,Consulting,Admin/Service – Office Support,HARD_PASS,hard pass title pattern: senior,ADDITIONAL,,,0.464,workable-E3E7BFC330,https://apply.workable.com/j/E3E7BFC330,https://apply.workable.com/j/E3E7BFC330,,Workable XML job feed
HARD_PASS,Senior Behavioural / Cultural Analyst,Canvas8,"London, England, GB",,MISSING,,"Mon, 17 Aug 2026 08:04:08 UTC",,Full-time,,Research,Admin/Service – Office Support,HARD_PASS,hard pass title pattern: senior,ADDITIONAL,,,0.426,workable-CE8937FF36,https://apply.workable.com/j/CE8937FF36,https://apply.workable.com/j/CE8937FF36,,Workable XML job feed
HARD_PASS,Editorial Manager,Capital Economics,"London, England, GB",,MISSING,,"Fri, 17 Jul 2026 13:00:11 UTC",,Full-time,,Writing/Editing,Admin/Service – Office Support,HARD_PASS,hard pass title pattern: manager,ADDITIONAL,,,0.447,workable-2EC1488D38,https://apply.workable.com/j/2EC1488D38,https://apply.workable.com/j/2EC1488D38,,Workable XML job feed
HARD_PASS,Junior Client Experience Manager,Capital Economics,"London, England, GB",,MISSING,,"Tue, 11 Aug 2026 09:05:30 UTC",,Full-time,,,Admin/Service – Office Support,HARD_PASS,hard pass title pattern: manager,ADDITIONAL,,,0.445,workable-EBFFB089C1,https://apply.workable.com/j/EBFFB089C1,https://apply.workable.com/j/EBFFB089C1,,Workable XML job feed
HARD_PASS,Data Analyst (FinCrime Focus - Contract) Remote,Capitex,"London, England, GB",,MISSING,,"Thu, 06 Nov 2025 07:34:34 UTC",,,,,Admin/Service – Office Support,OUT_OF_SCOPE,no admin/service title classification match,ADDITIONAL,,,0.446,workable-668E20C2DE,https://apply.workable.com/j/668E20C2DE,https://apply.workable.com/j/668E20C2DE,,Workable XML job feed
HARD_PASS,Fenergo CLM Data Analyst / Migration Specialist,Capitex,"London, England, GB",,MISSING,,"Mon, 29 Jun 2026 10:31:30 UTC",,,,,Admin/Service – Office Support,OUT_OF_SCOPE,no admin/service title classification match,ADDITIONAL,,,0.454,workable-4905518527,https://apply.workable.com/j/4905518527,https://apply.workable.com/j/4905518527,,Workable XML job feed
HARD_PASS,Fenergo CLM Test Analyst / Test Lead,Capitex,"London, England, GB",,MISSING,,"Mon, 29 Jun 2026 10:36:53 UTC",,,,,Admin/Service – Office Support,OUT_OF_SCOPE,no admin/service title classification match,ADDITIONAL,,,0.438,workable-E9B7A699F2,https://apply.workable.com/j/E9B7A699F2,https://apply.workable.com/j/E9B7A699F2,,Workable XML job feed
HARD_PASS,Financial Crime Analyst,Capitex,"London, England, GB",,MISSING,,"Thu, 26 Jun 2025 10:04:16 UTC",,Full-time,,Data Analyst,Admin/Service – Office Support,OUT_OF_SCOPE,no admin/service title classification match,ADDITIONAL,,,0.450,workable-4F3105BE90,https://apply.workable.com/j/4F3105BE90,https://apply.workable.com/j/4F3105BE90,,Workable XML job feed
HARD_PASS,Financial Crime Analytics Consultant - Transaction Monitoring and Fraud,Capitex,"London, England, GB",,MISSING,,"Wed, 11 Jun 2025 14:31:56 UTC",,Contract,,Consulting,Admin/Service – Office Support,OUT_OF_SCOPE,no admin/service title classification match,ADDITIONAL,,,0.437,workable-3BD8CEFEAF,https://apply.workable.com/j/3BD8CEFEAF,https://apply.workable.com/j/3BD8CEFEAF,,Workable XML job feed
HARD_PASS,Financial Crime and Money Laundering Prevention Internship - UK,Capitex,"London, England, GB",,MISSING,,"Fri, 08 Aug 2025 14:48:30 UTC",,Part-time,,Finance,Admin/Service – Office Support,OUT_OF_SCOPE,no admin/service title classification match,ADDITIONAL,,,0.436,workable-C5A407732B,https://apply.workable.com/j/C5A407732B,https://apply.workable.com/j/C5A407732B,,Workable XML job feed
HARD_PASS,Financial Crime Intern (Training + Work Experience Programme),Capitex,"London, England, GB",,MISSING,,"Wed, 26 Nov 2025 14:16:38 UTC",,Part-time,,Finance,Admin/Service – Office Support,OUT_OF_SCOPE,no admin/service title classification match,ADDITIONAL,,,0.445,workable-36AFE859C2,https://apply.workable.com/j/36AFE859C2,https://apply.workable.com/j/36AFE859C2,,Workable XML job feed
HARD_PASS,Financial Crime Investigations - Internship - London,Capitex,"London, England, GB",,MISSING,,"Wed, 11 Jun 2025 14:31:57 UTC",,,,,Admin/Service – Office Support,OUT_OF_SCOPE,no admin/service title classification match,ADDITIONAL,,,0.436,workable-32FF42A3C9,https://apply.workable.com/j/32FF42A3C9,https://apply.workable.com/j/32FF42A3C9,,Workable XML job feed
HARD_PASS,Financial Crime Investigations Internship - UK,Capitex,"London, England, GB",,MISSING,,"Wed, 06 Aug 2025 14:51:14 UTC",,Part-time,,Finance,Admin/Service – Office Support,OUT_OF_SCOPE,no admin/service title classification match,ADDITIONAL,,,0.444,workable-55DBA11424,https://apply.workable.com/j/55DBA11424,https://apply.workable.com/j/55DBA11424,,Workable XML job feed
HARD_PASS,Financial Crime Training + Internship Programme,Capitex,"London, England, GB",,MISSING,,"Tue, 05 Aug 2025 09:49:24 UTC",,Part-time,,Finance,Admin/Service – Office Support,OUT_OF_SCOPE,no admin/service title classification match,ADDITIONAL,,,0.418,workable-D29C042906,https://apply.workable.com/j/D29C042906,https://apply.workable.com/j/D29C042906,,Workable XML job feed
HARD_PASS,Financial Crime Transaction Monitoring Platform IT Owner,Capitex,"London, England, GB",,MISSING,,"Tue, 04 Aug 2026 17:21:53 UTC",,Full-time,,,Admin/Service – Office Support,OUT_OF_SCOPE,no admin/service title classification match,ADDITIONAL,,,0.413,workable-2E9CCBDBA4,https://apply.workable.com/j/2E9CCBDBA4,https://apply.workable.com/j/2E9CCBDBA4,,Workable XML job feed
HARD_PASS,Fircosoft Screening Specialist (Optimisation & Tuning),Capitex,"London, England, GB",,MISSING,,"Wed, 15 Apr 2026 16:32:44 UTC",,Contract,,,Admin/Service – Office Support,OUT_OF_SCOPE,no admin/service title classification match,ADDITIONAL,,,0.433,workable-D160A0C441,https://apply.workable.com/j/D160A0C441,https://apply.workable.com/j/D160A0C441,,Workable XML job feed
HARD_PASS,Fraud Analyst - L2 (Banking) - Remote then Onsite Kuwait,Capitex,"London, England, GB",,MISSING,,"Mon, 27 Jul 2026 10:53:14 UTC",,Contract,,Finance,Admin/Service – Office Support,OUT_OF_SCOPE,no admin/service title classification match,ADDITIONAL,,,0.392,workable-741AB58B5D,https://apply.workable.com/j/741AB58B5D,https://apply.workable.com/j/741AB58B5D,,Workable XML job feed
HARD_PASS,Fraud Data Analyst (Banking) - 6-Month Contract,Capitex,"London, England, GB",,MISSING,,"Wed, 19 Aug 2026 09:07:46 UTC",,Contract,,,Admin/Service – Office Support,OUT_OF_SCOPE,no admin/service title classification match,ADDITIONAL,,,0.450,workable-91C026B7CB,https://apply.workable.com/j/91C026B7CB,https://apply.workable.com/j/91C026B7CB,,Workable XML job feed
HARD_PASS,Fraud Data Analyst (Banking) - Remote then Onsite Kuwait,Capitex,"London, England, GB",,MISSING,,"Mon, 27 Jul 2026 10:55:22 UTC",,Contract,,,Admin/Service – Office Support,OUT_OF_SCOPE,no admin/service title classification match,ADDITIONAL,,,0.388,workable-8396DC5607,https://apply.workable.com/j/8396DC5607,https://apply.workable.com/j/8396DC5607,,Workable XML job feed
HARD_PASS,Fraud Data Analyst (Banking) - Remote then Onsite Kuwait,Capitex,"London, England, GB",,MISSING,,"Mon, 27 Jul 2026 11:25:09 UTC",,Contract,,,Admin/Service – Office Support,OUT_OF_SCOPE,no admin/service title classification match,ADDITIONAL,,,0.388,workable-79664C7B38,https://apply.workable.com/j/79664C7B38,https://apply.workable.com/j/79664C7B38,,Workable XML job feed
HARD_PASS,Job Title: KYC QA Tester - Contract (London-Based),Capitex,"London, England, GB",,MISSING,,"Wed, 16 Jul 2025 10:55:51 UTC",,Contract,,Accounting/Auditing,Admin/Service – Office Support,OUT_OF_SCOPE,no admin/service title classification match,ADDITIONAL,,,0.442,workable-73032EF543,https://apply.workable.com/j/73032EF543,https://apply.workable.com/j/73032EF543,,Workable XML job feed
HARD_PASS,Manager - Actimize SAM - Tuning & Calibration - Transaction Monitoring System,Capitex,"London, England, GB",,MISSING,,"Thu, 18 Sep 2025 10:45:04 UTC",,Contract,,,Admin/Service – Office Support,HARD_PASS,hard pass title pattern: manager,ADDITIONAL,,,0.451,workable-2D699B81C1,https://apply.workable.com/j/2D699B81C1,https://apply.workable.com/j/2D699B81C1,,Workable XML job feed
HARD_PASS,System Data Analytics Specialist (Fraud / Callsign Optimization),Capitex,"London, England, GB",,MISSING,,"Mon, 13 Oct 2025 05:39:30 UTC",,Contract,Remote,,Admin/Service – Office Support,OUT_OF_SCOPE,no admin/service title classification match,ADDITIONAL,,,0.428,workable-A1FEB5997E,https://apply.workable.com/j/A1FEB5997E,https://apply.workable.com/j/A1FEB5997E,,Workable XML job feed
HARD_PASS,Trade Surveillance Analyst,Capitex,"London, England, GB",,MISSING,,"Mon, 01 Dec 2025 07:35:00 UTC",,Contract,,Consulting,Admin/Service – Office Support,OUT_OF_SCOPE,no admin/service title classification match,ADDITIONAL,,,0.463,workable-DEC0DD8DA4,https://apply.workable.com/j/DEC0DD8DA4,https://apply.workable.com/j/DEC0DD8DA4,,Workable XML job feed
HARD_PASS,Transaction Monitoring Analytics - Tuning & Optimisation,Capitex,"London, England, GB",,MISSING,,"Wed, 13 Aug 2025 13:24:18 UTC",,Contract,,Data Analyst,Admin/Service – Office Support,OUT_OF_SCOPE,no admin/service title classification match,ADDITIONAL,,,0.424,workable-D877F2233C,https://apply.workable.com/j/D877F2233C,https://apply.workable.com/j/D877F2233C,,Workable XML job feed
HARD_PASS,Strategic Account Manager EMEA (UK),Capture One,"London, England, GB",,MISSING,,"Wed, 08 Jul 2026 08:54:21 UTC",,Full-time,,Business Development,Admin/Service – Office Support,HARD_PASS,"hard pass title pattern: account manager, manager",ADDITIONAL,,,0.433,workable-7B65A27FB0,https://apply.workable.com/j/7B65A27FB0,https://apply.workable.com/j/7B65A27FB0,,Workable XML job feed
HARD_PASS,HR and Legal Analyst,Capula,"London, England, GB",,MISSING,,"Tue, 11 Aug 2026 08:08:39 UTC",,Full-time,,Legal,Admin/Service – Office Support,HARD_PASS,hard pass title pattern: legal,ADDITIONAL,,,0.436,workable-7CE1FEB315,https://apply.workable.com/j/7CE1FEB315,https://apply.workable.com/j/7CE1FEB315,,Workable XML job feed
HARD_PASS,Networking & Security Engineer,Capula,"London, England, GB",,MISSING,,"Fri, 17 Apr 2026 15:56:32 UTC",,,,,Admin/Service – Office Support,HARD_PASS,hard pass title pattern: engineer,ADDITIONAL,,,0.364,workable-717B24224A,https://apply.workable.com/j/717B24224A,https://apply.workable.com/j/717B24224A,,Workable XML job feed
HARD_PASS,Portfolio Manager - London,Capula,"London, England, GB",,MISSING,,"Fri, 17 Apr 2026 10:38:26 UTC",,Full-time,,,Admin/Service – Office Support,HARD_PASS,hard pass title pattern: manager,ADDITIONAL,,,0.416,workable-E2EC46ABCE,https://apply.workable.com/j/E2EC46ABCE,https://apply.workable.com/j/E2EC46ABCE,,Workable XML job feed
HARD_PASS,Quantitative Strategist (PhD),Capula,"London, England, GB",,MISSING,,"Mon, 19 Feb 2024 13:50:35 UTC",,Full-time,,,Admin/Service – Office Support,OUT_OF_SCOPE,no admin/service title classification match,ADDITIONAL,,,0.432,workable-9582487D5F,https://apply.workable.com/j/9582487D5F,https://apply.workable.com/j/9582487D5F,,Workable XML job feed
HARD_PASS,Speculative Applications,Capula,"London, England, GB",,MISSING,,"Fri, 22 Dec 2023 09:44:18 UTC",,,,,Admin/Service – Office Support,OUT_OF_SCOPE,no admin/service title classification match,ADDITIONAL,,,0.422,workable-0671051654,https://apply.workable.com/j/0671051654,https://apply.workable.com/j/0671051654,,Workable XML job feed
HARD_PASS,Technology Graduate Analyst,Capula,"London, England, GB",,MISSING,,"Fri, 19 Jun 2026 08:22:46 UTC",,Full-time,,,Admin/Service – Office Support,OUT_OF_SCOPE,no admin/service title classification match,ADDITIONAL,,,0.393,workable-88F2A24444,https://apply.workable.com/j/88F2A24444,https://apply.workable.com/j/88F2A24444,,Workable XML job feed
HARD_PASS,Performance Marketing Manager (Paid Social),Carmoola,"London, England, GB",,MISSING,,"Wed, 22 Jul 2026 08:16:50 UTC",,Full-time,,Marketing,Admin/Service – Office Support,HARD_PASS,hard pass title pattern: manager,ADDITIONAL,,,0.401,workable-E649B55EF4,https://apply.workable.com/j/E649B55EF4,https://apply.workable.com/j/E649B55EF4,,Workable XML job feed
HARD_PASS,Product Designer,Carmoola,"London, England, GB","£70,000–£90,000",USABLE_REVIEW,"s and tools, open to exploring AI-drive solutions Benefits Benefits 💰 Competitive salary: £70k-90k 🔎 Yearly performance-based pay reviews 💼 Hybrid working: 3 days a week in our London offi","Wed, 12 Aug 2026 15:58:56 UTC",,Full-time,,,Admin/Service – Office Support,OUT_OF_SCOPE,no admin/service title classification match,ADDITIONAL,,,0.414,workable-24BEFF263A,https://apply.workable.com/j/24BEFF263A,https://apply.workable.com/j/24BEFF263A,,Workable XML job feed
HARD_PASS,"Business Development Manager, Life Sciences",Carnall Farrar,"Hammersmith, London, GB",,MISSING,,"Tue, 31 Mar 2026 14:49:13 UTC",,Full-time,,Business Development,Admin/Service – Office Support,HARD_PASS,"hard pass title pattern: business development, manager",ADDITIONAL,,,0.364,workable-4F6B915E15,https://apply.workable.com/j/4F6B915E15,https://apply.workable.com/j/4F6B915E15,,Workable XML job feed
HARD_PASS,"Consultant, Management Consulting",Carnall Farrar,"London, England, GB",,MISSING,,"Tue, 05 May 2026 12:54:15 UTC",,Full-time,,Consulting,Admin/Service – Office Support,OUT_OF_SCOPE,no admin/service title classification match,ADDITIONAL,,,0.380,workable-3D6457E35C,https://apply.workable.com/j/3D6457E35C,https://apply.workable.com/j/3D6457E35C,,Workable XML job feed
HARD_PASS,Data Engineer,Carnall Farrar,"London, England, GB",,MISSING,,"Tue, 30 Jun 2026 10:42:57 UTC",,Full-time,,Information Technology,Admin/Service – Office Support,HARD_PASS,hard pass title pattern: engineer,ADDITIONAL,,,0.458,workable-63CCF19443,https://apply.workable.com/j/63CCF19443,https://apply.workable.com/j/63CCF19443,,Workable XML job feed
HARD_PASS,Head of IT,Carnall Farrar,"London, England, GB",,MISSING,,"Thu, 06 Aug 2026 08:08:28 UTC",,Full-time,,Human Resources,Admin/Service – Office Support,OUT_OF_SCOPE,no admin/service title classification match,ADDITIONAL,,,0.415,workable-C749C97C68,https://apply.workable.com/j/C749C97C68,https://apply.workable.com/j/C749C97C68,,Workable XML job feed
HARD_PASS,Interim People Advisor (12-14m fixed term contract),Carnall Farrar,"London, England, GB",,MISSING,,"Tue, 07 Jul 2026 10:08:44 UTC",,Full-time,,Human Resources,Admin/Service – Office Support,OUT_OF_SCOPE,no admin/service title classification match,ADDITIONAL,,,0.390,workable-1EFA726D40,https://apply.workable.com/j/1EFA726D40,https://apply.workable.com/j/1EFA726D40,,Workable XML job feed
HARD_PASS,Lead Data Platform Engineer,Carnall Farrar,"London, England, GB",,MISSING,,"Thu, 13 Aug 2026 10:48:27 UTC",,Full-time,,Information Technology,Admin/Service – Office Support,HARD_PASS,hard pass title pattern: engineer,ADDITIONAL,,,0.379,workable-EDE521B922,https://apply.workable.com/j/EDE521B922,https://apply.workable.com/j/EDE521B922,,Workable XML job feed
HARD_PASS,"Life Sciences Consultant, Management Consulting",Carnall Farrar,"London, England, GB",,MISSING,,"Mon, 20 Jul 2026 08:01:17 UTC",,Full-time,,Consulting,Admin/Service – Office Support,OUT_OF_SCOPE,no admin/service title classification match,ADDITIONAL,,,0.390,workable-8155E13C5E,https://apply.workable.com/j/8155E13C5E,https://apply.workable.com/j/8155E13C5E,,Workable XML job feed
HARD_PASS,"Life Sciences Manager, Management Consulting",Carnall Farrar,"London, England, GB",,MISSING,,"Mon, 20 Jul 2026 14:43:58 UTC",,Full-time,,Consulting,Admin/Service – Office Support,HARD_PASS,hard pass title pattern: manager,ADDITIONAL,,,0.402,workable-438A66F4D2,https://apply.workable.com/j/438A66F4D2,https://apply.workable.com/j/438A66F4D2,,Workable XML job feed
HARD_PASS,"Manager, Management Consulting - Healthcare",Carnall Farrar,"London, England, GB",,MISSING,,"Tue, 28 Apr 2026 13:58:59 UTC",,Full-time,,Consulting,Admin/Service – Office Support,HARD_PASS,hard pass title pattern: manager,ADDITIONAL,,,0.375,workable-72BF402100,https://apply.workable.com/j/72BF402100,https://apply.workable.com/j/72BF402100,,Workable XML job feed
HARD_PASS,People Administrator (12 month fixed term),Carnall Farrar,"London, England, GB",,MISSING,,"Tue, 07 Jul 2026 10:26:31 UTC",,Full-time,,Human Resources,Admin/Service – Office Support,HIGH_CONFIDENCE,high-confidence title pattern: administrator,ADDITIONAL,,,0.490,workable-78CF4D60AF,https://apply.workable.com/j/78CF4D60AF,https://apply.workable.com/j/78CF4D60AF,,Workable XML job feed
HARD_PASS,Talent Administrator,Carnall Farrar,"London, England, GB",,MISSING,,"Tue, 07 Jul 2026 08:45:39 UTC",,Full-time,,Human Resources,Admin/Service – Office Support,HIGH_CONFIDENCE,high-confidence title pattern: administrator,ADDITIONAL,,,0.591,workable-80C2366F52,https://apply.workable.com/j/80C2366F52,https://apply.workable.com/j/80C2366F52,,Workable XML job feed
HARD_PASS,Freelance Print designer (magazine and digital),Cavalry freelancing,"London, England, GB",,MISSING,,"Tue, 18 Aug 2026 10:31:52 UTC",,,,,Admin/Service – Office Support,OUT_OF_SCOPE,no admin/service title classification match,ADDITIONAL,,,0.394,workable-6996D3B6E5,https://apply.workable.com/j/6996D3B6E5,https://apply.workable.com/j/6996D3B6E5,,Workable XML job feed
HARD_PASS,Production runner,Cavalry freelancing,"London, England, GB",,MISSING,,"Thu, 20 Aug 2026 06:35:03 UTC",,,,,Admin/Service – Office Support,HARD_PASS,hard pass title pattern: production,ADDITIONAL,,,0.404,workable-C0019DE79D,https://apply.workable.com/j/C0019DE79D,https://apply.workable.com/j/C0019DE79D,,Workable XML job feed
HARD_PASS,Associate Portfolio Manager Program - London,Caxton Associates,"London, England, GB",,MISSING,,"Fri, 05 Dec 2025 09:28:52 UTC",,Full-time,,,Admin/Service – Office Support,HARD_PASS,hard pass title pattern: manager,ADDITIONAL,,,0.446,workable-1C5F743843,https://apply.workable.com/j/1C5F743843,https://apply.workable.com/j/1C5F743843,,Workable XML job feed
HARD_PASS,Associate Portfolio Manager Program - Systematic Strategies,Caxton Associates,"London, England, GB",,MISSING,,"Tue, 17 Dec 2024 17:29:41 UTC",,Full-time,,,Admin/Service – Office Support,HARD_PASS,hard pass title pattern: manager,ADDITIONAL,,,0.401,workable-C27F858E52,https://apply.workable.com/j/C27F858E52,https://apply.workable.com/j/C27F858E52,,Workable XML job feed
HARD_PASS,Portfolio Manager - London,Caxton Associates,"London, England, GB",,MISSING,,"Wed, 11 Jun 2025 08:06:35 UTC",,,,,Admin/Service – Office Support,HARD_PASS,hard pass title pattern: manager,ADDITIONAL,,,0.467,workable-443D877F8D,https://apply.workable.com/j/443D877F8D,https://apply.workable.com/j/443D877F8D,,Workable XML job feed
HARD_PASS,Senior Software Engineer (C# / .NET) - Team Lead,Caxton Associates,"London, England, GB",,MISSING,,"Tue, 11 Aug 2026 07:40:24 UTC",,Full-time,,Information Technology,Admin/Service – Office Support,HARD_PASS,"hard pass title pattern: engineer, senior",ADDITIONAL,,,0.422,workable-465C78C9B2,https://apply.workable.com/j/465C78C9B2,https://apply.workable.com/j/465C78C9B2,,Workable XML job feed
HARD_PASS,Senior Project Manager - Eyes On Russia,Centre for Information Resilience,"London, England, GB",,MISSING,,"Thu, 20 Aug 2026 13:20:38 UTC",,Full-time,,Project Management,Admin/Service – Office Support,HARD_PASS,"hard pass title pattern: senior, manager",ADDITIONAL,,,0.394,workable-7F98592278,https://apply.workable.com/j/7F98592278,https://apply.workable.com/j/7F98592278,,Workable XML job feed
HARD_PASS,Talent Pool - Open Source Investigators - Contractor - UK,Centre for Information Resilience,"London, England, GB",,MISSING,,"Mon, 17 Aug 2026 12:05:43 UTC",,Contract,Remote,Other,Admin/Service – Office Support,OUT_OF_SCOPE,no admin/service title classification match,ADDITIONAL,,,0.431,workable-2EE27AB146,https://apply.workable.com/j/2EE27AB146,https://apply.workable.com/j/2EE27AB146,,Workable XML job feed
HARD_PASS,Talent Pool Project Coordinator- Contractor - London,Centre for Information Resilience,"London, England, GB",,MISSING,,"Mon, 17 Aug 2026 13:54:08 UTC",,Full-time,,,Admin/Service – Office Support,ELASTIC_FIT,elastic-fit title pattern: coordinator,ADDITIONAL,,,0.423,workable-58DBB411CE,https://apply.workable.com/j/58DBB411CE,https://apply.workable.com/j/58DBB411CE,,Workable XML job feed
HARD_PASS,Senior Strategic Communications & Content Consultant - CGIAR Gender Accelerator,CGIAR,"London, England, GB",,MISSING,,"Tue, 18 Aug 2026 12:50:59 UTC",,Contract,Remote,Science,Admin/Service – Office Support,HARD_PASS,hard pass title pattern: senior,ADDITIONAL,,,0.374,workable-93DCAE0C56,https://apply.workable.com/j/93DCAE0C56,https://apply.workable.com/j/93DCAE0C56,,Workable XML job feed
HARD_PASS,Sales Manager,Channel Factory,"London, England, GB",,MISSING,,"Mon, 10 Aug 2026 08:59:23 UTC",,,,Sales,Admin/Service – Office Support,HARD_PASS,hard pass title pattern: manager,ADDITIONAL,,,0.471,workable-719BA729E2,https://apply.workable.com/j/719BA729E2,https://apply.workable.com/j/719BA729E2,,Workable XML job feed
HARD_PASS,Field Sales Executive,Charity Link,"London, England, GB","£26,400",USABLE_REVIEW,he work of some of country’s the most prestigious charities. You’ll get a basic salary of £26.4k with the opportunity to earn £45-55k+ in OTE. What you’ll get: • £26.4k guaranteed basic,"Wed, 15 Nov 2023 17:17:39 UTC",,Full-time,,Sales,Admin/Service – Office Support,HARD_PASS,"hard pass title pattern: sales executive, field sales",ADDITIONAL,,,0.462,workable-A96F12349F,https://apply.workable.com/j/A96F12349F,https://apply.workable.com/j/A96F12349F,,Workable XML job feed
HARD_PASS,Accounts Payable Coordinator - FTC,Charlotte Tilbury,"London, England, GB",,MISSING,,"Mon, 13 Jul 2026 12:53:09 UTC",,,,Finance,Admin/Service – Office Support,ELASTIC_FIT,elastic-fit title pattern: coordinator,ADDITIONAL,,,0.499,workable-960601AF0E,https://apply.workable.com/j/960601AF0E,https://apply.workable.com/j/960601AF0E,,Workable XML job feed
HARD_PASS,AI & ML Engineer,Charlotte Tilbury,"London, England, GB",,MISSING,,"Wed, 08 Jul 2026 14:50:24 UTC",,Full-time,,Data Analyst,Admin/Service – Office Support,HARD_PASS,hard pass title pattern: engineer,ADDITIONAL,,,0.429,workable-5BF1335E1D,https://apply.workable.com/j/5BF1335E1D,https://apply.workable.com/j/5BF1335E1D,,Workable XML job feed
HARD_PASS,Assistant Business Manager,Charlotte Tilbury,"London, England, GB",,MISSING,,"Thu, 06 Aug 2026 09:15:34 UTC",,Full-time,,,Admin/Service – Office Support,HARD_PASS,hard pass title pattern: manager,ADDITIONAL,,,0.429,workable-54E41B8DC0,https://apply.workable.com/j/54E41B8DC0,https://apply.workable.com/j/54E41B8DC0,,Workable XML job feed
HARD_PASS,Assistant Makeup Artist to Sofia Tilbury,Charlotte Tilbury,"London, England, GB",,MISSING,,"Thu, 06 Aug 2026 09:10:07 UTC",,,,,Admin/Service – Office Support,OUT_OF_SCOPE,no admin/service title classification match,ADDITIONAL,,,0.387,workable-2029888155,https://apply.workable.com/j/2029888155,https://apply.workable.com/j/2029888155,,Workable XML job feed
HARD_PASS,"Assistant Marketing Manager, Southern Europe",Charlotte Tilbury,"London, England, GB",,MISSING,,"Wed, 29 Apr 2026 16:35:06 UTC",,Full-time,,,Admin/Service – Office Support,HARD_PASS,hard pass title pattern: manager,ADDITIONAL,,,0.435,workable-E7D02ED71E,https://apply.workable.com/j/E7D02ED71E,https://apply.workable.com/j/E7D02ED71E,,Workable XML job feed
HARD_PASS,Assistant Procurement Manager - Marketing,Charlotte Tilbury,"London, England, GB",,MISSING,,"Tue, 14 Jul 2026 20:21:19 UTC",,Full-time,,Other,Admin/Service – Office Support,HARD_PASS,hard pass title pattern: manager,ADDITIONAL,,,0.435,workable-F56E7C8038,https://apply.workable.com/j/F56E7C8038,https://apply.workable.com/j/F56E7C8038,,Workable XML job feed
HARD_PASS,Beauty Expert,Charlotte Tilbury,"London, England, GB",,MISSING,,"Wed, 01 Jul 2026 11:57:50 UTC",,Part-time,,,Admin/Service – Office Support,OUT_OF_SCOPE,no admin/service title classification match,ADDITIONAL,,,0.424,workable-DBDC0EAE6B,https://apply.workable.com/j/DBDC0EAE6B,https://apply.workable.com/j/DBDC0EAE6B,,Workable XML job feed
HARD_PASS,Beauty Expert,Charlotte Tilbury,"London, England, GB",,MISSING,,"Wed, 08 Jul 2026 15:20:00 UTC",,Part-time,,,Admin/Service – Office Support,OUT_OF_SCOPE,no admin/service title classification match,ADDITIONAL,,,0.424,workable-64AB0C3608,https://apply.workable.com/j/64AB0C3608,https://apply.workable.com/j/64AB0C3608,,Workable XML job feed
HARD_PASS,Beauty Expert,Charlotte Tilbury,"London, England, GB",,MISSING,,"Fri, 14 Aug 2026 12:07:46 UTC",,Part-time,,,Admin/Service – Office Support,OUT_OF_SCOPE,no admin/service title classification match,ADDITIONAL,,,0.424,workable-1C3F46E2DC,https://apply.workable.com/j/1C3F46E2DC,https://apply.workable.com/j/1C3F46E2DC,,Workable XML job feed
HARD_PASS,Beauty Expert,Charlotte Tilbury,"London, England, GB",,MISSING,,"Fri, 14 Aug 2026 12:36:06 UTC",,Part-time,,,Admin/Service – Office Support,OUT_OF_SCOPE,no admin/service title classification match,ADDITIONAL,,,0.424,workable-443B3ED0B7,https://apply.workable.com/j/443B3ED0B7,https://apply.workable.com/j/443B3ED0B7,,Workable XML job feed
HARD_PASS,Category Manager - Store Design - 12 Month FTC Maternity Cover,Charlotte Tilbury,"London, England, GB",,MISSING,,"Thu, 11 Jun 2026 10:38:07 UTC",,Full-time,,Project Management,Admin/Service – Office Support,HARD_PASS,hard pass title pattern: manager,ADDITIONAL,,,0.407,workable-2130D6F1C6,https://apply.workable.com/j/2130D6F1C6,https://apply.workable.com/j/2130D6F1C6,,Workable XML job feed
HARD_PASS,CGI & Generative AI Artist,Charlotte Tilbury,"London, England, GB",,MISSING,,"Mon, 13 Jul 2026 15:19:56 UTC",,Full-time,,,Admin/Service – Office Support,OUT_OF_SCOPE,no admin/service title classification match,ADDITIONAL,,,0.454,workable-9E8FBFE9D9,https://apply.workable.com/j/9E8FBFE9D9,https://apply.workable.com/j/9E8FBFE9D9,,Workable XML job feed
HARD_PASS,Data Analyst - 12 Month FTC,Charlotte Tilbury,"London, England, GB",,MISSING,,"Wed, 12 Aug 2026 18:52:45 UTC",,Full-time,,Data Analyst,Admin/Service – Office Support,OUT_OF_SCOPE,no admin/service title classification match,ADDITIONAL,,,0.405,workable-8F47207945,https://apply.workable.com/j/8F47207945,https://apply.workable.com/j/8F47207945,,Workable XML job feed
HARD_PASS,Ecommerce Merchandise Manager,Charlotte Tilbury,"London, England, GB",,MISSING,,"Tue, 28 Jul 2026 11:12:26 UTC",,Full-time,,Marketing,Admin/Service – Office Support,HARD_PASS,hard pass title pattern: manager,ADDITIONAL,,,0.447,workable-76FBE96174,https://apply.workable.com/j/76FBE96174,https://apply.workable.com/j/76FBE96174,,Workable XML job feed
HARD_PASS,Finance Shared Services GL Accountant - FTC,Charlotte Tilbury,"London, England, GB",,MISSING,,"Thu, 09 Jul 2026 11:07:40 UTC",,,,Finance,Admin/Service – Office Support,OUT_OF_SCOPE,no admin/service title classification match,ADDITIONAL,,,0.426,workable-266467B7B9,https://apply.workable.com/j/266467B7B9,https://apply.workable.com/j/266467B7B9,,Workable XML job feed
HARD_PASS,Global Creative Visual Merchandising Manager- 1 Year FTC,Charlotte Tilbury,"London, England, GB",,MISSING,,"Thu, 06 Aug 2026 14:19:17 UTC",,Temporary,,,Admin/Service – Office Support,HARD_PASS,hard pass title pattern: manager,ADDITIONAL,,,0.355,workable-1A158E74C2,https://apply.workable.com/j/1A158E74C2,https://apply.workable.com/j/1A158E74C2,,Workable XML job feed
HARD_PASS,Global Senior eCommerce Manager,Charlotte Tilbury,"London, England, GB",,MISSING,,"Thu, 30 Jul 2026 20:23:48 UTC",,Full-time,,Marketing,Admin/Service – Office Support,HARD_PASS,"hard pass title pattern: senior, manager",ADDITIONAL,,,0.424,workable-DFE6D0EB46,https://apply.workable.com/j/DFE6D0EB46,https://apply.workable.com/j/DFE6D0EB46,,Workable XML job feed
HARD_PASS,"Group FP&A Manager, FTC",Charlotte Tilbury,"London, England, GB",,MISSING,,"Thu, 30 Jul 2026 15:14:12 UTC",,,,Finance,Admin/Service – Office Support,HARD_PASS,hard pass title pattern: manager,ADDITIONAL,,,0.399,workable-571E39B069,https://apply.workable.com/j/571E39B069,https://apply.workable.com/j/571E39B069,,Workable XML job feed
HARD_PASS,Head of Indirect Procurement - 12 Month Maternity Cover,Charlotte Tilbury,"London, England, GB",,MISSING,,"Fri, 31 Jul 2026 12:58:04 UTC",,Full-time,,General Business,Admin/Service – Office Support,OUT_OF_SCOPE,no admin/service title classification match,ADDITIONAL,,,0.417,workable-F1E4DDD251,https://apply.workable.com/j/F1E4DDD251,https://apply.workable.com/j/F1E4DDD251,,Workable XML job feed
HARD_PASS,Information Security & Compliance Manager,Charlotte Tilbury,"London, England, GB",,MISSING,,"Tue, 14 Jul 2026 19:42:21 UTC",,Full-time,,Information Technology,Admin/Service – Office Support,HARD_PASS,"hard pass title pattern: manager, compliance",ADDITIONAL,,,0.411,workable-95A537040B,https://apply.workable.com/j/95A537040B,https://apply.workable.com/j/95A537040B,,Workable XML job feed
HARD_PASS,Join Our Talent Community,Charlotte Tilbury,"London, England, GB",,MISSING,,"Wed, 27 Apr 2022 09:23:43 UTC",,,,,Admin/Service – Office Support,OUT_OF_SCOPE,no admin/service title classification match,ADDITIONAL,,,0.429,workable-C8B22141B8,https://apply.workable.com/j/C8B22141B8,https://apply.workable.com/j/C8B22141B8,,Workable XML job feed
HARD_PASS,National Account Executive - EU,Charlotte Tilbury,"London, England, GB",,MISSING,,"Fri, 05 Jun 2026 11:11:37 UTC",,,,,Admin/Service – Office Support,OUT_OF_SCOPE,no admin/service title classification match,ADDITIONAL,,,0.461,workable-CBE534E4A9,https://apply.workable.com/j/CBE534E4A9,https://apply.workable.com/j/CBE534E4A9,,Workable XML job feed
HARD_PASS,Packaging Project Coordinator,Charlotte Tilbury,"London, England, GB",,MISSING,,"Tue, 28 Jul 2026 15:29:26 UTC",,,,,Admin/Service – Office Support,ELASTIC_FIT,elastic-fit title pattern: coordinator,ADDITIONAL,,,0.515,workable-3AFE1F04A3,https://apply.workable.com/j/3AFE1F04A3,https://apply.workable.com/j/3AFE1F04A3,,Workable XML job feed
HARD_PASS,People Advisor - Retail,Charlotte Tilbury,"London, England, GB",,MISSING,,"Fri, 24 Jul 2026 09:54:39 UTC",,Contract,,Human Resources,Admin/Service – Office Support,OUT_OF_SCOPE,no admin/service title classification match,ADDITIONAL,,,0.447,workable-DB2C98592E,https://apply.workable.com/j/DB2C98592E,https://apply.workable.com/j/DB2C98592E,,Workable XML job feed
HARD_PASS,People Partner - Magic Office,Charlotte Tilbury,"London, England, GB",,MISSING,,"Fri, 24 Jul 2026 10:08:11 UTC",,Contract,,Human Resources,Admin/Service – Office Support,OUT_OF_SCOPE,no admin/service title classification match,ADDITIONAL,,,0.436,workable-94F722E92B,https://apply.workable.com/j/94F722E92B,https://apply.workable.com/j/94F722E92B,,Workable XML job feed
HARD_PASS,Product Manager - App - 6 Month Maternity Cover,Charlotte Tilbury,"London, England, GB",,MISSING,,"Wed, 22 Jul 2026 15:35:22 UTC",,Full-time,,Product Management,Admin/Service – Office Support,HARD_PASS,hard pass title pattern: manager,ADDITIONAL,,,0.398,workable-3689B49DF9,https://apply.workable.com/j/3689B49DF9,https://apply.workable.com/j/3689B49DF9,,Workable XML job feed
HARD_PASS,"Product Marketing Executive, Travel Retail - 12 Month FTC",Charlotte Tilbury,"London, England, GB",,MISSING,,"Tue, 11 Aug 2026 14:02:41 UTC",,,,,Admin/Service – Office Support,OUT_OF_SCOPE,no admin/service title classification match,ADDITIONAL,,,0.405,workable-FE87C52661,https://apply.workable.com/j/FE87C52661,https://apply.workable.com/j/FE87C52661,,Workable XML job feed
HARD_PASS,Sales Account Executive - TR UK & ROI,Charlotte Tilbury,"London, England, GB",,MISSING,,"Thu, 06 Aug 2026 16:10:42 UTC",,,,,Admin/Service – Office Support,OUT_OF_SCOPE,no admin/service title classification match,ADDITIONAL,,,0.452,workable-8CD6902714,https://apply.workable.com/j/8CD6902714,https://apply.workable.com/j/8CD6902714,,Workable XML job feed
HARD_PASS,Senior Art Director,Charlotte Tilbury,"London, England, GB",,MISSING,,"Tue, 18 Aug 2026 15:12:34 UTC",,,,Art/Creative,Admin/Service – Office Support,HARD_PASS,hard pass title pattern: senior,ADDITIONAL,,,0.486,workable-8E5F9B2953,https://apply.workable.com/j/8E5F9B2953,https://apply.workable.com/j/8E5F9B2953,,Workable XML job feed
HARD_PASS,Senior Assistant Business Manager,Charlotte Tilbury,"London, England, GB",,MISSING,,"Wed, 22 Jul 2026 09:55:21 UTC",,Full-time,,,Admin/Service – Office Support,HARD_PASS,"hard pass title pattern: senior, manager",ADDITIONAL,,,0.437,workable-8178CDE57B,https://apply.workable.com/j/8178CDE57B,https://apply.workable.com/j/8178CDE57B,,Workable XML job feed
HARD_PASS,Senior Customer Supply Chain Manager,Charlotte Tilbury,"London, England, GB",,MISSING,,"Wed, 24 Jun 2026 16:24:27 UTC",,,,Supply Chain,Admin/Service – Office Support,HARD_PASS,"hard pass title pattern: senior, manager",ADDITIONAL,,,0.442,workable-59D7701364,https://apply.workable.com/j/59D7701364,https://apply.workable.com/j/59D7701364,,Workable XML job feed
HARD_PASS,Senior Finance Analyst - Central and People Costs,Charlotte Tilbury,"London, England, GB",,MISSING,,"Thu, 16 Jul 2026 08:47:09 UTC",,Full-time,,Finance,Admin/Service – Office Support,HARD_PASS,hard pass title pattern: senior,ADDITIONAL,,,0.393,workable-5A082AF75D,https://apply.workable.com/j/5A082AF75D,https://apply.workable.com/j/5A082AF75D,,Workable XML job feed
HARD_PASS,Senior Legal Counsel - Digital and Technology,Charlotte Tilbury,"London, England, GB",,MISSING,,"Mon, 22 Jun 2026 15:33:16 UTC",,,,Legal,Admin/Service – Office Support,HARD_PASS,"hard pass title pattern: senior, legal",ADDITIONAL,,,0.398,workable-C517C1B608,https://apply.workable.com/j/C517C1B608,https://apply.workable.com/j/C517C1B608,,Workable XML job feed
HARD_PASS,Senior National Account Manager,Charlotte Tilbury,"London, England, GB",,MISSING,,"Tue, 21 Jul 2026 11:13:46 UTC",,Full-time,,,Admin/Service – Office Support,HARD_PASS,"hard pass title pattern: account manager, senior, manager",ADDITIONAL,,,0.424,workable-4907EF9F23,https://apply.workable.com/j/4907EF9F23,https://apply.workable.com/j/4907EF9F23,,Workable XML job feed
HARD_PASS,Senior Producer,Charlotte Tilbury,"London, England, GB",,MISSING,,"Wed, 19 Aug 2026 10:36:18 UTC",,Full-time,,Production,Admin/Service – Office Support,HARD_PASS,hard pass title pattern: senior,ADDITIONAL,,,0.487,workable-FB59525E88,https://apply.workable.com/j/FB59525E88,https://apply.workable.com/j/FB59525E88,,Workable XML job feed
HARD_PASS,Software Engineer - Backend - 12 Month Maternity Cover FTC,Charlotte Tilbury,"London, England, GB",,MISSING,,"Fri, 10 Jul 2026 12:30:37 UTC",,Full-time,,Engineering,Admin/Service – Office Support,HARD_PASS,hard pass title pattern: engineer,ADDITIONAL,,,0.400,workable-D488D7AE41,https://apply.workable.com/j/D488D7AE41,https://apply.workable.com/j/D488D7AE41,,Workable XML job feed
HARD_PASS,Stock Assistant,Charlotte Tilbury,"London, England, GB",,MISSING,,"Fri, 14 Aug 2026 11:45:12 UTC",,,,,Admin/Service – Office Support,OUT_OF_SCOPE,no admin/service title classification match,ADDITIONAL,,,0.568,workable-97FC8DA036,https://apply.workable.com/j/97FC8DA036,https://apply.workable.com/j/97FC8DA036,,Workable XML job feed
HARD_PASS,Talent Acquisition Partner,Charlotte Tilbury,"London, England, GB",,MISSING,,"Tue, 04 Aug 2026 15:23:42 UTC",,Contract,,Human Resources,Admin/Service – Office Support,OUT_OF_SCOPE,no admin/service title classification match,ADDITIONAL,,,0.460,workable-7D5A5154E5,https://apply.workable.com/j/7D5A5154E5,https://apply.workable.com/j/7D5A5154E5,,Workable XML job feed
HARD_PASS,Visual Merchandising Assistant,Charlotte Tilbury,"London, England, GB",,MISSING,,"Tue, 09 Jun 2026 08:55:25 UTC",,,,,Admin/Service – Office Support,OUT_OF_SCOPE,no admin/service title classification match,ADDITIONAL,,,0.473,workable-CFCB3B322C,https://apply.workable.com/j/CFCB3B322C,https://apply.workable.com/j/CFCB3B322C,,Workable XML job feed
HARD_PASS,Business Development Director - Mobile,Charterhouse,"London, England, GB",,MISSING,,"Thu, 20 Aug 2026 12:04:36 UTC",,Full-time,,Sales,Admin/Service – Office Support,HARD_PASS,hard pass title pattern: business development,ADDITIONAL,,,0.539,workable-95FE0A9F4E,https://apply.workable.com/j/95FE0A9F4E,https://apply.workable.com/j/95FE0A9F4E,,Workable XML job feed
HARD_PASS,Director of Wholesale/Channel,Charterhouse,"London, England, GB",,MISSING,,"Tue, 14 Jul 2026 10:03:50 UTC",,Full-time,,Sales,Admin/Service – Office Support,OUT_OF_SCOPE,no admin/service title classification match,ADDITIONAL,,,0.465,workable-D8F2199E4D,https://apply.workable.com/j/D8F2199E4D,https://apply.workable.com/j/D8F2199E4D,,Workable XML job feed
HARD_PASS,Sales Development Representative,Charterhouse,"London, England, GB",,MISSING,,"Thu, 02 Jul 2026 11:56:31 UTC",,Full-time,,Sales,Admin/Service – Office Support,OUT_OF_SCOPE,no admin/service title classification match,ADDITIONAL,,,0.458,workable-B463FFD65E,https://apply.workable.com/j/B463FFD65E,https://apply.workable.com/j/B463FFD65E,,Workable XML job feed
HARD_PASS,Technical Architect - Lead (UC & CC),Charterhouse,"London, England, GB",,MISSING,,"Thu, 20 Aug 2026 15:09:56 UTC",,Full-time,,,Admin/Service – Office Support,OUT_OF_SCOPE,no admin/service title classification match,ADDITIONAL,,,0.441,workable-27DEF2CB27,https://apply.workable.com/j/27DEF2CB27,https://apply.workable.com/j/27DEF2CB27,,Workable XML job feed
HARD_PASS,Implementation Manager,Circit Limited,"London, England, GB",,MISSING,,"Fri, 17 Jul 2026 07:12:59 UTC",,Full-time,,Project Management,Admin/Service – Office Support,HARD_PASS,hard pass title pattern: manager,ADDITIONAL,,,0.475,workable-B6269FBCA1,https://apply.workable.com/j/B6269FBCA1,https://apply.workable.com/j/B6269FBCA1,,Workable XML job feed
HARD_PASS,Revenue Operations Manager,Circit Limited,"London, England, GB",,MISSING,,"Mon, 10 Nov 2025 11:58:26 UTC",,Contract,,Sales,Admin/Service – Office Support,HARD_PASS,"hard pass title pattern: operations manager, manager",ADDITIONAL,,,0.489,workable-91C6C2F6E1,https://apply.workable.com/j/91C6C2F6E1,https://apply.workable.com/j/91C6C2F6E1,,Workable XML job feed
HARD_PASS,Intermediate Electrical Engineer,Civic,"London, England, GB",,MISSING,,"Thu, 30 Jul 2026 09:50:40 UTC",,Full-time,,,Admin/Service – Office Support,HARD_PASS,hard pass title pattern: engineer,ADDITIONAL,,,0.393,workable-2B824296AA,https://apply.workable.com/j/2B824296AA,https://apply.workable.com/j/2B824296AA,,Workable XML job feed
HARD_PASS,Structural Design Engineer,Civic,"London, England, GB",,MISSING,,"Mon, 17 Aug 2026 13:24:09 UTC",,Full-time,,Engineering,Admin/Service – Office Support,HARD_PASS,hard pass title pattern: engineer,ADDITIONAL,,,0.394,workable-C24FFA8076,https://apply.workable.com/j/C24FFA8076,https://apply.workable.com/j/C24FFA8076,,Workable XML job feed
HARD_PASS,Account Executive - CES,Civica,"London, England, GB","£25,000",USABLE_REVIEW,"-term illness. ✔ Life Assurance – 4x salary tax-free lump sum. ✔ Critical Illness Cover – £25,000 lump sum (extendable to dependants). Health & Perks ✔ Electric Vehicle (EV) Scheme – A wid","Thu, 06 Aug 2026 17:19:37 UTC",,,,,Admin/Service – Office Support,OUT_OF_SCOPE,no admin/service title classification match,ADDITIONAL,,,0.426,workable-4B58788F97,https://apply.workable.com/j/4B58788F97,https://apply.workable.com/j/4B58788F97,,Workable XML job feed
HARD_PASS,AI Strategy & Innovation Associate,Civica,"London, England, GB","£25,000",USABLE_REVIEW,"-term illness. ✔ Life Assurance – 4x salary tax-free lump sum. ✔ Critical Illness Cover – £25,000 lump sum (extendable to dependents). Health & Perks ✔ Private Medical Insurance – Fast acc","Tue, 04 Aug 2026 09:07:56 UTC",,Full-time,,,Admin/Service – Office Support,OUT_OF_SCOPE,no admin/service title classification match,ADDITIONAL,,,0.467,workable-B7064442D1,https://apply.workable.com/j/B7064442D1,https://apply.workable.com/j/B7064442D1,,Workable XML job feed
HARD_PASS,Business Development Manager - People & Workforce Management,Civica,"London, England, GB","£25,000",USABLE_REVIEW,"-term illness. ✔ Life Assurance – 4x salary tax-free lump sum. ✔ Critical Illness Cover – £25,000 lump sum (extendable to dependents). Health & Perks ✔ Private Medical Insurance – Fast acc","Mon, 03 Aug 2026 14:33:13 UTC",,Full-time,,Sales,Admin/Service – Office Support,HARD_PASS,"hard pass title pattern: business development, manager",ADDITIONAL,,,0.348,workable-30E2945B5C,https://apply.workable.com/j/30E2945B5C,https://apply.workable.com/j/30E2945B5C,,Workable XML job feed
HARD_PASS,Customer Engagement Manager,Civica,"London, England, GB","£25,000",USABLE_REVIEW,"-term illness. ✔ Life Assurance – 4x salary tax-free lump sum. ✔ Critical Illness Cover – £25,000 lump sum (extendable to dependents). Health & Perks ✔ Private Medical Insurance – Fast acc","Fri, 14 Aug 2026 11:27:52 UTC",,,,,Admin/Service – Office Support,HARD_PASS,hard pass title pattern: manager,ADDITIONAL,,,0.407,workable-6069DC991F,https://apply.workable.com/j/6069DC991F,https://apply.workable.com/j/6069DC991F,,Workable XML job feed
HARD_PASS,Finance Systems Manager,Civica,"London, England, GB","£25,000",USABLE_REVIEW,"-term illness. ✔ Life Assurance – 4x salary tax-free lump sum. ✔ Critical Illness Cover – £25,000 lump sum (extendable to dependents). Health & Perks ✔ Private Medical Insurance – Fast acc","Thu, 06 Aug 2026 14:58:49 UTC",,Full-time,,Finance,Admin/Service – Office Support,HARD_PASS,hard pass title pattern: manager,ADDITIONAL,,,0.429,workable-AA8E07B029,https://apply.workable.com/j/AA8E07B029,https://apply.workable.com/j/AA8E07B029,,Workable XML job feed
HARD_PASS,Implementation Consultant - Pensions Development,Civica,"London, England, GB","£25,000",USABLE_REVIEW,"-term illness. ✔ Life Assurance – 4x salary tax-free lump sum. ✔ Critical Illness Cover – £25,000 lump sum (extendable to dependents). Health & Perks ✔ Health Cash Plan – Claim back physio","Fri, 19 Jun 2026 11:21:11 UTC",,,Remote,,Admin/Service – Office Support,HARD_PASS,hard pass title pattern: pensions,ADDITIONAL,,,0.389,workable-2BDD53C740,https://apply.workable.com/j/2BDD53C740,https://apply.workable.com/j/2BDD53C740,,Workable XML job feed
HARD_PASS,Implementation Consultant - Revs and Bens,Civica,"London, England, GB","£25,000",USABLE_REVIEW,"-term illness. ✔ Life Assurance – 4x salary tax-free lump sum. ✔ Critical Illness Cover – £25,000 lump sum (extendable to dependents). Health & Perks ✔ Private Medical Insurance – Fast acc","Tue, 11 Aug 2026 13:44:34 UTC",,Full-time,,,Admin/Service – Office Support,OUT_OF_SCOPE,no admin/service title classification match,ADDITIONAL,,,0.406,workable-6EC22A9ADD,https://apply.workable.com/j/6EC22A9ADD,https://apply.workable.com/j/6EC22A9ADD,,Workable XML job feed
HARD_PASS,Pensions Calculation Analyst,Civica,"London, England, GB","£25,000",USABLE_REVIEW,"-term illness. ✔ Life Assurance – 4x salary tax-free lump sum. ✔ Critical Illness Cover – £25,000 lump sum (extendable to dependents). Health & Perks ✔ Private Medical Insurance – Fast acc","Wed, 04 Feb 2026 11:22:45 UTC",,,,,Admin/Service – Office Support,HARD_PASS,hard pass title pattern: pensions,ADDITIONAL,,,0.396,workable-27061B4FBE,https://apply.workable.com/j/27061B4FBE,https://apply.workable.com/j/27061B4FBE,,Workable XML job feed
HARD_PASS,Product Marketing Manager,Civica,"London, England, GB","£25,000",USABLE_REVIEW,"-term illness. ✔ Life Assurance – 4x salary tax-free lump sum. ✔ Critical Illness Cover – £25,000 lump sum (extendable to dependents). Health & Perks ✔ Private Medical Insurance – Fast acc","Thu, 16 Jul 2026 14:19:03 UTC",,,,,Admin/Service – Office Support,HARD_PASS,hard pass title pattern: manager,ADDITIONAL,,,0.374,workable-211652727B,https://apply.workable.com/j/211652727B,https://apply.workable.com/j/211652727B,,Workable XML job feed
HARD_PASS,"Revenues, Housing Benefit, and Financial Assessment OnDemand Officers",Civica,"London, England, GB","£25,000",USABLE_REVIEW,"-term illness. ✔ Life Assurance – 4x salary tax-free lump sum. ✔ Critical Illness Cover – £25,000 lump sum (extendable to dependents). Health & Perks ✔ Private Medical Insurance – Fast acc","Tue, 03 Mar 2026 09:05:23 UTC",,Full-time,,Administrative,Admin/Service – Office Support,OUT_OF_SCOPE,no admin/service title classification match,ADDITIONAL,,,0.376,workable-BB33ECA309,https://apply.workable.com/j/BB33ECA309,https://apply.workable.com/j/BB33ECA309,,Workable XML job feed
HARD_PASS,Senior Finance Business Partner,Civica,"London, England, GB","£25,000",USABLE_REVIEW,"-term illness. ✔ Life Assurance – 4x salary tax-free lump sum. ✔ Critical Illness Cover – £25,000 lump sum (extendable to dependents). Health & Perks ✔ Private Medical Insurance – Fast acc","Tue, 04 Aug 2026 11:12:47 UTC",,Full-time,,Finance,Admin/Service – Office Support,HARD_PASS,hard pass title pattern: senior,ADDITIONAL,,,0.432,workable-30143E4ADD,https://apply.workable.com/j/30143E4ADD,https://apply.workable.com/j/30143E4ADD,,Workable XML job feed
HARD_PASS,Senior Manager of Enterprise Applications,Civica,"London, England, GB","£25,000",USABLE_REVIEW,"ng-term illness ✔ Life Assurance – 4x salary tax-free lump sum ✔ Critical Illness Cover – £25,000 lump sum (extendable to dependants) ✔ Private Medical Insurance – Fast access to private h","Thu, 16 Jul 2026 16:07:12 UTC",,,,,Admin/Service – Office Support,HARD_PASS,"hard pass title pattern: senior manager, senior, manager",ADDITIONAL,,,0.385,workable-3D1B4479A4,https://apply.workable.com/j/3D1B4479A4,https://apply.workable.com/j/3D1B4479A4,,Workable XML job feed
HARD_PASS,Senior Product Designer,Civica,"London, England, GB","£25,000",USABLE_REVIEW,"-term illness. ✔ Life Assurance – 4x salary tax-free lump sum. ✔ Critical Illness Cover – £25,000 lump sum (extendable to dependents). Health & Perks ✔ Private Medical Insurance – Fast acc","Fri, 16 Jan 2026 13:09:42 UTC",,Full-time,,,Admin/Service – Office Support,HARD_PASS,hard pass title pattern: senior,ADDITIONAL,,,0.378,workable-284D5ABC15,https://apply.workable.com/j/284D5ABC15,https://apply.workable.com/j/284D5ABC15,,Workable XML job feed
HARD_PASS,Team Manager Customer Engagement,Civica,"London, England, GB","£25,000",USABLE_REVIEW,"-term illness. ✔ Life Assurance – 4x salary tax-free lump sum. ✔ Critical Illness Cover – £25,000 lump sum (extendable to dependents). Health & Perks ✔ Private Medical Insurance – Fast acc","Fri, 14 Aug 2026 15:02:29 UTC",,,,,Admin/Service – Office Support,HARD_PASS,hard pass title pattern: manager,ADDITIONAL,,,0.379,workable-DC68E8816F,https://apply.workable.com/j/DC68E8816F,https://apply.workable.com/j/DC68E8816F,,Workable XML job feed
HARD_PASS,Client Relationship Manager,Clear Junction,"London, England, GB",,MISSING,,"Tue, 28 Jul 2026 10:21:32 UTC",,Full-time,,,Admin/Service – Office Support,HARD_PASS,hard pass title pattern: manager,ADDITIONAL,,,0.464,workable-42301DEADE,https://apply.workable.com/j/42301DEADE,https://apply.workable.com/j/42301DEADE,,Workable XML job feed
HARD_PASS,Junior Office Manager,Clear Junction,"London, England, GB",,MISSING,,"Mon, 27 Jul 2026 10:46:05 UTC",,Full-time,,,Admin/Service – Office Support,HARD_PASS,hard pass title pattern: manager,ADDITIONAL,,,0.491,workable-0A11DD9295,https://apply.workable.com/j/0A11DD9295,https://apply.workable.com/j/0A11DD9295,,Workable XML job feed
HARD_PASS,Head of Product Engineering (Retail),ClearCourse,"London, England, GB",,MISSING,,"Wed, 01 Jul 2026 13:41:18 UTC",,Full-time,,Product Management,Admin/Service – Office Support,HARD_PASS,hard pass title pattern: engineer,ADDITIONAL,,,0.400,workable-B17BD3056B,https://apply.workable.com/j/B17BD3056B,https://apply.workable.com/j/B17BD3056B,,Workable XML job feed
HARD_PASS,Head of Security (CISO),ClearCourse,"London, England, GB",,MISSING,,"Tue, 09 Jun 2026 16:33:25 UTC",,Full-time,,Information Technology,Admin/Service – Office Support,OUT_OF_SCOPE,no admin/service title classification match,ADDITIONAL,,,0.416,workable-02D3944BC9,https://apply.workable.com/j/02D3944BC9,https://apply.workable.com/j/02D3944BC9,,Workable XML job feed
HARD_PASS,Platform Operations Director,ClearCourse,"London, GB",,MISSING,,"Wed, 10 Jun 2026 09:23:06 UTC",,Full-time,,Information Technology,Admin/Service – Office Support,OUT_OF_SCOPE,no admin/service title classification match,ADDITIONAL,,,0.490,workable-7B6DF19CD1,https://apply.workable.com/j/7B6DF19CD1,https://apply.workable.com/j/7B6DF19CD1,,Workable XML job feed
HARD_PASS,Pricing Manager,ClearCourse,"London, England, GB",,MISSING,,"Thu, 06 Aug 2026 08:26:54 UTC",,Full-time,,Sales,Admin/Service – Office Support,HARD_PASS,hard pass title pattern: manager,ADDITIONAL,,,0.416,workable-194D51B588,https://apply.workable.com/j/194D51B588,https://apply.workable.com/j/194D51B588,,Workable XML job feed
HARD_PASS,Product Engineering Director,ClearCourse,"London, England, GB",,MISSING,,"Tue, 09 Jun 2026 13:14:05 UTC",,Full-time,,Product Management,Admin/Service – Office Support,HARD_PASS,hard pass title pattern: engineer,ADDITIONAL,,,0.450,workable-724597DBC4,https://apply.workable.com/j/724597DBC4,https://apply.workable.com/j/724597DBC4,,Workable XML job feed
HARD_PASS,Account Executive,Cledara,"London, England, GB",,MISSING,,"Wed, 08 Apr 2026 10:29:59 UTC",,Full-time,,Sales,Admin/Service – Office Support,OUT_OF_SCOPE,no admin/service title classification match,ADDITIONAL,,,0.383,workable-5FA7B32DC0,https://apply.workable.com/j/5FA7B32DC0,https://apply.workable.com/j/5FA7B32DC0,,Workable XML job feed
HARD_PASS,Revenue Operations Manager,Cledara,"London, England, GB",,MISSING,,"Mon, 10 Aug 2026 09:30:45 UTC",,Full-time,,Sales,Admin/Service – Office Support,HARD_PASS,"hard pass title pattern: operations manager, manager",ADDITIONAL,,,0.471,workable-A5597BB51E,https://apply.workable.com/j/A5597BB51E,https://apply.workable.com/j/A5597BB51E,,Workable XML job feed
HARD_PASS,SaaS Account Executive,Cledara,"London, England, GB",,MISSING,,"Wed, 08 Apr 2026 10:30:26 UTC",,Full-time,,Sales,Admin/Service – Office Support,OUT_OF_SCOPE,no admin/service title classification match,ADDITIONAL,,,0.411,workable-461423E49E,https://apply.workable.com/j/461423E49E,https://apply.workable.com/j/461423E49E,,Workable XML job feed
HARD_PASS,SMB Account Executive,Cledara,"London, England, GB",,MISSING,,"Wed, 08 Apr 2026 10:31:36 UTC",,Full-time,,Sales,Admin/Service – Office Support,OUT_OF_SCOPE,no admin/service title classification match,ADDITIONAL,,,0.393,workable-1C59EFE678,https://apply.workable.com/j/1C59EFE678,https://apply.workable.com/j/1C59EFE678,,Workable XML job feed
HARD_PASS,Senior Backend Software Engineer (Python),Clerq,"London, England, GB",,MISSING,,"Tue, 26 May 2026 11:37:21 UTC",,Full-time,,Engineering,Admin/Service – Office Support,HARD_PASS,"hard pass title pattern: engineer, senior",ADDITIONAL,,,0.356,workable-38956F010D,https://apply.workable.com/j/38956F010D,https://apply.workable.com/j/38956F010D,,Workable XML job feed
HARD_PASS,Audience Acquisition Executive,Climate Action,"London, England, GB",,MISSING,,"Thu, 30 Jul 2026 16:25:42 UTC",,Full-time,,Marketing,Admin/Service – Office Support,OUT_OF_SCOPE,no admin/service title classification match,ADDITIONAL,,,0.445,workable-8445A0E468,https://apply.workable.com/j/8445A0E468,https://apply.workable.com/j/8445A0E468,,Workable XML job feed
HARD_PASS,Business Development Manager,Climate Action,"London, England, GB",,MISSING,,"Thu, 30 Jul 2026 16:26:28 UTC",,,,Sales,Admin/Service – Office Support,HARD_PASS,"hard pass title pattern: business development, manager",ADDITIONAL,,,0.441,workable-49B9EC97D6,https://apply.workable.com/j/49B9EC97D6,https://apply.workable.com/j/49B9EC97D6,,Workable XML job feed
HARD_PASS,Climate Action (Events) - Join Our Talent Pool,Climate Action,"London, England, GB",,MISSING,,"Thu, 26 Feb 2026 13:56:47 UTC",,Full-time,,,Admin/Service – Office Support,OUT_OF_SCOPE,no admin/service title classification match,ADDITIONAL,,,0.436,workable-EFF3A402D9,https://apply.workable.com/j/EFF3A402D9,https://apply.workable.com/j/EFF3A402D9,,Workable XML job feed
HARD_PASS,Executive Assistant to the CEO & Chief Events Officer,Climate Action,"London, England, GB","£42,000–£45,000",USABLE_REVIEW,"interview and a final conversation with our CEO and Chief Events Officer. Benefits Salary £42,000 to £45,000 (DOE) 10 flexible remote working dates after probation Hybrid working arrangement between","Wed, 12 Aug 2026 15:23:37 UTC",,Full-time,,Administrative,Admin/Service – Office Support,OUT_OF_SCOPE,no admin/service title classification match,ADDITIONAL,,,0.439,workable-D1995CF423,https://apply.workable.com/j/D1995CF423,https://apply.workable.com/j/D1995CF423,,Workable XML job feed
HARD_PASS,Senior Conference Producer - COP31,Climate Action,"London, GB",,MISSING,,"Mon, 17 Aug 2026 12:16:42 UTC",,Full-time,,Project Management,Admin/Service – Office Support,HARD_PASS,hard pass title pattern: senior,ADDITIONAL,,,0.449,workable-0122EC99B0,https://apply.workable.com/j/0122EC99B0,https://apply.workable.com/j/0122EC99B0,,Workable XML job feed
HARD_PASS,Senior Marketing Manager,Climate Action,"London, England, GB","£60,000–£65,000",USABLE_REVIEW,"ing of sustainability and/or climate change policy would be advantageous Benefits Salary: £60,000 - £65,000 (depending on experience, negotiable for the right candidate) Generous and achievable bonu","Thu, 30 Jul 2026 16:26:03 UTC",,Full-time,,Marketing,Admin/Service – Office Support,HARD_PASS,"hard pass title pattern: senior, manager",ADDITIONAL,,,0.496,workable-DEFDFB181B,https://apply.workable.com/j/DEFDFB181B,https://apply.workable.com/j/DEFDFB181B,,Workable XML job feed
HARD_PASS,Senior Software Engineer,CloudFactory,"London, England, GB",,MISSING,,"Mon, 13 Jul 2026 17:50:45 UTC",,Full-time,,Engineering,Admin/Service – Office Support,HARD_PASS,"hard pass title pattern: engineer, senior",ADDITIONAL,,,0.393,workable-6CEA8E7C62,https://apply.workable.com/j/6CEA8E7C62,https://apply.workable.com/j/6CEA8E7C62,,Workable XML job feed
HARD_PASS,Video Data Capture for AI in Construction (1 Day/Week),CloudFactory,"London, England, GB",,MISSING,,"Mon, 02 Feb 2026 14:46:52 UTC",,,,,Admin/Service – Office Support,OUT_OF_SCOPE,no admin/service title classification match,ADDITIONAL,,,0.380,workable-C65A66061E,https://apply.workable.com/j/C65A66061E,https://apply.workable.com/j/C65A66061E,,Workable XML job feed
HARD_PASS,Access coordinator,Cluttons,"London, England, GB",,MISSING,,"Wed, 08 Apr 2026 08:59:20 UTC",,,,,Admin/Service – Office Support,ELASTIC_FIT,elastic-fit title pattern: coordinator,ADDITIONAL,,,0.558,workable-82CA9074B3,https://apply.workable.com/j/82CA9074B3,https://apply.workable.com/j/82CA9074B3,,Workable XML job feed
HARD_PASS,"Associate partner, research",Cluttons,"London, England, GB",,MISSING,,"Thu, 25 Jun 2026 10:05:15 UTC",,,,,Admin/Service – Office Support,OUT_OF_SCOPE,no admin/service title classification match,ADDITIONAL,,,0.433,workable-6BA0618418,https://apply.workable.com/j/6BA0618418,https://apply.workable.com/j/6BA0618418,,Workable XML job feed
HARD_PASS,"Associate, rating",Cluttons,"London, England, GB",,MISSING,,"Wed, 26 Nov 2025 11:05:35 UTC",,,,,Admin/Service – Office Support,OUT_OF_SCOPE,no admin/service title classification match,ADDITIONAL,,,0.426,workable-3BA6E54B34,https://apply.workable.com/j/3BA6E54B34,https://apply.workable.com/j/3BA6E54B34,,Workable XML job feed
HARD_PASS,"Lettings negotiator, Tower Bridge",Cluttons,"London, England, GB",,MISSING,,"Mon, 03 Aug 2026 12:52:25 UTC",,,,,Admin/Service – Office Support,OUT_OF_SCOPE,no admin/service title classification match,ADDITIONAL,,,0.491,workable-579CB208BA,https://apply.workable.com/j/579CB208BA,https://apply.workable.com/j/579CB208BA,,Workable XML job feed
HARD_PASS,Planning consent director,Cluttons,"London, England, GB",,MISSING,,"Fri, 09 May 2025 12:18:55 UTC",,,,,Admin/Service – Office Support,OUT_OF_SCOPE,no admin/service title classification match,ADDITIONAL,,,0.431,workable-5C97B09EBF,https://apply.workable.com/j/5C97B09EBF,https://apply.workable.com/j/5C97B09EBF,,Workable XML job feed
HARD_PASS,Resident housekeeper,Cluttons,"London, England, GB",,MISSING,,"Thu, 02 Jul 2026 22:45:06 UTC",,,,,Admin/Service – Office Support,OUT_OF_SCOPE,no admin/service title classification match,ADDITIONAL,,,0.438,workable-E32771C666,https://apply.workable.com/j/E32771C666,https://apply.workable.com/j/E32771C666,,Workable XML job feed
HARD_PASS,Residential Facilities Manager,Cluttons,"London, England, GB",,MISSING,,"Fri, 17 Jul 2026 09:48:42 UTC",,,,,Admin/Service – Office Support,HARD_PASS,hard pass title pattern: manager,ADDITIONAL,,,0.451,workable-16193ECA4F,https://apply.workable.com/j/16193ECA4F,https://apply.workable.com/j/16193ECA4F,,Workable XML job feed
HARD_PASS,Residential support executive,Cluttons,"London, England, GB",,MISSING,,"Tue, 11 Aug 2026 16:48:51 UTC",,,,,Admin/Service – Office Support,HARD_PASS,hard pass title pattern: residential support,ADDITIONAL,,,0.463,workable-2E49265B24,https://apply.workable.com/j/2E49265B24,https://apply.workable.com/j/2E49265B24,,Workable XML job feed
HARD_PASS,Senior data analyst - 6 month FTC,Cluttons,"London, England, GB",,MISSING,,"Thu, 30 Jul 2026 21:29:59 UTC",,,,,Admin/Service – Office Support,HARD_PASS,hard pass title pattern: senior,ADDITIONAL,,,0.448,workable-6B4138B7F9,https://apply.workable.com/j/6B4138B7F9,https://apply.workable.com/j/6B4138B7F9,,Workable XML job feed
HARD_PASS,Senior property manager (portfolio),Cluttons,"London, England, GB",,MISSING,,"Fri, 12 Jun 2026 15:38:30 UTC",,Full-time,,,Admin/Service – Office Support,HARD_PASS,"hard pass title pattern: senior, manager",ADDITIONAL,,,0.433,workable-25E78623A9,https://apply.workable.com/j/25E78623A9,https://apply.workable.com/j/25E78623A9,,Workable XML job feed
HARD_PASS,"Senior sales negotiator, Wapping",Cluttons,"London, England, GB",,MISSING,,"Tue, 04 Aug 2026 16:59:52 UTC",,,,,Admin/Service – Office Support,HARD_PASS,hard pass title pattern: senior,ADDITIONAL,,,0.459,workable-2998883586,https://apply.workable.com/j/2998883586,https://apply.workable.com/j/2998883586,,Workable XML job feed
HARD_PASS,"Valuer, residential",Cluttons,"London, England, GB",,MISSING,,"Tue, 07 Jul 2026 10:31:01 UTC",,,,,Admin/Service – Office Support,OUT_OF_SCOPE,no admin/service title classification match,ADDITIONAL,,,0.414,workable-FBE939557B,https://apply.workable.com/j/FBE939557B,https://apply.workable.com/j/FBE939557B,,Workable XML job feed
HARD_PASS,"Valuer, residential (part-time)",Cluttons,"London, England, GB",,MISSING,,"Tue, 04 Aug 2026 17:21:17 UTC",,,,,Admin/Service – Office Support,OUT_OF_SCOPE,no admin/service title classification match,ADDITIONAL,,,0.442,workable-E3877366DF,https://apply.workable.com/j/E3877366DF,https://apply.workable.com/j/E3877366DF,,Workable XML job feed
HARD_PASS,Social Media & Influencer Executive,COAT Paints,"London, England, GB",,MISSING,,"Thu, 13 Aug 2026 12:03:50 UTC",,Full-time,,Marketing,Admin/Service – Office Support,OUT_OF_SCOPE,no admin/service title classification match,ADDITIONAL,,,0.496,workable-71A3045E87,https://apply.workable.com/j/71A3045E87,https://apply.workable.com/j/71A3045E87,,Workable XML job feed
HARD_PASS,Principal Software Engineer,Codurance,"London, England, GB",,MISSING,,"Mon, 28 Jul 2025 13:02:31 UTC",,Full-time,,Information Technology,Admin/Service – Office Support,HARD_PASS,hard pass title pattern: engineer,ADDITIONAL,,,0.441,workable-79828B3931,https://apply.workable.com/j/79828B3931,https://apply.workable.com/j/79828B3931,,Workable XML job feed
HARD_PASS,Data Scientist,Coefficient,"London, England, GB","£38,000",USABLE_REVIEW,"e are remote-friendly. You may be required to work on-site at clients’ offices. 💰 Salary: £38,000 annual salary with a meaningful uplift following a performance review at the successful 3-","Fri, 05 Jun 2026 16:32:15 UTC",,Full-time,,Data Analyst,Admin/Service – Office Support,OUT_OF_SCOPE,no admin/service title classification match,ADDITIONAL,,,0.506,workable-62B82FEB93,https://apply.workable.com/j/62B82FEB93,https://apply.workable.com/j/62B82FEB93,,Workable XML job feed
HARD_PASS,Platform Engineer,Cogna,"London, England, GB",,MISSING,,"Thu, 04 Jun 2026 10:55:22 UTC",,Full-time,,Engineering,Admin/Service – Office Support,HARD_PASS,hard pass title pattern: engineer,ADDITIONAL,,,0.405,workable-66E7F2F0F9,https://apply.workable.com/j/66E7F2F0F9,https://apply.workable.com/j/66E7F2F0F9,,Workable XML job feed
HARD_PASS,Product Manager,Cogna,"London, England, GB",,MISSING,,"Fri, 05 Jun 2026 12:58:36 UTC",,,,,Admin/Service – Office Support,HARD_PASS,hard pass title pattern: manager,ADDITIONAL,,,0.367,workable-4CEC7D2F74,https://apply.workable.com/j/4CEC7D2F74,https://apply.workable.com/j/4CEC7D2F74,,Workable XML job feed
HARD_PASS,"Product Manager, Platform",Cogna,"London, England, GB",,MISSING,,"Fri, 05 Jun 2026 13:12:16 UTC",,,,,Admin/Service – Office Support,HARD_PASS,hard pass title pattern: manager,ADDITIONAL,,,0.399,workable-8849B8E78B,https://apply.workable.com/j/8849B8E78B,https://apply.workable.com/j/8849B8E78B,,Workable XML job feed
HARD_PASS,Software Engineer,Cogna,"London, England, GB",,MISSING,,"Wed, 17 Jun 2026 09:42:40 UTC",,Full-time,,,Admin/Service – Office Support,HARD_PASS,hard pass title pattern: engineer,ADDITIONAL,,,0.391,workable-847CFBC5F4,https://apply.workable.com/j/847CFBC5F4,https://apply.workable.com/j/847CFBC5F4,,Workable XML job feed
HARD_PASS,Solutions Analyst,Cogna,"London, England, GB",,MISSING,,"Tue, 11 Aug 2026 09:40:12 UTC",,Full-time,,,Admin/Service – Office Support,OUT_OF_SCOPE,no admin/service title classification match,ADDITIONAL,,,0.416,workable-00C9A0BB60,https://apply.workable.com/j/00C9A0BB60,https://apply.workable.com/j/00C9A0BB60,,Workable XML job feed
HARD_PASS,Solutions Director,Cogna,"London, England, GB",,MISSING,,"Tue, 11 Aug 2026 10:38:47 UTC",,Full-time,,,Admin/Service – Office Support,OUT_OF_SCOPE,no admin/service title classification match,ADDITIONAL,,,0.459,workable-54C93B932E,https://apply.workable.com/j/54C93B932E,https://apply.workable.com/j/54C93B932E,,Workable XML job feed
HARD_PASS,Solutions Strategist,Cogna,"London, England, GB",,MISSING,,"Wed, 17 Jun 2026 13:10:24 UTC",,Full-time,,,Admin/Service – Office Support,OUT_OF_SCOPE,no admin/service title classification match,ADDITIONAL,,,0.441,workable-EF96E88B95,https://apply.workable.com/j/EF96E88B95,https://apply.workable.com/j/EF96E88B95,,Workable XML job feed
HARD_PASS,Sales Manager (UK),Colibrix One,"London, England, GB",,MISSING,,"Fri, 19 Jun 2026 09:37:22 UTC",,,,,Admin/Service – Office Support,HARD_PASS,hard pass title pattern: manager,ADDITIONAL,,,0.422,workable-0EA875645D,https://apply.workable.com/j/0EA875645D,https://apply.workable.com/j/0EA875645D,,Workable XML job feed
HARD_PASS,AI Engineer,Complexio,"London, England, GB",,MISSING,,"Fri, 26 Jun 2026 08:42:09 UTC",,,Remote,,Admin/Service – Office Support,HARD_PASS,hard pass title pattern: engineer,ADDITIONAL,,,0.400,workable-D60BB62300,https://apply.workable.com/j/D60BB62300,https://apply.workable.com/j/D60BB62300,,Workable XML job feed
HARD_PASS,Senior Business Development Manager / Supply - UK m/f/d,ConnectAd,"London, England, GB",,MISSING,,"Tue, 04 Aug 2026 11:38:35 UTC",,Full-time,Remote,Sales,Admin/Service – Office Support,HARD_PASS,"hard pass title pattern: business development, senior, manager",ADDITIONAL,,,0.370,workable-7D4FAFB0E6,https://apply.workable.com/j/7D4FAFB0E6,https://apply.workable.com/j/7D4FAFB0E6,,Workable XML job feed
HARD_PASS,Senior DSP (Demand Side Platform) Manager - UK m/f/d,ConnectAd,"London, England, GB",,MISSING,,"Tue, 04 Aug 2026 11:41:43 UTC",,Full-time,Remote,Sales,Admin/Service – Office Support,HARD_PASS,"hard pass title pattern: senior, manager",ADDITIONAL,,,0.374,workable-1EB46AA6DD,https://apply.workable.com/j/1EB46AA6DD,https://apply.workable.com/j/1EB46AA6DD,,Workable XML job feed
HARD_PASS,Assistant Technical Project Manager,Connected Kerb,"London, England, GB",,MISSING,,"Thu, 20 Aug 2026 10:00:01 UTC",,,,,Admin/Service – Office Support,HARD_PASS,hard pass title pattern: manager,ADDITIONAL,,,0.410,workable-6C4706B2E5,https://apply.workable.com/j/6C4706B2E5,https://apply.workable.com/j/6C4706B2E5,,Workable XML job feed
HARD_PASS,Analyst - Speculative applications for our embedded consulting talent pool,Control Risks,"London, England, GB",,MISSING,,"Mon, 25 Apr 2022 16:36:24 UTC",,,,,Admin/Service – Office Support,OUT_OF_SCOPE,no admin/service title classification match,ADDITIONAL,,,0.381,workable-A92639DC12,https://apply.workable.com/j/A92639DC12,https://apply.workable.com/j/A92639DC12,,Workable XML job feed
HARD_PASS,"Associate Director, Forensics Consulting",Control Risks,"London, England, GB",,MISSING,,"Fri, 31 Jul 2026 14:21:30 UTC",,,,,Admin/Service – Office Support,OUT_OF_SCOPE,no admin/service title classification match,ADDITIONAL,,,0.425,workable-5F288FF87A,https://apply.workable.com/j/5F288FF87A,https://apply.workable.com/j/5F288FF87A,,Workable XML job feed
HARD_PASS,"Consultant, Business and Human Rights",Control Risks,"London, England, GB",,MISSING,,"Mon, 03 Aug 2026 14:47:58 UTC",,Full-time,,,Admin/Service – Office Support,OUT_OF_SCOPE,no admin/service title classification match,ADDITIONAL,,,0.400,workable-1EB86CE256,https://apply.workable.com/j/1EB86CE256,https://apply.workable.com/j/1EB86CE256,,Workable XML job feed
HARD_PASS,"Director / Principal, Geopolitical & Country Risk",Control Risks,"London, England, GB",,MISSING,,"Fri, 19 Jun 2026 13:50:20 UTC",,Full-time,,,Admin/Service – Office Support,OUT_OF_SCOPE,no admin/service title classification match,ADDITIONAL,,,0.427,workable-A249F43767,https://apply.workable.com/j/A249F43767,https://apply.workable.com/j/A249F43767,,Workable XML job feed
HARD_PASS,Embedded Corporate Regional Security Manager UK/EU- Speculative Applications,Control Risks,"London, England, GB",,MISSING,,"Tue, 23 Sep 2025 09:51:58 UTC",,,,,Admin/Service – Office Support,HARD_PASS,hard pass title pattern: manager,ADDITIONAL,,,0.367,workable-03B15777B4,https://apply.workable.com/j/03B15777B4,https://apply.workable.com/j/03B15777B4,,Workable XML job feed
HARD_PASS,Embedded Cyber Detection and Response Analyst,Control Risks,"London, England, GB",,MISSING,,"Wed, 15 Jul 2026 14:30:39 UTC",,Contract,,,Admin/Service – Office Support,OUT_OF_SCOPE,no admin/service title classification match,ADDITIONAL,,,0.409,workable-F7B7BD6054,https://apply.workable.com/j/F7B7BD6054,https://apply.workable.com/j/F7B7BD6054,,Workable XML job feed
HARD_PASS,Embedded Cyber Detection and Response Deputy Team Lead,Control Risks,"London, England, GB",,MISSING,,"Wed, 15 Jul 2026 14:44:23 UTC",,Contract,,,Admin/Service – Office Support,OUT_OF_SCOPE,no admin/service title classification match,ADDITIONAL,,,0.389,workable-AE28EA4E37,https://apply.workable.com/j/AE28EA4E37,https://apply.workable.com/j/AE28EA4E37,,Workable XML job feed
HARD_PASS,Embedded Regional Threat Intelligence Specialist (Middle East Focus),Control Risks,"London, England, GB",,MISSING,,"Tue, 11 Aug 2026 14:34:15 UTC",,,,,Admin/Service – Office Support,OUT_OF_SCOPE,no admin/service title classification match,ADDITIONAL,,,0.395,workable-2D796C29AF,https://apply.workable.com/j/2D796C29AF,https://apply.workable.com/j/2D796C29AF,,Workable XML job feed
HARD_PASS,Embedded Security Education & Awareness Programme Consultant,Control Risks,"London, England, GB",,MISSING,,"Tue, 04 Aug 2026 13:44:18 UTC",,,,,Admin/Service – Office Support,OUT_OF_SCOPE,no admin/service title classification match,ADDITIONAL,,,0.418,workable-4315F06812,https://apply.workable.com/j/4315F06812,https://apply.workable.com/j/4315F06812,,Workable XML job feed
HARD_PASS,Embedded Security Intelligence Analyst - Mid Level,Control Risks,"London, England, GB",,MISSING,,"Mon, 22 Jun 2026 13:15:09 UTC",,,,,Admin/Service – Office Support,OUT_OF_SCOPE,no admin/service title classification match,ADDITIONAL,,,0.372,workable-8FE8B0BB95,https://apply.workable.com/j/8FE8B0BB95,https://apply.workable.com/j/8FE8B0BB95,,Workable XML job feed
HARD_PASS,Embedded Senior Regional Security Manager (EMEA),Control Risks,"London, England, GB",,MISSING,,"Tue, 17 Feb 2026 11:00:27 UTC",,,,,Admin/Service – Office Support,HARD_PASS,"hard pass title pattern: senior, manager",ADDITIONAL,,,0.398,workable-9D5E9BAE9B,https://apply.workable.com/j/9D5E9BAE9B,https://apply.workable.com/j/9D5E9BAE9B,,Workable XML job feed
HARD_PASS,"Graduate Consultant, Cyber Incident Response: One Year Fixed Term Contract",Control Risks,"London, England, GB",,MISSING,,"Thu, 13 Aug 2026 09:57:33 UTC",,Temporary,,,Admin/Service – Office Support,OUT_OF_SCOPE,no admin/service title classification match,ADDITIONAL,,,0.404,workable-16CB1489B9,https://apply.workable.com/j/16CB1489B9,https://apply.workable.com/j/16CB1489B9,,Workable XML job feed
HARD_PASS,"Principal, Geopolitical and Country Risk (m/w/d)",Control Risks,"London, England, GB",,MISSING,,"Fri, 31 Jul 2026 13:38:13 UTC",,Full-time,,,Admin/Service – Office Support,OUT_OF_SCOPE,no admin/service title classification match,ADDITIONAL,,,0.410,workable-949325AC64,https://apply.workable.com/j/949325AC64,https://apply.workable.com/j/949325AC64,,Workable XML job feed
HARD_PASS,Researcher (Fluent Kurdish and Arabic),Control Risks,"London, England, GB",,MISSING,,"Tue, 28 Jul 2026 21:54:17 UTC",,Full-time,,Research,Admin/Service – Office Support,OUT_OF_SCOPE,no admin/service title classification match,ADDITIONAL,,,0.410,workable-A5E6B27257,https://apply.workable.com/j/A5E6B27257,https://apply.workable.com/j/A5E6B27257,,Workable XML job feed
HARD_PASS,"Researcher, Citizenship By Investment and Third-Party Due Diligence",Control Risks,"London, England, GB",,MISSING,,"Fri, 07 Aug 2026 10:59:57 UTC",,Full-time,,,Admin/Service – Office Support,OUT_OF_SCOPE,no admin/service title classification match,ADDITIONAL,,,0.372,workable-33CA874E92,https://apply.workable.com/j/33CA874E92,https://apply.workable.com/j/33CA874E92,,Workable XML job feed
HARD_PASS,Security Consultant - Speculative applications to be part of our talent pool,Control Risks,"London, England, GB",,MISSING,,"Thu, 13 Feb 2025 07:16:50 UTC",,,,,Admin/Service – Office Support,OUT_OF_SCOPE,no admin/service title classification match,ADDITIONAL,,,0.378,workable-6D76681827,https://apply.workable.com/j/6D76681827,https://apply.workable.com/j/6D76681827,,Workable XML job feed
HARD_PASS,Senior Cyber Security Consultant,Control Risks,"London, England, GB",,MISSING,,"Wed, 22 Apr 2026 11:07:40 UTC",,Full-time,,,Admin/Service – Office Support,HARD_PASS,hard pass title pattern: senior,ADDITIONAL,,,0.408,workable-38639AC225,https://apply.workable.com/j/38639AC225,https://apply.workable.com/j/38639AC225,,Workable XML job feed
HARD_PASS,Speculative Applications - Embedded Consultant - Protective Services Lead,Control Risks,"London, England, GB",,MISSING,,"Thu, 09 Apr 2026 08:00:01 UTC",,Contract,,,Admin/Service – Office Support,OUT_OF_SCOPE,no admin/service title classification match,ADDITIONAL,,,0.389,workable-F24C3D12FB,https://apply.workable.com/j/F24C3D12FB,https://apply.workable.com/j/F24C3D12FB,,Workable XML job feed
HARD_PASS,Hootsuite Implementation Manager,Convosphere,"London, England, GB",,MISSING,,"Wed, 29 Apr 2026 16:59:14 UTC",,Full-time,Remote,Data Analyst,Admin/Service – Office Support,HARD_PASS,hard pass title pattern: manager,ADDITIONAL,,,0.385,workable-AEE51BFB04,https://apply.workable.com/j/AEE51BFB04,https://apply.workable.com/j/AEE51BFB04,,Workable XML job feed
HARD_PASS,Hootsuite Implementation Specialist,Convosphere,"London, England, GB",,MISSING,,"Wed, 29 Apr 2026 16:52:38 UTC",,Full-time,Remote,Data Analyst,Admin/Service – Office Support,OUT_OF_SCOPE,no admin/service title classification match,ADDITIONAL,,,0.406,workable-B54D61A70F,https://apply.workable.com/j/B54D61A70F,https://apply.workable.com/j/B54D61A70F,,Workable XML job feed
HARD_PASS,Legal AI Innovation & Engagement Associate,Corto Pty Ltd,"London, England, GB",,MISSING,,"Fri, 07 Aug 2026 03:03:10 UTC",,Full-time,,Legal,Admin/Service – Office Support,HARD_PASS,hard pass title pattern: legal,ADDITIONAL,,,0.419,workable-7ABDD7558D,https://apply.workable.com/j/7ABDD7558D,https://apply.workable.com/j/7ABDD7558D,,Workable XML job feed
HARD_PASS,Consultant - Literature Reviews,Costello Medical,"London, England, GB","£61,500",USABLE_REVIEW,"contribute to the growth and strategic direction of our Literature Reviews team Salary : £61,500 per annum (please note that we have established salary bands that are determined by your l","Fri, 24 Jul 2026 10:20:45 UTC",,Full-time,,Consulting,Admin/Service – Office Support,OUT_OF_SCOPE,no admin/service title classification match,ADDITIONAL,,,0.449,workable-C9E2EE4D90,https://apply.workable.com/j/C9E2EE4D90,https://apply.workable.com/j/C9E2EE4D90,,Workable XML job feed
HARD_PASS,Consultant - Value & Access,Costello Medical,"London, England, GB","£61,500",USABLE_REVIEW,"their voice heard, we are proud to offer a comprehensive benefits package that includes: £61,500 per annum, depending on your previous experience, as well as a discretionary profit share","Tue, 07 Apr 2026 13:00:28 UTC",,Full-time,,Consulting,Admin/Service – Office Support,OUT_OF_SCOPE,no admin/service title classification match,ADDITIONAL,,,0.417,workable-B594FBBDF1,https://apply.workable.com/j/B594FBBDF1,https://apply.workable.com/j/B594FBBDF1,,Workable XML job feed
HARD_PASS,Senior Analyst - MedTech,Costello Medical,"London, England, GB","£50,000",USABLE_REVIEW,"are proud to offer a comprehensive benefits package which includes: A starting salary of £50,000 per annum, as well as a discretionary profit share bonus paid twice per year. Please note","Fri, 14 Aug 2026 13:11:41 UTC",,Full-time,,Science,Admin/Service – Office Support,HARD_PASS,hard pass title pattern: senior,ADDITIONAL,,,0.464,workable-74D851AEF8,https://apply.workable.com/j/74D851AEF8,https://apply.workable.com/j/74D851AEF8,,Workable XML job feed
HARD_PASS,Senior Medical Writer,Costello Medical,"London, England, GB","£50,000–£55,000",USABLE_REVIEW,"ues’ work for accuracy, and quality, as well as planning and overseeing projects Salary : £50,000 to £55,000 per annum, depending on your previous experience Benefits : Discretionary profit share bon","Wed, 15 Jul 2026 14:29:29 UTC",,Full-time,,Consulting,Admin/Service – Office Support,HARD_PASS,hard pass title pattern: senior,ADDITIONAL,,,0.448,workable-28ED1E7F4D,https://apply.workable.com/j/28ED1E7F4D,https://apply.workable.com/j/28ED1E7F4D,,Workable XML job feed
HARD_PASS,Health Insurance Subject Matter Expert (Fully Remote),CoverGo,"London, England, GB",,MISSING,,"Tue, 14 Apr 2026 04:02:39 UTC",,Full-time,Remote,,Admin/Service – Office Support,OUT_OF_SCOPE,no admin/service title classification match,ADDITIONAL,,,0.359,workable-CB68DBDC1D,https://apply.workable.com/j/CB68DBDC1D,https://apply.workable.com/j/CB68DBDC1D,,Workable XML job feed
HARD_PASS,Solutions Architect (Insurance) - Fully Remote,CoverGo,"London, England, GB",,MISSING,,"Wed, 25 Mar 2026 07:55:08 UTC",,Full-time,Remote,,Admin/Service – Office Support,OUT_OF_SCOPE,no admin/service title classification match,ADDITIONAL,,,0.390,workable-880F0195DD,https://apply.workable.com/j/880F0195DD,https://apply.workable.com/j/880F0195DD,,Workable XML job feed
HARD_PASS,Lead Full Stack Engineer (AI-first) | Remote (from Europe),Creatunity LLC,"London, England, GB",,MISSING,,"Wed, 05 Aug 2026 10:39:31 UTC",,Full-time,Remote,Engineering,Admin/Service – Office Support,HARD_PASS,hard pass title pattern: engineer,ADDITIONAL,,,0.410,workable-3E1F8A0B5E,https://apply.workable.com/j/3E1F8A0B5E,https://apply.workable.com/j/3E1F8A0B5E,,Workable XML job feed
HARD_PASS,Senior Full Stack Engineer - PHP,Creditstar,"London, England, GB",,MISSING,,"Wed, 08 Jul 2026 11:14:36 UTC",,Full-time,,Engineering,Admin/Service – Office Support,HARD_PASS,"hard pass title pattern: engineer, senior",ADDITIONAL,,,0.379,workable-969BF32398,https://apply.workable.com/j/969BF32398,https://apply.workable.com/j/969BF32398,,Workable XML job feed
HARD_PASS,Senior Product Manager - Investments & Funding,Creditstar,"London, England, GB",,MISSING,,"Thu, 04 Jun 2026 15:25:47 UTC",,Full-time,,Product Management,Admin/Service – Office Support,HARD_PASS,"hard pass title pattern: senior, manager",ADDITIONAL,,,0.393,workable-32B4BC458F,https://apply.workable.com/j/32B4BC458F,https://apply.workable.com/j/32B4BC458F,,Workable XML job feed
HARD_PASS,Business Development Executive (SDR)/Tech Industry - Remote position,Cross Border Talents,"London, England, GB",,MISSING,,"Thu, 23 Feb 2023 17:45:39 UTC",,Full-time,Remote,Business Development,Admin/Service – Office Support,HARD_PASS,hard pass title pattern: business development,ADDITIONAL,,,0.442,workable-80FEA2C302,https://apply.workable.com/j/80FEA2C302,https://apply.workable.com/j/80FEA2C302,,Workable XML job feed
HARD_PASS,Strategic Development Executive (SDE)/Tech Industry - Remote position,Cross Border Talents,"London, England, GB",,MISSING,,"Thu, 23 Feb 2023 17:15:17 UTC",,Full-time,Remote,Sales,Admin/Service – Office Support,OUT_OF_SCOPE,no admin/service title classification match,ADDITIONAL,,,0.423,workable-9B20AB1541,https://apply.workable.com/j/9B20AB1541,https://apply.workable.com/j/9B20AB1541,,Workable XML job feed
HARD_PASS,Contracts Manager - Ireland/European/UK Projects,Crown Global,"London, England, GB",,MISSING,,"Fri, 12 Jun 2026 14:33:36 UTC",,Full-time,,Management,Admin/Service – Office Support,HARD_PASS,hard pass title pattern: manager,ADDITIONAL,,,0.403,workable-3C6D14BD14,https://apply.workable.com/j/3C6D14BD14,https://apply.workable.com/j/3C6D14BD14,,Workable XML job feed
HARD_PASS,BWC Service Technician,Culligan UK limited,"West London, England, GB",,MISSING,,"Mon, 03 Aug 2026 12:03:31 UTC",,Full-time,,Engineering,Admin/Service – Office Support,HARD_PASS,hard pass title pattern: technician,ADDITIONAL,,,0.490,workable-6907282C98,https://apply.workable.com/j/6907282C98,https://apply.workable.com/j/6907282C98,,Workable XML job feed
HARD_PASS,"Freelance Luxury Brand Evaluator | London Area, GB",CXG,"London, England, GB",,MISSING,,"Fri, 12 Jun 2026 08:06:28 UTC",,Other,,Other,Admin/Service – Office Support,OUT_OF_SCOPE,no admin/service title classification match,ADDITIONAL,,,0.341,workable-E3D43A6758,https://apply.workable.com/j/E3D43A6758,https://apply.workable.com/j/E3D43A6758,,Workable XML job feed
HARD_PASS,"IT Onsite Support (London, Part-time)",D-ploy,"London, England, GB",,MISSING,,"Mon, 20 Apr 2026 13:49:49 UTC",,Full-time,,Information Technology,Admin/Service – Office Support,OUT_OF_SCOPE,no admin/service title classification match,ADDITIONAL,,,0.407,workable-76211C0A82,https://apply.workable.com/j/76211C0A82,https://apply.workable.com/j/76211C0A82,,Workable XML job feed
HARD_PASS,Wealth Manager,Davy,"London, England, GB",,MISSING,,"Tue, 04 Aug 2026 16:44:37 UTC",,Full-time,,,Admin/Service – Office Support,HARD_PASS,"hard pass title pattern: manager, wealth",ADDITIONAL,,,0.361,workable-BE1163AA98,https://apply.workable.com/j/BE1163AA98,https://apply.workable.com/j/BE1163AA98,,Workable XML job feed
HARD_PASS,Lead Data Scientist,Day30,"London, England, GB","£95,000",USABLE_REVIEW,"t included in your email spam filter. Benefits Compensation & Benefits Base Salary: Up to £95,000 per annum (depending on experience) Equity: Meaningful options as first technical hire Hol","Fri, 05 Jun 2026 15:44:16 UTC",,Full-time,,Information Technology,Admin/Service – Office Support,OUT_OF_SCOPE,no admin/service title classification match,ADDITIONAL,,,0.377,workable-56DA0BEAB6,https://apply.workable.com/j/56DA0BEAB6,https://apply.workable.com/j/56DA0BEAB6,,Workable XML job feed
HARD_PASS,Commercial Publishing Director,DC Thomson,"London, England, GB",,MISSING,,"Thu, 06 Aug 2026 11:09:16 UTC",,Full-time,,Sales,Admin/Service – Office Support,OUT_OF_SCOPE,no admin/service title classification match,ADDITIONAL,,,0.475,workable-7D53091519,https://apply.workable.com/j/7D53091519,https://apply.workable.com/j/7D53091519,,Workable XML job feed
HARD_PASS,Commissioning Editor (Mat Leave),DC Thomson,"London, England, GB",,MISSING,,"Wed, 12 Aug 2026 13:46:14 UTC",,Full-time,,Writing/Editing,Admin/Service – Office Support,OUT_OF_SCOPE,no admin/service title classification match,ADDITIONAL,,,0.434,workable-C2FC9B9CDF,https://apply.workable.com/j/C2FC9B9CDF,https://apply.workable.com/j/C2FC9B9CDF,,Workable XML job feed
HARD_PASS,Qualitative Insight Executive / Research Executive,DC Thomson,"London, England, GB",,MISSING,,"Mon, 10 Aug 2026 10:51:15 UTC",,Full-time,,Marketing,Admin/Service – Office Support,OUT_OF_SCOPE,no admin/service title classification match,ADDITIONAL,,,0.402,workable-01167AA933,https://apply.workable.com/j/01167AA933,https://apply.workable.com/j/01167AA933,,Workable XML job feed
HARD_PASS,Senior Quantitative Insight Executive / Senior Research Executive (SRE),DC Thomson,"London, England, GB",,MISSING,,"Mon, 10 Aug 2026 10:41:58 UTC",,Full-time,,Marketing,Admin/Service – Office Support,HARD_PASS,hard pass title pattern: senior,ADDITIONAL,,,0.387,workable-799062733E,https://apply.workable.com/j/799062733E,https://apply.workable.com/j/799062733E,,Workable XML job feed
HARD_PASS,Writer,DC Thomson,"London, England, GB",,MISSING,,"Wed, 12 Aug 2026 13:39:14 UTC",,Full-time,,Writing/Editing,Admin/Service – Office Support,OUT_OF_SCOPE,no admin/service title classification match,ADDITIONAL,,,0.392,workable-4188BD86A0,https://apply.workable.com/j/4188BD86A0,https://apply.workable.com/j/4188BD86A0,,Workable XML job feed
HARD_PASS,Designer,Debenhams Group,"London, England, GB",,MISSING,,"Thu, 16 Jul 2026 08:25:20 UTC",,Full-time,,Design,Admin/Service – Office Support,OUT_OF_SCOPE,no admin/service title classification match,ADDITIONAL,,,0.432,workable-B35A10B110,https://apply.workable.com/j/B35A10B110,https://apply.workable.com/j/B35A10B110,,Workable XML job feed
HARD_PASS,Strategy & Operations Manager - Mid,Deblock,"London, England, GB",,MISSING,,"Tue, 24 Mar 2026 11:11:40 UTC",,,Remote,,Admin/Service – Office Support,HARD_PASS,"hard pass title pattern: operations manager, manager",ADDITIONAL,,,0.440,workable-D48096E950,https://apply.workable.com/j/D48096E950,https://apply.workable.com/j/D48096E950,,Workable XML job feed
HARD_PASS,Membership Director,Decentralized Masters,"London, England, GB",,MISSING,,"Mon, 16 Feb 2026 08:47:12 UTC",,Full-time,Remote,Sales,Admin/Service – Office Support,OUT_OF_SCOPE,no admin/service title classification match,ADDITIONAL,,,0.540,workable-B65A3D309A,https://apply.workable.com/j/B65A3D309A,https://apply.workable.com/j/B65A3D309A,,Workable XML job feed
HARD_PASS,Social Media Manager,Decentralized Masters,"London, England, GB",,MISSING,,"Mon, 17 Aug 2026 15:45:54 UTC",,Full-time,Remote,Marketing,Admin/Service – Office Support,HARD_PASS,hard pass title pattern: manager,ADDITIONAL,,,0.451,workable-BB9520DA87,https://apply.workable.com/j/BB9520DA87,https://apply.workable.com/j/BB9520DA87,,Workable XML job feed
HARD_PASS,Software Engineer C++,Decisal,"London, England, GB",,MISSING,,"Tue, 25 Jun 2024 07:31:44 UTC",,Full-time,Remote,Information Technology,Admin/Service – Office Support,HARD_PASS,hard pass title pattern: engineer,ADDITIONAL,,,0.426,workable-27315F87F7,https://apply.workable.com/j/27315F87F7,https://apply.workable.com/j/27315F87F7,,Workable XML job feed
HARD_PASS,"Co-founder & CEO, AI for predictable drug discovery and development",Deep Science Ventures,"London, England, GB",,MISSING,,"Wed, 01 Jul 2026 16:42:27 UTC",,,,,Admin/Service – Office Support,OUT_OF_SCOPE,no admin/service title classification match,ADDITIONAL,,,0.383,workable-AFB2DAD578,https://apply.workable.com/j/AFB2DAD578,https://apply.workable.com/j/AFB2DAD578,,Workable XML job feed
HARD_PASS,"Commercial Co-Founder, Closing the loop on the world's unrecyclable plastic",Deep Science Ventures,"London, England, GB",,MISSING,,"Mon, 11 Aug 2025 16:47:50 UTC",,,Remote,,Admin/Service – Office Support,OUT_OF_SCOPE,no admin/service title classification match,ADDITIONAL,,,0.373,workable-63273C84A3,https://apply.workable.com/j/63273C84A3,https://apply.workable.com/j/63273C84A3,,Workable XML job feed
HARD_PASS,"Commercial Co-founder, Grid flexibility and virtual power plants",Deep Science Ventures,"London, England, GB",,MISSING,,"Thu, 09 Apr 2026 16:20:39 UTC",,Full-time,,,Admin/Service – Office Support,OUT_OF_SCOPE,no admin/service title classification match,ADDITIONAL,,,0.405,workable-DBA460019B,https://apply.workable.com/j/DBA460019B,https://apply.workable.com/j/DBA460019B,,Workable XML job feed
HARD_PASS,"Founder in Residence, Unlocking systemic drug delivery for brain & CNS disease",Deep Science Ventures,"London, England, GB",,MISSING,,"Tue, 30 Jun 2026 08:51:02 UTC",,,Remote,,Admin/Service – Office Support,OUT_OF_SCOPE,no admin/service title classification match,ADDITIONAL,,,0.384,workable-D9C7F604B0,https://apply.workable.com/j/D9C7F604B0,https://apply.workable.com/j/D9C7F604B0,,Workable XML job feed
HARD_PASS,Appointment Setter - High-Ticket Sales,Deep Sea Media,"London, England, GB",,MISSING,,"Fri, 14 Aug 2026 02:34:40 UTC",,Contract,Remote,Sales,Admin/Service – Office Support,OUT_OF_SCOPE,no admin/service title classification match,ADDITIONAL,,,0.398,workable-E048043C3A,https://apply.workable.com/j/E048043C3A,https://apply.workable.com/j/E048043C3A,,Workable XML job feed
HARD_PASS,ML Engineer,deepmirror,"London, England, GB",,MISSING,,"Tue, 21 Apr 2026 07:47:43 UTC",,Full-time,,Engineering,Admin/Service – Office Support,HARD_PASS,hard pass title pattern: engineer,ADDITIONAL,,,0.410,workable-0911C197CD,https://apply.workable.com/j/0911C197CD,https://apply.workable.com/j/0911C197CD,,Workable XML job feed
HARD_PASS,Freelance Care Compliance Consultant (Self Employed - Contractor),Delphi Care Solutions,"London, England, GB",,MISSING,,"Thu, 30 Jul 2026 14:12:56 UTC",,Contract,,Health Care Provider,Admin/Service – Office Support,HARD_PASS,hard pass title pattern: compliance,ADDITIONAL,,,0.484,workable-36C76DD311,https://apply.workable.com/j/36C76DD311,https://apply.workable.com/j/36C76DD311,,Workable XML job feed
HARD_PASS,Interim Ofsted Registered Manager - Consultant (Contractor),Delphi Care Solutions,"London, England, GB",,MISSING,,"Wed, 15 Apr 2026 12:10:41 UTC",,Contract,,Health Care Provider,Admin/Service – Office Support,HARD_PASS,hard pass title pattern: manager,ADDITIONAL,,,0.496,workable-4E1A73C635,https://apply.workable.com/j/4E1A73C635,https://apply.workable.com/j/4E1A73C635,,Workable XML job feed
HARD_PASS,Interim/Turnaround Manager (Care) - Self Employed,Delphi Care Solutions,"London, England, GB",,MISSING,,"Thu, 30 Jul 2026 14:13:43 UTC",,Contract,,Consulting,Admin/Service – Office Support,HARD_PASS,hard pass title pattern: manager,ADDITIONAL,,,0.444,workable-854CF4AFD6,https://apply.workable.com/j/854CF4AFD6,https://apply.workable.com/j/854CF4AFD6,,Workable XML job feed
HARD_PASS,Responsible Individual (Consultant),Delphi Care Solutions,"London, England, GB",,MISSING,,"Thu, 30 Jul 2026 14:11:48 UTC",,Contract,,Health Care Provider,Admin/Service – Office Support,OUT_OF_SCOPE,no admin/service title classification match,ADDITIONAL,,,0.508,workable-E5E4A543CE,https://apply.workable.com/j/E5E4A543CE,https://apply.workable.com/j/E5E4A543CE,,Workable XML job feed
HARD_PASS,BIM Lead,Designer Group,"London, England, GB",,MISSING,,"Fri, 12 Jun 2026 09:27:08 UTC",,Full-time,,,Admin/Service – Office Support,OUT_OF_SCOPE,no admin/service title classification match,ADDITIONAL,,,0.491,workable-9EBDC6D961,https://apply.workable.com/j/9EBDC6D961,https://apply.workable.com/j/9EBDC6D961,,Workable XML job feed
HARD_PASS,Commercial Graduate - London,Designer Group,"London, England, GB",,MISSING,,"Wed, 12 Aug 2026 15:28:59 UTC",,Full-time,,General Business,Admin/Service – Office Support,OUT_OF_SCOPE,no admin/service title classification match,ADDITIONAL,,,0.517,workable-DA8F4F72C5,https://apply.workable.com/j/DA8F4F72C5,https://apply.workable.com/j/DA8F4F72C5,,Workable XML job feed
HARD_PASS,"Environmental, Health and Safety Graduate - London",Designer Group,"London, England, GB",,MISSING,,"Wed, 12 Aug 2026 15:05:27 UTC",,Full-time,,Other,Admin/Service – Office Support,HARD_PASS,hard pass title pattern: health and safety,ADDITIONAL,,,0.494,workable-3D5A8C4391,https://apply.workable.com/j/3D5A8C4391,https://apply.workable.com/j/3D5A8C4391,,Workable XML job feed
HARD_PASS,Mechanical Estimator,Designer Group,"London, England, GB",,MISSING,,"Mon, 20 Jul 2026 14:49:11 UTC",,Full-time,,,Admin/Service – Office Support,HARD_PASS,hard pass title pattern: mechanic,ADDITIONAL,,,0.553,workable-215F50580A,https://apply.workable.com/j/215F50580A,https://apply.workable.com/j/215F50580A,,Workable XML job feed
HARD_PASS,Mechanical Project Manager - London,Designer Group,"London, England, GB",,MISSING,,"Wed, 29 Jul 2026 07:47:00 UTC",,Full-time,,Project Management,Admin/Service – Office Support,HARD_PASS,"hard pass title pattern: mechanic, manager",ADDITIONAL,,,0.487,workable-CE82D13361,https://apply.workable.com/j/CE82D13361,https://apply.workable.com/j/CE82D13361,,Workable XML job feed
HARD_PASS,Regional Health and Safety Officer - London and UK,Designer Group,"London, England, GB",,MISSING,,"Tue, 19 May 2026 08:26:56 UTC",,Full-time,,Other,Admin/Service – Office Support,HARD_PASS,hard pass title pattern: health and safety,ADDITIONAL,,,0.509,workable-25163BB762,https://apply.workable.com/j/25163BB762,https://apply.workable.com/j/25163BB762,,Workable XML job feed
HARD_PASS,"FPV Drone Operator, Videographer & Photographer",Destinus,"London, England, GB",,MISSING,,"Mon, 01 Jun 2026 11:21:57 UTC",,Full-time,,,Admin/Service – Office Support,OUT_OF_SCOPE,no admin/service title classification match,ADDITIONAL,,,0.445,workable-285BD30C39,https://apply.workable.com/j/285BD30C39,https://apply.workable.com/j/285BD30C39,,Workable XML job feed
HARD_PASS,Security Platform Engineer,Digi2al Limited,"London, England, GB","£70,000–£100,000",USABLE_REVIEW,"ooling. Current and active UK Developed Vetting (DV) Security Clearance. Benefits Salary: £70,000 to £100,000 per annum 25 days holiday increasing annually up to a maximum of 30 days Support for flexi","Thu, 20 Aug 2026 14:48:32 UTC",,Full-time,,,Admin/Service – Office Support,HARD_PASS,hard pass title pattern: engineer,ADDITIONAL,,,0.522,workable-491A59E2DA,https://apply.workable.com/j/491A59E2DA,https://apply.workable.com/j/491A59E2DA,,Workable XML job feed
HARD_PASS,Senior Creative Designer/Design Strategist,Digital,"London, England, GB",,MISSING,,"Thu, 09 Jul 2026 15:22:33 UTC",,Full-time,Remote,Design,Admin/Service – Office Support,HARD_PASS,hard pass title pattern: senior,ADDITIONAL,,,0.420,workable-175ED17A04,https://apply.workable.com/j/175ED17A04,https://apply.workable.com/j/175ED17A04,,Workable XML job feed
HARD_PASS,Future Network Technologist - FTC,Digital Catapult,"London, England, GB","£60,000–£65,000",USABLE_REVIEW,"ne for Applications: 25th August 2026 The full time equivalent salary for this role is c. £60,000 - 65,000 subject to experience. We are seeking someone to work part-time, 4 days per week, and the","Tue, 11 Aug 2026 09:32:57 UTC",,Contract,,,Admin/Service – Office Support,OUT_OF_SCOPE,no admin/service title classification match,ADDITIONAL,,,0.385,workable-CD9DC6BAD6,https://apply.workable.com/j/CD9DC6BAD6,https://apply.workable.com/j/CD9DC6BAD6,,Workable XML job feed
HARD_PASS,Non-Executive Director & Chair of Audit & Risk Committee,Digital Catapult,"London, England, GB","£17,500",USABLE_REVIEW,"e earliest opportunity) Benefits WORKING CONDITIONS This is a remunerated NED position of £17,500 gross p.a. Our standard NED fees are £12,500 p.a. and the Chair of ARC attracts a further","Tue, 04 Aug 2026 16:19:06 UTC",,Part-time,,Accounting/Auditing,Admin/Service – Office Support,OUT_OF_SCOPE,no admin/service title classification match,ADDITIONAL,,,0.382,workable-A78EC48837,https://apply.workable.com/j/A78EC48837,https://apply.workable.com/j/A78EC48837,,Workable XML job feed
HARD_PASS,Customer Success Manager,DigitalGenius,"London, England, GB",,MISSING,,"Wed, 19 Aug 2026 15:11:41 UTC",,Full-time,,Customer Service,Admin/Service – Office Support,HARD_PASS,hard pass title pattern: manager,ADDITIONAL,,,0.451,workable-0F4665B82C,https://apply.workable.com/j/0F4665B82C,https://apply.workable.com/j/0F4665B82C,,Workable XML job feed
HARD_PASS,Implementation Engineer,DigitalGenius,"London, England, GB",,MISSING,,"Tue, 30 Jun 2026 14:00:51 UTC",,Full-time,Remote,,Admin/Service – Office Support,HARD_PASS,hard pass title pattern: engineer,ADDITIONAL,,,0.417,workable-801183DB79,https://apply.workable.com/j/801183DB79,https://apply.workable.com/j/801183DB79,,Workable XML job feed
HARD_PASS,Product Marketing Lead,DigitalGenius,"London, England and Wales, GB",,MISSING,,"Wed, 24 Jun 2026 11:20:13 UTC",,,,Marketing,Admin/Service – Office Support,OUT_OF_SCOPE,no admin/service title classification match,ADDITIONAL,,,0.383,workable-7D67FD6E4D,https://apply.workable.com/j/7D67FD6E4D,https://apply.workable.com/j/7D67FD6E4D,,Workable XML job feed
HARD_PASS,Senior Software Engineer,DigitalGenius,"London, England, GB","£100,000–£120,000",USABLE_REVIEW,complete all stages within 2–3 weeks . Benefits 🚀 Thrive in a dynamic start-up culture 💰 £100k - £120k annual salary depending on experience 🏝️ 34 days off — 25 annual + 8 public + your birthd,"Sun, 16 Aug 2026 13:11:14 UTC",,Full-time,,Information Technology,Admin/Service – Office Support,HARD_PASS,"hard pass title pattern: engineer, senior",ADDITIONAL,,,0.412,workable-BB53391416,https://apply.workable.com/j/BB53391416,https://apply.workable.com/j/BB53391416,,Workable XML job feed
HARD_PASS,Join Us - DigiPeople,Digiterre,"London, England, GB",,MISSING,,"Mon, 16 Feb 2026 16:56:25 UTC",,,,,Admin/Service – Office Support,OUT_OF_SCOPE,no admin/service title classification match,ADDITIONAL,,,0.356,workable-D78C0CE632,https://apply.workable.com/j/D78C0CE632,https://apply.workable.com/j/D78C0CE632,,Workable XML job feed
HARD_PASS,Engineering Manager,DISCO,"London, GB",,MISSING,,"Mon, 03 Aug 2026 00:55:22 UTC",,Full-time,Remote,Engineering,Admin/Service – Office Support,HARD_PASS,"hard pass title pattern: engineer, manager",ADDITIONAL,,,0.469,workable-F9FB0F6CDA,https://apply.workable.com/j/F9FB0F6CDA,https://apply.workable.com/j/F9FB0F6CDA,,Workable XML job feed
HARD_PASS,Junior Quality Control Operator (Media) - Late Shift,DMS,"London, England, GB",,MISSING,,"Mon, 27 Jul 2026 15:21:57 UTC",,Full-time,,,Admin/Service – Office Support,OUT_OF_SCOPE,no admin/service title classification match,ADDITIONAL,,,0.365,workable-C529A8EC8C,https://apply.workable.com/j/C529A8EC8C,https://apply.workable.com/j/C529A8EC8C,,Workable XML job feed
HARD_PASS,Junior Technical Operator (Early Shift),DMS,"London, England, GB",,MISSING,,"Fri, 26 Jun 2026 13:55:59 UTC",,Full-time,,,Admin/Service – Office Support,OUT_OF_SCOPE,no admin/service title classification match,ADDITIONAL,,,0.371,workable-AF48638165,https://apply.workable.com/j/AF48638165,https://apply.workable.com/j/AF48638165,,Workable XML job feed
HARD_PASS,Junior Technical Operator (Night Shift),DMS,"London, England, GB",,MISSING,,"Tue, 04 Aug 2026 14:48:33 UTC",,Full-time,,,Admin/Service – Office Support,OUT_OF_SCOPE,no admin/service title classification match,ADDITIONAL,,,0.371,workable-3A25FB2B49,https://apply.workable.com/j/3A25FB2B49,https://apply.workable.com/j/3A25FB2B49,,Workable XML job feed
HARD_PASS,Operations Manager,DMS,"London, England, GB",,MISSING,,"Mon, 06 Jul 2026 16:12:22 UTC",,Full-time,,,Admin/Service – Office Support,HARD_PASS,"hard pass title pattern: operations manager, manager",ADDITIONAL,,,0.423,workable-97C3E6994C,https://apply.workable.com/j/97C3E6994C,https://apply.workable.com/j/97C3E6994C,,Workable XML job feed
HARD_PASS,Senior Versioning Team Leader - Night Shift,DMS,"London, England, GB",,MISSING,,"Mon, 20 Jul 2026 09:35:29 UTC",,Full-time,,,Admin/Service – Office Support,HARD_PASS,hard pass title pattern: senior,ADDITIONAL,,,0.369,workable-B01034C0CA,https://apply.workable.com/j/B01034C0CA,https://apply.workable.com/j/B01034C0CA,,Workable XML job feed
HARD_PASS,Versioning Producer,DMS,"London, England, GB",,MISSING,,"Mon, 27 Jul 2026 15:45:27 UTC",,,,,Admin/Service – Office Support,OUT_OF_SCOPE,no admin/service title classification match,ADDITIONAL,,,0.378,workable-7C888A8921,https://apply.workable.com/j/7C888A8921,https://apply.workable.com/j/7C888A8921,,Workable XML job feed
HARD_PASS,Digital Advanced Clinical Practitioner,Doctor Care Anywhere,"London, England, GB","£60,169",USABLE_REVIEW,"eek Sessional Rates (per annum below): Salary based on 40 hours weekday/daytime FTE: From £60,169.30 Weekday Daytime: £6,016.93 Weekday Evening: £6,618.63 Weekends/ Bank Holiday: £7,281.51 Ho","Mon, 10 Aug 2026 10:54:53 UTC",,Part-time,Remote,Health Care Provider,Admin/Service – Office Support,OUT_OF_SCOPE,no admin/service title classification match,ADDITIONAL,,,0.442,workable-70B6239386,https://apply.workable.com/j/70B6239386,https://apply.workable.com/j/70B6239386,,Workable XML job feed
HARD_PASS,Digital Physiotherapist (Weekdays),Doctor Care Anywhere,"London, England, GB","£49,000",USABLE_REVIEW,"ay), along with optional additional 'ad-hoc' shifts. Annual salary based on 40 hours FTE: £49,000 Requirements Key accountabilities/ responsibilities: Conduct comprehensive remote physioth","Mon, 10 Aug 2026 10:55:24 UTC",,Part-time,Remote,Health Care Provider,Admin/Service – Office Support,HARD_PASS,hard pass title pattern: therapist,ADDITIONAL,,,0.411,workable-279F079CE9,https://apply.workable.com/j/279F079CE9,https://apply.workable.com/j/279F079CE9,,Workable XML job feed
HARD_PASS,People Advisor - 12 Month FTC,Doctor Care Anywhere,"London, England, GB","£40,000–£45,000",USABLE_REVIEW,"d process ownership, and involvement in wider people and culture projects. Remuneration : £40k - £45K per annum Work location: London office based (up to 2 days WFH) Application Deadline : 9a","Wed, 19 Aug 2026 14:22:19 UTC",,,,,Admin/Service – Office Support,OUT_OF_SCOPE,no admin/service title classification match,ADDITIONAL,,,0.437,workable-EEAD746B6C,https://apply.workable.com/j/EEAD746B6C,https://apply.workable.com/j/EEAD746B6C,,Workable XML job feed
HARD_PASS,Senior Full Stack Engineer,Doctor Care Anywhere,"London, England, GB","£80,000–£90,000",USABLE_REVIEW,"the third member of the Medicspot engineering team. Salary band depending on expereince: £80,000 - £90,000 Application close date: 11:00am Friday 21st August 2026 Requirements What you'll do: Desig","Mon, 10 Aug 2026 14:27:29 UTC",,Full-time,,,Admin/Service – Office Support,HARD_PASS,"hard pass title pattern: engineer, senior",ADDITIONAL,,,0.429,workable-2E497B60D0,https://apply.workable.com/j/2E497B60D0,https://apply.workable.com/j/2E497B60D0,,Workable XML job feed
HARD_PASS,Contract Management Analyst - Financial Data & Technology,DonePlus,"London, England, GB","£51,000–£63,000",USABLE_REVIEW,"in management is unlikely to be relevant to this position. Benefits Competitive salary of £51,000–£63,000 per year , depending on experience. Opportunity to work directly within a leading investme","Wed, 19 Aug 2026 12:22:06 UTC",,Full-time,,Administrative,Admin/Service – Office Support,OUT_OF_SCOPE,no admin/service title classification match,ADDITIONAL,,,0.435,workable-F86FC4235B,https://apply.workable.com/j/F86FC4235B,https://apply.workable.com/j/F86FC4235B,,Workable XML job feed
HARD_PASS,Financial Data & Vendor Analyst,DonePlus,"London, England, GB",,MISSING,,"Fri, 14 Aug 2026 12:11:29 UTC",,Full-time,,Finance,Admin/Service – Office Support,OUT_OF_SCOPE,no admin/service title classification match,ADDITIONAL,,,0.419,workable-2612D98B3B,https://apply.workable.com/j/2612D98B3B,https://apply.workable.com/j/2612D98B3B,,Workable XML job feed
HARD_PASS,Market Data Vendor Management Analyst - Investment Management,DonePlus,"London, England, GB",,MISSING,,"Wed, 05 Aug 2026 20:07:30 UTC",,Full-time,,Business Analyst,Admin/Service – Office Support,OUT_OF_SCOPE,no admin/service title classification match,ADDITIONAL,,,0.416,workable-48145196CF,https://apply.workable.com/j/48145196CF,https://apply.workable.com/j/48145196CF,,Workable XML job feed
HARD_PASS,BD /Sales Manager Europe,DPBIO Inc,"London, England, GB",,MISSING,,"Sat, 18 Jul 2026 17:44:32 UTC",,Full-time,Remote,Sales,Admin/Service – Office Support,HARD_PASS,hard pass title pattern: manager,ADDITIONAL,,,0.413,workable-F05E049ACB,https://apply.workable.com/j/F05E049ACB,https://apply.workable.com/j/F05E049ACB,,Workable XML job feed
HARD_PASS,Head of Product,DROOL,"London, England, GB",,MISSING,,"Mon, 01 Dec 2025 17:35:38 UTC",,Full-time,,Strategy/Planning,Admin/Service – Office Support,OUT_OF_SCOPE,no admin/service title classification match,ADDITIONAL,,,0.393,workable-D77D41C555,https://apply.workable.com/j/D77D41C555,https://apply.workable.com/j/D77D41C555,,Workable XML job feed
HARD_PASS,"Programme Manager (L&D), 12-month contract",Duke Corporate Education,"London, England, GB",,MISSING,,"Mon, 17 Aug 2026 07:34:31 UTC",,Full-time,,,Admin/Service – Office Support,HARD_PASS,hard pass title pattern: manager,ADDITIONAL,,,0.428,workable-4D7B4EBD11,https://apply.workable.com/j/4D7B4EBD11,https://apply.workable.com/j/4D7B4EBD11,,Workable XML job feed
HARD_PASS,Head of AI,Dyad Artificial Intelligence Limited,"London, England, GB",,MISSING,,"Mon, 27 Jul 2026 16:52:24 UTC",,Full-time,,,Admin/Service – Office Support,OUT_OF_SCOPE,no admin/service title classification match,ADDITIONAL,,,0.399,workable-3BED879061,https://apply.workable.com/j/3BED879061,https://apply.workable.com/j/3BED879061,,Workable XML job feed
HARD_PASS,Senior Customer Success & Enablement Executive,Dyad Artificial Intelligence Limited,"London, England, GB",,MISSING,,"Mon, 10 Aug 2026 15:44:17 UTC",,Full-time,Remote,,Admin/Service – Office Support,HARD_PASS,hard pass title pattern: senior,ADDITIONAL,,,0.499,workable-B51E0933C8,https://apply.workable.com/j/B51E0933C8,https://apply.workable.com/j/B51E0933C8,,Workable XML job feed
HARD_PASS,Accounts Assistant,e-Careers Limited,"London, England, GB",,MISSING,,"Tue, 09 Jun 2026 12:27:23 UTC",,Full-time,,Accounting/Auditing,Finance / Accounts,HIGH_CONFIDENCE,existing Finance / Accounts title register exact match,ADDITIONAL,,,0.623,workable-A9C254DA62,https://apply.workable.com/j/A9C254DA62,https://apply.workable.com/j/A9C254DA62,,Workable XML job feed
HARD_PASS,Accounts Assistant,e-Careers Limited,"London, England, GB",,MISSING,,"Thu, 06 Aug 2026 06:14:32 UTC",,Full-time,Remote,,Finance / Accounts,HIGH_CONFIDENCE,existing Finance / Accounts title register exact match,ADDITIONAL,,,0.623,workable-E6C52D4167,https://apply.workable.com/j/E6C52D4167,https://apply.workable.com/j/E6C52D4167,,Workable XML job feed
HARD_PASS,Bookkeeping Assistant,e-Careers Limited,"London, England, GB",,MISSING,,"Thu, 06 Aug 2026 06:14:34 UTC",,Full-time,Remote,,Admin/Service – Office Support,OUT_OF_SCOPE,no admin/service title classification match,ADDITIONAL,,,0.596,workable-FEAEFDD5AF,https://apply.workable.com/j/FEAEFDD5AF,https://apply.workable.com/j/FEAEFDD5AF,,Workable XML job feed
HARD_PASS,Business Administrator,e-Careers Limited,"London, England, GB",,MISSING,,"Fri, 06 Mar 2026 06:12:44 UTC",,Full-time,,Administrative,Admin/Service – Office Support,HIGH_CONFIDENCE,title register: high-confidence title pattern: administrator,ADDITIONAL,,,0.674,workable-386E04F01C,https://apply.workable.com/j/386E04F01C,https://apply.workable.com/j/386E04F01C,,Workable XML job feed
HARD_PASS,Finance Administrator,e-Careers Limited,"London, England, GB",,MISSING,,"Thu, 06 Aug 2026 06:15:39 UTC",,Full-time,Remote,,Finance / Accounts,HIGH_CONFIDENCE,existing Finance / Accounts title register exact match,ADDITIONAL,,,0.661,workable-01FE0D7D16,https://apply.workable.com/j/01FE0D7D16,https://apply.workable.com/j/01FE0D7D16,,Workable XML job feed
HARD_PASS,Financial Analyst,e-Careers Limited,"London, England, GB",,MISSING,,"Fri, 24 Apr 2026 06:11:20 UTC",,Full-time,,Accounting/Auditing,Admin/Service – Office Support,OUT_OF_SCOPE,no admin/service title classification match,ADDITIONAL,,,0.568,workable-8475729419,https://apply.workable.com/j/8475729419,https://apply.workable.com/j/8475729419,,Workable XML job feed
HARD_PASS,Financial Analyst,e-Careers Limited,"London, England, GB",,MISSING,,"Tue, 09 Jun 2026 12:28:11 UTC",,Full-time,,Accounting/Auditing,Admin/Service – Office Support,OUT_OF_SCOPE,no admin/service title classification match,ADDITIONAL,,,0.568,workable-FC940824CC,https://apply.workable.com/j/FC940824CC,https://apply.workable.com/j/FC940824CC,,Workable XML job feed
HARD_PASS,HR Administration Assistant,e-Careers Limited,"London, England, GB",,MISSING,,"Thu, 06 Aug 2026 06:07:14 UTC",,Full-time,Remote,,Admin/Service – Office Support,HIGH_CONFIDENCE,high-confidence title pattern: administration assistant,ADDITIONAL,,,0.640,workable-C8B6E28FFF,https://apply.workable.com/j/C8B6E28FFF,https://apply.workable.com/j/C8B6E28FFF,,Workable XML job feed
HARD_PASS,HR Administrator,e-Careers Limited,"London, England, GB",,MISSING,,"Thu, 20 Nov 2025 07:00:05 UTC",,Full-time,,,HR / Recruitment,HIGH_CONFIDENCE,existing HR / Recruitment title register exact match,ADDITIONAL,,,0.742,workable-DF70E5AC79,https://apply.workable.com/j/DF70E5AC79,https://apply.workable.com/j/DF70E5AC79,,Workable XML job feed
HARD_PASS,HR Administrator,e-Careers Limited,"London, England, GB",,MISSING,,"Thu, 06 Aug 2026 06:07:15 UTC",,Full-time,Remote,,HR / Recruitment,HIGH_CONFIDENCE,existing HR / Recruitment title register exact match,ADDITIONAL,,,0.742,workable-1D00C959F1,https://apply.workable.com/j/1D00C959F1,https://apply.workable.com/j/1D00C959F1,,Workable XML job feed
HARD_PASS,HR Assistant,e-Careers Limited,"London, England, GB",,MISSING,,"Tue, 09 Jun 2026 12:29:13 UTC",,Full-time,,,HR / Recruitment,HIGH_CONFIDENCE,existing HR / Recruitment title register exact match,ADDITIONAL,,,0.694,workable-57AFFEBFCD,https://apply.workable.com/j/57AFFEBFCD,https://apply.workable.com/j/57AFFEBFCD,,Workable XML job feed
HARD_PASS,HR Assistant,e-Careers Limited,"London, England, GB",,MISSING,,"Thu, 06 Aug 2026 06:08:25 UTC",,Full-time,Remote,,HR / Recruitment,HIGH_CONFIDENCE,existing HR / Recruitment title register exact match,ADDITIONAL,,,0.694,workable-1125BA7A80,https://apply.workable.com/j/1125BA7A80,https://apply.workable.com/j/1125BA7A80,,Workable XML job feed
HARD_PASS,HR Coordinator,e-Careers Limited,"London, England, GB",,MISSING,,"Thu, 06 Aug 2026 06:08:26 UTC",,Full-time,,,HR / Recruitment,HIGH_CONFIDENCE,existing HR / Recruitment title register exact match,ADDITIONAL,,,0.719,workable-7E72C698C0,https://apply.workable.com/j/7E72C698C0,https://apply.workable.com/j/7E72C698C0,,Workable XML job feed
HARD_PASS,Human Resources (HR) Manager,e-Careers Limited,"London, England, GB",,MISSING,,"Tue, 09 Jun 2026 12:29:58 UTC",,Full-time,,,Admin/Service – Office Support,HARD_PASS,hard pass title pattern: manager,ADDITIONAL,,,0.505,workable-58054CC076,https://apply.workable.com/j/58054CC076,https://apply.workable.com/j/58054CC076,,Workable XML job feed
HARD_PASS,Human Resources Specialist,e-Careers Limited,"London, England, GB",,MISSING,,"Tue, 09 Jun 2026 12:29:58 UTC",,Full-time,,Human Resources,Admin/Service – Office Support,OUT_OF_SCOPE,no admin/service title classification match,ADDITIONAL,,,0.538,workable-D6ACC2B4CA,https://apply.workable.com/j/D6ACC2B4CA,https://apply.workable.com/j/D6ACC2B4CA,,Workable XML job feed
HARD_PASS,ICT Apprentice,e-Careers Limited,"London, England, GB",,MISSING,,"Thu, 13 Feb 2025 14:52:49 UTC",,Full-time,,Information Technology,Admin/Service – Office Support,OUT_OF_SCOPE,no admin/service title classification match,ADDITIONAL,,,0.478,workable-2EF84D4C52,https://apply.workable.com/j/2EF84D4C52,https://apply.workable.com/j/2EF84D4C52,,Workable XML job feed
HARD_PASS,Junior Accountant,e-Careers Limited,"London, England, GB",,MISSING,,"Wed, 23 Oct 2024 11:32:29 UTC",,Full-time,,,Admin/Service – Office Support,OUT_OF_SCOPE,no admin/service title classification match,ADDITIONAL,,,0.557,workable-C6E54B9DBF,https://apply.workable.com/j/C6E54B9DBF,https://apply.workable.com/j/C6E54B9DBF,,Workable XML job feed
HARD_PASS,Junior Financial Analyst,e-Careers Limited,"London, England, GB",,MISSING,,"Thu, 06 Aug 2026 06:15:40 UTC",,Full-time,Remote,,Admin/Service – Office Support,OUT_OF_SCOPE,no admin/service title classification match,ADDITIONAL,,,0.536,workable-9F6E6D8336,https://apply.workable.com/j/9F6E6D8336,https://apply.workable.com/j/9F6E6D8336,,Workable XML job feed
HARD_PASS,Junior HR Talent Coordinator,e-Careers Limited,"London, England, GB",,MISSING,,"Thu, 06 Aug 2026 06:11:07 UTC",,Full-time,Remote,,Admin/Service – Office Support,ELASTIC_FIT,elastic-fit title pattern: coordinator,ADDITIONAL,,,0.572,workable-A2F2745B26,https://apply.workable.com/j/A2F2745B26,https://apply.workable.com/j/A2F2745B26,,Workable XML job feed
HARD_PASS,Recruitment Coordinator Intern,e-Careers Limited,"London, England, GB",,MISSING,,"Thu, 06 Aug 2026 06:12:02 UTC",,Full-time,Remote,,Admin/Service – Office Support,ELASTIC_FIT,elastic-fit title pattern: coordinator,ADDITIONAL,,,0.535,workable-D9FF983568,https://apply.workable.com/j/D9FF983568,https://apply.workable.com/j/D9FF983568,,Workable XML job feed
HARD_PASS,Talent Acquisition Assistant,e-Careers Limited,"London, England, GB",,MISSING,,"Thu, 06 Aug 2026 06:12:04 UTC",,Full-time,Remote,,Admin/Service – Office Support,OUT_OF_SCOPE,no admin/service title classification match,ADDITIONAL,,,0.571,workable-E6B7A3868C,https://apply.workable.com/j/E6B7A3868C,https://apply.workable.com/j/E6B7A3868C,,Workable XML job feed
HARD_PASS,Trainee Accountant,e-Careers Limited,"London, England, GB",,MISSING,,"Thu, 06 Aug 2026 06:16:53 UTC",,Full-time,Remote,,Admin/Service – Office Support,OUT_OF_SCOPE,no admin/service title classification match,ADDITIONAL,,,0.597,workable-42898DFACC,https://apply.workable.com/j/42898DFACC,https://apply.workable.com/j/42898DFACC,,Workable XML job feed
HARD_PASS,Trainee Administrator,e-Careers Limited,"London, England, GB",,MISSING,,"Wed, 23 Oct 2024 11:32:29 UTC",,Full-time,,Administrative,Admin/Service – Office Support,HIGH_CONFIDENCE,high-confidence title pattern: administrator,ADDITIONAL,,,0.661,workable-D27BC62BE9,https://apply.workable.com/j/D27BC62BE9,https://apply.workable.com/j/D27BC62BE9,,Workable XML job feed
HARD_PASS,EatClub - Dream Job,EatClub,"London, England, GB",,MISSING,,"Mon, 06 Jul 2026 08:56:01 UTC",,Full-time,,,Admin/Service – Office Support,OUT_OF_SCOPE,no admin/service title classification match,ADDITIONAL,,,0.383,workable-2404302396,https://apply.workable.com/j/2404302396,https://apply.workable.com/j/2404302396,,Workable XML job feed
HARD_PASS,Campaigns Lead,Economic Change Unit,"London, England and Wales, GB",,MISSING,,"Mon, 20 Jul 2026 14:44:57 UTC",,Full-time,,Other,Admin/Service – Office Support,OUT_OF_SCOPE,no admin/service title classification match,ADDITIONAL,,,0.420,workable-CC55514278,https://apply.workable.com/j/CC55514278,https://apply.workable.com/j/CC55514278,,Workable XML job feed
HARD_PASS,Care Manager,edyn.care,"London, England, GB",,MISSING,,"Thu, 02 Jul 2026 14:43:37 UTC",,Full-time,,Health Care Provider,Admin/Service – Office Support,HARD_PASS,hard pass title pattern: manager,ADDITIONAL,,,0.490,workable-3DF69C3EDE,https://apply.workable.com/j/3DF69C3EDE,https://apply.workable.com/j/3DF69C3EDE,,Workable XML job feed
HARD_PASS,Traffic Manager,eight&four,"London, England, GB",,MISSING,,"Wed, 05 Aug 2026 13:04:13 UTC",,Full-time,,Project Management,Admin/Service – Office Support,HARD_PASS,hard pass title pattern: manager,ADDITIONAL,,,0.399,workable-2FF3FFBD7D,https://apply.workable.com/j/2FF3FFBD7D,https://apply.workable.com/j/2FF3FFBD7D,,Workable XML job feed
HARD_PASS,Client Relationship Manager,Eightcap,"London, England, GB",,MISSING,,"Thu, 30 Jul 2026 01:29:29 UTC",,Full-time,,,Admin/Service – Office Support,HARD_PASS,hard pass title pattern: manager,ADDITIONAL,,,0.400,workable-4F1072AC6E,https://apply.workable.com/j/4F1072AC6E,https://apply.workable.com/j/4F1072AC6E,,Workable XML job feed
HARD_PASS,Social Media Strategist,elasticStage,"King's Cross, London, GB",,MISSING,,"Wed, 03 Jun 2026 16:50:51 UTC",,Full-time,,Marketing,Admin/Service – Office Support,OUT_OF_SCOPE,no admin/service title classification match,ADDITIONAL,,,0.459,workable-1794DDA842,https://apply.workable.com/j/1794DDA842,https://apply.workable.com/j/1794DDA842,,Workable XML job feed
HARD_PASS,Head of Credit Operations,Elect Capital,"London, England, GB",,MISSING,,"Mon, 03 Aug 2026 15:52:26 UTC",,Full-time,,Financial Analyst,Admin/Service – Office Support,OUT_OF_SCOPE,no admin/service title classification match,ADDITIONAL,,,0.440,workable-17FBB608FE,https://apply.workable.com/j/17FBB608FE,https://apply.workable.com/j/17FBB608FE,,Workable XML job feed
HARD_PASS,Lead Lending Operations Analyst,Elect Capital,"London, England, GB",,MISSING,,"Mon, 03 Aug 2026 17:25:00 UTC",,Full-time,,Financial Analyst,Admin/Service – Office Support,OUT_OF_SCOPE,no admin/service title classification match,ADDITIONAL,,,0.449,workable-862235AE66,https://apply.workable.com/j/862235AE66,https://apply.workable.com/j/862235AE66,,Workable XML job feed
HARD_PASS,Lead Loan Analyst,Elect Capital,"London, England, GB",,MISSING,,"Mon, 03 Aug 2026 17:18:37 UTC",,Full-time,,,Admin/Service – Office Support,OUT_OF_SCOPE,no admin/service title classification match,ADDITIONAL,,,0.435,workable-B15E0B9C1B,https://apply.workable.com/j/B15E0B9C1B,https://apply.workable.com/j/B15E0B9C1B,,Workable XML job feed
HARD_PASS,Loan Analyst,Elect Capital,"London, England, GB",,MISSING,,"Mon, 03 Aug 2026 09:08:57 UTC",,Full-time,,Financial Analyst,Admin/Service – Office Support,OUT_OF_SCOPE,no admin/service title classification match,ADDITIONAL,,,0.438,workable-AB862AE302,https://apply.workable.com/j/AB862AE302,https://apply.workable.com/j/AB862AE302,,Workable XML job feed
HARD_PASS,Marketing Executive (Events),Elect Capital,"London, England, GB",,MISSING,,"Wed, 12 Aug 2026 12:48:42 UTC",,Full-time,,Marketing,Admin/Service – Office Support,OUT_OF_SCOPE,no admin/service title classification match,ADDITIONAL,,,0.441,workable-ADE60C1286,https://apply.workable.com/j/ADE60C1286,https://apply.workable.com/j/ADE60C1286,,Workable XML job feed
HARD_PASS,Partnerships Manager,Elect Capital,"London, England, GB",,MISSING,,"Mon, 03 Aug 2026 10:55:22 UTC",,Full-time,,,Admin/Service – Office Support,HARD_PASS,hard pass title pattern: manager,ADDITIONAL,,,0.404,workable-2C86D87D49,https://apply.workable.com/j/2C86D87D49,https://apply.workable.com/j/2C86D87D49,,Workable XML job feed
HARD_PASS,Underwriter,Elect Capital,"London, England, GB",,MISSING,,"Mon, 03 Aug 2026 13:52:39 UTC",,Full-time,,Financial Analyst,Admin/Service – Office Support,OUT_OF_SCOPE,no admin/service title classification match,ADDITIONAL,,,0.365,workable-C42C1B6E2A,https://apply.workable.com/j/C42C1B6E2A,https://apply.workable.com/j/C42C1B6E2A,,Workable XML job feed
HARD_PASS,Senior Personal Assistant,Elesta,"London, England, GB",,MISSING,,"Thu, 15 Jan 2026 13:01:20 UTC",,,Remote,,Admin/Service – Office Support,HARD_PASS,"hard pass title pattern: personal assistant, senior",ADDITIONAL,,,0.476,workable-1D282C86CD,https://apply.workable.com/j/1D282C86CD,https://apply.workable.com/j/1D282C86CD,,Workable XML job feed
HARD_PASS,Senior Account Manager,Elmwood Brand Consultancy,"London, England, GB",,MISSING,,"Tue, 07 Jul 2026 11:17:48 UTC",,Full-time,,,Admin/Service – Office Support,HARD_PASS,"hard pass title pattern: account manager, senior, manager",ADDITIONAL,,,0.457,workable-9613D4FE6E,https://apply.workable.com/j/9613D4FE6E,https://apply.workable.com/j/9613D4FE6E,,Workable XML job feed
HARD_PASS,"Product Manager, Ember Labs (Freelance, 6-Month Contract)",Ember,"London, England, GB","£30,000–£32,500",USABLE_REVIEW,"between a team and contracted agencies. Contract details Fee: Expected contract value of £30,000–£32,500 for 6 months, equivalent to a daily rate of £230–£250. Duration: 6-month contract, with th","Fri, 14 Aug 2026 11:15:00 UTC",,Contract,Remote,Product Management,Admin/Service – Office Support,HARD_PASS,hard pass title pattern: manager,ADDITIONAL,,,0.472,workable-04C1108D9B,https://apply.workable.com/j/04C1108D9B,https://apply.workable.com/j/04C1108D9B,,Workable XML job feed
HARD_PASS,Consulting Manager - Business Process Management (Operational Intelligence),Enfuse Group,"London, GB",,MISSING,,"Wed, 03 Jun 2026 09:47:42 UTC",,Full-time,,Consulting,Admin/Service – Office Support,HARD_PASS,hard pass title pattern: manager,ADDITIONAL,,,0.566,workable-6B17660EBD,https://apply.workable.com/j/6B17660EBD,https://apply.workable.com/j/6B17660EBD,,Workable XML job feed
HARD_PASS,Join our Associate Network,Enfuse Group,"London, England, GB",,MISSING,,"Mon, 06 Jan 2025 12:59:23 UTC",,Temporary,,,Admin/Service – Office Support,OUT_OF_SCOPE,no admin/service title classification match,ADDITIONAL,,,0.512,workable-9AFADDAA82,https://apply.workable.com/j/9AFADDAA82,https://apply.workable.com/j/9AFADDAA82,,Workable XML job feed
HARD_PASS,Arabic-Speaking Sales Development Representative,EngageTech,"London, England, GB",,MISSING,,"Tue, 18 Aug 2026 14:52:33 UTC",,Full-time,,Sales,Admin/Service – Office Support,OUT_OF_SCOPE,no admin/service title classification match,ADDITIONAL,,,0.420,workable-C57C8BF883,https://apply.workable.com/j/C57C8BF883,https://apply.workable.com/j/C57C8BF883,,Workable XML job feed
HARD_PASS,Dutch Speaking Sales Development Representative,EngageTech,"London, England, GB",,MISSING,,"Wed, 04 Mar 2026 08:41:44 UTC",,,,,Admin/Service – Office Support,OUT_OF_SCOPE,no admin/service title classification match,ADDITIONAL,,,0.434,workable-40CD539FCF,https://apply.workable.com/j/40CD539FCF,https://apply.workable.com/j/40CD539FCF,,Workable XML job feed
HARD_PASS,French Speaking Sales Development Representative,EngageTech,"London, England, GB",,MISSING,,"Mon, 10 Nov 2025 09:06:01 UTC",,Full-time,,,Admin/Service – Office Support,OUT_OF_SCOPE,no admin/service title classification match,ADDITIONAL,,,0.431,workable-77BEFEDEB5,https://apply.workable.com/j/77BEFEDEB5,https://apply.workable.com/j/77BEFEDEB5,,Workable XML job feed
HARD_PASS,Italian Speaking Sales Development Representative,EngageTech,"London, England, GB",,MISSING,,"Fri, 30 Jan 2026 16:40:31 UTC",,,,,Admin/Service – Office Support,OUT_OF_SCOPE,no admin/service title classification match,ADDITIONAL,,,0.417,workable-93F37CAA30,https://apply.workable.com/j/93F37CAA30,https://apply.workable.com/j/93F37CAA30,,Workable XML job feed
HARD_PASS,Sales Development Representative,EngageTech,"London, England, GB",,MISSING,,"Fri, 27 Sep 2024 08:33:41 UTC",,Full-time,,Sales,Admin/Service – Office Support,OUT_OF_SCOPE,no admin/service title classification match,ADDITIONAL,,,0.450,workable-67AD7B8C0C,https://apply.workable.com/j/67AD7B8C0C,https://apply.workable.com/j/67AD7B8C0C,,Workable XML job feed
HARD_PASS,Sales Development Representative - German Speaking,EngageTech,"London, England, GB",,MISSING,,"Fri, 07 Nov 2025 12:44:33 UTC",,Full-time,,Sales,Admin/Service – Office Support,OUT_OF_SCOPE,no admin/service title classification match,ADDITIONAL,,,0.411,workable-A88ADD0248,https://apply.workable.com/j/A88ADD0248,https://apply.workable.com/j/A88ADD0248,,Workable XML job feed
HARD_PASS,Spanish Speaking Sales Development Representative,EngageTech,"London, England, GB",,MISSING,,"Mon, 10 Nov 2025 09:05:54 UTC",,Full-time,,,Admin/Service – Office Support,OUT_OF_SCOPE,no admin/service title classification match,ADDITIONAL,,,0.417,workable-242A387625,https://apply.workable.com/j/242A387625,https://apply.workable.com/j/242A387625,,Workable XML job feed
HARD_PASS,Account Executive | Edtech,EQL Tech,"London, England, GB","£45,000–£55,000",USABLE_REVIEW,"n (5 days/week in-office) Type: Full-time, Permanent Start date: 1 September 2026 Salary: £45,000–£55,000 base + uncapped commission (~£85,000–£95,000 OTE Year 1, rising to ~£125,000–£135,000 OTE","Fri, 31 Jul 2026 14:40:20 UTC",,Full-time,,Sales,Admin/Service – Office Support,OUT_OF_SCOPE,no admin/service title classification match,ADDITIONAL,,,0.435,workable-91E8CC5D16,https://apply.workable.com/j/91E8CC5D16,https://apply.workable.com/j/91E8CC5D16,,Workable XML job feed
HARD_PASS,Secondary Education Recruitment Consultant / Account Manager - London,EQL Tech,"London, England, GB","£45,000–£55,000",USABLE_REVIEW,"could be a great place for you to continue your career. Benefits The package Base salary: £45,000–£55,000 depending on experience Commission: £5k+ per half term at mid-performer level / £13k+ per","Fri, 12 Jun 2026 12:54:39 UTC",,Full-time,,Consulting,Admin/Service – Office Support,HARD_PASS,"hard pass title pattern: account manager, manager",ADDITIONAL,,,0.403,workable-C3C8536888,https://apply.workable.com/j/C3C8536888,https://apply.workable.com/j/C3C8536888,,Workable XML job feed
HARD_PASS,SEND Education Recruitment Consultant / Account Manager - London,EQL Tech,"London, England, GB","£78,000–£88,000",USABLE_REVIEW,"at mid-level, £13k+ per half term at top level. Annual OTE at mid-level is approximately £78,000–£88,000. At top level, approximately £123,000–£133,000. Requirements What you need to bring Direc","Fri, 12 Jun 2026 13:00:16 UTC",,Full-time,,Consulting,Admin/Service – Office Support,HARD_PASS,"hard pass title pattern: send, account manager, manager",ADDITIONAL,,,0.416,workable-AA356D184A,https://apply.workable.com/j/AA356D184A,https://apply.workable.com/j/AA356D184A,,Workable XML job feed
HARD_PASS,Campus & Community Engagement Specialist (Saudi Arabia),Eram Talent,"London, England, GB",,MISSING,,"Tue, 21 Jul 2026 13:24:15 UTC",,Full-time,,Marketing,Admin/Service – Office Support,OUT_OF_SCOPE,no admin/service title classification match,ADDITIONAL,,,0.414,workable-062DB2228E,https://apply.workable.com/j/062DB2228E,https://apply.workable.com/j/062DB2228E,,Workable XML job feed
HARD_PASS,Civil Engineer - Transportation Planning & Traffic Engineering (Saudi Arabia),Eram Talent,"London, England, GB",,MISSING,,"Mon, 02 Mar 2026 12:04:50 UTC",,Contract,,Engineering,Admin/Service – Office Support,HARD_PASS,"hard pass title pattern: transport, engineer",ADDITIONAL,,,0.403,workable-54802E19F9,https://apply.workable.com/j/54802E19F9,https://apply.workable.com/j/54802E19F9,,Workable XML job feed
HARD_PASS,Drilling Rig Foreman,Eram Talent,"London, England, GB",,MISSING,,"Wed, 22 Oct 2025 13:03:01 UTC",,Contract,,Engineering,Admin/Service – Office Support,OUT_OF_SCOPE,no admin/service title classification match,ADDITIONAL,,,0.402,workable-21FC7185EC,https://apply.workable.com/j/21FC7185EC,https://apply.workable.com/j/21FC7185EC,,Workable XML job feed
HARD_PASS,Environment and Sustainability Project Manager (Saudi Arabia),Eram Talent,"London, England, GB",,MISSING,,"Sun, 16 Nov 2025 12:17:17 UTC",,Full-time,,,Admin/Service – Office Support,HARD_PASS,hard pass title pattern: manager,ADDITIONAL,,,0.410,workable-8CEB577806,https://apply.workable.com/j/8CEB577806,https://apply.workable.com/j/8CEB577806,,Workable XML job feed
HARD_PASS,Media & Communications Specialist - Upstream & Gas (Saudi Arabia),Eram Talent,"London, England, GB",,MISSING,,"Mon, 13 Apr 2026 12:22:32 UTC",,Contract,,Writing/Editing,Admin/Service – Office Support,OUT_OF_SCOPE,no admin/service title classification match,ADDITIONAL,,,0.424,workable-4B303EA6DC,https://apply.workable.com/j/4B303EA6DC,https://apply.workable.com/j/4B303EA6DC,,Workable XML job feed
HARD_PASS,Senior Landscape Architect (Saudi Arabia),Eram Talent,"London, England, GB",,MISSING,,"Tue, 13 Jan 2026 05:17:08 UTC",,Full-time,,,Admin/Service – Office Support,HARD_PASS,hard pass title pattern: senior,ADDITIONAL,,,0.421,workable-974735D9D8,https://apply.workable.com/j/974735D9D8,https://apply.workable.com/j/974735D9D8,,Workable XML job feed
HARD_PASS,Sr. Cost Engineer - PMC Experience (Saudi Arabia),Eram Talent,"London, England, GB",,MISSING,,"Wed, 28 Jan 2026 17:16:57 UTC",,Contract,,Engineering,Admin/Service – Office Support,HARD_PASS,hard pass title pattern: engineer,ADDITIONAL,,,0.429,workable-7117E6A64A,https://apply.workable.com/j/7117E6A64A,https://apply.workable.com/j/7117E6A64A,,Workable XML job feed
HARD_PASS,Sr. Planning / Scheduling Engineer - PMC Experience (Saudi Arabia),Eram Talent,"London, England, GB",,MISSING,,"Wed, 28 Jan 2026 16:59:31 UTC",,Contract,,Engineering,Admin/Service – Office Support,HARD_PASS,hard pass title pattern: engineer,ADDITIONAL,,,0.385,workable-40CCF0DB57,https://apply.workable.com/j/40CCF0DB57,https://apply.workable.com/j/40CCF0DB57,,Workable XML job feed
HARD_PASS,Solana PERP DEX: Superis Labs - Designer,Ergonia,"London, England, GB",,MISSING,,"Tue, 17 Feb 2026 21:48:30 UTC",,,Remote,,Admin/Service – Office Support,OUT_OF_SCOPE,no admin/service title classification match,ADDITIONAL,,,0.410,workable-E7EA504BB4,https://apply.workable.com/j/E7EA504BB4,https://apply.workable.com/j/E7EA504BB4,,Workable XML job feed
HARD_PASS,"Solana PERP DEX: Superis Labs - Software Engineer, Backend",Ergonia,"London, England, GB",,MISSING,,"Tue, 13 Jan 2026 12:38:28 UTC",,Full-time,Remote,Engineering,Admin/Service – Office Support,HARD_PASS,hard pass title pattern: engineer,ADDITIONAL,,,0.417,workable-32380C62CE,https://apply.workable.com/j/32380C62CE,https://apply.workable.com/j/32380C62CE,,Workable XML job feed
HARD_PASS,"Solana PERP DEX: Superis Labs - Software Engineer, Frontend",Ergonia,"London, England, GB",,MISSING,,"Wed, 14 Jan 2026 12:09:31 UTC",,Full-time,Remote,Engineering,Admin/Service – Office Support,HARD_PASS,hard pass title pattern: engineer,ADDITIONAL,,,0.423,workable-F23AF0D2BF,https://apply.workable.com/j/F23AF0D2BF,https://apply.workable.com/j/F23AF0D2BF,,Workable XML job feed
HARD_PASS,Business Development Executive,Euromonitor,"London, England, GB",,MISSING,,"Tue, 18 Aug 2026 07:38:21 UTC",,Full-time,,Sales,Admin/Service – Office Support,HARD_PASS,hard pass title pattern: business development,ADDITIONAL,,,0.413,workable-9036240267,https://apply.workable.com/j/9036240267,https://apply.workable.com/j/9036240267,,Workable XML job feed
HARD_PASS,"Finance Product Manager - D365, F&0",Euromonitor,"London, England, GB",,MISSING,,"Wed, 12 Aug 2026 10:37:12 UTC",,Full-time,,,Admin/Service – Office Support,HARD_PASS,hard pass title pattern: manager,ADDITIONAL,,,0.379,workable-9BDEF892FA,https://apply.workable.com/j/9BDEF892FA,https://apply.workable.com/j/9BDEF892FA,,Workable XML job feed
HARD_PASS,Finance Systems Manager,Euromonitor,"London, England, GB",,MISSING,,"Wed, 12 Aug 2026 10:38:06 UTC",,Full-time,,Product Management,Admin/Service – Office Support,HARD_PASS,hard pass title pattern: manager,ADDITIONAL,,,0.466,workable-EF242966F8,https://apply.workable.com/j/EF242966F8,https://apply.workable.com/j/EF242966F8,,Workable XML job feed
HARD_PASS,Transformation Portfolio Lead,Euromonitor,"London, England, GB",,MISSING,,"Fri, 07 Aug 2026 15:16:33 UTC",,Full-time,,,Admin/Service – Office Support,OUT_OF_SCOPE,no admin/service title classification match,ADDITIONAL,,,0.402,workable-57A2606047,https://apply.workable.com/j/57A2606047,https://apply.workable.com/j/57A2606047,,Workable XML job feed
HARD_PASS,Senior Rail Infrastructure Engineering & Assurance Manager,Eurostar International,"London, England, GB",,MISSING,,"Thu, 20 Aug 2026 10:38:24 UTC",,Full-time,,Engineering,Admin/Service – Office Support,HARD_PASS,"hard pass title pattern: engineer, senior, manager",ADDITIONAL,,,0.393,workable-2882E73B96,https://apply.workable.com/j/2882E73B96,https://apply.workable.com/j/2882E73B96,,Workable XML job feed
HARD_PASS,Travel Experience Project Manager,Eurostar International,"London, England, GB",,MISSING,,"Mon, 17 Aug 2026 11:52:42 UTC",,,,,Admin/Service – Office Support,HARD_PASS,hard pass title pattern: manager,ADDITIONAL,,,0.418,workable-BEED1A1FAD,https://apply.workable.com/j/BEED1A1FAD,https://apply.workable.com/j/BEED1A1FAD,,Workable XML job feed
HARD_PASS,UK Tax Manager - 12-month fixed term contract,Eurostar International,"London, England, GB",,MISSING,,"Mon, 17 Aug 2026 09:35:10 UTC",,Full-time,,Finance,Admin/Service – Office Support,HARD_PASS,hard pass title pattern: manager,ADDITIONAL,,,0.453,workable-2260498C75,https://apply.workable.com/j/2260498C75,https://apply.workable.com/j/2260498C75,,Workable XML job feed
HARD_PASS,Event Management and Support Specialist,Eventogy,"London, England, GB",,MISSING,,"Wed, 08 Jul 2026 08:32:32 UTC",,Full-time,,Production,Admin/Service – Office Support,OUT_OF_SCOPE,no admin/service title classification match,ADDITIONAL,,,0.403,workable-9E0C1C494E,https://apply.workable.com/j/9E0C1C494E,https://apply.workable.com/j/9E0C1C494E,,Workable XML job feed
HARD_PASS,Event Management and Support Specialist (German),Eventogy,"London, England, GB",,MISSING,,"Wed, 19 Aug 2026 08:22:48 UTC",,,,Production,Admin/Service – Office Support,OUT_OF_SCOPE,no admin/service title classification match,ADDITIONAL,,,0.427,workable-322751C1CA,https://apply.workable.com/j/322751C1CA,https://apply.workable.com/j/322751C1CA,,Workable XML job feed
HARD_PASS,Senior Front-End Developer (React.js/Next.js),Eventogy,"London, England, GB","£55,000–£60,000",USABLE_REVIEW,"ed in the UK. You must also be prepared to undergo high-level security clearance. Salary: £55,000-60,000 Location: London NO AGENCIES – Please do not attempt to canvas from here.","Mon, 10 Aug 2026 09:24:21 UTC",,,,Production,Admin/Service – Office Support,HARD_PASS,hard pass title pattern: senior,ADDITIONAL,,,0.389,workable-1F0306BC0A,https://apply.workable.com/j/1F0306BC0A,https://apply.workable.com/j/1F0306BC0A,,Workable XML job feed
HARD_PASS,ICTS Project Engineer,Evolution Security,"London, England, GB",,MISSING,,"Thu, 13 Mar 2025 09:38:25 UTC",,Full-time,,Engineering,Admin/Service – Office Support,HARD_PASS,hard pass title pattern: engineer,ADDITIONAL,,,0.482,workable-6FAEFFA453,https://apply.workable.com/j/6FAEFFA453,https://apply.workable.com/j/6FAEFFA453,,Workable XML job feed
HARD_PASS,ICTS Project Manager,Evolution Security,"London, England, GB",,MISSING,,"Thu, 21 May 2026 08:46:01 UTC",,Full-time,,Engineering,Admin/Service – Office Support,HARD_PASS,hard pass title pattern: manager,ADDITIONAL,,,0.488,workable-EF953BE0B5,https://apply.workable.com/j/EF953BE0B5,https://apply.workable.com/j/EF953BE0B5,,Workable XML job feed
HARD_PASS,ICTS Project Manager - London,Evolution Security,"London, England, GB",,MISSING,,"Thu, 06 Aug 2026 16:12:46 UTC",,Full-time,,Engineering,Admin/Service – Office Support,HARD_PASS,hard pass title pattern: manager,ADDITIONAL,,,0.460,workable-BC5D26FD79,https://apply.workable.com/j/BC5D26FD79,https://apply.workable.com/j/BC5D26FD79,,Workable XML job feed
HARD_PASS,Service Engineer - South East,Evolution Security,"London, England, GB",,MISSING,,"Wed, 24 Jun 2026 14:32:53 UTC",,Full-time,,Engineering,Admin/Service – Office Support,HARD_PASS,hard pass title pattern: engineer,ADDITIONAL,,,0.442,workable-820293802B,https://apply.workable.com/j/820293802B,https://apply.workable.com/j/820293802B,,Workable XML job feed
HARD_PASS,Project Coordinator,EVOLVE UK PROPERTY LTD,"London, England, GB",,MISSING,,"Mon, 27 Jul 2026 15:37:23 UTC",,Full-time,,Customer Service,Admin/Service – Office Support,ELASTIC_FIT,elastic-fit title pattern: coordinator,ADDITIONAL,,,0.592,workable-52020D64F9,https://apply.workable.com/j/52020D64F9,https://apply.workable.com/j/52020D64F9,,Workable XML job feed
HARD_PASS,Enterprise Sales Engineer,Excelerate360,"London, England, GB",,MISSING,,"Fri, 31 Jul 2026 16:34:44 UTC",,Full-time,,Sales,Admin/Service – Office Support,HARD_PASS,hard pass title pattern: engineer,ADDITIONAL,,,0.411,workable-EA0EE577F7,https://apply.workable.com/j/EA0EE577F7,https://apply.workable.com/j/EA0EE577F7,,Workable XML job feed
HARD_PASS,Benefit-Risk Excellence Lead,Excelya,"London, England, GB",,MISSING,,"Fri, 07 Aug 2026 09:35:01 UTC",,Full-time,,Science,Admin/Service – Office Support,OUT_OF_SCOPE,no admin/service title classification match,ADDITIONAL,,,0.356,workable-0786451394,https://apply.workable.com/j/0786451394,https://apply.workable.com/j/0786451394,,Workable XML job feed
HARD_PASS,Senior Sales Executive - Robotic Warehouse Solutions,Exotec,"London, England, GB",,MISSING,,"Mon, 22 Jun 2026 09:55:46 UTC",,Full-time,,,Admin/Service – Office Support,HARD_PASS,"hard pass title pattern: warehouse, sales executive, senior",ADDITIONAL,,,0.408,workable-9B9CE63DF1,https://apply.workable.com/j/9B9CE63DF1,https://apply.workable.com/j/9B9CE63DF1,,Workable XML job feed
HARD_PASS,Account Director - Acquisition Sales - EMEA,Expereo,"London, England, GB",,MISSING,,"Fri, 15 May 2026 15:01:49 UTC",,Full-time,,Sales,Admin/Service – Office Support,OUT_OF_SCOPE,no admin/service title classification match,ADDITIONAL,,,0.407,workable-7F6B3A02BE,https://apply.workable.com/j/7F6B3A02BE,https://apply.workable.com/j/7F6B3A02BE,,Workable XML job feed
HARD_PASS,Product Manager,Expereo,"London, England, GB",,MISSING,,"Wed, 12 Aug 2026 09:57:35 UTC",,Full-time,,Information Technology,Admin/Service – Office Support,HARD_PASS,hard pass title pattern: manager,ADDITIONAL,,,0.386,workable-75CC425C92,https://apply.workable.com/j/75CC425C92,https://apply.workable.com/j/75CC425C92,,Workable XML job feed
HARD_PASS,Head of Collections - Strategy & Analytics,FairMoney,"London, England, GB",,MISSING,,"Thu, 30 Jul 2026 13:41:50 UTC",,Full-time,,,Admin/Service – Office Support,OUT_OF_SCOPE,no admin/service title classification match,ADDITIONAL,,,0.416,workable-00007C69D0,https://apply.workable.com/j/00007C69D0,https://apply.workable.com/j/00007C69D0,,Workable XML job feed
HARD_PASS,Java Software Developer,Fasanara,"London, England, GB",,MISSING,,"Fri, 14 Aug 2026 14:16:42 UTC",,Full-time,,Engineering,Admin/Service – Office Support,OUT_OF_SCOPE,no admin/service title classification match,ADDITIONAL,,,0.382,workable-91FD033C6B,https://apply.workable.com/j/91FD033C6B,https://apply.workable.com/j/91FD033C6B,,Workable XML job feed
HARD_PASS,Portfolio Manager,Fasanara,"London, England, GB",,MISSING,,"Tue, 23 Jun 2026 13:17:17 UTC",,Full-time,,,Admin/Service – Office Support,HARD_PASS,hard pass title pattern: manager,ADDITIONAL,,,0.380,workable-B084C698CF,https://apply.workable.com/j/B084C698CF,https://apply.workable.com/j/B084C698CF,,Workable XML job feed
HARD_PASS,Quant Technology Lead,Fasanara,"London, England, GB",,MISSING,,"Mon, 10 Aug 2026 16:43:48 UTC",,Full-time,,Information Technology,Admin/Service – Office Support,OUT_OF_SCOPE,no admin/service title classification match,ADDITIONAL,,,0.388,workable-883A6CE5BE,https://apply.workable.com/j/883A6CE5BE,https://apply.workable.com/j/883A6CE5BE,,Workable XML job feed
HARD_PASS,Fund Listing & Exchange Specialist (New Service Build),FE fundinfo,"London, England, GB",,MISSING,,"Wed, 12 Aug 2026 10:06:55 UTC",,Full-time,,,Admin/Service – Office Support,OUT_OF_SCOPE,no admin/service title classification match,ADDITIONAL,,,0.419,workable-480FEEEC6B,https://apply.workable.com/j/480FEEEC6B,https://apply.workable.com/j/480FEEEC6B,,Workable XML job feed
HARD_PASS,MarTech Manager,Feeld,"London, England, GB","£60,000",USABLE_REVIEW,"e all humans deserve to earn a competitive wage, so we offer a Baseline Freedom Salary of £60,000 GBP per year for any role that indexes below £60,000 GBP per year. Estimated compensation","Wed, 10 Jun 2026 23:07:33 UTC",,Full-time,Remote,Marketing,Admin/Service – Office Support,HARD_PASS,hard pass title pattern: manager,ADDITIONAL,,,0.525,workable-F3ACA8AEC9,https://apply.workable.com/j/F3ACA8AEC9,https://apply.workable.com/j/F3ACA8AEC9,,Workable XML job feed
HARD_PASS,Performance Marketing Lead,Feeld,"London, England, GB","£60,000",USABLE_REVIEW,"e all humans deserve to earn a competitive wage, so we offer a Baseline Freedom Salary of £60,000 GBP per year for any role that indexes below £60,000 GBP per year. Estimated compensation","Fri, 14 Aug 2026 16:41:39 UTC",,Full-time,Remote,Marketing,Admin/Service – Office Support,OUT_OF_SCOPE,no admin/service title classification match,ADDITIONAL,,,0.481,workable-D5E120C0B8,https://apply.workable.com/j/D5E120C0B8,https://apply.workable.com/j/D5E120C0B8,,Workable XML job feed
HARD_PASS,Staff Frontend Engineer (React Native / Mobile),Feeld,"London, England, GB","£80,000–£110,000",USABLE_REVIEW,"on. We estimate the market-competitive compensation range for this position to be between £80,000 - £110,000 GBP. Our interview process Your first conversation with Feeld will be a screening call wit","Wed, 24 Jun 2026 17:07:37 UTC",,Full-time,Remote,Engineering,Admin/Service – Office Support,HARD_PASS,hard pass title pattern: engineer,ADDITIONAL,,,0.516,workable-1F44CAA10C,https://apply.workable.com/j/1F44CAA10C,https://apply.workable.com/j/1F44CAA10C,,Workable XML job feed
HARD_PASS,Staff Reliability Engineer (Full Stack),Feeld,"London, England, GB","£100,000–£130,000",USABLE_REVIEW,"on. We estimate the market-competitive compensation range for this position to be between £100,000 - £130,000 GBP Our interview process Your first conversation with Feeld will be a screening call with","Wed, 24 Jun 2026 17:07:50 UTC",,Full-time,Remote,Engineering,Admin/Service – Office Support,HARD_PASS,hard pass title pattern: engineer,ADDITIONAL,,,0.459,workable-56AEDF0FA3,https://apply.workable.com/j/56AEDF0FA3,https://apply.workable.com/j/56AEDF0FA3,,Workable XML job feed
HARD_PASS,Senior Product Owner,Fenergo,"London, England, GB",,MISSING,,"Fri, 14 Aug 2026 15:59:28 UTC",,,,,Admin/Service – Office Support,HARD_PASS,hard pass title pattern: senior,ADDITIONAL,,,0.420,workable-981E8AE7AF,https://apply.workable.com/j/981E8AE7AF,https://apply.workable.com/j/981E8AE7AF,,Workable XML job feed
HARD_PASS,Digital Analytics Associate Consultant,Fifty-Five,"London, England, GB",,MISSING,,"Fri, 28 Feb 2025 09:18:58 UTC",,Full-time,,Consulting,Admin/Service – Office Support,OUT_OF_SCOPE,no admin/service title classification match,ADDITIONAL,,,0.455,workable-F21A38FE9E,https://apply.workable.com/j/F21A38FE9E,https://apply.workable.com/j/F21A38FE9E,,Workable XML job feed
HARD_PASS,Digital Consulting Lead,Fifty-Five,"London, England, GB",,MISSING,,"Thu, 14 May 2026 08:23:53 UTC",,Full-time,,Consulting,Admin/Service – Office Support,OUT_OF_SCOPE,no admin/service title classification match,ADDITIONAL,,,0.402,workable-C507B5AF25,https://apply.workable.com/j/C507B5AF25,https://apply.workable.com/j/C507B5AF25,,Workable XML job feed
HARD_PASS,Digital Consulting Manager,Fifty-Five,"London, England, GB",,MISSING,,"Thu, 14 May 2026 08:22:17 UTC",,Full-time,,Consulting,Admin/Service – Office Support,HARD_PASS,hard pass title pattern: manager,ADDITIONAL,,,0.405,workable-145FE36B36,https://apply.workable.com/j/145FE36B36,https://apply.workable.com/j/145FE36B36,,Workable XML job feed
HARD_PASS,"Project Lead, Digital Marketing Analytics",Fifty-Five,"London, England, GB",,MISSING,,"Thu, 14 May 2026 08:25:51 UTC",,Full-time,,Consulting,Admin/Service – Office Support,OUT_OF_SCOPE,no admin/service title classification match,ADDITIONAL,,,0.393,workable-37C85B4E03,https://apply.workable.com/j/37C85B4E03,https://apply.workable.com/j/37C85B4E03,,Workable XML job feed
HARD_PASS,Senior Digital Analytics Consultant,Fifty-Five,"London, England, GB",,MISSING,,"Thu, 21 May 2026 10:03:23 UTC",,Full-time,,Consulting,Admin/Service – Office Support,HARD_PASS,hard pass title pattern: senior,ADDITIONAL,,,0.417,workable-FDD70A633E,https://apply.workable.com/j/FDD70A633E,https://apply.workable.com/j/FDD70A633E,,Workable XML job feed
HARD_PASS,Social Media and Content Manager (Part Time 2-3 days),fin-house,"London, England, GB","£38,000–£45,000",USABLE_REVIEW,"Role: Social Media and Content Manager Salary: £38,000 to £45,000 FTE, pro rata (roughly £15,000 to £27,000 depending on days) Working pattern: Part-time, 2","Tue, 04 Aug 2026 16:54:34 UTC",,Part-time,,Marketing,Admin/Service – Office Support,HARD_PASS,hard pass title pattern: manager,ADDITIONAL,,,0.398,workable-F34C5B2818,https://apply.workable.com/j/F34C5B2818,https://apply.workable.com/j/F34C5B2818,,Workable XML job feed
HARD_PASS,"Regional Influencer & Social Media Manager, UK",Findasense,"London, England, GB",,MISSING,,"Wed, 13 May 2026 21:09:19 UTC",,Temporary,,,Admin/Service – Office Support,HARD_PASS,hard pass title pattern: manager,ADDITIONAL,,,0.395,workable-F231E04DD3,https://apply.workable.com/j/F231E04DD3,https://apply.workable.com/j/F231E04DD3,,Workable XML job feed
HARD_PASS,Social Media Expert for GB Market,Findasense,"London, England, GB",,MISSING,,"Fri, 19 Jun 2026 17:31:08 UTC",,Full-time,,,Admin/Service – Office Support,OUT_OF_SCOPE,no admin/service title classification match,ADDITIONAL,,,0.409,workable-10B79899F3,https://apply.workable.com/j/10B79899F3,https://apply.workable.com/j/10B79899F3,,Workable XML job feed
HARD_PASS,Content Editor (Banking & Fintech),finder.com,"London, England, GB",,MISSING,,"Fri, 07 Aug 2026 20:22:57 UTC",,Full-time,,Writing/Editing,Admin/Service – Office Support,OUT_OF_SCOPE,no admin/service title classification match,ADDITIONAL,,,0.441,workable-B54543AE0F,https://apply.workable.com/j/B54543AE0F,https://apply.workable.com/j/B54543AE0F,,Workable XML job feed
HARD_PASS,Senior Writer (banking & fintech expert),finder.com,"London, England, GB",,MISSING,,"Wed, 19 Aug 2026 08:20:23 UTC",,Full-time,,Writing/Editing,Admin/Service – Office Support,HARD_PASS,hard pass title pattern: senior,ADDITIONAL,,,0.413,workable-D799EA3D74,https://apply.workable.com/j/D799EA3D74,https://apply.workable.com/j/D799EA3D74,,Workable XML job feed
HARD_PASS,Private Tutor,Firefly Education London Ltd,"London, England, GB",,MISSING,,"Thu, 30 Jul 2026 14:30:21 UTC",,Part-time,,,Admin/Service – Office Support,OUT_OF_SCOPE,no admin/service title classification match,ADDITIONAL,,,0.435,workable-15FDFB8335,https://apply.workable.com/j/15FDFB8335,https://apply.workable.com/j/15FDFB8335,,Workable XML job feed
HARD_PASS,Cat B Collection Driver (Night Shifts),First Mile,"London, England, GB",,MISSING,,"Thu, 09 Jul 2026 15:33:36 UTC",,Full-time,,,Admin/Service – Office Support,HARD_PASS,hard pass title pattern: driver,ADDITIONAL,,,0.427,workable-3C4E8E0EA5,https://apply.workable.com/j/3C4E8E0EA5,https://apply.workable.com/j/3C4E8E0EA5,,Workable XML job feed
HARD_PASS,Operations Support Executive (Night Shifts),First Mile,"London, England, GB","£34,500",USABLE_REVIEW,"e below: Location: Hoxton, East London Working Hours: Monday to Friday 8pm to 5am Salary: £34,500 plus discretionary quarterly bonus Holiday: 25 days plus bank holidays, plus one extra day","Wed, 24 Jun 2026 13:52:31 UTC",,Full-time,,,Admin/Service – Office Support,OUT_OF_SCOPE,no admin/service title classification match,ADDITIONAL,,,0.449,workable-8C9EE3827F,https://apply.workable.com/j/8C9EE3827F,https://apply.workable.com/j/8C9EE3827F,,Workable XML job feed
HARD_PASS,Account Manager (London),Flosum,"London, England, GB",,MISSING,,"Fri, 17 Jul 2026 18:00:53 UTC",,,Remote,,Admin/Service – Office Support,HARD_PASS,"hard pass title pattern: account manager, manager",ADDITIONAL,,,0.393,workable-6DC4B048E9,https://apply.workable.com/j/6DC4B048E9,https://apply.workable.com/j/6DC4B048E9,,Workable XML job feed
HARD_PASS,Account Manager - Enterprise - EMEA,Flosum,"London, England, GB",,MISSING,,"Sat, 04 Oct 2025 12:26:01 UTC",,Full-time,,Sales,Admin/Service – Office Support,HARD_PASS,"hard pass title pattern: account manager, manager",ADDITIONAL,,,0.380,workable-F925D7FCD0,https://apply.workable.com/j/F925D7FCD0,https://apply.workable.com/j/F925D7FCD0,,Workable XML job feed
HARD_PASS,Salesforce Technical Evangelist (London),Flosum,"London, England, GB",,MISSING,,"Mon, 10 Aug 2026 18:41:08 UTC",,,Remote,,Admin/Service – Office Support,OUT_OF_SCOPE,no admin/service title classification match,ADDITIONAL,,,0.380,workable-C8AFAE1ABD,https://apply.workable.com/j/C8AFAE1ABD,https://apply.workable.com/j/C8AFAE1ABD,,Workable XML job feed
HARD_PASS,Technology | Exchange Connectivity Operations Lead | London,Flowdesk,"London, England, GB",,MISSING,,"Wed, 19 Aug 2026 15:53:37 UTC",,,,,Admin/Service – Office Support,OUT_OF_SCOPE,no admin/service title classification match,ADDITIONAL,,,0.361,workable-68807D162D,https://apply.workable.com/j/68807D162D,https://apply.workable.com/j/68807D162D,,Workable XML job feed
HARD_PASS,Technology | Lead Exchange Connectivity Engineer | London (Remote),Flowdesk,"London, England, GB",,MISSING,,"Fri, 03 Jul 2026 13:25:31 UTC",,Full-time,Remote,,Admin/Service – Office Support,HARD_PASS,hard pass title pattern: engineer,ADDITIONAL,,,0.363,workable-F3DCB50261,https://apply.workable.com/j/F3DCB50261,https://apply.workable.com/j/F3DCB50261,,Workable XML job feed
HARD_PASS,Technology | Quantitative Developer (Low Latency) | London,Flowdesk,"London, England, GB",,MISSING,,"Fri, 03 Jul 2026 14:45:49 UTC",,Full-time,,Engineering,Admin/Service – Office Support,OUT_OF_SCOPE,no admin/service title classification match,ADDITIONAL,,,0.372,workable-7936B957A1,https://apply.workable.com/j/7936B957A1,https://apply.workable.com/j/7936B957A1,,Workable XML job feed
HARD_PASS,Technology | Senior IT Engineer | London,Flowdesk,"London, England, GB",,MISSING,,"Sat, 18 Jul 2026 08:04:53 UTC",,,,Information Technology,Admin/Service – Office Support,HARD_PASS,"hard pass title pattern: engineer, senior",ADDITIONAL,,,0.371,workable-85D34F7C98,https://apply.workable.com/j/85D34F7C98,https://apply.workable.com/j/85D34F7C98,,Workable XML job feed
HARD_PASS,Freelancer Florist,FLOWERBX,"London, GB",,MISSING,,"Wed, 12 Aug 2026 13:24:33 UTC",,,,Sales,Admin/Service – Office Support,OUT_OF_SCOPE,no admin/service title classification match,ADDITIONAL,,,0.477,workable-08616130DC,https://apply.workable.com/j/08616130DC,https://apply.workable.com/j/08616130DC,,Workable XML job feed
HARD_PASS,"Account Executive, UK",FlowX.AI,"London, England, GB","£150,000–£200,000",USABLE_REVIEW,"ve compensation with early-stage equity potential. Salary range: £75K - £100K base salary £150K - £200K OTE Low quota & aggressive acceleration Location: London, UK","Mon, 27 Jul 2026 07:27:27 UTC",,Full-time,,Sales,Admin/Service – Office Support,OUT_OF_SCOPE,no admin/service title classification match,ADDITIONAL,,,0.382,workable-BB282DC0D1,https://apply.workable.com/j/BB282DC0D1,https://apply.workable.com/j/BB282DC0D1,,Workable XML job feed
HARD_PASS,Commercial Assistant Property Manager,Fora Space Limited,"London, GB",,MISSING,,"Fri, 14 Aug 2026 08:23:43 UTC",,Full-time,,,Admin/Service – Office Support,HARD_PASS,hard pass title pattern: manager,ADDITIONAL,,,0.552,workable-08A1ADF6EF,https://apply.workable.com/j/08A1ADF6EF,https://apply.workable.com/j/08A1ADF6EF,,Workable XML job feed
HARD_PASS,Head of Shared Services Finance,Fora Space Limited,"London, England, GB",,MISSING,,"Fri, 14 Aug 2026 11:24:03 UTC",,Contract,,Finance,Admin/Service – Office Support,OUT_OF_SCOPE,no admin/service title classification match,ADDITIONAL,,,0.494,workable-279DB9CC6F,https://apply.workable.com/j/279DB9CC6F,https://apply.workable.com/j/279DB9CC6F,,Workable XML job feed
HARD_PASS,Maintenance Technician,Fora Space Limited,"London, England, GB","£32,000",USABLE_REVIEW,"Location: London, Mobile, Multi‑site Contract Type: Full-time, Permanent Salary: £32,000 per annum ✨ About the company At Fora, we’re re-imagining what the workplace can be. We cr","Tue, 07 Jul 2026 16:16:21 UTC",,Full-time,,General Business,Admin/Service – Office Support,HARD_PASS,hard pass title pattern: technician,ADDITIONAL,,,0.549,workable-948A4E5658,https://apply.workable.com/j/948A4E5658,https://apply.workable.com/j/948A4E5658,,Workable XML job feed
HARD_PASS,Maintenance Technician Supervisor,Fora Space Limited,"London, England, GB",,MISSING,,"Fri, 24 Jul 2026 16:20:47 UTC",,Full-time,,General Business,Admin/Service – Office Support,HARD_PASS,hard pass title pattern: technician,ADDITIONAL,,,0.498,workable-844A71C3D4,https://apply.workable.com/j/844A71C3D4,https://apply.workable.com/j/844A71C3D4,,Workable XML job feed
HARD_PASS,Senior Commercial Property Manager,Fora Space Limited,"London, GB",,MISSING,,"Fri, 14 Aug 2026 08:25:36 UTC",,Full-time,,,Admin/Service – Office Support,HARD_PASS,"hard pass title pattern: senior, manager",ADDITIONAL,,,0.510,workable-806ED6E763,https://apply.workable.com/j/806ED6E763,https://apply.workable.com/j/806ED6E763,,Workable XML job feed
HARD_PASS,Sustainability Manager,Fora Space Limited,"London, England, GB",,MISSING,,"Wed, 19 Aug 2026 13:50:37 UTC",,,,,Admin/Service – Office Support,HARD_PASS,hard pass title pattern: manager,ADDITIONAL,,,0.473,workable-209676ECB8,https://apply.workable.com/j/209676ECB8,https://apply.workable.com/j/209676ECB8,,Workable XML job feed
HARD_PASS,Website Marketing Manager,Fora Space Limited,"London, England, GB",,MISSING,,"Mon, 10 Aug 2026 10:26:54 UTC",,,,Marketing,Admin/Service – Office Support,HARD_PASS,hard pass title pattern: manager,ADDITIONAL,,,0.496,workable-9F2E462436,https://apply.workable.com/j/9F2E462436,https://apply.workable.com/j/9F2E462436,,Workable XML job feed
HARD_PASS,Strategy Manager,Foundation,"London, United Kingdom, GB",,MISSING,,"Wed, 05 Aug 2026 11:56:04 UTC",,,Remote,,Admin/Service – Office Support,HARD_PASS,hard pass title pattern: manager,ADDITIONAL,,,0.464,workable-120A6E2E84,https://apply.workable.com/j/120A6E2E84,https://apply.workable.com/j/120A6E2E84,,Workable XML job feed
HARD_PASS,Director of Programme Development & Operations,Founders Forum Group,"London, England, GB",,MISSING,,"Wed, 05 Aug 2026 14:41:12 UTC",,Full-time,,,Admin/Service – Office Support,OUT_OF_SCOPE,no admin/service title classification match,ADDITIONAL,,,0.492,workable-762B7F3414,https://apply.workable.com/j/762B7F3414,https://apply.workable.com/j/762B7F3414,,Workable XML job feed
HARD_PASS,Event Content Producer - Ecosystems,Founders Forum Group,"London, England, GB",,MISSING,,"Wed, 19 Aug 2026 14:10:13 UTC",,Full-time,,,Admin/Service – Office Support,OUT_OF_SCOPE,no admin/service title classification match,ADDITIONAL,,,0.440,workable-1CFE15B69D,https://apply.workable.com/j/1CFE15B69D,https://apply.workable.com/j/1CFE15B69D,,Workable XML job feed
HARD_PASS,Event Director - The Longevity Show,Founders Forum Group,"London, England, GB",,MISSING,,"Tue, 11 Aug 2026 10:23:33 UTC",,Full-time,,,Admin/Service – Office Support,OUT_OF_SCOPE,no admin/service title classification match,ADDITIONAL,,,0.459,workable-7AD09AA07C,https://apply.workable.com/j/7AD09AA07C,https://apply.workable.com/j/7AD09AA07C,,Workable XML job feed
HARD_PASS,Event Operations Manager,Founders Forum Group,"London, England, GB",,MISSING,,"Tue, 11 Aug 2026 14:13:15 UTC",,Full-time,,Management,Admin/Service – Office Support,HARD_PASS,"hard pass title pattern: operations manager, manager",ADDITIONAL,,,0.469,workable-CA7AAF7396,https://apply.workable.com/j/CA7AAF7396,https://apply.workable.com/j/CA7AAF7396,,Workable XML job feed
HARD_PASS,Future Fifty Programme Lead,Founders Forum Group,"London, England, GB",,MISSING,,"Mon, 11 May 2026 13:10:13 UTC",,Full-time,,,Admin/Service – Office Support,OUT_OF_SCOPE,no admin/service title classification match,ADDITIONAL,,,0.456,workable-14BA0A6970,https://apply.workable.com/j/14BA0A6970,https://apply.workable.com/j/14BA0A6970,,Workable XML job feed
HARD_PASS,Junior Content Editor,Founders Forum Group,"London, England, GB",,MISSING,,"Thu, 30 Jul 2026 14:54:03 UTC",,Full-time,,Writing/Editing,Admin/Service – Office Support,OUT_OF_SCOPE,no admin/service title classification match,ADDITIONAL,,,0.479,workable-855DAC7567,https://apply.workable.com/j/855DAC7567,https://apply.workable.com/j/855DAC7567,,Workable XML job feed
HARD_PASS,Marketing Executive - Longevity Show,Founders Forum Group,"London, England, GB",,MISSING,,"Wed, 05 Aug 2026 14:56:25 UTC",,Full-time,,Marketing,Admin/Service – Office Support,OUT_OF_SCOPE,no admin/service title classification match,ADDITIONAL,,,0.476,workable-429779FE5C,https://apply.workable.com/j/429779FE5C,https://apply.workable.com/j/429779FE5C,,Workable XML job feed
HARD_PASS,Partnerships Manager - Longevity Show,Founders Forum Group,"London, England, GB",,MISSING,,"Mon, 27 Jul 2026 13:11:12 UTC",,Full-time,,Sales,Admin/Service – Office Support,HARD_PASS,hard pass title pattern: manager,ADDITIONAL,,,0.471,workable-8894A54D6A,https://apply.workable.com/j/8894A54D6A,https://apply.workable.com/j/8894A54D6A,,Workable XML job feed
HARD_PASS,Programme Manager - Global Talent Visa,Founders Forum Group,"London, England, GB",,MISSING,,"Fri, 24 Jul 2026 15:35:55 UTC",,Full-time,,Project Management,Admin/Service – Office Support,HARD_PASS,hard pass title pattern: manager,ADDITIONAL,,,0.449,workable-94155B1DC1,https://apply.workable.com/j/94155B1DC1,https://apply.workable.com/j/94155B1DC1,,Workable XML job feed
HARD_PASS,Tech Nation Programme Manager - Deeptech,Founders Forum Group,"London, England, GB",,MISSING,,"Fri, 07 Aug 2026 11:04:15 UTC",,Full-time,,,Admin/Service – Office Support,HARD_PASS,hard pass title pattern: manager,ADDITIONAL,,,0.484,workable-CCAC6A70CB,https://apply.workable.com/j/CCAC6A70CB,https://apply.workable.com/j/CCAC6A70CB,,Workable XML job feed
HARD_PASS,Tech Nation Programme Manager - Early Stage,Founders Forum Group,"London, England, GB",,MISSING,,"Fri, 07 Aug 2026 11:13:50 UTC",,Full-time,,,Admin/Service – Office Support,HARD_PASS,hard pass title pattern: manager,ADDITIONAL,,,0.488,workable-960B8F35FA,https://apply.workable.com/j/960B8F35FA,https://apply.workable.com/j/960B8F35FA,,Workable XML job feed
HARD_PASS,Community Operations Associate,Foundervine,"Deals Porters Way, Canada Water, London, GB",,MISSING,,"Mon, 10 Aug 2026 11:07:17 UTC",,Full-time,,General Business,Admin/Service – Office Support,OUT_OF_SCOPE,no admin/service title classification match,ADDITIONAL,,,0.438,workable-631C165BEE,https://apply.workable.com/j/631C165BEE,https://apply.workable.com/j/631C165BEE,,Workable XML job feed
HARD_PASS,"Brand Ambassador - London Actors, Performers & Freelancers Wanted",Freddies Flowers,"London, England, GB",,MISSING,,"Wed, 15 Apr 2026 16:12:27 UTC",,Contract,,Sales,Admin/Service – Office Support,OUT_OF_SCOPE,no admin/service title classification match,ADDITIONAL,,,0.408,workable-2118366175,https://apply.workable.com/j/2118366175,https://apply.workable.com/j/2118366175,,Workable XML job feed
HARD_PASS,Merchandiser,Freddies Flowers,"London, England, GB",,MISSING,,"Mon, 10 Aug 2026 08:34:45 UTC",,Full-time,,Marketing,Admin/Service – Office Support,OUT_OF_SCOPE,no admin/service title classification match,ADDITIONAL,,,0.435,workable-7FEDE313B2,https://apply.workable.com/j/7FEDE313B2,https://apply.workable.com/j/7FEDE313B2,,Workable XML job feed
HARD_PASS,Performance Marketing Executive (PPC & SEO/GEO),Freddies Flowers,"London, England, GB",,MISSING,,"Thu, 20 Aug 2026 14:04:21 UTC",,Full-time,,Marketing,Admin/Service – Office Support,OUT_OF_SCOPE,no admin/service title classification match,ADDITIONAL,,,0.401,workable-3C2B0DDA21,https://apply.workable.com/j/3C2B0DDA21,https://apply.workable.com/j/3C2B0DDA21,,Workable XML job feed
HARD_PASS,Sales Executive (Part-time),Freddies Flowers,"London, England, GB",,MISSING,,"Thu, 27 Nov 2025 11:25:16 UTC",,Part-time,,Sales,Admin/Service – Office Support,HARD_PASS,hard pass title pattern: sales executive,ADDITIONAL,,,0.461,workable-6A5AEA7102,https://apply.workable.com/j/6A5AEA7102,https://apply.workable.com/j/6A5AEA7102,,Workable XML job feed
HARD_PASS,Country Director,Freedom24,"London, England, GB",,MISSING,,"Fri, 07 Aug 2026 12:19:23 UTC",,Full-time,,Management,Admin/Service – Office Support,OUT_OF_SCOPE,no admin/service title classification match,ADDITIONAL,,,0.514,workable-9E3DD4862F,https://apply.workable.com/j/9E3DD4862F,https://apply.workable.com/j/9E3DD4862F,,Workable XML job feed
HARD_PASS,Country Director (Relocation to Athens),Freedom24,"London, England, GB",,MISSING,,"Thu, 09 Jul 2026 09:03:34 UTC",,Full-time,,Management,Admin/Service – Office Support,OUT_OF_SCOPE,no admin/service title classification match,ADDITIONAL,,,0.501,workable-3B2E469E63,https://apply.workable.com/j/3B2E469E63,https://apply.workable.com/j/3B2E469E63,,Workable XML job feed
HARD_PASS,"Head of Brokerage, Product & Commercial Legal Department",Freedom24,"London, England, GB",,MISSING,,"Thu, 18 Jun 2026 13:56:48 UTC",,Full-time,,Legal,Admin/Service – Office Support,HARD_PASS,hard pass title pattern: legal,ADDITIONAL,,,0.453,workable-ACA5BF0B86,https://apply.workable.com/j/ACA5BF0B86,https://apply.workable.com/j/ACA5BF0B86,,Workable XML job feed
HARD_PASS,DevOps Engineer / Site Reliability Engineer,Freelancer.com,"London, England, GB",,MISSING,,"Wed, 03 Dec 2025 23:24:19 UTC",,Full-time,,Information Technology,Admin/Service – Office Support,HARD_PASS,hard pass title pattern: engineer,ADDITIONAL,,,0.386,workable-77DF7E672D,https://apply.workable.com/j/77DF7E672D,https://apply.workable.com/j/77DF7E672D,,Workable XML job feed
HARD_PASS,Publishing Development Specialist - Evergreen,Frontiers Media,"London, England, GB",,MISSING,,"Tue, 11 Aug 2026 13:21:51 UTC",,Full-time,,Business Development,Admin/Service – Office Support,OUT_OF_SCOPE,no admin/service title classification match,ADDITIONAL,,,0.422,workable-EB93B18A9A,https://apply.workable.com/j/EB93B18A9A,https://apply.workable.com/j/EB93B18A9A,,Workable XML job feed
HARD_PASS,DevOps Engineer,Fuku,"London, England, GB",,MISSING,,"Mon, 08 Jun 2026 05:58:47 UTC",,Full-time,,Accounting/Auditing,Admin/Service – Office Support,HARD_PASS,hard pass title pattern: engineer,ADDITIONAL,,,0.352,workable-22422E2549,https://apply.workable.com/j/22422E2549,https://apply.workable.com/j/22422E2549,,Workable XML job feed
HARD_PASS,Industrial Designer,Fuku,"London, England, GB",,MISSING,,"Mon, 29 Jun 2026 02:18:25 UTC",,Full-time,,Accounting/Auditing,Admin/Service – Office Support,OUT_OF_SCOPE,no admin/service title classification match,ADDITIONAL,,,0.338,workable-C0B573E24C,https://apply.workable.com/j/C0B573E24C,https://apply.workable.com/j/C0B573E24C,,Workable XML job feed
HARD_PASS,Industrial Designer UK Remote,Fuku,"London, England, GB",,MISSING,,"Thu, 18 Jun 2026 13:54:32 UTC",,Full-time,,Accounting/Auditing,Admin/Service – Office Support,OUT_OF_SCOPE,no admin/service title classification match,ADDITIONAL,,,0.320,workable-914A45D2D3,https://apply.workable.com/j/914A45D2D3,https://apply.workable.com/j/914A45D2D3,,Workable XML job feed
HARD_PASS,Senior Industrial Designer/Principal Industrial Designer Fully remote,Fuku,"London, England, GB","£60,000–£150,000",USABLE_REVIEW,"dered (No Visa sponsorship available) Location: - United Kingdom (Remote) Compensation: - £60,000 - £150,000 Base Salary *For exceptional candidates, compensation may be considered above this range o","Tue, 23 Jun 2026 09:41:11 UTC",,Full-time,,Accounting/Auditing,Admin/Service – Office Support,HARD_PASS,hard pass title pattern: senior,ADDITIONAL,,,0.288,workable-34824D055D,https://apply.workable.com/j/34824D055D,https://apply.workable.com/j/34824D055D,,Workable XML job feed
HARD_PASS,Software Engineer,Fuku,"London, England, GB",,MISSING,,"Sat, 30 May 2026 12:51:10 UTC",,Full-time,,Accounting/Auditing,Admin/Service – Office Support,HARD_PASS,hard pass title pattern: engineer,ADDITIONAL,,,0.396,workable-E284F26B58,https://apply.workable.com/j/E284F26B58,https://apply.workable.com/j/E284F26B58,,Workable XML job feed
HARD_PASS,Associate Director - Building Surveying,Fulkers Bailey Russell,"London, England, GB",,MISSING,,"Fri, 14 Aug 2026 17:33:56 UTC",,Full-time,,Consulting,Admin/Service – Office Support,OUT_OF_SCOPE,no admin/service title classification match,ADDITIONAL,,,0.389,workable-09CBBFB99A,https://apply.workable.com/j/09CBBFB99A,https://apply.workable.com/j/09CBBFB99A,,Workable XML job feed
HARD_PASS,Associate Director - Quantity Surveying,Fulkers Bailey Russell,"London, England, GB",,MISSING,,"Thu, 07 May 2026 10:54:23 UTC",,Full-time,,Consulting,Admin/Service – Office Support,OUT_OF_SCOPE,no admin/service title classification match,ADDITIONAL,,,0.389,workable-5EE4FE253A,https://apply.workable.com/j/5EE4FE253A,https://apply.workable.com/j/5EE4FE253A,,Workable XML job feed
HARD_PASS,Senior Building Surveyor,Fulkers Bailey Russell,"London, England, GB",,MISSING,,"Fri, 14 Aug 2026 17:36:11 UTC",,Full-time,,Consulting,Admin/Service – Office Support,HARD_PASS,hard pass title pattern: senior,ADDITIONAL,,,0.448,workable-219522FD2C,https://apply.workable.com/j/219522FD2C,https://apply.workable.com/j/219522FD2C,,Workable XML job feed
HARD_PASS,Senior Project Manager,Fulkers Bailey Russell,"London, England, GB",,MISSING,,"Wed, 05 Aug 2026 13:13:54 UTC",,Full-time,,Consulting,Admin/Service – Office Support,HARD_PASS,"hard pass title pattern: senior, manager",ADDITIONAL,,,0.422,workable-FF39526B39,https://apply.workable.com/j/FF39526B39,https://apply.workable.com/j/FF39526B39,,Workable XML job feed
HARD_PASS,Senior Quantity Surveyor,Fulkers Bailey Russell,"London, England, GB",,MISSING,,"Tue, 30 Jun 2026 16:21:38 UTC",,Full-time,,Consulting,Admin/Service – Office Support,HARD_PASS,hard pass title pattern: senior,ADDITIONAL,,,0.428,workable-8D12813BBF,https://apply.workable.com/j/8D12813BBF,https://apply.workable.com/j/8D12813BBF,,Workable XML job feed
HARD_PASS,Senior Quantity Surveyor,Fulkers Bailey Russell,"London, England, GB",,MISSING,,"Wed, 08 Jul 2026 19:53:29 UTC",,Full-time,,Consulting,Admin/Service – Office Support,HARD_PASS,hard pass title pattern: senior,ADDITIONAL,,,0.428,workable-96DE2E2BC9,https://apply.workable.com/j/96DE2E2BC9,https://apply.workable.com/j/96DE2E2BC9,,Workable XML job feed
HARD_PASS,AI Inference Engineer,Fuse Energy,"London, England, GB",,MISSING,,"Mon, 20 Jul 2026 10:34:08 UTC",,,Remote,,Admin/Service – Office Support,HARD_PASS,hard pass title pattern: engineer,ADDITIONAL,,,0.427,workable-5E494FB5A4,https://apply.workable.com/j/5E494FB5A4,https://apply.workable.com/j/5E494FB5A4,,Workable XML job feed
HARD_PASS,AI Operations Manager,Fuse Energy,"London, England, GB",,MISSING,,"Wed, 06 May 2026 16:55:24 UTC",,Full-time,,,Admin/Service – Office Support,HARD_PASS,"hard pass title pattern: operations manager, manager",ADDITIONAL,,,0.458,workable-4B3FEC11A5,https://apply.workable.com/j/4B3FEC11A5,https://apply.workable.com/j/4B3FEC11A5,,Workable XML job feed
HARD_PASS,Applied AI Engineer,Fuse Energy,"London, England, GB",,MISSING,,"Sat, 27 Jun 2026 13:25:05 UTC",,Full-time,,,Admin/Service – Office Support,HARD_PASS,hard pass title pattern: engineer,ADDITIONAL,,,0.433,workable-64F3A20A10,https://apply.workable.com/j/64F3A20A10,https://apply.workable.com/j/64F3A20A10,,Workable XML job feed
HARD_PASS,Art director (campaigns),Fuse Energy,"London, England, GB",,MISSING,,"Mon, 06 Jul 2026 13:58:10 UTC",,Full-time,,Art/Creative,Admin/Service – Office Support,OUT_OF_SCOPE,no admin/service title classification match,ADDITIONAL,,,0.455,workable-A4641E0166,https://apply.workable.com/j/A4641E0166,https://apply.workable.com/j/A4641E0166,,Workable XML job feed
HARD_PASS,Civil Engineer - Renewables & Infrastructure,Fuse Energy,"London, England, GB",,MISSING,,"Tue, 11 Aug 2026 15:11:17 UTC",,Full-time,,,Admin/Service – Office Support,HARD_PASS,hard pass title pattern: engineer,ADDITIONAL,,,0.427,workable-F8E71ACE81,https://apply.workable.com/j/F8E71ACE81,https://apply.workable.com/j/F8E71ACE81,,Workable XML job feed
HARD_PASS,Corporate Finance Associate,Fuse Energy,"London, England, GB",,MISSING,,"Wed, 01 Jul 2026 13:00:02 UTC",,Full-time,,,Admin/Service – Office Support,OUT_OF_SCOPE,no admin/service title classification match,ADDITIONAL,,,0.509,workable-B02D617B46,https://apply.workable.com/j/B02D617B46,https://apply.workable.com/j/B02D617B46,,Workable XML job feed
HARD_PASS,Cost Management Analyst,Fuse Energy,"London, England, GB",,MISSING,,"Mon, 03 Aug 2026 05:43:59 UTC",,Full-time,,Finance,Admin/Service – Office Support,OUT_OF_SCOPE,no admin/service title classification match,ADDITIONAL,,,0.437,workable-47F6D838FF,https://apply.workable.com/j/47F6D838FF,https://apply.workable.com/j/47F6D838FF,,Workable XML job feed
HARD_PASS,Creative producer,Fuse Energy,"London, England, GB",,MISSING,,"Mon, 06 Jul 2026 13:59:21 UTC",,,,,Admin/Service – Office Support,OUT_OF_SCOPE,no admin/service title classification match,ADDITIONAL,,,0.420,workable-0E89D3BF70,https://apply.workable.com/j/0E89D3BF70,https://apply.workable.com/j/0E89D3BF70,,Workable XML job feed
HARD_PASS,Creator (video),Fuse Energy,"London, England, GB",,MISSING,,"Mon, 06 Jul 2026 13:53:20 UTC",,Full-time,,Marketing,Admin/Service – Office Support,OUT_OF_SCOPE,no admin/service title classification match,ADDITIONAL,,,0.409,workable-99547C9551,https://apply.workable.com/j/99547C9551,https://apply.workable.com/j/99547C9551,,Workable XML job feed
HARD_PASS,Creator (X/LinkedIn),Fuse Energy,"London, England, GB",,MISSING,,"Mon, 06 Jul 2026 13:55:57 UTC",,Full-time,,Marketing,Admin/Service – Office Support,OUT_OF_SCOPE,no admin/service title classification match,ADDITIONAL,,,0.390,workable-C6A6DB9A05,https://apply.workable.com/j/C6A6DB9A05,https://apply.workable.com/j/C6A6DB9A05,,Workable XML job feed
HARD_PASS,CUDA Engineer,Fuse Energy,"London, England, GB",,MISSING,,"Sun, 19 Jul 2026 14:11:24 UTC",,Full-time,Remote,,Admin/Service – Office Support,HARD_PASS,hard pass title pattern: engineer,ADDITIONAL,,,0.416,workable-C0F3C2B4F1,https://apply.workable.com/j/C0F3C2B4F1,https://apply.workable.com/j/C0F3C2B4F1,,Workable XML job feed
HARD_PASS,Database Reliability Engineer,Fuse Energy,"London, England, GB",,MISSING,,"Wed, 01 Jul 2026 15:19:52 UTC",,Full-time,Remote,,Admin/Service – Office Support,HARD_PASS,hard pass title pattern: engineer,ADDITIONAL,,,0.410,workable-CA5ECCBD7A,https://apply.workable.com/j/CA5ECCBD7A,https://apply.workable.com/j/CA5ECCBD7A,,Workable XML job feed
HARD_PASS,Dual Fuel Engineer,Fuse Energy,"London, England, GB","£46,600",USABLE_REVIEW,"to grow with a dynamic team. What we offer Base Salary: £41,600. London-Weighted Salary: £46,600. Average Annual Performance Bonus: £17,000. Additional earning opportunities: Time-and-a-","Thu, 09 Apr 2026 07:59:03 UTC",,Full-time,,,Admin/Service – Office Support,HARD_PASS,hard pass title pattern: engineer,ADDITIONAL,,,0.385,workable-89616CB947,https://apply.workable.com/j/89616CB947,https://apply.workable.com/j/89616CB947,,Workable XML job feed
HARD_PASS,Electronics Design Engineer,Fuse Energy,"London, England, GB",,MISSING,,"Fri, 05 Jun 2026 16:24:58 UTC",,Full-time,,Engineering,Admin/Service – Office Support,HARD_PASS,hard pass title pattern: engineer,ADDITIONAL,,,0.470,workable-B8CE72DA6F,https://apply.workable.com/j/B8CE72DA6F,https://apply.workable.com/j/B8CE72DA6F,,Workable XML job feed
HARD_PASS,Embedded Software Engineer,Fuse Energy,"London, England, GB",,MISSING,,"Mon, 22 Jun 2026 08:59:24 UTC",,Full-time,,,Admin/Service – Office Support,HARD_PASS,hard pass title pattern: engineer,ADDITIONAL,,,0.416,workable-6616C5D130,https://apply.workable.com/j/6616C5D130,https://apply.workable.com/j/6616C5D130,,Workable XML job feed
HARD_PASS,Finance Intern,Fuse Energy,"London, England, GB",,MISSING,,"Wed, 01 Jul 2026 12:49:23 UTC",,Full-time,,Finance,Admin/Service – Office Support,OUT_OF_SCOPE,no admin/service title classification match,ADDITIONAL,,,0.542,workable-6DB55A57F2,https://apply.workable.com/j/6DB55A57F2,https://apply.workable.com/j/6DB55A57F2,,Workable XML job feed
HARD_PASS,Founder's Associate,Fuse Energy,"London, England, GB",,MISSING,,"Wed, 03 Dec 2025 11:02:12 UTC",,Full-time,,,Admin/Service – Office Support,OUT_OF_SCOPE,no admin/service title classification match,ADDITIONAL,,,0.472,workable-D1150E2D86,https://apply.workable.com/j/D1150E2D86,https://apply.workable.com/j/D1150E2D86,,Workable XML job feed
HARD_PASS,Founding GPU Engineer,Fuse Energy,"London, England, GB",,MISSING,,"Sun, 19 Jul 2026 14:10:41 UTC",,Full-time,Remote,,Admin/Service – Office Support,HARD_PASS,hard pass title pattern: engineer,ADDITIONAL,,,0.411,workable-41EF45DDDF,https://apply.workable.com/j/41EF45DDDF,https://apply.workable.com/j/41EF45DDDF,,Workable XML job feed
HARD_PASS,Graduate Electrical Engineer,Fuse Energy,"London, England, GB",,MISSING,,"Sun, 14 Jun 2026 15:47:25 UTC",,Full-time,,,Admin/Service – Office Support,HARD_PASS,hard pass title pattern: engineer,ADDITIONAL,,,0.399,workable-935D6DA91F,https://apply.workable.com/j/935D6DA91F,https://apply.workable.com/j/935D6DA91F,,Workable XML job feed
HARD_PASS,Group Tax Manager,Fuse Energy,"London, England, GB",,MISSING,,"Sun, 28 Jun 2026 15:26:38 UTC",,Full-time,,Accounting/Auditing,Admin/Service – Office Support,HARD_PASS,hard pass title pattern: manager,ADDITIONAL,,,0.384,workable-F2A55F5E95,https://apply.workable.com/j/F2A55F5E95,https://apply.workable.com/j/F2A55F5E95,,Workable XML job feed
HARD_PASS,Head of Procurement,Fuse Energy,"London, England, GB",,MISSING,,"Wed, 01 Jul 2026 12:08:10 UTC",,Full-time,,,Admin/Service – Office Support,OUT_OF_SCOPE,no admin/service title classification match,ADDITIONAL,,,0.432,workable-15B4768755,https://apply.workable.com/j/15B4768755,https://apply.workable.com/j/15B4768755,,Workable XML job feed
HARD_PASS,HPC Network Engineer,Fuse Energy,"London, England, GB",,MISSING,,"Thu, 23 Jul 2026 13:37:30 UTC",,Full-time,,,Admin/Service – Office Support,HARD_PASS,hard pass title pattern: engineer,ADDITIONAL,,,0.398,workable-6F6AFE8C31,https://apply.workable.com/j/6F6AFE8C31,https://apply.workable.com/j/6F6AFE8C31,,Workable XML job feed
HARD_PASS,Human Performance Manager,Fuse Energy,"London, England, GB",,MISSING,,"Mon, 10 Aug 2026 06:51:25 UTC",,Full-time,,,Admin/Service – Office Support,HARD_PASS,hard pass title pattern: manager,ADDITIONAL,,,0.432,workable-B9F6F38953,https://apply.workable.com/j/B9F6F38953,https://apply.workable.com/j/B9F6F38953,,Workable XML job feed
HARD_PASS,Information Security Analyst,Fuse Energy,"London, England, GB",,MISSING,,"Wed, 12 Aug 2026 13:43:20 UTC",,Full-time,,Information Technology,Admin/Service – Office Support,OUT_OF_SCOPE,no admin/service title classification match,ADDITIONAL,,,0.467,workable-CB38652E09,https://apply.workable.com/j/CB38652E09,https://apply.workable.com/j/CB38652E09,,Workable XML job feed
HARD_PASS,Injector driver,Fuse Energy,"London, England, GB",,MISSING,,"Wed, 01 Jul 2026 09:36:48 UTC",,Full-time,,Supply Chain,Admin/Service – Office Support,HARD_PASS,hard pass title pattern: driver,ADDITIONAL,,,0.443,workable-B0471F9B3F,https://apply.workable.com/j/B0471F9B3F,https://apply.workable.com/j/B0471F9B3F,,Workable XML job feed
HARD_PASS,IT Operations Engineer (2nd Line),Fuse Energy,"London, England, GB",,MISSING,,"Tue, 23 Jun 2026 16:57:17 UTC",,Full-time,,Information Technology,Admin/Service – Office Support,HARD_PASS,hard pass title pattern: engineer,ADDITIONAL,,,0.446,workable-5D5CEC245A,https://apply.workable.com/j/5D5CEC245A,https://apply.workable.com/j/5D5CEC245A,,Workable XML job feed
HARD_PASS,M&A + Strategy Associate,Fuse Energy,"London, England, GB",,MISSING,,"Wed, 01 Jul 2026 13:43:19 UTC",,Full-time,,,Admin/Service – Office Support,OUT_OF_SCOPE,no admin/service title classification match,ADDITIONAL,,,0.467,workable-971694741C,https://apply.workable.com/j/971694741C,https://apply.workable.com/j/971694741C,,Workable XML job feed
HARD_PASS,Operations Analyst,Fuse Energy,"London, England, GB",,MISSING,,"Thu, 22 Jan 2026 23:10:11 UTC",,Full-time,,Data Analyst,Admin/Service – Office Support,OUT_OF_SCOPE,no admin/service title classification match,ADDITIONAL,,,0.441,workable-8994B4FE21,https://apply.workable.com/j/8994B4FE21,https://apply.workable.com/j/8994B4FE21,,Workable XML job feed
HARD_PASS,Operations Intern,Fuse Energy,"London, England, GB",,MISSING,,"Fri, 14 Aug 2026 16:13:46 UTC",,Full-time,,,Admin/Service – Office Support,OUT_OF_SCOPE,no admin/service title classification match,ADDITIONAL,,,0.487,workable-AECD816804,https://apply.workable.com/j/AECD816804,https://apply.workable.com/j/AECD816804,,Workable XML job feed
HARD_PASS,Project Development Manager - Renewables and Infrastructure,Fuse Energy,"London, England, GB",,MISSING,,"Tue, 11 Aug 2026 11:22:40 UTC",,Full-time,,,Admin/Service – Office Support,HARD_PASS,hard pass title pattern: manager,ADDITIONAL,,,0.421,workable-373D0F9C07,https://apply.workable.com/j/373D0F9C07,https://apply.workable.com/j/373D0F9C07,,Workable XML job feed
HARD_PASS,Quantitative Researcher,Fuse Energy,"London, England, GB",,MISSING,,"Wed, 04 Mar 2026 15:36:06 UTC",,Full-time,,,Admin/Service – Office Support,OUT_OF_SCOPE,no admin/service title classification match,ADDITIONAL,,,0.422,workable-5B530DBABB,https://apply.workable.com/j/5B530DBABB,https://apply.workable.com/j/5B530DBABB,,Workable XML job feed
HARD_PASS,Renewable Energy Electrician,Fuse Energy,"London, England, GB","£45,000",USABLE_REVIEW,"allation 18th Edition Initial Verification Full UK driving licence Benefits Base Salary : £45,000 London Weighting: £50,000 Ongoing training and up-skilling opportunities (e.g. EV charger","Tue, 24 Feb 2026 10:08:26 UTC",,Full-time,,,Admin/Service – Office Support,HARD_PASS,hard pass title pattern: electrician,ADDITIONAL,,,0.409,workable-4F588A83A3,https://apply.workable.com/j/4F588A83A3,https://apply.workable.com/j/4F588A83A3,,Workable XML job feed
HARD_PASS,Renewables Lead,Fuse Energy,"London, England, GB",,MISSING,,"Fri, 12 Jun 2026 09:51:32 UTC",,Full-time,,,Admin/Service – Office Support,OUT_OF_SCOPE,no admin/service title classification match,ADDITIONAL,,,0.418,workable-E58FB761CF,https://apply.workable.com/j/E58FB761CF,https://apply.workable.com/j/E58FB761CF,,Workable XML job feed
HARD_PASS,Robotics Engineer,Fuse Energy,"London, England, GB",,MISSING,,"Wed, 10 Jun 2026 13:42:16 UTC",,Full-time,,Engineering,Admin/Service – Office Support,HARD_PASS,hard pass title pattern: engineer,ADDITIONAL,,,0.413,workable-A4CD3869D9,https://apply.workable.com/j/A4CD3869D9,https://apply.workable.com/j/A4CD3869D9,,Workable XML job feed
HARD_PASS,Senior Electrical Engineer,Fuse Energy,"London, England, GB",,MISSING,,"Wed, 15 Apr 2026 08:05:04 UTC",,Full-time,,Engineering,Admin/Service – Office Support,HARD_PASS,"hard pass title pattern: engineer, senior",ADDITIONAL,,,0.411,workable-070D7B877D,https://apply.workable.com/j/070D7B877D,https://apply.workable.com/j/070D7B877D,,Workable XML job feed
HARD_PASS,Senior Front-End Engineer,Fuse Energy,"London, England, GB",,MISSING,,"Tue, 18 Nov 2025 18:52:38 UTC",,Full-time,,,Admin/Service – Office Support,HARD_PASS,"hard pass title pattern: engineer, senior",ADDITIONAL,,,0.418,workable-FE1080CC51,https://apply.workable.com/j/FE1080CC51,https://apply.workable.com/j/FE1080CC51,,Workable XML job feed
HARD_PASS,Senior Mobile Engineer,Fuse Energy,"London, England, GB",,MISSING,,"Wed, 08 Jul 2026 09:15:33 UTC",,Full-time,Remote,,Admin/Service – Office Support,HARD_PASS,"hard pass title pattern: engineer, senior",ADDITIONAL,,,0.424,workable-17BE5C934E,https://apply.workable.com/j/17BE5C934E,https://apply.workable.com/j/17BE5C934E,,Workable XML job feed
HARD_PASS,Senior Performance Marketing Manager,Fuse Energy,"London, England, GB",,MISSING,,"Mon, 29 Jun 2026 14:05:21 UTC",,Full-time,,Marketing,Admin/Service – Office Support,HARD_PASS,"hard pass title pattern: senior, manager",ADDITIONAL,,,0.423,workable-A1B8F45926,https://apply.workable.com/j/A1B8F45926,https://apply.workable.com/j/A1B8F45926,,Workable XML job feed
HARD_PASS,Senior Product Engineer,Fuse Energy,"London, England, GB",,MISSING,,"Tue, 21 Jul 2026 10:57:24 UTC",,,,,Admin/Service – Office Support,HARD_PASS,"hard pass title pattern: engineer, senior",ADDITIONAL,,,0.437,workable-EB0EA00300,https://apply.workable.com/j/EB0EA00300,https://apply.workable.com/j/EB0EA00300,,Workable XML job feed
HARD_PASS,"Senior Recruiter - Operations, GTM",Fuse Energy,"London, England, GB",,MISSING,,"Tue, 04 Aug 2026 10:20:57 UTC",,Full-time,,,Admin/Service – Office Support,HARD_PASS,hard pass title pattern: senior,ADDITIONAL,,,0.499,workable-2A2EB0D0A8,https://apply.workable.com/j/2A2EB0D0A8,https://apply.workable.com/j/2A2EB0D0A8,,Workable XML job feed
HARD_PASS,Senior Technical Recruiter,Fuse Energy,"London, England, GB",,MISSING,,"Tue, 04 Aug 2026 10:13:43 UTC",,Full-time,,,Admin/Service – Office Support,HARD_PASS,hard pass title pattern: senior,ADDITIONAL,,,0.458,workable-24C8D38BC6,https://apply.workable.com/j/24C8D38BC6,https://apply.workable.com/j/24C8D38BC6,,Workable XML job feed
HARD_PASS,Senior/Lead Backend Engineer,Fuse Energy,"London, England, GB",,MISSING,,"Wed, 03 Dec 2025 18:42:40 UTC",,Full-time,,,Admin/Service – Office Support,HARD_PASS,"hard pass title pattern: engineer, senior",ADDITIONAL,,,0.398,workable-B73DB96A02,https://apply.workable.com/j/B73DB96A02,https://apply.workable.com/j/B73DB96A02,,Workable XML job feed
HARD_PASS,Supply Chain Manager - Hardware Manufacturing,Fuse Energy,"London, England, GB",,MISSING,,"Wed, 01 Jul 2026 12:47:47 UTC",,Full-time,,,Admin/Service – Office Support,HARD_PASS,"hard pass title pattern: manufacturing, manager",ADDITIONAL,,,0.411,workable-73FB66F416,https://apply.workable.com/j/73FB66F416,https://apply.workable.com/j/73FB66F416,,Workable XML job feed
HARD_PASS,Supply Chain Manager - Installations + EPC,Fuse Energy,"London, England, GB",,MISSING,,"Wed, 01 Jul 2026 12:43:18 UTC",,Full-time,,,Admin/Service – Office Support,HARD_PASS,hard pass title pattern: manager,ADDITIONAL,,,0.439,workable-8CC0E57D15,https://apply.workable.com/j/8CC0E57D15,https://apply.workable.com/j/8CC0E57D15,,Workable XML job feed
HARD_PASS,UK Infrastructure Development Lead (Renewables and Data Center),Fuse Energy,"London, England, GB",,MISSING,,"Tue, 09 Jun 2026 11:59:57 UTC",,,,,Admin/Service – Office Support,OUT_OF_SCOPE,no admin/service title classification match,ADDITIONAL,,,0.416,workable-79CDE8BE46,https://apply.workable.com/j/79CDE8BE46,https://apply.workable.com/j/79CDE8BE46,,Workable XML job feed
HARD_PASS,Workplace Experience Manager,Fuse Energy,"London, England, GB",,MISSING,,"Mon, 22 Jun 2026 10:23:58 UTC",,Full-time,,,Admin/Service – Office Support,HARD_PASS,hard pass title pattern: manager,ADDITIONAL,,,0.478,workable-47800D5FC7,https://apply.workable.com/j/47800D5FC7,https://apply.workable.com/j/47800D5FC7,,Workable XML job feed
HARD_PASS,Advertising Sales Account Manager - Games,Future Publishing,"London, England, GB","£35,000–£45,000",USABLE_REVIEW,"ience within the gaming or media sector is desirable. The expected range for this role is £35,000 - £45,000 Please note, the expected start date for this vacancy will be October 2026 This is a Hybri","Wed, 15 Jul 2026 09:12:06 UTC",,Full-time,,Sales,Admin/Service – Office Support,HARD_PASS,"hard pass title pattern: account manager, manager",ADDITIONAL,,,0.431,workable-7894847994,https://apply.workable.com/j/7894847994,https://apply.workable.com/j/7894847994,,Workable XML job feed
HARD_PASS,Be Part of the Story: Join our UK Talent Network,Future Publishing,"London, England, GB",,MISSING,,"Mon, 22 Sep 2025 09:59:09 UTC",,Full-time,,,Admin/Service – Office Support,OUT_OF_SCOPE,no admin/service title classification match,ADDITIONAL,,,0.363,workable-3E5AE8346A,https://apply.workable.com/j/3E5AE8346A,https://apply.workable.com/j/3E5AE8346A,,Workable XML job feed
HARD_PASS,"Finance Director, B2C Media",Future Publishing,"London, England, GB","£110,000–£140,000",USABLE_REVIEW,"ified Accountant CPA/ACA/ACCA What's in it for you... The expected range for this role is £110,000 - £140,000 This is a Hybrid role from our Bath or London Office, working 2 days from the office, 3 fr","Thu, 02 Jul 2026 14:03:16 UTC",,,,,Admin/Service – Office Support,OUT_OF_SCOPE,no admin/service title classification match,ADDITIONAL,,,0.450,workable-12EAA9E120,https://apply.workable.com/j/12EAA9E120,https://apply.workable.com/j/12EAA9E120,,Workable XML job feed
HARD_PASS,Graduate Media Advertising Sales Executive - Horse & Hound,Future Publishing,"London, England, GB","£29,000",USABLE_REVIEW,"up to 5% match Free drinks and snacks in our offices The expected salary for this role is £29,000 This is a hybrid role, working 3 days per week from our London Paddington office. Internal","Fri, 31 Jul 2026 16:23:54 UTC",,Full-time,,Sales,Admin/Service – Office Support,HARD_PASS,hard pass title pattern: sales executive,ADDITIONAL,,,0.395,workable-3302114113,https://apply.workable.com/j/3302114113,https://apply.workable.com/j/3302114113,,Workable XML job feed
HARD_PASS,Oracle Database Engineer,Future Publishing,"London, England, GB","£50,000–£55,000",USABLE_REVIEW,"up to 5% match Free drinks and snacks in our offices The expected range for this role is £50,000 - £55,000 This is a hybrid role, working two days per week from our London Paddington office on Mond","Wed, 12 Aug 2026 11:41:49 UTC",,Full-time,,Information Technology,Admin/Service – Office Support,HARD_PASS,hard pass title pattern: engineer,ADDITIONAL,,,0.404,workable-6D2D2EAD17,https://apply.workable.com/j/6D2D2EAD17,https://apply.workable.com/j/6D2D2EAD17,,Workable XML job feed
HARD_PASS,Senior Business Analyst - 12 Month FTC,Future Publishing,"London, England, GB","£75,000–£85,000",USABLE_REVIEW,"up to 5% match Free drinks and snacks in our offices The expected range for this role is £75,000 - £85,000 This is a hybrid role, working two days per week from our London Paddington office on a Mo","Wed, 12 Aug 2026 10:48:35 UTC",,Temporary,,Business Analyst,Admin/Service – Office Support,HARD_PASS,hard pass title pattern: senior,ADDITIONAL,,,0.424,workable-C19E801EE4,https://apply.workable.com/j/C19E801EE4,https://apply.workable.com/j/C19E801EE4,,Workable XML job feed
HARD_PASS,Account Executive - Enterprise,G MASS,"London, England, GB",,MISSING,,"Fri, 10 Apr 2026 15:39:15 UTC",,Full-time,,Sales,Admin/Service – Office Support,OUT_OF_SCOPE,no admin/service title classification match,ADDITIONAL,,,0.391,workable-CF9A56861E,https://apply.workable.com/j/CF9A56861E,https://apply.workable.com/j/CF9A56861E,,Workable XML job feed
HARD_PASS,Account Executive - Mid-Market,G MASS,"London, England, GB",,MISSING,,"Fri, 10 Apr 2026 15:38:10 UTC",,Full-time,,Sales,Admin/Service – Office Support,OUT_OF_SCOPE,no admin/service title classification match,ADDITIONAL,,,0.406,workable-635F14A9B9,https://apply.workable.com/j/635F14A9B9,https://apply.workable.com/j/635F14A9B9,,Workable XML job feed
HARD_PASS,Audit Assistant Manager,G MASS,"London, England, GB","£49,000",USABLE_REVIEW,"and tempted by the Jersey lifestyle — we’d love to hear from you. Benefits Salary: Up to £49,000 (Open to hearing expectations). Relocation Support: Short-term accommodation to get you se","Sun, 11 Jan 2026 01:41:23 UTC",,Full-time,,Accounting/Auditing,Admin/Service – Office Support,HARD_PASS,hard pass title pattern: manager,ADDITIONAL,,,0.475,workable-09877AD0E1,https://apply.workable.com/j/09877AD0E1,https://apply.workable.com/j/09877AD0E1,,Workable XML job feed
HARD_PASS,Business Analyst - IGA,G MASS,"London, England, GB",,MISSING,,"Tue, 14 Jul 2026 10:19:19 UTC",,Contract,,,Admin/Service – Office Support,OUT_OF_SCOPE,no admin/service title classification match,ADDITIONAL,,,0.394,workable-DD11EDEC60,https://apply.workable.com/j/DD11EDEC60,https://apply.workable.com/j/DD11EDEC60,,Workable XML job feed
HARD_PASS,Business Analyst - Outward Reinsurance,G MASS,"London, England, GB",,MISSING,,"Mon, 20 Jul 2026 13:30:39 UTC",,Contract,,,Admin/Service – Office Support,OUT_OF_SCOPE,no admin/service title classification match,ADDITIONAL,,,0.368,workable-B68F5F2DA0,https://apply.workable.com/j/B68F5F2DA0,https://apply.workable.com/j/B68F5F2DA0,,Workable XML job feed
HARD_PASS,Business Change Manager,G MASS,"London, England, GB",,MISSING,,"Mon, 20 Jul 2026 13:30:41 UTC",,Contract,,,Admin/Service – Office Support,HARD_PASS,hard pass title pattern: manager,ADDITIONAL,,,0.393,workable-AAA82D45BD,https://apply.workable.com/j/AAA82D45BD,https://apply.workable.com/j/AAA82D45BD,,Workable XML job feed
HARD_PASS,Calypso Configuration Consultant,G MASS,"London, England, GB",,MISSING,,"Wed, 11 Mar 2026 14:59:34 UTC",,Contract,,Consulting,Admin/Service – Office Support,OUT_OF_SCOPE,no admin/service title classification match,ADDITIONAL,,,0.400,workable-5AC1A58816,https://apply.workable.com/j/5AC1A58816,https://apply.workable.com/j/5AC1A58816,,Workable XML job feed
HARD_PASS,Calypso Product Manager,G MASS,"London, England, GB",,MISSING,,"Wed, 11 Mar 2026 15:07:28 UTC",,Contract,,Consulting,Admin/Service – Office Support,HARD_PASS,hard pass title pattern: manager,ADDITIONAL,,,0.379,workable-C8867A3C89,https://apply.workable.com/j/C8867A3C89,https://apply.workable.com/j/C8867A3C89,,Workable XML job feed
HARD_PASS,Calypso Programme Director,G MASS,"London, England, GB",,MISSING,,"Wed, 11 Mar 2026 14:58:54 UTC",,Contract,,Consulting,Admin/Service – Office Support,OUT_OF_SCOPE,no admin/service title classification match,ADDITIONAL,,,0.382,workable-08CB8C0589,https://apply.workable.com/j/08CB8C0589,https://apply.workable.com/j/08CB8C0589,,Workable XML job feed
HARD_PASS,Ceded Reinsurance Reconciliation Project Specialist,G MASS,"London, England, GB",,MISSING,,"Tue, 21 Jul 2026 09:49:38 UTC",,Contract,,,Admin/Service – Office Support,OUT_OF_SCOPE,no admin/service title classification match,ADDITIONAL,,,0.366,workable-4B212AF5A8,https://apply.workable.com/j/4B212AF5A8,https://apply.workable.com/j/4B212AF5A8,,Workable XML job feed
HARD_PASS,Collateral Business Analyst / SME,G MASS,"London, England, GB",,MISSING,,"Wed, 17 Jun 2026 14:51:01 UTC",,Contract,,Business Analyst,Admin/Service – Office Support,OUT_OF_SCOPE,no admin/service title classification match,ADDITIONAL,,,0.384,workable-7D9A584E4C,https://apply.workable.com/j/7D9A584E4C,https://apply.workable.com/j/7D9A584E4C,,Workable XML job feed
HARD_PASS,Commodities Operations Analyst - Precious Metals,G MASS,"London, England, GB",,MISSING,,"Thu, 09 Jul 2026 13:37:47 UTC",,Contract,,,Admin/Service – Office Support,OUT_OF_SCOPE,no admin/service title classification match,ADDITIONAL,,,0.410,workable-3845BC32E0,https://apply.workable.com/j/3845BC32E0,https://apply.workable.com/j/3845BC32E0,,Workable XML job feed
HARD_PASS,Compliance Analyst - Insurance,G MASS,"London, England, GB",,MISSING,,"Tue, 23 Jun 2026 13:30:41 UTC",,Contract,,,Admin/Service – Office Support,HARD_PASS,hard pass title pattern: compliance,ADDITIONAL,,,0.387,workable-870317225A,https://apply.workable.com/j/870317225A,https://apply.workable.com/j/870317225A,,Workable XML job feed
HARD_PASS,Consumer / Conduct Risk - Wordings Review Consultant,G MASS,"London, England, GB",,MISSING,,"Mon, 29 Jun 2026 18:39:23 UTC",,Contract,,,Admin/Service – Office Support,OUT_OF_SCOPE,no admin/service title classification match,ADDITIONAL,,,0.348,workable-87981E5922,https://apply.workable.com/j/87981E5922,https://apply.workable.com/j/87981E5922,,Workable XML job feed
HARD_PASS,Consumer Duty / Conduct Risk Consultant - Product Governance,G MASS,"London, England, GB",,MISSING,,"Tue, 18 Aug 2026 07:01:24 UTC",,Contract,,,Admin/Service – Office Support,OUT_OF_SCOPE,no admin/service title classification match,ADDITIONAL,,,0.329,workable-CE61E4EB1B,https://apply.workable.com/j/CE61E4EB1B,https://apply.workable.com/j/CE61E4EB1B,,Workable XML job feed
HARD_PASS,Data Architect - Canonical Data Modelling & EDM,G MASS,"London, England, GB",,MISSING,,"Thu, 11 Jun 2026 11:34:58 UTC",,Contract,,Data Analyst,Admin/Service – Office Support,OUT_OF_SCOPE,no admin/service title classification match,ADDITIONAL,,,0.371,workable-0DC81FB49D,https://apply.workable.com/j/0DC81FB49D,https://apply.workable.com/j/0DC81FB49D,,Workable XML job feed
HARD_PASS,Data Technician,G MASS,"London, England, GB","£42,000",USABLE_REVIEW,"tanding of Lloyd’s reporting requirements Intermediate Excel skills Benefits Paying up to £42,000 per annum. Support available for further study, including ACII qualification","Thu, 26 Feb 2026 12:42:53 UTC",,Full-time,,Data Analyst,Admin/Service – Office Support,HARD_PASS,hard pass title pattern: technician,ADDITIONAL,,,0.399,workable-74AB864CB0,https://apply.workable.com/j/74AB864CB0,https://apply.workable.com/j/74AB864CB0,,Workable XML job feed
HARD_PASS,Equity Derivatives Operations BA (Calypso),G MASS,"London, England, GB",,MISSING,,"Tue, 30 Jun 2026 21:35:08 UTC",,Contract,,Business Analyst,Admin/Service – Office Support,OUT_OF_SCOPE,no admin/service title classification match,ADDITIONAL,,,0.373,workable-0117568CFA,https://apply.workable.com/j/0117568CFA,https://apply.workable.com/j/0117568CFA,,Workable XML job feed
HARD_PASS,Finance Manager,G MASS,"London, England, GB","£80,000",USABLE_REVIEW,erience Ability to manage multiple tasks and deadlines effectively Benefits Salary: up to £80k,"Wed, 01 Apr 2026 14:01:16 UTC",,Full-time,,Finance,Admin/Service – Office Support,HARD_PASS,hard pass title pattern: manager,ADDITIONAL,,,0.403,workable-F28CDA3DAE,https://apply.workable.com/j/F28CDA3DAE,https://apply.workable.com/j/F28CDA3DAE,,Workable XML job feed
HARD_PASS,Finance Manager- London Market Insurance,G MASS,"London, England, GB","£100,000",USABLE_REVIEW,erience Ability to manage multiple tasks and deadlines effectively Benefits Salary: up to £100k,"Thu, 18 Jun 2026 14:37:16 UTC",,Full-time,,Finance,Admin/Service – Office Support,HARD_PASS,hard pass title pattern: manager,ADDITIONAL,,,0.352,workable-CB9164ADEF,https://apply.workable.com/j/CB9164ADEF,https://apply.workable.com/j/CB9164ADEF,,Workable XML job feed
HARD_PASS,Governance Analyst - Insurance,G MASS,"London, England, GB",,MISSING,,"Tue, 23 Jun 2026 13:46:43 UTC",,Contract,,,Admin/Service – Office Support,OUT_OF_SCOPE,no admin/service title classification match,ADDITIONAL,,,0.414,workable-480D447DC0,https://apply.workable.com/j/480D447DC0,https://apply.workable.com/j/480D447DC0,,Workable XML job feed
HARD_PASS,Graduate Compliance Analyst - London Market Insurance,G MASS,"London, England, GB","£30,000",USABLE_REVIEW,"and communication to keep trackers, inboxes, and client chasing moving. Benefits Salary: £30,000 Length: Initial 2 months, with possibility to extend","Tue, 12 May 2026 14:32:55 UTC",,Contract,,,Admin/Service – Office Support,HARD_PASS,hard pass title pattern: compliance,ADDITIONAL,,,0.352,workable-1CED0C189B,https://apply.workable.com/j/1CED0C189B,https://apply.workable.com/j/1CED0C189B,,Workable XML job feed
HARD_PASS,Graduate Data Scientist,G MASS,"London, England, GB","£30,000–£35,000",USABLE_REVIEW,"with AI/ML concepts and their application to enterprise data environments Benefits Salary £30,000 – £35,000 depending on experience Initial 12-week contract with strong potential to convert to perma","Mon, 18 May 2026 08:12:07 UTC",,Contract,,Data Analyst,Admin/Service – Office Support,OUT_OF_SCOPE,no admin/service title classification match,ADDITIONAL,,,0.400,workable-B7BC300D9E,https://apply.workable.com/j/B7BC300D9E,https://apply.workable.com/j/B7BC300D9E,,Workable XML job feed
HARD_PASS,Graduate Operations Analyst - London Market Insurance,G MASS,"London, England, GB","£30,000",USABLE_REVIEW,"into more senior operational, change or leadership positions over time. Benefits Salary: £30k","Thu, 13 Aug 2026 08:13:05 UTC",,Full-time,,,Admin/Service – Office Support,OUT_OF_SCOPE,no admin/service title classification match,ADDITIONAL,,,0.408,workable-E1424498F6,https://apply.workable.com/j/E1424498F6,https://apply.workable.com/j/E1424498F6,,Workable XML job feed
HARD_PASS,KYC Analyst,G MASS,"London, England, GB","£40,000",USABLE_REVIEW,"ise. Ability to handle pressure and manage conflicting priorities. Benefits Salary: up to £40k Length: Initial 6-months, with a view to being made permanent internally","Wed, 22 Apr 2026 08:17:59 UTC",,Contract,,Consulting,Admin/Service – Office Support,OUT_OF_SCOPE,no admin/service title classification match,ADDITIONAL,,,0.379,workable-9A2EE81169,https://apply.workable.com/j/9A2EE81169,https://apply.workable.com/j/9A2EE81169,,Workable XML job feed
HARD_PASS,KYC Client Onboarding Analyst,G MASS,"London, England, GB",,MISSING,,"Thu, 25 Jun 2026 16:08:37 UTC",,Contract,,,Admin/Service – Office Support,OUT_OF_SCOPE,no admin/service title classification match,ADDITIONAL,,,0.411,workable-1D04B5A0F0,https://apply.workable.com/j/1D04B5A0F0,https://apply.workable.com/j/1D04B5A0F0,,Workable XML job feed
HARD_PASS,Lloyd's Market Reporting Consultant (Non-Financial Returns),G MASS,"London, England, GB",,MISSING,,"Tue, 30 Jun 2026 15:14:59 UTC",,Contract,,,Admin/Service – Office Support,OUT_OF_SCOPE,no admin/service title classification match,ADDITIONAL,,,0.365,workable-D5AA2D5E29,https://apply.workable.com/j/D5AA2D5E29,https://apply.workable.com/j/D5AA2D5E29,,Workable XML job feed
HARD_PASS,Management Accountant,G MASS,"London, England, GB","£40,000",USABLE_REVIEW,dependently and manage deadlines in a part-time capacity Benefits Part-time salary: up to £40k for 2 days work per week,"Fri, 08 May 2026 07:40:08 UTC",,Part-time,,Accounting/Auditing,Admin/Service – Office Support,OUT_OF_SCOPE,no admin/service title classification match,ADDITIONAL,,,0.486,workable-A24C3C83B2,https://apply.workable.com/j/A24C3C83B2,https://apply.workable.com/j/A24C3C83B2,,Workable XML job feed
HARD_PASS,Margin Data & Reconciliation Analyst,G MASS,"London, England, GB",,MISSING,,"Fri, 03 Jul 2026 15:05:59 UTC",,Contract,,,Admin/Service – Office Support,OUT_OF_SCOPE,no admin/service title classification match,ADDITIONAL,,,0.394,workable-E0FDDD69C1,https://apply.workable.com/j/E0FDDD69C1,https://apply.workable.com/j/E0FDDD69C1,,Workable XML job feed
HARD_PASS,Operational Excellence Lead,G MASS,"London, England, GB","£90,000",USABLE_REVIEW,"ator, comfortable presenting to senior stakeholders and committees Benefits Salary: up to £90k","Mon, 17 Aug 2026 10:59:14 UTC",,Full-time,,,Admin/Service – Office Support,OUT_OF_SCOPE,no admin/service title classification match,ADDITIONAL,,,0.359,workable-6D7AD6B71B,https://apply.workable.com/j/6D7AD6B71B,https://apply.workable.com/j/6D7AD6B71B,,Workable XML job feed
HARD_PASS,Operations Assistant,G MASS,"London, England, GB","£42,000",USABLE_REVIEW,"d external contacts alike Competent across Excel, Word and Outlook Benefits Salary: up to £42k Permanent Contract","Mon, 17 Aug 2026 10:43:53 UTC",,Full-time,,,Admin/Service – Office Support,OUT_OF_SCOPE,no admin/service title classification match,ADDITIONAL,,,0.500,workable-F3E8EDDD45,https://apply.workable.com/j/F3E8EDDD45,https://apply.workable.com/j/F3E8EDDD45,,Workable XML job feed
HARD_PASS,Procurement Assistant,G MASS,"London, England, GB",,MISSING,,"Tue, 21 Jul 2026 09:34:50 UTC",,Full-time,,,Admin/Service – Office Support,ELASTIC_FIT,elastic-fit title pattern: procurement assistant,ADDITIONAL,,,0.487,workable-7B430A4BA6,https://apply.workable.com/j/7B430A4BA6,https://apply.workable.com/j/7B430A4BA6,,Workable XML job feed
HARD_PASS,Project Manager / Business Analyst Consultant - Repo & Stock Borrow Lending,G MASS,"London, England, GB",,MISSING,,"Fri, 08 May 2026 11:12:14 UTC",,Contract,,Business Analyst,Admin/Service – Office Support,HARD_PASS,hard pass title pattern: manager,ADDITIONAL,,,0.342,workable-8414541531,https://apply.workable.com/j/8414541531,https://apply.workable.com/j/8414541531,,Workable XML job feed
HARD_PASS,Quality Control Analyst,G MASS,"London, England, GB",,MISSING,,"Fri, 10 Jul 2026 07:25:25 UTC",,Contract,,,Admin/Service – Office Support,OUT_OF_SCOPE,no admin/service title classification match,ADDITIONAL,,,0.416,workable-1C8E57EFC8,https://apply.workable.com/j/1C8E57EFC8,https://apply.workable.com/j/1C8E57EFC8,,Workable XML job feed
HARD_PASS,Regulatory Business Analyst (MiFID),G MASS,"London, England, GB",,MISSING,,"Wed, 15 Jul 2026 08:29:38 UTC",,Contract,,,Admin/Service – Office Support,OUT_OF_SCOPE,no admin/service title classification match,ADDITIONAL,,,0.367,workable-06705A5826,https://apply.workable.com/j/06705A5826,https://apply.workable.com/j/06705A5826,,Workable XML job feed
HARD_PASS,Regulatory Operations Business Analyst,G MASS,"London, England, GB",,MISSING,,"Thu, 07 May 2026 09:00:23 UTC",,Contract,,Consulting,Admin/Service – Office Support,OUT_OF_SCOPE,no admin/service title classification match,ADDITIONAL,,,0.398,workable-C5F305299F,https://apply.workable.com/j/C5F305299F,https://apply.workable.com/j/C5F305299F,,Workable XML job feed
HARD_PASS,Regulatory Reporting Analyst - Insurance,G MASS,"London, England, GB",,MISSING,,"Tue, 23 Jun 2026 13:49:28 UTC",,Contract,,,Admin/Service – Office Support,OUT_OF_SCOPE,no admin/service title classification match,ADDITIONAL,,,0.394,workable-0A02808C1F,https://apply.workable.com/j/0A02808C1F,https://apply.workable.com/j/0A02808C1F,,Workable XML job feed
HARD_PASS,Regulatory Reporting Lead - MiFID II & EMIR Implementation,G MASS,"London, England, GB",,MISSING,,"Thu, 02 Apr 2026 14:34:03 UTC",,Contract,,,Admin/Service – Office Support,OUT_OF_SCOPE,no admin/service title classification match,ADDITIONAL,,,0.349,workable-D9B2812E3B,https://apply.workable.com/j/D9B2812E3B,https://apply.workable.com/j/D9B2812E3B,,Workable XML job feed
HARD_PASS,Regulatory Reporting SME,G MASS,"London, England, GB",,MISSING,,"Mon, 03 Aug 2026 12:13:52 UTC",,Contract,,,Admin/Service – Office Support,OUT_OF_SCOPE,no admin/service title classification match,ADDITIONAL,,,0.399,workable-88186E4657,https://apply.workable.com/j/88186E4657,https://apply.workable.com/j/88186E4657,,Workable XML job feed
HARD_PASS,Regulatory Reporting Technology Lead,G MASS,"London, England, GB",,MISSING,,"Thu, 07 May 2026 08:46:57 UTC",,Contract,,Consulting,Admin/Service – Office Support,OUT_OF_SCOPE,no admin/service title classification match,ADDITIONAL,,,0.387,workable-8CE4F6CA22,https://apply.workable.com/j/8CE4F6CA22,https://apply.workable.com/j/8CE4F6CA22,,Workable XML job feed
HARD_PASS,Risk Analyst - Insurance,G MASS,"London, England, GB",,MISSING,,"Tue, 23 Jun 2026 13:56:32 UTC",,Contract,,Consulting,Admin/Service – Office Support,OUT_OF_SCOPE,no admin/service title classification match,ADDITIONAL,,,0.386,workable-2B2C333855,https://apply.workable.com/j/2B2C333855,https://apply.workable.com/j/2B2C333855,,Workable XML job feed
HARD_PASS,Sanctions Screening Analyst - Insurance,G MASS,"London, England, GB",,MISSING,,"Tue, 23 Jun 2026 14:00:26 UTC",,Contract,,,Admin/Service – Office Support,OUT_OF_SCOPE,no admin/service title classification match,ADDITIONAL,,,0.366,workable-EF6126EEBD,https://apply.workable.com/j/EF6126EEBD,https://apply.workable.com/j/EF6126EEBD,,Workable XML job feed
HARD_PASS,Scrum Master - London Market Insurance,G MASS,"London, England, GB",,MISSING,,"Mon, 20 Jul 2026 12:57:00 UTC",,Contract,,,Admin/Service – Office Support,OUT_OF_SCOPE,no admin/service title classification match,ADDITIONAL,,,0.369,workable-7FD33BE732,https://apply.workable.com/j/7FD33BE732,https://apply.workable.com/j/7FD33BE732,,Workable XML job feed
HARD_PASS,Securities Settlements Analyst,G MASS,"London, England, GB","£65,000",USABLE_REVIEW,"Clearstream) Benefits 6-month contract, with a view for further extension. Salary: up to £65k","Mon, 17 Aug 2026 08:17:48 UTC",,Contract,,,Admin/Service – Office Support,OUT_OF_SCOPE,no admin/service title classification match,ADDITIONAL,,,0.374,workable-6F7680878F,https://apply.workable.com/j/6F7680878F,https://apply.workable.com/j/6F7680878F,,Workable XML job feed
HARD_PASS,Senior Automation Specialist (RPA & AI),G MASS,"London, England, GB",,MISSING,,"Wed, 19 Aug 2026 14:38:02 UTC",,Contract,,,Admin/Service – Office Support,HARD_PASS,hard pass title pattern: senior,ADDITIONAL,,,0.422,workable-2709D24889,https://apply.workable.com/j/2709D24889,https://apply.workable.com/j/2709D24889,,Workable XML job feed
HARD_PASS,Senior Business Analyst - MiFID II Transaction Reporting,G MASS,"London, England, GB",,MISSING,,"Mon, 11 May 2026 11:06:35 UTC",,Contract,,Consulting,Admin/Service – Office Support,HARD_PASS,hard pass title pattern: senior,ADDITIONAL,,,0.367,workable-6FC80F5EBB,https://apply.workable.com/j/6FC80F5EBB,https://apply.workable.com/j/6FC80F5EBB,,Workable XML job feed
HARD_PASS,Senior Business Change Lead - Insurance,G MASS,"London, England, GB",,MISSING,,"Tue, 14 Jul 2026 10:22:26 UTC",,Contract,,,Admin/Service – Office Support,HARD_PASS,hard pass title pattern: senior,ADDITIONAL,,,0.382,workable-2A08B17BE4,https://apply.workable.com/j/2A08B17BE4,https://apply.workable.com/j/2A08B17BE4,,Workable XML job feed
HARD_PASS,Senior Compliance Analyst - Control Room & Data,G MASS,"London, England, GB","£150,000",USABLE_REVIEW,"ilities with change, transformation, or data enhancement projects. Benefits Salary: up to £150k Length: 12 months, with the likelihood of extension or a strong permanent conversion path","Thu, 30 Jul 2026 17:15:38 UTC",,Contract,,,Admin/Service – Office Support,HARD_PASS,"hard pass title pattern: senior, compliance",ADDITIONAL,,,0.376,workable-53707FC688,https://apply.workable.com/j/53707FC688,https://apply.workable.com/j/53707FC688,,Workable XML job feed
HARD_PASS,Senior Delegated Authority Analyst,G MASS,"London, England, GB","£58,000",USABLE_REVIEW,"nd familiarity with Salesforce or a similar CRM Benefits Permanent contract. Paying up to £58,000 per annum.","Tue, 26 May 2026 09:40:23 UTC",,Full-time,,,Admin/Service – Office Support,HARD_PASS,hard pass title pattern: senior,ADDITIONAL,,,0.394,workable-BC0FC143A5,https://apply.workable.com/j/BC0FC143A5,https://apply.workable.com/j/BC0FC143A5,,Workable XML job feed
HARD_PASS,Senior Delegated Authority Specialist,G MASS,"London, England, GB",,MISSING,,"Thu, 30 Jul 2026 17:13:27 UTC",,Part-time,,,Admin/Service – Office Support,HARD_PASS,hard pass title pattern: senior,ADDITIONAL,,,0.359,workable-4B75B4EC18,https://apply.workable.com/j/4B75B4EC18,https://apply.workable.com/j/4B75B4EC18,,Workable XML job feed
HARD_PASS,Senior Machine Learning Engineer,G MASS,"London, England, GB",,MISSING,,"Tue, 06 Jan 2026 13:46:48 UTC",,Contract,,Consulting,Admin/Service – Office Support,HARD_PASS,"hard pass title pattern: engineer, senior",ADDITIONAL,,,0.369,workable-9F012DDEEF,https://apply.workable.com/j/9F012DDEEF,https://apply.workable.com/j/9F012DDEEF,,Workable XML job feed
HARD_PASS,Senior QA Automation Engineer,G MASS,"London, England, GB",,MISSING,,"Tue, 04 Aug 2026 12:08:44 UTC",,Contract,,,Admin/Service – Office Support,HARD_PASS,"hard pass title pattern: engineer, senior",ADDITIONAL,,,0.381,workable-6FACD6C950,https://apply.workable.com/j/6FACD6C950,https://apply.workable.com/j/6FACD6C950,,Workable XML job feed
HARD_PASS,Senior Software Engineer,G MASS,"London, England, GB","£100,000",USABLE_REVIEW,stems Open-source contributions Familiarity with LLMs / AI tooling Benefits Salary: up to £100k Permanent contract.,"Fri, 05 Jun 2026 15:12:01 UTC",,Full-time,,,Admin/Service – Office Support,HARD_PASS,"hard pass title pattern: engineer, senior",ADDITIONAL,,,0.385,workable-7AB2F6BA0F,https://apply.workable.com/j/7AB2F6BA0F,https://apply.workable.com/j/7AB2F6BA0F,,Workable XML job feed
HARD_PASS,SharePoint Developer - London Market Insurance,G MASS,"London, England, GB",,MISSING,,"Thu, 11 Jun 2026 14:41:55 UTC",,Contract,,Consulting,Admin/Service – Office Support,OUT_OF_SCOPE,no admin/service title classification match,ADDITIONAL,,,0.374,workable-60E6BEA308,https://apply.workable.com/j/60E6BEA308,https://apply.workable.com/j/60E6BEA308,,Workable XML job feed
HARD_PASS,Stock Loan Collateral Analyst,G MASS,"London, England, GB",,MISSING,,"Mon, 08 Jun 2026 08:51:06 UTC",,Contract,,Consulting,Admin/Service – Office Support,OUT_OF_SCOPE,no admin/service title classification match,ADDITIONAL,,,0.371,workable-B1443CA328,https://apply.workable.com/j/B1443CA328,https://apply.workable.com/j/B1443CA328,,Workable XML job feed
HARD_PASS,Stock Loan Middle Office Analyst,G MASS,"London, England, GB",,MISSING,,"Mon, 08 Jun 2026 08:51:00 UTC",,Contract,,,Admin/Service – Office Support,OUT_OF_SCOPE,no admin/service title classification match,ADDITIONAL,,,0.371,workable-4018B4E20D,https://apply.workable.com/j/4018B4E20D,https://apply.workable.com/j/4018B4E20D,,Workable XML job feed
HARD_PASS,Stock Loan Middle Office Analyst,G MASS,"London, England, GB",,MISSING,,"Mon, 08 Jun 2026 08:51:02 UTC",,Full-time,,,Admin/Service – Office Support,OUT_OF_SCOPE,no admin/service title classification match,ADDITIONAL,,,0.371,workable-50BA6CFA13,https://apply.workable.com/j/50BA6CFA13,https://apply.workable.com/j/50BA6CFA13,,Workable XML job feed
HARD_PASS,Stock Loan Settlements Analyst,G MASS,"London, England, GB",,MISSING,,"Mon, 08 Jun 2026 08:51:03 UTC",,Contract,,,Admin/Service – Office Support,OUT_OF_SCOPE,no admin/service title classification match,ADDITIONAL,,,0.366,workable-6236942DB0,https://apply.workable.com/j/6236942DB0,https://apply.workable.com/j/6236942DB0,,Workable XML job feed
HARD_PASS,Technical Business Analyst,G MASS,"London, England, GB",,MISSING,,"Tue, 14 Jul 2026 09:29:38 UTC",,Contract,,,Admin/Service – Office Support,OUT_OF_SCOPE,no admin/service title classification match,ADDITIONAL,,,0.411,workable-8B5E98BAC9,https://apply.workable.com/j/8B5E98BAC9,https://apply.workable.com/j/8B5E98BAC9,,Workable XML job feed
HARD_PASS,Technical Business Analyst,G MASS,"London, England, GB",,MISSING,,"Mon, 20 Jul 2026 14:18:16 UTC",,Contract,,Business Analyst,Admin/Service – Office Support,OUT_OF_SCOPE,no admin/service title classification match,ADDITIONAL,,,0.411,workable-405C5F4618,https://apply.workable.com/j/405C5F4618,https://apply.workable.com/j/405C5F4618,,Workable XML job feed
HARD_PASS,Third-Party Risk Management Consultant,G MASS,"London, England, GB","£110,000",USABLE_REVIEW,el and implementation tracking experience Benefits Length: 6 month contract Salary: Up to £110k (subject to experience) Office: London (4 days per week on-site),"Fri, 08 May 2026 09:11:59 UTC",,Contract,,Consulting,Admin/Service – Office Support,OUT_OF_SCOPE,no admin/service title classification match,ADDITIONAL,,,0.364,workable-8FE6F76074,https://apply.workable.com/j/8FE6F76074,https://apply.workable.com/j/8FE6F76074,,Workable XML job feed
HARD_PASS,Trade Surveillance Specialist,G MASS,"London, England, GB","£150,000",USABLE_REVIEW,"oving the processes you inherit rather than simply operating them. Benefits Salary: up to £150k Length: 12 months, with the likelihood of extension or a strong permanent conversion path","Thu, 30 Jul 2026 16:24:11 UTC",,Contract,,,Admin/Service – Office Support,OUT_OF_SCOPE,no admin/service title classification match,ADDITIONAL,,,0.378,workable-068EF86CB8,https://apply.workable.com/j/068EF86CB8,https://apply.workable.com/j/068EF86CB8,,Workable XML job feed
HARD_PASS,TRS Operations SME (Calypso),G MASS,"London, England, GB",,MISSING,,"Fri, 19 Jun 2026 14:53:59 UTC",,Contract,,Consulting,Admin/Service – Office Support,OUT_OF_SCOPE,no admin/service title classification match,ADDITIONAL,,,0.409,workable-8CF8D54AC8,https://apply.workable.com/j/8CF8D54AC8,https://apply.workable.com/j/8CF8D54AC8,,Workable XML job feed
HARD_PASS,Underwriting Operations Analyst,G MASS,"London, England, GB","£42,000",USABLE_REVIEW,rket knowledge through ongoing training Benefits Length: Permanent contract Salary: up to £42k,"Tue, 21 Jul 2026 07:04:11 UTC",,Full-time,,,Admin/Service – Office Support,OUT_OF_SCOPE,no admin/service title classification match,ADDITIONAL,,,0.395,workable-EA1061B880,https://apply.workable.com/j/EA1061B880,https://apply.workable.com/j/EA1061B880,,Workable XML job feed
HARD_PASS,De-Fi Engineer,G-20 Group,"London, England, GB",,MISSING,,"Thu, 13 Aug 2026 16:39:03 UTC",,Full-time,,,Admin/Service – Office Support,HARD_PASS,hard pass title pattern: engineer,ADDITIONAL,,,0.468,workable-EAFB20268E,https://apply.workable.com/j/EAFB20268E,https://apply.workable.com/j/EAFB20268E,,Workable XML job feed
HARD_PASS,Equity Options Trader,G-20 Group,"London, England, GB",,MISSING,,"Thu, 13 Aug 2026 17:43:28 UTC",,Full-time,,,Admin/Service – Office Support,OUT_OF_SCOPE,no admin/service title classification match,ADDITIONAL,,,0.448,workable-FFE658301B,https://apply.workable.com/j/FFE658301B,https://apply.workable.com/j/FFE658301B,,Workable XML job feed
HARD_PASS,Gold and Precious Metals Options Trader,G-20 Group,"London, England, GB",,MISSING,,"Thu, 13 Aug 2026 18:20:59 UTC",,Full-time,,,Admin/Service – Office Support,OUT_OF_SCOPE,no admin/service title classification match,ADDITIONAL,,,0.465,workable-9D080920E7,https://apply.workable.com/j/9D080920E7,https://apply.workable.com/j/9D080920E7,,Workable XML job feed
HARD_PASS,Index Options Trader,G-20 Group,"London, England, GB",,MISSING,,"Thu, 13 Aug 2026 17:58:26 UTC",,Full-time,,,Admin/Service – Office Support,OUT_OF_SCOPE,no admin/service title classification match,ADDITIONAL,,,0.468,workable-AD4FE1455F,https://apply.workable.com/j/AD4FE1455F,https://apply.workable.com/j/AD4FE1455F,,Workable XML job feed
HARD_PASS,Junior-Mid Options Trader (US Hours),G-20 Group,"London, England, GB",,MISSING,,"Wed, 15 Apr 2026 16:18:44 UTC",,Full-time,,,Admin/Service – Office Support,OUT_OF_SCOPE,no admin/service title classification match,ADDITIONAL,,,0.462,workable-C2C39298E9,https://apply.workable.com/j/C2C39298E9,https://apply.workable.com/j/C2C39298E9,,Workable XML job feed
HARD_PASS,Low Latency MM Engineer,G-20 Group,"London, England, GB",,MISSING,,"Thu, 13 Aug 2026 16:29:02 UTC",,Full-time,,,Admin/Service – Office Support,HARD_PASS,hard pass title pattern: engineer,ADDITIONAL,,,0.443,workable-0ECB7CAFDA,https://apply.workable.com/j/0ECB7CAFDA,https://apply.workable.com/j/0ECB7CAFDA,,Workable XML job feed
HARD_PASS,Prediction Markets Quantitative Engineer,G-20 Group,"London, England, GB",,MISSING,,"Fri, 10 Jul 2026 17:47:56 UTC",,Full-time,,,Admin/Service – Office Support,HARD_PASS,hard pass title pattern: engineer,ADDITIONAL,,,0.438,workable-C1EFEECF2C,https://apply.workable.com/j/C1EFEECF2C,https://apply.workable.com/j/C1EFEECF2C,,Workable XML job feed
HARD_PASS,Research Analyst,G-20 Group,"London, England, GB",,MISSING,,"Thu, 13 Aug 2026 18:34:03 UTC",,Full-time,,,Admin/Service – Office Support,OUT_OF_SCOPE,no admin/service title classification match,ADDITIONAL,,,0.449,workable-0732525BDE,https://apply.workable.com/j/0732525BDE,https://apply.workable.com/j/0732525BDE,,Workable XML job feed
HARD_PASS,Account Executive for SaaS Solution | REMOTE (UK),Gatekeeper,"London, Great Britain, GB",,MISSING,,"Thu, 12 Mar 2026 16:50:04 UTC",,Full-time,Remote,Sales,Admin/Service – Office Support,OUT_OF_SCOPE,no admin/service title classification match,ADDITIONAL,,,0.425,workable-C520BE1F1E,https://apply.workable.com/j/C520BE1F1E,https://apply.workable.com/j/C520BE1F1E,,Workable XML job feed
HARD_PASS,Senior Content Marketing Manager (4014),GBG,"London, England, GB",,MISSING,,"Tue, 09 Jun 2026 08:18:45 UTC",,Full-time,,Marketing,Admin/Service – Office Support,HARD_PASS,"hard pass title pattern: senior, manager",ADDITIONAL,,,0.332,workable-F5BE8BC0D9,https://apply.workable.com/j/F5BE8BC0D9,https://apply.workable.com/j/F5BE8BC0D9,,Workable XML job feed
HARD_PASS,VP Engineering Enablement & Operations (3978),GBG,"London, England, GB",,MISSING,,"Mon, 20 Jul 2026 15:48:09 UTC",,Full-time,,Engineering,Admin/Service – Office Support,HARD_PASS,hard pass title pattern: engineer,ADDITIONAL,,,0.323,workable-235AAB5F11,https://apply.workable.com/j/235AAB5F11,https://apply.workable.com/j/235AAB5F11,,Workable XML job feed
HARD_PASS,Freelance Marketer,GearUp2Success,"London, England, GB",,MISSING,,"Fri, 17 Oct 2025 10:25:54 UTC",,Contract,Remote,Marketing,Admin/Service – Office Support,OUT_OF_SCOPE,no admin/service title classification match,ADDITIONAL,,,0.415,workable-FC6E0A8958,https://apply.workable.com/j/FC6E0A8958,https://apply.workable.com/j/FC6E0A8958,,Workable XML job feed
HARD_PASS,Online E-Learning | Marketing Lead,GearUp2Success,"London, GB",,MISSING,,"Tue, 29 Apr 2025 12:26:56 UTC",,Contract,Remote,Marketing,Admin/Service – Office Support,OUT_OF_SCOPE,no admin/service title classification match,ADDITIONAL,,,0.420,workable-307FCF7E26,https://apply.workable.com/j/307FCF7E26,https://apply.workable.com/j/307FCF7E26,,Workable XML job feed
HARD_PASS,Sales and Events Marketing - Ready for change,GearUp2Success,"London, England, GB",,MISSING,,"Wed, 01 Oct 2025 14:41:55 UTC",,Contract,Remote,Marketing,Admin/Service – Office Support,OUT_OF_SCOPE,no admin/service title classification match,ADDITIONAL,,,0.420,workable-DFDDFEF23E,https://apply.workable.com/j/DFDDFEF23E,https://apply.workable.com/j/DFDDFEF23E,,Workable XML job feed
HARD_PASS,Self-Employed E-Learning and Marketing Lead,GearUp2Success,"London, Great Britain, GB",,MISSING,,"Mon, 31 Mar 2025 13:44:02 UTC",,Contract,Remote,Marketing,Admin/Service – Office Support,OUT_OF_SCOPE,no admin/service title classification match,ADDITIONAL,,,0.387,workable-8409BF5255,https://apply.workable.com/j/8409BF5255,https://apply.workable.com/j/8409BF5255,,Workable XML job feed
HARD_PASS,Automotive CGI Artist / Quality Control,GEN PLUS Group,"London, England, GB",,MISSING,,"Mon, 03 Aug 2026 17:24:58 UTC",,Other,Remote,Art/Creative,Admin/Service – Office Support,OUT_OF_SCOPE,no admin/service title classification match,ADDITIONAL,,,0.519,workable-BEEF8864EF,https://apply.workable.com/j/BEEF8864EF,https://apply.workable.com/j/BEEF8864EF,,Workable XML job feed
HARD_PASS,Trade Sales Manager - Hospitality,GEN PLUS Group,"London, England, GB",,MISSING,,"Tue, 18 Aug 2026 13:12:48 UTC",,Full-time,,Sales,Admin/Service – Office Support,HARD_PASS,hard pass title pattern: manager,ADDITIONAL,,,0.497,workable-B04CC85E69,https://apply.workable.com/j/B04CC85E69,https://apply.workable.com/j/B04CC85E69,,Workable XML job feed
HARD_PASS,Affiliate Partnerships Executive (Commercial / Sales),Gener8,"London, England, GB",,MISSING,,"Fri, 14 Nov 2025 12:49:22 UTC",,Full-time,,Sales,Admin/Service – Office Support,OUT_OF_SCOPE,no admin/service title classification match,ADDITIONAL,,,0.348,workable-7AD0F66675,https://apply.workable.com/j/7AD0F66675,https://apply.workable.com/j/7AD0F66675,,Workable XML job feed
HARD_PASS,Senior Backend Engineer,Gener8,"London, England, GB",,MISSING,,"Tue, 28 Jul 2026 08:23:01 UTC",,Full-time,,Engineering,Admin/Service – Office Support,HARD_PASS,"hard pass title pattern: engineer, senior",ADDITIONAL,,,0.422,workable-6173740B40,https://apply.workable.com/j/6173740B40,https://apply.workable.com/j/6173740B40,,Workable XML job feed
HARD_PASS,Expression of Interest - Join our Talent Pool,Genesis Analytics,"London, England, GB",,MISSING,,"Fri, 10 Jul 2026 11:30:06 UTC",,,,,Admin/Service – Office Support,OUT_OF_SCOPE,no admin/service title classification match,ADDITIONAL,,,0.407,workable-1EE136370C,https://apply.workable.com/j/1EE136370C,https://apply.workable.com/j/1EE136370C,,Workable XML job feed
HARD_PASS,PFM Consultant,Genesis Analytics,"London, England, GB",,MISSING,,"Thu, 13 Aug 2026 07:40:44 UTC",,Full-time,Remote,Consulting,Admin/Service – Office Support,OUT_OF_SCOPE,no admin/service title classification match,ADDITIONAL,,,0.460,workable-99C2E9A0CF,https://apply.workable.com/j/99C2E9A0CF,https://apply.workable.com/j/99C2E9A0CF,,Workable XML job feed
HARD_PASS,EMEA Events Specialist (All Genders),Genetec,"London, England, GB",,MISSING,,"Thu, 23 Apr 2026 10:18:39 UTC",,Full-time,,Marketing,Admin/Service – Office Support,OUT_OF_SCOPE,no admin/service title classification match,ADDITIONAL,,,0.393,workable-AA936F97F3,https://apply.workable.com/j/AA936F97F3,https://apply.workable.com/j/AA936F97F3,,Workable XML job feed
HARD_PASS,Sales Development Representative (SDR) - France & DACH (All genders),Genetec,"London, England, GB",,MISSING,,"Tue, 28 Jul 2026 14:46:15 UTC",,Full-time,,Sales,Admin/Service – Office Support,OUT_OF_SCOPE,no admin/service title classification match,ADDITIONAL,,,0.398,workable-5B63B8AB1A,https://apply.workable.com/j/5B63B8AB1A,https://apply.workable.com/j/5B63B8AB1A,,Workable XML job feed
HARD_PASS,Department Manager,Giorgio Armani,"London, England, GB",,MISSING,,"Fri, 01 May 2026 15:52:28 UTC",,Full-time,,,Admin/Service – Office Support,HARD_PASS,hard pass title pattern: manager,ADDITIONAL,,,0.415,workable-888AB0CCEB,https://apply.workable.com/j/888AB0CCEB,https://apply.workable.com/j/888AB0CCEB,,Workable XML job feed
HARD_PASS,Sales Associate,Giorgio Armani,"London, England, GB",,MISSING,,"Fri, 31 Jul 2026 16:50:38 UTC",,Full-time,,,Admin/Service – Office Support,OUT_OF_SCOPE,no admin/service title classification match,ADDITIONAL,,,0.467,workable-C1E98C9F9D,https://apply.workable.com/j/C1E98C9F9D,https://apply.workable.com/j/C1E98C9F9D,,Workable XML job feed
HARD_PASS,Supervisor,Giorgio Armani,"London, England, GB",,MISSING,,"Tue, 11 Aug 2026 16:02:24 UTC",,Full-time,,,Admin/Service – Office Support,OUT_OF_SCOPE,no admin/service title classification match,ADDITIONAL,,,0.411,workable-9A4CA0352B,https://apply.workable.com/j/9A4CA0352B,https://apply.workable.com/j/9A4CA0352B,,Workable XML job feed
HARD_PASS,Wholesale Area Manager (Maternity Cover FTC),Giorgio Armani,"London, England, GB",,MISSING,,"Wed, 05 Aug 2026 10:33:06 UTC",,Full-time,,,Admin/Service – Office Support,HARD_PASS,hard pass title pattern: manager,ADDITIONAL,,,0.434,workable-F836AC5771,https://apply.workable.com/j/F836AC5771,https://apply.workable.com/j/F836AC5771,,Workable XML job feed
HARD_PASS,Electrician,Global Guardians,"London, England, GB","£60,000",USABLE_REVIEW,certification. Testing & Inspection qualification (2391/2394/2395 Benefits Salary: Up to £60k,"Tue, 16 Jun 2026 07:48:39 UTC",,,,Other,Admin/Service – Office Support,HARD_PASS,hard pass title pattern: electrician,ADDITIONAL,,,0.407,workable-B229AE9EDE,https://apply.workable.com/j/B229AE9EDE,https://apply.workable.com/j/B229AE9EDE,,Workable XML job feed
HARD_PASS,Fire Safety Engineer,Global Guardians,"London, England, GB",,MISSING,,"Tue, 23 Jun 2026 13:33:36 UTC",,Full-time,,Quality Assurance,Admin/Service – Office Support,HARD_PASS,hard pass title pattern: engineer,ADDITIONAL,,,0.412,workable-0374ACDF3D,https://apply.workable.com/j/0374ACDF3D,https://apply.workable.com/j/0374ACDF3D,,Workable XML job feed
HARD_PASS,Guardian Care Executive,Global Guardians,"London, England, GB","£30,000–£38,000",USABLE_REVIEW,"d enjoy solving problems while helping people thrive, we'd love to hear from you. Salary: £30,000 – £38,000 per annum Hours: Full-Time Travel: Occasional travel across the portfolio required","Tue, 23 Jun 2026 11:38:50 UTC",,Full-time,,Customer Service,Admin/Service – Office Support,OUT_OF_SCOPE,no admin/service title classification match,ADDITIONAL,,,0.442,workable-1229F7EF2E,https://apply.workable.com/j/1229F7EF2E,https://apply.workable.com/j/1229F7EF2E,,Workable XML job feed
HARD_PASS,Maintenance Team Manager,Global Guardians,"London, England, GB","£45,000",USABLE_REVIEW,"ty regulations, building compliance, and property maintenance practices. Benefits Salary: £45K Company vehicle Annual Pay Reviews Competitive holiday and pension contribution","Tue, 23 Jun 2026 13:33:43 UTC",,Full-time,,,Admin/Service – Office Support,HARD_PASS,hard pass title pattern: manager,ADDITIONAL,,,0.433,workable-5525E2E775,https://apply.workable.com/j/5525E2E775,https://apply.workable.com/j/5525E2E775,,Workable XML job feed
HARD_PASS,Multitrade Operative,Global Guardians,"London, England, GB","£38,000",USABLE_REVIEW,"ll be required. Working hours are 8 am - 4:30 pm, Monday to Friday. Benefits Salary up to £38K","Tue, 16 Jun 2026 07:45:50 UTC",,,,Other,Admin/Service – Office Support,HARD_PASS,hard pass title pattern: operative,ADDITIONAL,,,0.414,workable-71E46FEB55,https://apply.workable.com/j/71E46FEB55,https://apply.workable.com/j/71E46FEB55,,Workable XML job feed
HARD_PASS,Business Applications Lead,GoGlobal,"London, England, GB",,MISSING,,"Mon, 06 Jul 2026 06:29:33 UTC",,,Remote,,Admin/Service – Office Support,OUT_OF_SCOPE,no admin/service title classification match,ADDITIONAL,,,0.406,workable-8E7A093F30,https://apply.workable.com/j/8E7A093F30,https://apply.workable.com/j/8E7A093F30,,Workable XML job feed
HARD_PASS,Head of Customer Success,GoGlobal,"London, England, GB",,MISSING,,"Mon, 06 Jul 2026 05:57:37 UTC",,,Remote,,Admin/Service – Office Support,OUT_OF_SCOPE,no admin/service title classification match,ADDITIONAL,,,0.384,workable-4A5ED1D528,https://apply.workable.com/j/4A5ED1D528,https://apply.workable.com/j/4A5ED1D528,,Workable XML job feed
HARD_PASS,Talent Acquisition Specialist - EMEA,GoGlobal,"London, England, GB",,MISSING,,"Mon, 06 Jul 2026 04:54:53 UTC",,,,,Admin/Service – Office Support,OUT_OF_SCOPE,no admin/service title classification match,ADDITIONAL,,,0.454,workable-58985D0EBC,https://apply.workable.com/j/58985D0EBC,https://apply.workable.com/j/58985D0EBC,,Workable XML job feed
HARD_PASS,Business Operations Manager,Gonini (previously known as Bezos.ai),"London, England, GB",,MISSING,,"Mon, 29 Jun 2026 07:52:25 UTC",,Full-time,Remote,Supply Chain,Admin/Service – Office Support,HARD_PASS,"hard pass title pattern: operations manager, manager",ADDITIONAL,,,0.415,workable-CE35F27AC7,https://apply.workable.com/j/CE35F27AC7,https://apply.workable.com/j/CE35F27AC7,,Workable XML job feed
HARD_PASS,Founders Associate,Gonini (previously known as Bezos.ai),"London, England, GB",,MISSING,,"Sun, 05 Jul 2026 19:03:17 UTC",,Full-time,,Finance,Admin/Service – Office Support,OUT_OF_SCOPE,no admin/service title classification match,ADDITIONAL,,,0.427,workable-FBA699D576,https://apply.workable.com/j/FBA699D576,https://apply.workable.com/j/FBA699D576,,Workable XML job feed
HARD_PASS,Graduate Business Operations Associate,Gonini (previously known as Bezos.ai),"London, England, GB",,MISSING,,"Mon, 29 Jun 2026 08:29:05 UTC",,Full-time,Remote,Information Technology,Admin/Service – Office Support,OUT_OF_SCOPE,no admin/service title classification match,ADDITIONAL,,,0.426,workable-FE3E6C7393,https://apply.workable.com/j/FE3E6C7393,https://apply.workable.com/j/FE3E6C7393,,Workable XML job feed
HARD_PASS,Head of Applied AI,Gonini (previously known as Bezos.ai),"London, England, GB",,MISSING,,"Sun, 05 Jul 2026 19:58:37 UTC",,Full-time,,Finance,Admin/Service – Office Support,OUT_OF_SCOPE,no admin/service title classification match,ADDITIONAL,,,0.380,workable-F99981A67F,https://apply.workable.com/j/F99981A67F,https://apply.workable.com/j/F99981A67F,,Workable XML job feed
HARD_PASS,Head of Finance (CFO Track),Gonini (previously known as Bezos.ai),"London, England, GB",,MISSING,,"Thu, 19 Mar 2026 23:14:36 UTC",,Full-time,Remote,Finance,Admin/Service – Office Support,OUT_OF_SCOPE,no admin/service title classification match,ADDITIONAL,,,0.422,workable-2E519080DD,https://apply.workable.com/j/2E519080DD,https://apply.workable.com/j/2E519080DD,,Workable XML job feed
HARD_PASS,Head of Operations (COO Track),Gonini (previously known as Bezos.ai),"London, England, GB",,MISSING,,"Mon, 08 Jun 2026 12:39:13 UTC",,Full-time,Remote,,Admin/Service – Office Support,OUT_OF_SCOPE,no admin/service title classification match,ADDITIONAL,,,0.413,workable-0B4FCC37ED,https://apply.workable.com/j/0B4FCC37ED,https://apply.workable.com/j/0B4FCC37ED,,Workable XML job feed
HARD_PASS,Senior Software Engineer,Gonini (previously known as Bezos.ai),"London, England, GB",,MISSING,,"Mon, 06 Jul 2026 10:55:23 UTC",,Full-time,Remote,Information Technology,Admin/Service – Office Support,HARD_PASS,"hard pass title pattern: engineer, senior",ADDITIONAL,,,0.394,workable-A89ACB13F4,https://apply.workable.com/j/A89ACB13F4,https://apply.workable.com/j/A89ACB13F4,,Workable XML job feed
HARD_PASS,Account Manager,GoodFit,"London, England, GB",,MISSING,,"Wed, 04 Mar 2026 16:58:01 UTC",,Full-time,,Sales,Admin/Service – Office Support,HARD_PASS,"hard pass title pattern: account manager, manager",ADDITIONAL,,,0.395,workable-39FCDFAF02,https://apply.workable.com/j/39FCDFAF02,https://apply.workable.com/j/39FCDFAF02,,Workable XML job feed
HARD_PASS,Salesforce Tech Lead,GoodHabitz,"London, England, GB",,MISSING,,"Fri, 31 Jul 2026 18:00:23 UTC",,Full-time,,Information Technology,Admin/Service – Office Support,OUT_OF_SCOPE,no admin/service title classification match,ADDITIONAL,,,0.406,workable-2A77EFF23B,https://apply.workable.com/j/2A77EFF23B,https://apply.workable.com/j/2A77EFF23B,,Workable XML job feed
HARD_PASS,Management Accountant/Finance Manager,GP Automate,"London, England, GB",,MISSING,,"Mon, 03 Aug 2026 12:25:43 UTC",,Full-time,,Finance,Admin/Service – Office Support,HARD_PASS,hard pass title pattern: manager,ADDITIONAL,,,0.458,workable-95F97C84A7,https://apply.workable.com/j/95F97C84A7,https://apply.workable.com/j/95F97C84A7,,Workable XML job feed
HARD_PASS,Software Engineer (Next.js + Playwright),GP Automate,"London, England, GB",,MISSING,,"Thu, 13 Aug 2026 13:38:14 UTC",,Full-time,Remote,Engineering,Admin/Service – Office Support,HARD_PASS,hard pass title pattern: engineer,ADDITIONAL,,,0.429,workable-2FEA29EB45,https://apply.workable.com/j/2FEA29EB45,https://apply.workable.com/j/2FEA29EB45,,Workable XML job feed
HARD_PASS,Executive Assistant to CCO,Gridcog,"London, England, GB",,MISSING,,"Fri, 31 Jul 2026 16:13:46 UTC",,Full-time,,Administrative,Admin/Service – Office Support,OUT_OF_SCOPE,no admin/service title classification match,ADDITIONAL,,,0.512,workable-F50017713D,https://apply.workable.com/j/F50017713D,https://apply.workable.com/j/F50017713D,,Workable XML job feed
HARD_PASS,Lead Business Development Manager - Advisory & Large Loads,Gridcog,"London, England, GB",,MISSING,,"Mon, 10 Aug 2026 13:32:22 UTC",,,,,Admin/Service – Office Support,HARD_PASS,"hard pass title pattern: business development, manager",ADDITIONAL,,,0.413,workable-14E5E6A2B7,https://apply.workable.com/j/14E5E6A2B7,https://apply.workable.com/j/14E5E6A2B7,,Workable XML job feed
HARD_PASS,Associate Director - Model Build,Gridlines,"London, England, GB",,MISSING,,"Mon, 18 May 2026 05:45:26 UTC",,Full-time,Remote,Finance,Admin/Service – Office Support,OUT_OF_SCOPE,no admin/service title classification match,ADDITIONAL,,,0.391,workable-FBC55D567B,https://apply.workable.com/j/FBC55D567B,https://apply.workable.com/j/FBC55D567B,,Workable XML job feed
HARD_PASS,Director- Model Build,Gridlines,"London, England, GB",,MISSING,,"Mon, 18 May 2026 05:47:20 UTC",,Full-time,Remote,,Admin/Service – Office Support,OUT_OF_SCOPE,no admin/service title classification match,ADDITIONAL,,,0.381,workable-DA7F86B0F9,https://apply.workable.com/j/DA7F86B0F9,https://apply.workable.com/j/DA7F86B0F9,,Workable XML job feed
HARD_PASS,Account & Operations Manager,Growth Kitchen,"London, England, GB",,MISSING,,"Mon, 13 Apr 2026 17:24:29 UTC",,Full-time,,,Admin/Service – Office Support,HARD_PASS,"hard pass title pattern: operations manager, manager",ADDITIONAL,,,0.435,workable-E2A7DDE7FD,https://apply.workable.com/j/E2A7DDE7FD,https://apply.workable.com/j/E2A7DDE7FD,,Workable XML job feed
HARD_PASS,Business Development Representative,Growth Kitchen,"London, England, GB",,MISSING,,"Mon, 11 May 2026 09:16:48 UTC",,Full-time,,,Admin/Service – Office Support,HARD_PASS,hard pass title pattern: business development,ADDITIONAL,,,0.410,workable-A554041954,https://apply.workable.com/j/A554041954,https://apply.workable.com/j/A554041954,,Workable XML job feed
HARD_PASS,Enterprise Account Executive,Growth Kitchen,"London, England, GB",,MISSING,,"Wed, 27 May 2026 06:52:03 UTC",,,,,Admin/Service – Office Support,OUT_OF_SCOPE,no admin/service title classification match,ADDITIONAL,,,0.421,workable-742D4B3B27,https://apply.workable.com/j/742D4B3B27,https://apply.workable.com/j/742D4B3B27,,Workable XML job feed
HARD_PASS,Sales Development Representative,Growth Kitchen,"London, England, GB",,MISSING,,"Mon, 11 May 2026 09:18:47 UTC",,Full-time,,,Admin/Service – Office Support,OUT_OF_SCOPE,no admin/service title classification match,ADDITIONAL,,,0.452,workable-1A8BEB9AA1,https://apply.workable.com/j/1A8BEB9AA1,https://apply.workable.com/j/1A8BEB9AA1,,Workable XML job feed
HARD_PASS,Assistant Store Manager - Regent Street,Guess Europe Sagl,"London, England, GB",,MISSING,,"Wed, 22 Jul 2026 09:13:16 UTC",,Full-time,,Sales,Admin/Service – Office Support,HARD_PASS,hard pass title pattern: manager,ADDITIONAL,,,0.418,workable-FF2E3BBD8F,https://apply.workable.com/j/FF2E3BBD8F,https://apply.workable.com/j/FF2E3BBD8F,,Workable XML job feed
HARD_PASS,Store Visual Merchandiser - Regent Street,Guess Europe Sagl,"London, England, GB",,MISSING,,"Wed, 22 Jul 2026 09:45:44 UTC",,Full-time,,Sales,Admin/Service – Office Support,OUT_OF_SCOPE,no admin/service title classification match,ADDITIONAL,,,0.418,workable-AB315D00C8,https://apply.workable.com/j/AB315D00C8,https://apply.workable.com/j/AB315D00C8,,Workable XML job feed
HARD_PASS,Supervisor - Regent Street,Guess Europe Sagl,"London, England, GB",,MISSING,,"Wed, 22 Jul 2026 09:33:02 UTC",,Full-time,,Sales,Admin/Service – Office Support,OUT_OF_SCOPE,no admin/service title classification match,ADDITIONAL,,,0.442,workable-5A3997752E,https://apply.workable.com/j/5A3997752E,https://apply.workable.com/j/5A3997752E,,Workable XML job feed
HARD_PASS,Business Development Manager,Gunnebo Entrance Control,"London, England, GB",,MISSING,,"Tue, 07 Jul 2026 09:41:46 UTC",,Full-time,Remote,Sales,Admin/Service – Office Support,HARD_PASS,"hard pass title pattern: business development, manager",ADDITIONAL,,,0.399,workable-1026907A14,https://apply.workable.com/j/1026907A14,https://apply.workable.com/j/1026907A14,,Workable XML job feed
HARD_PASS,Director of Data & Analytics,Hack The Box,"London, England, GB",,MISSING,,"Fri, 19 Jun 2026 11:44:43 UTC",,Full-time,,,Admin/Service – Office Support,OUT_OF_SCOPE,no admin/service title classification match,ADDITIONAL,,,0.424,workable-4FC73A9A81,https://apply.workable.com/j/4FC73A9A81,https://apply.workable.com/j/4FC73A9A81,,Workable XML job feed
HARD_PASS,Join Hack The Box (Global),Hack The Box,"London, England, GB",,MISSING,,"Fri, 17 Nov 2023 16:20:19 UTC",,,Remote,,Admin/Service – Office Support,OUT_OF_SCOPE,no admin/service title classification match,ADDITIONAL,,,0.369,workable-F3D2F44CB4,https://apply.workable.com/j/F3D2F44CB4,https://apply.workable.com/j/F3D2F44CB4,,Workable XML job feed
HARD_PASS,Senior Data Engineer,Hack The Box,"London, England, GB",,MISSING,,"Mon, 25 May 2026 16:22:41 UTC",,Full-time,,,Admin/Service – Office Support,HARD_PASS,"hard pass title pattern: engineer, senior",ADDITIONAL,,,0.459,workable-98998E0FAB,https://apply.workable.com/j/98998E0FAB,https://apply.workable.com/j/98998E0FAB,,Workable XML job feed
HARD_PASS,Senior Product Manager,Hack The Box,"London, England, GB",,MISSING,,"Mon, 27 Jul 2026 15:50:06 UTC",,Full-time,Remote,Product Management,Admin/Service – Office Support,HARD_PASS,"hard pass title pattern: senior, manager",ADDITIONAL,,,0.438,workable-936D9902E6,https://apply.workable.com/j/936D9902E6,https://apply.workable.com/j/936D9902E6,,Workable XML job feed
HARD_PASS,Sr Business Development Representative (DACH),Hack The Box,"London, England, GB",,MISSING,,"Thu, 02 Jul 2026 11:25:38 UTC",,Full-time,Remote,Sales,Admin/Service – Office Support,HARD_PASS,hard pass title pattern: business development,ADDITIONAL,,,0.406,workable-0AD7DB57FD,https://apply.workable.com/j/0AD7DB57FD,https://apply.workable.com/j/0AD7DB57FD,,Workable XML job feed
HARD_PASS,Assistant Manager,Hagen,"London, England, GB","£29,000–£32,000",USABLE_REVIEW,". Flexible to work early mornings, evenings, weekends, and bank holidays. Why join Hagen? £29,000 - £32,000 and performance based bonus 28 days' holiday. Paid birthday off. Flexible working, includi","Mon, 17 Aug 2026 13:07:10 UTC",,,,,Admin/Service – Office Support,HARD_PASS,hard pass title pattern: manager,ADDITIONAL,,,0.474,workable-E30BD422DF,https://apply.workable.com/j/E30BD422DF,https://apply.workable.com/j/E30BD422DF,,Workable XML job feed
HARD_PASS,Barista,Hagen,"London, England, GB",,MISSING,,"Fri, 14 Aug 2026 15:01:55 UTC",,Part-time,,,Admin/Service – Office Support,OUT_OF_SCOPE,no admin/service title classification match,ADDITIONAL,,,0.489,workable-41C9B213B1,https://apply.workable.com/j/41C9B213B1,https://apply.workable.com/j/41C9B213B1,,Workable XML job feed
HARD_PASS,General Manager,Hagen,"London, England, GB","£34,000–£39,000",USABLE_REVIEW,"nt. Flexible to work weekends, evenings, and bank holidays when required. Why join Hagen? £34,000 - £39,000 and performance-based bonus. 28 days' holiday. Paid birthday off. Flexible working, includ","Fri, 07 Aug 2026 14:27:12 UTC",,Full-time,,,Admin/Service – Office Support,HARD_PASS,"hard pass title pattern: general manager, manager",ADDITIONAL,,,0.405,workable-5969DCAC06,https://apply.workable.com/j/5969DCAC06,https://apply.workable.com/j/5969DCAC06,,Workable XML job feed
HARD_PASS,General Manager,Hagen,"London, England, GB","£34,000–£39,000",USABLE_REVIEW,"nt. Flexible to work weekends, evenings, and bank holidays when required. Why join Hagen? £34,000 - £39,000 and performance-based bonus. 28 days' holiday. Paid birthday off. Flexible working, includ","Tue, 18 Aug 2026 11:46:48 UTC",,,,,Admin/Service – Office Support,HARD_PASS,"hard pass title pattern: general manager, manager",ADDITIONAL,,,0.405,workable-2070E83956,https://apply.workable.com/j/2070E83956,https://apply.workable.com/j/2070E83956,,Workable XML job feed
HARD_PASS,Business Analyst,Hamiltonian Dynamics,"London, England, GB","£40,000–£85,000",USABLE_REVIEW,"e Willing to work on customer site in London, up to 5 days per week Benefits Salary band: £40,000-85,000 , depending on experience (we may consider more junior or more senior outside this range f","Mon, 20 Jul 2026 10:00:03 UTC",,Full-time,,Business Analyst,Admin/Service – Office Support,OUT_OF_SCOPE,no admin/service title classification match,ADDITIONAL,,,0.477,workable-6EC2B3DAD2,https://apply.workable.com/j/6EC2B3DAD2,https://apply.workable.com/j/6EC2B3DAD2,,Workable XML job feed
HARD_PASS,Software Engineer,Hamiltonian Dynamics,"London, England, GB","£40,000–£85,000",USABLE_REVIEW,"London , so you must be willing to travel to one of these locations Benefits Salary band: £40,000-85,000, depending on experience (we may consider more junior or more senior outside this range f","Wed, 19 Aug 2026 09:42:21 UTC",,Full-time,,Engineering,Admin/Service – Office Support,HARD_PASS,hard pass title pattern: engineer,ADDITIONAL,,,0.456,workable-14F81B6BD9,https://apply.workable.com/j/14F81B6BD9,https://apply.workable.com/j/14F81B6BD9,,Workable XML job feed
HARD_PASS,Plumbing and Maintenance Service Engineer,Harvey Water Softeners,"London, England, GB",,MISSING,,"Wed, 19 Aug 2026 10:30:54 UTC",,Full-time,,Engineering,Admin/Service – Office Support,HARD_PASS,hard pass title pattern: engineer,ADDITIONAL,,,0.437,workable-52FDBAD630,https://apply.workable.com/j/52FDBAD630,https://apply.workable.com/j/52FDBAD630,,Workable XML job feed
HARD_PASS,Mechanical Site Manager,Heated Mechanical Services,"London, England, GB","£75,000",USABLE_REVIEW,"trade or engineering background. First Aid qualification would be advantageous. Benefits £75,000 per annum Private healthcare Project performance bonus Long-term career progression Presti","Thu, 20 Aug 2026 08:04:00 UTC",,Full-time,,Engineering,Admin/Service – Office Support,HARD_PASS,"hard pass title pattern: mechanic, manager",ADDITIONAL,,,0.453,workable-39DE01C291,https://apply.workable.com/j/39DE01C291,https://apply.workable.com/j/39DE01C291,,Workable XML job feed
HARD_PASS,Senior Electrical Estimator,Heated Mechanical Services,"London, England, GB","£100,000",USABLE_REVIEW,"engineering or building services background would be advantageous. Benefits Salary up to £100,000 per annum Permanent, senior-level position Private Healthcare Excellent long-term career p","Thu, 20 Aug 2026 08:04:06 UTC",,Full-time,,Engineering,Admin/Service – Office Support,HARD_PASS,hard pass title pattern: senior,ADDITIONAL,,,0.525,workable-C871E6FFBD,https://apply.workable.com/j/C871E6FFBD,https://apply.workable.com/j/C871E6FFBD,,Workable XML job feed
HARD_PASS,Head of Sales,Helical,"London, United Kingdom, GB",,MISSING,,"Fri, 10 Apr 2026 11:19:59 UTC",,Full-time,,Sales,Admin/Service – Office Support,OUT_OF_SCOPE,no admin/service title classification match,ADDITIONAL,,,0.407,workable-D0D4D3A01E,https://apply.workable.com/j/D0D4D3A01E,https://apply.workable.com/j/D0D4D3A01E,,Workable XML job feed
HARD_PASS,Operations Analyst - Internship,Helical,"London, England, GB",,MISSING,,"Mon, 20 Jul 2026 09:43:36 UTC",,,,,Admin/Service – Office Support,OUT_OF_SCOPE,no admin/service title classification match,ADDITIONAL,,,0.422,workable-DA194E3038,https://apply.workable.com/j/DA194E3038,https://apply.workable.com/j/DA194E3038,,Workable XML job feed
HARD_PASS,Platform Engineer,Helical,"London, England, GB",,MISSING,,"Sat, 11 Apr 2026 14:37:18 UTC",,Full-time,,Information Technology,Admin/Service – Office Support,HARD_PASS,hard pass title pattern: engineer,ADDITIONAL,,,0.437,workable-27E02161C5,https://apply.workable.com/j/27E02161C5,https://apply.workable.com/j/27E02161C5,,Workable XML job feed
HARD_PASS,Senior Account Executive,Helical,"London, England, GB",,MISSING,,"Mon, 22 Jun 2026 18:49:59 UTC",,Full-time,,Sales,Admin/Service – Office Support,HARD_PASS,hard pass title pattern: senior,ADDITIONAL,,,0.439,workable-0EE849EC9B,https://apply.workable.com/j/0EE849EC9B,https://apply.workable.com/j/0EE849EC9B,,Workable XML job feed
HARD_PASS,Senior Scientist (Comp. Bio/ML),Helical,"London, England, GB",,MISSING,,"Thu, 20 Aug 2026 08:52:54 UTC",,Full-time,,Science,Admin/Service – Office Support,HARD_PASS,hard pass title pattern: senior,ADDITIONAL,,,0.457,workable-EED21B23FE,https://apply.workable.com/j/EED21B23FE,https://apply.workable.com/j/EED21B23FE,,Workable XML job feed
HARD_PASS,Software Developer - Biology,Helical,"London, England, GB",,MISSING,,"Mon, 27 Apr 2026 15:59:04 UTC",,Full-time,,Information Technology,Admin/Service – Office Support,OUT_OF_SCOPE,no admin/service title classification match,ADDITIONAL,,,0.435,workable-93135A0ABB,https://apply.workable.com/j/93135A0ABB,https://apply.workable.com/j/93135A0ABB,,Workable XML job feed
HARD_PASS,Class 1 Driver LTD,Hexagon Recruitment Partners Ltd,"Feltham, Greater London, GB",,MISSING,,"Fri, 26 Sep 2025 10:04:20 UTC",,Full-time,,,Admin/Service – Office Support,HARD_PASS,hard pass title pattern: driver,ADDITIONAL,,,0.487,workable-15851EA7C4,https://apply.workable.com/j/15851EA7C4,https://apply.workable.com/j/15851EA7C4,,Workable XML job feed
HARD_PASS,Sales Director Mena/UK/APAC - Digital Assets,High Street Resources,"London, England, GB",,MISSING,,"Mon, 08 Jun 2026 11:57:04 UTC",,Full-time,,Sales,Admin/Service – Office Support,OUT_OF_SCOPE,no admin/service title classification match,ADDITIONAL,,,0.419,workable-4A8B7F0D2B,https://apply.workable.com/j/4A8B7F0D2B,https://apply.workable.com/j/4A8B7F0D2B,,Workable XML job feed
HARD_PASS,Process Safety Engineer,Highview,"London, England, GB",,MISSING,,"Tue, 12 May 2026 15:02:06 UTC",,Full-time,,Engineering,Admin/Service – Office Support,HARD_PASS,hard pass title pattern: engineer,ADDITIONAL,,,0.374,workable-6C68B4EF19,https://apply.workable.com/j/6C68B4EF19,https://apply.workable.com/j/6C68B4EF19,,Workable XML job feed
HARD_PASS,Head of Performance Marketing (m/f/d),Hilo By Aktiia,"London, England, GB",,MISSING,,"Wed, 19 Aug 2026 10:18:04 UTC",,Full-time,Remote,Marketing,Admin/Service – Office Support,OUT_OF_SCOPE,no admin/service title classification match,ADDITIONAL,,,0.398,workable-DD6A14D9B6,https://apply.workable.com/j/DD6A14D9B6,https://apply.workable.com/j/DD6A14D9B6,,Workable XML job feed
HARD_PASS,Senior Brand and Content Manager (m/f/d),Hilo By Aktiia,"London, England, GB",,MISSING,,"Fri, 12 Jun 2026 14:11:56 UTC",,Full-time,Remote,Marketing,Admin/Service – Office Support,HARD_PASS,"hard pass title pattern: senior, manager",ADDITIONAL,,,0.386,workable-C1014249C9,https://apply.workable.com/j/C1014249C9,https://apply.workable.com/j/C1014249C9,,Workable XML job feed
HARD_PASS,Call Centre & Contact Centre Professionals,Hire Resolve.com,"London, England, GB",,MISSING,,"Mon, 05 Jan 2026 12:55:17 UTC",,Full-time,,Customer Service,Admin/Service – Office Support,HIGH_CONFIDENCE,"high-confidence title pattern: contact centre, call centre",ADDITIONAL,,,0.433,workable-9447643783,https://apply.workable.com/j/9447643783,https://apply.workable.com/j/9447643783,,Workable XML job feed
HARD_PASS,Legal Professionals (Mid-Senior Level),Hire Resolve.com,"London, England, GB",,MISSING,,"Wed, 07 Jan 2026 11:33:36 UTC",,Full-time,,Legal,Admin/Service – Office Support,HARD_PASS,"hard pass title pattern: senior, legal",ADDITIONAL,,,0.453,workable-710307A1FD,https://apply.workable.com/j/710307A1FD,https://apply.workable.com/j/710307A1FD,,Workable XML job feed
HARD_PASS,Manufacturing & Supply Chain Professional (Mid-Senior Level),Hire Resolve.com,"London, England, GB",,MISSING,,"Wed, 07 Jan 2026 11:37:10 UTC",,Full-time,,Manufacturing,Admin/Service – Office Support,HARD_PASS,"hard pass title pattern: manufacturing, senior",ADDITIONAL,,,0.427,workable-7731910D32,https://apply.workable.com/j/7731910D32,https://apply.workable.com/j/7731910D32,,Workable XML job feed
HARD_PASS,Mid-Senior Healthcare Professional,Hire Resolve.com,"London, England, GB",,MISSING,,"Mon, 22 Dec 2025 14:25:27 UTC",,Full-time,,Health Care Provider,Admin/Service – Office Support,HARD_PASS,hard pass title pattern: senior,ADDITIONAL,,,0.444,workable-68B3D81683,https://apply.workable.com/j/68B3D81683,https://apply.workable.com/j/68B3D81683,,Workable XML job feed
HARD_PASS,Mid-Senior Hospitality Professionals,Hire Resolve.com,"London, England, GB",,MISSING,,"Tue, 23 Dec 2025 14:02:10 UTC",,Full-time,,Other,Admin/Service – Office Support,HARD_PASS,hard pass title pattern: senior,ADDITIONAL,,,0.416,workable-D829326667,https://apply.workable.com/j/D829326667,https://apply.workable.com/j/D829326667,,Workable XML job feed
HARD_PASS,Mid-Senior IT Professional (Multiple Opportunities),Hire Resolve.com,"London, England, GB",,MISSING,,"Wed, 07 Jan 2026 11:47:29 UTC",,Full-time,,Information Technology,Admin/Service – Office Support,HARD_PASS,hard pass title pattern: senior,ADDITIONAL,,,0.428,workable-01A59788BC,https://apply.workable.com/j/01A59788BC,https://apply.workable.com/j/01A59788BC,,Workable XML job feed
HARD_PASS,Mid-Senior Mining Professionals,Hire Resolve.com,"London, England, GB",,MISSING,,"Tue, 23 Dec 2025 09:02:14 UTC",,Full-time,,Other,Admin/Service – Office Support,HARD_PASS,hard pass title pattern: senior,ADDITIONAL,,,0.466,workable-6BDF0E60B3,https://apply.workable.com/j/6BDF0E60B3,https://apply.workable.com/j/6BDF0E60B3,,Workable XML job feed
HARD_PASS,Mid-Senior Petrochemical Professionals,Hire Resolve.com,"London, England, GB",,MISSING,,"Tue, 23 Dec 2025 14:57:23 UTC",,Full-time,,Engineering,Admin/Service – Office Support,HARD_PASS,hard pass title pattern: senior,ADDITIONAL,,,0.423,workable-75B4BA4387,https://apply.workable.com/j/75B4BA4387,https://apply.workable.com/j/75B4BA4387,,Workable XML job feed
HARD_PASS,Mid-Senior Sales & Marketing Professionals,Hire Resolve.com,"London, England, GB",,MISSING,,"Wed, 07 Jan 2026 11:48:16 UTC",,Full-time,,Marketing,Admin/Service – Office Support,HARD_PASS,hard pass title pattern: senior,ADDITIONAL,,,0.504,workable-5BB09832B2,https://apply.workable.com/j/5BB09832B2,https://apply.workable.com/j/5BB09832B2,,Workable XML job feed
HARD_PASS,Senior Engineering Professional,Hire Resolve.com,"London, England, GB",,MISSING,,"Wed, 07 Jan 2026 11:51:17 UTC",,Full-time,,Engineering,Admin/Service – Office Support,HARD_PASS,"hard pass title pattern: engineer, senior",ADDITIONAL,,,0.452,workable-059B873110,https://apply.workable.com/j/059B873110,https://apply.workable.com/j/059B873110,,Workable XML job feed
HARD_PASS,Senior Finance Professional (Multiple Opportunities),Hire Resolve.com,"London, England, GB",,MISSING,,"Wed, 07 Jan 2026 12:00:01 UTC",,Full-time,,Accounting/Auditing,Admin/Service – Office Support,HARD_PASS,hard pass title pattern: senior,ADDITIONAL,,,0.403,workable-F32039A271,https://apply.workable.com/j/F32039A271,https://apply.workable.com/j/F32039A271,,Workable XML job feed
HARD_PASS,Senior Digital Designer,Historic Newspapers,"London, England, GB",,MISSING,,"Fri, 26 Jun 2026 14:21:55 UTC",,Full-time,,Art/Creative,Admin/Service – Office Support,HARD_PASS,hard pass title pattern: senior,ADDITIONAL,,,0.439,workable-7B532328D2,https://apply.workable.com/j/7B532328D2,https://apply.workable.com/j/7B532328D2,,Workable XML job feed
HARD_PASS,Costs Lawyer / Costs Draftsperson,Hodge Jones & Allen LLP,"London, England, GB",,MISSING,,"Wed, 12 Aug 2026 11:36:20 UTC",,Full-time,,Finance,Admin/Service – Office Support,OUT_OF_SCOPE,no admin/service title classification match,ADDITIONAL,,,0.393,workable-FB3C347DD7,https://apply.workable.com/j/FB3C347DD7,https://apply.workable.com/j/FB3C347DD7,,Workable XML job feed
HARD_PASS,Medical Negligence Solicitor 2-4 PQE,Hodge Jones & Allen LLP,"London, England, GB",,MISSING,,"Thu, 16 Apr 2026 15:07:42 UTC",,Full-time,,Legal,Admin/Service – Office Support,OUT_OF_SCOPE,no admin/service title classification match,ADDITIONAL,,,0.402,workable-ED91F554C0,https://apply.workable.com/j/ED91F554C0,https://apply.workable.com/j/ED91F554C0,,Workable XML job feed
HARD_PASS,Compensation and Benefits Manager,Hometrack,"London, England, GB",,MISSING,,"Mon, 17 Aug 2026 13:22:32 UTC",,,,,Admin/Service – Office Support,HARD_PASS,hard pass title pattern: manager,ADDITIONAL,,,0.407,workable-0D2C8F9150,https://apply.workable.com/j/0D2C8F9150,https://apply.workable.com/j/0D2C8F9150,,Workable XML job feed
HARD_PASS,Engineering Manager,Hometrack,"London, England, GB",,MISSING,,"Thu, 02 Jul 2026 10:55:25 UTC",,,,,Admin/Service – Office Support,HARD_PASS,"hard pass title pattern: engineer, manager",ADDITIONAL,,,0.377,workable-BF13A09923,https://apply.workable.com/j/BF13A09923,https://apply.workable.com/j/BF13A09923,,Workable XML job feed
HARD_PASS,Senior Data Engineer,Hometrack,"London, England, GB",,MISSING,,"Thu, 02 Jul 2026 10:55:41 UTC",,,,,Admin/Service – Office Support,HARD_PASS,"hard pass title pattern: engineer, senior",ADDITIONAL,,,0.460,workable-376F7CBCD9,https://apply.workable.com/j/376F7CBCD9,https://apply.workable.com/j/376F7CBCD9,,Workable XML job feed
HARD_PASS,Senior Machine Learning Engineer,Hometrack,"London, England, GB",,MISSING,,"Thu, 02 Jul 2026 10:55:05 UTC",,Full-time,,,Admin/Service – Office Support,HARD_PASS,"hard pass title pattern: engineer, senior",ADDITIONAL,,,0.421,workable-2D06B4306C,https://apply.workable.com/j/2D06B4306C,https://apply.workable.com/j/2D06B4306C,,Workable XML job feed
HARD_PASS,Business Growth Executive,Homey,"London, England, GB",,MISSING,,"Wed, 10 Jun 2026 13:09:06 UTC",,Full-time,,,Admin/Service – Office Support,OUT_OF_SCOPE,no admin/service title classification match,ADDITIONAL,,,0.415,workable-BE13C090F4,https://apply.workable.com/j/BE13C090F4,https://apply.workable.com/j/BE13C090F4,,Workable XML job feed
HARD_PASS,Conveyancing Paralegal,Homey,"London, England, GB",,MISSING,,"Fri, 17 Jul 2026 12:13:43 UTC",,Full-time,,,Admin/Service – Office Support,HARD_PASS,hard pass title pattern: legal,ADDITIONAL,,,0.430,workable-2819758904,https://apply.workable.com/j/2819758904,https://apply.workable.com/j/2819758904,,Workable XML job feed
HARD_PASS,Junior Software Engineer (AI-Native),Homey,"London, England, GB",,MISSING,,"Thu, 19 Feb 2026 13:27:38 UTC",,Full-time,,,Admin/Service – Office Support,HARD_PASS,hard pass title pattern: engineer,ADDITIONAL,,,0.391,workable-50DF9B3D53,https://apply.workable.com/j/50DF9B3D53,https://apply.workable.com/j/50DF9B3D53,,Workable XML job feed
HARD_PASS,Legal Intern - London,Homey,"London, England, GB",,MISSING,,"Wed, 10 Jun 2026 13:10:31 UTC",,,,,Admin/Service – Office Support,HARD_PASS,hard pass title pattern: legal,ADDITIONAL,,,0.390,workable-DCDC864B5C,https://apply.workable.com/j/DCDC864B5C,https://apply.workable.com/j/DCDC864B5C,,Workable XML job feed
HARD_PASS,Sales Internship - London,Homey,"London, England, GB",,MISSING,,"Thu, 21 May 2026 15:43:29 UTC",,,,,Admin/Service – Office Support,OUT_OF_SCOPE,no admin/service title classification match,ADDITIONAL,,,0.384,workable-ACEFD435EF,https://apply.workable.com/j/ACEFD435EF,https://apply.workable.com/j/ACEFD435EF,,Workable XML job feed
HARD_PASS,Tech Sales Intern (Promoted to Full-Time Role),Homey,"London, England, GB",,MISSING,,"Sat, 18 Jul 2026 21:31:07 UTC",,Full-time,,,Admin/Service – Office Support,OUT_OF_SCOPE,no admin/service title classification match,ADDITIONAL,,,0.374,workable-F04A75B1EF,https://apply.workable.com/j/F04A75B1EF,https://apply.workable.com/j/F04A75B1EF,,Workable XML job feed
HARD_PASS,(Pipeline) Senior Digital Project Manager - UK,Horizontal Digital,"London, England, GB",,MISSING,,"Thu, 13 Aug 2026 10:08:44 UTC",,,,,Admin/Service – Office Support,HARD_PASS,"hard pass title pattern: senior, manager",ADDITIONAL,,,0.374,workable-035611FA06,https://apply.workable.com/j/035611FA06,https://apply.workable.com/j/035611FA06,,Workable XML job feed
HARD_PASS,Senior Tech Lead - UK,Horizontal Digital,"London, England, GB",,MISSING,,"Fri, 01 May 2026 11:06:53 UTC",,,,,Admin/Service – Office Support,HARD_PASS,hard pass title pattern: senior,ADDITIONAL,,,0.407,workable-11CF23FC89,https://apply.workable.com/j/11CF23FC89,https://apply.workable.com/j/11CF23FC89,,Workable XML job feed
HARD_PASS,Senior Tech Lead - UK (German-speaking),Horizontal Digital,"London, England, GB",,MISSING,,"Fri, 01 May 2026 11:08:59 UTC",,,,,Admin/Service – Office Support,HARD_PASS,hard pass title pattern: senior,ADDITIONAL,,,0.402,workable-72E3476A97,https://apply.workable.com/j/72E3476A97,https://apply.workable.com/j/72E3476A97,,Workable XML job feed
HARD_PASS,Chief Financial Officer (Remote),Hospitable,"London, England, GB",,MISSING,,"Tue, 30 Jun 2026 16:45:05 UTC",,Full-time,Remote,Finance,Admin/Service – Office Support,OUT_OF_SCOPE,no admin/service title classification match,ADDITIONAL,,,0.433,workable-7F7F65FB7F,https://apply.workable.com/j/7F7F65FB7F,https://apply.workable.com/j/7F7F65FB7F,,Workable XML job feed
HARD_PASS,Graduate - Inbound Sales Executive,Houst,"London, England, GB","£28,000",USABLE_REVIEW,"e provide a pension scheme for all permanent employees MacBook - for business use Salary: £28,000 + Commission","Wed, 27 May 2026 14:12:41 UTC",,Full-time,,,Admin/Service – Office Support,HARD_PASS,hard pass title pattern: sales executive,ADDITIONAL,,,0.378,workable-5CA1F3F8FC,https://apply.workable.com/j/5CA1F3F8FC,https://apply.workable.com/j/5CA1F3F8FC,,Workable XML job feed
HARD_PASS,Operations Manager,Houst,"London, England, GB",,MISSING,,"Thu, 23 Jul 2026 09:33:45 UTC",,Full-time,,,Admin/Service – Office Support,HARD_PASS,"hard pass title pattern: operations manager, manager",ADDITIONAL,,,0.440,workable-5AE426EFBF,https://apply.workable.com/j/5AE426EFBF,https://apply.workable.com/j/5AE426EFBF,,Workable XML job feed
HARD_PASS,Sales Executive (Hosts),Houst,"London, England, GB","£28,000",USABLE_REVIEW,"e provide a pension scheme for all permanent employees MacBook - for business use Salary: £28,000 + Commission","Wed, 10 Jun 2026 11:19:52 UTC",,Full-time,,,Admin/Service – Office Support,HARD_PASS,hard pass title pattern: sales executive,ADDITIONAL,,,0.451,workable-AEF14EDB1C,https://apply.workable.com/j/AEF14EDB1C,https://apply.workable.com/j/AEF14EDB1C,,Workable XML job feed
HARD_PASS,Sales Executive (Partnerships),Houst,"London, England, GB",,MISSING,,"Mon, 27 Jul 2026 10:14:51 UTC",,Full-time,,Sales,Admin/Service – Office Support,HARD_PASS,hard pass title pattern: sales executive,ADDITIONAL,,,0.408,workable-AE7D9B84B4,https://apply.workable.com/j/AE7D9B84B4,https://apply.workable.com/j/AE7D9B84B4,,Workable XML job feed
HARD_PASS,Alpha International Accountant,HTB Group,"London, England, GB","£40,000",USABLE_REVIEW,"Applications for this role will close on Sunday 23rd August. The salary for this role is £40,000. Some of the key responsibilities include: Prepare monthly balance sheet reconciliations,","Fri, 31 Jul 2026 14:39:12 UTC",,Full-time,,Finance,Admin/Service – Office Support,OUT_OF_SCOPE,no admin/service title classification match,ADDITIONAL,,,0.498,workable-A1CE89B913,https://apply.workable.com/j/A1CE89B913,https://apply.workable.com/j/A1CE89B913,,Workable XML job feed
HARD_PASS,Finance Manager,HTB Group,"London, England, GB","£53,000",USABLE_REVIEW,"lications for this role will close on Monday 31st August. The salary for this position is £53,000. Some of the key responsibilities include: HTB (30%) Support budgeting, forecasting, year","Mon, 17 Aug 2026 17:21:40 UTC",,Full-time,,Finance,Admin/Service – Office Support,HARD_PASS,hard pass title pattern: manager,ADDITIONAL,,,0.487,workable-AFE9137DCB,https://apply.workable.com/j/AFE9137DCB,https://apply.workable.com/j/AFE9137DCB,,Workable XML job feed
HARD_PASS,Junior Legal Counsel,HTB Group,"London, England, GB","£40,000–£55,000",USABLE_REVIEW,"position will close on Sunday 30th August . The salary range for this position is between £40,000 - £55,000 depending on experience. Some of the key responsibilities include: Conducting legal resear","Mon, 03 Aug 2026 14:42:32 UTC",,Full-time,,Legal,Admin/Service – Office Support,HARD_PASS,hard pass title pattern: legal,ADDITIONAL,,,0.496,workable-99E01B6B5C,https://apply.workable.com/j/99E01B6B5C,https://apply.workable.com/j/99E01B6B5C,,Workable XML job feed
HARD_PASS,Operations Lead,HTB Group,"London, England, GB","£35,000",USABLE_REVIEW,"plications for this role will close on Sunday 13th September. The salary for this role is £35,000. This is a Sunday - Thursday working pattern. Some of the key responsibilities include: L","Wed, 19 Aug 2026 15:56:16 UTC",,Full-time,,,Admin/Service – Office Support,OUT_OF_SCOPE,no admin/service title classification match,ADDITIONAL,,,0.476,workable-D90FEE6A08,https://apply.workable.com/j/D90FEE6A08,https://apply.workable.com/j/D90FEE6A08,,Workable XML job feed
HARD_PASS,Revitalise Trust Fundraising Manager,HTB Group,"London, England, GB",,MISSING,,"Wed, 24 Jun 2026 12:23:52 UTC",,Full-time,,,Admin/Service – Office Support,HARD_PASS,hard pass title pattern: manager,ADDITIONAL,,,0.502,workable-35819E7A0A,https://apply.workable.com/j/35819E7A0A,https://apply.workable.com/j/35819E7A0A,,Workable XML job feed
HARD_PASS,Senior Fundraising Manager,HTB Group,"London, England, GB","£40,000",USABLE_REVIEW,"lications for this role will close on Monday 31st August. The salary for this position is £40,000. Some of the key responsibilities include: Lead the strategy and delivery of Alpha’s Dono","Mon, 10 Aug 2026 16:08:47 UTC",,Full-time,,,Admin/Service – Office Support,HARD_PASS,"hard pass title pattern: senior, manager",ADDITIONAL,,,0.555,workable-1A834AEE75,https://apply.workable.com/j/1A834AEE75,https://apply.workable.com/j/1A834AEE75,,Workable XML job feed
HARD_PASS,German-Speaking Snr CRM Solutions Architect (Remote | UK),Huble,"London, England, GB",,MISSING,,"Tue, 28 Jul 2026 12:46:56 UTC",,Full-time,Remote,,Admin/Service – Office Support,OUT_OF_SCOPE,no admin/service title classification match,ADDITIONAL,,,0.388,workable-46681AC245,https://apply.workable.com/j/46681AC245,https://apply.workable.com/j/46681AC245,,Workable XML job feed
HARD_PASS,Education Intern,Huda Beauty,"London, England, GB",,MISSING,,"Thu, 09 Jul 2026 06:23:30 UTC",,Contract,,Sales,Admin/Service – Office Support,OUT_OF_SCOPE,no admin/service title classification match,ADDITIONAL,,,0.451,workable-FC88E0A0E6,https://apply.workable.com/j/FC88E0A0E6,https://apply.workable.com/j/FC88E0A0E6,,Workable XML job feed
HARD_PASS,PR & Influencer Manager,Huda Beauty,"London, England, GB",,MISSING,,"Thu, 09 Jul 2026 05:47:35 UTC",,,,,Admin/Service – Office Support,HARD_PASS,hard pass title pattern: manager,ADDITIONAL,,,0.409,workable-F6EC836F07,https://apply.workable.com/j/F6EC836F07,https://apply.workable.com/j/F6EC836F07,,Workable XML job feed
HARD_PASS,"Sales & Education Executive, UKI",Huda Beauty,"London, England, GB",,MISSING,,"Wed, 19 Aug 2026 09:06:36 UTC",,Full-time,,Education,Admin/Service – Office Support,OUT_OF_SCOPE,no admin/service title classification match,ADDITIONAL,,,0.387,workable-8817411E32,https://apply.workable.com/j/8817411E32,https://apply.workable.com/j/8817411E32,,Workable XML job feed
HARD_PASS,Data Analyst,Hulcan,"London, England, GB",,MISSING,,"Mon, 17 Aug 2026 15:40:27 UTC",,Full-time,,,Admin/Service – Office Support,OUT_OF_SCOPE,no admin/service title classification match,ADDITIONAL,,,0.515,workable-7A073979A7,https://apply.workable.com/j/7A073979A7,https://apply.workable.com/j/7A073979A7,,Workable XML job feed
HARD_PASS,Senior React Native Engineer,Hulcan,"London, England, GB",,MISSING,,"Wed, 18 Mar 2026 09:02:00 UTC",,Full-time,,Engineering,Admin/Service – Office Support,HARD_PASS,"hard pass title pattern: engineer, senior",ADDITIONAL,,,0.400,workable-586BA2D055,https://apply.workable.com/j/586BA2D055,https://apply.workable.com/j/586BA2D055,,Workable XML job feed
HARD_PASS,Senior Ruby Engineer,Hulcan,"London, England, GB",,MISSING,,"Fri, 06 Mar 2026 10:28:42 UTC",,Full-time,Remote,,Admin/Service – Office Support,HARD_PASS,"hard pass title pattern: engineer, senior",ADDITIONAL,,,0.402,workable-4D7747230C,https://apply.workable.com/j/4D7747230C,https://apply.workable.com/j/4D7747230C,,Workable XML job feed
HARD_PASS,Games Analyst,Hutch,"London, England, GB",,MISSING,,"Wed, 01 Jul 2026 15:45:14 UTC",,Full-time,,Data Analyst,Admin/Service – Office Support,OUT_OF_SCOPE,no admin/service title classification match,ADDITIONAL,,,0.434,workable-F033B0C7C5,https://apply.workable.com/j/F033B0C7C5,https://apply.workable.com/j/F033B0C7C5,,Workable XML job feed
HARD_PASS,Lead UI Artist,Hutch,"London, England, GB",,MISSING,,"Tue, 21 Jul 2026 14:00:16 UTC",,Full-time,,Art/Creative,Admin/Service – Office Support,OUT_OF_SCOPE,no admin/service title classification match,ADDITIONAL,,,0.471,workable-B4A97D39E0,https://apply.workable.com/j/B4A97D39E0,https://apply.workable.com/j/B4A97D39E0,,Workable XML job feed
HARD_PASS,Marketing Artist,Hutch,"London, England, GB",,MISSING,,"Fri, 14 Aug 2026 11:37:52 UTC",,Full-time,,Art/Creative,Admin/Service – Office Support,OUT_OF_SCOPE,no admin/service title classification match,ADDITIONAL,,,0.517,workable-33AB3175D9,https://apply.workable.com/j/33AB3175D9,https://apply.workable.com/j/33AB3175D9,,Workable XML job feed
HARD_PASS,QA Embedded Tester (12 months),Hutch,"London, England, GB",,MISSING,,"Wed, 19 Aug 2026 13:11:36 UTC",,Full-time,,Quality Assurance,Admin/Service – Office Support,OUT_OF_SCOPE,no admin/service title classification match,ADDITIONAL,,,0.397,workable-29EC17AACA,https://apply.workable.com/j/29EC17AACA,https://apply.workable.com/j/29EC17AACA,,Workable XML job feed
HARD_PASS,Business Development Representative,Huzzle,"London, England, GB",,MISSING,,"Mon, 29 Jun 2026 11:47:26 UTC",,Full-time,,Sales,Admin/Service – Office Support,HARD_PASS,hard pass title pattern: business development,ADDITIONAL,,,0.385,workable-10BB0BC3AB,https://apply.workable.com/j/10BB0BC3AB,https://apply.workable.com/j/10BB0BC3AB,,Workable XML job feed
HARD_PASS,Media Sales Development Representative,Huzzle,"London, England, GB","£60,000–£75,000",USABLE_REVIEW,n and follow-up date. Negotiate commercials and protect margins to hit revenue targets of £60k–£75k per quarter once fully ramped. Transition from initial new business acquisition into long,"Mon, 20 Jul 2026 11:19:10 UTC",,Full-time,,Sales,Admin/Service – Office Support,OUT_OF_SCOPE,no admin/service title classification match,ADDITIONAL,,,0.380,workable-FDA7262422,https://apply.workable.com/j/FDA7262422,https://apply.workable.com/j/FDA7262422,,Workable XML job feed
HARD_PASS,Media Sales Executive,Huzzle,"London, England, GB","£60,000–£75,000",USABLE_REVIEW,n and follow-up date. Negotiate commercials and protect margins to hit revenue targets of £60k–£75k per quarter once fully ramped. Transition from initial new business acquisition into long,"Thu, 06 Aug 2026 07:10:26 UTC",,Full-time,,Sales,Admin/Service – Office Support,HARD_PASS,hard pass title pattern: sales executive,ADDITIONAL,,,0.412,workable-C92F08B5A6,https://apply.workable.com/j/C92F08B5A6,https://apply.workable.com/j/C92F08B5A6,,Workable XML job feed
HARD_PASS,Sales Development Representative,Huzzle,"London, England, GB","£60,000–£75,000",USABLE_REVIEW,"ilored to marketing, media, and partnership objectives. Revenue Delivery: Aim to generate £60,000 to £75,000 in closed revenue per quarter once fully ramped. CRM Discipline: Maintain meticulous recor","Fri, 17 Jul 2026 07:00:41 UTC",,Full-time,,Sales,Admin/Service – Office Support,OUT_OF_SCOPE,no admin/service title classification match,ADDITIONAL,,,0.404,workable-62F308F383,https://apply.workable.com/j/62F308F383,https://apply.workable.com/j/62F308F383,,Workable XML job feed
HARD_PASS,Chief Financial Officer,IBMC,"London, England, GB",,MISSING,,"Tue, 31 Mar 2026 09:44:05 UTC",,Full-time,,,Admin/Service – Office Support,OUT_OF_SCOPE,no admin/service title classification match,ADDITIONAL,,,0.393,workable-7D73C2221A,https://apply.workable.com/j/7D73C2221A,https://apply.workable.com/j/7D73C2221A,,Workable XML job feed
HARD_PASS,Chief Marketing Officer (CMO),IBMC,"London, England, GB",,MISSING,,"Tue, 10 Mar 2026 04:50:12 UTC",,Other,,Marketing,Admin/Service – Office Support,OUT_OF_SCOPE,no admin/service title classification match,ADDITIONAL,,,0.355,workable-C2FB6B5C3B,https://apply.workable.com/j/C2FB6B5C3B,https://apply.workable.com/j/C2FB6B5C3B,,Workable XML job feed
HARD_PASS,Founder Web Development Venture,IBMC,"London, England, GB",,MISSING,,"Mon, 02 Feb 2026 08:38:04 UTC",,Full-time,,Management,Admin/Service – Office Support,OUT_OF_SCOPE,no admin/service title classification match,ADDITIONAL,,,0.320,workable-2A63C04D9B,https://apply.workable.com/j/2A63C04D9B,https://apply.workable.com/j/2A63C04D9B,,Workable XML job feed
HARD_PASS,Field Service Engineer,ICE - Industrial Cleaning Equipment,"London, England, GB",,MISSING,,"Mon, 10 Aug 2026 13:47:38 UTC",,Full-time,,Engineering,Admin/Service – Office Support,HARD_PASS,hard pass title pattern: engineer,ADDITIONAL,,,0.444,workable-02289A34A5,https://apply.workable.com/j/02289A34A5,https://apply.workable.com/j/02289A34A5,,Workable XML job feed
HARD_PASS,HR Executive (Mat Cover),iFAST Global Bank Ltd,"London, England, GB",,MISSING,,"Fri, 14 Aug 2026 17:21:00 UTC",,Full-time,,,Admin/Service – Office Support,OUT_OF_SCOPE,no admin/service title classification match,ADDITIONAL,,,0.480,workable-AC2627837D,https://apply.workable.com/j/AC2627837D,https://apply.workable.com/j/AC2627837D,,Workable XML job feed
HARD_PASS,Senior Credit Executive,iFAST Global Bank Ltd,"London, England, GB",,MISSING,,"Thu, 23 Jul 2026 14:25:43 UTC",,Full-time,,Financial Analyst,Admin/Service – Office Support,HARD_PASS,hard pass title pattern: senior,ADDITIONAL,,,0.476,workable-F4C5D117A9,https://apply.workable.com/j/F4C5D117A9,https://apply.workable.com/j/F4C5D117A9,,Workable XML job feed
HARD_PASS,Customer Care Associate - Remote (Night Shift),ihateironing,"London, England, GB",,MISSING,,"Wed, 22 Jul 2026 11:00:10 UTC",,Full-time,Remote,Customer Service,Admin/Service – Office Support,OUT_OF_SCOPE,no admin/service title classification match,ADDITIONAL,,,0.405,workable-6DD48DBDBE,https://apply.workable.com/j/6DD48DBDBE,https://apply.workable.com/j/6DD48DBDBE,,Workable XML job feed
HARD_PASS,Acquisition Marketing Manager,Immediate Media Co,"London, England, GB",,MISSING,,"Wed, 05 Aug 2026 12:48:50 UTC",,Full-time,,,Admin/Service – Office Support,HARD_PASS,hard pass title pattern: manager,ADDITIONAL,,,0.439,workable-9DE0E6A3A5,https://apply.workable.com/j/9DE0E6A3A5,https://apply.workable.com/j/9DE0E6A3A5,,Workable XML job feed
HARD_PASS,Analytics Engineer,Immediate Media Co,"London, England, GB","£50,000",USABLE_REVIEW,"Analytics Engineer (up to £50,000 per annum) Immediate is home to some of the biggest and most loved consumer brands in the","Tue, 14 Jul 2026 16:48:38 UTC",,Full-time,,,Admin/Service – Office Support,HARD_PASS,hard pass title pattern: engineer,ADDITIONAL,,,0.409,workable-493F2D4DC6,https://apply.workable.com/j/493F2D4DC6,https://apply.workable.com/j/493F2D4DC6,,Workable XML job feed
HARD_PASS,Business Development Manager - Agency,Immediate Media Co,"London, England, GB",,MISSING,,"Tue, 28 Apr 2026 11:54:37 UTC",,Full-time,,Advertising,Admin/Service – Office Support,HARD_PASS,"hard pass title pattern: business development, manager",ADDITIONAL,,,0.424,workable-9A9C6B74BE,https://apply.workable.com/j/9A9C6B74BE,https://apply.workable.com/j/9A9C6B74BE,,Workable XML job feed
HARD_PASS,"Digital Designer, Gardeners' World",Immediate Media Co,"London, England, GB",,MISSING,,"Tue, 11 Aug 2026 10:23:06 UTC",,,,,Admin/Service – Office Support,OUT_OF_SCOPE,no admin/service title classification match,ADDITIONAL,,,0.399,workable-D27241DB78,https://apply.workable.com/j/D27241DB78,https://apply.workable.com/j/D27241DB78,,Workable XML job feed
HARD_PASS,Horticultural Content Creator,Immediate Media Co,"London, England, GB",,MISSING,,"Thu, 02 Jul 2026 09:41:07 UTC",,Contract,,,Admin/Service – Office Support,OUT_OF_SCOPE,no admin/service title classification match,ADDITIONAL,,,0.462,workable-3132D0DCF4,https://apply.workable.com/j/3132D0DCF4,https://apply.workable.com/j/3132D0DCF4,,Workable XML job feed
HARD_PASS,"Sales Executive, Live Events",Immediate Media Co,"London, England, GB","£29,500",USABLE_REVIEW,"Sales Executive (salary £29,500) Immediate is home to some of the biggest and most loved consumer brands in the UK, inclu","Thu, 13 Aug 2026 15:51:38 UTC",,,,,Admin/Service – Office Support,HARD_PASS,hard pass title pattern: sales executive,ADDITIONAL,,,0.445,workable-DBB86AFBD8,https://apply.workable.com/j/DBB86AFBD8,https://apply.workable.com/j/DBB86AFBD8,,Workable XML job feed
HARD_PASS,Business Internship in Australia - Expression of Interest,INAUTALENT,"London, England, GB",,MISSING,,"Mon, 01 Dec 2025 02:35:09 UTC",,Full-time,,,Admin/Service – Office Support,OUT_OF_SCOPE,no admin/service title classification match,ADDITIONAL,,,0.425,workable-451A9C30A1,https://apply.workable.com/j/451A9C30A1,https://apply.workable.com/j/451A9C30A1,,Workable XML job feed
HARD_PASS,Commercial Support Officer,Indra Group UK & Ireland,"London, England, GB",,MISSING,,"Fri, 14 Aug 2026 12:54:55 UTC",,Contract,,,Admin/Service – Office Support,OUT_OF_SCOPE,no admin/service title classification match,ADDITIONAL,,,0.494,workable-0C3F4E00AD,https://apply.workable.com/j/0C3F4E00AD,https://apply.workable.com/j/0C3F4E00AD,,Workable XML job feed
HARD_PASS,Contract Manager - Integrated Revenue Collection Services,Indra Group UK & Ireland,"London, England, GB",,MISSING,,"Tue, 14 Jul 2026 11:31:57 UTC",,Full-time,,Legal,Admin/Service – Office Support,HARD_PASS,hard pass title pattern: manager,ADDITIONAL,,,0.471,workable-72F30AEDD8,https://apply.workable.com/j/72F30AEDD8,https://apply.workable.com/j/72F30AEDD8,,Workable XML job feed
HARD_PASS,Customer Service Manager,Indra Group UK & Ireland,"London, England, GB",,MISSING,,"Fri, 03 Jul 2026 10:44:35 UTC",,Temporary,,Customer Service,Admin/Service – Office Support,HARD_PASS,hard pass title pattern: manager,ADDITIONAL,,,0.500,workable-D168EFFF79,https://apply.workable.com/j/D168EFFF79,https://apply.workable.com/j/D168EFFF79,,Workable XML job feed
HARD_PASS,Database Administrator,Indra Group UK & Ireland,"London, England, GB",,MISSING,,"Thu, 02 Jul 2026 10:53:36 UTC",,Contract,,Administrative,Admin/Service – Office Support,HIGH_CONFIDENCE,high-confidence title pattern: administrator,ADDITIONAL,,,0.601,workable-4BC12B1A8D,https://apply.workable.com/j/4BC12B1A8D,https://apply.workable.com/j/4BC12B1A8D,,Workable XML job feed
HARD_PASS,Dispatch Manager,Indra Group UK & Ireland,"London, England, GB",,MISSING,,"Wed, 01 Jul 2026 14:37:43 UTC",,Contract,,Customer Service,Admin/Service – Office Support,HARD_PASS,hard pass title pattern: manager,ADDITIONAL,,,0.514,workable-59EA35CA07,https://apply.workable.com/j/59EA35CA07,https://apply.workable.com/j/59EA35CA07,,Workable XML job feed
HARD_PASS,General Services & Facilities Manager,Indra Group UK & Ireland,"London, England, GB",,MISSING,,"Tue, 11 Aug 2026 13:54:48 UTC",,,,Other,Admin/Service – Office Support,HARD_PASS,hard pass title pattern: manager,ADDITIONAL,,,0.441,workable-9B8AA5D65B,https://apply.workable.com/j/9B8AA5D65B,https://apply.workable.com/j/9B8AA5D65B,,Workable XML job feed
HARD_PASS,Head of Service Management - TfL Project,Indra Group UK & Ireland,"London, England, GB",,MISSING,,"Wed, 12 Aug 2026 10:11:19 UTC",,Contract,,,Admin/Service – Office Support,OUT_OF_SCOPE,no admin/service title classification match,ADDITIONAL,,,0.450,workable-516AAD02B4,https://apply.workable.com/j/516AAD02B4,https://apply.workable.com/j/516AAD02B4,,Workable XML job feed
HARD_PASS,"Health, Safety and Environmental Manager",Indra Group UK & Ireland,"London, England, GB",,MISSING,,"Wed, 08 Jul 2026 13:54:00 UTC",,Full-time,,,Admin/Service – Office Support,HARD_PASS,hard pass title pattern: manager,ADDITIONAL,,,0.498,workable-F7EEF7A3A0,https://apply.workable.com/j/F7EEF7A3A0,https://apply.workable.com/j/F7EEF7A3A0,,Workable XML job feed
HARD_PASS,Intellectual Property Manager,Indra Group UK & Ireland,"London, England, GB",,MISSING,,"Thu, 25 Jun 2026 13:12:54 UTC",,Full-time,,Legal,Admin/Service – Office Support,HARD_PASS,hard pass title pattern: manager,ADDITIONAL,,,0.469,workable-A1F4F2D84A,https://apply.workable.com/j/A1F4F2D84A,https://apply.workable.com/j/A1F4F2D84A,,Workable XML job feed
HARD_PASS,Risk Manager,Indra Group UK & Ireland,"London, GB",,MISSING,,"Wed, 22 Apr 2026 21:55:13 UTC",,Contract,,,Admin/Service – Office Support,HARD_PASS,hard pass title pattern: manager,ADDITIONAL,,,0.482,workable-1D3E2CD242,https://apply.workable.com/j/1D3E2CD242,https://apply.workable.com/j/1D3E2CD242,,Workable XML job feed
HARD_PASS,Sales and Revenue Manager,Indra Group UK & Ireland,"London, England, GB",,MISSING,,"Fri, 24 Jul 2026 09:37:11 UTC",,Contract,,Sales,Admin/Service – Office Support,HARD_PASS,hard pass title pattern: manager,ADDITIONAL,,,0.515,workable-71A3DA9B56,https://apply.workable.com/j/71A3DA9B56,https://apply.workable.com/j/71A3DA9B56,,Workable XML job feed
HARD_PASS,Security Architect,Indra Group UK & Ireland,"London, England, GB",,MISSING,,"Tue, 18 Aug 2026 16:12:06 UTC",,Full-time,,,Admin/Service – Office Support,OUT_OF_SCOPE,no admin/service title classification match,ADDITIONAL,,,0.450,workable-46C972F72E,https://apply.workable.com/j/46C972F72E,https://apply.workable.com/j/46C972F72E,,Workable XML job feed
HARD_PASS,Senior Business Development Manager - IndraMind,Indra Group UK & Ireland,"London, England, GB",,MISSING,,"Mon, 29 Jun 2026 10:34:37 UTC",,Full-time,,Business Development,Admin/Service – Office Support,HARD_PASS,"hard pass title pattern: business development, senior, manager",ADDITIONAL,,,0.482,workable-1F858A366B,https://apply.workable.com/j/1F858A366B,https://apply.workable.com/j/1F858A366B,,Workable XML job feed
HARD_PASS,Senior Buyer,Indra Group UK & Ireland,"London, England, GB",,MISSING,,"Mon, 02 Mar 2026 12:34:32 UTC",,Full-time,,Supply Chain,Admin/Service – Office Support,HARD_PASS,hard pass title pattern: senior,ADDITIONAL,,,0.435,workable-317F42226A,https://apply.workable.com/j/317F42226A,https://apply.workable.com/j/317F42226A,,Workable XML job feed
HARD_PASS,Workshop Manager,Indra Group UK & Ireland,"London, England, GB",,MISSING,,"Mon, 09 Feb 2026 12:26:14 UTC",,Contract,,Management,Admin/Service – Office Support,HARD_PASS,hard pass title pattern: manager,ADDITIONAL,,,0.486,workable-F7FD65EE86,https://apply.workable.com/j/F7FD65EE86,https://apply.workable.com/j/F7FD65EE86,,Workable XML job feed
HARD_PASS,BI Developer,INEOS Automotive,"London, England, GB",,MISSING,,"Tue, 28 Jul 2026 12:49:02 UTC",,Full-time,,Information Technology,Admin/Service – Office Support,OUT_OF_SCOPE,no admin/service title classification match,ADDITIONAL,,,0.442,workable-8006674FB3,https://apply.workable.com/j/8006674FB3,https://apply.workable.com/j/8006674FB3,,Workable XML job feed
HARD_PASS,Digital Experience Lead,INEOS Automotive,"London, England, GB",,MISSING,,"Tue, 07 Jul 2026 13:58:07 UTC",,Full-time,,Marketing,Admin/Service – Office Support,OUT_OF_SCOPE,no admin/service title classification match,ADDITIONAL,,,0.419,workable-FEA970E67F,https://apply.workable.com/j/FEA970E67F,https://apply.workable.com/j/FEA970E67F,,Workable XML job feed
HARD_PASS,Product Specialist,INEOS Automotive,"London, England, GB",,MISSING,,"Tue, 26 May 2026 13:41:43 UTC",,Full-time,,,Admin/Service – Office Support,OUT_OF_SCOPE,no admin/service title classification match,ADDITIONAL,,,0.437,workable-AE3DCA0095,https://apply.workable.com/j/AE3DCA0095,https://apply.workable.com/j/AE3DCA0095,,Workable XML job feed
HARD_PASS,Account Director,Infopro Digital Services Limited,"London, England, GB",,MISSING,,"Wed, 12 Aug 2026 15:58:53 UTC",,Full-time,,Sales,Admin/Service – Office Support,OUT_OF_SCOPE,no admin/service title classification match,ADDITIONAL,,,0.469,workable-A32625F56B,https://apply.workable.com/j/A32625F56B,https://apply.workable.com/j/A32625F56B,,Workable XML job feed
HARD_PASS,Customer Growth & Insights Manager,Infopro Digital Services Limited,"London, England, GB",,MISSING,,"Thu, 20 Aug 2026 15:36:01 UTC",,Full-time,,Marketing,Admin/Service – Office Support,HARD_PASS,hard pass title pattern: manager,ADDITIONAL,,,0.485,workable-3A33E2789D,https://apply.workable.com/j/3A33E2789D,https://apply.workable.com/j/3A33E2789D,,Workable XML job feed
HARD_PASS,Enterprise sales manager,Infopro Digital Services Limited,"London, England, GB",,MISSING,,"Fri, 17 Jul 2026 08:50:40 UTC",,Full-time,,Sales,Admin/Service – Office Support,HARD_PASS,hard pass title pattern: manager,ADDITIONAL,,,0.535,workable-F03F141656,https://apply.workable.com/j/F03F141656,https://apply.workable.com/j/F03F141656,,Workable XML job feed
HARD_PASS,Global Managing Director - Consumer,Infopro Digital Services Limited,"London, England, GB",,MISSING,,"Tue, 09 Jun 2026 13:37:05 UTC",,Full-time,,Sales,Admin/Service – Office Support,OUT_OF_SCOPE,no admin/service title classification match,ADDITIONAL,,,0.504,workable-03E273220C,https://apply.workable.com/j/03E273220C,https://apply.workable.com/j/03E273220C,,Workable XML job feed
HARD_PASS,Head of new business,Infopro Digital Services Limited,"London, England, GB",,MISSING,,"Wed, 22 Jul 2026 15:57:40 UTC",,Full-time,,Sales,Admin/Service – Office Support,OUT_OF_SCOPE,no admin/service title classification match,ADDITIONAL,,,0.422,workable-55A93C82B6,https://apply.workable.com/j/55A93C82B6,https://apply.workable.com/j/55A93C82B6,,Workable XML job feed
HARD_PASS,Marketing - Demand Generation Manager,Infopro Digital Services Limited,"London, England, GB",,MISSING,,"Thu, 20 Aug 2026 15:26:21 UTC",,Full-time,,Marketing,Admin/Service – Office Support,HARD_PASS,hard pass title pattern: manager,ADDITIONAL,,,0.498,workable-976EA18B1E,https://apply.workable.com/j/976EA18B1E,https://apply.workable.com/j/976EA18B1E,,Workable XML job feed
HARD_PASS,Client Relationship Partner,Informed Solutions,"London, England, GB",,MISSING,,"Wed, 01 Apr 2026 09:52:09 UTC",,Full-time,,,Admin/Service – Office Support,OUT_OF_SCOPE,no admin/service title classification match,ADDITIONAL,,,0.584,workable-8DEE26FB84,https://apply.workable.com/j/8DEE26FB84,https://apply.workable.com/j/8DEE26FB84,,Workable XML job feed
HARD_PASS,Full Stack GIS Developer,Informed Solutions,"London, England, GB",,MISSING,,"Mon, 18 May 2026 11:57:47 UTC",,Full-time,,,Admin/Service – Office Support,OUT_OF_SCOPE,no admin/service title classification match,ADDITIONAL,,,0.504,workable-9150B4606C,https://apply.workable.com/j/9150B4606C,https://apply.workable.com/j/9150B4606C,,Workable XML job feed
HARD_PASS,GIS Architect,Informed Solutions,"London, England, GB",,MISSING,,"Wed, 05 Aug 2026 10:25:40 UTC",,Full-time,,,Admin/Service – Office Support,OUT_OF_SCOPE,no admin/service title classification match,ADDITIONAL,,,0.525,workable-2366F400A4,https://apply.workable.com/j/2366F400A4,https://apply.workable.com/j/2366F400A4,,Workable XML job feed
HARD_PASS,Health Sector Business Development Manager,Informed Solutions,"London, England, GB",,MISSING,,"Thu, 02 Apr 2026 16:20:20 UTC",,Full-time,,,Admin/Service – Office Support,HARD_PASS,"hard pass title pattern: business development, manager",ADDITIONAL,,,0.582,workable-B40C697936,https://apply.workable.com/j/B40C697936,https://apply.workable.com/j/B40C697936,,Workable XML job feed
HARD_PASS,Junior Full Stack Software Engineer,Informed Solutions,"London, England, GB",,MISSING,,"Mon, 18 May 2026 11:58:10 UTC",,Full-time,,,Admin/Service – Office Support,HARD_PASS,hard pass title pattern: engineer,ADDITIONAL,,,0.488,workable-E81A547311,https://apply.workable.com/j/E81A547311,https://apply.workable.com/j/E81A547311,,Workable XML job feed
HARD_PASS,Lead Data Scientist,Informed Solutions,"London, England, GB",,MISSING,,"Mon, 18 May 2026 11:58:29 UTC",,Full-time,,,Admin/Service – Office Support,OUT_OF_SCOPE,no admin/service title classification match,ADDITIONAL,,,0.499,workable-C554E99224,https://apply.workable.com/j/C554E99224,https://apply.workable.com/j/C554E99224,,Workable XML job feed
HARD_PASS,Lead Product Manager,Informed Solutions,"London, England, GB",,MISSING,,"Mon, 18 May 2026 11:58:50 UTC",,,,,Admin/Service – Office Support,HARD_PASS,hard pass title pattern: manager,ADDITIONAL,,,0.511,workable-66E1AF5733,https://apply.workable.com/j/66E1AF5733,https://apply.workable.com/j/66E1AF5733,,Workable XML job feed
HARD_PASS,Lead Software Engineer,Informed Solutions,"London, England, GB",,MISSING,,"Mon, 18 May 2026 11:59:12 UTC",,Full-time,,,Admin/Service – Office Support,HARD_PASS,hard pass title pattern: engineer,ADDITIONAL,,,0.474,workable-42F10138F6,https://apply.workable.com/j/42F10138F6,https://apply.workable.com/j/42F10138F6,,Workable XML job feed
HARD_PASS,Public Sector Business Development Manager,Informed Solutions,"London, England, GB",,MISSING,,"Thu, 02 Apr 2026 16:20:24 UTC",,Full-time,,,Admin/Service – Office Support,HARD_PASS,"hard pass title pattern: business development, manager",ADDITIONAL,,,0.582,workable-A6773A8432,https://apply.workable.com/j/A6773A8432,https://apply.workable.com/j/A6773A8432,,Workable XML job feed
HARD_PASS,Senior Data Engineer,Informed Solutions,"London, England, GB",,MISSING,,"Mon, 18 May 2026 11:59:32 UTC",,Full-time,,,Admin/Service – Office Support,HARD_PASS,"hard pass title pattern: engineer, senior",ADDITIONAL,,,0.537,workable-CC412BF7A5,https://apply.workable.com/j/CC412BF7A5,https://apply.workable.com/j/CC412BF7A5,,Workable XML job feed
HARD_PASS,Senior Data Scientist,Informed Solutions,"London, England, GB",,MISSING,,"Mon, 18 May 2026 11:59:50 UTC",,,,,Admin/Service – Office Support,HARD_PASS,hard pass title pattern: senior,ADDITIONAL,,,0.548,workable-F6699B3EC6,https://apply.workable.com/j/F6699B3EC6,https://apply.workable.com/j/F6699B3EC6,,Workable XML job feed
HARD_PASS,Senior Delivery Manager,Informed Solutions,"London, England, GB",,MISSING,,"Thu, 02 Apr 2026 08:21:42 UTC",,Full-time,,,Admin/Service – Office Support,HARD_PASS,"hard pass title pattern: senior, manager",ADDITIONAL,,,0.544,workable-71F9903F6D,https://apply.workable.com/j/71F9903F6D,https://apply.workable.com/j/71F9903F6D,,Workable XML job feed
HARD_PASS,Senior Full Stack Engineer,Informed Solutions,"London, England, GB",,MISSING,,"Thu, 23 Apr 2026 10:34:11 UTC",,Full-time,,,Admin/Service – Office Support,HARD_PASS,"hard pass title pattern: engineer, senior",ADDITIONAL,,,0.513,workable-6114D98D6D,https://apply.workable.com/j/6114D98D6D,https://apply.workable.com/j/6114D98D6D,,Workable XML job feed
HARD_PASS,Service Designer,Informed Solutions,"London, England, GB",,MISSING,,"Mon, 18 May 2026 12:00:43 UTC",,Full-time,,,Admin/Service – Office Support,OUT_OF_SCOPE,no admin/service title classification match,ADDITIONAL,,,0.504,workable-BAE9A2C1A3,https://apply.workable.com/j/BAE9A2C1A3,https://apply.workable.com/j/BAE9A2C1A3,,Workable XML job feed
HARD_PASS,Associate Partner - Financial Services,Infosys Consulting - Europe,"London, England, GB",,MISSING,,"Fri, 06 Mar 2026 09:00:20 UTC",,Full-time,,Consulting,Admin/Service – Office Support,OUT_OF_SCOPE,no admin/service title classification match,ADDITIONAL,,,0.397,workable-9D4619AFA4,https://apply.workable.com/j/9D4619AFA4,https://apply.workable.com/j/9D4619AFA4,,Workable XML job feed
HARD_PASS,Associate Partner - High Tech and Semiconductor,Infosys Consulting - Europe,"London, England, GB",,MISSING,,"Wed, 06 Nov 2024 11:40:23 UTC",,Full-time,,Consulting,Admin/Service – Office Support,OUT_OF_SCOPE,no admin/service title classification match,ADDITIONAL,,,0.424,workable-CA0E1DB626,https://apply.workable.com/j/CA0E1DB626,https://apply.workable.com/j/CA0E1DB626,,Workable XML job feed
HARD_PASS,"Associate Partner, Consumer Goods (Business Build & Growth)",Infosys Consulting - Europe,"London, England, GB",,MISSING,,"Wed, 20 May 2026 14:29:24 UTC",,Full-time,,Information Technology,Admin/Service – Office Support,OUT_OF_SCOPE,no admin/service title classification match,ADDITIONAL,,,0.381,workable-FD5893B1CD,https://apply.workable.com/j/FD5893B1CD,https://apply.workable.com/j/FD5893B1CD,,Workable XML job feed
HARD_PASS,"Associate Partner, Retail Transformation Programme Manager S/4 (Grocery/CPG)",Infosys Consulting - Europe,"London, England, GB",,MISSING,,"Wed, 20 May 2026 11:27:54 UTC",,Full-time,,Information Technology,Admin/Service – Office Support,HARD_PASS,hard pass title pattern: manager,ADDITIONAL,,,0.374,workable-BACE7E2A9C,https://apply.workable.com/j/BACE7E2A9C,https://apply.workable.com/j/BACE7E2A9C,,Workable XML job feed
HARD_PASS,"Associate Partner- SAP, Digital Platforms Practice",Infosys Consulting - Europe,"London, England, GB",,MISSING,,"Fri, 26 Sep 2025 17:04:20 UTC",,Full-time,,Consulting,Admin/Service – Office Support,OUT_OF_SCOPE,no admin/service title classification match,ADDITIONAL,,,0.415,workable-1D3C26E651,https://apply.workable.com/j/1D3C26E651,https://apply.workable.com/j/1D3C26E651,,Workable XML job feed
HARD_PASS,Banking Consultants,Infosys Consulting - Europe,"London, GB",,MISSING,,"Fri, 12 Jun 2026 16:24:22 UTC",,Full-time,,Consulting,Admin/Service – Office Support,OUT_OF_SCOPE,no admin/service title classification match,ADDITIONAL,,,0.450,workable-0390137124,https://apply.workable.com/j/0390137124,https://apply.workable.com/j/0390137124,,Workable XML job feed
HARD_PASS,Capital Markets - Senior Consultant,Infosys Consulting - Europe,"London, England, GB",,MISSING,,"Fri, 29 May 2026 11:30:51 UTC",,Full-time,,Consulting,Admin/Service – Office Support,HARD_PASS,hard pass title pattern: senior,ADDITIONAL,,,0.411,workable-5ABDE96B77,https://apply.workable.com/j/5ABDE96B77,https://apply.workable.com/j/5ABDE96B77,,Workable XML job feed
HARD_PASS,Capital Markets Product Owner - Principal Consultant,Infosys Consulting - Europe,"London, England, GB",,MISSING,,"Fri, 29 May 2026 11:24:05 UTC",,Full-time,,,Admin/Service – Office Support,OUT_OF_SCOPE,no admin/service title classification match,ADDITIONAL,,,0.376,workable-20ABA9FC01,https://apply.workable.com/j/20ABA9FC01,https://apply.workable.com/j/20ABA9FC01,,Workable XML job feed
HARD_PASS,CargoWise Consultant - Senior Consultant / Principal Consultant,Infosys Consulting - Europe,"London, England, GB",,MISSING,,"Fri, 07 Aug 2026 09:34:13 UTC",,,,,Admin/Service – Office Support,HARD_PASS,hard pass title pattern: senior,ADDITIONAL,,,0.389,workable-07AEF17C7A,https://apply.workable.com/j/07AEF17C7A,https://apply.workable.com/j/07AEF17C7A,,Workable XML job feed
HARD_PASS,Enterprise Data Management - Principal Consultant,Infosys Consulting - Europe,"London, England, GB",,MISSING,,"Tue, 02 Jun 2026 10:08:14 UTC",,Full-time,,Consulting,Admin/Service – Office Support,OUT_OF_SCOPE,no admin/service title classification match,ADDITIONAL,,,0.393,workable-F9142365ED,https://apply.workable.com/j/F9142365ED,https://apply.workable.com/j/F9142365ED,,Workable XML job feed
HARD_PASS,Enterprise Technology Strategy & Transformation Lead - Associate Partner,Infosys Consulting - Europe,"London, England, GB",,MISSING,,"Fri, 22 May 2026 14:16:17 UTC",,,,,Admin/Service – Office Support,OUT_OF_SCOPE,no admin/service title classification match,ADDITIONAL,,,0.390,workable-D049A21B5B,https://apply.workable.com/j/D049A21B5B,https://apply.workable.com/j/D049A21B5B,,Workable XML job feed
HARD_PASS,ERP Program Lead,Infosys Consulting - Europe,"London, England, GB",,MISSING,,"Fri, 26 Sep 2025 17:06:18 UTC",,Full-time,Remote,Consulting,Admin/Service – Office Support,OUT_OF_SCOPE,no admin/service title classification match,ADDITIONAL,,,0.392,workable-03744A8C69,https://apply.workable.com/j/03744A8C69,https://apply.workable.com/j/03744A8C69,,Workable XML job feed
HARD_PASS,ERP SAP Application Architect Role,Infosys Consulting - Europe,"London, England, GB",,MISSING,,"Fri, 26 Sep 2025 17:08:00 UTC",,Full-time,Remote,Consulting,Admin/Service – Office Support,OUT_OF_SCOPE,no admin/service title classification match,ADDITIONAL,,,0.409,workable-621D86C5BA,https://apply.workable.com/j/621D86C5BA,https://apply.workable.com/j/621D86C5BA,,Workable XML job feed
HARD_PASS,ERP SAP Consultants FI/CO,Infosys Consulting - Europe,"London, England, GB",,MISSING,,"Thu, 27 Feb 2025 20:12:38 UTC",,Full-time,Remote,Consulting,Admin/Service – Office Support,OUT_OF_SCOPE,no admin/service title classification match,ADDITIONAL,,,0.436,workable-91426ABDAA,https://apply.workable.com/j/91426ABDAA,https://apply.workable.com/j/91426ABDAA,,Workable XML job feed
HARD_PASS,ERP SAP OTC Consultant role,Infosys Consulting - Europe,"London, England, GB",,MISSING,,"Fri, 26 Sep 2025 17:44:29 UTC",,Full-time,Remote,Consulting,Admin/Service – Office Support,OUT_OF_SCOPE,no admin/service title classification match,ADDITIONAL,,,0.429,workable-6914DD72BC,https://apply.workable.com/j/6914DD72BC,https://apply.workable.com/j/6914DD72BC,,Workable XML job feed
HARD_PASS,Finance and Risk Senior Consultant - 12 months fixed term contract,Infosys Consulting - Europe,"London, England, GB",,MISSING,,"Thu, 09 Jul 2026 10:05:01 UTC",,Temporary,,Consulting,Admin/Service – Office Support,HARD_PASS,hard pass title pattern: senior,ADDITIONAL,,,0.410,workable-AAD575B408,https://apply.workable.com/j/AAD575B408,https://apply.workable.com/j/AAD575B408,,Workable XML job feed
HARD_PASS,HR Cloud Advisory Consultant - Oracle - Senior Consultant,Infosys Consulting - Europe,"London, England, GB",,MISSING,,"Fri, 14 Nov 2025 13:06:31 UTC",,,,,Admin/Service – Office Support,HARD_PASS,hard pass title pattern: senior,ADDITIONAL,,,0.391,workable-D11E61778D,https://apply.workable.com/j/D11E61778D,https://apply.workable.com/j/D11E61778D,,Workable XML job feed
HARD_PASS,HR Cloud Advisory Consultant - Principal,Infosys Consulting - Europe,"London, England, GB",,MISSING,,"Fri, 14 Nov 2025 12:57:42 UTC",,,,,Admin/Service – Office Support,OUT_OF_SCOPE,no admin/service title classification match,ADDITIONAL,,,0.401,workable-B330AD5E1B,https://apply.workable.com/j/B330AD5E1B,https://apply.workable.com/j/B330AD5E1B,,Workable XML job feed
HARD_PASS,HR Transformation & HR Cloud Advisory Consultant,Infosys Consulting - Europe,"London, England, GB",,MISSING,,"Fri, 13 Feb 2026 13:56:35 UTC",,Full-time,,,Admin/Service – Office Support,OUT_OF_SCOPE,no admin/service title classification match,ADDITIONAL,,,0.419,workable-F90CBA7886,https://apply.workable.com/j/F90CBA7886,https://apply.workable.com/j/F90CBA7886,,Workable XML job feed
HARD_PASS,Kinaxis / IBP Supply Chain Planning Expert - UK,Infosys Consulting - Europe,"London, England, GB",,MISSING,,"Fri, 10 Apr 2026 17:44:44 UTC",,Full-time,,,Admin/Service – Office Support,OUT_OF_SCOPE,no admin/service title classification match,ADDITIONAL,,,0.385,workable-C4E3EC4E6E,https://apply.workable.com/j/C4E3EC4E6E,https://apply.workable.com/j/C4E3EC4E6E,,Workable XML job feed
HARD_PASS,Oracle ERP - Finance And/Or SCM Lead Consultant,Infosys Consulting - Europe,"London, England, GB",,MISSING,,"Fri, 26 Sep 2025 17:46:55 UTC",,Full-time,Remote,Consulting,Admin/Service – Office Support,OUT_OF_SCOPE,no admin/service title classification match,ADDITIONAL,,,0.395,workable-B4578726FC,https://apply.workable.com/j/B4578726FC,https://apply.workable.com/j/B4578726FC,,Workable XML job feed
HARD_PASS,Oracle ERP - Senior Program Lead,Infosys Consulting - Europe,"London, England, GB",,MISSING,,"Tue, 16 Sep 2025 09:36:52 UTC",,Full-time,Remote,Consulting,Admin/Service – Office Support,HARD_PASS,hard pass title pattern: senior,ADDITIONAL,,,0.389,workable-6B40273794,https://apply.workable.com/j/6B40273794,https://apply.workable.com/j/6B40273794,,Workable XML job feed
HARD_PASS,Oracle ERP Cloud - Program Manager,Infosys Consulting - Europe,"London, England, GB",,MISSING,,"Mon, 17 Aug 2026 11:36:26 UTC",,,,,Admin/Service – Office Support,HARD_PASS,hard pass title pattern: manager,ADDITIONAL,,,0.383,workable-C577449035,https://apply.workable.com/j/C577449035,https://apply.workable.com/j/C577449035,,Workable XML job feed
HARD_PASS,Oracle HCM - Senior Program Lead,Infosys Consulting - Europe,"London, England, GB",,MISSING,,"Thu, 30 Jul 2026 12:50:22 UTC",,Full-time,,Consulting,Admin/Service – Office Support,HARD_PASS,hard pass title pattern: senior,ADDITIONAL,,,0.406,workable-0E0D456E92,https://apply.workable.com/j/0E0D456E92,https://apply.workable.com/j/0E0D456E92,,Workable XML job feed
HARD_PASS,Oracle HCM - Solution Readiness Lead,Infosys Consulting - Europe,"London, England, GB",,MISSING,,"Tue, 10 Mar 2026 12:29:10 UTC",,,,,Admin/Service – Office Support,OUT_OF_SCOPE,no admin/service title classification match,ADDITIONAL,,,0.438,workable-B7C3836904,https://apply.workable.com/j/B7C3836904,https://apply.workable.com/j/B7C3836904,,Workable XML job feed
HARD_PASS,"Principal Consultant, Utilities Practice",Infosys Consulting - Europe,"London, England, GB",,MISSING,,"Fri, 17 Jul 2026 14:19:59 UTC",,Full-time,,Information Technology,Admin/Service – Office Support,OUT_OF_SCOPE,no admin/service title classification match,ADDITIONAL,,,0.410,workable-A83213F5B7,https://apply.workable.com/j/A83213F5B7,https://apply.workable.com/j/A83213F5B7,,Workable XML job feed
HARD_PASS,Retail Convenience - Supply Chain SME - Senior Consultant,Infosys Consulting - Europe,"London, England, GB",,MISSING,,"Mon, 10 Aug 2026 11:22:55 UTC",,Full-time,,Information Technology,Admin/Service – Office Support,HARD_PASS,hard pass title pattern: senior,ADDITIONAL,,,0.437,workable-AF10B7A3EE,https://apply.workable.com/j/AF10B7A3EE,https://apply.workable.com/j/AF10B7A3EE,,Workable XML job feed
HARD_PASS,SAP IBP role,Infosys Consulting - Europe,"London, England, GB",,MISSING,,"Wed, 29 Apr 2026 23:14:46 UTC",,Full-time,Remote,Consulting,Admin/Service – Office Support,OUT_OF_SCOPE,no admin/service title classification match,ADDITIONAL,,,0.379,workable-3C3A058580,https://apply.workable.com/j/3C3A058580,https://apply.workable.com/j/3C3A058580,,Workable XML job feed
HARD_PASS,SAP MDG Consultant,Infosys Consulting - Europe,"London, England, GB",,MISSING,,"Fri, 26 Sep 2025 17:48:04 UTC",,Full-time,,Consulting,Admin/Service – Office Support,OUT_OF_SCOPE,no admin/service title classification match,ADDITIONAL,,,0.391,workable-1EC62FC2C0,https://apply.workable.com/j/1EC62FC2C0,https://apply.workable.com/j/1EC62FC2C0,,Workable XML job feed
HARD_PASS,SAP S/4 HANA EWM/TM Consultant,Infosys Consulting - Europe,"London, England, GB",,MISSING,,"Fri, 26 Sep 2025 17:46:22 UTC",,Full-time,Remote,Information Technology,Admin/Service – Office Support,OUT_OF_SCOPE,no admin/service title classification match,ADDITIONAL,,,0.397,workable-9341BE3F29,https://apply.workable.com/j/9341BE3F29,https://apply.workable.com/j/9341BE3F29,,Workable XML job feed
HARD_PASS,SAP SD Functional Lead-Retail,Infosys Consulting - Europe,"London, England, GB",,MISSING,,"Sat, 06 Dec 2025 12:50:54 UTC",,Full-time,,Consulting,Admin/Service – Office Support,OUT_OF_SCOPE,no admin/service title classification match,ADDITIONAL,,,0.407,workable-E7D118CD50,https://apply.workable.com/j/E7D118CD50,https://apply.workable.com/j/E7D118CD50,,Workable XML job feed
HARD_PASS,SAP Solution Architect,Infosys Consulting - Europe,"London, England, GB",,MISSING,,"Fri, 26 Sep 2025 17:01:10 UTC",,Full-time,Remote,Consulting,Admin/Service – Office Support,OUT_OF_SCOPE,no admin/service title classification match,ADDITIONAL,,,0.429,workable-DD0B1308D5,https://apply.workable.com/j/DD0B1308D5,https://apply.workable.com/j/DD0B1308D5,,Workable XML job feed
HARD_PASS,"Senior Consultant, Utilities Practice",Infosys Consulting - Europe,"London, England, GB",,MISSING,,"Fri, 17 Jul 2026 14:08:24 UTC",,Full-time,,Information Technology,Admin/Service – Office Support,HARD_PASS,hard pass title pattern: senior,ADDITIONAL,,,0.377,workable-F21E127D57,https://apply.workable.com/j/F21E127D57,https://apply.workable.com/j/F21E127D57,,Workable XML job feed
HARD_PASS,Senior/Lead SAP FICO Consultant,Infosys Consulting - Europe,"London, England, GB",,MISSING,,"Thu, 04 Dec 2025 19:48:20 UTC",,Full-time,,Consulting,Admin/Service – Office Support,HARD_PASS,hard pass title pattern: senior,ADDITIONAL,,,0.418,workable-B4B156B665,https://apply.workable.com/j/B4B156B665,https://apply.workable.com/j/B4B156B665,,Workable XML job feed
HARD_PASS,Strategy and Ops Consultant for Commercial Life Science,Infosys Consulting - Europe,"London, England, GB",,MISSING,,"Tue, 07 Jul 2026 16:40:17 UTC",,Full-time,,Consulting,Admin/Service – Office Support,OUT_OF_SCOPE,no admin/service title classification match,ADDITIONAL,,,0.379,workable-49B3800ED6,https://apply.workable.com/j/49B3800ED6,https://apply.workable.com/j/49B3800ED6,,Workable XML job feed
HARD_PASS,Team Assistant,Infosys Consulting - Europe,"London, England, GB",,MISSING,,"Wed, 12 Aug 2026 13:49:01 UTC",,,,,Admin/Service – Office Support,OUT_OF_SCOPE,no admin/service title classification match,ADDITIONAL,,,0.556,workable-D3A2613F78,https://apply.workable.com/j/D3A2613F78,https://apply.workable.com/j/D3A2613F78,,Workable XML job feed
HARD_PASS,Transformation Programme Manager - Financial Services & Insurance,Infosys Consulting - Europe,"London, England, GB",,MISSING,,"Fri, 12 Jun 2026 16:12:16 UTC",,Full-time,,Consulting,Admin/Service – Office Support,HARD_PASS,hard pass title pattern: manager,ADDITIONAL,,,0.391,workable-A833924828,https://apply.workable.com/j/A833924828,https://apply.workable.com/j/A833924828,,Workable XML job feed
HARD_PASS,"Member Renewals Specialist, Pivotal & THE OUT",InMotion Ventures,"London, England, GB","£28,000–£33,500",USABLE_REVIEW,"n extra day off a year for your birthday) · 2 paid days off for volunteer work. · Salary: £28,000 to £33,500, depending on experience, & a quarterly bonus based on company performance. · Be part of","Thu, 13 Aug 2026 12:31:51 UTC",,Full-time,,Customer Service,Admin/Service – Office Support,OUT_OF_SCOPE,no admin/service title classification match,ADDITIONAL,,,0.424,workable-2D74110C85,https://apply.workable.com/j/2D74110C85,https://apply.workable.com/j/2D74110C85,,Workable XML job feed
HARD_PASS,"Portfolio Manager, Structured Credit (London)",Insight Investment,"London, England, GB",,MISSING,,"Tue, 14 Jul 2026 10:46:07 UTC",,Full-time,,,Admin/Service – Office Support,HARD_PASS,hard pass title pattern: manager,ADDITIONAL,,,0.411,workable-CDF95549BD,https://apply.workable.com/j/CDF95549BD,https://apply.workable.com/j/CDF95549BD,,Workable XML job feed
HARD_PASS,Account Manager (12-Month Fixed Term Contract),Inspired Thinking Group (ITG),"London, England, GB",,MISSING,,"Fri, 07 Aug 2026 08:20:35 UTC",,Contract,,Customer Service,Admin/Service – Office Support,HARD_PASS,"hard pass title pattern: account manager, manager",ADDITIONAL,,,0.467,workable-E7AB5E3182,https://apply.workable.com/j/E7AB5E3182,https://apply.workable.com/j/E7AB5E3182,,Workable XML job feed
HARD_PASS,Content Manager (6-Month Fixed Term Contract),Inspired Thinking Group (ITG),"London, England, GB",,MISSING,,"Fri, 31 Jul 2026 16:16:42 UTC",,Contract,,,Admin/Service – Office Support,HARD_PASS,hard pass title pattern: manager,ADDITIONAL,,,0.452,workable-22D04A4992,https://apply.workable.com/j/22D04A4992,https://apply.workable.com/j/22D04A4992,,Workable XML job feed
HARD_PASS,Content Operations Coordinator (3-Month Fixed Term Contract),Inspired Thinking Group (ITG),"London, England, GB",,MISSING,,"Fri, 31 Jul 2026 16:20:53 UTC",,Contract,,,Admin/Service – Office Support,ELASTIC_FIT,elastic-fit title pattern: coordinator,ADDITIONAL,,,0.459,workable-35AC2D8DC2,https://apply.workable.com/j/35AC2D8DC2,https://apply.workable.com/j/35AC2D8DC2,,Workable XML job feed
HARD_PASS,Financial Services Copywriter,Inspired Thinking Group (ITG),"London, England, GB",,MISSING,,"Fri, 14 Aug 2026 15:04:02 UTC",,Full-time,,Art/Creative,Admin/Service – Office Support,OUT_OF_SCOPE,no admin/service title classification match,ADDITIONAL,,,0.474,workable-6A96286557,https://apply.workable.com/j/6A96286557,https://apply.workable.com/j/6A96286557,,Workable XML job feed
HARD_PASS,Freelance Post Production Coordinator,Inspired Thinking Group (ITG),"London, England, GB",,MISSING,,"Fri, 10 Jul 2026 10:27:40 UTC",,Contract,,Art/Creative,Admin/Service – Office Support,HARD_PASS,hard pass title pattern: production,ADDITIONAL,,,0.465,workable-342199B583,https://apply.workable.com/j/342199B583,https://apply.workable.com/j/342199B583,,Workable XML job feed
HARD_PASS,Freelance Post Production Producer,Inspired Thinking Group (ITG),"London, England, GB",,MISSING,,"Wed, 12 Aug 2026 08:22:30 UTC",,Contract,,Marketing,Admin/Service – Office Support,HARD_PASS,hard pass title pattern: production,ADDITIONAL,,,0.437,workable-8EC82BECE2,https://apply.workable.com/j/8EC82BECE2,https://apply.workable.com/j/8EC82BECE2,,Workable XML job feed
HARD_PASS,Post Production Producer - 12-month Fixed Term Contract,Inspired Thinking Group (ITG),"London, England, GB",,MISSING,,"Fri, 10 Jul 2026 10:11:58 UTC",,Contract,,Art/Creative,Admin/Service – Office Support,HARD_PASS,hard pass title pattern: production,ADDITIONAL,,,0.423,workable-18F82A88BA,https://apply.workable.com/j/18F82A88BA,https://apply.workable.com/j/18F82A88BA,,Workable XML job feed
HARD_PASS,Senior Account Manager (12-Month Fixed Term Contract),Inspired Thinking Group (ITG),"London, England, GB",,MISSING,,"Fri, 07 Aug 2026 08:21:47 UTC",,Contract,,Customer Service,Admin/Service – Office Support,HARD_PASS,"hard pass title pattern: account manager, senior, manager",ADDITIONAL,,,0.411,workable-D2A45C5284,https://apply.workable.com/j/D2A45C5284,https://apply.workable.com/j/D2A45C5284,,Workable XML job feed
HARD_PASS,"Sales Executive, Property and Casualty",INSTANDA,"London, England, GB",,MISSING,,"Tue, 02 Jun 2026 12:19:07 UTC",,,,Sales,Admin/Service – Office Support,HARD_PASS,hard pass title pattern: sales executive,ADDITIONAL,,,0.420,workable-5443DA167E,https://apply.workable.com/j/5443DA167E,https://apply.workable.com/j/5443DA167E,,Workable XML job feed
HARD_PASS,Amazon Marketplace Manager,Intelligent Change,"London, England, GB",,MISSING,,"Tue, 30 Jun 2026 20:18:36 UTC",,Full-time,Remote,,Admin/Service – Office Support,HARD_PASS,hard pass title pattern: manager,ADDITIONAL,,,0.485,workable-136AF8F95A,https://apply.workable.com/j/136AF8F95A,https://apply.workable.com/j/136AF8F95A,,Workable XML job feed
HARD_PASS,Director of Marketing & Growth,Intelligent Change,"London, England, GB",,MISSING,,"Fri, 16 Jan 2026 13:05:32 UTC",,Full-time,Remote,Marketing,Admin/Service – Office Support,OUT_OF_SCOPE,no admin/service title classification match,ADDITIONAL,,,0.445,workable-86991B7CED,https://apply.workable.com/j/86991B7CED,https://apply.workable.com/j/86991B7CED,,Workable XML job feed
HARD_PASS,Data Automation Manager,interactive investor,"London, England, GB","£50,000",USABLE_REVIEW,"brid – Manchester, Leeds, OR London, 3 days on site per week, 2 days remote. Salary: From £50,000 Who we are: interactive investor is an award-winning investment platform that puts its cus","Tue, 04 Aug 2026 08:31:30 UTC",,Full-time,,,Admin/Service – Office Support,HARD_PASS,hard pass title pattern: manager,ADDITIONAL,,,0.451,workable-ECF594E209,https://apply.workable.com/j/ECF594E209,https://apply.workable.com/j/ECF594E209,,Workable XML job feed
HARD_PASS,"Assistant Manager, Asset Tracing & Complex Investigations",Interpath Advisory,"London, England, GB",,MISSING,,"Mon, 01 Jun 2026 15:48:57 UTC",,Full-time,,Legal,Admin/Service – Office Support,HARD_PASS,hard pass title pattern: manager,ADDITIONAL,,,0.407,workable-542788F2D0,https://apply.workable.com/j/542788F2D0,https://apply.workable.com/j/542788F2D0,,Workable XML job feed
HARD_PASS,"Assistant Manager, Contentious Insolvency",Interpath Advisory,"London, England, GB",,MISSING,,"Mon, 17 Aug 2026 16:03:43 UTC",,Full-time,,,Admin/Service – Office Support,HARD_PASS,hard pass title pattern: manager,ADDITIONAL,,,0.426,workable-607A338A34,https://apply.workable.com/j/607A338A34,https://apply.workable.com/j/607A338A34,,Workable XML job feed
HARD_PASS,"Assistant Manager, Debt Advisory",Interpath Advisory,"London, England, GB",,MISSING,,"Wed, 22 Jul 2026 11:06:41 UTC",,Full-time,,,Admin/Service – Office Support,HARD_PASS,hard pass title pattern: manager,ADDITIONAL,,,0.429,workable-E5835A80EC,https://apply.workable.com/j/E5835A80EC,https://apply.workable.com/j/E5835A80EC,,Workable XML job feed
HARD_PASS,"Assistant Manager, M&A Advisory - Financial Services",Interpath Advisory,"London, England, GB",,MISSING,,"Tue, 18 Aug 2026 10:55:47 UTC",,Full-time,,,Admin/Service – Office Support,HARD_PASS,hard pass title pattern: manager,ADDITIONAL,,,0.428,workable-1686D4633C,https://apply.workable.com/j/1686D4633C,https://apply.workable.com/j/1686D4633C,,Workable XML job feed
HARD_PASS,"Assistant Manager, Transaction Services",Interpath Advisory,"London, England, GB",,MISSING,,"Thu, 09 Jul 2026 09:53:46 UTC",,Full-time,,,Admin/Service – Office Support,HARD_PASS,hard pass title pattern: manager,ADDITIONAL,,,0.418,workable-9D86E45974,https://apply.workable.com/j/9D86E45974,https://apply.workable.com/j/9D86E45974,,Workable XML job feed
HARD_PASS,"Assistant Manager, Transaction Services - Financial Services",Interpath Advisory,"London, England, GB",,MISSING,,"Mon, 17 Aug 2026 06:37:04 UTC",,Full-time,,,Admin/Service – Office Support,HARD_PASS,hard pass title pattern: manager,ADDITIONAL,,,0.398,workable-806F6BA8F4,https://apply.workable.com/j/806F6BA8F4,https://apply.workable.com/j/806F6BA8F4,,Workable XML job feed
HARD_PASS,"Associate Director, Transaction Services",Interpath Advisory,"London, England, GB",,MISSING,,"Tue, 21 Jul 2026 16:00:30 UTC",,Full-time,,,Admin/Service – Office Support,OUT_OF_SCOPE,no admin/service title classification match,ADDITIONAL,,,0.415,workable-0800E9F171,https://apply.workable.com/j/0800E9F171,https://apply.workable.com/j/0800E9F171,,Workable XML job feed
HARD_PASS,"Associate Director, Transaction Services - Financial Services",Interpath Advisory,"London, England, GB",,MISSING,,"Fri, 07 Aug 2026 14:32:52 UTC",,Full-time,,,Admin/Service – Office Support,OUT_OF_SCOPE,no admin/service title classification match,ADDITIONAL,,,0.386,workable-D695181C28,https://apply.workable.com/j/D695181C28,https://apply.workable.com/j/D695181C28,,Workable XML job feed
HARD_PASS,"Associate/Senior Associate, Restructuring CII",Interpath Advisory,"London, England, GB",,MISSING,,"Thu, 09 Jul 2026 13:26:40 UTC",,Full-time,,,Admin/Service – Office Support,HARD_PASS,hard pass title pattern: senior,ADDITIONAL,,,0.400,workable-24CCB3BCC6,https://apply.workable.com/j/24CCB3BCC6,https://apply.workable.com/j/24CCB3BCC6,,Workable XML job feed
HARD_PASS,Director - IT Transformation,Interpath Advisory,"London, England, GB",,MISSING,,"Fri, 03 Jul 2026 08:38:25 UTC",,Full-time,,Information Technology,Admin/Service – Office Support,OUT_OF_SCOPE,no admin/service title classification match,ADDITIONAL,,,0.405,workable-844E2343A8,https://apply.workable.com/j/844E2343A8,https://apply.workable.com/j/844E2343A8,,Workable XML job feed
HARD_PASS,"Director, Fund Finance Advisory",Interpath Advisory,"London, England, GB",,MISSING,,"Wed, 19 Aug 2026 11:32:32 UTC",,Full-time,,Accounting/Auditing,Admin/Service – Office Support,OUT_OF_SCOPE,no admin/service title classification match,ADDITIONAL,,,0.425,workable-B73D76EC92,https://apply.workable.com/j/B73D76EC92,https://apply.workable.com/j/B73D76EC92,,Workable XML job feed
HARD_PASS,Group Management Accountant,Interpath Advisory,"London, England, GB",,MISSING,,"Wed, 29 Jul 2026 08:33:45 UTC",,,,,Admin/Service – Office Support,OUT_OF_SCOPE,no admin/service title classification match,ADDITIONAL,,,0.434,workable-11DE7649AD,https://apply.workable.com/j/11DE7649AD,https://apply.workable.com/j/11DE7649AD,,Workable XML job feed
HARD_PASS,Insolvency/IPS Product Lead,Interpath Advisory,"London, England, GB",,MISSING,,"Wed, 27 May 2026 12:54:38 UTC",,Full-time,,,Admin/Service – Office Support,OUT_OF_SCOPE,no admin/service title classification match,ADDITIONAL,,,0.414,workable-BBC696D745,https://apply.workable.com/j/BBC696D745,https://apply.workable.com/j/BBC696D745,,Workable XML job feed
HARD_PASS,"Manager, M&A Advisory",Interpath Advisory,"London, England, GB",,MISSING,,"Thu, 09 Jul 2026 07:26:57 UTC",,Full-time,,,Admin/Service – Office Support,HARD_PASS,hard pass title pattern: manager,ADDITIONAL,,,0.457,workable-06FC6CC9CD,https://apply.workable.com/j/06FC6CC9CD,https://apply.workable.com/j/06FC6CC9CD,,Workable XML job feed
HARD_PASS,"Manager, Restructuring",Interpath Advisory,"London, England, GB",,MISSING,,"Thu, 09 Jul 2026 15:28:09 UTC",,,,,Admin/Service – Office Support,HARD_PASS,hard pass title pattern: manager,ADDITIONAL,,,0.407,workable-F43E52BD31,https://apply.workable.com/j/F43E52BD31,https://apply.workable.com/j/F43E52BD31,,Workable XML job feed
HARD_PASS,"Manager, Talent Acquisition",Interpath Advisory,"London, England, GB",,MISSING,,"Wed, 19 Aug 2026 12:39:44 UTC",,Full-time,,,Admin/Service – Office Support,HARD_PASS,hard pass title pattern: manager,ADDITIONAL,,,0.490,workable-010FEAFBA0,https://apply.workable.com/j/010FEAFBA0,https://apply.workable.com/j/010FEAFBA0,,Workable XML job feed
HARD_PASS,"Manager, Transaction Services",Interpath Advisory,"London, England, GB",,MISSING,,"Thu, 09 Jul 2026 09:57:02 UTC",,Full-time,,,Admin/Service – Office Support,HARD_PASS,hard pass title pattern: manager,ADDITIONAL,,,0.422,workable-D619132DC3,https://apply.workable.com/j/D619132DC3,https://apply.workable.com/j/D619132DC3,,Workable XML job feed
HARD_PASS,"Manager, Transaction Services - Financial Services",Interpath Advisory,"London, England, GB",,MISSING,,"Thu, 13 Aug 2026 10:59:45 UTC",,Full-time,,,Admin/Service – Office Support,HARD_PASS,hard pass title pattern: manager,ADDITIONAL,,,0.394,workable-1F3739A61D,https://apply.workable.com/j/1F3739A61D,https://apply.workable.com/j/1F3739A61D,,Workable XML job feed
HARD_PASS,"Manager, Valuations & Forensic Services",Interpath Advisory,"London, England, GB",,MISSING,,"Wed, 13 May 2026 11:58:17 UTC",,Full-time,,,Admin/Service – Office Support,HARD_PASS,hard pass title pattern: manager,ADDITIONAL,,,0.393,workable-1E72A3F8CD,https://apply.workable.com/j/1E72A3F8CD,https://apply.workable.com/j/1E72A3F8CD,,Workable XML job feed
HARD_PASS,Restructuring Manager (Solvent Liquidations/MVLs),Interpath Advisory,"London, England, GB",,MISSING,,"Mon, 06 Jul 2026 11:03:45 UTC",,,,,Admin/Service – Office Support,HARD_PASS,hard pass title pattern: manager,ADDITIONAL,,,0.384,workable-5CF1746E43,https://apply.workable.com/j/5CF1746E43,https://apply.workable.com/j/5CF1746E43,,Workable XML job feed
HARD_PASS,2026 AI/ML Research Fellow,"Intuition Machines, Inc.","London, England, GB",,MISSING,,"Mon, 22 Sep 2025 09:48:43 UTC",,,Remote,Research,Admin/Service – Office Support,OUT_OF_SCOPE,no admin/service title classification match,ADDITIONAL,,,0.381,workable-8FF70BA7C5,https://apply.workable.com/j/8FF70BA7C5,https://apply.workable.com/j/8FF70BA7C5,,Workable XML job feed
HARD_PASS,Mechanical Design Engineer,IONATE,"London, England, GB",,MISSING,,"Mon, 27 Jul 2026 20:18:44 UTC",,Full-time,,,Admin/Service – Office Support,HARD_PASS,"hard pass title pattern: engineer, mechanic",ADDITIONAL,,,0.441,workable-9F78DC34FB,https://apply.workable.com/j/9F78DC34FB,https://apply.workable.com/j/9F78DC34FB,,Workable XML job feed
HARD_PASS,PCB Development Engineer,IONATE,"London, England, GB",,MISSING,,"Thu, 13 Aug 2026 11:41:37 UTC",,Full-time,,,Admin/Service – Office Support,HARD_PASS,hard pass title pattern: engineer,ADDITIONAL,,,0.530,workable-396B5A644B,https://apply.workable.com/j/396B5A644B,https://apply.workable.com/j/396B5A644B,,Workable XML job feed
HARD_PASS,Power Electronics Engineer,IONATE,"London, England, GB",,MISSING,,"Thu, 13 Aug 2026 11:00:50 UTC",,Full-time,,,Admin/Service – Office Support,HARD_PASS,hard pass title pattern: engineer,ADDITIONAL,,,0.512,workable-5B84D8BF0E,https://apply.workable.com/j/5B84D8BF0E,https://apply.workable.com/j/5B84D8BF0E,,Workable XML job feed
HARD_PASS,Principal Power Electronics Engineer,IONATE,"London, England, GB",,MISSING,,"Tue, 28 Apr 2026 15:43:30 UTC",,Full-time,,,Admin/Service – Office Support,HARD_PASS,hard pass title pattern: engineer,ADDITIONAL,,,0.472,workable-7138497258,https://apply.workable.com/j/7138497258,https://apply.workable.com/j/7138497258,,Workable XML job feed
HARD_PASS,Project Engineer,IONATE,"London, England, GB",,MISSING,,"Fri, 31 Jul 2026 14:36:58 UTC",,Full-time,,Engineering,Admin/Service – Office Support,HARD_PASS,hard pass title pattern: engineer,ADDITIONAL,,,0.515,workable-F65E64B658,https://apply.workable.com/j/F65E64B658,https://apply.workable.com/j/F65E64B658,,Workable XML job feed
HARD_PASS,Project Manager (Technical),IONATE,"London, England, GB",,MISSING,,"Fri, 31 Jul 2026 15:00:13 UTC",,Full-time,,Engineering,Admin/Service – Office Support,HARD_PASS,hard pass title pattern: manager,ADDITIONAL,,,0.468,workable-695608C483,https://apply.workable.com/j/695608C483,https://apply.workable.com/j/695608C483,,Workable XML job feed
HARD_PASS,Senior Power Controls Engineer,IONATE,"London, England, GB",,MISSING,,"Mon, 27 Jul 2026 17:48:12 UTC",,Full-time,,,Admin/Service – Office Support,HARD_PASS,"hard pass title pattern: engineer, senior",ADDITIONAL,,,0.508,workable-96ADE924E7,https://apply.workable.com/j/96ADE924E7,https://apply.workable.com/j/96ADE924E7,,Workable XML job feed
HARD_PASS,Senior Power Electronics Engineer,IONATE,"London, England, GB",,MISSING,,"Fri, 05 Jun 2026 16:55:36 UTC",,Full-time,,,Admin/Service – Office Support,HARD_PASS,"hard pass title pattern: engineer, senior",ADDITIONAL,,,0.482,workable-C1B3EB5E10,https://apply.workable.com/j/C1B3EB5E10,https://apply.workable.com/j/C1B3EB5E10,,Workable XML job feed
HARD_PASS,Senior Power Systems Engineer,IONATE,"London, England, GB",,MISSING,,"Mon, 20 Jul 2026 15:55:54 UTC",,Full-time,,,Admin/Service – Office Support,HARD_PASS,"hard pass title pattern: engineer, senior",ADDITIONAL,,,0.433,workable-04B534C0C5,https://apply.workable.com/j/04B534C0C5,https://apply.workable.com/j/04B534C0C5,,Workable XML job feed
HARD_PASS,Senior Regulatory Engineer,IONATE,"London, England, GB",,MISSING,,"Mon, 20 Jul 2026 15:30:54 UTC",,Full-time,,Engineering,Admin/Service – Office Support,HARD_PASS,"hard pass title pattern: engineer, senior",ADDITIONAL,,,0.467,workable-689C2B9752,https://apply.workable.com/j/689C2B9752,https://apply.workable.com/j/689C2B9752,,Workable XML job feed
HARD_PASS,Systems Team Lead,IONATE,"London, England, GB",,MISSING,,"Fri, 24 Jul 2026 16:15:28 UTC",,Full-time,,,Admin/Service – Office Support,OUT_OF_SCOPE,no admin/service title classification match,ADDITIONAL,,,0.422,workable-9F96FD5174,https://apply.workable.com/j/9F96FD5174,https://apply.workable.com/j/9F96FD5174,,Workable XML job feed
HARD_PASS,UX/UI Product Designer,Isla,"London, United Kingdom, GB",,MISSING,,"Mon, 17 Aug 2026 16:39:34 UTC",,Full-time,Remote,Design,Admin/Service – Office Support,OUT_OF_SCOPE,no admin/service title classification match,ADDITIONAL,,,0.351,workable-B20F715BB7,https://apply.workable.com/j/B20F715BB7,https://apply.workable.com/j/B20F715BB7,,Workable XML job feed
HARD_PASS,Account Director,ITRS,"London, England, GB",,MISSING,,"Mon, 11 May 2026 09:12:36 UTC",,Full-time,,Sales,Admin/Service – Office Support,OUT_OF_SCOPE,no admin/service title classification match,ADDITIONAL,,,0.487,workable-C281A2246C,https://apply.workable.com/j/C281A2246C,https://apply.workable.com/j/C281A2246C,,Workable XML job feed
HARD_PASS,Business Development Representative - Digital Experience Monitoring,ITRS,"London, England, GB",,MISSING,,"Tue, 28 Jul 2026 11:00:58 UTC",,Full-time,,Business Development,Admin/Service – Office Support,HARD_PASS,hard pass title pattern: business development,ADDITIONAL,,,0.401,workable-D0B7BC0185,https://apply.workable.com/j/D0B7BC0185,https://apply.workable.com/j/D0B7BC0185,,Workable XML job feed
HARD_PASS,Design Lead,ITRS,"London, England, GB",,MISSING,,"Tue, 18 Aug 2026 08:21:54 UTC",,Full-time,,Design,Admin/Service – Office Support,OUT_OF_SCOPE,no admin/service title classification match,ADDITIONAL,,,0.421,workable-7292E60B5A,https://apply.workable.com/j/7292E60B5A,https://apply.workable.com/j/7292E60B5A,,Workable XML job feed
HARD_PASS,FP&A Lead,ITRS,"London, England, GB",,MISSING,,"Thu, 13 Aug 2026 13:22:46 UTC",,Full-time,,Finance,Admin/Service – Office Support,OUT_OF_SCOPE,no admin/service title classification match,ADDITIONAL,,,0.401,workable-695A12B55A,https://apply.workable.com/j/695A12B55A,https://apply.workable.com/j/695A12B55A,,Workable XML job feed
HARD_PASS,Professional Services Consultant,ITRS,"London, England, GB",,MISSING,,"Wed, 29 Apr 2026 15:16:19 UTC",,Full-time,,Consulting,Admin/Service – Office Support,OUT_OF_SCOPE,no admin/service title classification match,ADDITIONAL,,,0.421,workable-A7EFAF5392,https://apply.workable.com/j/A7EFAF5392,https://apply.workable.com/j/A7EFAF5392,,Workable XML job feed
HARD_PASS,Senior Java Software Developer,ITRS,"London, England, GB",,MISSING,,"Fri, 08 Aug 2025 09:39:44 UTC",,Full-time,,Engineering,Admin/Service – Office Support,HARD_PASS,hard pass title pattern: senior,ADDITIONAL,,,0.412,workable-6517F416D4,https://apply.workable.com/j/6517F416D4,https://apply.workable.com/j/6517F416D4,,Workable XML job feed
HARD_PASS,Senior Product Manager - Financial Services,ITRS,"London, England, GB",,MISSING,,"Thu, 28 May 2026 07:04:45 UTC",,Full-time,,Product Management,Admin/Service – Office Support,HARD_PASS,"hard pass title pattern: senior, manager",ADDITIONAL,,,0.392,workable-4F626BC49D,https://apply.workable.com/j/4F626BC49D,https://apply.workable.com/j/4F626BC49D,,Workable XML job feed
HARD_PASS,Creative + Social Co-ordinator - Jaded Man,Jaded London,"London, England, GB",,MISSING,,"Fri, 18 Jul 2025 11:41:26 UTC",,Full-time,,,Admin/Service – Office Support,ELASTIC_FIT,elastic-fit title pattern: co-ordinator,ADDITIONAL,,,0.484,workable-BAF1B75718,https://apply.workable.com/j/BAF1B75718,https://apply.workable.com/j/BAF1B75718,,Workable XML job feed
HARD_PASS,Creative Content & Styling Coordinator,Jaded London,"London, England, GB",,MISSING,,"Wed, 06 May 2026 16:07:02 UTC",,Full-time,,,Admin/Service – Office Support,ELASTIC_FIT,elastic-fit title pattern: coordinator,ADDITIONAL,,,0.496,workable-B2CB48C70F,https://apply.workable.com/j/B2CB48C70F,https://apply.workable.com/j/B2CB48C70F,,Workable XML job feed
HARD_PASS,Ecom/ Commercial Director,Jaded London,"London, England, GB",,MISSING,,"Mon, 30 Jun 2025 11:43:47 UTC",,Full-time,,,Admin/Service – Office Support,OUT_OF_SCOPE,no admin/service title classification match,ADDITIONAL,,,0.443,workable-64460E362A,https://apply.workable.com/j/64460E362A,https://apply.workable.com/j/64460E362A,,Workable XML job feed
HARD_PASS,Ecommerce & CRM Executive,Jaded London,"London, England, GB",,MISSING,,"Wed, 15 Jul 2026 14:48:48 UTC",,Full-time,,,Admin/Service – Office Support,OUT_OF_SCOPE,no admin/service title classification match,ADDITIONAL,,,0.478,workable-69CEED8BAE,https://apply.workable.com/j/69CEED8BAE,https://apply.workable.com/j/69CEED8BAE,,Workable XML job feed
HARD_PASS,Freelance - Brand Activations & Pop Ups Project Manager,Jaded London,"London, England, GB",,MISSING,,"Thu, 30 Jul 2026 11:44:52 UTC",,Contract,,Marketing,Admin/Service – Office Support,HARD_PASS,hard pass title pattern: manager,ADDITIONAL,,,0.417,workable-DE37B4B259,https://apply.workable.com/j/DE37B4B259,https://apply.workable.com/j/DE37B4B259,,Workable XML job feed
HARD_PASS,Freelance Social and PR Co-ordinator - focusing on the Chinese Market,Jaded London,"London, England, GB",,MISSING,,"Thu, 18 Jun 2026 13:44:03 UTC",,Other,,Marketing,Admin/Service – Office Support,ELASTIC_FIT,elastic-fit title pattern: co-ordinator,ADDITIONAL,,,0.442,workable-3EF03DEE8C,https://apply.workable.com/j/3EF03DEE8C,https://apply.workable.com/j/3EF03DEE8C,,Workable XML job feed
HARD_PASS,Head of Brand - Jaded Man,Jaded London,"London, England, GB",,MISSING,,"Tue, 02 Sep 2025 14:21:00 UTC",,Full-time,,,Admin/Service – Office Support,OUT_OF_SCOPE,no admin/service title classification match,ADDITIONAL,,,0.405,workable-D595E45A88,https://apply.workable.com/j/D595E45A88,https://apply.workable.com/j/D595E45A88,,Workable XML job feed
HARD_PASS,Head of CRM,Jaded London,"London, England, GB",,MISSING,,"Fri, 01 May 2026 14:19:39 UTC",,Full-time,,,Admin/Service – Office Support,OUT_OF_SCOPE,no admin/service title classification match,ADDITIONAL,,,0.421,workable-56BFF05FD1,https://apply.workable.com/j/56BFF05FD1,https://apply.workable.com/j/56BFF05FD1,,Workable XML job feed
HARD_PASS,Head of Influencer Marketing,Jaded London,"London, England, GB",,MISSING,,"Tue, 21 Jul 2026 16:11:29 UTC",,Full-time,,Marketing,Admin/Service – Office Support,OUT_OF_SCOPE,no admin/service title classification match,ADDITIONAL,,,0.480,workable-031F2900AC,https://apply.workable.com/j/031F2900AC,https://apply.workable.com/j/031F2900AC,,Workable XML job feed
HARD_PASS,"Logistics Coordinator (Fashion E‑Commerce, Retail, Bonded Warehouse & Returns)",Jaded London,"London, England, GB",,MISSING,,"Mon, 18 May 2026 14:53:03 UTC",,Full-time,,Supply Chain,Admin/Service – Office Support,HARD_PASS,hard pass title pattern: warehouse,ADDITIONAL,,,0.409,workable-255A8E0704,https://apply.workable.com/j/255A8E0704,https://apply.workable.com/j/255A8E0704,,Workable XML job feed
HARD_PASS,Production & Compliance Admin Assistant,Jaded London,"London, England, GB",,MISSING,,"Mon, 03 Aug 2026 15:42:51 UTC",,Full-time,,Production,Admin/Service – Office Support,HARD_PASS,"hard pass title pattern: production, compliance",ADDITIONAL,,,0.496,workable-658C87A2B3,https://apply.workable.com/j/658C87A2B3,https://apply.workable.com/j/658C87A2B3,,Workable XML job feed
HARD_PASS,Production Admin Assistant 6 month FTC,Jaded London,"London, England, GB",,MISSING,,"Fri, 24 Jul 2026 14:46:14 UTC",,Full-time,,Production,Admin/Service – Office Support,HARD_PASS,hard pass title pattern: production,ADDITIONAL,,,0.477,workable-682A4931CC,https://apply.workable.com/j/682A4931CC,https://apply.workable.com/j/682A4931CC,,Workable XML job feed
HARD_PASS,Retail Operations Manager,Jaded London,"London, England, GB",,MISSING,,"Thu, 26 Mar 2026 17:22:30 UTC",,Full-time,,,Admin/Service – Office Support,HARD_PASS,"hard pass title pattern: operations manager, manager",ADDITIONAL,,,0.446,workable-AA9C72F12A,https://apply.workable.com/j/AA9C72F12A,https://apply.workable.com/j/AA9C72F12A,,Workable XML job feed
HARD_PASS,Senior Creative Producer,Jaded London,"London, England, GB",,MISSING,,"Mon, 11 May 2026 10:24:02 UTC",,Full-time,,Art/Creative,Admin/Service – Office Support,HARD_PASS,hard pass title pattern: senior,ADDITIONAL,,,0.434,workable-9E49F3EE26,https://apply.workable.com/j/9E49F3EE26,https://apply.workable.com/j/9E49F3EE26,,Workable XML job feed
HARD_PASS,Senior Menswear Designer,Jaded London,"London, England, GB",,MISSING,,"Wed, 13 Aug 2025 15:09:40 UTC",,Full-time,,Design,Admin/Service – Office Support,HARD_PASS,hard pass title pattern: senior,ADDITIONAL,,,0.435,workable-7453861144,https://apply.workable.com/j/7453861144,https://apply.workable.com/j/7453861144,,Workable XML job feed
HARD_PASS,Senior Talent Recruiter,Jaded London,"London, England, GB",,MISSING,,"Wed, 22 Apr 2026 15:44:37 UTC",,Full-time,,Human Resources,Admin/Service – Office Support,HARD_PASS,hard pass title pattern: senior,ADDITIONAL,,,0.425,workable-96E3DBC5C4,https://apply.workable.com/j/96E3DBC5C4,https://apply.workable.com/j/96E3DBC5C4,,Workable XML job feed
HARD_PASS,Senior Womenswear Designer,Jaded London,"London, England, GB",,MISSING,,"Wed, 22 Jul 2026 08:34:48 UTC",,Full-time,,Design,Admin/Service – Office Support,HARD_PASS,hard pass title pattern: senior,ADDITIONAL,,,0.428,workable-977C2B3D0E,https://apply.workable.com/j/977C2B3D0E,https://apply.workable.com/j/977C2B3D0E,,Workable XML job feed
HARD_PASS,Talent & PR Assistant - Menswear,Jaded London,"London, England, GB",,MISSING,,"Thu, 25 Jun 2026 11:02:09 UTC",,Full-time,,Marketing,Admin/Service – Office Support,OUT_OF_SCOPE,no admin/service title classification match,ADDITIONAL,,,0.482,workable-1378B1A059,https://apply.workable.com/j/1378B1A059,https://apply.workable.com/j/1378B1A059,,Workable XML job feed
HARD_PASS,Talent & PR Assistant - Womenswear,Jaded London,"London, England, GB",,MISSING,,"Mon, 10 Aug 2026 10:55:12 UTC",,Full-time,,Public Relations,Admin/Service – Office Support,OUT_OF_SCOPE,no admin/service title classification match,ADDITIONAL,,,0.481,workable-F1B3CBDD44,https://apply.workable.com/j/F1B3CBDD44,https://apply.workable.com/j/F1B3CBDD44,,Workable XML job feed
HARD_PASS,Technical Designer - Menswear,Jaded London,"London, England, GB",,MISSING,,"Mon, 20 Jul 2026 10:52:56 UTC",,Full-time,,,Admin/Service – Office Support,OUT_OF_SCOPE,no admin/service title classification match,ADDITIONAL,,,0.431,workable-CB740BAD10,https://apply.workable.com/j/CB740BAD10,https://apply.workable.com/j/CB740BAD10,,Workable XML job feed
HARD_PASS,Wholesale Account Assistant,Jaded London,"London, England, GB",,MISSING,,"Fri, 24 Jul 2026 11:31:48 UTC",,Full-time,,Supply Chain,Admin/Service – Office Support,OUT_OF_SCOPE,no admin/service title classification match,ADDITIONAL,,,0.489,workable-CE03E976B2,https://apply.workable.com/j/CE03E976B2,https://apply.workable.com/j/CE03E976B2,,Workable XML job feed
HARD_PASS,Principal Investments Associate,Javelin Global Commodities,"London, England, GB",,MISSING,,"Thu, 28 May 2026 16:42:41 UTC",,Full-time,,Finance,Admin/Service – Office Support,OUT_OF_SCOPE,no admin/service title classification match,ADDITIONAL,,,0.425,workable-84CB5D91FB,https://apply.workable.com/j/84CB5D91FB,https://apply.workable.com/j/84CB5D91FB,,Workable XML job feed
HARD_PASS,Software Engineer,Javelin Global Commodities,"London, England, GB",,MISSING,,"Tue, 11 Aug 2026 13:45:05 UTC",,,,,Admin/Service – Office Support,HARD_PASS,hard pass title pattern: engineer,ADDITIONAL,,,0.426,workable-2DE7AA60B8,https://apply.workable.com/j/2DE7AA60B8,https://apply.workable.com/j/2DE7AA60B8,,Workable XML job feed
HARD_PASS,Workday Financials Analyst,Javelin Global Commodities,"London, England, GB",,MISSING,,"Tue, 07 Jul 2026 11:21:24 UTC",,Full-time,,Finance,Admin/Service – Office Support,OUT_OF_SCOPE,no admin/service title classification match,ADDITIONAL,,,0.416,workable-4D059C2D1B,https://apply.workable.com/j/4D059C2D1B,https://apply.workable.com/j/4D059C2D1B,,Workable XML job feed
HARD_PASS,Events Project Manager,JeffreyM Consulting,"London, England, GB","£100,000",USABLE_REVIEW,rking in remote and globally distributed team environments Benefits Compensation Range: ~ £100K per year ** This pay range is Client-specific for the opening advertised. The identity of,"Wed, 17 Jun 2026 20:11:46 UTC",,Contract,Remote,Project Management,Admin/Service – Office Support,HARD_PASS,hard pass title pattern: manager,ADDITIONAL,,,0.433,workable-E90417749E,https://apply.workable.com/j/E90417749E,https://apply.workable.com/j/E90417749E,,Workable XML job feed
HARD_PASS,Cardiac Cath Registered Nurse (RN) - Overseas,Job Bridge Global,"London, England, GB",,MISSING,,"Fri, 27 Jun 2025 09:08:04 UTC",,Full-time,,,Admin/Service – Office Support,HARD_PASS,hard pass title pattern: nurse,ADDITIONAL,,,0.397,workable-CF66E02145,https://apply.workable.com/j/CF66E02145,https://apply.workable.com/j/CF66E02145,,Workable XML job feed
HARD_PASS,Case Manager,Job Bridge Global,"London, England, GB",,MISSING,,"Thu, 26 Jun 2025 08:59:22 UTC",,Full-time,,,Admin/Service – Office Support,HARD_PASS,hard pass title pattern: manager,ADDITIONAL,,,0.451,workable-53130E223F,https://apply.workable.com/j/53130E223F,https://apply.workable.com/j/53130E223F,,Workable XML job feed
HARD_PASS,Clinical Nurse Supervisor (RN),Job Bridge Global,"London, England, GB",,MISSING,,"Mon, 30 Jun 2025 09:18:35 UTC",,Full-time,,Health Care Provider,Admin/Service – Office Support,HARD_PASS,hard pass title pattern: nurse,ADDITIONAL,,,0.453,workable-C0A17521CF,https://apply.workable.com/j/C0A17521CF,https://apply.workable.com/j/C0A17521CF,,Workable XML job feed
HARD_PASS,Electrical Lineman,Job Bridge Global,"London, England, GB",,MISSING,,"Wed, 28 Jan 2026 09:35:32 UTC",,Full-time,,,Admin/Service – Office Support,OUT_OF_SCOPE,no admin/service title classification match,ADDITIONAL,,,0.477,workable-1DC6D7665C,https://apply.workable.com/j/1DC6D7665C,https://apply.workable.com/j/1DC6D7665C,,Workable XML job feed
HARD_PASS,Inginer Termoizolator,Job Bridge Global,"London, England, GB",,MISSING,,"Fri, 14 Jun 2024 12:32:37 UTC",,Full-time,,Engineering,Admin/Service – Office Support,OUT_OF_SCOPE,no admin/service title classification match,ADDITIONAL,,,0.421,workable-CD61C2EDF0,https://apply.workable.com/j/CD61C2EDF0,https://apply.workable.com/j/CD61C2EDF0,,Workable XML job feed
HARD_PASS,Invasive Cardiology Registered Nurse (RN) - Overseas,Job Bridge Global,"London, England, GB",,MISSING,,"Mon, 30 Jun 2025 08:52:36 UTC",,Full-time,,Health Care Provider,Admin/Service – Office Support,HARD_PASS,hard pass title pattern: nurse,ADDITIONAL,,,0.408,workable-2BE3520FC1,https://apply.workable.com/j/2BE3520FC1,https://apply.workable.com/j/2BE3520FC1,,Workable XML job feed
HARD_PASS,Labor and Delivery Nurse (RN),Job Bridge Global,"London, England, GB",,MISSING,,"Mon, 30 Jun 2025 09:09:03 UTC",,Full-time,,Health Care Provider,Admin/Service – Office Support,HARD_PASS,hard pass title pattern: nurse,ADDITIONAL,,,0.408,workable-BEBBF53444,https://apply.workable.com/j/BEBBF53444,https://apply.workable.com/j/BEBBF53444,,Workable XML job feed
HARD_PASS,LPN - Licenced Practical Nurses - Overseas,Job Bridge Global,"London, England, GB",,MISSING,,"Thu, 26 Jun 2025 09:56:13 UTC",,Full-time,,,Admin/Service – Office Support,HARD_PASS,hard pass title pattern: nurse,ADDITIONAL,,,0.445,workable-39FEB5DBC8,https://apply.workable.com/j/39FEB5DBC8,https://apply.workable.com/j/39FEB5DBC8,,Workable XML job feed
HARD_PASS,LPN - Licensed Practical Nurses - Overseas,Job Bridge Global,"London, England, GB",,MISSING,,"Fri, 27 Jun 2025 07:57:15 UTC",,Full-time,,,Admin/Service – Office Support,HARD_PASS,hard pass title pattern: nurse,ADDITIONAL,,,0.445,workable-4F055D618B,https://apply.workable.com/j/4F055D618B,https://apply.workable.com/j/4F055D618B,,Workable XML job feed
HARD_PASS,LPN - Licensed Practical Nurses - Overseas,Job Bridge Global,"London, England, GB",,MISSING,,"Mon, 30 Jun 2025 07:55:38 UTC",,Full-time,,,Admin/Service – Office Support,HARD_PASS,hard pass title pattern: nurse,ADDITIONAL,,,0.445,workable-33750F740C,https://apply.workable.com/j/33750F740C,https://apply.workable.com/j/33750F740C,,Workable XML job feed
HARD_PASS,Med Surg Registered Nurse - Overseas,Job Bridge Global,"London, England, GB",,MISSING,,"Mon, 30 Jun 2025 08:52:33 UTC",,Full-time,,Health Care Provider,Admin/Service – Office Support,HARD_PASS,hard pass title pattern: nurse,ADDITIONAL,,,0.390,workable-D78B9A1570,https://apply.workable.com/j/D78B9A1570,https://apply.workable.com/j/D78B9A1570,,Workable XML job feed
HARD_PASS,OR Registered Nurse (RN),Job Bridge Global,"London, England, GB",,MISSING,,"Mon, 30 Jun 2025 09:02:07 UTC",,Full-time,,Health Care Provider,Admin/Service – Office Support,HARD_PASS,hard pass title pattern: nurse,ADDITIONAL,,,0.425,workable-FE6DD6A3CC,https://apply.workable.com/j/FE6DD6A3CC,https://apply.workable.com/j/FE6DD6A3CC,,Workable XML job feed
HARD_PASS,Patient Care Coordinator - ER - Overseas,Job Bridge Global,"London, England, GB",,MISSING,,"Wed, 25 Jun 2025 21:25:43 UTC",,Full-time,,,Admin/Service – Office Support,ELASTIC_FIT,elastic-fit title pattern: coordinator,ADDITIONAL,,,0.540,workable-10CB68F738,https://apply.workable.com/j/10CB68F738,https://apply.workable.com/j/10CB68F738,,Workable XML job feed
HARD_PASS,Patient Care Coordinator - ER - Overseas,Job Bridge Global,"London, England, GB",,MISSING,,"Thu, 26 Jun 2025 10:04:16 UTC",,Full-time,,Health Care Provider,Admin/Service – Office Support,ELASTIC_FIT,elastic-fit title pattern: coordinator,ADDITIONAL,,,0.540,workable-995FEEE425,https://apply.workable.com/j/995FEEE425,https://apply.workable.com/j/995FEEE425,,Workable XML job feed
HARD_PASS,Patient Care Coordinator - Overseas,Job Bridge Global,"London, England, GB",,MISSING,,"Mon, 30 Jun 2025 08:16:55 UTC",,Full-time,,,Admin/Service – Office Support,ELASTIC_FIT,elastic-fit title pattern: coordinator,ADDITIONAL,,,0.554,workable-5949079772,https://apply.workable.com/j/5949079772,https://apply.workable.com/j/5949079772,,Workable XML job feed
HARD_PASS,Registered Nurse (RN) - Medical Surgical - Overseas,Job Bridge Global,"London, England, GB",,MISSING,,"Wed, 25 Jun 2025 15:02:06 UTC",,Full-time,,,Admin/Service – Office Support,HARD_PASS,hard pass title pattern: nurse,ADDITIONAL,,,0.382,workable-8B502A7773,https://apply.workable.com/j/8B502A7773,https://apply.workable.com/j/8B502A7773,,Workable XML job feed
HARD_PASS,Registered Nurse (RN) - Overseas,Job Bridge Global,"London, England, GB",,MISSING,,"Wed, 25 Jun 2025 15:01:46 UTC",,Full-time,,,Admin/Service – Office Support,HARD_PASS,hard pass title pattern: nurse,ADDITIONAL,,,0.406,workable-AD133E4E60,https://apply.workable.com/j/AD133E4E60,https://apply.workable.com/j/AD133E4E60,,Workable XML job feed
HARD_PASS,Registered Nurse (RN) - Overseas,Job Bridge Global,"London, England, GB",,MISSING,,"Fri, 27 Jun 2025 08:15:00 UTC",,Full-time,,,Admin/Service – Office Support,HARD_PASS,hard pass title pattern: nurse,ADDITIONAL,,,0.406,workable-C0AFF24F29,https://apply.workable.com/j/C0AFF24F29,https://apply.workable.com/j/C0AFF24F29,,Workable XML job feed
HARD_PASS,Registered Nurse (RN) - Overseas,Job Bridge Global,"London, England, GB",,MISSING,,"Mon, 30 Jun 2025 07:56:07 UTC",,Full-time,,,Admin/Service – Office Support,HARD_PASS,hard pass title pattern: nurse,ADDITIONAL,,,0.406,workable-6E55144B6D,https://apply.workable.com/j/6E55144B6D,https://apply.workable.com/j/6E55144B6D,,Workable XML job feed
HARD_PASS,Registered Nurse (RN) - Patient Care Coordinator - Oncology - Overseas,Job Bridge Global,"London, England, GB",,MISSING,,"Thu, 26 Jun 2025 10:50:13 UTC",,Full-time,,Health Care Provider,Admin/Service – Office Support,HARD_PASS,hard pass title pattern: nurse,ADDITIONAL,,,0.464,workable-A9A3D54836,https://apply.workable.com/j/A9A3D54836,https://apply.workable.com/j/A9A3D54836,,Workable XML job feed
HARD_PASS,Registered Nurse (RN) Manager - Overseas,Job Bridge Global,"London, England, GB",,MISSING,,"Fri, 27 Jun 2025 09:06:59 UTC",,Full-time,,,Admin/Service – Office Support,HARD_PASS,"hard pass title pattern: nurse, manager",ADDITIONAL,,,0.396,workable-001605B748,https://apply.workable.com/j/001605B748,https://apply.workable.com/j/001605B748,,Workable XML job feed
HARD_PASS,Registered Nurse (RN) Supervisor - Overseas,Job Bridge Global,"London, England, GB",,MISSING,,"Mon, 30 Jun 2025 08:16:55 UTC",,Full-time,,,Admin/Service – Office Support,HARD_PASS,hard pass title pattern: nurse,ADDITIONAL,,,0.397,workable-3278AB5A31,https://apply.workable.com/j/3278AB5A31,https://apply.workable.com/j/3278AB5A31,,Workable XML job feed
HARD_PASS,Registered Nurse - Overseas,Job Bridge Global,"London, England, GB",,MISSING,,"Wed, 25 Jun 2025 15:11:59 UTC",,Full-time,,Health Care Provider,Admin/Service – Office Support,HARD_PASS,hard pass title pattern: nurse,ADDITIONAL,,,0.418,workable-F1F02A2512,https://apply.workable.com/j/F1F02A2512,https://apply.workable.com/j/F1F02A2512,,Workable XML job feed
HARD_PASS,Registered Nurse - PRN - Overseas,Job Bridge Global,"London, England, GB",,MISSING,,"Wed, 25 Jun 2025 14:30:45 UTC",,Part-time,,,Admin/Service – Office Support,HARD_PASS,hard pass title pattern: nurse,ADDITIONAL,,,0.402,workable-84046485F7,https://apply.workable.com/j/84046485F7,https://apply.workable.com/j/84046485F7,,Workable XML job feed
HARD_PASS,RN Case Manager - Overseas,Job Bridge Global,"London, England, GB",,MISSING,,"Thu, 26 Jun 2025 09:39:58 UTC",,Full-time,,,Admin/Service – Office Support,HARD_PASS,hard pass title pattern: manager,ADDITIONAL,,,0.394,workable-042B467671,https://apply.workable.com/j/042B467671,https://apply.workable.com/j/042B467671,,Workable XML job feed
HARD_PASS,RN Clinical Director - Emergency Department - Overseas,Job Bridge Global,"London, England, GB",,MISSING,,"Thu, 26 Jun 2025 10:50:12 UTC",,Full-time,,Health Care Provider,Admin/Service – Office Support,OUT_OF_SCOPE,no admin/service title classification match,ADDITIONAL,,,0.411,workable-472FDF11D8,https://apply.workable.com/j/472FDF11D8,https://apply.workable.com/j/472FDF11D8,,Workable XML job feed
HARD_PASS,ULPS Pediatric Cardiology RN - Overseas,Job Bridge Global,"London, England, GB",,MISSING,,"Thu, 26 Jun 2025 09:48:01 UTC",,Full-time,,,Admin/Service – Office Support,OUT_OF_SCOPE,no admin/service title classification match,ADDITIONAL,,,0.447,workable-F9E57BA585,https://apply.workable.com/j/F9E57BA585,https://apply.workable.com/j/F9E57BA585,,Workable XML job feed
HARD_PASS,Account Director,Jones Knowles Ritchie,"London, England, GB",,MISSING,,"Mon, 13 Jul 2026 13:54:42 UTC",,Full-time,,Marketing,Admin/Service – Office Support,OUT_OF_SCOPE,no admin/service title classification match,ADDITIONAL,,,0.444,workable-43EB0E162E,https://apply.workable.com/j/43EB0E162E,https://apply.workable.com/j/43EB0E162E,,Workable XML job feed
HARD_PASS,Group Business Director - 12 Month MAT Cover,Jones Knowles Ritchie,"London, England, GB",,MISSING,,"Mon, 10 Aug 2026 09:43:20 UTC",,Full-time,,,Admin/Service – Office Support,OUT_OF_SCOPE,no admin/service title classification match,ADDITIONAL,,,0.432,workable-A755C605B8,https://apply.workable.com/j/A755C605B8,https://apply.workable.com/j/A755C605B8,,Workable XML job feed
HARD_PASS,Motion Designer,Jones Knowles Ritchie,"London, England, GB",,MISSING,,"Mon, 10 Aug 2026 17:25:46 UTC",,Full-time,,,Admin/Service – Office Support,OUT_OF_SCOPE,no admin/service title classification match,ADDITIONAL,,,0.432,workable-EB3A4EFF43,https://apply.workable.com/j/EB3A4EFF43,https://apply.workable.com/j/EB3A4EFF43,,Workable XML job feed
HARD_PASS,Senior Designer,Jones Knowles Ritchie,"London, England, GB",,MISSING,,"Fri, 07 Aug 2026 13:26:43 UTC",,Full-time,,Design,Admin/Service – Office Support,HARD_PASS,hard pass title pattern: senior,ADDITIONAL,,,0.427,workable-0D60A6F399,https://apply.workable.com/j/0D60A6F399,https://apply.workable.com/j/0D60A6F399,,Workable XML job feed
HARD_PASS,Senior Digital Designer (Brand/UI/UX),Jones Knowles Ritchie,"London, England, GB",,MISSING,,"Tue, 18 Aug 2026 16:00:42 UTC",,Full-time,,Design,Admin/Service – Office Support,HARD_PASS,hard pass title pattern: senior,ADDITIONAL,,,0.367,workable-C27D657F51,https://apply.workable.com/j/C27D657F51,https://apply.workable.com/j/C27D657F51,,Workable XML job feed
HARD_PASS,Head of People & Capability,Joss Search,"London, England and Wales, GB",,MISSING,,"Mon, 10 Aug 2026 13:19:07 UTC",,Full-time,,,Admin/Service – Office Support,OUT_OF_SCOPE,no admin/service title classification match,ADDITIONAL,,,0.498,workable-BDEA3A9C8A,https://apply.workable.com/j/BDEA3A9C8A,https://apply.workable.com/j/BDEA3A9C8A,,Workable XML job feed
HARD_PASS,Head of Platform & Enablement,Joss Search,"London, England, GB",,MISSING,,"Mon, 10 Aug 2026 13:28:11 UTC",,Full-time,,,Admin/Service – Office Support,OUT_OF_SCOPE,no admin/service title classification match,ADDITIONAL,,,0.496,workable-4DBACA6FD1,https://apply.workable.com/j/4DBACA6FD1,https://apply.workable.com/j/4DBACA6FD1,,Workable XML job feed
HARD_PASS,Client Director,Journey Further,"London, England, GB",,MISSING,,"Mon, 27 Jul 2026 10:33:46 UTC",,Full-time,,Other,Admin/Service – Office Support,OUT_OF_SCOPE,no admin/service title classification match,ADDITIONAL,,,0.464,workable-6FB0593C86,https://apply.workable.com/j/6FB0593C86,https://apply.workable.com/j/6FB0593C86,,Workable XML job feed
HARD_PASS,"Manager, Paid Search",Journey Further,"London, England, GB","£40,000–£45,000",USABLE_REVIEW,"working allowance Salary: Leeds: £34,000 - £40,000 Manchester: £37,000 - £42,000 London: £40,000 - £45,000","Wed, 05 Aug 2026 12:17:40 UTC",,Full-time,,Advertising,Admin/Service – Office Support,HARD_PASS,hard pass title pattern: manager,ADDITIONAL,,,0.422,workable-10CDFA1B97,https://apply.workable.com/j/10CDFA1B97,https://apply.workable.com/j/10CDFA1B97,,Workable XML job feed
HARD_PASS,"Specialist, Tech and Innovation (Tracking and Analytics)",Journey Further,"London, England, GB",,MISSING,,"Mon, 27 Jul 2026 11:30:22 UTC",,Full-time,,Other,Admin/Service – Office Support,OUT_OF_SCOPE,no admin/service title classification match,ADDITIONAL,,,0.417,workable-FA8E829012,https://apply.workable.com/j/FA8E829012,https://apply.workable.com/j/FA8E829012,,Workable XML job feed
HARD_PASS,"Senior Director of Marketing, Edtech",JoVE,"London, England, GB",,MISSING,,"Tue, 07 Jul 2026 15:33:49 UTC",,Full-time,Remote,Marketing,Admin/Service – Office Support,HARD_PASS,hard pass title pattern: senior,ADDITIONAL,,,0.373,workable-4C6C916336,https://apply.workable.com/j/4C6C916336,https://apply.workable.com/j/4C6C916336,,Workable XML job feed
HARD_PASS,Share Your Profile,JUST ONE | Recruitment & Executive Search agency,"London, England, GB",,MISSING,,"Mon, 09 Jun 2025 09:46:58 UTC",,,,,Admin/Service – Office Support,OUT_OF_SCOPE,no admin/service title classification match,ADDITIONAL,,,0.480,workable-7DF7D79CFE,https://apply.workable.com/j/7DF7D79CFE,https://apply.workable.com/j/7DF7D79CFE,,Workable XML job feed
HARD_PASS,AI Enablement Engineer,JustPark,"London, England, GB",,MISSING,,"Mon, 03 Aug 2026 09:15:31 UTC",,Full-time,,,Admin/Service – Office Support,HARD_PASS,hard pass title pattern: engineer,ADDITIONAL,,,0.400,workable-6CBCFEE019,https://apply.workable.com/j/6CBCFEE019,https://apply.workable.com/j/6CBCFEE019,,Workable XML job feed
HARD_PASS,Business Development Manager - Strategic Real Estate,JustPark,"London, England, GB",,MISSING,,"Thu, 02 Apr 2026 17:22:34 UTC",,Full-time,,Sales,Admin/Service – Office Support,HARD_PASS,"hard pass title pattern: business development, manager",ADDITIONAL,,,0.427,workable-8B1E35340A,https://apply.workable.com/j/8B1E35340A,https://apply.workable.com/j/8B1E35340A,,Workable XML job feed
HARD_PASS,Senior Client Operations Manager,JustPark,"London, England, GB",,MISSING,,"Thu, 18 Jun 2026 14:43:52 UTC",,Full-time,,,Admin/Service – Office Support,HARD_PASS,"hard pass title pattern: operations manager, senior, manager",ADDITIONAL,,,0.428,workable-DAF3CEEDA1,https://apply.workable.com/j/DAF3CEEDA1,https://apply.workable.com/j/DAF3CEEDA1,,Workable XML job feed
HARD_PASS,"Senior Product Manager, Events",JustPark,"London, England, GB",,MISSING,,"Mon, 03 Aug 2026 13:02:02 UTC",,Full-time,,,Admin/Service – Office Support,HARD_PASS,"hard pass title pattern: senior, manager",ADDITIONAL,,,0.390,workable-E78D229961,https://apply.workable.com/j/E78D229961,https://apply.workable.com/j/E78D229961,,Workable XML job feed
HARD_PASS,Business Development Lead - UK,Kangal AI,"London, England, GB",,MISSING,,"Fri, 07 Aug 2026 15:58:34 UTC",,Full-time,,Business Development,Admin/Service – Office Support,HARD_PASS,hard pass title pattern: business development,ADDITIONAL,,,0.363,workable-DB23D2DF88,https://apply.workable.com/j/DB23D2DF88,https://apply.workable.com/j/DB23D2DF88,,Workable XML job feed
HARD_PASS,Founding AI Research Scientist (LLMs),Kangal AI,"London, England, GB","£100,000–£160,000",USABLE_REVIEW,"enture-backed company. For the right person we will pay for the fit. senior compensation (£100k - £160k) plus meaningful equity. A proprietary dataset at a scale you cannot get anywhere else, a","Fri, 07 Aug 2026 15:58:34 UTC",,Full-time,,Research,Admin/Service – Office Support,OUT_OF_SCOPE,no admin/service title classification match,ADDITIONAL,,,0.396,workable-652BE7575E,https://apply.workable.com/j/652BE7575E,https://apply.workable.com/j/652BE7575E,,Workable XML job feed
HARD_PASS,Fire Door Inspector,Karntek,"London, England, GB",,MISSING,,"Fri, 24 Jul 2026 08:55:16 UTC",,Full-time,Remote,Other,Admin/Service – Office Support,OUT_OF_SCOPE,no admin/service title classification match,ADDITIONAL,,,0.518,workable-FA4FB2D319,https://apply.workable.com/j/FA4FB2D319,https://apply.workable.com/j/FA4FB2D319,,Workable XML job feed
HARD_PASS,Fire Engineer,Karntek,"London, England, GB",,MISSING,,"Thu, 09 Jul 2026 14:56:56 UTC",,Full-time,Remote,,Admin/Service – Office Support,HARD_PASS,hard pass title pattern: engineer,ADDITIONAL,,,0.478,workable-A4919B5200,https://apply.workable.com/j/A4919B5200,https://apply.workable.com/j/A4919B5200,,Workable XML job feed
HARD_PASS,Passive Fire Surveyor,Karntek,"London, England, GB",,MISSING,,"Wed, 22 Jul 2026 12:01:34 UTC",,Full-time,Remote,Other,Admin/Service – Office Support,OUT_OF_SCOPE,no admin/service title classification match,ADDITIONAL,,,0.421,workable-BEDCD805A0,https://apply.workable.com/j/BEDCD805A0,https://apply.workable.com/j/BEDCD805A0,,Workable XML job feed
HARD_PASS,Retail Fragrance Consultant - Selfridges - London,Kayali,"London, England, GB",,MISSING,,"Wed, 05 Aug 2026 11:07:45 UTC",,Full-time,,,Admin/Service – Office Support,OUT_OF_SCOPE,no admin/service title classification match,ADDITIONAL,,,0.341,workable-EBD1F65564,https://apply.workable.com/j/EBD1F65564,https://apply.workable.com/j/EBD1F65564,,Workable XML job feed
HARD_PASS,"Senior PR, Events and Influencer Manager (UK/EU)",Kayali,"London, England, GB",,MISSING,,"Mon, 08 Jun 2026 15:22:46 UTC",,,,Marketing,Admin/Service – Office Support,HARD_PASS,"hard pass title pattern: senior, manager",ADDITIONAL,,,0.349,workable-3293D0F38B,https://apply.workable.com/j/3293D0F38B,https://apply.workable.com/j/3293D0F38B,,Workable XML job feed
HARD_PASS,AI Revenue Growth Manager,Keywords Studios,"London, England, GB",,MISSING,,"Thu, 13 Aug 2026 13:00:48 UTC",,,,Business Development,Admin/Service – Office Support,HARD_PASS,hard pass title pattern: manager,ADDITIONAL,,,0.430,workable-187B14B7C8,https://apply.workable.com/j/187B14B7C8,https://apply.workable.com/j/187B14B7C8,,Workable XML job feed
HARD_PASS,Mid-Weight Designer - Fixed Term Contract - Waste Creative,Keywords Studios,"London, England, GB","£35,000–£40,000",USABLE_REVIEW,"s position is offered on a 6-month fixed-term contract. The salary range for this role is £35,000–£40,000 per annum (pro rata). Responsibilities: Support the design team’s output across the busine","Wed, 15 Jul 2026 10:12:00 UTC",,Full-time,,,Admin/Service – Office Support,OUT_OF_SCOPE,no admin/service title classification match,ADDITIONAL,,,0.435,workable-E5981E0DB4,https://apply.workable.com/j/E5981E0DB4,https://apply.workable.com/j/E5981E0DB4,,Workable XML job feed
HARD_PASS,Producer - ICHI,Keywords Studios,"London, England, GB",,MISSING,,"Fri, 14 Aug 2026 12:57:55 UTC",,Full-time,,Production,Admin/Service – Office Support,OUT_OF_SCOPE,no admin/service title classification match,ADDITIONAL,,,0.388,workable-0F7AF548EB,https://apply.workable.com/j/0F7AF548EB,https://apply.workable.com/j/0F7AF548EB,,Workable XML job feed
HARD_PASS,"Managing Director, Center of Excellence in Mental Health",Khibraty,"London, England, GB",,MISSING,,"Fri, 26 Sep 2025 13:09:21 UTC",,,,,Admin/Service – Office Support,OUT_OF_SCOPE,no admin/service title classification match,ADDITIONAL,,,0.356,workable-DC2E4CD89E,https://apply.workable.com/j/DC2E4CD89E,https://apply.workable.com/j/DC2E4CD89E,,Workable XML job feed
HARD_PASS,Algorithm Engineer,Ki,"London, England, GB",,MISSING,,"Fri, 24 Apr 2026 14:41:33 UTC",,Full-time,,,Admin/Service – Office Support,HARD_PASS,hard pass title pattern: engineer,ADDITIONAL,,,0.302,workable-72D88AF6A5,https://apply.workable.com/j/72D88AF6A5,https://apply.workable.com/j/72D88AF6A5,,Workable XML job feed
HARD_PASS,Associate Data Scientist,Ki,"London, England, GB",,MISSING,,"Mon, 17 Aug 2026 11:37:50 UTC",,Full-time,,Science,Admin/Service – Office Support,OUT_OF_SCOPE,no admin/service title classification match,ADDITIONAL,,,0.342,workable-D6BD5490C0,https://apply.workable.com/j/D6BD5490C0,https://apply.workable.com/j/D6BD5490C0,,Workable XML job feed
HARD_PASS,Corporate Actuarial Manager,Ki,"London, England, GB",,MISSING,,"Wed, 08 Jul 2026 21:56:38 UTC",,,,,Admin/Service – Office Support,HARD_PASS,hard pass title pattern: manager,ADDITIONAL,,,0.333,workable-0159451EBF,https://apply.workable.com/j/0159451EBF,https://apply.workable.com/j/0159451EBF,,Workable XML job feed
HARD_PASS,Data Engineer,Ki,"London, England, GB",,MISSING,,"Tue, 04 Aug 2026 15:38:07 UTC",,Full-time,,Engineering,Admin/Service – Office Support,HARD_PASS,hard pass title pattern: engineer,ADDITIONAL,,,0.365,workable-D54843DDF6,https://apply.workable.com/j/D54843DDF6,https://apply.workable.com/j/D54843DDF6,,Workable XML job feed
HARD_PASS,Engineering Manager,Ki,"London, England, GB",,MISSING,,"Wed, 29 Jul 2026 14:07:32 UTC",,Full-time,,Engineering,Admin/Service – Office Support,HARD_PASS,"hard pass title pattern: engineer, manager",ADDITIONAL,,,0.312,workable-01D9CD8814,https://apply.workable.com/j/01D9CD8814,https://apply.workable.com/j/01D9CD8814,,Workable XML job feed
HARD_PASS,Financial Accountant,Ki,"London, England, GB",,MISSING,,"Wed, 12 Aug 2026 20:25:16 UTC",,,,,Admin/Service – Office Support,OUT_OF_SCOPE,no admin/service title classification match,ADDITIONAL,,,0.389,workable-30FEF124D6,https://apply.workable.com/j/30FEF124D6,https://apply.workable.com/j/30FEF124D6,,Workable XML job feed
HARD_PASS,Full Stack Engineer,Ki,"London, England, GB",,MISSING,,"Fri, 17 Jul 2026 16:01:59 UTC",,Full-time,,Engineering,Admin/Service – Office Support,HARD_PASS,hard pass title pattern: engineer,ADDITIONAL,,,0.313,workable-F267AACF5E,https://apply.workable.com/j/F267AACF5E,https://apply.workable.com/j/F267AACF5E,,Workable XML job feed
HARD_PASS,Outwards Reinsurance Manager,Ki,"London, England, GB",,MISSING,,"Fri, 26 Jun 2026 16:07:00 UTC",,,,,Admin/Service – Office Support,HARD_PASS,hard pass title pattern: manager,ADDITIONAL,,,0.332,workable-C26ED95991,https://apply.workable.com/j/C26ED95991,https://apply.workable.com/j/C26ED95991,,Workable XML job feed
HARD_PASS,Senior Full Stack Engineer,Ki,"London, England, GB",,MISSING,,"Mon, 10 Nov 2025 12:17:05 UTC",,Full-time,,Engineering,Admin/Service – Office Support,HARD_PASS,"hard pass title pattern: engineer, senior",ADDITIONAL,,,0.289,workable-F2410D8EAC,https://apply.workable.com/j/F2410D8EAC,https://apply.workable.com/j/F2410D8EAC,,Workable XML job feed
HARD_PASS,Senior Non-Natural Catastrophe Analyst,Ki,"London, GB",,MISSING,,"Mon, 11 May 2026 15:36:39 UTC",,Full-time,,Data Analyst,Admin/Service – Office Support,HARD_PASS,hard pass title pattern: senior,ADDITIONAL,,,0.328,workable-EFFDBC0DC6,https://apply.workable.com/j/EFFDBC0DC6,https://apply.workable.com/j/EFFDBC0DC6,,Workable XML job feed
HARD_PASS,Maintenance Specialist,Kitt,"London, England, GB","£36,000–£48,000",USABLE_REVIEW,"erous stock option scheme (ask us what this means if you’re not sure) 🤑Starting salary of £36,000 - £48,000 🏖 28 days holidays a year plus Bank Holidays 🍼 Parental leave: up to 12 weeks paid parenta","Tue, 12 May 2026 15:04:09 UTC",,,,,Admin/Service – Office Support,OUT_OF_SCOPE,no admin/service title classification match,ADDITIONAL,,,0.489,workable-ADB496403D,https://apply.workable.com/j/ADB496403D,https://apply.workable.com/j/ADB496403D,,Workable XML job feed
HARD_PASS,Warehouse Supervisor,Kitt,"London, England, GB","£37,000",USABLE_REVIEW,"k option scheme (ask us what this means if you’re not sure) 🤑 Starting salary of £32,000 (£37K pro rata when covering early driver shift(s) when necessary) 🏖 28 days holidays a year pl","Tue, 11 Aug 2026 09:35:48 UTC",,,,,Admin/Service – Office Support,HARD_PASS,hard pass title pattern: warehouse,ADDITIONAL,,,0.493,workable-C6EE51BE57,https://apply.workable.com/j/C6EE51BE57,https://apply.workable.com/j/C6EE51BE57,,Workable XML job feed
HARD_PASS,"Associate Director, Digital Operations",Kobalt Music,"London, England, GB",,MISSING,,"Fri, 10 Jul 2026 17:20:20 UTC",,,,,Admin/Service – Office Support,OUT_OF_SCOPE,no admin/service title classification match,ADDITIONAL,,,0.400,workable-C8E1270544,https://apply.workable.com/j/C8E1270544,https://apply.workable.com/j/C8E1270544,,Workable XML job feed
HARD_PASS,"Senior Director, Corporate Finance",Kobalt Music,"London, England, GB",,MISSING,,"Fri, 10 Jul 2026 10:59:28 UTC",,Full-time,,Finance,Admin/Service – Office Support,HARD_PASS,hard pass title pattern: senior,ADDITIONAL,,,0.418,workable-33FA9BAF7E,https://apply.workable.com/j/33FA9BAF7E,https://apply.workable.com/j/33FA9BAF7E,,Workable XML job feed
HARD_PASS,Account Manager,Kody,"London, England, GB",,MISSING,,"Sat, 17 Jan 2026 04:10:22 UTC",,Full-time,,Customer Service,Admin/Service – Office Support,HARD_PASS,"hard pass title pattern: account manager, manager",ADDITIONAL,,,0.372,workable-1F0A9873C7,https://apply.workable.com/j/1F0A9873C7,https://apply.workable.com/j/1F0A9873C7,,Workable XML job feed
HARD_PASS,Customer Operation Manager,Kody,"London, England, GB",,MISSING,,"Wed, 08 Jul 2026 02:44:53 UTC",,Full-time,,,Admin/Service – Office Support,HARD_PASS,hard pass title pattern: manager,ADDITIONAL,,,0.409,workable-347AD69F98,https://apply.workable.com/j/347AD69F98,https://apply.workable.com/j/347AD69F98,,Workable XML job feed
HARD_PASS,Customer Operations Manager (Chinese Speaking),Kody,"London, England, GB",,MISSING,,"Tue, 04 Aug 2026 14:20:01 UTC",,Full-time,,Customer Service,Admin/Service – Office Support,HARD_PASS,"hard pass title pattern: operations manager, manager",ADDITIONAL,,,0.384,workable-8BD412969A,https://apply.workable.com/j/8BD412969A,https://apply.workable.com/j/8BD412969A,,Workable XML job feed
HARD_PASS,Payments ISO & Referral Partnership Manager,Kody,"London, England, GB",,MISSING,,"Thu, 16 Apr 2026 11:50:07 UTC",,Full-time,,Sales,Admin/Service – Office Support,HARD_PASS,hard pass title pattern: manager,ADDITIONAL,,,0.340,workable-7BD5619036,https://apply.workable.com/j/7BD5619036,https://apply.workable.com/j/7BD5619036,,Workable XML job feed
HARD_PASS,Sales Development Representative,Kody,"London, England, GB",,MISSING,,"Thu, 13 Aug 2026 07:54:33 UTC",,,,,Admin/Service – Office Support,OUT_OF_SCOPE,no admin/service title classification match,ADDITIONAL,,,0.372,workable-A78962CB66,https://apply.workable.com/j/A78962CB66,https://apply.workable.com/j/A78962CB66,,Workable XML job feed
HARD_PASS,Sales Executive - Hotel Solution,Kody,"London, England, GB",,MISSING,,"Wed, 24 Jun 2026 06:20:43 UTC",,Full-time,Remote,Sales,Admin/Service – Office Support,HARD_PASS,hard pass title pattern: sales executive,ADDITIONAL,,,0.391,workable-23F4D8DECF,https://apply.workable.com/j/23F4D8DECF,https://apply.workable.com/j/23F4D8DECF,,Workable XML job feed
HARD_PASS,Sales Manager (UK),Kody,"London, England, GB",,MISSING,,"Fri, 14 Aug 2026 11:21:22 UTC",,,,Sales,Admin/Service – Office Support,HARD_PASS,hard pass title pattern: manager,ADDITIONAL,,,0.374,workable-3C79578D90,https://apply.workable.com/j/3C79578D90,https://apply.workable.com/j/3C79578D90,,Workable XML job feed
HARD_PASS,Senior Product Manager- payment,Kody,"London, England, GB",,MISSING,,"Thu, 20 Aug 2026 05:05:38 UTC",,,,,Admin/Service – Office Support,HARD_PASS,"hard pass title pattern: senior, manager",ADDITIONAL,,,0.355,workable-2719BA86F6,https://apply.workable.com/j/2719BA86F6,https://apply.workable.com/j/2719BA86F6,,Workable XML job feed
HARD_PASS,VP Commercial and Operations,Kody,"London, England, GB",,MISSING,,"Mon, 08 Sep 2025 10:36:07 UTC",,Full-time,,Sales,Admin/Service – Office Support,OUT_OF_SCOPE,no admin/service title classification match,ADDITIONAL,,,0.411,workable-7B17AE94B8,https://apply.workable.com/j/7B17AE94B8,https://apply.workable.com/j/7B17AE94B8,,Workable XML job feed
HARD_PASS,Head of People Operations,Kooth,"London, England, GB","£70,000",USABLE_REVIEW,"referred. Benefits What You’ll Get: Compensation : The base salary for this role is up to £70,000 per annum. We are committed to transparency and value our candidates’ time, which is why w","Fri, 14 Aug 2026 17:51:47 UTC",,Full-time,,Human Resources,Admin/Service – Office Support,OUT_OF_SCOPE,no admin/service title classification match,ADDITIONAL,,,0.404,workable-402DDAB8BA,https://apply.workable.com/j/402DDAB8BA,https://apply.workable.com/j/402DDAB8BA,,Workable XML job feed
HARD_PASS,Software Engineer,KOPE AI Ltd,"London, England, GB",,MISSING,,"Tue, 11 Aug 2026 10:39:24 UTC",,Full-time,Remote,Engineering,Admin/Service – Office Support,HARD_PASS,hard pass title pattern: engineer,ADDITIONAL,,,0.494,workable-D3D6C556F0,https://apply.workable.com/j/D3D6C556F0,https://apply.workable.com/j/D3D6C556F0,,Workable XML job feed
HARD_PASS,AML Financial Crime Investigator,Kroo Bank Ltd,"London, England, GB",,MISSING,,"Thu, 20 Aug 2026 08:03:39 UTC",,Full-time,,,Admin/Service – Office Support,OUT_OF_SCOPE,no admin/service title classification match,ADDITIONAL,,,0.507,workable-B621AAF6AE,https://apply.workable.com/j/B621AAF6AE,https://apply.workable.com/j/B621AAF6AE,,Workable XML job feed
HARD_PASS,Associate - Structured Finance,Kroo Bank Ltd,"London, England, GB",,MISSING,,"Mon, 10 Aug 2026 08:50:54 UTC",,Full-time,,,Admin/Service – Office Support,OUT_OF_SCOPE,no admin/service title classification match,ADDITIONAL,,,0.457,workable-B0A6653461,https://apply.workable.com/j/B0A6653461,https://apply.workable.com/j/B0A6653461,,Workable XML job feed
HARD_PASS,Cash Reconciliation Specialist,Kroo Bank Ltd,"London, England, GB",,MISSING,,"Mon, 20 Jul 2026 09:59:39 UTC",,Full-time,,,Admin/Service – Office Support,OUT_OF_SCOPE,no admin/service title classification match,ADDITIONAL,,,0.470,workable-9705ACF1C4,https://apply.workable.com/j/9705ACF1C4,https://apply.workable.com/j/9705ACF1C4,,Workable XML job feed
HARD_PASS,Compliance Officer,Kroo Bank Ltd,"London, England, GB",,MISSING,,"Tue, 07 Jul 2026 12:13:54 UTC",,Full-time,,,Admin/Service – Office Support,HARD_PASS,hard pass title pattern: compliance,ADDITIONAL,,,0.483,workable-85466C641B,https://apply.workable.com/j/85466C641B,https://apply.workable.com/j/85466C641B,,Workable XML job feed
HARD_PASS,Data Scientist,Kroo Bank Ltd,"London, England, GB",,MISSING,,"Fri, 19 Jun 2026 06:52:49 UTC",,Full-time,,,Admin/Service – Office Support,OUT_OF_SCOPE,no admin/service title classification match,ADDITIONAL,,,0.545,workable-697C1D0A62,https://apply.workable.com/j/697C1D0A62,https://apply.workable.com/j/697C1D0A62,,Workable XML job feed
HARD_PASS,Financial Controller,Kroo Bank Ltd,"London, England, GB",,MISSING,,"Thu, 18 Jun 2026 06:31:20 UTC",,Full-time,,,Admin/Service – Office Support,OUT_OF_SCOPE,no admin/service title classification match,ADDITIONAL,,,0.512,workable-6B2B4EA7F2,https://apply.workable.com/j/6B2B4EA7F2,https://apply.workable.com/j/6B2B4EA7F2,,Workable XML job feed
HARD_PASS,Financial Crime Advisory Officer,Kroo Bank Ltd,"London, England, GB",,MISSING,,"Tue, 19 May 2026 10:20:19 UTC",,Full-time,,,Admin/Service – Office Support,OUT_OF_SCOPE,no admin/service title classification match,ADDITIONAL,,,0.463,workable-6F8E79D676,https://apply.workable.com/j/6F8E79D676,https://apply.workable.com/j/6F8E79D676,,Workable XML job feed
HARD_PASS,Head of Financial Crime Operations (Central London),Kroo Bank Ltd,"London, England, GB",,MISSING,,"Fri, 26 Jun 2026 09:11:10 UTC",,Full-time,,,Admin/Service – Office Support,OUT_OF_SCOPE,no admin/service title classification match,ADDITIONAL,,,0.432,workable-2CBFD66FF8,https://apply.workable.com/j/2CBFD66FF8,https://apply.workable.com/j/2CBFD66FF8,,Workable XML job feed
HARD_PASS,Head of Financial Planning and Analysis,Kroo Bank Ltd,"London, England, GB",,MISSING,,"Mon, 20 Jul 2026 15:10:50 UTC",,Full-time,,,Admin/Service – Office Support,HARD_PASS,hard pass title pattern: financial planning,ADDITIONAL,,,0.438,workable-95A184EF93,https://apply.workable.com/j/95A184EF93,https://apply.workable.com/j/95A184EF93,,Workable XML job feed
HARD_PASS,Regulatory Reporting Manager,Kroo Bank Ltd,"London, England, GB",,MISSING,,"Wed, 04 Mar 2026 16:36:45 UTC",,Full-time,,,Admin/Service – Office Support,HARD_PASS,hard pass title pattern: manager,ADDITIONAL,,,0.417,workable-BFCF41232A,https://apply.workable.com/j/BFCF41232A,https://apply.workable.com/j/BFCF41232A,,Workable XML job feed
HARD_PASS,Senior Product Analyst,Kroo Bank Ltd,"London, England, GB",,MISSING,,"Fri, 26 Jun 2026 08:04:14 UTC",,Full-time,,,Admin/Service – Office Support,HARD_PASS,hard pass title pattern: senior,ADDITIONAL,,,0.433,workable-0EDB93E181,https://apply.workable.com/j/0EDB93E181,https://apply.workable.com/j/0EDB93E181,,Workable XML job feed
HARD_PASS,Senior Product Manager (Financial Crime and Operations),Kroo Bank Ltd,"London, England, GB",,MISSING,,"Fri, 06 Mar 2026 09:54:19 UTC",,Full-time,,,Admin/Service – Office Support,HARD_PASS,"hard pass title pattern: senior, manager",ADDITIONAL,,,0.442,workable-0210A36127,https://apply.workable.com/j/0210A36127,https://apply.workable.com/j/0210A36127,,Workable XML job feed
HARD_PASS,Head of Commercial,Kudos Services,"London, GB","£90,000",USABLE_REVIEW,"Salary: Up to £90,000 per annum + Annual Bonus Hours: 40 hours per week, Monday to Friday Location: London/Warri","Fri, 31 Jul 2026 08:05:05 UTC",,Full-time,,Management,Admin/Service – Office Support,OUT_OF_SCOPE,no admin/service title classification match,ADDITIONAL,,,0.561,workable-9EC9196E3F,https://apply.workable.com/j/9EC9196E3F,https://apply.workable.com/j/9EC9196E3F,,Workable XML job feed
HARD_PASS,Head of Engineering,Kudos Services,"London, GB","£85,000",USABLE_REVIEW,"Salary: Up to £85,000 per annum + Annual Bonus Hours: 40 hours per week, Monday to Friday Location: Warrington/L","Fri, 31 Jul 2026 08:04:18 UTC",,Full-time,,Engineering,Admin/Service – Office Support,HARD_PASS,hard pass title pattern: engineer,ADDITIONAL,,,0.580,workable-669CEC6B3C,https://apply.workable.com/j/669CEC6B3C,https://apply.workable.com/j/669CEC6B3C,,Workable XML job feed
HARD_PASS,Multi-Skilled Engineer,Kudos Services,"London, England, GB","£44,500",USABLE_REVIEW,"Up to £44,500.00 per annum 40 Hours pw - Monday to Friday 8am to 4.30pm 25 days Annual Leave + Bank Holiday","Mon, 17 Aug 2026 10:20:28 UTC",,Full-time,,Engineering,Admin/Service – Office Support,HARD_PASS,hard pass title pattern: engineer,ADDITIONAL,,,0.542,workable-1F8A648F9A,https://apply.workable.com/j/1F8A648F9A,https://apply.workable.com/j/1F8A648F9A,,Workable XML job feed
HARD_PASS,"12hr Part Time Sales Assistant, Kurt Geiger, Fenwicks Brent Cross",Kurt Geiger,"London, England, GB",,MISSING,,"Wed, 12 Aug 2026 08:01:28 UTC",,Part-time,,,Admin/Service – Office Support,OUT_OF_SCOPE,no admin/service title classification match,ADDITIONAL,,,0.385,workable-66A3B7CFC8,https://apply.workable.com/j/66A3B7CFC8,https://apply.workable.com/j/66A3B7CFC8,,Workable XML job feed
HARD_PASS,"20hr Part Time Sales Assistant, Carvela, Oxford Street - FTC MAT Cover",Kurt Geiger,"London, England, GB",,MISSING,,"Mon, 06 Jul 2026 08:09:00 UTC",,Contract,,,Admin/Service – Office Support,OUT_OF_SCOPE,no admin/service title classification match,ADDITIONAL,,,0.388,workable-EE385FC0D7,https://apply.workable.com/j/EE385FC0D7,https://apply.workable.com/j/EE385FC0D7,,Workable XML job feed
HARD_PASS,"20hr Part Time Sales Assistant, Shoeaholics - Wood Green, Fixed Term Contract",Kurt Geiger,"London, England, GB",,MISSING,,"Tue, 28 Jul 2026 08:28:46 UTC",,Contract,,,Admin/Service – Office Support,OUT_OF_SCOPE,no admin/service title classification match,ADDITIONAL,,,0.381,workable-6C8BAD1E7B,https://apply.workable.com/j/6C8BAD1E7B,https://apply.workable.com/j/6C8BAD1E7B,,Workable XML job feed
HARD_PASS,"24hr Part Time Key Holder, Kurt Geiger, White City",Kurt Geiger,"London, England, GB",,MISSING,,"Mon, 01 Jun 2026 08:37:08 UTC",,Part-time,,,Admin/Service – Office Support,OUT_OF_SCOPE,no admin/service title classification match,ADDITIONAL,,,0.359,workable-16C1119DB4,https://apply.workable.com/j/16C1119DB4,https://apply.workable.com/j/16C1119DB4,,Workable XML job feed
HARD_PASS,"24hr Supervisor, Steve Madden, Westfield White City",Kurt Geiger,"London, GB",,MISSING,,"Tue, 13 Jan 2026 08:46:10 UTC",,Full-time,,,Admin/Service – Office Support,OUT_OF_SCOPE,no admin/service title classification match,ADDITIONAL,,,0.408,workable-0295F054DE,https://apply.workable.com/j/0295F054DE,https://apply.workable.com/j/0295F054DE,,Workable XML job feed
HARD_PASS,"32hr Full Time Sales Assistant, Kurt Geiger, Harrods Kids",Kurt Geiger,"London, England, GB",,MISSING,,"Wed, 08 Jul 2026 09:57:57 UTC",,Full-time,,,Admin/Service – Office Support,OUT_OF_SCOPE,no admin/service title classification match,ADDITIONAL,,,0.374,workable-532344BBC0,https://apply.workable.com/j/532344BBC0,https://apply.workable.com/j/532344BBC0,,Workable XML job feed
HARD_PASS,"32hr Full Time Sales Assistant, Kurt Geiger, Harrods Mens",Kurt Geiger,"London, England, GB",,MISSING,,"Wed, 08 Jul 2026 09:55:53 UTC",,Full-time,,,Admin/Service – Office Support,OUT_OF_SCOPE,no admin/service title classification match,ADDITIONAL,,,0.374,workable-841A22EB83,https://apply.workable.com/j/841A22EB83,https://apply.workable.com/j/841A22EB83,,Workable XML job feed
HARD_PASS,"32hr Full Time Stock Controller, Kurt Geiger, Harrods",Kurt Geiger,"London, England, GB",,MISSING,,"Tue, 21 Jul 2026 14:07:55 UTC",,Full-time,,,Admin/Service – Office Support,OUT_OF_SCOPE,no admin/service title classification match,ADDITIONAL,,,0.376,workable-0871700D5F,https://apply.workable.com/j/0871700D5F,https://apply.workable.com/j/0871700D5F,,Workable XML job feed
HARD_PASS,"32hr Sales Assistant, Harrods, Kurt Geiger Boutique",Kurt Geiger,"London, England, GB",,MISSING,,"Fri, 03 Jan 2025 10:04:30 UTC",,Other,,,Admin/Service – Office Support,OUT_OF_SCOPE,no admin/service title classification match,ADDITIONAL,,,0.389,workable-6941F90754,https://apply.workable.com/j/6941F90754,https://apply.workable.com/j/6941F90754,,Workable XML job feed
HARD_PASS,"39hr Sales Assistant, Men's Footwear, Liberty London",Kurt Geiger,"London, England, GB",,MISSING,,"Wed, 12 Aug 2026 13:20:21 UTC",,Full-time,,,Admin/Service – Office Support,OUT_OF_SCOPE,no admin/service title classification match,ADDITIONAL,,,0.398,workable-B1A5D0CDC9,https://apply.workable.com/j/B1A5D0CDC9,https://apply.workable.com/j/B1A5D0CDC9,,Workable XML job feed
HARD_PASS,"8hr Part Time Sales Assistant, Carvela, Westfield White City",Kurt Geiger,"London, England, GB",,MISSING,,"Mon, 29 Jun 2026 11:04:03 UTC",,Part-time,,,Admin/Service – Office Support,OUT_OF_SCOPE,no admin/service title classification match,ADDITIONAL,,,0.375,workable-DE3B0F1100,https://apply.workable.com/j/DE3B0F1100,https://apply.workable.com/j/DE3B0F1100,,Workable XML job feed
HARD_PASS,"8hr Part Time Sales Assistant, Kids Footwear, Harrods- Temporary",Kurt Geiger,"London, England, GB",,MISSING,,"Mon, 27 Apr 2026 08:03:07 UTC",,Temporary,,,Admin/Service – Office Support,OUT_OF_SCOPE,no admin/service title classification match,ADDITIONAL,,,0.433,workable-493FC2AC97,https://apply.workable.com/j/493FC2AC97,https://apply.workable.com/j/493FC2AC97,,Workable XML job feed
HARD_PASS,"8hr Part Time Sales Assistant, Ladies Footwear, Harrods- Temporary",Kurt Geiger,"London, England, GB",,MISSING,,"Mon, 27 Apr 2026 08:03:33 UTC",,Temporary,,,Admin/Service – Office Support,OUT_OF_SCOPE,no admin/service title classification match,ADDITIONAL,,,0.429,workable-8B5DAB6833,https://apply.workable.com/j/8B5DAB6833,https://apply.workable.com/j/8B5DAB6833,,Workable XML job feed
HARD_PASS,"8hr Part Time Sales Assistant, Mens Footwear, Harrods- Temporary",Kurt Geiger,"London, England, GB",,MISSING,,"Mon, 27 Apr 2026 08:04:09 UTC",,Temporary,,,Admin/Service – Office Support,OUT_OF_SCOPE,no admin/service title classification match,ADDITIONAL,,,0.433,workable-E0EEBBF345,https://apply.workable.com/j/E0EEBBF345,https://apply.workable.com/j/E0EEBBF345,,Workable XML job feed
HARD_PASS,"Alaïa Boutique Manager, Selfridges London",Kurt Geiger,"London, England, GB",,MISSING,,"Mon, 27 Jul 2026 14:00:03 UTC",,Full-time,,,Admin/Service – Office Support,HARD_PASS,hard pass title pattern: manager,ADDITIONAL,,,0.361,workable-B012608BCB,https://apply.workable.com/j/B012608BCB,https://apply.workable.com/j/B012608BCB,,Workable XML job feed
HARD_PASS,Assistant Buyer - Carvela,Kurt Geiger,"London, England, GB",,MISSING,,"Tue, 04 Aug 2026 08:51:25 UTC",,Full-time,,,Admin/Service – Office Support,OUT_OF_SCOPE,no admin/service title classification match,ADDITIONAL,,,0.455,workable-C1B9C96392,https://apply.workable.com/j/C1B9C96392,https://apply.workable.com/j/C1B9C96392,,Workable XML job feed
HARD_PASS,Assistant Designer - Footwear,Kurt Geiger,"London, England, GB",,MISSING,,"Wed, 12 Aug 2026 14:59:05 UTC",,Full-time,,Design,Admin/Service – Office Support,OUT_OF_SCOPE,no admin/service title classification match,ADDITIONAL,,,0.452,workable-C9C01B964B,https://apply.workable.com/j/C9C01B964B,https://apply.workable.com/j/C9C01B964B,,Workable XML job feed
HARD_PASS,Assistant Designer - Footwear and Bags,Kurt Geiger,"London, England, GB",,MISSING,,"Fri, 03 Jul 2026 12:33:05 UTC",,Full-time,,Design,Admin/Service – Office Support,OUT_OF_SCOPE,no admin/service title classification match,ADDITIONAL,,,0.445,workable-468937FD36,https://apply.workable.com/j/468937FD36,https://apply.workable.com/j/468937FD36,,Workable XML job feed
HARD_PASS,"Assistant Manager, Kurt Geiger Flagship Store, Oxford Street",Kurt Geiger,"London, England, GB",,MISSING,,"Mon, 10 Aug 2026 11:13:39 UTC",,Full-time,,,Admin/Service – Office Support,HARD_PASS,hard pass title pattern: manager,ADDITIONAL,,,0.405,workable-8A88C2FC98,https://apply.workable.com/j/8A88C2FC98,https://apply.workable.com/j/8A88C2FC98,,Workable XML job feed
HARD_PASS,Assistant Merchandiser - External Brands,Kurt Geiger,"London, England, GB",,MISSING,,"Thu, 25 Jun 2026 14:45:43 UTC",,Full-time,,,Admin/Service – Office Support,OUT_OF_SCOPE,no admin/service title classification match,ADDITIONAL,,,0.438,workable-3B87DC805F,https://apply.workable.com/j/3B87DC805F,https://apply.workable.com/j/3B87DC805F,,Workable XML job feed
HARD_PASS,"Branch Manager, Kids Footwear, Kurt Geiger, Harrods",Kurt Geiger,"London, England, GB",,MISSING,,"Mon, 10 Aug 2026 09:51:18 UTC",,Full-time,,,Admin/Service – Office Support,HARD_PASS,hard pass title pattern: manager,ADDITIONAL,,,0.382,workable-4AF33555CB,https://apply.workable.com/j/4AF33555CB,https://apply.workable.com/j/4AF33555CB,,Workable XML job feed
HARD_PASS,Designer- Footwear,Kurt Geiger,"London, England, GB",,MISSING,,"Wed, 12 Aug 2026 15:03:15 UTC",,Full-time,,Design,Admin/Service – Office Support,OUT_OF_SCOPE,no admin/service title classification match,ADDITIONAL,,,0.373,workable-2C18CE21AE,https://apply.workable.com/j/2C18CE21AE,https://apply.workable.com/j/2C18CE21AE,,Workable XML job feed
HARD_PASS,Designer- Handbags & Accessories,Kurt Geiger,"London, England, GB",,MISSING,,"Thu, 23 Jul 2026 11:08:40 UTC",,Full-time,,Design,Admin/Service – Office Support,OUT_OF_SCOPE,no admin/service title classification match,ADDITIONAL,,,0.418,workable-878D09090A,https://apply.workable.com/j/878D09090A,https://apply.workable.com/j/878D09090A,,Workable XML job feed
HARD_PASS,Digital Assistant Trading Manager,Kurt Geiger,"London, England, GB",,MISSING,,"Tue, 04 Aug 2026 15:05:20 UTC",,Full-time,,,Admin/Service – Office Support,HARD_PASS,hard pass title pattern: manager,ADDITIONAL,,,0.407,workable-E4CE5D815F,https://apply.workable.com/j/E4CE5D815F,https://apply.workable.com/j/E4CE5D815F,,Workable XML job feed
HARD_PASS,"Full Time Keyholder, Kurt Geiger, Oxford Street",Kurt Geiger,"London, England, GB",,MISSING,,"Mon, 20 Jul 2026 13:37:13 UTC",,Full-time,,,Admin/Service – Office Support,OUT_OF_SCOPE,no admin/service title classification match,ADDITIONAL,,,0.372,workable-8BEFCB0087,https://apply.workable.com/j/8BEFCB0087,https://apply.workable.com/j/8BEFCB0087,,Workable XML job feed
HARD_PASS,"Full Time Sales Assistant, Shoe Heaven, Harrods",Kurt Geiger,"London, England, GB",,MISSING,,"Mon, 05 Aug 2024 16:04:46 UTC",,,,,Admin/Service – Office Support,OUT_OF_SCOPE,no admin/service title classification match,ADDITIONAL,,,0.403,workable-8AAD46BF9D,https://apply.workable.com/j/8AAD46BF9D,https://apply.workable.com/j/8AAD46BF9D,,Workable XML job feed
HARD_PASS,"Full Time Sales Associate, Amina Muaddi Boutique, Harrods, London",Kurt Geiger,"London, England, GB",,MISSING,,"Wed, 19 Nov 2025 09:52:08 UTC",,Part-time,,,Admin/Service – Office Support,OUT_OF_SCOPE,no admin/service title classification match,ADDITIONAL,,,0.401,workable-21D9C92856,https://apply.workable.com/j/21D9C92856,https://apply.workable.com/j/21D9C92856,,Workable XML job feed
HARD_PASS,"Full time Sales Associate, Ladies Footwear, Selfridges London",Kurt Geiger,"London, England, GB",,MISSING,,"Mon, 27 Jul 2026 14:20:25 UTC",,Full-time,,,Admin/Service – Office Support,OUT_OF_SCOPE,no admin/service title classification match,ADDITIONAL,,,0.397,workable-C6C6EDE292,https://apply.workable.com/j/C6C6EDE292,https://apply.workable.com/j/C6C6EDE292,,Workable XML job feed
HARD_PASS,"Full time Sales Associate, Men's Footwear, Selfridges London",Kurt Geiger,"London, England, GB",,MISSING,,"Wed, 12 Aug 2026 14:20:19 UTC",,Full-time,,,Admin/Service – Office Support,OUT_OF_SCOPE,no admin/service title classification match,ADDITIONAL,,,0.379,workable-789CA30193,https://apply.workable.com/j/789CA30193,https://apply.workable.com/j/789CA30193,,Workable XML job feed
HARD_PASS,"Full Time Senior Sales Associate, Amina Muaddi Boutique, Harrods, London",Kurt Geiger,"London, England, GB",,MISSING,,"Fri, 13 Feb 2026 09:36:33 UTC",,Part-time,,,Admin/Service – Office Support,HARD_PASS,hard pass title pattern: senior,ADDITIONAL,,,0.389,workable-5B02D5DA05,https://apply.workable.com/j/5B02D5DA05,https://apply.workable.com/j/5B02D5DA05,,Workable XML job feed
HARD_PASS,"Full Time Stock Controller, Kurt Geiger, Harrods",Kurt Geiger,"London, England, GB",,MISSING,,"Tue, 21 Jul 2026 14:02:22 UTC",,Full-time,,,Admin/Service – Office Support,OUT_OF_SCOPE,no admin/service title classification match,ADDITIONAL,,,0.386,workable-1EE4A2A110,https://apply.workable.com/j/1EE4A2A110,https://apply.workable.com/j/1EE4A2A110,,Workable XML job feed
HARD_PASS,"Full Time Stock Controller, Ladies, Selfridges London",Kurt Geiger,"London, England, GB",,MISSING,,"Fri, 14 Aug 2026 10:50:25 UTC",,Full-time,,,Admin/Service – Office Support,OUT_OF_SCOPE,no admin/service title classification match,ADDITIONAL,,,0.350,workable-63C51B1555,https://apply.workable.com/j/63C51B1555,https://apply.workable.com/j/63C51B1555,,Workable XML job feed
HARD_PASS,"Full Time Stock Controller, Mens, Selfridges London",Kurt Geiger,"London, England, GB",,MISSING,,"Fri, 14 Aug 2026 10:55:33 UTC",,Full-time,,,Admin/Service – Office Support,OUT_OF_SCOPE,no admin/service title classification match,ADDITIONAL,,,0.371,workable-9BA824878C,https://apply.workable.com/j/9BA824878C,https://apply.workable.com/j/9BA824878C,,Workable XML job feed
HARD_PASS,"Full Time Store Host, Kurt Geiger, Oxford Street",Kurt Geiger,"London, England, GB",,MISSING,,"Fri, 20 Feb 2026 16:23:32 UTC",,Full-time,,,Admin/Service – Office Support,OUT_OF_SCOPE,no admin/service title classification match,ADDITIONAL,,,0.386,workable-23B9EBCFBC,https://apply.workable.com/j/23B9EBCFBC,https://apply.workable.com/j/23B9EBCFBC,,Workable XML job feed
HARD_PASS,"Full Time Supervisor, Amina Muaddi Boutique, Harrods",Kurt Geiger,"London, England, GB",,MISSING,,"Thu, 29 Jan 2026 09:25:17 UTC",,Full-time,,,Admin/Service – Office Support,OUT_OF_SCOPE,no admin/service title classification match,ADDITIONAL,,,0.404,workable-16C73BA7C3,https://apply.workable.com/j/16C73BA7C3,https://apply.workable.com/j/16C73BA7C3,,Workable XML job feed
HARD_PASS,"Full Time Supervisor, Carvela, Westfield White City",Kurt Geiger,"London, England, GB",,MISSING,,"Mon, 29 Jun 2026 11:00:26 UTC",,Full-time,,,Admin/Service – Office Support,OUT_OF_SCOPE,no admin/service title classification match,ADDITIONAL,,,0.381,workable-24FA65390F,https://apply.workable.com/j/24FA65390F,https://apply.workable.com/j/24FA65390F,,Workable XML job feed
HARD_PASS,"Golden Goose Boutique Supervisor, Selfridges London",Kurt Geiger,"london, London, GB",,MISSING,,"Wed, 12 Aug 2026 13:50:11 UTC",,Full-time,,,Admin/Service – Office Support,OUT_OF_SCOPE,no admin/service title classification match,ADDITIONAL,,,0.381,workable-522F55DF38,https://apply.workable.com/j/522F55DF38,https://apply.workable.com/j/522F55DF38,,Workable XML job feed
HARD_PASS,Junior Buyer - Accessories,Kurt Geiger,"London, England, GB",,MISSING,,"Mon, 10 Aug 2026 10:20:33 UTC",,Full-time,,Administrative,Admin/Service – Office Support,OUT_OF_SCOPE,no admin/service title classification match,ADDITIONAL,,,0.458,workable-B0AD2A88D9,https://apply.workable.com/j/B0AD2A88D9,https://apply.workable.com/j/B0AD2A88D9,,Workable XML job feed
HARD_PASS,"Luxury Sales Associate, Alaia Boutique, Selfridges London",Kurt Geiger,"London, England, GB",,MISSING,,"Mon, 27 Jul 2026 14:10:46 UTC",,Full-time,,,Admin/Service – Office Support,OUT_OF_SCOPE,no admin/service title classification match,ADDITIONAL,,,0.384,workable-442C50B2E0,https://apply.workable.com/j/442C50B2E0,https://apply.workable.com/j/442C50B2E0,,Workable XML job feed
HARD_PASS,"Part Time Sales Assistant, Steve Madden, Oxford Street",Kurt Geiger,"London, England, GB",,MISSING,,"Wed, 03 Jun 2026 08:28:29 UTC",,Part-time,,,Admin/Service – Office Support,OUT_OF_SCOPE,no admin/service title classification match,ADDITIONAL,,,0.420,workable-43C8B5019F,https://apply.workable.com/j/43C8B5019F,https://apply.workable.com/j/43C8B5019F,,Workable XML job feed
HARD_PASS,"Part Time Sales Associate, Ladies Footwear, Selfridges London",Kurt Geiger,"London, England, GB",,MISSING,,"Mon, 27 Jul 2026 14:16:11 UTC",,Part-time,,,Admin/Service – Office Support,OUT_OF_SCOPE,no admin/service title classification match,ADDITIONAL,,,0.397,workable-F314052AAA,https://apply.workable.com/j/F314052AAA,https://apply.workable.com/j/F314052AAA,,Workable XML job feed
HARD_PASS,"Part Time Sales Associate, Men's Footwear, Selfridges London",Kurt Geiger,"London, England, GB",,MISSING,,"Wed, 12 Aug 2026 14:24:39 UTC",,Full-time,,,Admin/Service – Office Support,OUT_OF_SCOPE,no admin/service title classification match,ADDITIONAL,,,0.379,workable-12F072D9C4,https://apply.workable.com/j/12F072D9C4,https://apply.workable.com/j/12F072D9C4,,Workable XML job feed
HARD_PASS,"Part Time Stock Controller, Ladies, Selfridges London",Kurt Geiger,"London, England, GB",,MISSING,,"Fri, 14 Aug 2026 10:38:50 UTC",,Part-time,,,Admin/Service – Office Support,OUT_OF_SCOPE,no admin/service title classification match,ADDITIONAL,,,0.364,workable-5690E41354,https://apply.workable.com/j/5690E41354,https://apply.workable.com/j/5690E41354,,Workable XML job feed
HARD_PASS,"Part Time Stock Controller, Mens, Selfridges London",Kurt Geiger,"London, England, GB",,MISSING,,"Fri, 14 Aug 2026 10:59:46 UTC",,Part-time,,,Admin/Service – Office Support,OUT_OF_SCOPE,no admin/service title classification match,ADDITIONAL,,,0.371,workable-D36C4ADCCE,https://apply.workable.com/j/D36C4ADCCE,https://apply.workable.com/j/D36C4ADCCE,,Workable XML job feed
HARD_PASS,"Part Time, Luxury Sales Associate, Alaia Boutique, Selfridges London",Kurt Geiger,"London, England, GB",,MISSING,,"Mon, 27 Jul 2026 14:07:29 UTC",,Part-time,,,Admin/Service – Office Support,OUT_OF_SCOPE,no admin/service title classification match,ADDITIONAL,,,0.372,workable-40237B0919,https://apply.workable.com/j/40237B0919,https://apply.workable.com/j/40237B0919,,Workable XML job feed
HARD_PASS,"Retail Sales Manager, Footwear Department, Liberty London",Kurt Geiger,"London, England, GB",,MISSING,,"Tue, 30 Jun 2026 09:08:40 UTC",,Full-time,,,Admin/Service – Office Support,HARD_PASS,hard pass title pattern: manager,ADDITIONAL,,,0.394,workable-E78ADF3B2E,https://apply.workable.com/j/E78ADF3B2E,https://apply.workable.com/j/E78ADF3B2E,,Workable XML job feed
HARD_PASS,Senior Digital Marketing Coordinator,Kurt Geiger,"London, England, GB",,MISSING,,"Mon, 27 Jul 2026 11:13:44 UTC",,Full-time,,,Admin/Service – Office Support,HARD_PASS,hard pass title pattern: senior,ADDITIONAL,,,0.464,workable-0B6C91BAE0,https://apply.workable.com/j/0B6C91BAE0,https://apply.workable.com/j/0B6C91BAE0,,Workable XML job feed
HARD_PASS,"Senior Sales Manager, Kurt Geiger, Ladies, Selfridges London",Kurt Geiger,"London, England, GB",,MISSING,,"Tue, 11 Aug 2026 07:42:21 UTC",,Full-time,,,Admin/Service – Office Support,HARD_PASS,"hard pass title pattern: senior, manager",ADDITIONAL,,,0.400,workable-5CF890CE0D,https://apply.workable.com/j/5CF890CE0D,https://apply.workable.com/j/5CF890CE0D,,Workable XML job feed
HARD_PASS,Store Designer,Kurt Geiger,"London, England, GB",,MISSING,,"Tue, 11 Aug 2026 10:31:46 UTC",,Full-time,,,Admin/Service – Office Support,OUT_OF_SCOPE,no admin/service title classification match,ADDITIONAL,,,0.410,workable-3B280519C0,https://apply.workable.com/j/3B280519C0,https://apply.workable.com/j/3B280519C0,,Workable XML job feed
HARD_PASS,"Supervisor, Carvela, Oxford Street",Kurt Geiger,"London, England, GB",,MISSING,,"Mon, 13 Jul 2026 07:42:35 UTC",,Full-time,,,Admin/Service – Office Support,OUT_OF_SCOPE,no admin/service title classification match,ADDITIONAL,,,0.424,workable-A8F234843C,https://apply.workable.com/j/A8F234843C,https://apply.workable.com/j/A8F234843C,,Workable XML job feed
HARD_PASS,"Supervisor, Kurt Geiger, Oxford Street",Kurt Geiger,"London, England, GB",,MISSING,,"Thu, 05 Feb 2026 16:11:35 UTC",,Full-time,,,Admin/Service – Office Support,OUT_OF_SCOPE,no admin/service title classification match,ADDITIONAL,,,0.394,workable-FE890FF8D6,https://apply.workable.com/j/FE890FF8D6,https://apply.workable.com/j/FE890FF8D6,,Workable XML job feed
HARD_PASS,"Supervisor, Steve Madden, Oxford Street",Kurt Geiger,"London, England, GB",,MISSING,,"Wed, 21 Jan 2026 08:51:39 UTC",,Full-time,,,Admin/Service – Office Support,OUT_OF_SCOPE,no admin/service title classification match,ADDITIONAL,,,0.423,workable-8ECD89CA13,https://apply.workable.com/j/8ECD89CA13,https://apply.workable.com/j/8ECD89CA13,,Workable XML job feed
HARD_PASS,VP of Technology Delivery & Transformation,Kurt Geiger,"London, England, GB",,MISSING,,"Wed, 08 Jul 2026 13:40:35 UTC",,Full-time,,,Admin/Service – Office Support,OUT_OF_SCOPE,no admin/service title classification match,ADDITIONAL,,,0.404,workable-694D2C6D99,https://apply.workable.com/j/694D2C6D99,https://apply.workable.com/j/694D2C6D99,,Workable XML job feed
HARD_PASS,Experienced Legal Advisor - 12 Month FTC,La Fosse,"London, England, GB",,MISSING,,"Fri, 03 Jul 2026 14:24:20 UTC",,,,,Admin/Service – Office Support,HARD_PASS,hard pass title pattern: legal,ADDITIONAL,,,0.411,workable-A8941A1DB9,https://apply.workable.com/j/A8941A1DB9,https://apply.workable.com/j/A8941A1DB9,,Workable XML job feed
HARD_PASS,Experienced Recruitment Consultant - Change and Transformation,La Fosse,"London, England, GB",,MISSING,,"Mon, 13 Jul 2026 14:27:28 UTC",,,,,Admin/Service – Office Support,OUT_OF_SCOPE,no admin/service title classification match,ADDITIONAL,,,0.381,workable-DB826D1D69,https://apply.workable.com/j/DB826D1D69,https://apply.workable.com/j/DB826D1D69,,Workable XML job feed
HARD_PASS,Experienced Recruitment Consultant - Cloud & Infrastructure - Contract Desk,La Fosse,"London, England, GB",,MISSING,,"Mon, 03 Aug 2026 10:17:54 UTC",,,,,Admin/Service – Office Support,OUT_OF_SCOPE,no admin/service title classification match,ADDITIONAL,,,0.383,workable-85BE6389DC,https://apply.workable.com/j/85BE6389DC,https://apply.workable.com/j/85BE6389DC,,Workable XML job feed
HARD_PASS,Experienced Recruitment Consultant - Data & AI,La Fosse,"London, England, GB",,MISSING,,"Wed, 08 Apr 2026 08:23:45 UTC",,Full-time,,,Admin/Service – Office Support,OUT_OF_SCOPE,no admin/service title classification match,ADDITIONAL,,,0.400,workable-8A8DA878C7,https://apply.workable.com/j/8A8DA878C7,https://apply.workable.com/j/8A8DA878C7,,Workable XML job feed
HARD_PASS,Experienced Recruitment Consultant - Information Security - Contract Desk,La Fosse,"London, England, GB",,MISSING,,"Mon, 17 Aug 2026 08:33:56 UTC",,Full-time,,Sales,Admin/Service – Office Support,OUT_OF_SCOPE,no admin/service title classification match,ADDITIONAL,,,0.391,workable-2669E51E99,https://apply.workable.com/j/2669E51E99,https://apply.workable.com/j/2669E51E99,,Workable XML job feed
HARD_PASS,Experienced Recruitment Consultant - Information Security - Perm Desk,La Fosse,"London, England, GB",,MISSING,,"Thu, 11 Jun 2026 09:29:22 UTC",,,,,Admin/Service – Office Support,OUT_OF_SCOPE,no admin/service title classification match,ADDITIONAL,,,0.388,workable-90052BA7A9,https://apply.workable.com/j/90052BA7A9,https://apply.workable.com/j/90052BA7A9,,Workable XML job feed
HARD_PASS,Experienced Recruitment Consultant - Software Engineering,La Fosse,"London, England, GB",,MISSING,,"Wed, 12 Aug 2026 12:26:41 UTC",,,,,Admin/Service – Office Support,HARD_PASS,hard pass title pattern: engineer,ADDITIONAL,,,0.400,workable-49E1FAAD43,https://apply.workable.com/j/49E1FAAD43,https://apply.workable.com/j/49E1FAAD43,,Workable XML job feed
HARD_PASS,Experienced Recruitment Manager - Change & Transformation,La Fosse,"London, England, GB",,MISSING,,"Fri, 05 Jun 2026 08:50:42 UTC",,,,,Admin/Service – Office Support,HARD_PASS,hard pass title pattern: manager,ADDITIONAL,,,0.433,workable-BC742843DB,https://apply.workable.com/j/BC742843DB,https://apply.workable.com/j/BC742843DB,,Workable XML job feed
HARD_PASS,Independent Chair of our Employee Ownership Trust,La Fosse,"London, England, GB",,MISSING,,"Thu, 30 Jul 2026 12:30:40 UTC",,,,,Admin/Service – Office Support,OUT_OF_SCOPE,no admin/service title classification match,ADDITIONAL,,,0.389,workable-7712CC9694,https://apply.workable.com/j/7712CC9694,https://apply.workable.com/j/7712CC9694,,Workable XML job feed
HARD_PASS,Kickstart Your 2026 Career in Tech or Change - Roles Available UK Wide,La Fosse,"London, England, GB","£30,000",USABLE_REVIEW,"Work with leading employers, gaining hands-on experience and earning a starting salary of £30,000, plus bonuses! No Upfront Costs: Get started with zero financial barriers - pay nothing t","Tue, 09 Dec 2025 16:49:19 UTC",,Full-time,,Information Technology,Admin/Service – Office Support,OUT_OF_SCOPE,no admin/service title classification match,ADDITIONAL,,,0.366,workable-2E7F85B6C8,https://apply.workable.com/j/2E7F85B6C8,https://apply.workable.com/j/2E7F85B6C8,,Workable XML job feed
HARD_PASS,Payroll Specialist - 12 month FTC,La Fosse,"London, England, GB",,MISSING,,"Wed, 12 Aug 2026 20:14:29 UTC",,,,Finance,Admin/Service – Office Support,HARD_PASS,hard pass title pattern: payroll,ADDITIONAL,,,0.396,workable-CDCA36521D,https://apply.workable.com/j/CDCA36521D,https://apply.workable.com/j/CDCA36521D,,Workable XML job feed
HARD_PASS,Technical Coach,La Fosse,"London, England, GB",,MISSING,,"Fri, 17 Jul 2026 08:52:02 UTC",,,,,Admin/Service – Office Support,OUT_OF_SCOPE,no admin/service title classification match,ADDITIONAL,,,0.367,workable-78B1A7D262,https://apply.workable.com/j/78B1A7D262,https://apply.workable.com/j/78B1A7D262,,Workable XML job feed
HARD_PASS,Financial Accountant - Part Time,Laka,"London, England, GB",,MISSING,,"Thu, 23 Jul 2026 13:27:20 UTC",,Part-time,,Finance,Admin/Service – Office Support,OUT_OF_SCOPE,no admin/service title classification match,ADDITIONAL,,,0.348,workable-AC63586A7E,https://apply.workable.com/j/AC63586A7E,https://apply.workable.com/j/AC63586A7E,,Workable XML job feed
HARD_PASS,Sales Lead - German Speaking,Laka,"London, England, GB",,MISSING,,"Thu, 30 Jul 2026 06:12:50 UTC",,Full-time,Remote,Sales,Admin/Service – Office Support,OUT_OF_SCOPE,no admin/service title classification match,ADDITIONAL,,,0.373,workable-E9DE4E065B,https://apply.workable.com/j/E9DE4E065B,https://apply.workable.com/j/E9DE4E065B,,Workable XML job feed
HARD_PASS,Sales Executive - B2B SaaS Fintech,Landytech,"London, England, GB",,MISSING,,"Thu, 19 Sep 2024 17:03:11 UTC",,Full-time,,Sales,Admin/Service – Office Support,HARD_PASS,hard pass title pattern: sales executive,ADDITIONAL,,,0.485,workable-5E097CDA8D,https://apply.workable.com/j/5E097CDA8D,https://apply.workable.com/j/5E097CDA8D,,Workable XML job feed
HARD_PASS,Senior Python Engineer - B2B SaaS Fintech - AI,Landytech,"London, England, GB",,MISSING,,"Thu, 28 May 2026 13:24:00 UTC",,Full-time,,Engineering,Admin/Service – Office Support,HARD_PASS,"hard pass title pattern: engineer, senior",ADDITIONAL,,,0.415,workable-4AC0FFF79E,https://apply.workable.com/j/4AC0FFF79E,https://apply.workable.com/j/4AC0FFF79E,,Workable XML job feed
HARD_PASS,Senior Sales Executive - B2B SaaS Fintech,Landytech,"London, England, GB",,MISSING,,"Wed, 05 Feb 2025 18:13:57 UTC",,Full-time,,Sales,Admin/Service – Office Support,HARD_PASS,"hard pass title pattern: sales executive, senior",ADDITIONAL,,,0.492,workable-F9FC335D0E,https://apply.workable.com/j/F9FC335D0E,https://apply.workable.com/j/F9FC335D0E,,Workable XML job feed
HARD_PASS,Customer Support Associate,Lantum,"London, England, GB",,MISSING,,"Wed, 19 Aug 2026 15:04:39 UTC",,Full-time,,,Admin/Service – Office Support,OUT_OF_SCOPE,no admin/service title classification match,ADDITIONAL,,,0.489,workable-6C43BC81BB,https://apply.workable.com/j/6C43BC81BB,https://apply.workable.com/j/6C43BC81BB,,Workable XML job feed
HARD_PASS,Senior Infrastructure Engineer,Laravel,"London, England, GB",,MISSING,,"Thu, 25 Jun 2026 12:29:41 UTC",,Full-time,Remote,Engineering,Admin/Service – Office Support,HARD_PASS,"hard pass title pattern: engineer, senior",ADDITIONAL,,,0.408,workable-98B2BDE405,https://apply.workable.com/j/98B2BDE405,https://apply.workable.com/j/98B2BDE405,,Workable XML job feed
HARD_PASS,"Senior Infrastructure Engineer, PostgreSQL",Laravel,"London, England, GB",,MISSING,,"Tue, 11 Aug 2026 09:39:23 UTC",,Full-time,Remote,Engineering,Admin/Service – Office Support,HARD_PASS,"hard pass title pattern: engineer, senior",ADDITIONAL,,,0.366,workable-5186450D6E,https://apply.workable.com/j/5186450D6E,https://apply.workable.com/j/5186450D6E,,Workable XML job feed
HARD_PASS,Account Manager - B2B,Laundryheap,"London, England, GB",,MISSING,,"Tue, 05 May 2026 08:27:27 UTC",,Full-time,Remote,,Admin/Service – Office Support,HARD_PASS,"hard pass title pattern: account manager, manager",ADDITIONAL,,,0.378,workable-64007143C2,https://apply.workable.com/j/64007143C2,https://apply.workable.com/j/64007143C2,,Workable XML job feed
HARD_PASS,B2B Delivery Manager,Laundryheap,"London, England, GB",,MISSING,,"Fri, 10 Jul 2026 15:01:31 UTC",,Full-time,,Sales,Admin/Service – Office Support,HARD_PASS,hard pass title pattern: manager,ADDITIONAL,,,0.400,workable-FFA6EE13D1,https://apply.workable.com/j/FFA6EE13D1,https://apply.workable.com/j/FFA6EE13D1,,Workable XML job feed
HARD_PASS,Business Development Manager,Laundryheap,"London, England, GB",,MISSING,,"Wed, 27 May 2026 13:20:13 UTC",,Full-time,,,Admin/Service – Office Support,HARD_PASS,"hard pass title pattern: business development, manager",ADDITIONAL,,,0.405,workable-892926869C,https://apply.workable.com/j/892926869C,https://apply.workable.com/j/892926869C,,Workable XML job feed
HARD_PASS,Independent Contractor Delivery Partner Driver - Acton,Laundryheap,"London, England, GB",,MISSING,,"Wed, 11 Oct 2023 08:32:42 UTC",,Contract,,,Admin/Service – Office Support,HARD_PASS,hard pass title pattern: driver,ADDITIONAL,,,0.366,workable-79A57ACEC9,https://apply.workable.com/j/79A57ACEC9,https://apply.workable.com/j/79A57ACEC9,,Workable XML job feed
HARD_PASS,Independent Contractor Delivery Partner Driver - Ealing,Laundryheap,"London, England, GB",,MISSING,,"Wed, 11 Oct 2023 08:27:13 UTC",,Contract,,,Admin/Service – Office Support,HARD_PASS,hard pass title pattern: driver,ADDITIONAL,,,0.363,workable-AEAC36DFC5,https://apply.workable.com/j/AEAC36DFC5,https://apply.workable.com/j/AEAC36DFC5,,Workable XML job feed
HARD_PASS,"Independent Contractor Delivery Partner Driver - Edgware, Greater London",Laundryheap,"Edgware, Greater London, GB",,MISSING,,"Mon, 18 Sep 2023 10:37:37 UTC",,Contract,,,Admin/Service – Office Support,HARD_PASS,hard pass title pattern: driver,ADDITIONAL,,,0.352,workable-A63A698029,https://apply.workable.com/j/A63A698029,https://apply.workable.com/j/A63A698029,,Workable XML job feed
HARD_PASS,Independent Contractor Delivery Partner Driver - Greenford,Laundryheap,"London, England, GB",,MISSING,,"Fri, 06 Oct 2023 07:15:22 UTC",,Contract,,,Admin/Service – Office Support,HARD_PASS,hard pass title pattern: driver,ADDITIONAL,,,0.378,workable-297D4B5BD4,https://apply.workable.com/j/297D4B5BD4,https://apply.workable.com/j/297D4B5BD4,,Workable XML job feed
HARD_PASS,Independent Contractor Delivery Partner Driver - immediate start - Brixton,Laundryheap,"London, England, GB",,MISSING,,"Thu, 05 Oct 2023 14:45:45 UTC",,Contract,,,Admin/Service – Office Support,HARD_PASS,hard pass title pattern: driver,ADDITIONAL,,,0.364,workable-BF1075DE9E,https://apply.workable.com/j/BF1075DE9E,https://apply.workable.com/j/BF1075DE9E,,Workable XML job feed
HARD_PASS,Independent Contractor Delivery Partner Driver - immediate start - Hanger Lane,Laundryheap,"London, England, GB",,MISSING,,"Mon, 11 Sep 2023 08:39:37 UTC",,Contract,,,Admin/Service – Office Support,HARD_PASS,hard pass title pattern: driver,ADDITIONAL,,,0.358,workable-F466724109,https://apply.workable.com/j/F466724109,https://apply.workable.com/j/F466724109,,Workable XML job feed
HARD_PASS,Independent Contractor Delivery Partner Driver - immediate start - Islington,Laundryheap,"London, England, GB",,MISSING,,"Thu, 05 Oct 2023 15:08:16 UTC",,Contract,,,Admin/Service – Office Support,HARD_PASS,hard pass title pattern: driver,ADDITIONAL,,,0.361,workable-BAFF118D83,https://apply.workable.com/j/BAFF118D83,https://apply.workable.com/j/BAFF118D83,,Workable XML job feed
HARD_PASS,Independent Contractor Delivery Partner Driver - immediate start - Linens,Laundryheap,"London, England, GB",,MISSING,,"Mon, 18 Sep 2023 10:37:38 UTC",,Contract,,,Admin/Service – Office Support,HARD_PASS,hard pass title pattern: driver,ADDITIONAL,,,0.366,workable-C38194AEF4,https://apply.workable.com/j/C38194AEF4,https://apply.workable.com/j/C38194AEF4,,Workable XML job feed
HARD_PASS,Independent Contractor Delivery Partner Driver - immediate start - Southall,Laundryheap,"London, England, GB",,MISSING,,"Thu, 05 Oct 2023 15:30:41 UTC",,Contract,,,Admin/Service – Office Support,HARD_PASS,hard pass title pattern: driver,ADDITIONAL,,,0.363,workable-29992AF05A,https://apply.workable.com/j/29992AF05A,https://apply.workable.com/j/29992AF05A,,Workable XML job feed
HARD_PASS,Independent Contractor Delivery Partner Driver - immediate start - Weir Road,Laundryheap,"London, England, GB",,MISSING,,"Mon, 11 Sep 2023 08:42:14 UTC",,Contract,,,Admin/Service – Office Support,HARD_PASS,hard pass title pattern: driver,ADDITIONAL,,,0.361,workable-F73FF8B4D5,https://apply.workable.com/j/F73FF8B4D5,https://apply.workable.com/j/F73FF8B4D5,,Workable XML job feed
HARD_PASS,Independent Contractor Delivery Partner Driver - immediate start -Crystal Palace,Laundryheap,"London, England, GB",,MISSING,,"Wed, 11 Oct 2023 08:33:56 UTC",,Contract,,,Admin/Service – Office Support,HARD_PASS,hard pass title pattern: driver,ADDITIONAL,,,0.354,workable-0D0E7EA545,https://apply.workable.com/j/0D0E7EA545,https://apply.workable.com/j/0D0E7EA545,,Workable XML job feed
HARD_PASS,"Independent Contractor Delivery Partner Driver - immediate start, Barking Road",Laundryheap,"London, England, GB",,MISSING,,"Thu, 05 Oct 2023 14:39:09 UTC",,Contract,,,Admin/Service – Office Support,HARD_PASS,hard pass title pattern: driver,ADDITIONAL,,,0.356,workable-3CF616A206,https://apply.workable.com/j/3CF616A206,https://apply.workable.com/j/3CF616A206,,Workable XML job feed
HARD_PASS,"Independent Contractor Delivery Partner Driver - immediate start, Bethnal Green",Laundryheap,"London, England, GB",,MISSING,,"Mon, 18 Sep 2023 10:37:34 UTC",,Contract,,,Admin/Service – Office Support,HARD_PASS,hard pass title pattern: driver,ADDITIONAL,,,0.355,workable-49EDAAC797,https://apply.workable.com/j/49EDAAC797,https://apply.workable.com/j/49EDAAC797,,Workable XML job feed
HARD_PASS,Operations Associate,Laundryheap,"London, England, GB",,MISSING,,"Tue, 18 Aug 2026 16:13:59 UTC",,Full-time,,,Admin/Service – Office Support,OUT_OF_SCOPE,no admin/service title classification match,ADDITIONAL,,,0.472,workable-B898D12881,https://apply.workable.com/j/B898D12881,https://apply.workable.com/j/B898D12881,,Workable XML job feed
HARD_PASS,Quality Coordinator,LEAP Legal Software,"London, England, GB",,MISSING,,"Thu, 23 Jul 2026 09:18:24 UTC",,Full-time,,Quality Assurance,Admin/Service – Office Support,ELASTIC_FIT,elastic-fit title pattern: coordinator,ADDITIONAL,,,0.572,workable-AD519E8ACB,https://apply.workable.com/j/AD519E8ACB,https://apply.workable.com/j/AD519E8ACB,,Workable XML job feed
HARD_PASS,Corporate Senior Associate,LegalVision,"London, England, GB",,MISSING,,"Mon, 29 Jun 2026 12:51:46 UTC",,Full-time,,Legal,Admin/Service – Office Support,HARD_PASS,hard pass title pattern: senior,ADDITIONAL,,,0.399,workable-3A1A122F5D,https://apply.workable.com/j/3A1A122F5D,https://apply.workable.com/j/3A1A122F5D,,Workable XML job feed
HARD_PASS,Corporate Tax Lawyer 5+ PQE,LegalVision,"London, England, GB",,MISSING,,"Tue, 14 Apr 2026 05:51:12 UTC",,Full-time,,Legal,Admin/Service – Office Support,OUT_OF_SCOPE,no admin/service title classification match,ADDITIONAL,,,0.399,workable-36BEED3616,https://apply.workable.com/j/36BEED3616,https://apply.workable.com/j/36BEED3616,,Workable XML job feed
HARD_PASS,Practice Leader - Commercial 6+ PQE,LegalVision,"London, England, GB",,MISSING,,"Mon, 10 Aug 2026 13:49:58 UTC",,Full-time,,Legal,Admin/Service – Office Support,OUT_OF_SCOPE,no admin/service title classification match,ADDITIONAL,,,0.410,workable-4D39E0CABA,https://apply.workable.com/j/4D39E0CABA,https://apply.workable.com/j/4D39E0CABA,,Workable XML job feed
HARD_PASS,Enterprise Account Executive,Legatics,"London, England, GB",,MISSING,,"Mon, 03 Aug 2026 17:17:34 UTC",,,,Business Development,Admin/Service – Office Support,OUT_OF_SCOPE,no admin/service title classification match,ADDITIONAL,,,0.461,workable-D6ADEA81BF,https://apply.workable.com/j/D6ADEA81BF,https://apply.workable.com/j/D6ADEA81BF,,Workable XML job feed
HARD_PASS,Operations Manager,Legatics,"London, England, GB","£65,000",USABLE_REVIEW,"amiliarity with tools like Google Workspace and Notion. Benefits What we offer you: Up to £65,000 base salary (depending on experience) 25 days holiday per year (plus public holidays). Ear","Mon, 10 Aug 2026 13:22:47 UTC",,Full-time,,,Admin/Service – Office Support,HARD_PASS,"hard pass title pattern: operations manager, manager",ADDITIONAL,,,0.441,workable-74D53E26C8,https://apply.workable.com/j/74D53E26C8,https://apply.workable.com/j/74D53E26C8,,Workable XML job feed
HARD_PASS,Sales Development Representative,Legatics,"London, England, GB","£35,000",USABLE_REVIEW,"eet our requirements, we’d still love to hear from you. Benefits What we offer you: Up to £35,000 base salary (depending on experience) plus £15,000 OTE 25 days holiday per year (plus publ","Thu, 30 Jul 2026 13:01:01 UTC",,Full-time,,Business Development,Admin/Service – Office Support,OUT_OF_SCOPE,no admin/service title classification match,ADDITIONAL,,,0.432,workable-5AF0EC696F,https://apply.workable.com/j/5AF0EC696F,https://apply.workable.com/j/5AF0EC696F,,Workable XML job feed
HARD_PASS,Software Engineer,Legatics,"London, England, GB",,MISSING,,"Fri, 19 Jun 2026 16:39:55 UTC",,,,Engineering,Admin/Service – Office Support,HARD_PASS,hard pass title pattern: engineer,ADDITIONAL,,,0.405,workable-199E98E505,https://apply.workable.com/j/199E98E505,https://apply.workable.com/j/199E98E505,,Workable XML job feed
HARD_PASS,Join our Mentoring Programme,LGBT Great,"London, England, GB",,MISSING,,"Mon, 23 Dec 2024 11:06:30 UTC",,Other,Remote,,Admin/Service – Office Support,OUT_OF_SCOPE,no admin/service title classification match,ADDITIONAL,,,0.422,workable-08CB52B464,https://apply.workable.com/j/08CB52B464,https://apply.workable.com/j/08CB52B464,,Workable XML job feed
HARD_PASS,Join our Talent Community,LGBT Great,"London, England, GB",,MISSING,,"Fri, 20 Dec 2024 12:13:54 UTC",,,,,Admin/Service – Office Support,OUT_OF_SCOPE,no admin/service title classification match,ADDITIONAL,,,0.432,workable-FC88353064,https://apply.workable.com/j/FC88353064,https://apply.workable.com/j/FC88353064,,Workable XML job feed
HARD_PASS,A&R Outbound Sales Executive,Liberty Music PR,"London, England, GB",,MISSING,,"Thu, 12 Mar 2026 12:29:18 UTC",,Contract,Remote,Business Development,Admin/Service – Office Support,HARD_PASS,hard pass title pattern: sales executive,ADDITIONAL,,,0.442,workable-E3B2D5F124,https://apply.workable.com/j/E3B2D5F124,https://apply.workable.com/j/E3B2D5F124,,Workable XML job feed
HARD_PASS,Publicist,Liberty Music PR,"London, England, GB",,MISSING,,"Thu, 26 Mar 2026 08:40:57 UTC",,Contract,Remote,Marketing,Admin/Service – Office Support,OUT_OF_SCOPE,no admin/service title classification match,ADDITIONAL,,,0.395,workable-58BBDEACAA,https://apply.workable.com/j/58BBDEACAA,https://apply.workable.com/j/58BBDEACAA,,Workable XML job feed
HARD_PASS,Radio Plugger,Liberty Music PR,"London, England, GB",,MISSING,,"Thu, 26 Mar 2026 08:40:43 UTC",,Contract,Remote,,Admin/Service – Office Support,OUT_OF_SCOPE,no admin/service title classification match,ADDITIONAL,,,0.416,workable-4D5202D360,https://apply.workable.com/j/4D5202D360,https://apply.workable.com/j/4D5202D360,,Workable XML job feed
HARD_PASS,CrossFit Coach (Level 2 minimum) Founding Coaching Team,Lightbox Health Club,"London, England, GB",,MISSING,,"Mon, 27 Jul 2026 13:38:17 UTC",,Contract,,Training,Admin/Service – Office Support,OUT_OF_SCOPE,no admin/service title classification match,ADDITIONAL,,,0.383,workable-7072B931A7,https://apply.workable.com/j/7072B931A7,https://apply.workable.com/j/7072B931A7,,Workable XML job feed
HARD_PASS,Reformer Pilates Instructor,Lightbox Health Club,"London, England, GB",,MISSING,,"Mon, 27 Jul 2026 13:38:30 UTC",,Contract,,Training,Admin/Service – Office Support,OUT_OF_SCOPE,no admin/service title classification match,ADDITIONAL,,,0.449,workable-BA87026AAA,https://apply.workable.com/j/BA87026AAA,https://apply.workable.com/j/BA87026AAA,,Workable XML job feed
HARD_PASS,Field Sales Rep - London,Living Things,"London, England, GB",,MISSING,,"Wed, 29 Jul 2026 19:59:01 UTC",,Full-time,,Sales,Admin/Service – Office Support,HARD_PASS,hard pass title pattern: field sales,ADDITIONAL,,,0.367,workable-1FF16868F3,https://apply.workable.com/j/1FF16868F3,https://apply.workable.com/j/1FF16868F3,,Workable XML job feed
HARD_PASS,Finance & Credit Control Manager,Living Things,"London, England, GB",,MISSING,,"Tue, 14 Jul 2026 13:41:13 UTC",,,,Finance,Admin/Service – Office Support,HARD_PASS,hard pass title pattern: manager,ADDITIONAL,,,0.498,workable-9F02A97085,https://apply.workable.com/j/9F02A97085,https://apply.workable.com/j/9F02A97085,,Workable XML job feed
HARD_PASS,Foodservice National Account Manager,Living Things,"London, England, GB",,MISSING,,"Mon, 03 Aug 2026 14:33:46 UTC",,Full-time,,Sales,Admin/Service – Office Support,HARD_PASS,"hard pass title pattern: account manager, manager",ADDITIONAL,,,0.398,workable-8F3774D374,https://apply.workable.com/j/8F3774D374,https://apply.workable.com/j/8F3774D374,,Workable XML job feed
HARD_PASS,Head of Special Projects,Living Things,"London, England, GB",,MISSING,,"Thu, 16 Jul 2026 07:16:20 UTC",,,,,Admin/Service – Office Support,OUT_OF_SCOPE,no admin/service title classification match,ADDITIONAL,,,0.400,workable-59C256E22E,https://apply.workable.com/j/59C256E22E,https://apply.workable.com/j/59C256E22E,,Workable XML job feed
HARD_PASS,International Marketing Manager,Living Things,"London, England, GB",,MISSING,,"Thu, 16 Jul 2026 17:48:56 UTC",,,,Marketing,Admin/Service – Office Support,HARD_PASS,hard pass title pattern: manager,ADDITIONAL,,,0.428,workable-BA7E38290C,https://apply.workable.com/j/BA7E38290C,https://apply.workable.com/j/BA7E38290C,,Workable XML job feed
HARD_PASS,International Operations Manager,Living Things,"London, England, GB",,MISSING,,"Tue, 14 Jul 2026 08:15:31 UTC",,Full-time,,Supply Chain,Admin/Service – Office Support,HARD_PASS,"hard pass title pattern: operations manager, manager",ADDITIONAL,,,0.424,workable-CC16C5F12A,https://apply.workable.com/j/CC16C5F12A,https://apply.workable.com/j/CC16C5F12A,,Workable XML job feed
HARD_PASS,Social Media Manager,Living Things,"London, England, GB",,MISSING,,"Thu, 16 Jul 2026 20:00:59 UTC",,Full-time,,Marketing,Admin/Service – Office Support,HARD_PASS,hard pass title pattern: manager,ADDITIONAL,,,0.388,workable-F06CC06B3F,https://apply.workable.com/j/F06CC06B3F,https://apply.workable.com/j/F06CC06B3F,,Workable XML job feed
HARD_PASS,People Business Partner,LMAX Group,"London, England, GB","£85,000",USABLE_REVIEW,"force, often across multiple locations/time zones and competing priorities. Salary: Up to £85,000 DOE - Hybrid, 4 days in the office Responsibilities: Strategic business partnering Build c","Wed, 17 Jun 2026 13:29:29 UTC",,,,,Admin/Service – Office Support,OUT_OF_SCOPE,no admin/service title classification match,ADDITIONAL,,,0.492,workable-90D72F59C9,https://apply.workable.com/j/90D72F59C9,https://apply.workable.com/j/90D72F59C9,,Workable XML job feed
HARD_PASS,Python Developer,LMAX Group,"London, England, GB",,MISSING,,"Tue, 21 Apr 2026 08:51:37 UTC",,Full-time,,,Admin/Service – Office Support,OUT_OF_SCOPE,no admin/service title classification match,ADDITIONAL,,,0.450,workable-CFCF17F875,https://apply.workable.com/j/CFCF17F875,https://apply.workable.com/j/CFCF17F875,,Workable XML job feed
HARD_PASS,Senior Project Manager - Transmission & Distribution,LOCKROSE Limited,"London, GB",,MISSING,,"Mon, 11 May 2026 08:16:25 UTC",,Full-time,,Project Management,Admin/Service – Office Support,HARD_PASS,"hard pass title pattern: senior, manager",ADDITIONAL,,,0.567,workable-CE00E916BF,https://apply.workable.com/j/CE00E916BF,https://apply.workable.com/j/CE00E916BF,,Workable XML job feed
HARD_PASS,Assistant Manager,London Bridge Rooftop,"London, England, GB",,MISSING,,"Mon, 20 Jul 2026 11:03:37 UTC",,Full-time,,Other,Admin/Service – Office Support,HARD_PASS,hard pass title pattern: manager,ADDITIONAL,,,0.468,workable-BEFE898975,https://apply.workable.com/j/BEFE898975,https://apply.workable.com/j/BEFE898975,,Workable XML job feed
HARD_PASS,Bartender (Full & Part Time) OTE 19 POUNDS,London Bridge Rooftop,"London, England, GB",,MISSING,,"Fri, 20 Mar 2026 18:07:31 UTC",,Full-time,,Other,Admin/Service – Office Support,OUT_OF_SCOPE,no admin/service title classification match,ADDITIONAL,,,0.370,workable-1F5B32ED97,https://apply.workable.com/j/1F5B32ED97,https://apply.workable.com/j/1F5B32ED97,,Workable XML job feed
HARD_PASS,Floor staff (Full Time/Part time) OTE 19 POUNDS,London Bridge Rooftop,"London, England, GB",,MISSING,,"Sat, 07 Mar 2026 13:39:58 UTC",,Full-time,,,Admin/Service – Office Support,OUT_OF_SCOPE,no admin/service title classification match,ADDITIONAL,,,0.408,workable-0D9809A649,https://apply.workable.com/j/0D9809A649,https://apply.workable.com/j/0D9809A649,,Workable XML job feed
HARD_PASS,Host (Full & Part Time) OTE 19 Pounds,London Bridge Rooftop,"London, England, GB",,MISSING,,"Sat, 07 Mar 2026 13:19:54 UTC",,Full-time,,Other,Admin/Service – Office Support,OUT_OF_SCOPE,no admin/service title classification match,ADDITIONAL,,,0.388,workable-087070C5D0,https://apply.workable.com/j/087070C5D0,https://apply.workable.com/j/087070C5D0,,Workable XML job feed
HARD_PASS,Executive Director,London Children's Ballet,"London, England, GB","£60,000",USABLE_REVIEW,"rts to: Board of Trustees Key partners: Artistic Directors (Co-Leadership model) Salary : £60,000 per annum, pro rata Start date: October 2026 ideally, but flexible for the right candidate","Thu, 20 Aug 2026 07:59:53 UTC",,Part-time,,Management,Admin/Service – Office Support,OUT_OF_SCOPE,no admin/service title classification match,ADDITIONAL,,,0.487,workable-A29C6F510D,https://apply.workable.com/j/A29C6F510D,https://apply.workable.com/j/A29C6F510D,,Workable XML job feed
HARD_PASS,Civils and Services Lead,LondonEnergy,"London, England, GB","£62,000–£72,000",USABLE_REVIEW,"Job Title: Civils and Services Lead Type: Full Time, Permanent Salary: £62,000.00 - £72,000.00 Location: EcoPark, Edmonton North London About LondonEnergy At LondonEnergy, we’re proud o","Thu, 18 Jun 2026 15:22:41 UTC",,Full-time,,,Admin/Service – Office Support,OUT_OF_SCOPE,no admin/service title classification match,ADDITIONAL,,,0.428,workable-6C3E8ED1CB,https://apply.workable.com/j/6C3E8ED1CB,https://apply.workable.com/j/6C3E8ED1CB,,Workable XML job feed
HARD_PASS,Class 2 Driver / Maintenance Operative,LondonEnergy,"London, England, GB",,MISSING,,"Wed, 12 Aug 2026 14:05:29 UTC",,Full-time,,,Admin/Service – Office Support,HARD_PASS,"hard pass title pattern: driver, operative",ADDITIONAL,,,0.422,workable-356C795F1A,https://apply.workable.com/j/356C795F1A,https://apply.workable.com/j/356C795F1A,,Workable XML job feed
HARD_PASS,Electrical and Instrumentation Technician,LondonEnergy,"London, England, GB","£53,890",USABLE_REVIEW,"Instrumentation Technician Day Shift, Monday - Friday Type: Full Time, Permanent Salary: £53,889.56 Location: Edmonton, London About LondonEnergy At LondonEnergy, we’re proud of our vital ro","Thu, 06 Aug 2026 08:09:50 UTC",,,,,Admin/Service – Office Support,HARD_PASS,hard pass title pattern: technician,ADDITIONAL,,,0.399,workable-34C685BEEB,https://apply.workable.com/j/34C685BEEB,https://apply.workable.com/j/34C685BEEB,,Workable XML job feed
HARD_PASS,F&E Manager - 12 Month FTC,LondonEnergy,"London, England, GB","£70,000–£80,000",USABLE_REVIEW,"Job Title: Real Estates Manager Type: Full Time, 12 Fixed-Term Contract Salary : £70,000.00 - £80,000.00 Location: LondonEnergy EcoPark - Edmonton, North London About LondonEnergy: At LondonEnerg","Wed, 05 Aug 2026 15:16:10 UTC",,Contract,,,Admin/Service – Office Support,HARD_PASS,hard pass title pattern: manager,ADDITIONAL,,,0.366,workable-600CC57E97,https://apply.workable.com/j/600CC57E97,https://apply.workable.com/j/600CC57E97,,Workable XML job feed
HARD_PASS,Mechanical Engineering Manager,LondonEnergy,"London, England, GB","£85,000–£90,000",USABLE_REVIEW,"Job Title: Mechanical Engineering Manager Type: Full Time, Permanent Salary: £85,000.00 to £90,000.00 + 10% Individual Performance Based Bonus Location: EcoPark, Edmonton North London About Lo","Thu, 09 Jul 2026 08:36:05 UTC",,Full-time,,Engineering,Admin/Service – Office Support,HARD_PASS,"hard pass title pattern: engineer, mechanic, manager",ADDITIONAL,,,0.413,workable-FA4B724062,https://apply.workable.com/j/FA4B724062,https://apply.workable.com/j/FA4B724062,,Workable XML job feed
HARD_PASS,Graduate Machine Learning Researcher,Longshot Systems Ltd,"London, England, GB",,MISSING,,"Fri, 24 Jul 2026 22:16:20 UTC",,Full-time,,,Admin/Service – Office Support,OUT_OF_SCOPE,no admin/service title classification match,ADDITIONAL,,,0.443,workable-EA27D81554,https://apply.workable.com/j/EA27D81554,https://apply.workable.com/j/EA27D81554,,Workable XML job feed
HARD_PASS,Senior Machine Learning Engineer,Longshot Systems Ltd,"London, GB",,MISSING,,"Thu, 20 Aug 2026 15:21:26 UTC",,Full-time,,Engineering,Admin/Service – Office Support,HARD_PASS,"hard pass title pattern: engineer, senior",ADDITIONAL,,,0.471,workable-AC5D2EC5B4,https://apply.workable.com/j/AC5D2EC5B4,https://apply.workable.com/j/AC5D2EC5B4,,Workable XML job feed
HARD_PASS,Senior Software Engineer (Platform),Longshot Systems Ltd,"London, England, GB",,MISSING,,"Wed, 12 Aug 2026 08:15:35 UTC",,Full-time,,,Admin/Service – Office Support,HARD_PASS,"hard pass title pattern: engineer, senior",ADDITIONAL,,,0.436,workable-8003502359,https://apply.workable.com/j/8003502359,https://apply.workable.com/j/8003502359,,Workable XML job feed
HARD_PASS,Software Engineer,Longshot Systems Ltd,"London, GB",,MISSING,,"Tue, 16 Jun 2026 12:52:29 UTC",,Full-time,,Engineering,Admin/Service – Office Support,HARD_PASS,hard pass title pattern: engineer,ADDITIONAL,,,0.486,workable-7EE72B0E07,https://apply.workable.com/j/7EE72B0E07,https://apply.workable.com/j/7EE72B0E07,,Workable XML job feed
HARD_PASS,Sports Betting Trading Analyst,Longshot Systems Ltd,"London, England, GB",,MISSING,,"Fri, 24 Apr 2026 11:33:11 UTC",,,,,Admin/Service – Office Support,OUT_OF_SCOPE,no admin/service title classification match,ADDITIONAL,,,0.427,workable-5AA746E93D,https://apply.workable.com/j/5AA746E93D,https://apply.workable.com/j/5AA746E93D,,Workable XML job feed
HARD_PASS,"Account Manager, Publisher Partnerships",LoopMe,"London, England, GB",,MISSING,,"Wed, 15 Jul 2026 08:42:28 UTC",,Full-time,,,Admin/Service – Office Support,HARD_PASS,"hard pass title pattern: account manager, manager",ADDITIONAL,,,0.417,workable-F1B35AD378,https://apply.workable.com/j/F1B35AD378,https://apply.workable.com/j/F1B35AD378,,Workable XML job feed
HARD_PASS,"Account Manager, SSP Partnerships",LoopMe,"London, England, GB",,MISSING,,"Wed, 20 May 2026 15:40:37 UTC",,,,,Admin/Service – Office Support,HARD_PASS,"hard pass title pattern: account manager, manager",ADDITIONAL,,,0.402,workable-388284B775,https://apply.workable.com/j/388284B775,https://apply.workable.com/j/388284B775,,Workable XML job feed
HARD_PASS,AVP Data Science,LoopMe,"London, England, GB",,MISSING,,"Tue, 14 Jul 2026 18:11:36 UTC",,,,,Admin/Service – Office Support,OUT_OF_SCOPE,no admin/service title classification match,ADDITIONAL,,,0.351,workable-17D56DDDBF,https://apply.workable.com/j/17D56DDDBF,https://apply.workable.com/j/17D56DDDBF,,Workable XML job feed
HARD_PASS,Integration Support Manager,LoopMe,"London, England, GB",,MISSING,,"Tue, 14 Jul 2026 09:13:14 UTC",,,,,Admin/Service – Office Support,HARD_PASS,hard pass title pattern: manager,ADDITIONAL,,,0.434,workable-B1BBFF30D1,https://apply.workable.com/j/B1BBFF30D1,https://apply.workable.com/j/B1BBFF30D1,,Workable XML job feed
HARD_PASS,Intelligent Marketplace - Talent Pool,LoopMe,"London, England, GB",,MISSING,,"Tue, 30 Apr 2024 08:48:31 UTC",,Full-time,,,Admin/Service – Office Support,OUT_OF_SCOPE,no admin/service title classification match,ADDITIONAL,,,0.407,workable-58D50C4B6F,https://apply.workable.com/j/58D50C4B6F,https://apply.workable.com/j/58D50C4B6F,,Workable XML job feed
HARD_PASS,Sales - Talent Pool,LoopMe,"London, England, GB",,MISSING,,"Thu, 27 Jul 2023 15:03:23 UTC",,Full-time,,Sales,Admin/Service – Office Support,OUT_OF_SCOPE,no admin/service title classification match,ADDITIONAL,,,0.425,workable-9258A33270,https://apply.workable.com/j/9258A33270,https://apply.workable.com/j/9258A33270,,Workable XML job feed
HARD_PASS,Supply Operations Lead,LoopMe,"London, England, GB",,MISSING,,"Fri, 14 Aug 2026 11:06:15 UTC",,,,,Admin/Service – Office Support,OUT_OF_SCOPE,no admin/service title classification match,ADDITIONAL,,,0.415,workable-E510243E43,https://apply.workable.com/j/E510243E43,https://apply.workable.com/j/E510243E43,,Workable XML job feed
HARD_PASS,Finance Manager,Low Carbon,"London, England, GB",,MISSING,,"Thu, 06 Aug 2026 16:01:25 UTC",,Full-time,,Finance,Admin/Service – Office Support,HARD_PASS,hard pass title pattern: manager,ADDITIONAL,,,0.541,workable-94C5CD67C3,https://apply.workable.com/j/94C5CD67C3,https://apply.workable.com/j/94C5CD67C3,,Workable XML job feed
HARD_PASS,Financial Accountant - Maternity Cover,Low Carbon,"London, England, GB",,MISSING,,"Fri, 14 Aug 2026 12:06:49 UTC",,Temporary,,Finance,Admin/Service – Office Support,OUT_OF_SCOPE,no admin/service title classification match,ADDITIONAL,,,0.472,workable-7546527D2D,https://apply.workable.com/j/7546527D2D,https://apply.workable.com/j/7546527D2D,,Workable XML job feed
HARD_PASS,Fractional Head of Reward,Low Carbon,"London, England, GB",,MISSING,,"Fri, 31 Jul 2026 13:27:31 UTC",,Part-time,,Human Resources,Admin/Service – Office Support,OUT_OF_SCOPE,no admin/service title classification match,ADDITIONAL,,,0.418,workable-21626144DE,https://apply.workable.com/j/21626144DE,https://apply.workable.com/j/21626144DE,,Workable XML job feed
HARD_PASS,Senior / Tax Manager,Low Carbon,"London, England, GB",,MISSING,,"Fri, 31 Jul 2026 09:30:57 UTC",,Full-time,,Finance,Admin/Service – Office Support,HARD_PASS,"hard pass title pattern: senior, manager",ADDITIONAL,,,0.429,workable-73C2F1B7EE,https://apply.workable.com/j/73C2F1B7EE,https://apply.workable.com/j/73C2F1B7EE,,Workable XML job feed
HARD_PASS,"Global Marketing Director, EMEA",LRN Corporation,"London, England, GB",,MISSING,,"Wed, 29 Jul 2026 21:17:09 UTC",,Full-time,,Marketing,Admin/Service – Office Support,OUT_OF_SCOPE,no admin/service title classification match,ADDITIONAL,,,0.437,workable-AB4448FF7D,https://apply.workable.com/j/AB4448FF7D,https://apply.workable.com/j/AB4448FF7D,,Workable XML job feed
HARD_PASS,BYD Sales Assistant,LSH Auto,"London, England, GB","£35,500",USABLE_REVIEW,"g experience. Join us to help drive forward sustainable transportation solutions. Salary: £35,500 plus uncapped bonuses and company car. Key Responsibilities: Assist customers in understan","Wed, 29 Jul 2026 15:25:51 UTC",,,,,Admin/Service – Office Support,OUT_OF_SCOPE,no admin/service title classification match,ADDITIONAL,,,0.493,workable-3B2628BC2E,https://apply.workable.com/j/3B2628BC2E,https://apply.workable.com/j/3B2628BC2E,,Workable XML job feed
HARD_PASS,Digital Content Designer,LTF DESIGN & MARKETING LTD,"London, England, GB",,MISSING,,"Wed, 08 Jul 2026 17:38:27 UTC",,Full-time,Remote,Advertising,Admin/Service – Office Support,OUT_OF_SCOPE,no admin/service title classification match,ADDITIONAL,,,0.429,workable-1E1291AE5F,https://apply.workable.com/j/1E1291AE5F,https://apply.workable.com/j/1E1291AE5F,,Workable XML job feed
HARD_PASS,1st Line Support Agent,Luminance,"London, England, GB",,MISSING,,"Thu, 30 Apr 2026 10:30:20 UTC",,Full-time,,,Admin/Service – Office Support,OUT_OF_SCOPE,no admin/service title classification match,ADDITIONAL,,,0.468,workable-5E8CDE5D0F,https://apply.workable.com/j/5E8CDE5D0F,https://apply.workable.com/j/5E8CDE5D0F,,Workable XML job feed
HARD_PASS,Account Executive,Luminance,"London, England, GB",,MISSING,,"Fri, 06 Jun 2025 14:12:13 UTC",,Full-time,,Sales,Admin/Service – Office Support,OUT_OF_SCOPE,no admin/service title classification match,ADDITIONAL,,,0.477,workable-C7389E54B7,https://apply.workable.com/j/C7389E54B7,https://apply.workable.com/j/C7389E54B7,,Workable XML job feed
HARD_PASS,Business Development Representative,Luminance,"London, England, GB",,MISSING,,"Thu, 30 Jul 2026 15:01:36 UTC",,Full-time,,Sales,Admin/Service – Office Support,HARD_PASS,hard pass title pattern: business development,ADDITIONAL,,,0.406,workable-D7E0678AAD,https://apply.workable.com/j/D7E0678AAD,https://apply.workable.com/j/D7E0678AAD,,Workable XML job feed
HARD_PASS,Commercial Director,Luminance,"London, England, GB",,MISSING,,"Wed, 11 Jun 2025 11:11:50 UTC",,Full-time,,Sales,Admin/Service – Office Support,OUT_OF_SCOPE,no admin/service title classification match,ADDITIONAL,,,0.519,workable-D263C62762,https://apply.workable.com/j/D263C62762,https://apply.workable.com/j/D263C62762,,Workable XML job feed
HARD_PASS,Customer Success Manager,Luminance,"London, England, GB",,MISSING,,"Mon, 09 Jun 2025 11:00:02 UTC",,Full-time,,,Admin/Service – Office Support,HARD_PASS,hard pass title pattern: manager,ADDITIONAL,,,0.450,workable-F74CE68D23,https://apply.workable.com/j/F74CE68D23,https://apply.workable.com/j/F74CE68D23,,Workable XML job feed
HARD_PASS,HR Assistant,Luminance,"London, England, GB",,MISSING,,"Mon, 17 Aug 2026 08:43:40 UTC",,Full-time,,,HR / Recruitment,HIGH_CONFIDENCE,existing HR / Recruitment title register exact match,ADDITIONAL,,,0.622,workable-7605F6D25F,https://apply.workable.com/j/7605F6D25F,https://apply.workable.com/j/7605F6D25F,,Workable XML job feed
HARD_PASS,IT Support Engineer,Luminance,"London, England, GB",,MISSING,,"Wed, 19 Aug 2026 15:26:27 UTC",,Full-time,,Information Technology,Admin/Service – Office Support,HARD_PASS,hard pass title pattern: engineer,ADDITIONAL,,,0.433,workable-5B970C81DF,https://apply.workable.com/j/5B970C81DF,https://apply.workable.com/j/5B970C81DF,,Workable XML job feed
HARD_PASS,Legal Implementation Specialist,Luminance,"London, England, GB",,MISSING,,"Mon, 09 Jun 2025 11:04:20 UTC",,Full-time,,,Admin/Service – Office Support,HARD_PASS,hard pass title pattern: legal,ADDITIONAL,,,0.456,workable-AF828DCA6A,https://apply.workable.com/j/AF828DCA6A,https://apply.workable.com/j/AF828DCA6A,,Workable XML job feed
HARD_PASS,Office Manager and Executive Assistant,Luminance,"London, England, GB",,MISSING,,"Mon, 10 Aug 2026 12:49:17 UTC",,Full-time,,,Admin/Service – Office Support,HARD_PASS,hard pass title pattern: manager,ADDITIONAL,,,0.482,workable-52C18C4744,https://apply.workable.com/j/52C18C4744,https://apply.workable.com/j/52C18C4744,,Workable XML job feed
HARD_PASS,Product Associate,Luminance,"London, England, GB",,MISSING,,"Mon, 09 Jun 2025 11:11:41 UTC",,Full-time,,,Admin/Service – Office Support,OUT_OF_SCOPE,no admin/service title classification match,ADDITIONAL,,,0.483,workable-BF8F86935E,https://apply.workable.com/j/BF8F86935E,https://apply.workable.com/j/BF8F86935E,,Workable XML job feed
HARD_PASS,Product Designer,Luminance,"London, England, GB",,MISSING,,"Mon, 05 Jan 2026 11:25:32 UTC",,Full-time,,Design,Admin/Service – Office Support,OUT_OF_SCOPE,no admin/service title classification match,ADDITIONAL,,,0.411,workable-EB7A90D271,https://apply.workable.com/j/EB7A90D271,https://apply.workable.com/j/EB7A90D271,,Workable XML job feed
HARD_PASS,Product Manager,Luminance,"London, England, GB",,MISSING,,"Mon, 05 Jan 2026 11:25:56 UTC",,Full-time,,,Admin/Service – Office Support,HARD_PASS,hard pass title pattern: manager,ADDITIONAL,,,0.397,workable-D26A16A426,https://apply.workable.com/j/D26A16A426,https://apply.workable.com/j/D26A16A426,,Workable XML job feed
HARD_PASS,Product Specialist Associate,Luminance,"London, England, GB",,MISSING,,"Mon, 06 Oct 2025 11:54:15 UTC",,Full-time,,,Admin/Service – Office Support,OUT_OF_SCOPE,no admin/service title classification match,ADDITIONAL,,,0.456,workable-CA147DC61C,https://apply.workable.com/j/CA147DC61C,https://apply.workable.com/j/CA147DC61C,,Workable XML job feed
HARD_PASS,Senior Customer Solutions Engineer,Luminance,"London, England, GB",,MISSING,,"Fri, 27 Jun 2025 09:48:55 UTC",,Full-time,,,Admin/Service – Office Support,HARD_PASS,"hard pass title pattern: engineer, senior",ADDITIONAL,,,0.444,workable-201410F845,https://apply.workable.com/j/201410F845,https://apply.workable.com/j/201410F845,,Workable XML job feed
HARD_PASS,Subject Matter Expert,Luminance,"London, England, GB",,MISSING,,"Fri, 06 Jun 2025 16:11:01 UTC",,Full-time,,,Admin/Service – Office Support,OUT_OF_SCOPE,no admin/service title classification match,ADDITIONAL,,,0.413,workable-A7B7F6AE01,https://apply.workable.com/j/A7B7F6AE01,https://apply.workable.com/j/A7B7F6AE01,,Workable XML job feed
HARD_PASS,Technical Support Engineer,Luminance,"London, England, GB",,MISSING,,"Fri, 06 Jun 2025 14:35:32 UTC",,Full-time,,,Admin/Service – Office Support,HARD_PASS,hard pass title pattern: engineer,ADDITIONAL,,,0.429,workable-B749FA4148,https://apply.workable.com/j/B749FA4148,https://apply.workable.com/j/B749FA4148,,Workable XML job feed
HARD_PASS,Electrician,LunarSearch,"London, GB",,MISSING,,"Thu, 09 Jul 2026 19:57:50 UTC",,,,,Admin/Service – Office Support,HARD_PASS,hard pass title pattern: electrician,ADDITIONAL,,,0.504,workable-C85CED3D46,https://apply.workable.com/j/C85CED3D46,https://apply.workable.com/j/C85CED3D46,,Workable XML job feed
HARD_PASS,Analytics Engineer,Lyst,"London, England, GB",,MISSING,,"Mon, 17 Aug 2026 10:31:32 UTC",,Full-time,,Engineering,Admin/Service – Office Support,HARD_PASS,hard pass title pattern: engineer,ADDITIONAL,,,0.340,workable-2265D70770,https://apply.workable.com/j/2265D70770,https://apply.workable.com/j/2265D70770,,Workable XML job feed
HARD_PASS,iOS Engineer,Lyst,"London, England, GB",,MISSING,,"Thu, 23 Jul 2026 08:34:03 UTC",,Full-time,,Engineering,Admin/Service – Office Support,HARD_PASS,hard pass title pattern: engineer,ADDITIONAL,,,0.379,workable-6046BFC32A,https://apply.workable.com/j/6046BFC32A,https://apply.workable.com/j/6046BFC32A,,Workable XML job feed
HARD_PASS,Paid Social Executive,Lyst,"London, England, GB",,MISSING,,"Thu, 18 Jun 2026 14:58:00 UTC",,Full-time,,Marketing,Admin/Service – Office Support,OUT_OF_SCOPE,no admin/service title classification match,ADDITIONAL,,,0.407,workable-D24FECC08A,https://apply.workable.com/j/D24FECC08A,https://apply.workable.com/j/D24FECC08A,,Workable XML job feed
HARD_PASS,"Senior AI Product Manager, Fashion Discovery",Lyst,"London, England, GB",,MISSING,,"Mon, 01 Jun 2026 05:54:46 UTC",,Full-time,,Product Management,Admin/Service – Office Support,HARD_PASS,"hard pass title pattern: senior, manager",ADDITIONAL,,,0.376,workable-479B1E44C5,https://apply.workable.com/j/479B1E44C5,https://apply.workable.com/j/479B1E44C5,,Workable XML job feed
HARD_PASS,Senior Full Stack Engineer - Lyst Shop (11 Month FTC - Maternity Cover),Lyst,"London, England, GB",,MISSING,,"Thu, 20 Aug 2026 10:08:20 UTC",,Contract,,,Admin/Service – Office Support,HARD_PASS,"hard pass title pattern: engineer, senior",ADDITIONAL,,,0.391,workable-DB2B44E546,https://apply.workable.com/j/DB2B44E546,https://apply.workable.com/j/DB2B44E546,,Workable XML job feed
HARD_PASS,Senior Performance Manager (Paid Search & Shopping) - 13 Month FTC,Lyst,"London, England, GB",,MISSING,,"Fri, 05 Jun 2026 14:19:40 UTC",,Contract,,Marketing,Admin/Service – Office Support,HARD_PASS,"hard pass title pattern: senior, manager",ADDITIONAL,,,0.356,workable-EBDDE59AD0,https://apply.workable.com/j/EBDDE59AD0,https://apply.workable.com/j/EBDDE59AD0,,Workable XML job feed
HARD_PASS,Senior Product Designer,Lyst,"London, England, GB",,MISSING,,"Tue, 11 Aug 2026 19:16:00 UTC",,Full-time,,Design,Admin/Service – Office Support,HARD_PASS,hard pass title pattern: senior,ADDITIONAL,,,0.351,workable-88AA75B934,https://apply.workable.com/j/88AA75B934,https://apply.workable.com/j/88AA75B934,,Workable XML job feed
HARD_PASS,Software Engineer - Affiliate Operations,Lyst,"London, England, GB",,MISSING,,"Fri, 24 Jul 2026 09:46:18 UTC",,Full-time,,,Admin/Service – Office Support,HARD_PASS,hard pass title pattern: engineer,ADDITIONAL,,,0.365,workable-584ACE694D,https://apply.workable.com/j/584ACE694D,https://apply.workable.com/j/584ACE694D,,Workable XML job feed
HARD_PASS,M&I Sales Team Lead - Events,M&I,"London, England, GB",,MISSING,,"Thu, 13 Aug 2026 16:50:11 UTC",,Full-time,,Sales,Admin/Service – Office Support,OUT_OF_SCOPE,no admin/service title classification match,ADDITIONAL,,,0.347,workable-D79AD72FDD,https://apply.workable.com/j/D79AD72FDD,https://apply.workable.com/j/D79AD72FDD,,Workable XML job feed
HARD_PASS,Salesforce Technical Project Manager (FTC),M&I,"London, England, GB",,MISSING,,"Thu, 13 Aug 2026 15:13:44 UTC",,Contract,,,Admin/Service – Office Support,HARD_PASS,hard pass title pattern: manager,ADDITIONAL,,,0.342,workable-00B035F353,https://apply.workable.com/j/00B035F353,https://apply.workable.com/j/00B035F353,,Workable XML job feed
HARD_PASS,Senior Business Development Manager - The Americas (Events),M&I,"London, England, GB",,MISSING,,"Mon, 10 Aug 2026 13:53:16 UTC",,Full-time,,Sales,Admin/Service – Office Support,HARD_PASS,"hard pass title pattern: business development, senior, manager",ADDITIONAL,,,0.352,workable-EF469D8A60,https://apply.workable.com/j/EF469D8A60,https://apply.workable.com/j/EF469D8A60,,Workable XML job feed
HARD_PASS,Digital Fitness Instructor,MAGIC,"London, England, GB",,MISSING,,"Tue, 07 Jul 2026 13:16:04 UTC",,Contract,,,Admin/Service – Office Support,OUT_OF_SCOPE,no admin/service title classification match,ADDITIONAL,,,0.476,workable-93C76258A2,https://apply.workable.com/j/93C76258A2,https://apply.workable.com/j/93C76258A2,,Workable XML job feed
HARD_PASS,Director of Supply Chain,MAGIC,"London, England, GB",,MISSING,,"Thu, 25 Jun 2026 15:25:21 UTC",,Full-time,,,Admin/Service – Office Support,OUT_OF_SCOPE,no admin/service title classification match,ADDITIONAL,,,0.380,workable-3AE1BED400,https://apply.workable.com/j/3AE1BED400,https://apply.workable.com/j/3AE1BED400,,Workable XML job feed
HARD_PASS,Ecommerce & Digital Marketing Manager,MAGIC,"London, England, GB",,MISSING,,"Mon, 19 Jan 2026 13:17:53 UTC",,,,Marketing,Admin/Service – Office Support,HARD_PASS,hard pass title pattern: manager,ADDITIONAL,,,0.384,workable-101B1E2FD8,https://apply.workable.com/j/101B1E2FD8,https://apply.workable.com/j/101B1E2FD8,,Workable XML job feed
HARD_PASS,Full Stack Software Developer,MAGIC,"London, England, GB",,MISSING,,"Thu, 09 Apr 2026 08:23:12 UTC",,Full-time,,Information Technology,Admin/Service – Office Support,OUT_OF_SCOPE,no admin/service title classification match,ADDITIONAL,,,0.389,workable-2855636159,https://apply.workable.com/j/2855636159,https://apply.workable.com/j/2855636159,,Workable XML job feed
HARD_PASS,Multi-disciplinary Designer mid-weight,Magnetic London Creative Services Ltd.,"London, England, GB",,MISSING,,"Mon, 22 Jun 2026 15:11:05 UTC",,Full-time,,Design,Admin/Service – Office Support,OUT_OF_SCOPE,no admin/service title classification match,ADDITIONAL,,,0.447,workable-E442F5059D,https://apply.workable.com/j/E442F5059D,https://apply.workable.com/j/E442F5059D,,Workable XML job feed
HARD_PASS,Head of Tax,Marcura,"London, England, GB",,MISSING,,"Mon, 06 Jul 2026 19:58:31 UTC",,Full-time,,Accounting/Auditing,Admin/Service – Office Support,OUT_OF_SCOPE,no admin/service title classification match,ADDITIONAL,,,0.382,workable-31CA856469,https://apply.workable.com/j/31CA856469,https://apply.workable.com/j/31CA856469,,Workable XML job feed
HARD_PASS,Senior People Capability Partner,Marcura,"London, England, GB",,MISSING,,"Fri, 14 Aug 2026 11:27:59 UTC",,Full-time,,Human Resources,Admin/Service – Office Support,HARD_PASS,hard pass title pattern: senior,ADDITIONAL,,,0.357,workable-689FADBAB7,https://apply.workable.com/j/689FADBAB7,https://apply.workable.com/j/689FADBAB7,,Workable XML job feed
HARD_PASS,Senior Product Manager - Corporate Experience & B2B Payments,Marcura,"London, England, GB",,MISSING,,"Mon, 08 Jun 2026 09:43:02 UTC",,Full-time,,Information Technology,Admin/Service – Office Support,HARD_PASS,"hard pass title pattern: senior, manager",ADDITIONAL,,,0.374,workable-3ABCF85F2F,https://apply.workable.com/j/3ABCF85F2F,https://apply.workable.com/j/3ABCF85F2F,,Workable XML job feed
HARD_PASS,"Senior Product Manager, Technical Projects",Marcura,"London, England, GB",,MISSING,,"Tue, 30 Jun 2026 06:36:58 UTC",,Full-time,Remote,,Admin/Service – Office Support,HARD_PASS,"hard pass title pattern: senior, manager",ADDITIONAL,,,0.382,workable-E241FE614C,https://apply.workable.com/j/E241FE614C,https://apply.workable.com/j/E241FE614C,,Workable XML job feed
HARD_PASS,Character Lead - The Chimney Lift,Mari,"London, England, GB",,MISSING,,"Fri, 24 Jul 2026 15:47:15 UTC",,,,,Admin/Service – Office Support,OUT_OF_SCOPE,no admin/service title classification match,ADDITIONAL,,,0.462,workable-852FA84530,https://apply.workable.com/j/852FA84530,https://apply.workable.com/j/852FA84530,,Workable XML job feed
HARD_PASS,Character Performer - The Chimney Lift,Mari,"London, England, GB",,MISSING,,"Fri, 24 Jul 2026 15:49:24 UTC",,,,,Admin/Service – Office Support,OUT_OF_SCOPE,no admin/service title classification match,ADDITIONAL,,,0.449,workable-15347D2E7E,https://apply.workable.com/j/15347D2E7E,https://apply.workable.com/j/15347D2E7E,,Workable XML job feed
HARD_PASS,Duty Manager,Mari,"London, England, GB",,MISSING,,"Sun, 09 Aug 2026 23:26:19 UTC",,,,,Admin/Service – Office Support,HARD_PASS,hard pass title pattern: manager,ADDITIONAL,,,0.442,workable-9CA85F5FB9,https://apply.workable.com/j/9CA85F5FB9,https://apply.workable.com/j/9CA85F5FB9,,Workable XML job feed
HARD_PASS,Guest Experience Host - The Chimney Lift,Mari,"London, England, GB",,MISSING,,"Mon, 27 Jul 2026 14:46:28 UTC",,Temporary,,,Admin/Service – Office Support,OUT_OF_SCOPE,no admin/service title classification match,ADDITIONAL,,,0.459,workable-702D1D8831,https://apply.workable.com/j/702D1D8831,https://apply.workable.com/j/702D1D8831,,Workable XML job feed
HARD_PASS,Guest Operations Host - The Chimney Lift,Mari,"London, England, GB",,MISSING,,"Mon, 03 Aug 2026 10:51:10 UTC",,Other,,,Admin/Service – Office Support,OUT_OF_SCOPE,no admin/service title classification match,ADDITIONAL,,,0.429,workable-78E7E56886,https://apply.workable.com/j/78E7E56886,https://apply.workable.com/j/78E7E56886,,Workable XML job feed
HARD_PASS,Hyde Park Winter Wonderland Staff 26/27,Mari,"London, England, GB",,MISSING,,"Wed, 05 Aug 2026 06:22:38 UTC",,Temporary,,Customer Service,Admin/Service – Office Support,OUT_OF_SCOPE,no admin/service title classification match,ADDITIONAL,,,0.427,workable-C8272824BB,https://apply.workable.com/j/C8272824BB,https://apply.workable.com/j/C8272824BB,,Workable XML job feed
HARD_PASS,Senior Talent Acquisition Advisor,Mari,"London, England, GB",,MISSING,,"Thu, 20 Aug 2026 12:12:47 UTC",,Full-time,,,Admin/Service – Office Support,HARD_PASS,hard pass title pattern: senior,ADDITIONAL,,,0.478,workable-E1ADE56AE2,https://apply.workable.com/j/E1ADE56AE2,https://apply.workable.com/j/E1ADE56AE2,,Workable XML job feed
HARD_PASS,HR Recruiter,MASB Group,"London, England, GB",,MISSING,,"Tue, 21 Jul 2026 10:39:19 UTC",,Full-time,,Human Resources,Admin/Service – Office Support,OUT_OF_SCOPE,no admin/service title classification match,ADDITIONAL,,,0.465,workable-EE4312ABF1,https://apply.workable.com/j/EE4312ABF1,https://apply.workable.com/j/EE4312ABF1,,Workable XML job feed
HARD_PASS,Loyalty & Retention Manager,Masons Meats Limited,"London, England, GB",,MISSING,,"Tue, 21 Jul 2026 08:19:17 UTC",,Full-time,,Marketing,Admin/Service – Office Support,HARD_PASS,hard pass title pattern: manager,ADDITIONAL,,,0.520,workable-465EB86E4F,https://apply.workable.com/j/465EB86E4F,https://apply.workable.com/j/465EB86E4F,,Workable XML job feed
HARD_PASS,: Business Developer - FlexTeam Pods (Salesforce & CRM Services),MaxAccelerate,"London, England, GB",,MISSING,,"Fri, 26 Sep 2025 11:48:04 UTC",,Full-time,Remote,Sales,Admin/Service – Office Support,OUT_OF_SCOPE,no admin/service title classification match,ADDITIONAL,,,0.389,workable-C8FB1F2204,https://apply.workable.com/j/C8FB1F2204,https://apply.workable.com/j/C8FB1F2204,,Workable XML job feed
HARD_PASS,AI SME (Subject Matter Expert),MaxAccelerate,"London, England, GB",,MISSING,,"Thu, 19 Feb 2026 16:38:12 UTC",,Full-time,Remote,,Admin/Service – Office Support,OUT_OF_SCOPE,no admin/service title classification match,ADDITIONAL,,,0.397,workable-47E74F6947,https://apply.workable.com/j/47E74F6947,https://apply.workable.com/j/47E74F6947,,Workable XML job feed
HARD_PASS,AI Technical Recruiter/Business Development Manager (AI POD Solutions),MaxAccelerate,"London, England, GB",,MISSING,,"Fri, 26 Sep 2025 11:48:50 UTC",,Full-time,Remote,Sales,Admin/Service – Office Support,HARD_PASS,"hard pass title pattern: business development, manager",ADDITIONAL,,,0.404,workable-84B4FC8A53,https://apply.workable.com/j/84B4FC8A53,https://apply.workable.com/j/84B4FC8A53,,Workable XML job feed
HARD_PASS,Head of Professional Services Sales - IBM Maximo / EAM Solutions,MaxAccelerate,"London, England, GB",,MISSING,,"Fri, 10 Oct 2025 20:47:22 UTC",,,,,Admin/Service – Office Support,OUT_OF_SCOPE,no admin/service title classification match,ADDITIONAL,,,0.367,workable-59BCCA5E6D,https://apply.workable.com/j/59BCCA5E6D,https://apply.workable.com/j/59BCCA5E6D,,Workable XML job feed
HARD_PASS,Managing Partner - Tech Recruitment Max Accelerate Technology,MaxAccelerate,"London, England, GB",,MISSING,,"Fri, 26 Sep 2025 11:48:55 UTC",,,Remote,Business Development,Admin/Service – Office Support,OUT_OF_SCOPE,no admin/service title classification match,ADDITIONAL,,,0.406,workable-1A2BF6B740,https://apply.workable.com/j/1A2BF6B740,https://apply.workable.com/j/1A2BF6B740,,Workable XML job feed
HARD_PASS,Maximo EAM Specialist (SC-Cleared),MaxAccelerate,"London, England, GB",,MISSING,,"Thu, 20 Nov 2025 14:29:18 UTC",,Contract,,,Admin/Service – Office Support,OUT_OF_SCOPE,no admin/service title classification match,ADDITIONAL,,,0.427,workable-17294A1911,https://apply.workable.com/j/17294A1911,https://apply.workable.com/j/17294A1911,,Workable XML job feed
HARD_PASS,Recruiter (IBM Maximo Specialization) Part -Time,MaxAccelerate,"London, England, GB",,MISSING,,"Fri, 10 Oct 2025 20:58:35 UTC",,Part-time,Remote,,Admin/Service – Office Support,OUT_OF_SCOPE,no admin/service title classification match,ADDITIONAL,,,0.428,workable-8F7ACFDB01,https://apply.workable.com/j/8F7ACFDB01,https://apply.workable.com/j/8F7ACFDB01,,Workable XML job feed
HARD_PASS,Salesforce Recruiter / Business Development Manager (POD Solutions),MaxAccelerate,"London, England, GB",,MISSING,,"Fri, 26 Sep 2025 11:48:42 UTC",,Full-time,Remote,Sales,Admin/Service – Office Support,HARD_PASS,"hard pass title pattern: business development, manager",ADDITIONAL,,,0.395,workable-177FE3663D,https://apply.workable.com/j/177FE3663D,https://apply.workable.com/j/177FE3663D,,Workable XML job feed
HARD_PASS,Salesforce/SaaS sales Executive,MaxAccelerate,"London, England, GB",,MISSING,,"Wed, 26 Nov 2025 16:11:02 UTC",,Full-time,Remote,,Admin/Service – Office Support,HARD_PASS,hard pass title pattern: sales executive,ADDITIONAL,,,0.409,workable-F80E4D01A0,https://apply.workable.com/j/F80E4D01A0,https://apply.workable.com/j/F80E4D01A0,,Workable XML job feed
HARD_PASS,Senior Contract Recruiter / Business Development (Salesforce) Urgent,MaxAccelerate,"London, England, GB",,MISSING,,"Thu, 19 Mar 2026 17:39:59 UTC",,Full-time,Remote,Business Development,Admin/Service – Office Support,HARD_PASS,"hard pass title pattern: business development, senior",ADDITIONAL,,,0.406,workable-B6661EA19F,https://apply.workable.com/j/B6661EA19F,https://apply.workable.com/j/B6661EA19F,,Workable XML job feed
HARD_PASS,Senior Tech Recruiter - 360 business Development and Sourcing,MaxAccelerate,"London, England, GB",,MISSING,,"Fri, 26 Sep 2025 11:49:02 UTC",,Full-time,,Business Development,Admin/Service – Office Support,HARD_PASS,"hard pass title pattern: business development, senior",ADDITIONAL,,,0.401,workable-5B6C251385,https://apply.workable.com/j/5B6C251385,https://apply.workable.com/j/5B6C251385,,Workable XML job feed
HARD_PASS,Talent Sourcer / Recruiter (IBM Maximo Specialization),MaxAccelerate,"London, England, GB",,MISSING,,"Fri, 10 Oct 2025 20:40:56 UTC",,Full-time,Remote,,Admin/Service – Office Support,OUT_OF_SCOPE,no admin/service title classification match,ADDITIONAL,,,0.437,workable-18BB6026F4,https://apply.workable.com/j/18BB6026F4,https://apply.workable.com/j/18BB6026F4,,Workable XML job feed
HARD_PASS,Community and Marketing Manager,Maze Theory Games,"London, England, GB",,MISSING,,"Thu, 20 Aug 2026 15:17:49 UTC",,,Remote,,Admin/Service – Office Support,HARD_PASS,hard pass title pattern: manager,ADDITIONAL,,,0.450,workable-1B56057AEA,https://apply.workable.com/j/1B56057AEA,https://apply.workable.com/j/1B56057AEA,,Workable XML job feed
HARD_PASS,"VP of Creative, Design & Marketing (CEO Right-Hand)",Maze Theory Games,"London, England, GB",,MISSING,,"Thu, 06 Aug 2026 13:21:21 UTC",,Full-time,Remote,,Admin/Service – Office Support,OUT_OF_SCOPE,no admin/service title classification match,ADDITIONAL,,,0.381,workable-AFB9AC3F3E,https://apply.workable.com/j/AFB9AC3F3E,https://apply.workable.com/j/AFB9AC3F3E,,Workable XML job feed
HARD_PASS,Collections Executive,mcl finance,"London, England, GB",,MISSING,,"Thu, 06 Aug 2026 08:45:54 UTC",,Full-time,,Finance,Admin/Service – Office Support,OUT_OF_SCOPE,no admin/service title classification match,ADDITIONAL,,,0.485,workable-35A2E7024C,https://apply.workable.com/j/35A2E7024C,https://apply.workable.com/j/35A2E7024C,,Workable XML job feed
HARD_PASS,Business Development Representative,MedialakeAI,"London, England, GB",,MISSING,,"Thu, 30 Apr 2026 14:55:19 UTC",,Full-time,,Sales,Admin/Service – Office Support,HARD_PASS,hard pass title pattern: business development,ADDITIONAL,,,0.385,workable-1C437FCC61,https://apply.workable.com/j/1C437FCC61,https://apply.workable.com/j/1C437FCC61,,Workable XML job feed
HARD_PASS,Anaesthetist | Australia | New Fast Track Pathway,Mediix,"London, England, GB",,MISSING,,"Fri, 03 Jul 2026 04:34:37 UTC",,Full-time,,,Admin/Service – Office Support,OUT_OF_SCOPE,no admin/service title classification match,ADDITIONAL,,,0.418,workable-59381A4489,https://apply.workable.com/j/59381A4489,https://apply.workable.com/j/59381A4489,,Workable XML job feed
HARD_PASS,Consultant Anaesthetist - Australia,Mediix,"London, England, GB",,MISSING,,"Fri, 03 Jul 2026 04:47:50 UTC",,,,,Admin/Service – Office Support,OUT_OF_SCOPE,no admin/service title classification match,ADDITIONAL,,,0.416,workable-2A411A8C6F,https://apply.workable.com/j/2A411A8C6F,https://apply.workable.com/j/2A411A8C6F,,Workable XML job feed
HARD_PASS,General Practitioner (GP) - Australia,Mediix,"London, England, GB",,MISSING,,"Mon, 13 Apr 2026 22:29:35 UTC",,,,,Admin/Service – Office Support,OUT_OF_SCOPE,no admin/service title classification match,ADDITIONAL,,,0.434,workable-B511316111,https://apply.workable.com/j/B511316111,https://apply.workable.com/j/B511316111,,Workable XML job feed
HARD_PASS,Podiatrists | Australia,Mediix,"London, England, GB",,MISSING,,"Fri, 26 Jun 2026 01:50:11 UTC",,,,,Admin/Service – Office Support,OUT_OF_SCOPE,no admin/service title classification match,ADDITIONAL,,,0.440,workable-458FCBF90B,https://apply.workable.com/j/458FCBF90B,https://apply.workable.com/j/458FCBF90B,,Workable XML job feed
HARD_PASS,Psychiatrist | Make the Move to Australia,Mediix,"London, England, GB",,MISSING,,"Sat, 04 Jul 2026 09:13:22 UTC",,Full-time,,,Admin/Service – Office Support,OUT_OF_SCOPE,no admin/service title classification match,ADDITIONAL,,,0.385,workable-E4469AE0AF,https://apply.workable.com/j/E4469AE0AF,https://apply.workable.com/j/E4469AE0AF,,Workable XML job feed
HARD_PASS,Customer Success Manager (SMB & Mid-Market),Mention Me,"London, England, GB",,MISSING,,"Fri, 22 May 2026 16:08:21 UTC",,Full-time,,,Admin/Service – Office Support,HARD_PASS,hard pass title pattern: manager,ADDITIONAL,,,0.417,workable-95951FFE77,https://apply.workable.com/j/95951FFE77,https://apply.workable.com/j/95951FFE77,,Workable XML job feed
HARD_PASS,Senior Account Executive,Mention Me,"London, England, GB",,MISSING,,"Mon, 06 Jul 2026 21:41:55 UTC",,Full-time,,Sales,Admin/Service – Office Support,HARD_PASS,hard pass title pattern: senior,ADDITIONAL,,,0.439,workable-10B5E7B493,https://apply.workable.com/j/10B5E7B493,https://apply.workable.com/j/10B5E7B493,,Workable XML job feed
HARD_PASS,Senior/Lead Data Scientist,Mention Me,"London, England, GB",,MISSING,,"Tue, 06 Jan 2026 16:27:47 UTC",,Full-time,,,Admin/Service – Office Support,HARD_PASS,hard pass title pattern: senior,ADDITIONAL,,,0.470,workable-0B065BC3BE,https://apply.workable.com/j/0B065BC3BE,https://apply.workable.com/j/0B065BC3BE,,Workable XML job feed
HARD_PASS,Buy-Side Equity Analyst or Portfolio Manager: Paid User Testing,Mercata,"London, England, GB",,MISSING,,"Mon, 20 Jul 2026 15:44:47 UTC",,Contract,Remote,,Admin/Service – Office Support,HARD_PASS,hard pass title pattern: manager,ADDITIONAL,,,0.361,workable-8908EC4CB4,https://apply.workable.com/j/8908EC4CB4,https://apply.workable.com/j/8908EC4CB4,,Workable XML job feed
HARD_PASS,Freelance Recruiter - Work Remote In United Kingdom,Mercier Consultancy Group,"London, England, GB",,MISSING,,"Thu, 20 Aug 2026 04:28:16 UTC",,Contract,Remote,Consulting,Admin/Service – Office Support,OUT_OF_SCOPE,no admin/service title classification match,ADDITIONAL,,,0.410,workable-63BF7941E9,https://apply.workable.com/j/63BF7941E9,https://apply.workable.com/j/63BF7941E9,,Workable XML job feed
HARD_PASS,Product Designer,metabolic,"London, England, GB",,MISSING,,"Fri, 22 May 2026 12:42:22 UTC",,Full-time,,Design,Admin/Service – Office Support,OUT_OF_SCOPE,no admin/service title classification match,ADDITIONAL,,,0.407,workable-40865FB553,https://apply.workable.com/j/40865FB553,https://apply.workable.com/j/40865FB553,,Workable XML job feed
HARD_PASS,Azure Engineer,Methods Business and Digital Technology,"London, England, GB",,MISSING,,"Thu, 16 Jul 2026 10:22:41 UTC",,Full-time,,,Admin/Service – Office Support,HARD_PASS,hard pass title pattern: engineer,ADDITIONAL,,,0.452,workable-50DACB7ABD,https://apply.workable.com/j/50DACB7ABD,https://apply.workable.com/j/50DACB7ABD,,Workable XML job feed
HARD_PASS,Backend Java Developer (Python),Methods Business and Digital Technology,"London, England, GB",,MISSING,,"Thu, 16 Jul 2026 10:23:10 UTC",,Full-time,,,Admin/Service – Office Support,OUT_OF_SCOPE,no admin/service title classification match,ADDITIONAL,,,0.366,workable-43364B1899,https://apply.workable.com/j/43364B1899,https://apply.workable.com/j/43364B1899,,Workable XML job feed
HARD_PASS,Business Architect,Methods Business and Digital Technology,"London, England, GB",,MISSING,,"Thu, 15 Jan 2026 14:02:51 UTC",,Full-time,Remote,,Admin/Service – Office Support,OUT_OF_SCOPE,no admin/service title classification match,ADDITIONAL,,,0.411,workable-E6690662A5,https://apply.workable.com/j/E6690662A5,https://apply.workable.com/j/E6690662A5,,Workable XML job feed
HARD_PASS,Competency Centre Manager,Methods Business and Digital Technology,"London, England, GB",,MISSING,,"Wed, 22 Apr 2026 17:39:20 UTC",,Full-time,,,Admin/Service – Office Support,HARD_PASS,hard pass title pattern: manager,ADDITIONAL,,,0.400,workable-35BC057E73,https://apply.workable.com/j/35BC057E73,https://apply.workable.com/j/35BC057E73,,Workable XML job feed
HARD_PASS,Cyber Security Architect,Methods Business and Digital Technology,"London, England, GB",,MISSING,,"Mon, 02 Feb 2026 17:55:24 UTC",,Full-time,Remote,Consulting,Admin/Service – Office Support,OUT_OF_SCOPE,no admin/service title classification match,ADDITIONAL,,,0.422,workable-9C3E81DD72,https://apply.workable.com/j/9C3E81DD72,https://apply.workable.com/j/9C3E81DD72,,Workable XML job feed
HARD_PASS,Data Architect,Methods Business and Digital Technology,"London, England, GB",,MISSING,,"Fri, 07 Aug 2026 12:22:45 UTC",,Full-time,,Information Technology,Admin/Service – Office Support,OUT_OF_SCOPE,no admin/service title classification match,ADDITIONAL,,,0.386,workable-126F70B47C,https://apply.workable.com/j/126F70B47C,https://apply.workable.com/j/126F70B47C,,Workable XML job feed
HARD_PASS,DevOps Engineer,Methods Business and Digital Technology,"London, England, GB",,MISSING,,"Fri, 30 Jan 2026 12:03:46 UTC",,,Remote,,Admin/Service – Office Support,HARD_PASS,hard pass title pattern: engineer,ADDITIONAL,,,0.475,workable-C381B809AC,https://apply.workable.com/j/C381B809AC,https://apply.workable.com/j/C381B809AC,,Workable XML job feed
HARD_PASS,Domain Expert (Data & AI Strategy),Methods Business and Digital Technology,"London, England, GB",,MISSING,,"Mon, 29 Jun 2026 13:12:38 UTC",,Full-time,,Information Technology,Admin/Service – Office Support,OUT_OF_SCOPE,no admin/service title classification match,ADDITIONAL,,,0.431,workable-00B1B8E464,https://apply.workable.com/j/00B1B8E464,https://apply.workable.com/j/00B1B8E464,,Workable XML job feed
HARD_PASS,"Domain Expert - Data Governance, Stewardship & Information Management",Methods Business and Digital Technology,"London, England, GB",,MISSING,,"Mon, 29 Jun 2026 13:33:00 UTC",,Full-time,,Information Technology,Admin/Service – Office Support,OUT_OF_SCOPE,no admin/service title classification match,ADDITIONAL,,,0.370,workable-95582B5BCC,https://apply.workable.com/j/95582B5BCC,https://apply.workable.com/j/95582B5BCC,,Workable XML job feed
HARD_PASS,"Domain Expert - Responsible AI, Ethics & Assurance",Methods Business and Digital Technology,"London, England, GB",,MISSING,,"Mon, 29 Jun 2026 13:25:28 UTC",,Full-time,,Information Technology,Admin/Service – Office Support,OUT_OF_SCOPE,no admin/service title classification match,ADDITIONAL,,,0.430,workable-27F7580C93,https://apply.workable.com/j/27F7580C93,https://apply.workable.com/j/27F7580C93,,Workable XML job feed
HARD_PASS,Fabric Engineer (Microsoft),Methods Business and Digital Technology,"London, England, GB",,MISSING,,"Wed, 05 Aug 2026 15:55:47 UTC",,Full-time,,,Admin/Service – Office Support,HARD_PASS,hard pass title pattern: engineer,ADDITIONAL,,,0.392,workable-5281ABDE33,https://apply.workable.com/j/5281ABDE33,https://apply.workable.com/j/5281ABDE33,,Workable XML job feed
HARD_PASS,Front of House Coordinator,Methods Business and Digital Technology,"London, England, GB",,MISSING,,"Tue, 14 Jul 2026 13:46:06 UTC",,Full-time,,Customer Service,Admin/Service – Office Support,HIGH_CONFIDENCE,high-confidence title pattern: front of house,ADDITIONAL,,,0.543,workable-01BF6BC629,https://apply.workable.com/j/01BF6BC629,https://apply.workable.com/j/01BF6BC629,,Workable XML job feed
HARD_PASS,Identity and Access Management Engineer (IDAM and Azure),Methods Business and Digital Technology,"London, England, GB",,MISSING,,"Wed, 05 Aug 2026 15:51:16 UTC",,Full-time,,,Admin/Service – Office Support,HARD_PASS,hard pass title pattern: engineer,ADDITIONAL,,,0.397,workable-1E476C5451,https://apply.workable.com/j/1E476C5451,https://apply.workable.com/j/1E476C5451,,Workable XML job feed
HARD_PASS,IT Support Analyst,Methods Business and Digital Technology,"London, England, GB",,MISSING,,"Tue, 04 Aug 2026 08:13:17 UTC",,Full-time,,Information Technology,Admin/Service – Office Support,OUT_OF_SCOPE,no admin/service title classification match,ADDITIONAL,,,0.461,workable-2E7290C0F5,https://apply.workable.com/j/2E7290C0F5,https://apply.workable.com/j/2E7290C0F5,,Workable XML job feed
HARD_PASS,Java / Python Developer,Methods Business and Digital Technology,"London, England, GB",,MISSING,,"Thu, 16 Jul 2026 14:14:49 UTC",,Full-time,,,Admin/Service – Office Support,OUT_OF_SCOPE,no admin/service title classification match,ADDITIONAL,,,0.404,workable-24D3934EFE,https://apply.workable.com/j/24D3934EFE,https://apply.workable.com/j/24D3934EFE,,Workable XML job feed
HARD_PASS,Join the Growing Cyber Security Practice at Methods,Methods Business and Digital Technology,"London, England, GB",,MISSING,,"Thu, 15 Jan 2026 17:59:24 UTC",,Full-time,,,Admin/Service – Office Support,OUT_OF_SCOPE,no admin/service title classification match,ADDITIONAL,,,0.374,workable-362CD17B1F,https://apply.workable.com/j/362CD17B1F,https://apply.workable.com/j/362CD17B1F,,Workable XML job feed
HARD_PASS,Master Data Management Architect,Methods Business and Digital Technology,"London, England, GB",,MISSING,,"Tue, 02 Jun 2026 13:23:47 UTC",,Full-time,,Information Technology,Admin/Service – Office Support,OUT_OF_SCOPE,no admin/service title classification match,ADDITIONAL,,,0.370,workable-9B56DB68AF,https://apply.workable.com/j/9B56DB68AF,https://apply.workable.com/j/9B56DB68AF,,Workable XML job feed
HARD_PASS,Microsoft 365 Solution Architect (EDRMS),Methods Business and Digital Technology,"London, England, GB",,MISSING,,"Fri, 17 Jul 2026 16:44:03 UTC",,Full-time,,,Admin/Service – Office Support,OUT_OF_SCOPE,no admin/service title classification match,ADDITIONAL,,,0.374,workable-DA89FC123C,https://apply.workable.com/j/DA89FC123C,https://apply.workable.com/j/DA89FC123C,,Workable XML job feed
HARD_PASS,Mid/Senior Data Engineer,Methods Business and Digital Technology,"London, England, GB",,MISSING,,"Fri, 07 Aug 2026 16:11:26 UTC",,,,Information Technology,Admin/Service – Office Support,HARD_PASS,"hard pass title pattern: engineer, senior",ADDITIONAL,,,0.400,workable-BC441877F5,https://apply.workable.com/j/BC441877F5,https://apply.workable.com/j/BC441877F5,,Workable XML job feed
HARD_PASS,Modern Workplace Engineer,Methods Business and Digital Technology,"London, England, GB",,MISSING,,"Mon, 17 Aug 2026 10:28:42 UTC",,Full-time,Remote,,Admin/Service – Office Support,HARD_PASS,hard pass title pattern: engineer,ADDITIONAL,,,0.460,workable-36C8872023,https://apply.workable.com/j/36C8872023,https://apply.workable.com/j/36C8872023,,Workable XML job feed
HARD_PASS,Network Engineer (Azure),Methods Business and Digital Technology,"London, England, GB",,MISSING,,"Wed, 05 Aug 2026 15:44:45 UTC",,Full-time,,,Admin/Service – Office Support,HARD_PASS,hard pass title pattern: engineer,ADDITIONAL,,,0.384,workable-1419096D89,https://apply.workable.com/j/1419096D89,https://apply.workable.com/j/1419096D89,,Workable XML job feed
HARD_PASS,Power Apps Developer (Power BI specialism),Methods Business and Digital Technology,"London, England and Wales, GB","£60,000–£70,000",USABLE_REVIEW,Salary: £60k to £70k Methods is recruiting for a Power Apps Developer (Power BI specialism) to join our team w,"Thu, 04 Jun 2026 13:12:50 UTC",,Full-time,,Information Technology,Admin/Service – Office Support,OUT_OF_SCOPE,no admin/service title classification match,ADDITIONAL,,,0.386,workable-1A59C1878A,https://apply.workable.com/j/1A59C1878A,https://apply.workable.com/j/1A59C1878A,,Workable XML job feed
HARD_PASS,Principal Microsoft Fabric Architect,Methods Business and Digital Technology,"London, England, GB",,MISSING,,"Thu, 13 Aug 2026 10:32:50 UTC",,,,Information Technology,Admin/Service – Office Support,OUT_OF_SCOPE,no admin/service title classification match,ADDITIONAL,,,0.382,workable-3178B86310,https://apply.workable.com/j/3178B86310,https://apply.workable.com/j/3178B86310,,Workable XML job feed
HARD_PASS,Principal Microsoft Fabric Architect and Technical Lead,Methods Business and Digital Technology,"London, England, GB",,MISSING,,"Thu, 13 Aug 2026 09:01:58 UTC",,Full-time,,,Admin/Service – Office Support,OUT_OF_SCOPE,no admin/service title classification match,ADDITIONAL,,,0.372,workable-5987A4B07E,https://apply.workable.com/j/5987A4B07E,https://apply.workable.com/j/5987A4B07E,,Workable XML job feed
HARD_PASS,Product Manager,Methods Business and Digital Technology,"London, England, GB",,MISSING,,"Fri, 31 Jul 2026 14:16:17 UTC",,Full-time,,,Admin/Service – Office Support,HARD_PASS,hard pass title pattern: manager,ADDITIONAL,,,0.445,workable-1D28617983,https://apply.workable.com/j/1D28617983,https://apply.workable.com/j/1D28617983,,Workable XML job feed
HARD_PASS,Project Manager,Methods Business and Digital Technology,"London, England, GB",,MISSING,,"Tue, 06 Jan 2026 13:12:15 UTC",,Full-time,,Project Management,Admin/Service – Office Support,HARD_PASS,hard pass title pattern: manager,ADDITIONAL,,,0.455,workable-EC553CD1A8,https://apply.workable.com/j/EC553CD1A8,https://apply.workable.com/j/EC553CD1A8,,Workable XML job feed
HARD_PASS,Project Planner,Methods Business and Digital Technology,"London, England, GB",,MISSING,,"Mon, 27 Oct 2025 10:31:51 UTC",,Full-time,,Strategy/Planning,Admin/Service – Office Support,ELASTIC_FIT,elastic-fit title pattern: planner,ADDITIONAL,,,0.535,workable-31387EACE1,https://apply.workable.com/j/31387EACE1,https://apply.workable.com/j/31387EACE1,,Workable XML job feed
HARD_PASS,Sales Development Manager (SDM),Methods Business and Digital Technology,"London, England, GB",,MISSING,,"Wed, 29 Apr 2026 08:42:58 UTC",,Full-time,,Business Development,Admin/Service – Office Support,HARD_PASS,hard pass title pattern: manager,ADDITIONAL,,,0.399,workable-45EF337615,https://apply.workable.com/j/45EF337615,https://apply.workable.com/j/45EF337615,,Workable XML job feed
HARD_PASS,Salesforce Administrator,Methods Business and Digital Technology,"London, England, GB",,MISSING,,"Tue, 26 May 2026 07:38:11 UTC",,Full-time,,Finance,Admin/Service – Office Support,HIGH_CONFIDENCE,title register: high-confidence title pattern: administrator,ADDITIONAL,,,0.567,workable-8A63FC6CBF,https://apply.workable.com/j/8A63FC6CBF,https://apply.workable.com/j/8A63FC6CBF,,Workable XML job feed
HARD_PASS,Senior Bid Manager,Methods Business and Digital Technology,"London, England, GB",,MISSING,,"Mon, 16 Feb 2026 08:58:18 UTC",,Full-time,,Sales,Admin/Service – Office Support,HARD_PASS,"hard pass title pattern: senior, manager",ADDITIONAL,,,0.399,workable-E3AD9592C4,https://apply.workable.com/j/E3AD9592C4,https://apply.workable.com/j/E3AD9592C4,,Workable XML job feed
HARD_PASS,Senior Cyber Security Consultant (Security Operation & Vulnerability Management),Methods Business and Digital Technology,"London, England, GB",,MISSING,,"Tue, 04 Aug 2026 14:35:55 UTC",,Full-time,,,Admin/Service – Office Support,HARD_PASS,hard pass title pattern: senior,ADDITIONAL,,,0.366,workable-9B95C2417F,https://apply.workable.com/j/9B95C2417F,https://apply.workable.com/j/9B95C2417F,,Workable XML job feed
HARD_PASS,Senior Fabric Engineer,Methods Business and Digital Technology,"London, England, GB",,MISSING,,"Wed, 05 Aug 2026 10:09:19 UTC",,Full-time,,Engineering,Admin/Service – Office Support,HARD_PASS,"hard pass title pattern: engineer, senior",ADDITIONAL,,,0.397,workable-795A1ADDF5,https://apply.workable.com/j/795A1ADDF5,https://apply.workable.com/j/795A1ADDF5,,Workable XML job feed
HARD_PASS,Senior Product Manager,Methods Business and Digital Technology,"London, England, GB",,MISSING,,"Fri, 31 Jul 2026 14:17:27 UTC",,Full-time,,,Admin/Service – Office Support,HARD_PASS,"hard pass title pattern: senior, manager",ADDITIONAL,,,0.405,workable-0594B0FBC0,https://apply.workable.com/j/0594B0FBC0,https://apply.workable.com/j/0594B0FBC0,,Workable XML job feed
HARD_PASS,Service Desk - Linux & MacOS,Methods Business and Digital Technology,"London, England, GB",,MISSING,,"Tue, 18 Aug 2026 13:42:32 UTC",,Full-time,,,Admin/Service – Office Support,ELASTIC_FIT,elastic-fit title pattern: service desk,ADDITIONAL,,,0.416,workable-095CC58796,https://apply.workable.com/j/095CC58796,https://apply.workable.com/j/095CC58796,,Workable XML job feed
HARD_PASS,Service Desk Analyst - Shared Services,Methods Business and Digital Technology,"London, England, GB",,MISSING,,"Tue, 04 Aug 2026 10:27:31 UTC",,Full-time,,,Admin/Service – Office Support,ELASTIC_FIT,elastic-fit title pattern: service desk,ADDITIONAL,,,0.405,workable-24D415F0B2,https://apply.workable.com/j/24D415F0B2,https://apply.workable.com/j/24D415F0B2,,Workable XML job feed
HARD_PASS,ServiceNow Pre-Sales & Assurance Consultant,Methods Business and Digital Technology,"London, England, GB",,MISSING,,"Tue, 04 Aug 2026 14:40:37 UTC",,Full-time,,Consulting,Admin/Service – Office Support,OUT_OF_SCOPE,no admin/service title classification match,ADDITIONAL,,,0.427,workable-99F15A53B8,https://apply.workable.com/j/99F15A53B8,https://apply.workable.com/j/99F15A53B8,,Workable XML job feed
HARD_PASS,SOC Analyst - Tier 1,Methods Business and Digital Technology,"London, England, GB",,MISSING,,"Thu, 30 Jul 2026 09:25:47 UTC",,Full-time,,Information Technology,Admin/Service – Office Support,OUT_OF_SCOPE,no admin/service title classification match,ADDITIONAL,,,0.419,workable-337C5D7551,https://apply.workable.com/j/337C5D7551,https://apply.workable.com/j/337C5D7551,,Workable XML job feed
HARD_PASS,Social Value Coordinator,Methods Business and Digital Technology,"London, England, GB",,MISSING,,"Tue, 11 Aug 2026 11:10:17 UTC",,Full-time,,Strategy/Planning,Admin/Service – Office Support,ELASTIC_FIT,elastic-fit title pattern: coordinator,ADDITIONAL,,,0.533,workable-2EFA3F96CB,https://apply.workable.com/j/2EFA3F96CB,https://apply.workable.com/j/2EFA3F96CB,,Workable XML job feed
HARD_PASS,Technical Architect,Methods Business and Digital Technology,"London, England, GB",,MISSING,,"Wed, 03 Jun 2026 09:33:48 UTC",,,,,Admin/Service – Office Support,OUT_OF_SCOPE,no admin/service title classification match,ADDITIONAL,,,0.421,workable-B5C99D63DF,https://apply.workable.com/j/B5C99D63DF,https://apply.workable.com/j/B5C99D63DF,,Workable XML job feed
HARD_PASS,User Researcher,Methods Business and Digital Technology,"London, England, GB",,MISSING,,"Thu, 30 Jul 2026 15:18:36 UTC",,Full-time,,,Admin/Service – Office Support,OUT_OF_SCOPE,no admin/service title classification match,ADDITIONAL,,,0.386,workable-4E4023FFD6,https://apply.workable.com/j/4E4023FFD6,https://apply.workable.com/j/4E4023FFD6,,Workable XML job feed
HARD_PASS,Assistant Director of Sales,Millennium Hotel and Resorts UK,"London, England, GB",,MISSING,,"Thu, 04 Jun 2026 15:42:44 UTC",,Full-time,,Sales,Admin/Service – Office Support,OUT_OF_SCOPE,no admin/service title classification match,ADDITIONAL,,,0.428,workable-0160011988,https://apply.workable.com/j/0160011988,https://apply.workable.com/j/0160011988,,Workable XML job feed
HARD_PASS,Bartender,Millennium Hotel and Resorts UK,"London, England, GB","£26,437",USABLE_REVIEW,"f Personality, Passion, Respect, Working Together and Creativity. Key Information Salary: £26,436.80 pa + service charge Address: SW10 0XE Working hours: 40 hrs Weekly Bartender will have: Pr","Fri, 29 May 2026 13:08:56 UTC",,Full-time,,,Admin/Service – Office Support,OUT_OF_SCOPE,no admin/service title classification match,ADDITIONAL,,,0.414,workable-42CC1AD752,https://apply.workable.com/j/42CC1AD752,https://apply.workable.com/j/42CC1AD752,,Workable XML job feed
HARD_PASS,Breakfast Commis Chef,Millennium Hotel and Resorts UK,"London, England, GB","£28,200",USABLE_REVIEW,"Personality, Passion, Respect, Working Together, and Creativity. Key Information Salary: £28,200 per annum + Service Charge Location: Chelsea Harbour, SW10 0XE Hours: 40 hours per week Wh","Wed, 12 Aug 2026 11:18:15 UTC",,Full-time,,,Admin/Service – Office Support,HARD_PASS,hard pass title pattern: chef,ADDITIONAL,,,0.405,workable-E0EE48DBF4,https://apply.workable.com/j/E0EE48DBF4,https://apply.workable.com/j/E0EE48DBF4,,Workable XML job feed
HARD_PASS,Casual F&B Assistant,Millennium Hotel and Resorts UK,"London, England, GB",,MISSING,,"Mon, 22 Jun 2026 16:38:35 UTC",,Part-time,,,Admin/Service – Office Support,OUT_OF_SCOPE,no admin/service title classification match,ADDITIONAL,,,0.523,workable-D01954D230,https://apply.workable.com/j/D01954D230,https://apply.workable.com/j/D01954D230,,Workable XML job feed
HARD_PASS,Casual Food & Beverage Assistant,Millennium Hotel and Resorts UK,"London, England, GB",,MISSING,,"Wed, 17 Jun 2026 14:05:05 UTC",,Other,,,Admin/Service – Office Support,OUT_OF_SCOPE,no admin/service title classification match,ADDITIONAL,,,0.491,workable-351F0F1F9B,https://apply.workable.com/j/351F0F1F9B,https://apply.workable.com/j/351F0F1F9B,,Workable XML job feed
HARD_PASS,Chef de Partie,Millennium Hotel and Resorts UK,"London, England, GB","£34,000",USABLE_REVIEW,"and develop your careers within our Brands. Key Information: Role: Chef de partie Salary: £34,000/annum + Service Charge Working hours: 50 hrs weekly Address: The Baileys Hotel London, SW","Thu, 23 Jul 2026 09:49:46 UTC",,Full-time,,,Admin/Service – Office Support,HARD_PASS,hard pass title pattern: chef,ADDITIONAL,,,0.408,workable-D874FF5DA2,https://apply.workable.com/j/D874FF5DA2,https://apply.workable.com/j/D874FF5DA2,,Workable XML job feed
HARD_PASS,Doorman,Millennium Hotel and Resorts UK,"London, England, GB",,MISSING,,"Mon, 29 Jun 2026 16:07:07 UTC",,Full-time,,,Admin/Service – Office Support,OUT_OF_SCOPE,no admin/service title classification match,ADDITIONAL,,,0.370,workable-18EE7F3994,https://apply.workable.com/j/18EE7F3994,https://apply.workable.com/j/18EE7F3994,,Workable XML job feed
HARD_PASS,Doorman,Millennium Hotel and Resorts UK,"London, England, GB",,MISSING,,"Thu, 16 Jul 2026 13:19:39 UTC",,Full-time,,,Admin/Service – Office Support,OUT_OF_SCOPE,no admin/service title classification match,ADDITIONAL,,,0.370,workable-13F77A1AED,https://apply.workable.com/j/13F77A1AED,https://apply.workable.com/j/13F77A1AED,,Workable XML job feed
HARD_PASS,Duty Manager,Millennium Hotel and Resorts UK,"London, England, GB",,MISSING,,"Wed, 29 Jul 2026 16:10:12 UTC",,Full-time,,,Admin/Service – Office Support,HARD_PASS,hard pass title pattern: manager,ADDITIONAL,,,0.426,workable-3084A64DFC,https://apply.workable.com/j/3084A64DFC,https://apply.workable.com/j/3084A64DFC,,Workable XML job feed
HARD_PASS,Executive Head Housekeeper,Millennium Hotel and Resorts UK,"London, England, GB",,MISSING,,"Tue, 04 Aug 2026 16:09:37 UTC",,Full-time,,Other,Admin/Service – Office Support,OUT_OF_SCOPE,no admin/service title classification match,ADDITIONAL,,,0.422,workable-2B883D36C1,https://apply.workable.com/j/2B883D36C1,https://apply.workable.com/j/2B883D36C1,,Workable XML job feed
HARD_PASS,F&B Supervisor,Millennium Hotel and Resorts UK,"London, England, GB",,MISSING,,"Thu, 25 Jun 2026 13:28:03 UTC",,Full-time,,,Admin/Service – Office Support,OUT_OF_SCOPE,no admin/service title classification match,ADDITIONAL,,,0.382,workable-D75F912A1D,https://apply.workable.com/j/D75F912A1D,https://apply.workable.com/j/D75F912A1D,,Workable XML job feed
HARD_PASS,Graphic Designer,Millennium Hotel and Resorts UK,"London, England, GB",,MISSING,,"Wed, 08 Jul 2026 11:05:31 UTC",,Full-time,,,Admin/Service – Office Support,OUT_OF_SCOPE,no admin/service title classification match,ADDITIONAL,,,0.381,workable-6947F917F2,https://apply.workable.com/j/6947F917F2,https://apply.workable.com/j/6947F917F2,,Workable XML job feed
HARD_PASS,Groups Manager,Millennium Hotel and Resorts UK,"London, England, GB",,MISSING,,"Mon, 13 Jul 2026 12:52:02 UTC",,Full-time,,Sales,Admin/Service – Office Support,HARD_PASS,hard pass title pattern: manager,ADDITIONAL,,,0.441,workable-568E79BAFA,https://apply.workable.com/j/568E79BAFA,https://apply.workable.com/j/568E79BAFA,,Workable XML job feed
HARD_PASS,Groups Reservations Executive,Millennium Hotel and Resorts UK,"London, England, GB",,MISSING,,"Thu, 07 May 2026 10:59:13 UTC",,Full-time,,,Admin/Service – Office Support,OUT_OF_SCOPE,no admin/service title classification match,ADDITIONAL,,,0.493,workable-AA2155EA9E,https://apply.workable.com/j/AA2155EA9E,https://apply.workable.com/j/AA2155EA9E,,Workable XML job feed
HARD_PASS,Guest Relations Manager,Millennium Hotel and Resorts UK,"London, England, GB",,MISSING,,"Thu, 02 Jul 2026 16:36:24 UTC",,Full-time,,,Admin/Service – Office Support,HARD_PASS,hard pass title pattern: manager,ADDITIONAL,,,0.435,workable-04CB6069B8,https://apply.workable.com/j/04CB6069B8,https://apply.workable.com/j/04CB6069B8,,Workable XML job feed
HARD_PASS,Hotel Manager,Millennium Hotel and Resorts UK,"London, England, GB",,MISSING,,"Fri, 19 Jun 2026 10:02:52 UTC",,Full-time,,,Admin/Service – Office Support,HARD_PASS,hard pass title pattern: manager,ADDITIONAL,,,0.442,workable-9AED39E520,https://apply.workable.com/j/9AED39E520,https://apply.workable.com/j/9AED39E520,,Workable XML job feed
HARD_PASS,Housekeeping Office Coordinator,Millennium Hotel and Resorts UK,"London, England, GB",,MISSING,,"Wed, 29 Jul 2026 15:02:26 UTC",,Full-time,,,Admin/Service – Office Support,ELASTIC_FIT,elastic-fit title pattern: coordinator,ADDITIONAL,,,0.505,workable-1398A1C34D,https://apply.workable.com/j/1398A1C34D,https://apply.workable.com/j/1398A1C34D,,Workable XML job feed
HARD_PASS,HR Officer,Millennium Hotel and Resorts UK,"London, England, GB",,MISSING,,"Tue, 11 Aug 2026 08:17:30 UTC",,Full-time,,Human Resources,HR / Recruitment,HIGH_CONFIDENCE,existing HR / Recruitment title register exact match,ADDITIONAL,,,0.567,workable-0590E46EC7,https://apply.workable.com/j/0590E46EC7,https://apply.workable.com/j/0590E46EC7,,Workable XML job feed
HARD_PASS,Information Security Manager,Millennium Hotel and Resorts UK,"London, England, GB",,MISSING,,"Thu, 20 Aug 2026 10:57:01 UTC",,Full-time,,Information Technology,Admin/Service – Office Support,HARD_PASS,hard pass title pattern: manager,ADDITIONAL,,,0.438,workable-E1AABD7A4F,https://apply.workable.com/j/E1AABD7A4F,https://apply.workable.com/j/E1AABD7A4F,,Workable XML job feed
HARD_PASS,M&E Sales Office Manager,Millennium Hotel and Resorts UK,"London, England, GB",,MISSING,,"Mon, 03 Aug 2026 12:21:01 UTC",,Full-time,,Sales,Admin/Service – Office Support,HARD_PASS,hard pass title pattern: manager,ADDITIONAL,,,0.421,workable-3555517173,https://apply.workable.com/j/3555517173,https://apply.workable.com/j/3555517173,,Workable XML job feed
HARD_PASS,Meetings & Events Executive,Millennium Hotel and Resorts UK,"London, England, GB",,MISSING,,"Mon, 03 Aug 2026 15:36:23 UTC",,Full-time,,Other,Admin/Service – Office Support,OUT_OF_SCOPE,no admin/service title classification match,ADDITIONAL,,,0.479,workable-492F3F3A89,https://apply.workable.com/j/492F3F3A89,https://apply.workable.com/j/492F3F3A89,,Workable XML job feed
HARD_PASS,Night Manager,Millennium Hotel and Resorts UK,"London, England, GB",,MISSING,,"Thu, 18 Jun 2026 09:58:02 UTC",,Full-time,,,Admin/Service – Office Support,HARD_PASS,hard pass title pattern: manager,ADDITIONAL,,,0.404,workable-42C8712011,https://apply.workable.com/j/42C8712011,https://apply.workable.com/j/42C8712011,,Workable XML job feed
HARD_PASS,Night Porter - Concierge,Millennium Hotel and Resorts UK,"London, England, GB",,MISSING,,"Wed, 08 Jul 2026 13:15:11 UTC",,Full-time,,Customer Service,Admin/Service – Office Support,OUT_OF_SCOPE,no admin/service title classification match,ADDITIONAL,,,0.423,workable-F95BEDA150,https://apply.workable.com/j/F95BEDA150,https://apply.workable.com/j/F95BEDA150,,Workable XML job feed
HARD_PASS,Operations Administrative Assistant,Millennium Hotel and Resorts UK,"London, England, GB",,MISSING,,"Mon, 13 Jul 2026 16:12:31 UTC",,Full-time,,,Admin/Service – Office Support,HIGH_CONFIDENCE,high-confidence title pattern: administrative assistant,ADDITIONAL,,,0.563,workable-FC67EDE19A,https://apply.workable.com/j/FC67EDE19A,https://apply.workable.com/j/FC67EDE19A,,Workable XML job feed
HARD_PASS,Painter & Decorator,Millennium Hotel and Resorts UK,"London, England, GB",,MISSING,,"Tue, 09 Jun 2026 21:02:20 UTC",,Full-time,,Engineering,Admin/Service – Office Support,OUT_OF_SCOPE,no admin/service title classification match,ADDITIONAL,,,0.492,workable-81B95DA560,https://apply.workable.com/j/81B95DA560,https://apply.workable.com/j/81B95DA560,,Workable XML job feed
HARD_PASS,Pastry Chef De Partie,Millennium Hotel and Resorts UK,"London, England, GB","£33,700",USABLE_REVIEW,"Personality, Passion, Respect, Working Together, and Creativity. Key Information Salary: £33,700 per annum + Service Charge Location: Chelsea Harbour, SW10 0XE Hours: 40 hours per week Wh","Wed, 12 Aug 2026 11:28:37 UTC",,Full-time,,,Admin/Service – Office Support,HARD_PASS,hard pass title pattern: chef,ADDITIONAL,,,0.406,workable-8ACE869368,https://apply.workable.com/j/8ACE869368,https://apply.workable.com/j/8ACE869368,,Workable XML job feed
HARD_PASS,Public Area Attendant,Millennium Hotel and Resorts UK,"London, England, GB",,MISSING,,"Tue, 09 Jun 2026 09:04:41 UTC",,,,,Admin/Service – Office Support,OUT_OF_SCOPE,no admin/service title classification match,ADDITIONAL,,,0.462,workable-974969A9AE,https://apply.workable.com/j/974969A9AE,https://apply.workable.com/j/974969A9AE,,Workable XML job feed
HARD_PASS,Receptionist,Millennium Hotel and Resorts UK,"London, England, GB",,MISSING,,"Wed, 10 Jun 2026 15:56:59 UTC",,,,,Admin/Service – Office Support,HIGH_CONFIDENCE,title register: high-confidence title pattern: receptionist,ADDITIONAL,,,0.641,workable-82F12B2764,https://apply.workable.com/j/82F12B2764,https://apply.workable.com/j/82F12B2764,,Workable XML job feed
HARD_PASS,Receptionist,Millennium Hotel and Resorts UK,"London, England, GB",,MISSING,,"Tue, 23 Jun 2026 11:13:22 UTC",,Full-time,,,Admin/Service – Office Support,HIGH_CONFIDENCE,title register: high-confidence title pattern: receptionist,ADDITIONAL,,,0.641,workable-6146CED72E,https://apply.workable.com/j/6146CED72E,https://apply.workable.com/j/6146CED72E,,Workable XML job feed
HARD_PASS,Regional SSHE Manager,Millennium Hotel and Resorts UK,"London, England, GB",,MISSING,,"Mon, 06 Jul 2026 15:36:50 UTC",,,,,Admin/Service – Office Support,HARD_PASS,hard pass title pattern: manager,ADDITIONAL,,,0.444,workable-8936675CCA,https://apply.workable.com/j/8936675CCA,https://apply.workable.com/j/8936675CCA,,Workable XML job feed
HARD_PASS,Reservations Agent,Millennium Hotel and Resorts UK,"London, England, GB",,MISSING,,"Wed, 17 Jun 2026 12:49:04 UTC",,,,,Admin/Service – Office Support,OUT_OF_SCOPE,no admin/service title classification match,ADDITIONAL,,,0.461,workable-37EFA7A302,https://apply.workable.com/j/37EFA7A302,https://apply.workable.com/j/37EFA7A302,,Workable XML job feed
HARD_PASS,Sales Manager,Millennium Hotel and Resorts UK,"London, England, GB",,MISSING,,"Thu, 16 Jul 2026 10:18:43 UTC",,,,Sales,Admin/Service – Office Support,HARD_PASS,hard pass title pattern: manager,ADDITIONAL,,,0.489,workable-D6A6F11AE2,https://apply.workable.com/j/D6A6F11AE2,https://apply.workable.com/j/D6A6F11AE2,,Workable XML job feed
HARD_PASS,Shift Engineer,Millennium Hotel and Resorts UK,"London, England, GB",,MISSING,,"Fri, 05 Jun 2026 10:43:39 UTC",,,,,Admin/Service – Office Support,HARD_PASS,hard pass title pattern: engineer,ADDITIONAL,,,0.396,workable-F1B10BDA69,https://apply.workable.com/j/F1B10BDA69,https://apply.workable.com/j/F1B10BDA69,,Workable XML job feed
HARD_PASS,Social Media Manager,Millennium Hotel and Resorts UK,"London, England, GB",,MISSING,,"Fri, 31 Jul 2026 14:39:09 UTC",,,,,Admin/Service – Office Support,HARD_PASS,hard pass title pattern: manager,ADDITIONAL,,,0.469,workable-36F52DB330,https://apply.workable.com/j/36F52DB330,https://apply.workable.com/j/36F52DB330,,Workable XML job feed
HARD_PASS,Tax and Corporate Accountant,Millennium Hotel and Resorts UK,"London, England, GB",,MISSING,,"Wed, 15 Jul 2026 15:20:44 UTC",,Full-time,,Finance,Admin/Service – Office Support,OUT_OF_SCOPE,no admin/service title classification match,ADDITIONAL,,,0.436,workable-A1450448E4,https://apply.workable.com/j/A1450448E4,https://apply.workable.com/j/A1450448E4,,Workable XML job feed
HARD_PASS,Advisory Board Member - Remote,Mind Friend,"London, England, GB",,MISSING,,"Sun, 02 Aug 2026 10:29:22 UTC",,,Remote,Consulting,Admin/Service – Office Support,OUT_OF_SCOPE,no admin/service title classification match,ADDITIONAL,,,0.444,workable-A0D02415AF,https://apply.workable.com/j/A0D02415AF,https://apply.workable.com/j/A0D02415AF,,Workable XML job feed
HARD_PASS,Business Analyst (Contentful),Mindera,"London, England, GB",,MISSING,,"Mon, 03 Aug 2026 14:21:01 UTC",,Contract,,Engineering,Admin/Service – Office Support,OUT_OF_SCOPE,no admin/service title classification match,ADDITIONAL,,,0.417,workable-6F3271B3C3,https://apply.workable.com/j/6F3271B3C3,https://apply.workable.com/j/6F3271B3C3,,Workable XML job feed
HARD_PASS,"Head of Engineering, SAP/Oracle Platform & Transformation (HR and Finance)",Mindera,"London, England, GB",,MISSING,,"Wed, 08 Apr 2026 13:49:06 UTC",,Contract,,,Admin/Service – Office Support,HARD_PASS,hard pass title pattern: engineer,ADDITIONAL,,,0.399,workable-C6F3923C61,https://apply.workable.com/j/C6F3923C61,https://apply.workable.com/j/C6F3923C61,,Workable XML job feed
HARD_PASS,Lead Mobile Engineer - contract - outside IR35,Mindera,"London, England, GB",,MISSING,,"Mon, 03 Aug 2026 09:37:21 UTC",,Full-time,,,Admin/Service – Office Support,HARD_PASS,hard pass title pattern: engineer,ADDITIONAL,,,0.422,workable-9837A0B9B0,https://apply.workable.com/j/9837A0B9B0,https://apply.workable.com/j/9837A0B9B0,,Workable XML job feed
HARD_PASS,Principal Engineer - Contract - Outside IR35,Mindera,"London, England, GB",,MISSING,,"Fri, 26 Jun 2026 10:34:34 UTC",,,,Engineering,Admin/Service – Office Support,HARD_PASS,hard pass title pattern: engineer,ADDITIONAL,,,0.423,workable-67D09A49C6,https://apply.workable.com/j/67D09A49C6,https://apply.workable.com/j/67D09A49C6,,Workable XML job feed
HARD_PASS,Principal Java Engineer - Retail,Mindera,"London, England, GB",,MISSING,,"Thu, 06 Nov 2025 11:15:42 UTC",,Full-time,,Engineering,Admin/Service – Office Support,HARD_PASS,hard pass title pattern: engineer,ADDITIONAL,,,0.429,workable-97DDA8B417,https://apply.workable.com/j/97DDA8B417,https://apply.workable.com/j/97DDA8B417,,Workable XML job feed
HARD_PASS,Retail Product Manager - Contract - Outside IR35,Mindera,"London, England, GB",,MISSING,,"Tue, 14 Jul 2026 08:20:23 UTC",,Contract,,Engineering,Admin/Service – Office Support,HARD_PASS,hard pass title pattern: manager,ADDITIONAL,,,0.445,workable-F42128AD13,https://apply.workable.com/j/F42128AD13,https://apply.workable.com/j/F42128AD13,,Workable XML job feed
HARD_PASS,Senior Business Development Lead - Retail Tech & Software Services,Mindera,"London, England, GB","£70,000–£85,000",USABLE_REVIEW,"ed for high performers who want absolute clarity on their earning potential. Base Salary: £70,000 – £85,000 per annum, mapped to experience and network strength. The 3% Global Commission Model: Rece","Thu, 09 Jul 2026 08:58:00 UTC",,Full-time,,Business Development,Admin/Service – Office Support,HARD_PASS,"hard pass title pattern: business development, senior",ADDITIONAL,,,0.361,workable-0B5CF9727C,https://apply.workable.com/j/0B5CF9727C,https://apply.workable.com/j/0B5CF9727C,,Workable XML job feed
HARD_PASS,Senior Fullstack Mobile Engineer,Mindera,"London, England, GB",,MISSING,,"Tue, 11 Aug 2026 15:38:30 UTC",,,,Engineering,Admin/Service – Office Support,HARD_PASS,"hard pass title pattern: engineer, senior",ADDITIONAL,,,0.404,workable-7233FF2092,https://apply.workable.com/j/7233FF2092,https://apply.workable.com/j/7233FF2092,,Workable XML job feed
HARD_PASS,Senior Java Developer (Azure),Mindera,"London, England, GB",,MISSING,,"Mon, 03 Aug 2026 14:31:47 UTC",,Contract,,Engineering,Admin/Service – Office Support,HARD_PASS,hard pass title pattern: senior,ADDITIONAL,,,0.397,workable-811E3EC385,https://apply.workable.com/j/811E3EC385,https://apply.workable.com/j/811E3EC385,,Workable XML job feed
HARD_PASS,Senior Platform Engineer - Contract - Outside IR35,Mindera,"London, England, GB",,MISSING,,"Tue, 05 May 2026 15:44:38 UTC",,,,,Admin/Service – Office Support,HARD_PASS,"hard pass title pattern: engineer, senior",ADDITIONAL,,,0.427,workable-B6970F450F,https://apply.workable.com/j/B6970F450F,https://apply.workable.com/j/B6970F450F,,Workable XML job feed
HARD_PASS,"AI Evaluation Engineer (Python, QA or Security)",Mindrift,"London, England, GB",,MISSING,,"Tue, 18 Aug 2026 11:19:30 UTC",,Part-time,Remote,,Admin/Service – Office Support,HARD_PASS,hard pass title pattern: engineer,ADDITIONAL,,,0.405,workable-AD92E89F9B,https://apply.workable.com/j/AD92E89F9B,https://apply.workable.com/j/AD92E89F9B,,Workable XML job feed
HARD_PASS,"Chatbot Developer (WhatsApp, Telegram, Discord) - Freelance",Mindrift,"London, England, GB",,MISSING,,"Tue, 18 Aug 2026 09:26:23 UTC",,Part-time,Remote,,Admin/Service – Office Support,OUT_OF_SCOPE,no admin/service title classification match,ADDITIONAL,,,0.356,workable-163A03EE13,https://apply.workable.com/j/163A03EE13,https://apply.workable.com/j/163A03EE13,,Workable XML job feed
HARD_PASS,Competitive Programming Expert - Freelance AI Trainer,Mindrift,"London, England, GB",,MISSING,,"Thu, 20 Aug 2026 08:32:48 UTC",,Part-time,Remote,,Admin/Service – Office Support,OUT_OF_SCOPE,no admin/service title classification match,ADDITIONAL,,,0.388,workable-A0425F949C,https://apply.workable.com/j/A0425F949C,https://apply.workable.com/j/A0425F949C,,Workable XML job feed
HARD_PASS,Ex-MBB Strategy Consultant - AI Training (Remote),Mindrift,"London, England, GB",,MISSING,,"Mon, 17 Aug 2026 11:23:41 UTC",,Part-time,Remote,Consulting,Admin/Service – Office Support,OUT_OF_SCOPE,no admin/service title classification match,ADDITIONAL,,,0.388,workable-E29E967238,https://apply.workable.com/j/E29E967238,https://apply.workable.com/j/E29E967238,,Workable XML job feed
HARD_PASS,Freelance Agent Evaluation Engineer,Mindrift,"London, England, GB",,MISSING,,"Mon, 17 Aug 2026 18:50:33 UTC",,Part-time,Remote,,Admin/Service – Office Support,HARD_PASS,hard pass title pattern: engineer,ADDITIONAL,,,0.441,workable-36010E3615,https://apply.workable.com/j/36010E3615,https://apply.workable.com/j/36010E3615,,Workable XML job feed
HARD_PASS,Freelance Brand Designer,Mindrift,"London, England, GB",,MISSING,,"Fri, 14 Aug 2026 07:47:57 UTC",,Part-time,Remote,,Admin/Service – Office Support,OUT_OF_SCOPE,no admin/service title classification match,ADDITIONAL,,,0.446,workable-466E1B6665,https://apply.workable.com/j/466E1B6665,https://apply.workable.com/j/466E1B6665,,Workable XML job feed
HARD_PASS,Freelance Data Scraping Engineer (Python),Mindrift,"London, England, GB",,MISSING,,"Mon, 17 Aug 2026 17:02:55 UTC",,Part-time,Remote,,Admin/Service – Office Support,HARD_PASS,hard pass title pattern: engineer,ADDITIONAL,,,0.392,workable-42A48B03B4,https://apply.workable.com/j/42A48B03B4,https://apply.workable.com/j/42A48B03B4,,Workable XML job feed
HARD_PASS,Freelance Graphic Designer,Mindrift,"London, England, GB",,MISSING,,"Wed, 19 Aug 2026 07:23:41 UTC",,Part-time,Remote,,Admin/Service – Office Support,OUT_OF_SCOPE,no admin/service title classification match,ADDITIONAL,,,0.392,workable-37314797D4,https://apply.workable.com/j/37314797D4,https://apply.workable.com/j/37314797D4,,Workable XML job feed
HARD_PASS,Freelance Mobile App Developer (iOS / Android),Mindrift,"London, England, GB",,MISSING,,"Thu, 20 Aug 2026 09:54:23 UTC",,Part-time,Remote,,Admin/Service – Office Support,OUT_OF_SCOPE,no admin/service title classification match,ADDITIONAL,,,0.367,workable-655B81E383,https://apply.workable.com/j/655B81E383,https://apply.workable.com/j/655B81E383,,Workable XML job feed
HARD_PASS,Freelance Presentation Designer,Mindrift,"London, England, GB",,MISSING,,"Tue, 18 Aug 2026 13:44:48 UTC",,Part-time,Remote,,Admin/Service – Office Support,OUT_OF_SCOPE,no admin/service title classification match,ADDITIONAL,,,0.440,workable-36BDE004C8,https://apply.workable.com/j/36BDE004C8,https://apply.workable.com/j/36BDE004C8,,Workable XML job feed
HARD_PASS,Freelance Web Designer,Mindrift,"London, England, GB",,MISSING,,"Mon, 17 Aug 2026 11:53:08 UTC",,Part-time,Remote,,Admin/Service – Office Support,OUT_OF_SCOPE,no admin/service title classification match,ADDITIONAL,,,0.385,workable-91F1D8544D,https://apply.workable.com/j/91F1D8544D,https://apply.workable.com/j/91F1D8544D,,Workable XML job feed
HARD_PASS,Senior Python Data Scraping Engineer (Freelance),Mindrift,"London, England, GB",,MISSING,,"Fri, 14 Aug 2026 07:26:33 UTC",,Part-time,Remote,,Admin/Service – Office Support,HARD_PASS,"hard pass title pattern: engineer, senior",ADDITIONAL,,,0.373,workable-499BD38E6A,https://apply.workable.com/j/499BD38E6A,https://apply.workable.com/j/499BD38E6A,,Workable XML job feed
HARD_PASS,Senior Python Engineer - AI Coding Agent Evaluation (Freelance),Mindrift,"London, England, GB",,MISSING,,"Mon, 17 Aug 2026 17:43:13 UTC",,Part-time,Remote,,Admin/Service – Office Support,HARD_PASS,"hard pass title pattern: engineer, senior",ADDITIONAL,,,0.388,workable-E9C1DB330A,https://apply.workable.com/j/E9C1DB330A,https://apply.workable.com/j/E9C1DB330A,,Workable XML job feed
HARD_PASS,Software Engineering Evaluation Specialist,Mindrift,"London, England, GB",,MISSING,,"Mon, 17 Aug 2026 12:31:38 UTC",,Part-time,Remote,,Admin/Service – Office Support,HARD_PASS,hard pass title pattern: engineer,ADDITIONAL,,,0.422,workable-245EC6C75A,https://apply.workable.com/j/245EC6C75A,https://apply.workable.com/j/245EC6C75A,,Workable XML job feed
HARD_PASS,AI Trainer - Freelance Data Annotator,Mindrift - Data annotation,"London, England, GB",,MISSING,,"Thu, 13 Aug 2026 08:22:41 UTC",,Part-time,Remote,,Admin/Service – Office Support,OUT_OF_SCOPE,no admin/service title classification match,ADDITIONAL,,,0.448,workable-8F10A695E3,https://apply.workable.com/j/8F10A695E3,https://apply.workable.com/j/8F10A695E3,,Workable XML job feed
HARD_PASS,Freelance Annotator (English) - AI Trainer,Mindrift - Data annotation,"London, England, GB",,MISSING,,"Thu, 13 Aug 2026 12:13:28 UTC",,Part-time,Remote,,Admin/Service – Office Support,OUT_OF_SCOPE,no admin/service title classification match,ADDITIONAL,,,0.396,workable-56922702D3,https://apply.workable.com/j/56922702D3,https://apply.workable.com/j/56922702D3,,Workable XML job feed
HARD_PASS,Full Stack Software Engineer,Minerva Defence,"London, England, GB",,MISSING,,"Sun, 02 Aug 2026 07:54:44 UTC",,Full-time,,Information Technology,Admin/Service – Office Support,HARD_PASS,hard pass title pattern: engineer,ADDITIONAL,,,0.402,workable-E378CE2C17,https://apply.workable.com/j/E378CE2C17,https://apply.workable.com/j/E378CE2C17,,Workable XML job feed
HARD_PASS,General Application,Minerva Defence,"London, England, GB",,MISSING,,"Mon, 22 Jun 2026 18:37:43 UTC",,Full-time,,,Admin/Service – Office Support,OUT_OF_SCOPE,no admin/service title classification match,ADDITIONAL,,,0.421,workable-0062B20F59,https://apply.workable.com/j/0062B20F59,https://apply.workable.com/j/0062B20F59,,Workable XML job feed
HARD_PASS,Machine Learning Systems Engineer,Minerva Defence,"London, England, GB",,MISSING,,"Fri, 14 Aug 2026 20:08:07 UTC",,Full-time,,Information Technology,Admin/Service – Office Support,HARD_PASS,hard pass title pattern: engineer,ADDITIONAL,,,0.390,workable-E0842C3A28,https://apply.workable.com/j/E0842C3A28,https://apply.workable.com/j/E0842C3A28,,Workable XML job feed
HARD_PASS,Product Engineer,Minerva Defence,"London, England, GB",,MISSING,,"Fri, 14 Aug 2026 16:04:14 UTC",,Full-time,,Information Technology,Admin/Service – Office Support,HARD_PASS,hard pass title pattern: engineer,ADDITIONAL,,,0.453,workable-48D366F6B3,https://apply.workable.com/j/48D366F6B3,https://apply.workable.com/j/48D366F6B3,,Workable XML job feed
HARD_PASS,"Financial controller - FMCG, Beauty Wellness",Minerva Research Labs,"London, England, GB","£40,000",USABLE_REVIEW,"using advanced Excel tools Benefits Full-time – Hybrid (London - Oxford Street) Pay: From £40,000.00 per year Job Type: Fixed term contract","Mon, 22 Jun 2026 15:25:08 UTC",,Temporary,,Finance,Admin/Service – Office Support,OUT_OF_SCOPE,no admin/service title classification match,ADDITIONAL,,,0.420,workable-E0761A9DF4,https://apply.workable.com/j/E0761A9DF4,https://apply.workable.com/j/E0761A9DF4,,Workable XML job feed
HARD_PASS,"Senior Sales & Account Manager - UK - FMCG, Beauty, Wellness",Minerva Research Labs,"London, England, GB","£60,000",USABLE_REVIEW,"sure Budget and P&L responsibility Leadership or mentoring experience Benefits Pay: up to £60,000.00 per year / depending on experience","Fri, 12 Jun 2026 13:31:50 UTC",,Full-time,,Sales,Admin/Service – Office Support,HARD_PASS,"hard pass title pattern: account manager, senior, manager",ADDITIONAL,,,0.401,workable-37A02A8B6C,https://apply.workable.com/j/37A02A8B6C,https://apply.workable.com/j/37A02A8B6C,,Workable XML job feed
HARD_PASS,Freelance Business Writer,Mint Studios,"London, United Kingdom, GB",,MISSING,,"Fri, 17 Apr 2026 14:41:47 UTC",,Contract,Remote,Writing/Editing,Admin/Service – Office Support,OUT_OF_SCOPE,no admin/service title classification match,ADDITIONAL,,,0.457,workable-00DE9C17B8,https://apply.workable.com/j/00DE9C17B8,https://apply.workable.com/j/00DE9C17B8,,Workable XML job feed
HARD_PASS,Freelance Finance Content Writer,Mint Studios,"London, United Kingdom, GB",,MISSING,,"Thu, 05 Feb 2026 14:50:15 UTC",,Contract,Remote,Writing/Editing,Admin/Service – Office Support,OUT_OF_SCOPE,no admin/service title classification match,ADDITIONAL,,,0.461,workable-9EFCC82EC6,https://apply.workable.com/j/9EFCC82EC6,https://apply.workable.com/j/9EFCC82EC6,,Workable XML job feed
HARD_PASS,Lead JavaScript Engineer - Encore Musicians,Mixcloud,"London, England, GB",,MISSING,,"Mon, 13 Jul 2026 11:42:42 UTC",,Full-time,,Engineering,Admin/Service – Office Support,HARD_PASS,hard pass title pattern: engineer,ADDITIONAL,,,0.375,workable-B2933F272B,https://apply.workable.com/j/B2933F272B,https://apply.workable.com/j/B2933F272B,,Workable XML job feed
HARD_PASS,Founding Account Manager,MLabs,"London, England, GB",,MISSING,,"Fri, 31 Jul 2026 08:17:38 UTC",,,,,Admin/Service – Office Support,HARD_PASS,"hard pass title pattern: account manager, manager",ADDITIONAL,,,0.389,workable-A942AD52EF,https://apply.workable.com/j/A942AD52EF,https://apply.workable.com/j/A942AD52EF,,Workable XML job feed
HARD_PASS,Founding Talent,MLabs,"London, England, GB",,MISSING,,"Wed, 15 Jul 2026 08:06:09 UTC",,,,,Admin/Service – Office Support,OUT_OF_SCOPE,no admin/service title classification match,ADDITIONAL,,,0.421,workable-F234A9A3D3,https://apply.workable.com/j/F234A9A3D3,https://apply.workable.com/j/F234A9A3D3,,Workable XML job feed
HARD_PASS,Fullstack Software Engineer,MLabs,"London, England, GB",,MISSING,,"Tue, 14 Jul 2026 06:46:16 UTC",,,,,Admin/Service – Office Support,HARD_PASS,hard pass title pattern: engineer,ADDITIONAL,,,0.361,workable-E893145C08,https://apply.workable.com/j/E893145C08,https://apply.workable.com/j/E893145C08,,Workable XML job feed
HARD_PASS,Growth Relations Manager - Liquidity,MLabs,"London, England, GB",,MISSING,,"Mon, 20 Apr 2026 07:18:24 UTC",,,,,Admin/Service – Office Support,HARD_PASS,hard pass title pattern: manager,ADDITIONAL,,,0.387,workable-BE2372AF22,https://apply.workable.com/j/BE2372AF22,https://apply.workable.com/j/BE2372AF22,,Workable XML job feed
HARD_PASS,Head of Claims,MLabs,"London, England, GB","£110,000–£150,000",USABLE_REVIEW,rk or Remote U.S On-Site/Remote | Full-time Compensation: $150K – $200K • Offers Equity • £110K - £150K Our client is an AI-native Third-Party Administrator (TPA) that is redefining how claims,"Wed, 15 Jul 2026 07:27:52 UTC",,,,,Admin/Service – Office Support,OUT_OF_SCOPE,no admin/service title classification match,ADDITIONAL,,,0.407,workable-5E9F4C8E12,https://apply.workable.com/j/5E9F4C8E12,https://apply.workable.com/j/5E9F4C8E12,,Workable XML job feed
HARD_PASS,Staff Engineer,MLabs,"London, England, GB","£110,000–£150,000",USABLE_REVIEW,"Location: London, England, GB On-Site | Full-time Compensation: £110K - £150K GBP Our client is a high-velocity, London-based applied research lab reshaping the future","Tue, 14 Jul 2026 07:30:24 UTC",,,,,Admin/Service – Office Support,HARD_PASS,hard pass title pattern: engineer,ADDITIONAL,,,0.361,workable-3E5FB0639E,https://apply.workable.com/j/3E5FB0639E,https://apply.workable.com/j/3E5FB0639E,,Workable XML job feed
HARD_PASS,Technical Customer Success Manager,Modash,"London, England, GB",,MISSING,,"Fri, 07 Aug 2026 14:45:03 UTC",,Full-time,Remote,Sales,Admin/Service – Office Support,HARD_PASS,hard pass title pattern: manager,ADDITIONAL,,,0.388,workable-483A16E3C1,https://apply.workable.com/j/483A16E3C1,https://apply.workable.com/j/483A16E3C1,,Workable XML job feed
HARD_PASS,CRM Marketing Specialist - Pension,Moneyfarm,"London, England, GB",,MISSING,,"Wed, 29 Jul 2026 14:33:08 UTC",,Full-time,,,Admin/Service – Office Support,HARD_PASS,hard pass title pattern: pension,ADDITIONAL,,,0.443,workable-90E66646C6,https://apply.workable.com/j/90E66646C6,https://apply.workable.com/j/90E66646C6,,Workable XML job feed
HARD_PASS,Junior Compliance Analyst,Moneyfarm,"London, England, GB",,MISSING,,"Fri, 24 Jul 2026 12:56:12 UTC",,Full-time,,,Admin/Service – Office Support,HARD_PASS,hard pass title pattern: compliance,ADDITIONAL,,,0.393,workable-D584466A8A,https://apply.workable.com/j/D584466A8A,https://apply.workable.com/j/D584466A8A,,Workable XML job feed
HARD_PASS,Animation Producer (FTC),Moonbug Entertainment,"London, England, GB",,MISSING,,"Mon, 13 Jul 2026 15:56:23 UTC",,Contract,,Production,Admin/Service – Office Support,OUT_OF_SCOPE,no admin/service title classification match,ADDITIONAL,,,0.431,workable-B3B2F96289,https://apply.workable.com/j/B3B2F96289,https://apply.workable.com/j/B3B2F96289,,Workable XML job feed
HARD_PASS,Art Director (FTC),Moonbug Entertainment,"London, England, GB",,MISSING,,"Mon, 13 Jul 2026 16:12:27 UTC",,Contract,,Art/Creative,Admin/Service – Office Support,OUT_OF_SCOPE,no admin/service title classification match,ADDITIONAL,,,0.445,workable-45D0F68B3E,https://apply.workable.com/j/45D0F68B3E,https://apply.workable.com/j/45D0F68B3E,,Workable XML job feed
HARD_PASS,Creative Talent Outreach,Moonbug Entertainment,"London, England, GB",,MISSING,,"Fri, 14 Aug 2026 10:55:35 UTC",,Contract,,Art/Creative,Admin/Service – Office Support,OUT_OF_SCOPE,no admin/service title classification match,ADDITIONAL,,,0.431,workable-CCB675527E,https://apply.workable.com/j/CCB675527E,https://apply.workable.com/j/CCB675527E,,Workable XML job feed
HARD_PASS,Label Operations Coordinator,Moonbug Entertainment,"London, England, GB",,MISSING,,"Thu, 18 Jun 2026 09:47:34 UTC",,Full-time,,,Admin/Service – Office Support,ELASTIC_FIT,elastic-fit title pattern: coordinator,ADDITIONAL,,,0.514,workable-3D6104D157,https://apply.workable.com/j/3D6104D157,https://apply.workable.com/j/3D6104D157,,Workable XML job feed
HARD_PASS,Music Publishing Copyright Coordinator,Moonbug Entertainment,"London, England, GB",,MISSING,,"Tue, 04 Aug 2026 14:53:06 UTC",,Full-time,,,Admin/Service – Office Support,ELASTIC_FIT,elastic-fit title pattern: coordinator,ADDITIONAL,,,0.479,workable-3C75A7E1BA,https://apply.workable.com/j/3C75A7E1BA,https://apply.workable.com/j/3C75A7E1BA,,Workable XML job feed
HARD_PASS,Paid Media Operations Manager,Moonbug Entertainment,"London, England, GB",,MISSING,,"Tue, 28 Jul 2026 16:18:23 UTC",,Full-time,,,Admin/Service – Office Support,HARD_PASS,"hard pass title pattern: operations manager, manager",ADDITIONAL,,,0.427,workable-6701409D1A,https://apply.workable.com/j/6701409D1A,https://apply.workable.com/j/6701409D1A,,Workable XML job feed
HARD_PASS,Production Coordinator (FTC),Moonbug Entertainment,"London, England, GB",,MISSING,,"Mon, 13 Jul 2026 16:01:50 UTC",,Contract,,Production,Admin/Service – Office Support,HARD_PASS,hard pass title pattern: production,ADDITIONAL,,,0.527,workable-9A6C4FB6D1,https://apply.workable.com/j/9A6C4FB6D1,https://apply.workable.com/j/9A6C4FB6D1,,Workable XML job feed
HARD_PASS,Production Talent Outreach,Moonbug Entertainment,"London, England, GB",,MISSING,,"Fri, 14 Aug 2026 11:00:49 UTC",,Contract,,Production,Admin/Service – Office Support,HARD_PASS,hard pass title pattern: production,ADDITIONAL,,,0.425,workable-35AB6EB192,https://apply.workable.com/j/35AB6EB192,https://apply.workable.com/j/35AB6EB192,,Workable XML job feed
HARD_PASS,QC Content & Operations Coordinator (FTC),Moonbug Entertainment,"London, England, GB",,MISSING,,"Thu, 20 Aug 2026 13:51:08 UTC",,Contract,,Production,Admin/Service – Office Support,ELASTIC_FIT,elastic-fit title pattern: coordinator,ADDITIONAL,,,0.501,workable-C68BD4F7D5,https://apply.workable.com/j/C68BD4F7D5,https://apply.workable.com/j/C68BD4F7D5,,Workable XML job feed
HARD_PASS,"Retail Manager, Consumer Products International",Moonbug Entertainment,"London, England, GB",,MISSING,,"Tue, 23 Jun 2026 13:16:41 UTC",,Full-time,,Other,Admin/Service – Office Support,HARD_PASS,hard pass title pattern: manager,ADDITIONAL,,,0.441,workable-462E2D7DB1,https://apply.workable.com/j/462E2D7DB1,https://apply.workable.com/j/462E2D7DB1,,Workable XML job feed
HARD_PASS,"Senior Copyright Manager, Music Publishing",Moonbug Entertainment,"London, England, GB",,MISSING,,"Tue, 04 Aug 2026 14:47:18 UTC",,Full-time,,,Admin/Service – Office Support,HARD_PASS,"hard pass title pattern: senior, manager",ADDITIONAL,,,0.416,workable-460D450881,https://apply.workable.com/j/460D450881,https://apply.workable.com/j/460D450881,,Workable XML job feed
HARD_PASS,Senior Creative Executive (Children's Media) - Mat Cover,Moonbug Entertainment,"London, England, GB",,MISSING,,"Tue, 11 Aug 2026 14:49:45 UTC",,Contract,,Art/Creative,Admin/Service – Office Support,HARD_PASS,hard pass title pattern: senior,ADDITIONAL,,,0.393,workable-78EA1D16AC,https://apply.workable.com/j/78EA1D16AC,https://apply.workable.com/j/78EA1D16AC,,Workable XML job feed
HARD_PASS,Story Development & Editorial Manager (Licensed IP) - (FTC),Moonbug Entertainment,"London, England, GB",,MISSING,,"Thu, 16 Jul 2026 10:55:14 UTC",,Contract,,,Admin/Service – Office Support,HARD_PASS,hard pass title pattern: manager,ADDITIONAL,,,0.417,workable-F990DA36CC,https://apply.workable.com/j/F990DA36CC,https://apply.workable.com/j/F990DA36CC,,Workable XML job feed
HARD_PASS,Video Editor (GFX & Colour) - (FTC),Moonbug Entertainment,"London, England, GB",,MISSING,,"Wed, 17 Jun 2026 13:53:12 UTC",,Contract,,Production,Admin/Service – Office Support,OUT_OF_SCOPE,no admin/service title classification match,ADDITIONAL,,,0.392,workable-176BCF4F0A,https://apply.workable.com/j/176BCF4F0A,https://apply.workable.com/j/176BCF4F0A,,Workable XML job feed
HARD_PASS,Head of AI Safety,Moonshot,"London, England, GB","£75,000–£90,000",USABLE_REVIEW,"ternity leave. All permanent employees are granted share options upon employment. Salary: £75,000 - £90,000 (depending on skills and experience).","Fri, 14 Aug 2026 16:27:42 UTC",,Full-time,,,Admin/Service – Office Support,OUT_OF_SCOPE,no admin/service title classification match,ADDITIONAL,,,0.457,workable-690C7B1F70,https://apply.workable.com/j/690C7B1F70,https://apply.workable.com/j/690C7B1F70,,Workable XML job feed
HARD_PASS,"Linguist Talent Pool (Albanian, Hindi, Kurdish (Sorani), Punjabi and Urdu)",Moonshot,"London, England, GB",,MISSING,,"Fri, 16 Jan 2026 13:43:29 UTC",,,Remote,,Admin/Service – Office Support,OUT_OF_SCOPE,no admin/service title classification match,ADDITIONAL,,,0.358,workable-C6E59E12FA,https://apply.workable.com/j/C6E59E12FA,https://apply.workable.com/j/C6E59E12FA,,Workable XML job feed
HARD_PASS,Manager (Insights),Moonshot,"London, England, GB","£46,000–£55,000",USABLE_REVIEW,"ternity leave. All permanent employees are granted share options upon employment. Salary: £46,000 - £55,000 (depending on skills and experience).","Wed, 19 Aug 2026 15:58:43 UTC",,Full-time,,,Admin/Service – Office Support,HARD_PASS,hard pass title pattern: manager,ADDITIONAL,,,0.383,workable-87E8BD4842,https://apply.workable.com/j/87E8BD4842,https://apply.workable.com/j/87E8BD4842,,Workable XML job feed
HARD_PASS,OSINT Analyst,Moonshot,"London, England, GB","£30,784–£40,000",USABLE_REVIEW,"ternity leave. All permanent employees are granted share options upon employment. Salary: £30,784 - £40,000 (depending on skills and experience).","Wed, 19 Aug 2026 15:59:02 UTC",,Full-time,,,Admin/Service – Office Support,OUT_OF_SCOPE,no admin/service title classification match,ADDITIONAL,,,0.431,workable-DFD0F0BF9D,https://apply.workable.com/j/DFD0F0BF9D,https://apply.workable.com/j/DFD0F0BF9D,,Workable XML job feed
HARD_PASS,Finance manager,MRS. ALICE,"London, England, GB",,MISSING,,"Thu, 23 Jul 2026 15:40:45 UTC",,,,,Admin/Service – Office Support,HARD_PASS,hard pass title pattern: manager,ADDITIONAL,,,0.462,workable-45B9C4FD42,https://apply.workable.com/j/45B9C4FD42,https://apply.workable.com/j/45B9C4FD42,,Workable XML job feed
HARD_PASS,Associate Digital Consultant,MSQDX,"London, England, GB",,MISSING,,"Thu, 13 Aug 2026 13:59:26 UTC",,Full-time,,Consulting,Admin/Service – Office Support,OUT_OF_SCOPE,no admin/service title classification match,ADDITIONAL,,,0.346,workable-F51367B445,https://apply.workable.com/j/F51367B445,https://apply.workable.com/j/F51367B445,,Workable XML job feed
HARD_PASS,Watersports Instructor,MSSC,"London, England, GB",,MISSING,,"Thu, 07 May 2026 11:28:50 UTC",,Other,,Other,Admin/Service – Office Support,OUT_OF_SCOPE,no admin/service title classification match,ADDITIONAL,,,0.512,workable-0261C7146A,https://apply.workable.com/j/0261C7146A,https://apply.workable.com/j/0261C7146A,,Workable XML job feed
HARD_PASS,Senior Analyst,Much Better Adventures,"London, England, GB","£60,000–£75,000",USABLE_REVIEW,"aser Stage 4: Two 30 minute interviews with members of our senior leadership team Salary: £60,000 – £75,000 To start as soon as possible We are an equal opportunities employer and strongly encourage","Tue, 18 Aug 2026 11:56:56 UTC",,Full-time,Remote,,Admin/Service – Office Support,HARD_PASS,hard pass title pattern: senior,ADDITIONAL,,,0.475,workable-5DAB129176,https://apply.workable.com/j/5DAB129176,https://apply.workable.com/j/5DAB129176,,Workable XML job feed
HARD_PASS,Senior Data Platform Engineer,Much Better Adventures,"London, England, GB","£85,000–£95,000",USABLE_REVIEW,"thms Stage 4: Two 30 minute interviews with members of our senior leadership team Salary: £85,000 – £95,000 To start as soon as possible We are an equal opportunities employer and strongly encourage","Tue, 18 Aug 2026 12:17:35 UTC",,,Remote,,Admin/Service – Office Support,HARD_PASS,"hard pass title pattern: engineer, senior",ADDITIONAL,,,0.405,workable-6EC269C047,https://apply.workable.com/j/6EC269C047,https://apply.workable.com/j/6EC269C047,,Workable XML job feed
HARD_PASS,Computer Vision Engineer,Mustard Systems,"London, England, GB",,MISSING,,"Mon, 03 Aug 2026 16:40:10 UTC",,Full-time,,Information Technology,Admin/Service – Office Support,HARD_PASS,hard pass title pattern: engineer,ADDITIONAL,,,0.427,workable-4466D858A3,https://apply.workable.com/j/4466D858A3,https://apply.workable.com/j/4466D858A3,,Workable XML job feed
HARD_PASS,Graduate Programme - US Sports,Mustard Systems,"London, England, GB",,MISSING,,"Fri, 17 Jul 2026 12:57:50 UTC",,Full-time,,,Admin/Service – Office Support,OUT_OF_SCOPE,no admin/service title classification match,ADDITIONAL,,,0.451,workable-20D6183BEC,https://apply.workable.com/j/20D6183BEC,https://apply.workable.com/j/20D6183BEC,,Workable XML job feed
HARD_PASS,Python Backend Developer,Mustard Systems,"London, England, GB",,MISSING,,"Tue, 11 Nov 2025 10:47:04 UTC",,Full-time,,,Admin/Service – Office Support,OUT_OF_SCOPE,no admin/service title classification match,ADDITIONAL,,,0.381,workable-7A49E214D4,https://apply.workable.com/j/7A49E214D4,https://apply.workable.com/j/7A49E214D4,,Workable XML job feed
HARD_PASS,Conveyancing Paralegal,My Law Skills,"London, England, GB",,MISSING,,"Mon, 15 Jun 2026 07:28:42 UTC",,Full-time,,Legal,Admin/Service – Office Support,HARD_PASS,hard pass title pattern: legal,ADDITIONAL,,,0.384,workable-BAF023D632,https://apply.workable.com/j/BAF023D632,https://apply.workable.com/j/BAF023D632,,Workable XML job feed
HARD_PASS,AI Business Development Specialist,Müller`s Solutions,"London, England, GB",,MISSING,,"Tue, 30 Sep 2025 14:10:50 UTC",,Full-time,,Sales,Admin/Service – Office Support,HARD_PASS,hard pass title pattern: business development,ADDITIONAL,,,0.522,workable-477FDCC4AA,https://apply.workable.com/j/477FDCC4AA,https://apply.workable.com/j/477FDCC4AA,,Workable XML job feed
HARD_PASS,Retail Activation Manager,N2O,"London, England, GB","£30,000–£35,000",USABLE_REVIEW,od working knowledge of UK geography. Level 2 Food Hygiene qualification. Benefits Salary £30K-£35K per annum Home-based with frequent travel to retailers 23 days annual leave plus bank hol,"Mon, 06 Jul 2026 14:53:49 UTC",,Full-time,Remote,,Admin/Service – Office Support,HARD_PASS,hard pass title pattern: manager,ADDITIONAL,,,0.341,workable-5D55A76CBD,https://apply.workable.com/j/5D55A76CBD,https://apply.workable.com/j/5D55A76CBD,,Workable XML job feed
HARD_PASS,Retail Sales Representative - Fixed Term Contract (various locations),N2O,"London, England, GB","£32,000",USABLE_REVIEW,ive depending on the location. Benefits Competitive basic pay (based on experience) circa £32k per annum (FTE) based on experience Performance-based incentives & completion bonuses ava,"Wed, 08 Apr 2026 16:23:14 UTC",,Contract,,,Admin/Service – Office Support,OUT_OF_SCOPE,no admin/service title classification match,ADDITIONAL,,,0.358,workable-F4CF9BE04C,https://apply.workable.com/j/F4CF9BE04C,https://apply.workable.com/j/F4CF9BE04C,,Workable XML job feed
HARD_PASS,Global Head of Compliance,NALA,"London, England, GB",,MISSING,,"Fri, 14 Aug 2026 17:37:28 UTC",,Full-time,,Financial Analyst,Admin/Service – Office Support,HARD_PASS,hard pass title pattern: compliance,ADDITIONAL,,,0.345,workable-95953561E0,https://apply.workable.com/j/95953561E0,https://apply.workable.com/j/95953561E0,,Workable XML job feed
HARD_PASS,Senior Analytics Engineer,NALA,"London, England, GB",,MISSING,,"Fri, 07 Aug 2026 16:57:31 UTC",,Full-time,,,Admin/Service – Office Support,HARD_PASS,"hard pass title pattern: engineer, senior",ADDITIONAL,,,0.366,workable-AEA1136DF6,https://apply.workable.com/j/AEA1136DF6,https://apply.workable.com/j/AEA1136DF6,,Workable XML job feed
HARD_PASS,Senior FX Sales & Trading Lead,NALA,"London, England, GB",,MISSING,,"Mon, 22 Jun 2026 11:11:35 UTC",,Full-time,,,Admin/Service – Office Support,HARD_PASS,hard pass title pattern: senior,ADDITIONAL,,,0.356,workable-92AAEDACE6,https://apply.workable.com/j/92AAEDACE6,https://apply.workable.com/j/92AAEDACE6,,Workable XML job feed
HARD_PASS,Strategy & Operations Manager,NALA,"London, England, GB",,MISSING,,"Wed, 19 Aug 2026 14:50:58 UTC",,Full-time,,,Admin/Service – Office Support,HARD_PASS,"hard pass title pattern: operations manager, manager",ADDITIONAL,,,0.408,workable-687D1B44AD,https://apply.workable.com/j/687D1B44AD,https://apply.workable.com/j/687D1B44AD,,Workable XML job feed
HARD_PASS,Workplace & Culture Manager,NALA,"London, England, GB",,MISSING,,"Fri, 07 Aug 2026 16:49:20 UTC",,Full-time,,Human Resources,Admin/Service – Office Support,HARD_PASS,hard pass title pattern: manager,ADDITIONAL,,,0.452,workable-1F9E172F30,https://apply.workable.com/j/1F9E172F30,https://apply.workable.com/j/1F9E172F30,,Workable XML job feed
HARD_PASS,Barback,Nancy's Cocktail Bar,"London, England, GB",,MISSING,,"Thu, 16 Apr 2026 18:29:30 UTC",,Full-time,,,Admin/Service – Office Support,OUT_OF_SCOPE,no admin/service title classification match,ADDITIONAL,,,0.337,workable-DB35AE09BA,https://apply.workable.com/j/DB35AE09BA,https://apply.workable.com/j/DB35AE09BA,,Workable XML job feed
HARD_PASS,Bartender,Nancy's Cocktail Bar,"London, England, GB",,MISSING,,"Thu, 16 Apr 2026 18:29:29 UTC",,Full-time,,Customer Service,Admin/Service – Office Support,OUT_OF_SCOPE,no admin/service title classification match,ADDITIONAL,,,0.413,workable-06864A7F00,https://apply.workable.com/j/06864A7F00,https://apply.workable.com/j/06864A7F00,,Workable XML job feed
HARD_PASS,Cocktail Waitress/Waiter,Nancy's Cocktail Bar,"London, England, GB",,MISSING,,"Thu, 16 Apr 2026 18:29:30 UTC",,Full-time,,,Admin/Service – Office Support,OUT_OF_SCOPE,no admin/service title classification match,ADDITIONAL,,,0.428,workable-F7AC1933B3,https://apply.workable.com/j/F7AC1933B3,https://apply.workable.com/j/F7AC1933B3,,Workable XML job feed
HARD_PASS,Floor Manager,Nancy's Cocktail Bar,"London, England, GB",,MISSING,,"Sat, 25 Apr 2026 17:40:53 UTC",,Full-time,,Management,Admin/Service – Office Support,HARD_PASS,hard pass title pattern: manager,ADDITIONAL,,,0.449,workable-7495059C26,https://apply.workable.com/j/7495059C26,https://apply.workable.com/j/7495059C26,,Workable XML job feed
HARD_PASS,Front of House Host,Nancy's Cocktail Bar,"London, England, GB",,MISSING,,"Wed, 20 May 2026 17:11:05 UTC",,Full-time,,Customer Service,Admin/Service – Office Support,HIGH_CONFIDENCE,high-confidence title pattern: front of house,ADDITIONAL,,,0.370,workable-D1B8F2499A,https://apply.workable.com/j/D1B8F2499A,https://apply.workable.com/j/D1B8F2499A,,Workable XML job feed
HARD_PASS,Head Host / Reservations & Guest Experience Lead,Nancy's Cocktail Bar,"London, England, GB",,MISSING,,"Wed, 20 May 2026 17:11:05 UTC",,Full-time,,Customer Service,Admin/Service – Office Support,OUT_OF_SCOPE,no admin/service title classification match,ADDITIONAL,,,0.416,workable-C085261B2B,https://apply.workable.com/j/C085261B2B,https://apply.workable.com/j/C085261B2B,,Workable XML job feed
HARD_PASS,Multidrop Courier Opportunities - London Park Royal - £200 Per Day,National Network Logistics,"London Park Royal, England, GB",,MISSING,,"Thu, 13 Aug 2026 12:10:11 UTC",,Contract,,,Admin/Service – Office Support,OUT_OF_SCOPE,no admin/service title classification match,ADDITIONAL,,,0.376,workable-F9A65EC5FC,https://apply.workable.com/j/F9A65EC5FC,https://apply.workable.com/j/F9A65EC5FC,,Workable XML job feed
HARD_PASS,Financial Services Marketing Manager,Natterbox Ltd,"London, England, GB",,MISSING,,"Wed, 05 Aug 2026 15:57:05 UTC",,Full-time,,Marketing,Admin/Service – Office Support,HARD_PASS,hard pass title pattern: manager,ADDITIONAL,,,0.432,workable-B447A3CE15,https://apply.workable.com/j/B447A3CE15,https://apply.workable.com/j/B447A3CE15,,Workable XML job feed
HARD_PASS,Junior Implementation Specialist,Navro,"London, England, GB",,MISSING,,"Tue, 09 Jun 2026 12:48:03 UTC",,Full-time,,,Admin/Service – Office Support,OUT_OF_SCOPE,no admin/service title classification match,ADDITIONAL,,,0.393,workable-228A8EF8D5,https://apply.workable.com/j/228A8EF8D5,https://apply.workable.com/j/228A8EF8D5,,Workable XML job feed
HARD_PASS,Lighting and Rigging Freelance Crew at Neg Earth Lights Ltd,Neg Earth Lights Ltd,"London, England, GB",,MISSING,,"Tue, 25 Nov 2025 16:13:50 UTC",,Other,,,Admin/Service – Office Support,OUT_OF_SCOPE,no admin/service title classification match,ADDITIONAL,,,0.417,workable-E84B701542,https://apply.workable.com/j/E84B701542,https://apply.workable.com/j/E84B701542,,Workable XML job feed
HARD_PASS,Placements at Neg Earth Lights Ltd,Neg Earth Lights Ltd,"London, England, GB",,MISSING,,"Wed, 20 May 2026 14:20:59 UTC",,Temporary,,,Admin/Service – Office Support,OUT_OF_SCOPE,no admin/service title classification match,ADDITIONAL,,,0.431,workable-A08B2546CB,https://apply.workable.com/j/A08B2546CB,https://apply.workable.com/j/A08B2546CB,,Workable XML job feed
HARD_PASS,Category Strategy Manager - International Sales,Nelsons,"London, England, GB",,MISSING,,"Fri, 14 Aug 2026 14:57:46 UTC",,Full-time,,Strategy/Planning,Admin/Service – Office Support,HARD_PASS,hard pass title pattern: manager,ADDITIONAL,,,0.443,workable-1A830AD02A,https://apply.workable.com/j/1A830AD02A,https://apply.workable.com/j/1A830AD02A,,Workable XML job feed
HARD_PASS,Electrical Maintainance Engineer,Nelsons,"London, England, GB",,MISSING,,"Wed, 15 Jul 2026 17:10:10 UTC",,Full-time,,,Admin/Service – Office Support,HARD_PASS,hard pass title pattern: engineer,ADDITIONAL,,,0.415,workable-CC3BAAC3C2,https://apply.workable.com/j/CC3BAAC3C2,https://apply.workable.com/j/CC3BAAC3C2,,Workable XML job feed
HARD_PASS,Senior QC Analyst,Nelsons,"London, England, GB",,MISSING,,"Tue, 28 Jul 2026 16:09:35 UTC",,Full-time,,,Admin/Service – Office Support,HARD_PASS,hard pass title pattern: senior,ADDITIONAL,,,0.455,workable-A1A0526C14,https://apply.workable.com/j/A1A0526C14,https://apply.workable.com/j/A1A0526C14,,Workable XML job feed
HARD_PASS,Retail Store Supervisor - 28 hours - Regent Street,NEOM Wellbeing,"London, England, GB",,MISSING,,"Fri, 17 Jul 2026 16:29:20 UTC",,Part-time,,,Admin/Service – Office Support,OUT_OF_SCOPE,no admin/service title classification match,ADDITIONAL,,,0.384,workable-EFE1EAA65F,https://apply.workable.com/j/EFE1EAA65F,https://apply.workable.com/j/EFE1EAA65F,,Workable XML job feed
HARD_PASS,Retail Store Supervisor - Full Time - 35 hours - Westfield White City,NEOM Wellbeing,"London, England, GB",,MISSING,,"Tue, 18 Aug 2026 14:56:48 UTC",,Full-time,,,Admin/Service – Office Support,OUT_OF_SCOPE,no admin/service title classification match,ADDITIONAL,,,0.349,workable-259ACBF856,https://apply.workable.com/j/259ACBF856,https://apply.workable.com/j/259ACBF856,,Workable XML job feed
HARD_PASS,Executive Assistant to the Directors,Netcalibre Ltd,"London, England, GB","£35,000–£45,000",USABLE_REVIEW,"If the video goes well, you'll come in and spend some time with the three of us. Benefits £35,000–£45,000 depending on experience 28 days holiday including bank holidays, plus your birthday off Mo","Wed, 12 Aug 2026 13:47:59 UTC",,Full-time,,Administrative,Admin/Service – Office Support,OUT_OF_SCOPE,no admin/service title classification match,ADDITIONAL,,,0.590,workable-44175BEE6E,https://apply.workable.com/j/44175BEE6E,https://apply.workable.com/j/44175BEE6E,,Workable XML job feed
HARD_PASS,Senior UK Account Executive,Newcode.ai,"London, England, GB",,MISSING,,"Tue, 28 Jul 2026 21:19:53 UTC",,,Remote,,Admin/Service – Office Support,HARD_PASS,hard pass title pattern: senior,ADDITIONAL,,,0.429,workable-8FE5542A1F,https://apply.workable.com/j/8FE5542A1F,https://apply.workable.com/j/8FE5542A1F,,Workable XML job feed
HARD_PASS,Lead Consultant,Newton,"London, England, GB",,MISSING,,"Mon, 18 Aug 2025 08:11:58 UTC",,Full-time,,,Admin/Service – Office Support,OUT_OF_SCOPE,no admin/service title classification match,ADDITIONAL,,,0.404,workable-6A0CB3D710,https://apply.workable.com/j/6A0CB3D710,https://apply.workable.com/j/6A0CB3D710,,Workable XML job feed
HARD_PASS,Lead Consultant - Health and Local Government,Newton,"London, England, GB",,MISSING,,"Tue, 21 Apr 2026 12:10:00 UTC",,Full-time,,,Admin/Service – Office Support,OUT_OF_SCOPE,no admin/service title classification match,ADDITIONAL,,,0.378,workable-D6437BD265,https://apply.workable.com/j/D6437BD265,https://apply.workable.com/j/D6437BD265,,Workable XML job feed
HARD_PASS,Principal Consultant,Newton,"London, England, GB",,MISSING,,"Mon, 18 Aug 2025 08:12:54 UTC",,Full-time,,,Admin/Service – Office Support,OUT_OF_SCOPE,no admin/service title classification match,ADDITIONAL,,,0.407,workable-B042B3E2FA,https://apply.workable.com/j/B042B3E2FA,https://apply.workable.com/j/B042B3E2FA,,Workable XML job feed
HARD_PASS,Principal Consultant - Health and Local Government,Newton,"London, England, GB",,MISSING,,"Tue, 21 Apr 2026 13:24:43 UTC",,Full-time,,,Admin/Service – Office Support,OUT_OF_SCOPE,no admin/service title classification match,ADDITIONAL,,,0.369,workable-A8EE1631BB,https://apply.workable.com/j/A8EE1631BB,https://apply.workable.com/j/A8EE1631BB,,Workable XML job feed
HARD_PASS,Danish Speaking - Bank Collections Officer in Malta - Sales Exp. Required,Next Job Abroad,"London, England, GB",,MISSING,,"Wed, 10 Sep 2025 08:06:47 UTC",,Full-time,Remote,Customer Service,Admin/Service – Office Support,OUT_OF_SCOPE,no admin/service title classification match,ADDITIONAL,,,0.400,workable-83D9CD1F32,https://apply.workable.com/j/83D9CD1F32,https://apply.workable.com/j/83D9CD1F32,,Workable XML job feed
HARD_PASS,Danish Speaking - Bank Collections Officer in Malta - Sales Exp. Required,Next Job Abroad,"London, England, GB",,MISSING,,"Wed, 10 Sep 2025 12:18:02 UTC",,Full-time,Remote,Customer Service,Admin/Service – Office Support,OUT_OF_SCOPE,no admin/service title classification match,ADDITIONAL,,,0.400,workable-C12BA466DC,https://apply.workable.com/j/C12BA466DC,https://apply.workable.com/j/C12BA466DC,,Workable XML job feed
HARD_PASS,Danish Speaking - Bank Customer Service in Malta - Sales Exp. Required,Next Job Abroad,"London, England, GB",,MISSING,,"Wed, 10 Sep 2025 08:05:32 UTC",,Full-time,Remote,,Admin/Service – Office Support,OUT_OF_SCOPE,no admin/service title classification match,ADDITIONAL,,,0.380,workable-E59455F07C,https://apply.workable.com/j/E59455F07C,https://apply.workable.com/j/E59455F07C,,Workable XML job feed
HARD_PASS,Danish Speaking - Bank Customer Service in Malta - Sales Exp. Required,Next Job Abroad,"London, England, GB",,MISSING,,"Wed, 10 Sep 2025 12:17:41 UTC",,Full-time,Remote,Customer Service,Admin/Service – Office Support,OUT_OF_SCOPE,no admin/service title classification match,ADDITIONAL,,,0.380,workable-CA2C13E4FA,https://apply.workable.com/j/CA2C13E4FA,https://apply.workable.com/j/CA2C13E4FA,,Workable XML job feed
HARD_PASS,"Japanese-speaking Customer Service Agent in Athens, Greece",Next Job Abroad,"London, England, GB",,MISSING,,"Fri, 08 May 2026 18:06:16 UTC",,Full-time,,Customer Service,Admin/Service – Office Support,OUT_OF_SCOPE,no admin/service title classification match,ADDITIONAL,,,0.408,workable-16CD37EE91,https://apply.workable.com/j/16CD37EE91,https://apply.workable.com/j/16CD37EE91,,Workable XML job feed
HARD_PASS,General Application,Nexus Studios,"London, England, GB",,MISSING,,"Tue, 30 Sep 2025 11:09:09 UTC",,Contract,,,Admin/Service – Office Support,OUT_OF_SCOPE,no admin/service title classification match,ADDITIONAL,,,0.427,workable-4F41AEB27C,https://apply.workable.com/j/4F41AEB27C,https://apply.workable.com/j/4F41AEB27C,,Workable XML job feed
HARD_PASS,Junior Recruiter / Coordinator 3 Month FTC,Nexus Studios,"London, England, GB",,MISSING,,"Tue, 18 Aug 2026 14:23:23 UTC",,Contract,,Human Resources,Admin/Service – Office Support,ELASTIC_FIT,elastic-fit title pattern: coordinator,ADDITIONAL,,,0.449,workable-C6A4602A19,https://apply.workable.com/j/C6A4602A19,https://apply.workable.com/j/C6A4602A19,,Workable XML job feed
HARD_PASS,Stocktaker,nGeneration,"London, England, GB","£26,000–£28,000",USABLE_REVIEW,"siness as well as carrying out your stocktaking responsibilities for the company. SALARY: £26,000 - £28,000 per annum (depending on experience) + Competitive Mileage Allowance LOCATION: This role wi","Tue, 21 Apr 2026 14:50:50 UTC",,Full-time,,Accounting/Auditing,Admin/Service – Office Support,OUT_OF_SCOPE,no admin/service title classification match,ADDITIONAL,,,0.511,workable-7CE3F9010F,https://apply.workable.com/j/7CE3F9010F,https://apply.workable.com/j/7CE3F9010F,,Workable XML job feed
HARD_PASS,Stocktaker - London,nGeneration,"London, England, GB","£29,500–£31,500",USABLE_REVIEW,"siness as well as carrying out your stocktaking responsibilities for the company. SALARY: £29,500 - £31,500 per annum (depending on experience) + Competitive Mileage Allowance + Inner London Weighti","Fri, 30 Jan 2026 08:24:08 UTC",,Full-time,,Accounting/Auditing,Admin/Service – Office Support,OUT_OF_SCOPE,no admin/service title classification match,ADDITIONAL,,,0.460,workable-7390F92F39,https://apply.workable.com/j/7390F92F39,https://apply.workable.com/j/7390F92F39,,Workable XML job feed
HARD_PASS,Business Development Manager,Nippon Express Europe GmbH,"London, England, GB",,MISSING,,"Wed, 18 Mar 2026 17:29:34 UTC",,Full-time,,Sales,Admin/Service – Office Support,HARD_PASS,"hard pass title pattern: business development, manager",ADDITIONAL,,,0.429,workable-31EB951204,https://apply.workable.com/j/31EB951204,https://apply.workable.com/j/31EB951204,,Workable XML job feed
HARD_PASS,Intercompany Accountant,Nippon Express Europe GmbH,"London, England, GB",,MISSING,,"Wed, 10 Jun 2026 20:57:26 UTC",,Full-time,,Finance,Admin/Service – Office Support,OUT_OF_SCOPE,no admin/service title classification match,ADDITIONAL,,,0.423,workable-35FDDB692F,https://apply.workable.com/j/35FDDB692F,https://apply.workable.com/j/35FDDB692F,,Workable XML job feed
HARD_PASS,Beauty Advisor,Noble Panacea,"London, England, GB",,MISSING,,"Wed, 08 Oct 2025 20:58:09 UTC",,Full-time,,Sales,Admin/Service – Office Support,OUT_OF_SCOPE,no admin/service title classification match,ADDITIONAL,,,0.479,workable-B15521FDF4,https://apply.workable.com/j/B15521FDF4,https://apply.workable.com/j/B15521FDF4,,Workable XML job feed
HARD_PASS,Global Trade Marketing Junior Manager,Noble Panacea,"London, England, GB",,MISSING,,"Wed, 13 May 2026 14:36:30 UTC",,Full-time,,Marketing,Admin/Service – Office Support,HARD_PASS,hard pass title pattern: manager,ADDITIONAL,,,0.442,workable-0A9F74101F,https://apply.workable.com/j/0A9F74101F,https://apply.workable.com/j/0A9F74101F,,Workable XML job feed
HARD_PASS,Principal Backend / Fullstack Engineer (E-commerce & Platform Integrations),Noble Panacea,"London, England, GB",,MISSING,,"Wed, 25 Mar 2026 18:18:17 UTC",,Full-time,,,Admin/Service – Office Support,HARD_PASS,hard pass title pattern: engineer,ADDITIONAL,,,0.424,workable-1C5D50D900,https://apply.workable.com/j/1C5D50D900,https://apply.workable.com/j/1C5D50D900,,Workable XML job feed
HARD_PASS,Sales & Education Manager,Noble Panacea,"London, England, GB",,MISSING,,"Thu, 16 Jul 2026 20:32:15 UTC",,Full-time,,Sales,Admin/Service – Office Support,HARD_PASS,hard pass title pattern: manager,ADDITIONAL,,,0.490,workable-010CAFC484,https://apply.workable.com/j/010CAFC484,https://apply.workable.com/j/010CAFC484,,Workable XML job feed
HARD_PASS,Travel Retail Senior Manager,Noble Panacea,"London, England, GB",,MISSING,,"Thu, 13 Aug 2026 18:10:13 UTC",,Full-time,,Sales,Admin/Service – Office Support,HARD_PASS,"hard pass title pattern: senior manager, senior, manager",ADDITIONAL,,,0.448,workable-CC4A32203A,https://apply.workable.com/j/CC4A32203A,https://apply.workable.com/j/CC4A32203A,,Workable XML job feed
HARD_PASS,Junior Footwear Designer,Nokwol UK Limited,"London, England, GB",,MISSING,,"Wed, 22 Jul 2026 08:00:44 UTC",,Full-time,,Design,Admin/Service – Office Support,OUT_OF_SCOPE,no admin/service title classification match,ADDITIONAL,,,0.459,workable-12EBF71F4A,https://apply.workable.com/j/12EBF71F4A,https://apply.workable.com/j/12EBF71F4A,,Workable XML job feed
HARD_PASS,Management Accountant,Nokwol UK Limited,"London, England, GB",,MISSING,,"Tue, 04 Aug 2026 20:57:37 UTC",,Full-time,,Accounting/Auditing,Admin/Service – Office Support,OUT_OF_SCOPE,no admin/service title classification match,ADDITIONAL,,,0.532,workable-D189FB864D,https://apply.workable.com/j/D189FB864D,https://apply.workable.com/j/D189FB864D,,Workable XML job feed
HARD_PASS,Sales Associate (Neal Street),Nokwol UK Limited,"London, England, GB",,MISSING,,"Mon, 17 Aug 2026 19:45:34 UTC",,Full-time,,Customer Service,Admin/Service – Office Support,OUT_OF_SCOPE,no admin/service title classification match,ADDITIONAL,,,0.504,workable-627C316C23,https://apply.workable.com/j/627C316C23,https://apply.workable.com/j/627C316C23,,Workable XML job feed
HARD_PASS,Northzone Associate (UK),Northzone,"London, England, GB",,MISSING,,"Wed, 25 Feb 2026 11:43:57 UTC",,Full-time,,,Admin/Service – Office Support,OUT_OF_SCOPE,no admin/service title classification match,ADDITIONAL,,,0.410,workable-A1CC85BA07,https://apply.workable.com/j/A1CC85BA07,https://apply.workable.com/j/A1CC85BA07,,Workable XML job feed
HARD_PASS,Compliance Manager (Financial Advice),Nova Wealth,"London, GB",,MISSING,,"Wed, 03 Jun 2026 11:15:18 UTC",,Full-time,,Legal,Admin/Service – Office Support,HARD_PASS,"hard pass title pattern: manager, compliance",ADDITIONAL,,,0.454,workable-DDA10C31E5,https://apply.workable.com/j/DDA10C31E5,https://apply.workable.com/j/DDA10C31E5,,Workable XML job feed
HARD_PASS,Graduate/Entry Level Operations Specialist (Financial Advice),Nova Wealth,"London, England, GB",,MISSING,,"Thu, 05 Dec 2024 15:42:27 UTC",,Full-time,,Finance,Admin/Service – Office Support,OUT_OF_SCOPE,no admin/service title classification match,ADDITIONAL,,,0.382,workable-43B184FE23,https://apply.workable.com/j/43B184FE23,https://apply.workable.com/j/43B184FE23,,Workable XML job feed
HARD_PASS,Head of Compliance (Financial Advice),Nova Wealth,"London, England, GB",,MISSING,,"Wed, 17 Jun 2026 13:55:30 UTC",,,,,Admin/Service – Office Support,HARD_PASS,hard pass title pattern: compliance,ADDITIONAL,,,0.398,workable-C2FF68BC5A,https://apply.workable.com/j/C2FF68BC5A,https://apply.workable.com/j/C2FF68BC5A,,Workable XML job feed
HARD_PASS,Mortgage & Protection Adviser,Nova Wealth,"London, England, GB",,MISSING,,"Tue, 12 May 2026 11:31:53 UTC",,Full-time,,,Admin/Service – Office Support,OUT_OF_SCOPE,no admin/service title classification match,ADDITIONAL,,,0.478,workable-0C40BD0C23,https://apply.workable.com/j/0C40BD0C23,https://apply.workable.com/j/0C40BD0C23,,Workable XML job feed
HARD_PASS,Operations Specialist (Financial Advice) (Data Gathering),Nova Wealth,"London, England, GB",,MISSING,,"Wed, 29 Jul 2026 17:25:58 UTC",,Full-time,,Finance,Admin/Service – Office Support,OUT_OF_SCOPE,no admin/service title classification match,ADDITIONAL,,,0.384,workable-BFED6192E2,https://apply.workable.com/j/BFED6192E2,https://apply.workable.com/j/BFED6192E2,,Workable XML job feed
HARD_PASS,Senior Account Director,NowVertical,"London, England, GB",,MISSING,,"Tue, 28 Jul 2026 11:43:08 UTC",,,,,Admin/Service – Office Support,HARD_PASS,hard pass title pattern: senior,ADDITIONAL,,,0.469,workable-34441085E1,https://apply.workable.com/j/34441085E1,https://apply.workable.com/j/34441085E1,,Workable XML job feed
HARD_PASS,Senior AI Engineer,NowVertical,"London, England, GB",,MISSING,,"Mon, 29 Jun 2026 10:23:05 UTC",,,,,Admin/Service – Office Support,HARD_PASS,"hard pass title pattern: engineer, senior",ADDITIONAL,,,0.433,workable-F1E066D442,https://apply.workable.com/j/F1E066D442,https://apply.workable.com/j/F1E066D442,,Workable XML job feed
HARD_PASS,"VP, Presales & Consulting",NowVertical,"London, England, GB",,MISSING,,"Tue, 28 Jul 2026 12:10:40 UTC",,,,,Admin/Service – Office Support,OUT_OF_SCOPE,no admin/service title classification match,ADDITIONAL,,,0.405,workable-999F0A2B06,https://apply.workable.com/j/999F0A2B06,https://apply.workable.com/j/999F0A2B06,,Workable XML job feed
HARD_PASS,"VP, Sales & Growth",NowVertical,"London, England, GB",,MISSING,,"Tue, 28 Jul 2026 12:18:52 UTC",,,,,Admin/Service – Office Support,OUT_OF_SCOPE,no admin/service title classification match,ADDITIONAL,,,0.447,workable-481DE843BA,https://apply.workable.com/j/481DE843BA,https://apply.workable.com/j/481DE843BA,,Workable XML job feed
HARD_PASS,"Head of Revenue Operations, EMEA",Nuvei,"London, England, GB",,MISSING,,"Wed, 05 Aug 2026 13:26:14 UTC",,,Remote,,Admin/Service – Office Support,OUT_OF_SCOPE,no admin/service title classification match,ADDITIONAL,,,0.388,workable-6F65F44B65,https://apply.workable.com/j/6F65F44B65,https://apply.workable.com/j/6F65F44B65,,Workable XML job feed
HARD_PASS,Sales Development Representative,Nuvei,"London, England, GB",,MISSING,,"Mon, 03 Aug 2026 11:07:47 UTC",,,,,Admin/Service – Office Support,OUT_OF_SCOPE,no admin/service title classification match,ADDITIONAL,,,0.378,workable-548F3FD161,https://apply.workable.com/j/548F3FD161,https://apply.workable.com/j/548F3FD161,,Workable XML job feed
HARD_PASS,Sales Development Representative - German Speaking,Nuvei,"London, England, GB",,MISSING,,"Thu, 20 Aug 2026 15:30:42 UTC",,,,,Admin/Service – Office Support,OUT_OF_SCOPE,no admin/service title classification match,ADDITIONAL,,,0.352,workable-E12850D7C9,https://apply.workable.com/j/E12850D7C9,https://apply.workable.com/j/E12850D7C9,,Workable XML job feed
HARD_PASS,Sales Development Representative - Hebrew Speaking,Nuvei,"London, England, GB",,MISSING,,"Mon, 03 Aug 2026 12:02:14 UTC",,,,,Admin/Service – Office Support,OUT_OF_SCOPE,no admin/service title classification match,ADDITIONAL,,,0.350,workable-6DC17BDF1B,https://apply.workable.com/j/6DC17BDF1B,https://apply.workable.com/j/6DC17BDF1B,,Workable XML job feed
HARD_PASS,"VP, Head of Product Marketing",Nuvei,"London, England, GB",,MISSING,,"Thu, 06 Aug 2026 14:40:21 UTC",,,,,Admin/Service – Office Support,OUT_OF_SCOPE,no admin/service title classification match,ADDITIONAL,,,0.352,workable-31C6991BF9,https://apply.workable.com/j/31C6991BF9,https://apply.workable.com/j/31C6991BF9,,Workable XML job feed
HARD_PASS,Sales Manager UK & Ireland,OBRELA,"London, England, GB",,MISSING,,"Tue, 05 May 2026 06:44:59 UTC",,Full-time,,Consulting,Admin/Service – Office Support,HARD_PASS,hard pass title pattern: manager,ADDITIONAL,,,0.446,workable-D5ACEC1F3A,https://apply.workable.com/j/D5ACEC1F3A,https://apply.workable.com/j/D5ACEC1F3A,,Workable XML job feed
HARD_PASS,Warehouse Administrator,Odysea,"London, England, GB",,MISSING,,"Fri, 31 Jul 2026 14:40:17 UTC",,Full-time,,Administrative,Admin/Service – Office Support,HARD_PASS,hard pass title pattern: warehouse,ADDITIONAL,,,0.590,workable-5793A67235,https://apply.workable.com/j/5793A67235,https://apply.workable.com/j/5793A67235,,Workable XML job feed
HARD_PASS,Senior Product Manager,Ohalo,"London, England, GB",,MISSING,,"Thu, 06 Aug 2026 15:42:07 UTC",,Full-time,Remote,Product Management,Admin/Service – Office Support,HARD_PASS,"hard pass title pattern: senior, manager",ADDITIONAL,,,0.396,workable-9C33A470B6,https://apply.workable.com/j/9C33A470B6,https://apply.workable.com/j/9C33A470B6,,Workable XML job feed
HARD_PASS,"Solicitor - COLP (London, UK)",Oikonomakis Law Firm,"London, England, GB",,MISSING,,"Tue, 18 Nov 2025 11:28:29 UTC",,Full-time,,Legal,Admin/Service – Office Support,OUT_OF_SCOPE,no admin/service title classification match,ADDITIONAL,,,0.370,workable-F3BF42CD84,https://apply.workable.com/j/F3BF42CD84,https://apply.workable.com/j/F3BF42CD84,,Workable XML job feed
HARD_PASS,Lighting TD,One Of Us,"London, England, GB",,MISSING,,"Thu, 30 Jul 2026 15:51:47 UTC",,Contract,,,Admin/Service – Office Support,OUT_OF_SCOPE,no admin/service title classification match,ADDITIONAL,,,0.420,workable-C0B62CCD2A,https://apply.workable.com/j/C0B62CCD2A,https://apply.workable.com/j/C0B62CCD2A,,Workable XML job feed
HARD_PASS,Senior Rigging Artist,One Of Us,"London, England, GB",,MISSING,,"Thu, 13 Aug 2026 11:11:25 UTC",,,,,Admin/Service – Office Support,HARD_PASS,hard pass title pattern: senior,ADDITIONAL,,,0.429,workable-5BD95F036C,https://apply.workable.com/j/5BD95F036C,https://apply.workable.com/j/5BD95F036C,,Workable XML job feed
HARD_PASS,Graduate Trader,Onyx Capital Group Limited,"London, England, GB",,MISSING,,"Tue, 16 Dec 2025 08:46:16 UTC",,Full-time,,,Admin/Service – Office Support,OUT_OF_SCOPE,no admin/service title classification match,ADDITIONAL,,,0.533,workable-0AD579CC5A,https://apply.workable.com/j/0AD579CC5A,https://apply.workable.com/j/0AD579CC5A,,Workable XML job feed
HARD_PASS,Rust Software Engineer,Onyx Capital Group Limited,"London, England, GB",,MISSING,,"Thu, 19 Mar 2026 08:30:01 UTC",,Full-time,,Information Technology,Admin/Service – Office Support,HARD_PASS,hard pass title pattern: engineer,ADDITIONAL,,,0.454,workable-C830862630,https://apply.workable.com/j/C830862630,https://apply.workable.com/j/C830862630,,Workable XML job feed
HARD_PASS,Business Development Manager,Optimal Group,"London, England, GB","£35,000–£40,000",USABLE_REVIEW,"LOCATION : SW8 4AL, London TERMS : Full-time, Permanent SALARY : £35,000 - £40,000 + uncapped bonus (OTE £60,000+) HOURS : Monday – Friday, 8:00am – 5:00pm WHY JOIN OPTIMAL?","Mon, 27 Jul 2026 18:02:08 UTC",,Full-time,,Business Development,Admin/Service – Office Support,HARD_PASS,"hard pass title pattern: business development, manager",ADDITIONAL,,,0.469,workable-FF742A97F8,https://apply.workable.com/j/FF742A97F8,https://apply.workable.com/j/FF742A97F8,,Workable XML job feed
HARD_PASS,Client Project Manager - Property Maintenance & Refurbishment - Battersea,Optimal Group,"London, England, GB",,MISSING,,"Mon, 27 Jul 2026 17:17:59 UTC",,Full-time,,,Admin/Service – Office Support,HARD_PASS,hard pass title pattern: manager,ADDITIONAL,,,0.475,workable-FD6AD640B0,https://apply.workable.com/j/FD6AD640B0,https://apply.workable.com/j/FD6AD640B0,,Workable XML job feed
HARD_PASS,Client Project Manager / Refurbishment & Maintenance,Optimal Group,"London, England, GB","£35,000–£40,000",USABLE_REVIEW,": Client Project Manager LOCATION : SW8 4AL, London TERMS : Full-time, Permanent SALARY : £35,000 – £40,000 (Basic) + Bonus HOURS: Monday – Friday, 8:00am – 5:00pm WHY JOIN OPTIMAL? Optimal Maintena","Mon, 27 Jul 2026 18:02:11 UTC",,Full-time,,Project Management,Admin/Service – Office Support,HARD_PASS,hard pass title pattern: manager,ADDITIONAL,,,0.541,workable-49E66A3C76,https://apply.workable.com/j/49E66A3C76,https://apply.workable.com/j/49E66A3C76,,Workable XML job feed
HARD_PASS,Construction Talent Aquisition Manager,Optimal Group,"London, England, GB","£40,000",USABLE_REVIEW,"Talent Aquisition Manager LOCATION : SW8 4AL, London TERMS: Full-time, Permanent SALARY: £40,000 (Basic) + Uncapped Bonus HOURS: Monday – Friday, 8:00am – 5:00pm WHO IS OPTIMAL? Optimal M","Mon, 27 Jul 2026 18:02:34 UTC",,Full-time,,Business Development,Admin/Service – Office Support,HARD_PASS,hard pass title pattern: manager,ADDITIONAL,,,0.450,workable-589F591B63,https://apply.workable.com/j/589F591B63,https://apply.workable.com/j/589F591B63,,Workable XML job feed
HARD_PASS,Fire Door Carpenter / Maintenance Engineer £180-£200 Per Day | London,Optimal Group,"London, England, GB",,MISSING,,"Thu, 28 May 2026 13:58:06 UTC",,Full-time,,,Admin/Service – Office Support,HARD_PASS,hard pass title pattern: engineer,ADDITIONAL,,,0.464,workable-E4E1324432,https://apply.workable.com/j/E4E1324432,https://apply.workable.com/j/E4E1324432,,Workable XML job feed
HARD_PASS,General Builder - Sub-Contractor,Optimal Group,"London, England, GB",,MISSING,,"Mon, 27 Jul 2026 18:02:37 UTC",,Full-time,,,Admin/Service – Office Support,OUT_OF_SCOPE,no admin/service title classification match,ADDITIONAL,,,0.497,workable-2A687807A3,https://apply.workable.com/j/2A687807A3,https://apply.workable.com/j/2A687807A3,,Workable XML job feed
HARD_PASS,Quantity Surveyor / Estimator,Optimal Group,"London, England, GB","£35,000–£40,000",USABLE_REVIEW,"LE: Estimator / Surveyor LOCATION : SW8 4AL, London TERMS : Full-time, Permanent SALARY : £35,000 – £40,000 (Basic) + Bonus HOURS: Monday – Friday, 8:00am – 5:00pm WHY JOIN OPTIMAL? Optimal Maintena","Mon, 27 Jul 2026 18:02:52 UTC",,Full-time,,,Admin/Service – Office Support,OUT_OF_SCOPE,no admin/service title classification match,ADDITIONAL,,,0.492,workable-219C893BD3,https://apply.workable.com/j/219C893BD3,https://apply.workable.com/j/219C893BD3,,Workable XML job feed
HARD_PASS,Account Executive,Opus 2,"London, England, GB",,MISSING,,"Mon, 15 Jun 2026 16:02:30 UTC",,Full-time,,Business Development,Admin/Service – Office Support,OUT_OF_SCOPE,no admin/service title classification match,ADDITIONAL,,,0.403,workable-F8A411E5A7,https://apply.workable.com/j/F8A411E5A7,https://apply.workable.com/j/F8A411E5A7,,Workable XML job feed
HARD_PASS,Document Services Coordinator (12 month FTC),Opus 2,"London, England, GB",,MISSING,,"Wed, 29 Jul 2026 15:51:11 UTC",,Contract,,Administrative,Admin/Service – Office Support,ELASTIC_FIT,elastic-fit title pattern: coordinator,ADDITIONAL,,,0.390,workable-CF09480CF2,https://apply.workable.com/j/CF09480CF2,https://apply.workable.com/j/CF09480CF2,,Workable XML job feed
HARD_PASS,Graphic Designer,Opus 2,"London, England, GB",,MISSING,,"Tue, 11 Aug 2026 15:31:02 UTC",,Full-time,,Marketing,Admin/Service – Office Support,OUT_OF_SCOPE,no admin/service title classification match,ADDITIONAL,,,0.342,workable-E677ADDBC2,https://apply.workable.com/j/E677ADDBC2,https://apply.workable.com/j/E677ADDBC2,,Workable XML job feed
HARD_PASS,Principal Recruitment Consultant,Opus Talent Solutions,"London, England, GB",,MISSING,,"Tue, 09 Jul 2024 08:35:17 UTC",,Full-time,,,Admin/Service – Office Support,OUT_OF_SCOPE,no admin/service title classification match,ADDITIONAL,,,0.529,workable-762DAFFE1C,https://apply.workable.com/j/762DAFFE1C,https://apply.workable.com/j/762DAFFE1C,,Workable XML job feed
HARD_PASS,Recruitment Consultant - Fluent in French or German,Opus Talent Solutions,"London, England, GB",,MISSING,,"Thu, 07 Aug 2025 14:18:25 UTC",,Full-time,,,Admin/Service – Office Support,OUT_OF_SCOPE,no admin/service title classification match,ADDITIONAL,,,0.509,workable-D64E475BD9,https://apply.workable.com/j/D64E475BD9,https://apply.workable.com/j/D64E475BD9,,Workable XML job feed
HARD_PASS,Senior Recruitment Consultant,Opus Talent Solutions,"London, England, GB",,MISSING,,"Thu, 13 Jun 2024 14:31:30 UTC",,Full-time,,,Admin/Service – Office Support,HARD_PASS,hard pass title pattern: senior,ADDITIONAL,,,0.522,workable-161BB22396,https://apply.workable.com/j/161BB22396,https://apply.workable.com/j/161BB22396,,Workable XML job feed
HARD_PASS,Team Lead,Opus Talent Solutions,"London, England, GB",,MISSING,,"Fri, 20 Feb 2026 17:32:52 UTC",,Full-time,,Sales,Admin/Service – Office Support,OUT_OF_SCOPE,no admin/service title classification match,ADDITIONAL,,,0.484,workable-75E94696F8,https://apply.workable.com/j/75E94696F8,https://apply.workable.com/j/75E94696F8,,Workable XML job feed
HARD_PASS,"Associate Director, Facility & Validation Quality",Orchard Therapeutics,"London, England, GB",,MISSING,,"Mon, 06 Jul 2026 16:10:12 UTC",,,,,Admin/Service – Office Support,OUT_OF_SCOPE,no admin/service title classification match,ADDITIONAL,,,0.427,workable-C230BCCC5C,https://apply.workable.com/j/C230BCCC5C,https://apply.workable.com/j/C230BCCC5C,,Workable XML job feed
HARD_PASS,"Director, Biostatistics",Orchard Therapeutics,"London, England, GB",,MISSING,,"Mon, 09 Mar 2026 14:29:00 UTC",,Full-time,,Other,Admin/Service – Office Support,OUT_OF_SCOPE,no admin/service title classification match,ADDITIONAL,,,0.472,workable-9EE3FEB684,https://apply.workable.com/j/9EE3FEB684,https://apply.workable.com/j/9EE3FEB684,,Workable XML job feed
HARD_PASS,"Director, Pharmacovigilance",Orchard Therapeutics,"London, England, GB",,MISSING,,"Wed, 24 Jun 2026 12:05:33 UTC",,Full-time,,Other,Admin/Service – Office Support,OUT_OF_SCOPE,no admin/service title classification match,ADDITIONAL,,,0.493,workable-E67F8B32FC,https://apply.workable.com/j/E67F8B32FC,https://apply.workable.com/j/E67F8B32FC,,Workable XML job feed
HARD_PASS,Regulatory Scientist,Orchard Therapeutics,"London, England, GB",,MISSING,,"Wed, 01 Jul 2026 16:04:22 UTC",,Full-time,,Other,Admin/Service – Office Support,OUT_OF_SCOPE,no admin/service title classification match,ADDITIONAL,,,0.478,workable-CD44A9D808,https://apply.workable.com/j/CD44A9D808,https://apply.workable.com/j/CD44A9D808,,Workable XML job feed
HARD_PASS,"Senior Director, Biostatistics",Orchard Therapeutics,"London, England, GB",,MISSING,,"Mon, 27 Apr 2026 13:33:13 UTC",,Full-time,,Other,Admin/Service – Office Support,HARD_PASS,hard pass title pattern: senior,ADDITIONAL,,,0.456,workable-10190D13C7,https://apply.workable.com/j/10190D13C7,https://apply.workable.com/j/10190D13C7,,Workable XML job feed
HARD_PASS,"Senior Director, Facilities Engineering",Orchard Therapeutics,"London, England, GB",,MISSING,,"Thu, 04 Jun 2026 17:08:51 UTC",,Full-time,,Other,Admin/Service – Office Support,HARD_PASS,"hard pass title pattern: engineer, senior",ADDITIONAL,,,0.439,workable-03E2AFF992,https://apply.workable.com/j/03E2AFF992,https://apply.workable.com/j/03E2AFF992,,Workable XML job feed
HARD_PASS,"Senior Manager, Accounting & FP&A",Orchard Therapeutics,"London, England, GB",,MISSING,,"Fri, 07 Aug 2026 12:05:55 UTC",,Full-time,,Other,Admin/Service – Office Support,HARD_PASS,"hard pass title pattern: senior manager, senior, manager",ADDITIONAL,,,0.439,workable-E48DBF94F6,https://apply.workable.com/j/E48DBF94F6,https://apply.workable.com/j/E48DBF94F6,,Workable XML job feed
HARD_PASS,"Senior Manager, Medical Communications",Orchard Therapeutics,"London, England, GB",,MISSING,,"Wed, 10 Jun 2026 11:53:10 UTC",,Full-time,,Other,Admin/Service – Office Support,HARD_PASS,"hard pass title pattern: senior manager, senior, manager",ADDITIONAL,,,0.466,workable-333A989B2A,https://apply.workable.com/j/333A989B2A,https://apply.workable.com/j/333A989B2A,,Workable XML job feed
HARD_PASS,"Senior Manager, PV Operations",Orchard Therapeutics,"London, England, GB",,MISSING,,"Tue, 11 Aug 2026 11:18:46 UTC",,Full-time,,Other,Admin/Service – Office Support,HARD_PASS,"hard pass title pattern: senior manager, senior, manager",ADDITIONAL,,,0.472,workable-1335FE8E55,https://apply.workable.com/j/1335FE8E55,https://apply.workable.com/j/1335FE8E55,,Workable XML job feed
HARD_PASS,Senior Research Technician,Orchard Therapeutics,"London, England, GB",,MISSING,,"Wed, 29 Apr 2026 18:25:23 UTC",,Full-time,,Other,Admin/Service – Office Support,HARD_PASS,"hard pass title pattern: technician, senior",ADDITIONAL,,,0.447,workable-9C03377F92,https://apply.workable.com/j/9C03377F92,https://apply.workable.com/j/9C03377F92,,Workable XML job feed
HARD_PASS,"Senior Scientist - ELN & Data Specialist, Global Technical Development",Orchard Therapeutics,"London, England, GB",,MISSING,,"Tue, 04 Aug 2026 16:11:24 UTC",,Full-time,,Other,Admin/Service – Office Support,HARD_PASS,hard pass title pattern: senior,ADDITIONAL,,,0.398,workable-DFBA5F08D9,https://apply.workable.com/j/DFBA5F08D9,https://apply.workable.com/j/DFBA5F08D9,,Workable XML job feed
HARD_PASS,"Study Manager, Clinical Operations",Orchard Therapeutics,"London, England, GB",,MISSING,,"Fri, 08 May 2026 17:59:08 UTC",,Full-time,,Other,Admin/Service – Office Support,HARD_PASS,hard pass title pattern: manager,ADDITIONAL,,,0.461,workable-9C55D59A4C,https://apply.workable.com/j/9C55D59A4C,https://apply.workable.com/j/9C55D59A4C,,Workable XML job feed
HARD_PASS,"VP, Clinical Operations and Data Management",Orchard Therapeutics,"London, England, GB",,MISSING,,"Mon, 18 May 2026 21:15:56 UTC",,,,,Admin/Service – Office Support,OUT_OF_SCOPE,no admin/service title classification match,ADDITIONAL,,,0.460,workable-3F5F4A3037,https://apply.workable.com/j/3F5F4A3037,https://apply.workable.com/j/3F5F4A3037,,Workable XML job feed
HARD_PASS,Revenue Marketing Specialist,Orgvue,"London, England, GB",,MISSING,,"Thu, 26 Mar 2026 14:24:34 UTC",,,,Marketing,Admin/Service – Office Support,OUT_OF_SCOPE,no admin/service title classification match,ADDITIONAL,,,0.414,workable-4B288FC666,https://apply.workable.com/j/4B288FC666,https://apply.workable.com/j/4B288FC666,,Workable XML job feed
HARD_PASS,Technical Account Consultant - EMEA,Orgvue,"London, England, GB",,MISSING,,"Fri, 01 May 2026 14:49:53 UTC",,Full-time,,,Admin/Service – Office Support,OUT_OF_SCOPE,no admin/service title classification match,ADDITIONAL,,,0.393,workable-92F65C881A,https://apply.workable.com/j/92F65C881A,https://apply.workable.com/j/92F65C881A,,Workable XML job feed
HARD_PASS,Director of Data Operations and Governance,Our Future Health,"London, England, GB",,MISSING,,"Tue, 18 Aug 2026 10:23:58 UTC",,Full-time,,Information Technology,Admin/Service – Office Support,OUT_OF_SCOPE,no admin/service title classification match,ADDITIONAL,,,0.449,workable-D4E6A2094F,https://apply.workable.com/j/D4E6A2094F,https://apply.workable.com/j/D4E6A2094F,,Workable XML job feed
HARD_PASS,Engineering Manager,Our Future Health,"London, England, GB",,MISSING,,"Thu, 16 Jul 2026 16:21:46 UTC",,Full-time,,,Admin/Service – Office Support,HARD_PASS,"hard pass title pattern: engineer, manager",ADDITIONAL,,,0.440,workable-FD93864901,https://apply.workable.com/j/FD93864901,https://apply.workable.com/j/FD93864901,,Workable XML job feed
HARD_PASS,Finance Manager,Our Future Health,"London, England, GB","£45,000",USABLE_REVIEW,"and/or experience of working in a start-up environment, would be desirable. Benefits From £45,000 per annum basic salary. Generous Pension Scheme – We invest in your future with employer c","Fri, 07 Aug 2026 14:09:15 UTC",,Full-time,,Finance,Admin/Service – Office Support,HARD_PASS,hard pass title pattern: manager,ADDITIONAL,,,0.468,workable-E0C35D19AF,https://apply.workable.com/j/E0C35D19AF,https://apply.workable.com/j/E0C35D19AF,,Workable XML job feed
HARD_PASS,Product Manager,Our Future Health,"London, England, GB","£55,000",USABLE_REVIEW,"search . Closing date for applications: 5pm, Thursday 3rd September. Benefits Salary from £55,000. Generous Pension Scheme – We invest in your future with employer contributions of up to","Thu, 20 Aug 2026 15:49:54 UTC",,Full-time,,Product Management,Admin/Service – Office Support,HARD_PASS,hard pass title pattern: manager,ADDITIONAL,,,0.419,workable-498EDD348A,https://apply.workable.com/j/498EDD348A,https://apply.workable.com/j/498EDD348A,,Workable XML job feed
HARD_PASS,Senior Application Security Engineer,Our Future Health,"London, England, GB","£70,000",USABLE_REVIEW,"ity+ or Cloud+, CSA CCSK, ISC2 CSSLP, GIAC GWAPT or EC‑Council CASE. Benefits Salary from £70,000 per annum. Generous Pension Scheme – We invest in your future with employer contributions","Fri, 05 Jun 2026 14:22:03 UTC",,Full-time,,,Admin/Service – Office Support,HARD_PASS,"hard pass title pattern: engineer, senior",ADDITIONAL,,,0.468,workable-88E2E3A427,https://apply.workable.com/j/88E2E3A427,https://apply.workable.com/j/88E2E3A427,,Workable XML job feed
HARD_PASS,Senior Commercial Strategy & Insights Analyst,Our Future Health,"London, England, GB","£78,000",USABLE_REVIEW,"on collaboration, ownership, influence and values. Benefits Competitive base salary from £78,000 Generous Pension Scheme – We invest in your future with employer contributions of up to 12","Tue, 21 Jul 2026 10:27:04 UTC",,Full-time,,Information Technology,Admin/Service – Office Support,HARD_PASS,hard pass title pattern: senior,ADDITIONAL,,,0.464,workable-D44F0D5F3D,https://apply.workable.com/j/D44F0D5F3D,https://apply.workable.com/j/D44F0D5F3D,,Workable XML job feed
HARD_PASS,Senior Data Engineer,Our Future Health,"London, England, GB","£74,000",USABLE_REVIEW,"ts. Experience working within Agile delivery teams. Benefits Competitive base salary from £74,000 per annum Generous Pension Scheme – We invest in your future with employer contributions o","Thu, 16 Jul 2026 10:03:52 UTC",,Full-time,,Engineering,Admin/Service – Office Support,HARD_PASS,"hard pass title pattern: engineer, senior",ADDITIONAL,,,0.461,workable-438AF607AA,https://apply.workable.com/j/438AF607AA,https://apply.workable.com/j/438AF607AA,,Workable XML job feed
HARD_PASS,Senior Data Scientist - (Privacy & Security Controls),Our Future Health,"London, England, GB","£80,000",USABLE_REVIEW,"te ambiguity and challenges in real-world projects. Benefits Competitive base salary from £80,000 Generous Pension Scheme – We invest in your future with employer contributions of up to 12","Wed, 08 Jul 2026 10:24:33 UTC",,Full-time,,,Admin/Service – Office Support,HARD_PASS,hard pass title pattern: senior,ADDITIONAL,,,0.428,workable-DEC5B90B48,https://apply.workable.com/j/DEC5B90B48,https://apply.workable.com/j/DEC5B90B48,,Workable XML job feed
HARD_PASS,Software Engineer - (Typescript & Node),Our Future Health,"London, England, GB","£60,000",USABLE_REVIEW,"te ambiguity and challenges in real-world projects. Benefits Competitive base salary from £60,000 Generous Pension Scheme – We invest in your future with employer contributions of up to 12","Fri, 14 Aug 2026 08:20:59 UTC",,Full-time,,Information Technology,Admin/Service – Office Support,HARD_PASS,hard pass title pattern: engineer,ADDITIONAL,,,0.410,workable-955D8AFAE9,https://apply.workable.com/j/955D8AFAE9,https://apply.workable.com/j/955D8AFAE9,,Workable XML job feed
HARD_PASS,Staff Analytics Platform Engineer,Our Future Health,"London, England, GB","£95,000",USABLE_REVIEW,"f Terraform, data governance models, and data observability tooling. Benefits Salary from £95,000 per annum. Generous Pension Scheme – We invest in your future with employer contributions","Wed, 13 May 2026 09:38:07 UTC",,Full-time,,,Admin/Service – Office Support,HARD_PASS,hard pass title pattern: engineer,ADDITIONAL,,,0.403,workable-6CCA7FB702,https://apply.workable.com/j/6CCA7FB702,https://apply.workable.com/j/6CCA7FB702,,Workable XML job feed
HARD_PASS,Staff Engineer (Architect) - Researcher Operations,Our Future Health,"London, England, GB","£105,000",USABLE_REVIEW,"encouraging collaboration and providing direction. Benefits Competitive base salary from £105,000 Generous Pension Scheme – We invest in your future with employer contributions of up to 12","Fri, 29 May 2026 16:00:11 UTC",,Full-time,,,Admin/Service – Office Support,HARD_PASS,hard pass title pattern: engineer,ADDITIONAL,,,0.433,workable-7F195EE13A,https://apply.workable.com/j/7F195EE13A,https://apply.workable.com/j/7F195EE13A,,Workable XML job feed
HARD_PASS,"Field Service Engineer, South London SE/SW/SM",Our Taap,"City of London, England, GB",,MISSING,,"Tue, 09 Jun 2026 09:26:02 UTC",,Full-time,Remote,Engineering,Admin/Service – Office Support,HARD_PASS,hard pass title pattern: engineer,ADDITIONAL,,,0.449,workable-79753DB97D,https://apply.workable.com/j/79753DB97D,https://apply.workable.com/j/79753DB97D,,Workable XML job feed
HARD_PASS,Caretaker/Handy Person - Supported Housing Services - North East London,Outward,"London, England, GB","£27,368",USABLE_REVIEW,"Role: Caretaker Contract: Full Time Permanent Hours: 38 hours per week Salary: £27,368 Per annum full time. Location: Various - Must have full, clean UK driving licence Company","Wed, 01 Jul 2026 12:05:58 UTC",,Full-time,,,Admin/Service – Office Support,OUT_OF_SCOPE,no admin/service title classification match,ADDITIONAL,,,0.389,workable-1C3797A874,https://apply.workable.com/j/1C3797A874,https://apply.workable.com/j/1C3797A874,,Workable XML job feed
HARD_PASS,"Deputy Manager - Supported Living Services - Newham, London",Outward,"London, England, GB","£33,585",USABLE_REVIEW,"Deputy Manager Contract: Part time, contract, permanent] Hours: 30 hours per week Salary: £33,585 per annum pro rata for part time Location: Newham Supported Living Services, London. About","Mon, 27 Jul 2026 15:19:38 UTC",,Part-time,,,Admin/Service – Office Support,HARD_PASS,hard pass title pattern: manager,ADDITIONAL,,,0.412,workable-41B90D83CF,https://apply.workable.com/j/41B90D83CF,https://apply.workable.com/j/41B90D83CF,,Workable XML job feed
HARD_PASS,Support Worker - ASC Supported Living Services - Hackney E5,Outward,"London, England, GB",,MISSING,,"Fri, 24 Jul 2026 12:06:05 UTC",,Full-time,,,Admin/Service – Office Support,HARD_PASS,hard pass title pattern: support worker,ADDITIONAL,,,0.390,workable-44B60980A8,https://apply.workable.com/j/44B60980A8,https://apply.workable.com/j/44B60980A8,,Workable XML job feed
HARD_PASS,"Support Worker - Supported Living Service, London E10",Outward,"London, England, GB",,MISSING,,"Thu, 13 Aug 2026 08:37:38 UTC",,Full-time,,,Admin/Service – Office Support,HARD_PASS,hard pass title pattern: support worker,ADDITIONAL,,,0.417,workable-63D06A5D64,https://apply.workable.com/j/63D06A5D64,https://apply.workable.com/j/63D06A5D64,,Workable XML job feed
HARD_PASS,Applied Artificial Intelligence Engineer,Oxford Dynamics,"London, England, GB",,MISSING,,"Mon, 20 Jul 2026 12:01:29 UTC",,Full-time,,Engineering,Admin/Service – Office Support,HARD_PASS,hard pass title pattern: engineer,ADDITIONAL,,,0.380,workable-72361AE1E2,https://apply.workable.com/j/72361AE1E2,https://apply.workable.com/j/72361AE1E2,,Workable XML job feed
HARD_PASS,Senior Devops Engineer,Oxford Dynamics,"London, England, GB",,MISSING,,"Mon, 10 Aug 2026 14:40:30 UTC",,Full-time,,,Admin/Service – Office Support,HARD_PASS,"hard pass title pattern: engineer, senior",ADDITIONAL,,,0.420,workable-7875AE86FB,https://apply.workable.com/j/7875AE86FB,https://apply.workable.com/j/7875AE86FB,,Workable XML job feed
HARD_PASS,VP of Product Development,Oxford Quantum Circuits,"London, England, GB",,MISSING,,"Wed, 05 Aug 2026 16:18:19 UTC",,Full-time,,Product Management,Admin/Service – Office Support,OUT_OF_SCOPE,no admin/service title classification match,ADDITIONAL,,,0.378,workable-4FF31338BA,https://apply.workable.com/j/4FF31338BA,https://apply.workable.com/j/4FF31338BA,,Workable XML job feed
HARD_PASS,Head of Finance,Pact Coffee,"London, England, GB","£70,000–£75,000",USABLE_REVIEW,"● A proactive approach to solving problems and taking ownership. Benefits Salary bracket: £70k to £75k Our Head Office is in London Bridge, but we offer a hybrid, flexible working environment.","Tue, 18 Aug 2026 15:42:00 UTC",,Full-time,,Finance,Admin/Service – Office Support,OUT_OF_SCOPE,no admin/service title classification match,ADDITIONAL,,,0.431,workable-BF6F5520B8,https://apply.workable.com/j/BF6F5520B8,https://apply.workable.com/j/BF6F5520B8,,Workable XML job feed
HARD_PASS,Chief Operating Officer (COO): Scaling #1 UK Short-Let Management Franchise,Pass the Keys,"London, England, GB",,MISSING,,"Wed, 15 Jul 2026 16:05:29 UTC",,Full-time,,Management,Admin/Service – Office Support,OUT_OF_SCOPE,no admin/service title classification match,ADDITIONAL,,,0.385,workable-A9E485CC5B,https://apply.workable.com/j/A9E485CC5B,https://apply.workable.com/j/A9E485CC5B,,Workable XML job feed
HARD_PASS,Host Sales Consultant,Pass the Keys,"London, England, GB",,MISSING,,"Wed, 18 Feb 2026 16:41:52 UTC",,Full-time,,Sales,Admin/Service – Office Support,HARD_PASS,hard pass title pattern: sales consultant,ADDITIONAL,,,0.420,workable-78C0528043,https://apply.workable.com/j/78C0528043,https://apply.workable.com/j/78C0528043,,Workable XML job feed
HARD_PASS,Operations Associate - South West London,Pass the Keys,"London, England, GB",,MISSING,,"Mon, 09 Mar 2026 10:03:51 UTC",,Other,,Other,Admin/Service – Office Support,OUT_OF_SCOPE,no admin/service title classification match,ADDITIONAL,,,0.402,workable-7A46A41750,https://apply.workable.com/j/7A46A41750,https://apply.workable.com/j/7A46A41750,,Workable XML job feed
HARD_PASS,"Operations Manager, London",Pass the Keys,"London, England, GB","£35,000",USABLE_REVIEW,"p to 90% of salary for six months. Bonus scheme available after passing probation Salary: £35,000","Mon, 27 Jul 2026 14:28:26 UTC",,Full-time,,,Admin/Service – Office Support,HARD_PASS,"hard pass title pattern: operations manager, manager",ADDITIONAL,,,0.423,workable-D79F0C5861,https://apply.workable.com/j/D79F0C5861,https://apply.workable.com/j/D79F0C5861,,Workable XML job feed
HARD_PASS,Account Executive,Patchwork,"London, England, GB","£60,000–£70,000",USABLE_REVIEW,"Exposure to workforce management or workforce technology products. Benefits Salary Range: £60,000-70,000 Hybrid and flexible workplace Cycle Scheme Tech Loan Scheme Employee Assistance Programme","Thu, 25 Jun 2026 16:08:42 UTC",,Full-time,,Sales,Admin/Service – Office Support,OUT_OF_SCOPE,no admin/service title classification match,ADDITIONAL,,,0.411,workable-3540672B62,https://apply.workable.com/j/3540672B62,https://apply.workable.com/j/3540672B62,,Workable XML job feed
HARD_PASS,Clinical Engagement Specialist,Patchwork,"London, England, GB","£35,000–£40,000",USABLE_REVIEW,"Exposure to workforce management or workforce technology products. Benefits Salary Range: £35,000-40,000 Hybrid and flexible workplace Cycle Scheme Tech Loan Scheme Employee Assistance Programme","Thu, 23 Jul 2026 16:01:29 UTC",,Full-time,,Consulting,Admin/Service – Office Support,OUT_OF_SCOPE,no admin/service title classification match,ADDITIONAL,,,0.424,workable-028213B689,https://apply.workable.com/j/028213B689,https://apply.workable.com/j/028213B689,,Workable XML job feed
HARD_PASS,GTM Engineer,Patchwork,"London, England, GB","£40,000–£45,000",USABLE_REVIEW,"ence working within a technology start-up or scale-up environment. Benefits Salary Range: £40,000-45,000 Hybrid and flexible workplace Cycle Scheme Tech Loan Scheme Employee Assistance Programme","Thu, 25 Jun 2026 16:16:00 UTC",,Full-time,,Engineering,Admin/Service – Office Support,HARD_PASS,hard pass title pattern: engineer,ADDITIONAL,,,0.386,workable-6445C2ED65,https://apply.workable.com/j/6445C2ED65,https://apply.workable.com/j/6445C2ED65,,Workable XML job feed
HARD_PASS,Implementation Manager,Patchwork,"London, England, GB","£45,000–£50,000",USABLE_REVIEW,"wledge of workforce applications. Understanding of SaaS platforms. Benefits Salary Range: £45,000-50,000 Hybrid and flexible workplace Cycle Scheme Tech Loan Scheme Employee Assistance Programme","Fri, 17 Apr 2026 14:24:20 UTC",,Full-time,,Project Management,Admin/Service – Office Support,HARD_PASS,hard pass title pattern: manager,ADDITIONAL,,,0.433,workable-8C8C3D127A,https://apply.workable.com/j/8C8C3D127A,https://apply.workable.com/j/8C8C3D127A,,Workable XML job feed
HARD_PASS,Marketing Executive,Patchwork,"London, England, GB","£35,000",USABLE_REVIEW,"using AI tools within a professional, creative or marketing environment. Benefits Salary: £35,000 Hybrid and flexible workplace Cycle Scheme Tech Loan Scheme Employee Assistance Programme","Wed, 24 Jun 2026 11:20:18 UTC",,Full-time,,Marketing,Admin/Service – Office Support,OUT_OF_SCOPE,no admin/service title classification match,ADDITIONAL,,,0.404,workable-668016BFF9,https://apply.workable.com/j/668016BFF9,https://apply.workable.com/j/668016BFF9,,Workable XML job feed
HARD_PASS,Product Manager,Patchwork,"London, England, GB","£60,000–£70,000",USABLE_REVIEW,"such as Computer Science, Product Design or a related discipline. Benefits Salary Range: £60,000-70,000 Hybrid and flexible workplace Cycle Scheme Tech Loan Scheme Employee Assistance Programme","Thu, 30 Jul 2026 17:58:22 UTC",,Full-time,,Product Management,Admin/Service – Office Support,HARD_PASS,hard pass title pattern: manager,ADDITIONAL,,,0.391,workable-596B284C43,https://apply.workable.com/j/596B284C43,https://apply.workable.com/j/596B284C43,,Workable XML job feed
HARD_PASS,Senior Implementation Manager,Patchwork,"London, England, GB","£55,000–£60,000",USABLE_REVIEW,"ar qualification. Experience working within a HealthTech scale-up. Benefits Salary Range: £55,000-60,000 Hybrid and flexible workplace Cycle Scheme Tech Loan Scheme Employee Assistance Programme","Thu, 30 Jul 2026 18:26:29 UTC",,Full-time,,Project Management,Admin/Service – Office Support,HARD_PASS,"hard pass title pattern: senior, manager",ADDITIONAL,,,0.410,workable-FA6FFA2A7E,https://apply.workable.com/j/FA6FFA2A7E,https://apply.workable.com/j/FA6FFA2A7E,,Workable XML job feed
HARD_PASS,Senior Product Manager,Patchwork,"London, England, GB","£80,000–£85,000",USABLE_REVIEW,"related field i.e., Computer Science or Product Design (examples). Benefits Salary Range: £80,000-85,000 Hybrid and flexible workplace Cycle Scheme Tech Loan Scheme Employee Assistance Programme","Thu, 02 Jul 2026 09:38:08 UTC",,Full-time,,Product Management,Admin/Service – Office Support,HARD_PASS,"hard pass title pattern: senior, manager",ADDITIONAL,,,0.394,workable-33D80126FF,https://apply.workable.com/j/33D80126FF,https://apply.workable.com/j/33D80126FF,,Workable XML job feed
HARD_PASS,"Monitoring, Evaluation, and Learning Consultancy",Pathways,"London, England, GB",,MISSING,,"Fri, 14 Aug 2026 15:28:19 UTC",,,Remote,,Admin/Service – Office Support,OUT_OF_SCOPE,no admin/service title classification match,ADDITIONAL,,,0.538,workable-C163EF436D,https://apply.workable.com/j/C163EF436D,https://apply.workable.com/j/C163EF436D,,Workable XML job feed
HARD_PASS,"Head of Sales (Acquiring), UK",payabl.,"London, England, GB",,MISSING,,"Fri, 20 Feb 2026 11:47:09 UTC",,Full-time,,,Admin/Service – Office Support,OUT_OF_SCOPE,no admin/service title classification match,ADDITIONAL,,,0.389,workable-533AD831EA,https://apply.workable.com/j/533AD831EA,https://apply.workable.com/j/533AD831EA,,Workable XML job feed
HARD_PASS,Admin & HR Generalist (Korean / English),Pearl Abyss Europe,"London, England, GB",,MISSING,,"Wed, 05 Aug 2026 09:15:47 UTC",,Full-time,,,Admin/Service – Office Support,OUT_OF_SCOPE,no admin/service title classification match,ADDITIONAL,,,0.437,workable-1FDE670676,https://apply.workable.com/j/1FDE670676,https://apply.workable.com/j/1FDE670676,,Workable XML job feed
HARD_PASS,Admin & HR Generalist (Korean / English) in Netherlands,Pearl Abyss Europe,"London, England, GB",,MISSING,,"Wed, 05 Aug 2026 09:14:35 UTC",,Full-time,,,Admin/Service – Office Support,OUT_OF_SCOPE,no admin/service title classification match,ADDITIONAL,,,0.436,workable-408E12D7D8,https://apply.workable.com/j/408E12D7D8,https://apply.workable.com/j/408E12D7D8,,Workable XML job feed
HARD_PASS,Marketing Graphic Designer (Netherlands),Pearl Abyss Europe,"London, England, GB",,MISSING,,"Mon, 23 Mar 2026 08:34:00 UTC",,Full-time,,Design,Admin/Service – Office Support,OUT_OF_SCOPE,no admin/service title classification match,ADDITIONAL,,,0.388,workable-9BCFC06ADC,https://apply.workable.com/j/9BCFC06ADC,https://apply.workable.com/j/9BCFC06ADC,,Workable XML job feed
HARD_PASS,HR Director,People Puzzles Ltd,"London, England, GB","£80,000–£150,000",USABLE_REVIEW,hosen by over 1000 ambitious business leaders. Earnings Earnings range from approximately £80k to £150k pa (dependent upon days per month worked). Requirements Main Responsibilities: Lead the d,"Thu, 30 Jul 2026 13:46:40 UTC",,Contract,,Human Resources,Admin/Service – Office Support,OUT_OF_SCOPE,no admin/service title classification match,ADDITIONAL,,,0.521,workable-222E47AC6B,https://apply.workable.com/j/222E47AC6B,https://apply.workable.com/j/222E47AC6B,,Workable XML job feed
HARD_PASS,"Localisation Associate (German speaking) - Relocation to Athens, Greece",PEOPLECERT,"London, England, GB",,MISSING,,"Wed, 19 Aug 2026 10:10:15 UTC",,Full-time,,Project Management,Admin/Service – Office Support,OUT_OF_SCOPE,no admin/service title classification match,ADDITIONAL,,,0.549,workable-9071B5400F,https://apply.workable.com/j/9071B5400F,https://apply.workable.com/j/9071B5400F,,Workable XML job feed
HARD_PASS,Learning Systems Engineer,peopleworth,"London, England, GB",,MISSING,,"Wed, 22 Jul 2026 10:21:36 UTC",,Full-time,Remote,Information Technology,Admin/Service – Office Support,HARD_PASS,hard pass title pattern: engineer,ADDITIONAL,,,0.492,workable-B90EDEEC88,https://apply.workable.com/j/B90EDEEC88,https://apply.workable.com/j/B90EDEEC88,,Workable XML job feed
HARD_PASS,"Product Director - EdTech, Digital Learning",peopleworth,"London, England, GB",,MISSING,,"Wed, 15 Jul 2026 13:40:16 UTC",,Full-time,Remote,Product Management,Admin/Service – Office Support,OUT_OF_SCOPE,no admin/service title classification match,ADDITIONAL,,,0.441,workable-445B7B5A05,https://apply.workable.com/j/445B7B5A05,https://apply.workable.com/j/445B7B5A05,,Workable XML job feed
HARD_PASS,Sales Consultant: Digital Education,peopleworth,"London, England, GB",,MISSING,,"Mon, 03 Aug 2026 10:53:22 UTC",,Full-time,Remote,Education,Admin/Service – Office Support,HARD_PASS,hard pass title pattern: sales consultant,ADDITIONAL,,,0.490,workable-38E2AD791B,https://apply.workable.com/j/38E2AD791B,https://apply.workable.com/j/38E2AD791B,,Workable XML job feed
HARD_PASS,Student Enrolment Advisor,peopleworth,"London, England, GB",,MISSING,,"Tue, 23 Jun 2026 07:10:26 UTC",,Full-time,Remote,,Admin/Service – Office Support,OUT_OF_SCOPE,no admin/service title classification match,ADDITIONAL,,,0.473,workable-1C85534BE9,https://apply.workable.com/j/1C85534BE9,https://apply.workable.com/j/1C85534BE9,,Workable XML job feed
HARD_PASS,Student Recruitment Advisor,peopleworth,"London, England, GB",,MISSING,,"Mon, 03 Aug 2026 09:59:35 UTC",,Full-time,Remote,Education,Admin/Service – Office Support,OUT_OF_SCOPE,no admin/service title classification match,ADDITIONAL,,,0.471,workable-8718568F1A,https://apply.workable.com/j/8718568F1A,https://apply.workable.com/j/8718568F1A,,Workable XML job feed
HARD_PASS,Creative Designer - Motion & AI Content,Pepperstone,"London, England, GB",,MISSING,,"Fri, 07 Aug 2026 09:35:37 UTC",,,,,Admin/Service – Office Support,OUT_OF_SCOPE,no admin/service title classification match,ADDITIONAL,,,0.450,workable-133186FA95,https://apply.workable.com/j/133186FA95,https://apply.workable.com/j/133186FA95,,Workable XML job feed
HARD_PASS,Senior Marketing Executive,Pepperstone,"London, England, GB",,MISSING,,"Wed, 29 Jul 2026 06:08:03 UTC",,Full-time,,,Admin/Service – Office Support,HARD_PASS,hard pass title pattern: senior,ADDITIONAL,,,0.486,workable-BBE7CB028F,https://apply.workable.com/j/BBE7CB028F,https://apply.workable.com/j/BBE7CB028F,,Workable XML job feed
HARD_PASS,Creative Strategist - Performance Marketing (Remote in UK),PetLabCo.,"London, GB",,MISSING,,"Tue, 17 Mar 2026 11:02:44 UTC",,Full-time,Remote,Marketing,Admin/Service – Office Support,OUT_OF_SCOPE,no admin/service title classification match,ADDITIONAL,,,0.434,workable-863B6096DA,https://apply.workable.com/j/863B6096DA,https://apply.workable.com/j/863B6096DA,,Workable XML job feed
HARD_PASS,Senior Growth Lead - Conversion Rate & Landing Page Optimization,PetLabCo.,"London, England, GB",,MISSING,,"Thu, 23 Jul 2026 10:50:48 UTC",,Full-time,,Marketing,Admin/Service – Office Support,HARD_PASS,hard pass title pattern: senior,ADDITIONAL,,,0.398,workable-09B8829DE2,https://apply.workable.com/j/09B8829DE2,https://apply.workable.com/j/09B8829DE2,,Workable XML job feed
HARD_PASS,Evening Pharmacy Assistant,Pharmacierge,"London, England, GB","£31,000",USABLE_REVIEW,"ckage that reflects the value of their contributions: 💷 Competitive Salary: Starting from £31,000 per annum (dependent on experience) 🏥 Private Medical Insurance: Available after a minimum","Tue, 04 Aug 2026 14:57:01 UTC",,,,,Admin/Service – Office Support,OUT_OF_SCOPE,no admin/service title classification match,ADDITIONAL,,,0.477,workable-8E760A07B6,https://apply.workable.com/j/8E760A07B6,https://apply.workable.com/j/8E760A07B6,,Workable XML job feed
HARD_PASS,Evening Pharmacy Dispenser Dispensing Assistant,Pharmacierge,"London, England, GB",,MISSING,,"Mon, 03 Aug 2026 19:21:29 UTC",,Full-time,,Health Care Provider,Admin/Service – Office Support,OUT_OF_SCOPE,no admin/service title classification match,ADDITIONAL,,,0.430,workable-CF92181AA1,https://apply.workable.com/j/CF92181AA1,https://apply.workable.com/j/CF92181AA1,,Workable XML job feed
HARD_PASS,Head of Dispensary Operations,Pharmacierge,"London, England, GB","£60,000",USABLE_REVIEW,"ckage that reflects the value of their contributions: 💷 Competitive Salary: starting from £60,000 🏥 Private Medical Insurance : Available after a minimum term 🌴 28 Days Annual Leave (inclu","Wed, 05 Aug 2026 15:00:01 UTC",,Full-time,,,Admin/Service – Office Support,OUT_OF_SCOPE,no admin/service title classification match,ADDITIONAL,,,0.414,workable-3F65A87656,https://apply.workable.com/j/3F65A87656,https://apply.workable.com/j/3F65A87656,,Workable XML job feed
HARD_PASS,Patient Liaison - Customer Excellence,Pharmacierge,"London, England, GB","£30,800",USABLE_REVIEW,"g benefits package that reflects the value of their contributions: 💷 Competitive Salary : £30,800 per annum (dependent on experience) 🏥 Private Medical Insurance : Available after a minimu","Mon, 03 Aug 2026 18:53:52 UTC",,Other,,Customer Service,Admin/Service – Office Support,OUT_OF_SCOPE,no admin/service title classification match,ADDITIONAL,,,0.428,workable-CC01FA03EA,https://apply.workable.com/j/CC01FA03EA,https://apply.workable.com/j/CC01FA03EA,,Workable XML job feed
HARD_PASS,Pharmacist - Full-Time/Part-Time,Pharmacierge,"London, England, GB","£50,000",USABLE_REVIEW,"kage that reflects the value of their contributions: 💷 Competitive Salary : starting from £50,000 (dependent on experience) 🏥 Private Medical Insurance : Available after a minimum term 🌴 2","Mon, 03 Aug 2026 19:04:47 UTC",,Other,,Health Care Provider,Admin/Service – Office Support,OUT_OF_SCOPE,no admin/service title classification match,ADDITIONAL,,,0.418,workable-D8F8944CDE,https://apply.workable.com/j/D8F8944CDE,https://apply.workable.com/j/D8F8944CDE,,Workable XML job feed
HARD_PASS,Pharmacy ACT Accuracy Checking Pharmacy Technician - Full-Time/Part-Time,Pharmacierge,"London, England, GB",,MISSING,,"Mon, 03 Aug 2026 18:53:18 UTC",,Other,,Health Care Provider,Admin/Service – Office Support,HARD_PASS,hard pass title pattern: technician,ADDITIONAL,,,0.365,workable-ED93AF846D,https://apply.workable.com/j/ED93AF846D,https://apply.workable.com/j/ED93AF846D,,Workable XML job feed
HARD_PASS,Pharmacy Dispensing Assistant - Flexible Working,Pharmacierge,"London, England, GB",,MISSING,,"Mon, 03 Aug 2026 19:16:08 UTC",,Other,,Health Care Provider,Admin/Service – Office Support,OUT_OF_SCOPE,no admin/service title classification match,ADDITIONAL,,,0.420,workable-9B42EFBE73,https://apply.workable.com/j/9B42EFBE73,https://apply.workable.com/j/9B42EFBE73,,Workable XML job feed
HARD_PASS,Practice Liaison Manager,Pharmacierge,"London, England, GB","£40,000",USABLE_REVIEW,"ience is a plus but not required Benefits What do we offer for you? Competitive salary of £40,000 Private healthcare cover Company-wide bonus Govt approved share option scheme after 1 year","Wed, 19 Aug 2026 16:16:59 UTC",,Full-time,,,Admin/Service – Office Support,HARD_PASS,hard pass title pattern: manager,ADDITIONAL,,,0.430,workable-F9FC0C33A1,https://apply.workable.com/j/F9FC0C33A1,https://apply.workable.com/j/F9FC0C33A1,,Workable XML job feed
HARD_PASS,Patient Advisor (Customer Service),Pharmacy2U,"London, England, GB","£27,020",USABLE_REVIEW,"a hybrid schedule, meaning 2-3 days a week in the office based in Central London Salary: £27,020 per annum plus extensive benefits Contract type: Permanent Employment type: Full time, (Tu","Thu, 13 Aug 2026 13:58:14 UTC",,Full-time,,Customer Service,Admin/Service – Office Support,OUT_OF_SCOPE,no admin/service title classification match,ADDITIONAL,,,0.439,workable-AE4CEFFB76,https://apply.workable.com/j/AE4CEFFB76,https://apply.workable.com/j/AE4CEFFB76,,Workable XML job feed
HARD_PASS,Senior People & Talent Partner (M&A & Reward),Pharmacy2U,"London, England, GB","£40,000–£50,000",USABLE_REVIEW,"c to support stakeholders REPORTS TO: Head of People DEPARTMENT: People Team BAND: Salary £40,000 - £50,000 plus annual bonus up to 10% You will be our Senior People & Talent Partner for M&A and Rew","Thu, 06 Aug 2026 08:33:10 UTC",,Full-time,,Human Resources,Admin/Service – Office Support,HARD_PASS,hard pass title pattern: senior,ADDITIONAL,,,0.402,workable-EB975020F1,https://apply.workable.com/j/EB975020F1,https://apply.workable.com/j/EB975020F1,,Workable XML job feed
HARD_PASS,Quantum Algorithms Engineer,Phasecraft,"London, England, GB",,MISSING,,"Fri, 26 Sep 2025 10:20:39 UTC",,Full-time,,,Admin/Service – Office Support,HARD_PASS,hard pass title pattern: engineer,ADDITIONAL,,,0.438,workable-045DC7A3F8,https://apply.workable.com/j/045DC7A3F8,https://apply.workable.com/j/045DC7A3F8,,Workable XML job feed
HARD_PASS,Quantum Algorithms Scientist,Phasecraft,"London, England, GB",,MISSING,,"Fri, 22 Sep 2023 10:10:48 UTC",,Full-time,,,Admin/Service – Office Support,OUT_OF_SCOPE,no admin/service title classification match,ADDITIONAL,,,0.414,workable-273F502945,https://apply.workable.com/j/273F502945,https://apply.workable.com/j/273F502945,,Workable XML job feed
HARD_PASS,Quantum Algorithms Scientist - Optimization,Phasecraft,"London, England, GB",,MISSING,,"Fri, 26 Sep 2025 10:20:48 UTC",,Full-time,,,Admin/Service – Office Support,OUT_OF_SCOPE,no admin/service title classification match,ADDITIONAL,,,0.426,workable-672692BCE5,https://apply.workable.com/j/672692BCE5,https://apply.workable.com/j/672692BCE5,,Workable XML job feed
HARD_PASS,Visiting Fellow,Phasecraft,"London, England, GB",,MISSING,,"Fri, 26 Sep 2025 10:20:44 UTC",,Contract,,,Admin/Service – Office Support,OUT_OF_SCOPE,no admin/service title classification match,ADDITIONAL,,,0.360,workable-DC2A3F2C2F,https://apply.workable.com/j/DC2A3F2C2F,https://apply.workable.com/j/DC2A3F2C2F,,Workable XML job feed
HARD_PASS,Actuary,PIC,"London, England, GB",,MISSING,,"Thu, 23 Jul 2026 08:42:33 UTC",,Full-time,,Finance,Admin/Service – Office Support,OUT_OF_SCOPE,no admin/service title classification match,ADDITIONAL,,,0.417,workable-A34C0DB57F,https://apply.workable.com/j/A34C0DB57F,https://apply.workable.com/j/A34C0DB57F,,Workable XML job feed
HARD_PASS,Capital Actuary,PIC,"London, England, GB",,MISSING,,"Mon, 27 Jul 2026 11:20:57 UTC",,Full-time,,,Admin/Service – Office Support,OUT_OF_SCOPE,no admin/service title classification match,ADDITIONAL,,,0.413,workable-5AB2833796,https://apply.workable.com/j/5AB2833796,https://apply.workable.com/j/5AB2833796,,Workable XML job feed
HARD_PASS,"Departmental Coordinator (Strategy, Corporate Communications & Events)",PIC,"London, England, GB",,MISSING,,"Tue, 18 Aug 2026 07:54:17 UTC",,Full-time,,,Admin/Service – Office Support,ELASTIC_FIT,elastic-fit title pattern: coordinator,ADDITIONAL,,,0.414,workable-AAB076C7FF,https://apply.workable.com/j/AAB076C7FF,https://apply.workable.com/j/AAB076C7FF,,Workable XML job feed
HARD_PASS,Investment Platform Services Manager,PIC,"London, England, GB",,MISSING,,"Fri, 14 Aug 2026 09:21:31 UTC",,Full-time,,,Admin/Service – Office Support,HARD_PASS,hard pass title pattern: manager,ADDITIONAL,,,0.365,workable-333BD5AE41,https://apply.workable.com/j/333BD5AE41,https://apply.workable.com/j/333BD5AE41,,Workable XML job feed
HARD_PASS,Investments Business Partnering Actuary,PIC,"London, England, GB",,MISSING,,"Tue, 04 Aug 2026 14:43:58 UTC",,Full-time,,,Admin/Service – Office Support,OUT_OF_SCOPE,no admin/service title classification match,ADDITIONAL,,,0.378,workable-869FBFF8C7,https://apply.workable.com/j/869FBFF8C7,https://apply.workable.com/j/869FBFF8C7,,Workable XML job feed
HARD_PASS,Operational Readiness Manager - DB Pensions & Third-Party Administrators,PIC,"London, England, GB",,MISSING,,"Fri, 07 Aug 2026 13:41:35 UTC",,Full-time,,,Admin/Service – Office Support,HARD_PASS,"hard pass title pattern: manager, pensions",ADDITIONAL,,,0.380,workable-A1334F2D4D,https://apply.workable.com/j/A1334F2D4D,https://apply.workable.com/j/A1334F2D4D,,Workable XML job feed
HARD_PASS,Senior Internal Auditor,PIC,"London, England, GB",,MISSING,,"Thu, 16 Jul 2026 17:29:35 UTC",,Full-time,,,Admin/Service – Office Support,HARD_PASS,hard pass title pattern: senior,ADDITIONAL,,,0.407,workable-D95BB75EA0,https://apply.workable.com/j/D95BB75EA0,https://apply.workable.com/j/D95BB75EA0,,Workable XML job feed
HARD_PASS,Senior Pension Operations Analyst,PIC,"London, England, GB",,MISSING,,"Tue, 28 Jul 2026 15:13:05 UTC",,,,,Admin/Service – Office Support,HARD_PASS,"hard pass title pattern: senior, pension",ADDITIONAL,,,0.372,workable-E8512E4BB5,https://apply.workable.com/j/E8512E4BB5,https://apply.workable.com/j/E8512E4BB5,,Workable XML job feed
HARD_PASS,Technical Pension Onboarding Specialist,PIC,"London, England, GB",,MISSING,,"Tue, 16 Jun 2026 13:24:17 UTC",,Full-time,,,Admin/Service – Office Support,HARD_PASS,hard pass title pattern: pension,ADDITIONAL,,,0.403,workable-4DF2E5B9EE,https://apply.workable.com/j/4DF2E5B9EE,https://apply.workable.com/j/4DF2E5B9EE,,Workable XML job feed
HARD_PASS,Product Growth Lead - Consumer Technology · UK · Remote,Pickle,"London, England, GB",,MISSING,,"Fri, 14 Aug 2026 11:55:47 UTC",,Full-time,,Marketing,Admin/Service – Office Support,OUT_OF_SCOPE,no admin/service title classification match,ADDITIONAL,,,0.375,workable-DF2621E09B,https://apply.workable.com/j/DF2621E09B,https://apply.workable.com/j/DF2621E09B,,Workable XML job feed
HARD_PASS,12D M1/M2 Traffic Management Operative - Immediate Start,Pinson TM Limited,"London, England, GB",,MISSING,,"Wed, 29 Jul 2026 10:17:53 UTC",,Full-time,,Other,Admin/Service – Office Support,HARD_PASS,hard pass title pattern: operative,ADDITIONAL,,,0.487,workable-53B82E74D3,https://apply.workable.com/j/53B82E74D3,https://apply.workable.com/j/53B82E74D3,,Workable XML job feed
HARD_PASS,Streetworks Operative - Immediate start.,Pinson TM Limited,"London, England, GB",,MISSING,,"Thu, 30 Jul 2026 08:23:48 UTC",,Temporary,,Other,Admin/Service – Office Support,HARD_PASS,hard pass title pattern: operative,ADDITIONAL,,,0.507,workable-93C8B1D275,https://apply.workable.com/j/93C8B1D275,https://apply.workable.com/j/93C8B1D275,,Workable XML job feed
HARD_PASS,Business Development Manager,Pion,"London, GB",,MISSING,,"Tue, 07 Jul 2026 10:07:03 UTC",,Full-time,Remote,Business Development,Admin/Service – Office Support,HARD_PASS,"hard pass title pattern: business development, manager",ADDITIONAL,,,0.458,workable-0604433D76,https://apply.workable.com/j/0604433D76,https://apply.workable.com/j/0604433D76,,Workable XML job feed
HARD_PASS,CRM Manager,Pion,"london, United Kingdom, GB",,MISSING,,"Mon, 10 Aug 2026 11:19:02 UTC",,Full-time,Remote,,Admin/Service – Office Support,HARD_PASS,hard pass title pattern: manager,ADDITIONAL,,,0.382,workable-2C84D974F4,https://apply.workable.com/j/2C84D974F4,https://apply.workable.com/j/2C84D974F4,,Workable XML job feed
HARD_PASS,Salesforce and GTM Systems Architect,Pion,"London, England, GB",,MISSING,,"Mon, 10 Aug 2026 08:30:07 UTC",,Full-time,Remote,,Admin/Service – Office Support,OUT_OF_SCOPE,no admin/service title classification match,ADDITIONAL,,,0.402,workable-F8D03AB81B,https://apply.workable.com/j/F8D03AB81B,https://apply.workable.com/j/F8D03AB81B,,Workable XML job feed
HARD_PASS,Senior Account Manager,Pion,"London, GB",,MISSING,,"Fri, 08 May 2026 11:25:03 UTC",,Full-time,Remote,Customer Service,Admin/Service – Office Support,HARD_PASS,"hard pass title pattern: account manager, senior, manager",ADDITIONAL,,,0.437,workable-5CBAB1D494,https://apply.workable.com/j/5CBAB1D494,https://apply.workable.com/j/5CBAB1D494,,Workable XML job feed
HARD_PASS,Senior Project Manager,Pixl8,"London, England, GB",,MISSING,,"Tue, 11 Aug 2026 14:17:01 UTC",,Full-time,,Project Management,Admin/Service – Office Support,HARD_PASS,"hard pass title pattern: senior, manager",ADDITIONAL,,,0.353,workable-590445FAEE,https://apply.workable.com/j/590445FAEE,https://apply.workable.com/j/590445FAEE,,Workable XML job feed
HARD_PASS,Financial Adviser,Plum Fintech,"London, England, GB",,MISSING,,"Wed, 10 Jun 2026 07:17:49 UTC",,,,,Admin/Service – Office Support,OUT_OF_SCOPE,no admin/service title classification match,ADDITIONAL,,,0.454,workable-992C7292CA,https://apply.workable.com/j/992C7292CA,https://apply.workable.com/j/992C7292CA,,Workable XML job feed
HARD_PASS,Lead Product Manager - Cash Products,Plum Fintech,"London, England, GB",,MISSING,,"Mon, 17 Aug 2026 08:56:27 UTC",,,,,Admin/Service – Office Support,HARD_PASS,hard pass title pattern: manager,ADDITIONAL,,,0.420,workable-273DD48807,https://apply.workable.com/j/273DD48807,https://apply.workable.com/j/273DD48807,,Workable XML job feed
HARD_PASS,Senior Backend Engineer,Plum Fintech,"London, England, GB",,MISSING,,"Wed, 11 Feb 2026 10:35:27 UTC",,Full-time,,Engineering,Admin/Service – Office Support,HARD_PASS,"hard pass title pattern: engineer, senior",ADDITIONAL,,,0.435,workable-2159A84BF0,https://apply.workable.com/j/2159A84BF0,https://apply.workable.com/j/2159A84BF0,,Workable XML job feed
HARD_PASS,Senior Backend Engineer | AI Platform,Plum Fintech,"London, England, GB",,MISSING,,"Wed, 08 Jul 2026 07:30:18 UTC",,,,Engineering,Admin/Service – Office Support,HARD_PASS,"hard pass title pattern: engineer, senior",ADDITIONAL,,,0.455,workable-06C4C5040E,https://apply.workable.com/j/06C4C5040E,https://apply.workable.com/j/06C4C5040E,,Workable XML job feed
HARD_PASS,Senior iOS Engineer,Plum Fintech,"London, England, GB",,MISSING,,"Thu, 25 Jun 2026 08:51:32 UTC",,Full-time,,Engineering,Admin/Service – Office Support,HARD_PASS,"hard pass title pattern: engineer, senior",ADDITIONAL,,,0.436,workable-DC3F3B6286,https://apply.workable.com/j/DC3F3B6286,https://apply.workable.com/j/DC3F3B6286,,Workable XML job feed
HARD_PASS,Senior Product Manager - Core Product,Plum Fintech,"London, England, GB",,MISSING,,"Wed, 15 Jul 2026 13:14:05 UTC",,Full-time,,Product Management,Admin/Service – Office Support,HARD_PASS,"hard pass title pattern: senior, manager",ADDITIONAL,,,0.445,workable-E437B89970,https://apply.workable.com/j/E437B89970,https://apply.workable.com/j/E437B89970,,Workable XML job feed
HARD_PASS,Staff Engineer,Plum Fintech,"London, England, GB",,MISSING,,"Fri, 15 May 2026 09:18:53 UTC",,Full-time,,Engineering,Admin/Service – Office Support,HARD_PASS,hard pass title pattern: engineer,ADDITIONAL,,,0.419,workable-EA29544BB5,https://apply.workable.com/j/EA29544BB5,https://apply.workable.com/j/EA29544BB5,,Workable XML job feed
HARD_PASS,Freelance Studio Engineer,Podshop,"Shoreditch, London, England, GB",,MISSING,,"Fri, 10 Jul 2026 15:42:57 UTC",,Temporary,,,Admin/Service – Office Support,HARD_PASS,hard pass title pattern: engineer,ADDITIONAL,,,0.398,workable-D709B46D0F,https://apply.workable.com/j/D709B46D0F,https://apply.workable.com/j/D709B46D0F,,Workable XML job feed
HARD_PASS,"Account Executive | West London, UK",Popmenu,"London, England, GB","£90,000",USABLE_REVIEW,"y. You do not need to live there Benefits What We’re Serving: Base Salary: £55,000 | OTE: £90,000 28 days annual leave plus UK bank holidays","Mon, 13 Jul 2026 21:29:26 UTC",,Full-time,Remote,Sales,Admin/Service – Office Support,OUT_OF_SCOPE,no admin/service title classification match,ADDITIONAL,,,0.398,workable-3C5316AA8C,https://apply.workable.com/j/3C5316AA8C,https://apply.workable.com/j/3C5316AA8C,,Workable XML job feed
HARD_PASS,Centre Support Assistant,Porsche Retail Group,"London, England, GB",,MISSING,,"Tue, 05 May 2026 15:47:04 UTC",,Part-time,,Customer Service,Admin/Service – Office Support,OUT_OF_SCOPE,no admin/service title classification match,ADDITIONAL,,,0.573,workable-1AD9F4DF5B,https://apply.workable.com/j/1AD9F4DF5B,https://apply.workable.com/j/1AD9F4DF5B,,Workable XML job feed
HARD_PASS,Centre Support Assistant,Porsche Retail Group,"London, England, GB",,MISSING,,"Mon, 20 Jul 2026 11:33:42 UTC",,Part-time,,,Admin/Service – Office Support,OUT_OF_SCOPE,no admin/service title classification match,ADDITIONAL,,,0.573,workable-238A60C2F0,https://apply.workable.com/j/238A60C2F0,https://apply.workable.com/j/238A60C2F0,,Workable XML job feed
HARD_PASS,Finance Renewals Specialist,Porsche Retail Group,"London, England, GB","£38,000",USABLE_REVIEW,"ensions while shaping an aspirational and inclusive company culture. In return, we offer: £38,000 base salary with the potential to earn up to 85% of your salary as an annual performance b","Thu, 20 Aug 2026 15:18:53 UTC",,Full-time,,,Admin/Service – Office Support,OUT_OF_SCOPE,no admin/service title classification match,ADDITIONAL,,,0.456,workable-C9EA7E9CE3,https://apply.workable.com/j/C9EA7E9CE3,https://apply.workable.com/j/C9EA7E9CE3,,Workable XML job feed
HARD_PASS,Sales Executive,Porsche Retail Group,"London, England, GB","£70,000",USABLE_REVIEW,"while shaping an aspirational and inclusive company culture. In return, we offer: OTE of £70,000 in the first year, with a basic salary of £27,716. Guaranteed Bonus payments for the first","Mon, 20 Jul 2026 15:29:46 UTC",,Full-time,,,Admin/Service – Office Support,HARD_PASS,hard pass title pattern: sales executive,ADDITIONAL,,,0.464,workable-877A197BE6,https://apply.workable.com/j/877A197BE6,https://apply.workable.com/j/877A197BE6,,Workable XML job feed
HARD_PASS,Vehicle Technician,Porsche Retail Group,"London, England, GB",,MISSING,,"Tue, 30 Jun 2026 09:19:17 UTC",,Full-time,,,Admin/Service – Office Support,HARD_PASS,hard pass title pattern: technician,ADDITIONAL,,,0.458,workable-0911E9C6A4,https://apply.workable.com/j/0911E9C6A4,https://apply.workable.com/j/0911E9C6A4,,Workable XML job feed
HARD_PASS,Vehicle Technician (4 Day Week) - West London,Porsche Retail Group,"London, England, GB",,MISSING,,"Mon, 16 Feb 2026 13:44:50 UTC",,Full-time,,,Admin/Service – Office Support,HARD_PASS,hard pass title pattern: technician,ADDITIONAL,,,0.426,workable-DC8F653106,https://apply.workable.com/j/DC8F653106,https://apply.workable.com/j/DC8F653106,,Workable XML job feed
HARD_PASS,Vehicle Technician - West London,Porsche Retail Group,"London, England, GB",,MISSING,,"Mon, 16 Feb 2026 13:52:45 UTC",,Full-time,,,Admin/Service – Office Support,HARD_PASS,hard pass title pattern: technician,ADDITIONAL,,,0.445,workable-D394BCC5EB,https://apply.workable.com/j/D394BCC5EB,https://apply.workable.com/j/D394BCC5EB,,Workable XML job feed
HARD_PASS,Platform Engineer,PortSwigger,"London, England, GB",,MISSING,,"Fri, 31 Jul 2026 13:13:58 UTC",,Full-time,,,Admin/Service – Office Support,HARD_PASS,hard pass title pattern: engineer,ADDITIONAL,,,0.392,workable-D236876062,https://apply.workable.com/j/D236876062,https://apply.workable.com/j/D236876062,,Workable XML job feed
HARD_PASS,Senior Systems Engineer- Defence,Positiv+ Cohort,"London, England, GB",,MISSING,,"Thu, 21 Aug 2025 10:14:53 UTC",,Contract,,,Admin/Service – Office Support,HARD_PASS,"hard pass title pattern: engineer, senior",ADDITIONAL,,,0.375,workable-042959D72B,https://apply.workable.com/j/042959D72B,https://apply.workable.com/j/042959D72B,,Workable XML job feed
HARD_PASS,Account Executive - Enterprise,Powtoon,"London, England, GB",,MISSING,,"Thu, 30 Jul 2026 08:08:44 UTC",,Full-time,,,Admin/Service – Office Support,OUT_OF_SCOPE,no admin/service title classification match,ADDITIONAL,,,0.369,workable-DDE0FF3292,https://apply.workable.com/j/DDE0FF3292,https://apply.workable.com/j/DDE0FF3292,,Workable XML job feed
HARD_PASS,Account Executive - Mid-Market,Powtoon,"London, England, GB",,MISSING,,"Wed, 19 Aug 2026 15:36:33 UTC",,Full-time,,Sales,Admin/Service – Office Support,OUT_OF_SCOPE,no admin/service title classification match,ADDITIONAL,,,0.401,workable-1A7E973B20,https://apply.workable.com/j/1A7E973B20,https://apply.workable.com/j/1A7E973B20,,Workable XML job feed
HARD_PASS,BDR - Business Development Representative,Powtoon,"London, England, GB",,MISSING,,"Wed, 05 Aug 2026 10:29:12 UTC",,Full-time,,Sales,Admin/Service – Office Support,HARD_PASS,hard pass title pattern: business development,ADDITIONAL,,,0.412,workable-A56414F34F,https://apply.workable.com/j/A56414F34F,https://apply.workable.com/j/A56414F34F,,Workable XML job feed
HARD_PASS,Customer Success Manager,Powtoon,"London, England, GB",,MISSING,,"Wed, 05 Aug 2026 10:46:20 UTC",,Full-time,,Sales,Admin/Service – Office Support,HARD_PASS,hard pass title pattern: manager,ADDITIONAL,,,0.407,workable-56E8E69920,https://apply.workable.com/j/56E8E69920,https://apply.workable.com/j/56E8E69920,,Workable XML job feed
HARD_PASS,Customer Success Manager - Central London Office,Powtoon,"London, England, GB",,MISSING,,"Mon, 27 Jul 2026 08:06:44 UTC",,Full-time,,Sales,Admin/Service – Office Support,HARD_PASS,hard pass title pattern: manager,ADDITIONAL,,,0.381,workable-8AD58AA376,https://apply.workable.com/j/8AD58AA376,https://apply.workable.com/j/8AD58AA376,,Workable XML job feed
HARD_PASS,Sales Development Representative,Powtoon,"London, England, GB",,MISSING,,"Wed, 12 Aug 2026 10:30:13 UTC",,Full-time,,Sales,Admin/Service – Office Support,OUT_OF_SCOPE,no admin/service title classification match,ADDITIONAL,,,0.379,workable-8184600815,https://apply.workable.com/j/8184600815,https://apply.workable.com/j/8184600815,,Workable XML job feed
HARD_PASS,Senior Sales Development Representative,Powtoon,"London, England, GB",,MISSING,,"Mon, 27 Jul 2026 08:27:39 UTC",,Full-time,,Sales,Admin/Service – Office Support,HARD_PASS,hard pass title pattern: senior,ADDITIONAL,,,0.362,workable-D5398124B1,https://apply.workable.com/j/D5398124B1,https://apply.workable.com/j/D5398124B1,,Workable XML job feed
HARD_PASS,Full Stack Engineer,Prevail,"London, England, GB",,MISSING,,"Mon, 17 Aug 2026 09:16:17 UTC",,Full-time,,Information Technology,Admin/Service – Office Support,HARD_PASS,hard pass title pattern: engineer,ADDITIONAL,,,0.443,workable-F066BCDC16,https://apply.workable.com/j/F066BCDC16,https://apply.workable.com/j/F066BCDC16,,Workable XML job feed
HARD_PASS,Intelligence Analyst (12-month FTC),Prevail,"London, England, GB",,MISSING,,"Mon, 10 Aug 2026 12:19:58 UTC",,Temporary,,,Admin/Service – Office Support,OUT_OF_SCOPE,no admin/service title classification match,ADDITIONAL,,,0.414,workable-36B2F2BC0E,https://apply.workable.com/j/36B2F2BC0E,https://apply.workable.com/j/36B2F2BC0E,,Workable XML job feed
HARD_PASS,IT Operations Administrator,Prevail,"London, England, GB",,MISSING,,"Wed, 05 Aug 2026 11:28:52 UTC",,Full-time,,Information Technology,Admin/Service – Office Support,HIGH_CONFIDENCE,high-confidence title pattern: administrator,ADDITIONAL,,,0.585,workable-F4824E861E,https://apply.workable.com/j/F4824E861E,https://apply.workable.com/j/F4824E861E,,Workable XML job feed
HARD_PASS,Junior Software Engineer (Data),Prevail,"London, England, GB",,MISSING,,"Fri, 14 Aug 2026 08:29:41 UTC",,Full-time,,Information Technology,Admin/Service – Office Support,HARD_PASS,hard pass title pattern: engineer,ADDITIONAL,,,0.468,workable-F6251A1D11,https://apply.workable.com/j/F6251A1D11,https://apply.workable.com/j/F6251A1D11,,Workable XML job feed
HARD_PASS,Programme Manager (6 Month Fixed Term Contract),Prevail,"London, England, GB",,MISSING,,"Thu, 21 May 2026 10:41:13 UTC",,Contract,,Project Management,Admin/Service – Office Support,HARD_PASS,hard pass title pattern: manager,ADDITIONAL,,,0.393,workable-D0DB7F0AA5,https://apply.workable.com/j/D0DB7F0AA5,https://apply.workable.com/j/D0DB7F0AA5,,Workable XML job feed
HARD_PASS,Protective Intelligence Analyst (12 Month Fixed Term Contract),Prevail,"London, England, GB",,MISSING,,"Tue, 04 Aug 2026 14:47:56 UTC",,Full-time,,Other,Admin/Service – Office Support,OUT_OF_SCOPE,no admin/service title classification match,ADDITIONAL,,,0.387,workable-3EEBEB55DD,https://apply.workable.com/j/3EEBEB55DD,https://apply.workable.com/j/3EEBEB55DD,,Workable XML job feed
HARD_PASS,Residential Security Team (RST) Operator,Prevail,"London, England, GB",,MISSING,,"Wed, 10 Jun 2026 11:10:20 UTC",,Contract,,Consulting,Admin/Service – Office Support,OUT_OF_SCOPE,no admin/service title classification match,ADDITIONAL,,,0.413,workable-5AECAC0268,https://apply.workable.com/j/5AECAC0268,https://apply.workable.com/j/5AECAC0268,,Workable XML job feed
HARD_PASS,Senior Operations Manager,Prevail,"London, England, GB",,MISSING,,"Mon, 06 Jul 2026 15:35:44 UTC",,Full-time,,,Admin/Service – Office Support,HARD_PASS,"hard pass title pattern: operations manager, senior, manager",ADDITIONAL,,,0.490,workable-28CCE902FF,https://apply.workable.com/j/28CCE902FF,https://apply.workable.com/j/28CCE902FF,,Workable XML job feed
HARD_PASS,Account Executive - Medical Communications,Prime,"London, England, GB",,MISSING,,"Wed, 05 Aug 2026 20:25:03 UTC",,Full-time,,Administrative,Admin/Service – Office Support,OUT_OF_SCOPE,no admin/service title classification match,ADDITIONAL,,,0.451,workable-A197FA29FB,https://apply.workable.com/j/A197FA29FB,https://apply.workable.com/j/A197FA29FB,,Workable XML job feed
HARD_PASS,"Business Development Manager, Medical Communications",Prime,"London, England, GB",,MISSING,,"Mon, 18 May 2026 17:13:08 UTC",,Full-time,,Business Development,Admin/Service – Office Support,HARD_PASS,"hard pass title pattern: business development, manager",ADDITIONAL,,,0.450,workable-908A4EE1C5,https://apply.workable.com/j/908A4EE1C5,https://apply.workable.com/j/908A4EE1C5,,Workable XML job feed
HARD_PASS,"Medical Writer, Scientific Communications",Prime,"London, England, GB",,MISSING,,"Tue, 07 Jul 2026 22:32:07 UTC",,Full-time,,Writing/Editing,Admin/Service – Office Support,OUT_OF_SCOPE,no admin/service title classification match,ADDITIONAL,,,0.422,workable-758446534D,https://apply.workable.com/j/758446534D,https://apply.workable.com/j/758446534D,,Workable XML job feed
HARD_PASS,Salesforce Technical Project Manager (FTC),Private Luxury Events,"London, England, GB",,MISSING,,"Thu, 13 Aug 2026 15:17:16 UTC",,Contract,,,Admin/Service – Office Support,HARD_PASS,hard pass title pattern: manager,ADDITIONAL,,,0.427,workable-5B7BCC2ED9,https://apply.workable.com/j/5B7BCC2ED9,https://apply.workable.com/j/5B7BCC2ED9,,Workable XML job feed
HARD_PASS,Deputy Store Manager,ProCook,"London, England, GB","£35,000",USABLE_REVIEW,"r of this training may vary. Benefits Why You'll Love Working at ProCook: Salary is up to £35,000 per annum depending on experience including Central London weighting supplement A delightf","Fri, 24 Jul 2026 14:57:42 UTC",,Full-time,,Sales,Admin/Service – Office Support,HARD_PASS,hard pass title pattern: manager,ADDITIONAL,,,0.383,workable-F1E52E6066,https://apply.workable.com/j/F1E52E6066,https://apply.workable.com/j/F1E52E6066,,Workable XML job feed
HARD_PASS,Sales Advisor,ProCook,"London, England, GB",,MISSING,,"Tue, 18 Aug 2026 15:09:18 UTC",,Part-time,,Sales,Admin/Service – Office Support,OUT_OF_SCOPE,no admin/service title classification match,ADDITIONAL,,,0.528,workable-5D2A15E786,https://apply.workable.com/j/5D2A15E786,https://apply.workable.com/j/5D2A15E786,,Workable XML job feed
HARD_PASS,Business Development Manager (UK) | Banking | Profile Software,Profile Software,"London, England, GB",,MISSING,,"Mon, 13 Jul 2026 08:12:02 UTC",,,,Sales,Admin/Service – Office Support,HARD_PASS,"hard pass title pattern: business development, manager",ADDITIONAL,,,0.416,workable-BADFBEE984,https://apply.workable.com/j/BADFBEE984,https://apply.workable.com/j/BADFBEE984,,Workable XML job feed
HARD_PASS,Senior AI Agentic Engineer,Profile Software,"London, England, GB",,MISSING,,"Fri, 24 Jul 2026 10:53:29 UTC",,,,,Admin/Service – Office Support,HARD_PASS,"hard pass title pattern: engineer, senior",ADDITIONAL,,,0.424,workable-6E1C78246B,https://apply.workable.com/j/6E1C78246B,https://apply.workable.com/j/6E1C78246B,,Workable XML job feed
HARD_PASS,Data Integration Engineer,Prophix,"London, England, GB",,MISSING,,"Tue, 30 Jun 2026 14:52:43 UTC",,Full-time,,Engineering,Admin/Service – Office Support,HARD_PASS,hard pass title pattern: engineer,ADDITIONAL,,,0.405,workable-66DFC79039,https://apply.workable.com/j/66DFC79039,https://apply.workable.com/j/66DFC79039,,Workable XML job feed
HARD_PASS,"Director, Solution Engineering",Prophix,"London, England, GB",,MISSING,,"Thu, 06 Aug 2026 18:48:06 UTC",,Full-time,,Sales,Admin/Service – Office Support,HARD_PASS,hard pass title pattern: engineer,ADDITIONAL,,,0.369,workable-710900759B,https://apply.workable.com/j/710900759B,https://apply.workable.com/j/710900759B,,Workable XML job feed
HARD_PASS,Senior Account Executive,Prophix,"London, England, GB",,MISSING,,"Tue, 18 Aug 2026 14:45:18 UTC",,Full-time,,Sales,Admin/Service – Office Support,HARD_PASS,hard pass title pattern: senior,ADDITIONAL,,,0.420,workable-088A5E57EE,https://apply.workable.com/j/088A5E57EE,https://apply.workable.com/j/088A5E57EE,,Workable XML job feed
HARD_PASS,Solution Engineer,Prophix,"London, England, GB",,MISSING,,"Tue, 03 Feb 2026 17:45:56 UTC",,Full-time,,Engineering,Admin/Service – Office Support,HARD_PASS,hard pass title pattern: engineer,ADDITIONAL,,,0.371,workable-0D0A6384A0,https://apply.workable.com/j/0D0A6384A0,https://apply.workable.com/j/0D0A6384A0,,Workable XML job feed
HARD_PASS,Client Services Associate - French Speaking - (Entry Level),proSapient,"London, England, GB",,MISSING,,"Fri, 07 Aug 2026 09:54:45 UTC",,Full-time,,,Admin/Service – Office Support,OUT_OF_SCOPE,no admin/service title classification match,ADDITIONAL,,,0.429,workable-0D4130BE4F,https://apply.workable.com/j/0D4130BE4F,https://apply.workable.com/j/0D4130BE4F,,Workable XML job feed
HARD_PASS,Client Services Associate - German Speaking - (Entry Level),proSapient,"London, England, GB",,MISSING,,"Fri, 07 Aug 2026 08:14:52 UTC",,Full-time,,,Admin/Service – Office Support,OUT_OF_SCOPE,no admin/service title classification match,ADDITIONAL,,,0.415,workable-0D6A04AC24,https://apply.workable.com/j/0D6A04AC24,https://apply.workable.com/j/0D6A04AC24,,Workable XML job feed
HARD_PASS,"Commercial Operations, Program Lead",proSapient,"London, England, GB",,MISSING,,"Wed, 19 Aug 2026 16:43:57 UTC",,,,,Admin/Service – Office Support,OUT_OF_SCOPE,no admin/service title classification match,ADDITIONAL,,,0.451,workable-827D4A3453,https://apply.workable.com/j/827D4A3453,https://apply.workable.com/j/827D4A3453,,Workable XML job feed
HARD_PASS,Director of Data Engineering,proSapient,"London, England, GB",,MISSING,,"Fri, 14 Aug 2026 16:09:38 UTC",,,,,Admin/Service – Office Support,HARD_PASS,hard pass title pattern: engineer,ADDITIONAL,,,0.444,workable-6EDDC172BB,https://apply.workable.com/j/6EDDC172BB,https://apply.workable.com/j/6EDDC172BB,,Workable XML job feed
HARD_PASS,"Manager, Client Services (Private Equity)",proSapient,"London, England, GB",,MISSING,,"Mon, 01 Jun 2026 09:57:53 UTC",,,,,Admin/Service – Office Support,HARD_PASS,hard pass title pattern: manager,ADDITIONAL,,,0.433,workable-7B4956E648,https://apply.workable.com/j/7B4956E648,https://apply.workable.com/j/7B4956E648,,Workable XML job feed
HARD_PASS,Futures Taskforce 2026/27 - undergraduate opportunity,Q5,"London, England, GB",,MISSING,,"Wed, 22 Jul 2026 08:50:21 UTC",,Contract,,,Admin/Service – Office Support,OUT_OF_SCOPE,no admin/service title classification match,ADDITIONAL,,,0.219,workable-89A14D0F26,https://apply.workable.com/j/89A14D0F26,https://apply.workable.com/j/89A14D0F26,,Workable XML job feed
HARD_PASS,"Research Analyst Analytics Hub, London, Sept - Nov 2026",Q5,"London, England, GB",,MISSING,,"Tue, 30 Jun 2026 15:45:39 UTC",,Contract,,,Admin/Service – Office Support,OUT_OF_SCOPE,no admin/service title classification match,ADDITIONAL,,,0.232,workable-3D4D022AC0,https://apply.workable.com/j/3D4D022AC0,https://apply.workable.com/j/3D4D022AC0,,Workable XML job feed
HARD_PASS,"AI/ML & Prompt Engineer LLM, RAG & Voice Agent",QuantumLoopAI,"London, England, GB",,MISSING,,"Tue, 31 Mar 2026 12:18:07 UTC",,Full-time,,Engineering,Admin/Service – Office Support,HARD_PASS,hard pass title pattern: engineer,ADDITIONAL,,,0.363,workable-52B359DE90,https://apply.workable.com/j/52B359DE90,https://apply.workable.com/j/52B359DE90,,Workable XML job feed
HARD_PASS,"AI/ML & Prompt Engineer LLM, RAG & Voice Agent",QuantumLoopAI,"London, England, GB",,MISSING,,"Wed, 01 Apr 2026 16:11:30 UTC",,Full-time,,Engineering,Admin/Service – Office Support,HARD_PASS,hard pass title pattern: engineer,ADDITIONAL,,,0.363,workable-D391785516,https://apply.workable.com/j/D391785516,https://apply.workable.com/j/D391785516,,Workable XML job feed
HARD_PASS,Azure DevOps / Infrastructure Engineer,QuantumLoopAI,"London, England, GB",,MISSING,,"Thu, 02 Apr 2026 15:51:10 UTC",,Full-time,,Engineering,Admin/Service – Office Support,HARD_PASS,hard pass title pattern: engineer,ADDITIONAL,,,0.361,workable-506607AEB4,https://apply.workable.com/j/506607AEB4,https://apply.workable.com/j/506607AEB4,,Workable XML job feed
HARD_PASS,Business Development Manager,QuantumLoopAI,"London, England, GB",,MISSING,,"Sat, 28 Mar 2026 19:11:12 UTC",,Full-time,,Sales,Admin/Service – Office Support,HARD_PASS,"hard pass title pattern: business development, manager",ADDITIONAL,,,0.428,workable-E9FF2142A1,https://apply.workable.com/j/E9FF2142A1,https://apply.workable.com/j/E9FF2142A1,,Workable XML job feed
HARD_PASS,Customer Onboarding Specialist,QuantumLoopAI,"London, England, GB",,MISSING,,"Fri, 19 Jun 2026 09:27:06 UTC",,Full-time,,Customer Service,Admin/Service – Office Support,OUT_OF_SCOPE,no admin/service title classification match,ADDITIONAL,,,0.385,workable-01148D616B,https://apply.workable.com/j/01148D616B,https://apply.workable.com/j/01148D616B,,Workable XML job feed
HARD_PASS,Customer Support and Product Specialist,QuantumLoopAI,"London, England, GB",,MISSING,,"Tue, 07 Jul 2026 17:04:16 UTC",,Full-time,,Customer Service,Admin/Service – Office Support,OUT_OF_SCOPE,no admin/service title classification match,ADDITIONAL,,,0.380,workable-003F4DCBA5,https://apply.workable.com/j/003F4DCBA5,https://apply.workable.com/j/003F4DCBA5,,Workable XML job feed
HARD_PASS,Full Stack Developer,QuantumLoopAI,"London, England, GB",,MISSING,,"Sat, 28 Mar 2026 19:58:29 UTC",,Full-time,,Engineering,Admin/Service – Office Support,OUT_OF_SCOPE,no admin/service title classification match,ADDITIONAL,,,0.340,workable-DC1AF98F43,https://apply.workable.com/j/DC1AF98F43,https://apply.workable.com/j/DC1AF98F43,,Workable XML job feed
HARD_PASS,Full Stack Engineer (Backend Heavy),QuantumLoopAI,"London, England, GB",,MISSING,,"Tue, 31 Mar 2026 12:27:40 UTC",,Full-time,,Engineering,Admin/Service – Office Support,HARD_PASS,hard pass title pattern: engineer,ADDITIONAL,,,0.317,workable-BF074AEBA2,https://apply.workable.com/j/BF074AEBA2,https://apply.workable.com/j/BF074AEBA2,,Workable XML job feed
HARD_PASS,HubSpot CRM Implementation Assistant,QuantumLoopAI,"London, England, GB",,MISSING,,"Tue, 31 Mar 2026 13:45:49 UTC",,Full-time,,Engineering,Admin/Service – Office Support,OUT_OF_SCOPE,no admin/service title classification match,ADDITIONAL,,,0.447,workable-E832DE9F96,https://apply.workable.com/j/E832DE9F96,https://apply.workable.com/j/E832DE9F96,,Workable XML job feed
HARD_PASS,Junior Business Analyst / Project Coordinator,QuantumLoopAI,"London, England, GB",,MISSING,,"Tue, 31 Mar 2026 12:40:01 UTC",,Full-time,,Project Management,Admin/Service – Office Support,ELASTIC_FIT,elastic-fit title pattern: coordinator,ADDITIONAL,,,0.392,workable-7A46E83BF4,https://apply.workable.com/j/7A46E83BF4,https://apply.workable.com/j/7A46E83BF4,,Workable XML job feed
HARD_PASS,Management Accountant,QuantumLoopAI,"London, England, GB",,MISSING,,"Thu, 14 May 2026 16:10:40 UTC",,Full-time,,Accounting/Auditing,Admin/Service – Office Support,OUT_OF_SCOPE,no admin/service title classification match,ADDITIONAL,,,0.459,workable-EFC20C7D9B,https://apply.workable.com/j/EFC20C7D9B,https://apply.workable.com/j/EFC20C7D9B,,Workable XML job feed
HARD_PASS,Marketing Assistant/ Videographer,QuantumLoopAI,"London, England, GB",,MISSING,,"Mon, 30 Mar 2026 21:35:05 UTC",,Full-time,,Marketing,Admin/Service – Office Support,OUT_OF_SCOPE,no admin/service title classification match,ADDITIONAL,,,0.446,workable-B53A3C419E,https://apply.workable.com/j/B53A3C419E,https://apply.workable.com/j/B53A3C419E,,Workable XML job feed
HARD_PASS,Qualified NHS GP/Doctor - Business Development Representative,QuantumLoopAI,"London, GB",,MISSING,,"Tue, 30 Jun 2026 12:36:35 UTC",,Full-time,,Sales,Admin/Service – Office Support,HARD_PASS,hard pass title pattern: business development,ADDITIONAL,,,0.364,workable-2F9D258E95,https://apply.workable.com/j/2F9D258E95,https://apply.workable.com/j/2F9D258E95,,Workable XML job feed
HARD_PASS,Quality Assurance Engineer,QuantumLoopAI,"London, England, GB",,MISSING,,"Tue, 31 Mar 2026 12:39:38 UTC",,Full-time,,Quality Assurance,Admin/Service – Office Support,HARD_PASS,hard pass title pattern: engineer,ADDITIONAL,,,0.376,workable-59BCFD93BB,https://apply.workable.com/j/59BCFD93BB,https://apply.workable.com/j/59BCFD93BB,,Workable XML job feed
HARD_PASS,Sales Development Representative,QuantumLoopAI,"London, GB",,MISSING,,"Tue, 24 Mar 2026 16:03:35 UTC",,Full-time,,Sales,Admin/Service – Office Support,OUT_OF_SCOPE,no admin/service title classification match,ADDITIONAL,,,0.409,workable-D42A04FCCC,https://apply.workable.com/j/D42A04FCCC,https://apply.workable.com/j/D42A04FCCC,,Workable XML job feed
HARD_PASS,Technical Lead,QuantumLoopAI,"London, England, GB",,MISSING,,"Tue, 31 Mar 2026 12:39:41 UTC",,Full-time,,Engineering,Admin/Service – Office Support,OUT_OF_SCOPE,no admin/service title classification match,ADDITIONAL,,,0.474,workable-3805F869C9,https://apply.workable.com/j/3805F869C9,https://apply.workable.com/j/3805F869C9,,Workable XML job feed
HARD_PASS,Digital Marketing Executive,Queensmith,"London, England, GB","£35,000–£40,000",USABLE_REVIEW,"ge of graphic design software like Adobe Photoshop, Illustrator or Canva is a plus Salary £35,000 to £40,000 (dependent on experience) Up to 8% annual performance bonus Benefits Hybrid working; 3 day","Mon, 13 Jul 2026 13:33:48 UTC",,Full-time,,Marketing,Admin/Service – Office Support,OUT_OF_SCOPE,no admin/service title classification match,ADDITIONAL,,,0.434,workable-27A52FB865,https://apply.workable.com/j/27A52FB865,https://apply.workable.com/j/27A52FB865,,Workable XML job feed
HARD_PASS,Fine Jewellery - Concierge,Queensmith,"London, England, GB",,MISSING,,"Fri, 24 Apr 2026 12:37:42 UTC",,Full-time,,Customer Service,Admin/Service – Office Support,OUT_OF_SCOPE,no admin/service title classification match,ADDITIONAL,,,0.403,workable-1BDCE52D97,https://apply.workable.com/j/1BDCE52D97,https://apply.workable.com/j/1BDCE52D97,,Workable XML job feed
HARD_PASS,Jewellery Production Assistant,Queensmith,"London, England, GB",,MISSING,,"Thu, 20 Aug 2026 08:09:58 UTC",,Full-time,,Manufacturing,Admin/Service – Office Support,HARD_PASS,hard pass title pattern: production,ADDITIONAL,,,0.451,workable-AEC0229539,https://apply.workable.com/j/AEC0229539,https://apply.workable.com/j/AEC0229539,,Workable XML job feed
HARD_PASS,Sales Consultant - London,Queensmith,"London, England, GB","£20,000",USABLE_REVIEW,"s Generous sales commissions and company bonus scheme (realistic target earnings of up to £20,000 per year on top of base salary) Clear progression pathways across departments Generous pen","Mon, 17 Aug 2026 12:41:19 UTC",,Full-time,,Sales,Admin/Service – Office Support,HARD_PASS,hard pass title pattern: sales consultant,ADDITIONAL,,,0.395,workable-CBF0E49C00,https://apply.workable.com/j/CBF0E49C00,https://apply.workable.com/j/CBF0E49C00,,Workable XML job feed
HARD_PASS,Quantitative Developer - Graduate,Queueco,"London, England, GB",,MISSING,,"Fri, 01 May 2026 15:59:10 UTC",,Full-time,,,Admin/Service – Office Support,OUT_OF_SCOPE,no admin/service title classification match,ADDITIONAL,,,0.456,workable-4E1AB7A939,https://apply.workable.com/j/4E1AB7A939,https://apply.workable.com/j/4E1AB7A939,,Workable XML job feed
HARD_PASS,Experienced Analyst (Enterprise/Digital Transformation),Quick Release,"London, England, GB","£45,000–£60,000",USABLE_REVIEW,"laborative and adaptable - thrives in fast-paced, cross-functional environments. Benefits £45,000–£60,000 starting salary dependant on experience, plus performance-based rewards and benefits. A su","Mon, 01 Jun 2026 11:06:25 UTC",,Full-time,,,Admin/Service – Office Support,OUT_OF_SCOPE,no admin/service title classification match,ADDITIONAL,,,0.448,workable-84B6C5FC0E,https://apply.workable.com/j/84B6C5FC0E,https://apply.workable.com/j/84B6C5FC0E,,Workable XML job feed
HARD_PASS,Junior Recruiter at ALTEN,Quick Release,"London, England, GB",,MISSING,,"Tue, 11 Aug 2026 08:28:03 UTC",,Full-time,,General Business,Admin/Service – Office Support,OUT_OF_SCOPE,no admin/service title classification match,ADDITIONAL,,,0.445,workable-259CEA9454,https://apply.workable.com/j/259CEA9454,https://apply.workable.com/j/259CEA9454,,Workable XML job feed
HARD_PASS,Management Consultant - Associate Level,Quick Release,"London, England, GB","£40,000–£50,000",USABLE_REVIEW,"and interesting projects ranging from small EV startups to huge global brands. Salary of £40,000-£50,000 and bonus An extensive package of other benefits. A highly motivated, diverse, talented an","Tue, 14 Jul 2026 07:28:21 UTC",,Full-time,,,Admin/Service – Office Support,OUT_OF_SCOPE,no admin/service title classification match,ADDITIONAL,,,0.429,workable-9A930237CE,https://apply.workable.com/j/9A930237CE,https://apply.workable.com/j/9A930237CE,,Workable XML job feed
HARD_PASS,Management Consultant - Senior And Lead Level,Quick Release,"London, England, GB","£58,045",USABLE_REVIEW,"fference and drive change for people and planet. Benefits Base salary between £51,660 and £58,045 with a 10% bonus for Consultant level. Base salary between £70,960 and £79,731 with a 12%","Tue, 14 Jul 2026 07:28:45 UTC",,Full-time,,,Admin/Service – Office Support,HARD_PASS,hard pass title pattern: senior,ADDITIONAL,,,0.440,workable-400B71E7ED,https://apply.workable.com/j/400B71E7ED,https://apply.workable.com/j/400B71E7ED,,Workable XML job feed
HARD_PASS,Trainee Financial Adviser - London,Quilter Academy,"London, England, GB",,MISSING,,"Wed, 22 Oct 2025 11:45:17 UTC",,Full-time,Remote,Finance,Admin/Service – Office Support,OUT_OF_SCOPE,no admin/service title classification match,ADDITIONAL,,,0.411,workable-DC7DB1A73D,https://apply.workable.com/j/DC7DB1A73D,https://apply.workable.com/j/DC7DB1A73D,,Workable XML job feed
HARD_PASS,Employed Financial Adviser - Contact Shelley Barrett,Quilter Financial Planning,"London, England and Wales, GB",,MISSING,,"Wed, 13 May 2026 11:56:14 UTC",,Other,,,Admin/Service – Office Support,OUT_OF_SCOPE,no admin/service title classification match,ADDITIONAL,,,0.411,workable-37B693DEE0,https://apply.workable.com/j/37B693DEE0,https://apply.workable.com/j/37B693DEE0,,Workable XML job feed
HARD_PASS,Senior Machine Learning Engineer,Qureight Ltd,"London, England, GB",,MISSING,,"Thu, 30 Jul 2026 13:58:30 UTC",,Full-time,,,Admin/Service – Office Support,HARD_PASS,"hard pass title pattern: engineer, senior",ADDITIONAL,,,0.438,workable-E447DAD919,https://apply.workable.com/j/E447DAD919,https://apply.workable.com/j/E447DAD919,,Workable XML job feed
HARD_PASS,Senior Machine Learning Scientist,Qureight Ltd,"London, England, GB",,MISSING,,"Thu, 30 Jul 2026 13:17:04 UTC",,Full-time,,,Admin/Service – Office Support,HARD_PASS,hard pass title pattern: senior,ADDITIONAL,,,0.476,workable-49DFF42DF5,https://apply.workable.com/j/49DFF42DF5,https://apply.workable.com/j/49DFF42DF5,,Workable XML job feed
HARD_PASS,Finance Manager,R.A.D,"London, England, GB",,MISSING,,"Fri, 31 Jul 2026 15:13:50 UTC",,Full-time,,Finance,Admin/Service – Office Support,HARD_PASS,hard pass title pattern: manager,ADDITIONAL,,,0.457,workable-74E92DA836,https://apply.workable.com/j/74E92DA836,https://apply.workable.com/j/74E92DA836,,Workable XML job feed
HARD_PASS,Reporting Project Manager,Radley Yeldar,"London, England, GB",,MISSING,,"Tue, 23 Jun 2026 15:04:53 UTC",,Full-time,,Project Management,Admin/Service – Office Support,HARD_PASS,hard pass title pattern: manager,ADDITIONAL,,,0.409,workable-FD096F6B71,https://apply.workable.com/j/FD096F6B71,https://apply.workable.com/j/FD096F6B71,,Workable XML job feed
HARD_PASS,Resource Manager (fixed-term contract),Radley Yeldar,"London, England, GB",,MISSING,,"Fri, 07 Aug 2026 08:42:55 UTC",,Contract,,Project Management,Admin/Service – Office Support,HARD_PASS,hard pass title pattern: manager,ADDITIONAL,,,0.422,workable-9C2C298894,https://apply.workable.com/j/9C2C298894,https://apply.workable.com/j/9C2C298894,,Workable XML job feed
HARD_PASS,Senior Designer,Radley Yeldar,"London, England, GB",,MISSING,,"Thu, 04 Jun 2026 10:03:07 UTC",,Full-time,,,Admin/Service – Office Support,HARD_PASS,hard pass title pattern: senior,ADDITIONAL,,,0.450,workable-9B885E92EA,https://apply.workable.com/j/9B885E92EA,https://apply.workable.com/j/9B885E92EA,,Workable XML job feed
HARD_PASS,Senior Sustainability Strategist,Radley Yeldar,"London, England, GB",,MISSING,,"Fri, 31 Jul 2026 09:01:05 UTC",,Full-time,,Consulting,Admin/Service – Office Support,HARD_PASS,hard pass title pattern: senior,ADDITIONAL,,,0.470,workable-0775AA8795,https://apply.workable.com/j/0775AA8795,https://apply.workable.com/j/0775AA8795,,Workable XML job feed
HARD_PASS,Change Manager - 12m FTC,Rail Delivery Group,"London, England, GB","£52,012–£69,366",USABLE_REVIEW,"Closing date: 1 September 2026 Salary Scale: £52,012 to £69,366 per annum As the industry transitions to Great British Railways (GBR), bringing track and","Mon, 17 Aug 2026 07:49:58 UTC",,Full-time,,Management,Admin/Service – Office Support,HARD_PASS,hard pass title pattern: manager,ADDITIONAL,,,0.445,workable-64B2F4E581,https://apply.workable.com/j/64B2F4E581,https://apply.workable.com/j/64B2F4E581,,Workable XML job feed
HARD_PASS,Data Engineering Lead,Rail Delivery Group,"London, England, GB",,MISSING,,"Thu, 07 May 2026 08:26:04 UTC",,,,,Admin/Service – Office Support,HARD_PASS,hard pass title pattern: engineer,ADDITIONAL,,,0.448,workable-9E0F17F932,https://apply.workable.com/j/9E0F17F932,https://apply.workable.com/j/9E0F17F932,,Workable XML job feed
HARD_PASS,Digital Product Manager - 12M FTC,Rail Delivery Group,"London, England, GB","£42,796–£57,054",USABLE_REVIEW,"Closing Date for Applications 21 August 2026 Salary Range £42,796 - £57,054 What is the purpose of this job? This role will own the accessible digital experience and","Wed, 15 Jul 2026 10:19:36 UTC",,Full-time,,,Admin/Service – Office Support,HARD_PASS,hard pass title pattern: manager,ADDITIONAL,,,0.495,workable-8F8101CCF1,https://apply.workable.com/j/8F8101CCF1,https://apply.workable.com/j/8F8101CCF1,,Workable XML job feed
HARD_PASS,Insights Manager,Rail Delivery Group,"London, England, GB","£44,389–£58,709",USABLE_REVIEW,"Closing date: 28 August 2026 Salary scale: £44,389 – £58,709 per annum Help Shape the Future of Britain's Railway Rail Delivery Group (RDG) partners wi","Wed, 12 Aug 2026 09:58:39 UTC",,Full-time,,,Admin/Service – Office Support,HARD_PASS,hard pass title pattern: manager,ADDITIONAL,,,0.500,workable-CF7FA60AD6,https://apply.workable.com/j/CF7FA60AD6,https://apply.workable.com/j/CF7FA60AD6,,Workable XML job feed
HARD_PASS,Partnership Settlement Assistant,Rail Delivery Group,"London, England, GB","£28,000–£30,000",USABLE_REVIEW,"Closing date: 21 August 2026 Salary scale: £28,000 - £30,000 per annum Help Shape the Future of Britain's Railway Rail Delivery Group (RDG) partners wi","Fri, 07 Aug 2026 15:02:17 UTC",,Full-time,,Finance,Admin/Service – Office Support,OUT_OF_SCOPE,no admin/service title classification match,ADDITIONAL,,,0.470,workable-87C18E7C06,https://apply.workable.com/j/87C18E7C06,https://apply.workable.com/j/87C18E7C06,,Workable XML job feed
HARD_PASS,People Partner - 6m FTC,Rail Delivery Group,"London, England, GB","£51,000",USABLE_REVIEW,"Salary scale: £51,000 per annum Closing date: 26 August 2026 What is the purpose of this job? You will work clos","Mon, 27 Jul 2026 14:56:12 UTC",,Full-time,,Human Resources,Admin/Service – Office Support,OUT_OF_SCOPE,no admin/service title classification match,ADDITIONAL,,,0.414,workable-E6E6560A5C,https://apply.workable.com/j/E6E6560A5C,https://apply.workable.com/j/E6E6560A5C,,Workable XML job feed
HARD_PASS,Portfolio Assurance Manager - 18 Month FTC,Rail Delivery Group,"London, England, GB","£57,042",USABLE_REVIEW,"Salary : Up to £57,042 Help Shape the Future of Britain's Railway Rail Delivery Group (RDG) partners with Britain","Thu, 13 Aug 2026 15:50:27 UTC",,Full-time,,Project Management,Admin/Service – Office Support,HARD_PASS,hard pass title pattern: manager,ADDITIONAL,,,0.410,workable-FD65B1D64E,https://apply.workable.com/j/FD65B1D64E,https://apply.workable.com/j/FD65B1D64E,,Workable XML job feed
HARD_PASS,PR Executive - 12M FTC,Rail Delivery Group,"London, England, GB","£33,652–£40,000",USABLE_REVIEW,"Closing Date for Applications 20th August 2026 Salary Range £33,652 - £40,000 What is the purpose of this job? We're looking for a creative, proactive and organised PR","Thu, 06 Aug 2026 07:21:43 UTC",,Full-time,,,Admin/Service – Office Support,OUT_OF_SCOPE,no admin/service title classification match,ADDITIONAL,,,0.448,workable-C850A6B601,https://apply.workable.com/j/C850A6B601,https://apply.workable.com/j/C850A6B601,,Workable XML job feed
HARD_PASS,Solution Architect (EMV),Rail Delivery Group,"London, England, GB","£80,077",USABLE_REVIEW,"Closing date: 5 September 2026 Salary scale: £59031 - £80,077 per annum Help Shape the Future of Britain's Railway Rail Delivery Group (RDG) partners wi","Thu, 13 Aug 2026 12:07:01 UTC",,Full-time,,Research,Admin/Service – Office Support,OUT_OF_SCOPE,no admin/service title classification match,ADDITIONAL,,,0.429,workable-2033C77934,https://apply.workable.com/j/2033C77934,https://apply.workable.com/j/2033C77934,,Workable XML job feed
HARD_PASS,Join our talent pool in London,Rainmaking,"London, England, GB",,MISSING,,"Wed, 20 Aug 2025 16:20:37 UTC",,,,,Admin/Service – Office Support,OUT_OF_SCOPE,no admin/service title classification match,ADDITIONAL,,,0.365,workable-F0AEEB2CD6,https://apply.workable.com/j/F0AEEB2CD6,https://apply.workable.com/j/F0AEEB2CD6,,Workable XML job feed
HARD_PASS,Staff Software Engineer,Raydar,"London, England, GB","£150,000–£250,000",USABLE_REVIEW,"le. • The team operates with a high-intensity, office-centric startup culture. Benefits • £150,000 to £250,000 base salary. • Competitive and meaningful equity. • Staff-level scope with substantial inf","Fri, 07 Aug 2026 20:47:16 UTC",,Full-time,,Engineering,Admin/Service – Office Support,HARD_PASS,hard pass title pattern: engineer,ADDITIONAL,,,0.371,workable-123243A7E7,https://apply.workable.com/j/123243A7E7,https://apply.workable.com/j/123243A7E7,,Workable XML job feed
HARD_PASS,Midweight Graphic Designer,re:act marketing ltd,"London, England, GB",,MISSING,,"Mon, 08 Jun 2026 13:18:42 UTC",,Full-time,,Design,Admin/Service – Office Support,OUT_OF_SCOPE,no admin/service title classification match,ADDITIONAL,,,0.430,workable-3767A141D7,https://apply.workable.com/j/3767A141D7,https://apply.workable.com/j/3767A141D7,,Workable XML job feed
HARD_PASS,Social Media Executive,re:act marketing ltd,"London, England, GB",,MISSING,,"Tue, 18 Aug 2026 13:04:04 UTC",,Full-time,,Advertising,Admin/Service – Office Support,OUT_OF_SCOPE,no admin/service title classification match,ADDITIONAL,,,0.531,workable-8811349A88,https://apply.workable.com/j/8811349A88,https://apply.workable.com/j/8811349A88,,Workable XML job feed
HARD_PASS,Fundraising Manager,READ Foundation,"London & South, England, GB","£37,500",USABLE_REVIEW,"Job Description & Person Specification Fundraising Manager Salary : £37,500 per annum Contract : Permanent Hours : Full-time, 40 hours per week Location : 3 locations","Fri, 24 Apr 2026 11:46:24 UTC",,Full-time,Remote,,Admin/Service – Office Support,HARD_PASS,hard pass title pattern: manager,ADDITIONAL,,,0.460,workable-5D626AB8F9,https://apply.workable.com/j/5D626AB8F9,https://apply.workable.com/j/5D626AB8F9,,Workable XML job feed
HARD_PASS,Fundraising Officer,READ Foundation,"London & South, England, GB","£29,000",USABLE_REVIEW,"Job Description & Person Specification Fundraising Officer Salary : £29,000 per annum Contract : Permanent Hours : Full-time, 40 hours per week Location : 3 locations","Fri, 24 Apr 2026 11:46:32 UTC",,Full-time,Remote,,Admin/Service – Office Support,OUT_OF_SCOPE,no admin/service title classification match,ADDITIONAL,,,0.583,workable-0A281A464F,https://apply.workable.com/j/0A281A464F,https://apply.workable.com/j/0A281A464F,,Workable XML job feed
HARD_PASS,Member of Technical Staff - UK Talent Pool,Reasonable AI,"London, England, GB",,MISSING,,"Tue, 14 Apr 2026 19:24:01 UTC",,Full-time,,Engineering,Admin/Service – Office Support,OUT_OF_SCOPE,no admin/service title classification match,ADDITIONAL,,,0.403,workable-D0E69D848F,https://apply.workable.com/j/D0E69D848F,https://apply.workable.com/j/D0E69D848F,,Workable XML job feed
HARD_PASS,Account Executive - EMEA,Recurly,"London, GB",,MISSING,,"Thu, 02 Jul 2026 18:12:39 UTC",,Full-time,,Sales,Admin/Service – Office Support,OUT_OF_SCOPE,no admin/service title classification match,ADDITIONAL,,,0.451,workable-54AD90B9CB,https://apply.workable.com/j/54AD90B9CB,https://apply.workable.com/j/54AD90B9CB,,Workable XML job feed
HARD_PASS,Global Marketing Manager,Recurly,"London, GB",,MISSING,,"Wed, 01 Jul 2026 21:05:29 UTC",,Full-time,,Marketing,Admin/Service – Office Support,HARD_PASS,hard pass title pattern: manager,ADDITIONAL,,,0.466,workable-AC1675D826,https://apply.workable.com/j/AC1675D826,https://apply.workable.com/j/AC1675D826,,Workable XML job feed
HARD_PASS,"Owner Operator / General Manager - Food Business (London, UK)",REEF,"London, England, GB",,MISSING,,"Mon, 30 Jun 2025 21:28:14 UTC",,Contract,,Management,Admin/Service – Office Support,HARD_PASS,"hard pass title pattern: general manager, manager",ADDITIONAL,,,0.502,workable-57FEE775A9,https://apply.workable.com/j/57FEE775A9,https://apply.workable.com/j/57FEE775A9,,Workable XML job feed
HARD_PASS,Compliance & Testing Engineer,Reeve,"London, England, GB","£32,000–£38,000",USABLE_REVIEW,"nerous stock option scheme (ask us what this means if you’re not sure) Starting salary of £32,000 - £38,000 28 days holiday a year plus Bank Holidays Monthly performance rewards Full funding for tra","Mon, 03 Aug 2026 09:40:18 UTC",,Full-time,,Other,Admin/Service – Office Support,HARD_PASS,"hard pass title pattern: engineer, compliance",ADDITIONAL,,,0.497,workable-5FC6C19437,https://apply.workable.com/j/5FC6C19437,https://apply.workable.com/j/5FC6C19437,,Workable XML job feed
HARD_PASS,Fabric Technician,Reeve,"London, England, GB","£46,000",USABLE_REVIEW,"ock option scheme (ask us what this means if you’re not sure) Starting salary of £36500 - £46,000 28 days holiday a year plus Bank Holidays Monthly performance rewards Full funding for tra","Mon, 03 Aug 2026 09:47:53 UTC",,Full-time,,Other,Admin/Service – Office Support,HARD_PASS,hard pass title pattern: technician,ADDITIONAL,,,0.483,workable-7F8A2DB496,https://apply.workable.com/j/7F8A2DB496,https://apply.workable.com/j/7F8A2DB496,,Workable XML job feed
HARD_PASS,Multi-skilled Engineer (Electrical Bias),Reeve,"London, England, GB","£42,000–£48,000",USABLE_REVIEW,"nerous stock option scheme (ask us what this means if you’re not sure) Starting salary of £42,000 - £48,000 28 days holiday a year plus Bank Holidays Monthly performance rewards Full funding for tra","Mon, 03 Aug 2026 09:00:52 UTC",,Full-time,,Other,Admin/Service – Office Support,HARD_PASS,hard pass title pattern: engineer,ADDITIONAL,,,0.487,workable-F3D1FCF55A,https://apply.workable.com/j/F3D1FCF55A,https://apply.workable.com/j/F3D1FCF55A,,Workable XML job feed
HARD_PASS,Multi-skilled Engineer (Mechanical Bias),Reeve,"London, England, GB","£42,000–£48,000",USABLE_REVIEW,"nerous stock option scheme (ask us what this means if you’re not sure) Starting salary of £42,000 - £48,000 28 days holiday a year plus Bank Holidays Monthly performance rewards Full funding for tra","Mon, 03 Aug 2026 09:17:20 UTC",,Full-time,,Other,Admin/Service – Office Support,HARD_PASS,"hard pass title pattern: engineer, mechanic",ADDITIONAL,,,0.483,workable-2838E60F0C,https://apply.workable.com/j/2838E60F0C,https://apply.workable.com/j/2838E60F0C,,Workable XML job feed
HARD_PASS,Business and Science Graduate Scheme,Rentokil Initial Group,"Islington, Greater London, GB","£35,000",USABLE_REVIEW,"Start with a basic salary of £27,788 per annum plus £3k London Weighting. Expected OTE : £35,000 per annum, with bonus and commission schemes available. Benefits: Company vehicle, fuel ca","Thu, 06 Aug 2026 09:05:05 UTC",,Full-time,,,Admin/Service – Office Support,OUT_OF_SCOPE,no admin/service title classification match,ADDITIONAL,,,0.410,workable-52D750EE1C,https://apply.workable.com/j/52D750EE1C,https://apply.workable.com/j/52D750EE1C,,Workable XML job feed
HARD_PASS,Business and Science Graduate Scheme,Rentokil Initial Group,"Hackney, Greater London, GB","£35,000",USABLE_REVIEW,"Start with a basic salary of £27,788 per annum plus £3k London Weighting. Expected OTE : £35,000 per annum, with bonus and commission schemes available. Benefits: Company vehicle, fuel ca","Thu, 06 Aug 2026 09:05:06 UTC",,Full-time,,,Admin/Service – Office Support,OUT_OF_SCOPE,no admin/service title classification match,ADDITIONAL,,,0.412,workable-52D750EE1C,https://apply.workable.com/j/52D750EE1C,https://apply.workable.com/j/52D750EE1C,,Workable XML job feed
HARD_PASS,Business and Science Graduate Scheme,Rentokil Initial Group,"Barking, London Borough of Barking and Dagenham, GB","£27,788",USABLE_REVIEW,"job for you! Why Join Rentokil? Competitive Salary Package: Start with a basic salary of £27,788 per annum with £3000 London weighting. Expected OTE: £ 32,566 per annum, with bonus and co","Tue, 11 Aug 2026 09:13:20 UTC",,Full-time,,,Admin/Service – Office Support,OUT_OF_SCOPE,no admin/service title classification match,ADDITIONAL,,,0.395,workable-D9CB35FB7A,https://apply.workable.com/j/D9CB35FB7A,https://apply.workable.com/j/D9CB35FB7A,,Workable XML job feed
HARD_PASS,Business and Science Graduate Scheme,Rentokil Initial Group,"Dagenham, London Borough of Barking and Dagenham, GB","£27,788",USABLE_REVIEW,"job for you! Why Join Rentokil? Competitive Salary Package: Start with a basic salary of £27,788 per annum with £3000 London weighting. Expected OTE: £ 32,566 per annum, with bonus and co","Tue, 11 Aug 2026 09:13:21 UTC",,Full-time,,,Admin/Service – Office Support,OUT_OF_SCOPE,no admin/service title classification match,ADDITIONAL,,,0.395,workable-D9CB35FB7A,https://apply.workable.com/j/D9CB35FB7A,https://apply.workable.com/j/D9CB35FB7A,,Workable XML job feed
HARD_PASS,Business and Science Graduate Scheme,Rentokil Initial Group,"Tower Hamlets, London Borough of Tower Hamlets, GB","£27,788",USABLE_REVIEW,"job for you! Why Join Rentokil? Competitive Salary Package: Start with a basic salary of £27,788 per annum with £3000 London weighting. Expected OTE: £ 32,566 per annum, with bonus and co","Tue, 11 Aug 2026 09:13:21 UTC",,Full-time,,,Admin/Service – Office Support,OUT_OF_SCOPE,no admin/service title classification match,ADDITIONAL,,,0.396,workable-D9CB35FB7A,https://apply.workable.com/j/D9CB35FB7A,https://apply.workable.com/j/D9CB35FB7A,,Workable XML job feed
HARD_PASS,Business and Science Graduate Scheme,Rentokil Initial Group,"Newham, London Borough of Newham, GB","£27,788",USABLE_REVIEW,"job for you! Why Join Rentokil? Competitive Salary Package: Start with a basic salary of £27,788 per annum with £3000 London weighting. Expected OTE: £ 32,566 per annum, with bonus and co","Tue, 11 Aug 2026 09:13:22 UTC",,Full-time,,,Admin/Service – Office Support,OUT_OF_SCOPE,no admin/service title classification match,ADDITIONAL,,,0.404,workable-D9CB35FB7A,https://apply.workable.com/j/D9CB35FB7A,https://apply.workable.com/j/D9CB35FB7A,,Workable XML job feed
HARD_PASS,Business and Science Graduate Scheme,Rentokil Initial Group,"Waltham Forest, London Borough of Waltham Forest, GB","£27,788",USABLE_REVIEW,"job for you! Why Join Rentokil? Competitive Salary Package: Start with a basic salary of £27,788 per annum with £3000 London weighting. Expected OTE: £ 32,566 per annum, with bonus and co","Tue, 11 Aug 2026 09:13:22 UTC",,Full-time,,,Admin/Service – Office Support,OUT_OF_SCOPE,no admin/service title classification match,ADDITIONAL,,,0.395,workable-D9CB35FB7A,https://apply.workable.com/j/D9CB35FB7A,https://apply.workable.com/j/D9CB35FB7A,,Workable XML job feed
HARD_PASS,Business and Science Graduate Scheme,Rentokil Initial Group,"Park Royal, London, GB","£27,788",USABLE_REVIEW,"job for you! Why Join Rentokil? Competitive Salary Package: Start with a basic salary of £27,788 per annum with £3,000 London weighting allowance. Expected OTE: £32,566 per annum, with bo","Wed, 19 Aug 2026 10:54:58 UTC",,Full-time,,,Admin/Service – Office Support,OUT_OF_SCOPE,no admin/service title classification match,ADDITIONAL,,,0.420,workable-45AA7E37C6,https://apply.workable.com/j/45AA7E37C6,https://apply.workable.com/j/45AA7E37C6,,Workable XML job feed
HARD_PASS,Business and Science Graduate Scheme - Footrole,Rentokil Initial Group,"Oxford Street London, England, GB","£27,788",USABLE_REVIEW,"job for you! Why Join Rentokil? Competitive Salary Package : Start with a basic salary of £27,788 per annum plus £4000 per annum South East allowance. Expected OTE : £42,000 per annum, wit","Thu, 06 Aug 2026 15:00:37 UTC",,Full-time,,,Admin/Service – Office Support,OUT_OF_SCOPE,no admin/service title classification match,ADDITIONAL,,,0.408,workable-1F2AA7AEF5,https://apply.workable.com/j/1F2AA7AEF5,https://apply.workable.com/j/1F2AA7AEF5,,Workable XML job feed
HARD_PASS,Field Sales Consultant,Rentokil Initial Group,"Tottenham, London, GB","£27,228",USABLE_REVIEW,"you! Why join Rentokil Initial? Competitive Salary Package: Start with a basic salary of £27,228 per annum, plus £1k London Weighting. Expected OTE: £33-35k per annum, with bonus and comm","Fri, 07 Aug 2026 12:06:00 UTC",,,,,Admin/Service – Office Support,HARD_PASS,"hard pass title pattern: field sales, sales consultant",ADDITIONAL,,,0.437,workable-45A9178F65,https://apply.workable.com/j/45A9178F65,https://apply.workable.com/j/45A9178F65,,Workable XML job feed
HARD_PASS,Field Sales Consultant,Rentokil Initial Group,"Hackney, Greater London, GB","£27,228",USABLE_REVIEW,"you! Why join Rentokil Initial? Competitive Salary Package: Start with a basic salary of £27,228 per annum, plus £1k London Weighting. Expected OTE: £33-35k per annum, with bonus and comm","Fri, 07 Aug 2026 12:06:01 UTC",,,,,Admin/Service – Office Support,HARD_PASS,"hard pass title pattern: field sales, sales consultant",ADDITIONAL,,,0.428,workable-45A9178F65,https://apply.workable.com/j/45A9178F65,https://apply.workable.com/j/45A9178F65,,Workable XML job feed
HARD_PASS,Field Sales Consultant,Rentokil Initial Group,"Walthamstow, Greater London, GB","£27,228",USABLE_REVIEW,"you! Why join Rentokil Initial? Competitive Salary Package: Start with a basic salary of £27,228 per annum, plus £1k London Weighting. Expected OTE: £33-35k per annum, with bonus and comm","Fri, 07 Aug 2026 12:06:01 UTC",,,,,Admin/Service – Office Support,HARD_PASS,"hard pass title pattern: field sales, sales consultant",ADDITIONAL,,,0.424,workable-45A9178F65,https://apply.workable.com/j/45A9178F65,https://apply.workable.com/j/45A9178F65,,Workable XML job feed
HARD_PASS,Graduate Sales and Management Programme,Rentokil Initial Group,"Woodford, London, GB","£25,067",USABLE_REVIEW,"pany. Why Join Rentokil Initial? Competitive Salary Package: Start with a basic salary of £25,067 per annum. Expected OTE: £27,300 per annum, with bonus and commission schemes available. B","Tue, 11 Aug 2026 13:40:46 UTC",,,,,Admin/Service – Office Support,OUT_OF_SCOPE,no admin/service title classification match,ADDITIONAL,,,0.416,workable-FB73F51845,https://apply.workable.com/j/FB73F51845,https://apply.workable.com/j/FB73F51845,,Workable XML job feed
HARD_PASS,Pest Control Surveyor,Rentokil Initial Group,"Sydenham, London, GB","£40,000",USABLE_REVIEW,"sic salary of £ 27,057 per annum, with a £1,000 London Weighting Allowance. Expected OTE: £40,000 per annum, with bonus and commission schemes available Benefits: Company vehicle, fuel car","Thu, 30 Jul 2026 08:41:32 UTC",,Full-time,,Sales,Admin/Service – Office Support,OUT_OF_SCOPE,no admin/service title classification match,ADDITIONAL,,,0.483,workable-DE31A520F0,https://apply.workable.com/j/DE31A520F0,https://apply.workable.com/j/DE31A520F0,,Workable XML job feed
HARD_PASS,Pest Control Surveyor,Rentokil Initial Group,"Eltham, London, GB","£40,000",USABLE_REVIEW,"sic salary of £ 27,057 per annum, with a £1,000 London Weighting Allowance. Expected OTE: £40,000 per annum, with bonus and commission schemes available Benefits: Company vehicle, fuel car","Thu, 30 Jul 2026 08:41:33 UTC",,Full-time,,Sales,Admin/Service – Office Support,OUT_OF_SCOPE,no admin/service title classification match,ADDITIONAL,,,0.487,workable-DE31A520F0,https://apply.workable.com/j/DE31A520F0,https://apply.workable.com/j/DE31A520F0,,Workable XML job feed
HARD_PASS,Pest Control Surveyor,Rentokil Initial Group,"Catford, London, GB","£40,000",USABLE_REVIEW,"sic salary of £ 27,057 per annum, with a £1,000 London Weighting Allowance. Expected OTE: £40,000 per annum, with bonus and commission schemes available Benefits: Company vehicle, fuel car","Thu, 30 Jul 2026 08:41:34 UTC",,Full-time,,Sales,Admin/Service – Office Support,OUT_OF_SCOPE,no admin/service title classification match,ADDITIONAL,,,0.485,workable-DE31A520F0,https://apply.workable.com/j/DE31A520F0,https://apply.workable.com/j/DE31A520F0,,Workable XML job feed
HARD_PASS,Pest Control Surveyor,Rentokil Initial Group,"Lewisham, London Borough of Lewisham, GB","£40,000",USABLE_REVIEW,"sic salary of £ 27,057 per annum, with a £1,000 London Weighting Allowance. Expected OTE: £40,000 per annum, with bonus and commission schemes available Benefits: Company vehicle, fuel car","Thu, 30 Jul 2026 08:41:34 UTC",,Full-time,,Sales,Admin/Service – Office Support,OUT_OF_SCOPE,no admin/service title classification match,ADDITIONAL,,,0.460,workable-DE31A520F0,https://apply.workable.com/j/DE31A520F0,https://apply.workable.com/j/DE31A520F0,,Workable XML job feed
HARD_PASS,Pest Control Technician - Footrole,Rentokil Initial Group,"Oxford Street London, England, GB","£42,000",USABLE_REVIEW,"a basic salary of £27,788 per annum plus £4000 per annum London weighting. Expected OTE : £42,000 per annum, with bonus and commission schemes available. Benefits : Travel Allowance Zones","Thu, 06 Aug 2026 15:04:52 UTC",,Full-time,,,Admin/Service – Office Support,HARD_PASS,hard pass title pattern: technician,ADDITIONAL,,,0.425,workable-E23EBA61D5,https://apply.workable.com/j/E23EBA61D5,https://apply.workable.com/j/E23EBA61D5,,Workable XML job feed
HARD_PASS,Trainee Pest Control Technician,Rentokil Initial Group,"Park Royal, London, GB","£32,566",USABLE_REVIEW,"a basic salary of £27,788 per annum with £3000 London Weighting allowance. Expected OTE: £32,566 per annum, with bonus and commission schemes available. Benefits: Company vehicle, fuel ca","Wed, 19 Aug 2026 10:29:06 UTC",,Full-time,,,Admin/Service – Office Support,HARD_PASS,hard pass title pattern: technician,ADDITIONAL,,,0.443,workable-6901C3CB5D,https://apply.workable.com/j/6901C3CB5D,https://apply.workable.com/j/6901C3CB5D,,Workable XML job feed
HARD_PASS,Vending Engineer,Rentokil Initial Group,"Woodford, London, GB","£29,728",USABLE_REVIEW,"you! Why Join Rentokil Initial? Competitive Salary Package: Start with a basic salary of £29,728 per annum. Expected OTE: £31,728 per annum, with bonus and commission schemes available. B","Thu, 30 Jul 2026 15:34:07 UTC",,Full-time,,,Admin/Service – Office Support,HARD_PASS,hard pass title pattern: engineer,ADDITIONAL,,,0.425,workable-BCE122C4CE,https://apply.workable.com/j/BCE122C4CE,https://apply.workable.com/j/BCE122C4CE,,Workable XML job feed
HARD_PASS,UK Development Team Lead,Reset Health,"London, England, GB","£75,000",USABLE_REVIEW,"ing patient outcomes through software. Benefits What we offer Competitive salary of up to £75,000 per annum, depending on experience Opportunities to build skills and progress within a gro","Tue, 04 Aug 2026 19:23:13 UTC",,Full-time,,,Admin/Service – Office Support,OUT_OF_SCOPE,no admin/service title classification match,ADDITIONAL,,,0.459,workable-70F96BC048,https://apply.workable.com/j/70F96BC048,https://apply.workable.com/j/70F96BC048,,Workable XML job feed
HARD_PASS,UK QA Engineer,Reset Health,"London, England, GB","£40,000",USABLE_REVIEW,"would be helpful but is not essential. Benefits What we offer Competitive salary of up to £40,000 per annum, depending on experience Opportunities to build skills and progress within a gro","Thu, 06 Aug 2026 13:04:49 UTC",,Full-time,,,Admin/Service – Office Support,HARD_PASS,hard pass title pattern: engineer,ADDITIONAL,,,0.516,workable-0A8A1BA128,https://apply.workable.com/j/0A8A1BA128,https://apply.workable.com/j/0A8A1BA128,,Workable XML job feed
HARD_PASS,Financial Controller,Resident Advisor,"London, England, GB","£70,000–£80,000",USABLE_REVIEW,"and to work from the office three days per week. The annual salary range for this role is £70,000 to £80,000. If you have questions about the role, please contact work@ra.co . This listing will be o","Fri, 31 Jul 2026 11:05:21 UTC",,Full-time,,Finance,Admin/Service – Office Support,OUT_OF_SCOPE,no admin/service title classification match,ADDITIONAL,,,0.542,workable-BA5363A6A9,https://apply.workable.com/j/BA5363A6A9,https://apply.workable.com/j/BA5363A6A9,,Workable XML job feed
HARD_PASS,Global Music Curator,Resident Advisor,"London, England, GB",,MISSING,,"Fri, 14 Aug 2026 16:20:41 UTC",,Full-time,,Writing/Editing,Admin/Service – Office Support,OUT_OF_SCOPE,no admin/service title classification match,ADDITIONAL,,,0.459,workable-444F67561D,https://apply.workable.com/j/444F67561D,https://apply.workable.com/j/444F67561D,,Workable XML job feed
HARD_PASS,Client Executive (UK) Hybrid - Full Time,RetinAI Medical,"London, England, GB",,MISSING,,"Fri, 16 Jan 2026 09:41:17 UTC",,Full-time,Remote,Sales,Admin/Service – Office Support,OUT_OF_SCOPE,no admin/service title classification match,ADDITIONAL,,,0.401,workable-BB36330B80,https://apply.workable.com/j/BB36330B80,https://apply.workable.com/j/BB36330B80,,Workable XML job feed
HARD_PASS,Development & Asset Manager - FTC,Retirement Villages Group,"London, England, GB",,MISSING,,"Fri, 07 Aug 2026 22:32:02 UTC",,Contract,,,Admin/Service – Office Support,HARD_PASS,hard pass title pattern: manager,ADDITIONAL,,,0.452,workable-F51FAC5CE6,https://apply.workable.com/j/F51FAC5CE6,https://apply.workable.com/j/F51FAC5CE6,,Workable XML job feed
HARD_PASS,Procurement Manager,Retirement Villages Group,"London, England, GB",,MISSING,,"Fri, 07 Aug 2026 14:38:34 UTC",,Full-time,,Purchasing,Admin/Service – Office Support,HARD_PASS,hard pass title pattern: manager,ADDITIONAL,,,0.418,workable-D30A2C43D9,https://apply.workable.com/j/D30A2C43D9,https://apply.workable.com/j/D30A2C43D9,,Workable XML job feed
HARD_PASS,Business Development Manager - Pharma,Rightangled,"London, England, GB",,MISSING,,"Thu, 13 Aug 2026 13:04:01 UTC",,Full-time,,Health Care Provider,Admin/Service – Office Support,HARD_PASS,"hard pass title pattern: business development, manager",ADDITIONAL,,,0.446,workable-18885C13B1,https://apply.workable.com/j/18885C13B1,https://apply.workable.com/j/18885C13B1,,Workable XML job feed
HARD_PASS,Creative Content Producer & Videographer,Rightangled,"London, England, GB",,MISSING,,"Tue, 28 Jul 2026 04:25:06 UTC",,Full-time,,Marketing,Admin/Service – Office Support,OUT_OF_SCOPE,no admin/service title classification match,ADDITIONAL,,,0.415,workable-7F2DEAEB4B,https://apply.workable.com/j/7F2DEAEB4B,https://apply.workable.com/j/7F2DEAEB4B,,Workable XML job feed
HARD_PASS,Digital Marketing Manager,Rightangled,"London, England, GB",,MISSING,,"Tue, 28 Jul 2026 04:32:00 UTC",,Full-time,,Marketing,Admin/Service – Office Support,HARD_PASS,hard pass title pattern: manager,ADDITIONAL,,,0.475,workable-E5432EF964,https://apply.workable.com/j/E5432EF964,https://apply.workable.com/j/E5432EF964,,Workable XML job feed
HARD_PASS,Finance Manager,Rightangled,"London, England, GB",,MISSING,,"Thu, 13 Aug 2026 12:46:11 UTC",,Full-time,,Finance,Admin/Service – Office Support,HARD_PASS,hard pass title pattern: manager,ADDITIONAL,,,0.504,workable-F0797DA2F3,https://apply.workable.com/j/F0797DA2F3,https://apply.workable.com/j/F0797DA2F3,,Workable XML job feed
HARD_PASS,Partnership Exective,Rightangled,"London, England, GB",,MISSING,,"Thu, 13 Aug 2026 11:32:31 UTC",,Full-time,,Business Development,Admin/Service – Office Support,OUT_OF_SCOPE,no admin/service title classification match,ADDITIONAL,,,0.458,workable-338FA69BAD,https://apply.workable.com/j/338FA69BAD,https://apply.workable.com/j/338FA69BAD,,Workable XML job feed
HARD_PASS,Social Media Executive,Rightangled,"London, England, GB",,MISSING,,"Tue, 28 Jul 2026 04:29:56 UTC",,,,,Admin/Service – Office Support,OUT_OF_SCOPE,no admin/service title classification match,ADDITIONAL,,,0.478,workable-B678FCE0B2,https://apply.workable.com/j/B678FCE0B2,https://apply.workable.com/j/B678FCE0B2,,Workable XML job feed
HARD_PASS,Construction Delay Director,Rimkus,"London, England, GB",,MISSING,,"Wed, 15 Apr 2026 16:27:19 UTC",,,,,Admin/Service – Office Support,OUT_OF_SCOPE,no admin/service title classification match,ADDITIONAL,,,0.386,workable-43CF1B9DAF,https://apply.workable.com/j/43CF1B9DAF,https://apply.workable.com/j/43CF1B9DAF,,Workable XML job feed
HARD_PASS,Director Civil & Structural Engineering,Rimkus,"London, England, GB",,MISSING,,"Tue, 14 Apr 2026 13:57:11 UTC",,,,,Admin/Service – Office Support,HARD_PASS,hard pass title pattern: engineer,ADDITIONAL,,,0.399,workable-8087FF7190,https://apply.workable.com/j/8087FF7190,https://apply.workable.com/j/8087FF7190,,Workable XML job feed
HARD_PASS,Fire Engineering Director,Rimkus,"London, England, GB",,MISSING,,"Thu, 20 Aug 2026 11:02:06 UTC",,,,,Admin/Service – Office Support,HARD_PASS,hard pass title pattern: engineer,ADDITIONAL,,,0.385,workable-8598738224,https://apply.workable.com/j/8598738224,https://apply.workable.com/j/8598738224,,Workable XML job feed
HARD_PASS,Data Engineer,Ripjar,"London, England, GB",,MISSING,,"Tue, 24 Feb 2026 18:32:34 UTC",,Full-time,Remote,Engineering,Admin/Service – Office Support,HARD_PASS,hard pass title pattern: engineer,ADDITIONAL,,,0.451,workable-49A3854970,https://apply.workable.com/j/49A3854970,https://apply.workable.com/j/49A3854970,,Workable XML job feed
HARD_PASS,DevOps Engineer,Ripjar,"London, England, GB",,MISSING,,"Tue, 21 Apr 2026 18:48:00 UTC",,Full-time,Remote,Engineering,Admin/Service – Office Support,HARD_PASS,hard pass title pattern: engineer,ADDITIONAL,,,0.375,workable-F3990011C2,https://apply.workable.com/j/F3990011C2,https://apply.workable.com/j/F3990011C2,,Workable XML job feed
HARD_PASS,Revenue Operations Manager,Ripjar,"London, England, GB",,MISSING,,"Mon, 06 Jul 2026 11:18:45 UTC",,Full-time,,Sales,Admin/Service – Office Support,HARD_PASS,"hard pass title pattern: operations manager, manager",ADDITIONAL,,,0.424,workable-D3F83C893C,https://apply.workable.com/j/D3F83C893C,https://apply.workable.com/j/D3F83C893C,,Workable XML job feed
HARD_PASS,Senior Account & Channel Manager,Ripjar,"London, England, GB",,MISSING,,"Mon, 06 Jul 2026 12:50:17 UTC",,Full-time,,Sales,Admin/Service – Office Support,HARD_PASS,"hard pass title pattern: senior, manager",ADDITIONAL,,,0.373,workable-5BC0786A0A,https://apply.workable.com/j/5BC0786A0A,https://apply.workable.com/j/5BC0786A0A,,Workable XML job feed
HARD_PASS,Staff Engineer - Labyrinth Screening,Ripjar,"London, England, GB",,MISSING,,"Tue, 04 Aug 2026 08:44:54 UTC",,,Remote,Engineering,Admin/Service – Office Support,HARD_PASS,hard pass title pattern: engineer,ADDITIONAL,,,0.341,workable-590FC0749E,https://apply.workable.com/j/590FC0749E,https://apply.workable.com/j/590FC0749E,,Workable XML job feed
HARD_PASS,Senior Business Development Manager - London,Risco Group,"London, England, GB",,MISSING,,"Tue, 07 Jul 2026 14:11:49 UTC",,Full-time,,Business Development,Admin/Service – Office Support,HARD_PASS,"hard pass title pattern: business development, senior, manager",ADDITIONAL,,,0.527,workable-ED41C8C279,https://apply.workable.com/j/ED41C8C279,https://apply.workable.com/j/ED41C8C279,,Workable XML job feed
HARD_PASS,"Strategic Account Manager, EMEA",Rokt,"London, England, GB","£81,000–£96,500",USABLE_REVIEW,"get total compensation ranges from £105,000 - 158,000, including a fixed annual salary of £81,000 - 96,500, a short term incentive plan (STIP), an employee equity plan grant, and world-class benef","Tue, 18 Aug 2026 21:23:42 UTC",,Full-time,,,Admin/Service – Office Support,HARD_PASS,"hard pass title pattern: account manager, manager",ADDITIONAL,,,0.401,workable-8C792C8AC9,https://apply.workable.com/j/8C792C8AC9,https://apply.workable.com/j/8C792C8AC9,,Workable XML job feed
HARD_PASS,Exciting Promotional Jobs London,RPM Ltd,"London, England, GB",,MISSING,,"Tue, 01 Apr 2025 11:29:23 UTC",,Other,,,Admin/Service – Office Support,OUT_OF_SCOPE,no admin/service title classification match,ADDITIONAL,,,0.397,workable-8D202BC853,https://apply.workable.com/j/8D202BC853,https://apply.workable.com/j/8D202BC853,,Workable XML job feed
HARD_PASS,Engineering Manager,Runware,"London, England, GB",,MISSING,,"Tue, 11 Aug 2026 17:20:38 UTC",,Full-time,Remote,Engineering,Admin/Service – Office Support,HARD_PASS,"hard pass title pattern: engineer, manager",ADDITIONAL,,,0.440,workable-771442E40D,https://apply.workable.com/j/771442E40D,https://apply.workable.com/j/771442E40D,,Workable XML job feed
HARD_PASS,Hair Stylist / Hairdresser - London,RUSH Hair & Beauty,"London, England, GB",,MISSING,,"Wed, 01 May 2024 14:01:49 UTC",,Full-time,,,Admin/Service – Office Support,OUT_OF_SCOPE,no admin/service title classification match,ADDITIONAL,,,0.447,workable-86BA9858C2,https://apply.workable.com/j/86BA9858C2,https://apply.workable.com/j/86BA9858C2,,Workable XML job feed
HARD_PASS,Hairdresser / Hair Stylist - Balham,RUSH Hair & Beauty,"London, England, GB",,MISSING,,"Mon, 03 Aug 2026 09:25:50 UTC",,Part-time,,,Admin/Service – Office Support,OUT_OF_SCOPE,no admin/service title classification match,ADDITIONAL,,,0.447,workable-3E6214D972,https://apply.workable.com/j/3E6214D972,https://apply.workable.com/j/3E6214D972,,Workable XML job feed
HARD_PASS,Property Investment Sales Consultant,RWinvest,"London, England, GB",,MISSING,,"Mon, 10 Aug 2026 10:15:16 UTC",,Full-time,,Sales,Admin/Service – Office Support,HARD_PASS,hard pass title pattern: sales consultant,ADDITIONAL,,,0.477,workable-C84145423F,https://apply.workable.com/j/C84145423F,https://apply.workable.com/j/C84145423F,,Workable XML job feed
HARD_PASS,Senior Account Manager - Financials,Rystad Energy,"London, England, GB",,MISSING,,"Tue, 04 Aug 2026 07:03:07 UTC",,Full-time,,Sales,Admin/Service – Office Support,HARD_PASS,"hard pass title pattern: account manager, senior, manager",ADDITIONAL,,,0.397,workable-BCCECE76A5,https://apply.workable.com/j/BCCECE76A5,https://apply.workable.com/j/BCCECE76A5,,Workable XML job feed
HARD_PASS,Senior Campaign Manager,SalesCaptain,"London, England, GB",,MISSING,,"Thu, 16 Jul 2026 14:42:16 UTC",,Full-time,Remote,Strategy/Planning,Admin/Service – Office Support,HARD_PASS,"hard pass title pattern: senior, manager",ADDITIONAL,,,0.423,workable-C11338FF36,https://apply.workable.com/j/C11338FF36,https://apply.workable.com/j/C11338FF36,,Workable XML job feed
HARD_PASS,Talent Acquisition Associate,SalesCaptain,"London, England, GB",,MISSING,,"Tue, 05 May 2026 10:11:13 UTC",,Full-time,Remote,Human Resources,Admin/Service – Office Support,OUT_OF_SCOPE,no admin/service title classification match,ADDITIONAL,,,0.526,workable-EF1E699881,https://apply.workable.com/j/EF1E699881,https://apply.workable.com/j/EF1E699881,,Workable XML job feed
HARD_PASS,Head of Clinical AI,Sanome,"London, England, GB",,MISSING,,"Thu, 23 Jul 2026 13:35:53 UTC",,Full-time,,Engineering,Admin/Service – Office Support,OUT_OF_SCOPE,no admin/service title classification match,ADDITIONAL,,,0.404,workable-F5CA216F6F,https://apply.workable.com/j/F5CA216F6F,https://apply.workable.com/j/F5CA216F6F,,Workable XML job feed
HARD_PASS,Principal Machine Learning Engineer - Clinical AI,Sanome,"London, England, GB",,MISSING,,"Mon, 10 Aug 2026 17:28:15 UTC",,Full-time,,Engineering,Admin/Service – Office Support,HARD_PASS,hard pass title pattern: engineer,ADDITIONAL,,,0.421,workable-53D2F41863,https://apply.workable.com/j/53D2F41863,https://apply.workable.com/j/53D2F41863,,Workable XML job feed
HARD_PASS,Client Partner (m/f/d) for Cash Management / Core Banking,SAP Fioneer,"London, England, GB",,MISSING,,"Wed, 11 Feb 2026 07:55:53 UTC",,,,,Admin/Service – Office Support,OUT_OF_SCOPE,no admin/service title classification match,ADDITIONAL,,,0.420,workable-9089540110,https://apply.workable.com/j/9089540110,https://apply.workable.com/j/9089540110,,Workable XML job feed
HARD_PASS,Delivery Lead for a large UK bank,SAP Fioneer,"London, England, GB",,MISSING,,"Fri, 08 May 2026 07:04:22 UTC",,Full-time,,,Admin/Service – Office Support,OUT_OF_SCOPE,no admin/service title classification match,ADDITIONAL,,,0.401,workable-3095C2D9DC,https://apply.workable.com/j/3095C2D9DC,https://apply.workable.com/j/3095C2D9DC,,Workable XML job feed
HARD_PASS,Engagement Lead - Core Banking & Payments Transformation,SAP Fioneer,"London, GB",,MISSING,,"Wed, 27 May 2026 15:42:31 UTC",,Full-time,,Project Management,Admin/Service – Office Support,OUT_OF_SCOPE,no admin/service title classification match,ADDITIONAL,,,0.455,workable-B3A4BFF099,https://apply.workable.com/j/B3A4BFF099,https://apply.workable.com/j/B3A4BFF099,,Workable XML job feed
HARD_PASS,Global Principal (m/f/d) - Cash & Liquidity Solutions (Banking),SAP Fioneer,"London, England, GB",,MISSING,,"Thu, 12 Feb 2026 09:12:25 UTC",,Full-time,,,Admin/Service – Office Support,OUT_OF_SCOPE,no admin/service title classification match,ADDITIONAL,,,0.376,workable-866D9CAA18,https://apply.workable.com/j/866D9CAA18,https://apply.workable.com/j/866D9CAA18,,Workable XML job feed
HARD_PASS,Head of Banking Product Portfolio (m/f/d),SAP Fioneer,"London, England, GB",,MISSING,,"Fri, 31 Jul 2026 12:01:32 UTC",,Full-time,,,Admin/Service – Office Support,OUT_OF_SCOPE,no admin/service title classification match,ADDITIONAL,,,0.410,workable-C2E6E2A68A,https://apply.workable.com/j/C2E6E2A68A,https://apply.workable.com/j/C2E6E2A68A,,Workable XML job feed
HARD_PASS,Pre-Sales / Solution Consultant Lead (m/f/d) - Core & Transaction Banking,SAP Fioneer,"London, England, GB",,MISSING,,"Fri, 26 Sep 2025 12:09:48 UTC",,Full-time,,,Admin/Service – Office Support,OUT_OF_SCOPE,no admin/service title classification match,ADDITIONAL,,,0.435,workable-DCA397FFE4,https://apply.workable.com/j/DCA397FFE4,https://apply.workable.com/j/DCA397FFE4,,Workable XML job feed
HARD_PASS,Regional Banking Client Partner (Solutions & Delivery) - EMEA,SAP Fioneer,"London, England, GB",,MISSING,,"Mon, 27 Apr 2026 08:42:55 UTC",,,,,Admin/Service – Office Support,OUT_OF_SCOPE,no admin/service title classification match,ADDITIONAL,,,0.452,workable-727D5ECB57,https://apply.workable.com/j/727D5ECB57,https://apply.workable.com/j/727D5ECB57,,Workable XML job feed
HARD_PASS,Sales Partner - Core Banking Solutions UK,SAP Fioneer,"London, United Kingdom, GB",,MISSING,,"Mon, 08 Jun 2026 06:40:25 UTC",,Full-time,,Sales,Admin/Service – Office Support,OUT_OF_SCOPE,no admin/service title classification match,ADDITIONAL,,,0.401,workable-ED49D4040E,https://apply.workable.com/j/ED49D4040E,https://apply.workable.com/j/ED49D4040E,,Workable XML job feed
HARD_PASS,Senior / Lead Consultant (m/f/d) - SAP Payment Central,SAP Fioneer,"London, England, GB",,MISSING,,"Thu, 11 Jun 2026 06:38:33 UTC",,Full-time,,,Admin/Service – Office Support,HARD_PASS,hard pass title pattern: senior,ADDITIONAL,,,0.412,workable-B4D9FA72C1,https://apply.workable.com/j/B4D9FA72C1,https://apply.workable.com/j/B4D9FA72C1,,Workable XML job feed
HARD_PASS,Senior / Lead SAP Solution Architect - Core Banking (m/f/d),SAP Fioneer,"London, England, GB",,MISSING,,"Fri, 06 Feb 2026 12:29:40 UTC",,Full-time,,,Admin/Service – Office Support,HARD_PASS,hard pass title pattern: senior,ADDITIONAL,,,0.405,workable-F6263578EA,https://apply.workable.com/j/F6263578EA,https://apply.workable.com/j/F6263578EA,,Workable XML job feed
HARD_PASS,Senior Solution Manager (m/f/d) for GenAI in Banking,SAP Fioneer,"London, England, GB",,MISSING,,"Fri, 07 Aug 2026 12:56:19 UTC",,Full-time,Remote,,Admin/Service – Office Support,HARD_PASS,"hard pass title pattern: senior, manager",ADDITIONAL,,,0.402,workable-E1D93F5894,https://apply.workable.com/j/E1D93F5894,https://apply.workable.com/j/E1D93F5894,,Workable XML job feed
HARD_PASS,Sales Executive,SAPI,"London, England, GB",,MISSING,,"Tue, 07 Jul 2026 15:59:00 UTC",,,,,Admin/Service – Office Support,HARD_PASS,hard pass title pattern: sales executive,ADDITIONAL,,,0.390,workable-712FB0D0A4,https://apply.workable.com/j/712FB0D0A4,https://apply.workable.com/j/712FB0D0A4,,Workable XML job feed
HARD_PASS,Talented Individuals (Hybrid),SatVu,"London, England, GB",,MISSING,,"Tue, 20 Jun 2023 16:21:49 UTC",,Full-time,,,Admin/Service – Office Support,OUT_OF_SCOPE,no admin/service title classification match,ADDITIONAL,,,0.429,workable-5025C4E87F,https://apply.workable.com/j/5025C4E87F,https://apply.workable.com/j/5025C4E87F,,Workable XML job feed
HARD_PASS,Adjunct Lecturer,SCCD Training,"London, England, GB",,MISSING,,"Sat, 01 Aug 2026 13:58:43 UTC",,Contract,Remote,,Admin/Service – Office Support,OUT_OF_SCOPE,no admin/service title classification match,ADDITIONAL,,,0.399,workable-53CFBEDCDD,https://apply.workable.com/j/53CFBEDCDD,https://apply.workable.com/j/53CFBEDCDD,,Workable XML job feed
HARD_PASS,Education Consultant,SCCD Training,"London, England, GB","£26,000",USABLE_REVIEW,"d environment Strong communication and relationship-building skills Benefits Salary: From £26,000.00 per year Commission : Uncapped commission Benefits : Pension","Sat, 18 Jul 2026 18:38:52 UTC",,Full-time,,Sales,Admin/Service – Office Support,OUT_OF_SCOPE,no admin/service title classification match,ADDITIONAL,,,0.471,workable-748D56265C,https://apply.workable.com/j/748D56265C,https://apply.workable.com/j/748D56265C,,Workable XML job feed
HARD_PASS,Enrollment Consultant,SCCD Training,"London, England, GB","£26,000",USABLE_REVIEW,"ourse registrations while maintaining a high average deal size. Benefits Competitive Pay: £26,000 base salary to start. Uncapped Commission: You can easily earn £1000+ monthly in added com","Tue, 16 Jun 2026 22:10:35 UTC",,Full-time,,Consulting,Admin/Service – Office Support,OUT_OF_SCOPE,no admin/service title classification match,ADDITIONAL,,,0.425,workable-E4459FA685,https://apply.workable.com/j/E4459FA685,https://apply.workable.com/j/E4459FA685,,Workable XML job feed
HARD_PASS,Student Support Coordinator,SCCD Training,"London, England, GB",,MISSING,,"Fri, 12 Jun 2026 01:13:06 UTC",,Full-time,,Administrative,Admin/Service – Office Support,ELASTIC_FIT,elastic-fit title pattern: coordinator,ADDITIONAL,,,0.498,workable-DD662A0E23,https://apply.workable.com/j/DD662A0E23,https://apply.workable.com/j/DD662A0E23,,Workable XML job feed
HARD_PASS,Teacher Recruitment Specialist,SCCD Training,"London, England, GB",,MISSING,,"Mon, 08 Jun 2026 01:25:22 UTC",,Full-time,,Business Development,Admin/Service – Office Support,HARD_PASS,hard pass title pattern: teacher,ADDITIONAL,,,0.457,workable-C0441BB81B,https://apply.workable.com/j/C0441BB81B,https://apply.workable.com/j/C0441BB81B,,Workable XML job feed
HARD_PASS,Consultant Internal Medicine - Western Qualified | Reputed Private Healthcare,SearchPlus HR,"London, England, GB",,MISSING,,"Fri, 14 Aug 2026 13:31:34 UTC",,,,,Admin/Service – Office Support,OUT_OF_SCOPE,no admin/service title classification match,ADDITIONAL,,,0.449,workable-CA59C3062A,https://apply.workable.com/j/CA59C3062A,https://apply.workable.com/j/CA59C3062A,,Workable XML job feed
HARD_PASS,Consultant Psychiatry (American Board / UK CCT / Western Qualification),SearchPlus HR,"London, England, GB",,MISSING,,"Mon, 03 Aug 2026 10:19:16 UTC",,,,,Admin/Service – Office Support,OUT_OF_SCOPE,no admin/service title classification match,ADDITIONAL,,,0.490,workable-FB34AD7CB0,https://apply.workable.com/j/FB34AD7CB0,https://apply.workable.com/j/FB34AD7CB0,,Workable XML job feed
HARD_PASS,Consultant Radiologist (American Board / UK CCT / Western Qualification),SearchPlus HR,"London, England, GB",,MISSING,,"Mon, 03 Aug 2026 09:45:03 UTC",,,,,Admin/Service – Office Support,OUT_OF_SCOPE,no admin/service title classification match,ADDITIONAL,,,0.458,workable-6054436BA3,https://apply.workable.com/j/6054436BA3,https://apply.workable.com/j/6054436BA3,,Workable XML job feed
HARD_PASS,Associate Account Manager,Second Nature,"London, England, GB",,MISSING,,"Wed, 18 Mar 2026 14:25:31 UTC",,Full-time,,,Admin/Service – Office Support,HARD_PASS,"hard pass title pattern: account manager, manager",ADDITIONAL,,,0.450,workable-0DC404C830,https://apply.workable.com/j/0DC404C830,https://apply.workable.com/j/0DC404C830,,Workable XML job feed
HARD_PASS,Customer Support Manager - FTC 1 year contract,Second Nature,"London, England, GB","£40,000–£45,000",USABLE_REVIEW,"s change and help the team work effectively without losing sight of the customer. Salary: £40,000–£45,000 depending on experience. 🛠️ What You’ll Be Doing Lead and develop the Customer Support tea","Fri, 14 Aug 2026 17:05:22 UTC",,Full-time,,,Admin/Service – Office Support,HARD_PASS,hard pass title pattern: manager,ADDITIONAL,,,0.430,workable-BEB8DCD18A,https://apply.workable.com/j/BEB8DCD18A,https://apply.workable.com/j/BEB8DCD18A,,Workable XML job feed
HARD_PASS,Finance Operations Manager - High-Growth Health Tech Start-up (London),Second Nature,"London, England, GB",,MISSING,,"Fri, 17 Jul 2026 16:42:40 UTC",,Full-time,,Finance,Admin/Service – Office Support,HARD_PASS,"hard pass title pattern: operations manager, manager",ADDITIONAL,,,0.395,workable-33D5604AE3,https://apply.workable.com/j/33D5604AE3,https://apply.workable.com/j/33D5604AE3,,Workable XML job feed
HARD_PASS,Health Coach (In-person) - Mid and South Essex,Second Nature,"London, England, GB",,MISSING,,"Wed, 18 Mar 2026 18:45:54 UTC",,Contract,,,Admin/Service – Office Support,OUT_OF_SCOPE,no admin/service title classification match,ADDITIONAL,,,0.396,workable-1CE592CABA,https://apply.workable.com/j/1CE592CABA,https://apply.workable.com/j/1CE592CABA,,Workable XML job feed
HARD_PASS,Management Accountant - High-Growth Health Tech Start-up (London),Second Nature,"London, England, GB",,MISSING,,"Thu, 02 Jul 2026 09:18:00 UTC",,Full-time,,Finance,Admin/Service – Office Support,OUT_OF_SCOPE,no admin/service title classification match,ADDITIONAL,,,0.402,workable-1E536D006F,https://apply.workable.com/j/1E536D006F,https://apply.workable.com/j/1E536D006F,,Workable XML job feed
HARD_PASS,Senior People Operations Specialist,Second Nature,"London, England, GB",,MISSING,,"Tue, 14 Jul 2026 17:04:11 UTC",,Full-time,,Human Resources,Admin/Service – Office Support,HARD_PASS,hard pass title pattern: senior,ADDITIONAL,,,0.406,workable-4DDE38E92F,https://apply.workable.com/j/4DDE38E92F,https://apply.workable.com/j/4DDE38E92F,,Workable XML job feed
HARD_PASS,Team Manager,Second Nature,"London, England, GB",,MISSING,,"Thu, 09 Jul 2026 11:28:27 UTC",,Full-time,,,Admin/Service – Office Support,HARD_PASS,hard pass title pattern: manager,ADDITIONAL,,,0.399,workable-AB6A76A66E,https://apply.workable.com/j/AB6A76A66E,https://apply.workable.com/j/AB6A76A66E,,Workable XML job feed
HARD_PASS,Business Product Owner - Insurance (Part - time),Sedona Digital,"London, England, GB",,MISSING,,"Mon, 25 May 2026 13:07:32 UTC",,Part-time,,Management,Admin/Service – Office Support,OUT_OF_SCOPE,no admin/service title classification match,ADDITIONAL,,,0.418,workable-4375D9395C,https://apply.workable.com/j/4375D9395C,https://apply.workable.com/j/4375D9395C,,Workable XML job feed
HARD_PASS,Consulting Data Architect - Insurance,Sedona Digital,"London, England, GB",,MISSING,,"Wed, 08 Jul 2026 11:31:56 UTC",,Full-time,,Engineering,Admin/Service – Office Support,OUT_OF_SCOPE,no admin/service title classification match,ADDITIONAL,,,0.412,workable-429997BC63,https://apply.workable.com/j/429997BC63,https://apply.workable.com/j/429997BC63,,Workable XML job feed
HARD_PASS,Backend Engineer,SeedLegals,"London, England, GB",,MISSING,,"Wed, 19 Aug 2026 14:00:14 UTC",,Full-time,,Engineering,Admin/Service – Office Support,HARD_PASS,hard pass title pattern: engineer,ADDITIONAL,,,0.425,workable-252D80F8AF,https://apply.workable.com/j/252D80F8AF,https://apply.workable.com/j/252D80F8AF,,Workable XML job feed
HARD_PASS,"Customer Experience: Law, Finance or STEM Graduate",SeedLegals,"London, England, GB","£31,000–£33,000",USABLE_REVIEW,"r has an awesome experience with SeedLegals! Your annual starting salary would be between £31,000 - £33,000. Requirements You have a genuine passion for entrepreneurship and innovation, and are exc","Tue, 14 Jul 2026 11:20:36 UTC",,Full-time,,Legal,Admin/Service – Office Support,OUT_OF_SCOPE,no admin/service title classification match,ADDITIONAL,,,0.412,workable-9F6028F612,https://apply.workable.com/j/9F6028F612,https://apply.workable.com/j/9F6028F612,,Workable XML job feed
HARD_PASS,Customer Experience: R&D Tax Credits Associate,SeedLegals,"London, England, GB","£33,000–£43,000",USABLE_REVIEW,"osely with our R&D team and tax specialists. Your annual starting salary would be between £33,000 - £43,000 depending on your experience. Requirements We're searching for someone who may come from a","Wed, 05 Aug 2026 14:04:33 UTC",,Full-time,,Customer Service,Admin/Service – Office Support,OUT_OF_SCOPE,no admin/service title classification match,ADDITIONAL,,,0.439,workable-B3EFB15D78,https://apply.workable.com/j/B3EFB15D78,https://apply.workable.com/j/B3EFB15D78,,Workable XML job feed
HARD_PASS,"Legal Counsel (corporate / commercial, 3-5 PQE), hybrid/remote",SeedLegals,"London, England, GB",,MISSING,,"Thu, 12 Feb 2026 17:19:24 UTC",,Full-time,,Legal,Admin/Service – Office Support,HARD_PASS,hard pass title pattern: legal,ADDITIONAL,,,0.376,workable-358D3A26ED,https://apply.workable.com/j/358D3A26ED,https://apply.workable.com/j/358D3A26ED,,Workable XML job feed
HARD_PASS,Sales Account Associate,SeedLegals,"London, England, GB",,MISSING,,"Thu, 23 Jul 2026 09:45:18 UTC",,Full-time,,Sales,Admin/Service – Office Support,OUT_OF_SCOPE,no admin/service title classification match,ADDITIONAL,,,0.466,workable-0012BAE925,https://apply.workable.com/j/0012BAE925,https://apply.workable.com/j/0012BAE925,,Workable XML job feed
HARD_PASS,Sales Account Manager,SeedLegals,"London, England, GB",,MISSING,,"Thu, 23 Jul 2026 09:44:26 UTC",,Full-time,,Sales,Admin/Service – Office Support,HARD_PASS,"hard pass title pattern: account manager, manager",ADDITIONAL,,,0.420,workable-212C2B6B20,https://apply.workable.com/j/212C2B6B20,https://apply.workable.com/j/212C2B6B20,,Workable XML job feed
HARD_PASS,Senior Backend Engineer,SeedLegals,"London, England, GB",,MISSING,,"Wed, 19 Aug 2026 14:00:06 UTC",,Full-time,,Engineering,Admin/Service – Office Support,HARD_PASS,"hard pass title pattern: engineer, senior",ADDITIONAL,,,0.435,workable-3453DFAD74,https://apply.workable.com/j/3453DFAD74,https://apply.workable.com/j/3453DFAD74,,Workable XML job feed
HARD_PASS,Hospitality Assistant,Selecta,"London, England, GB",,MISSING,,"Fri, 08 May 2026 09:00:02 UTC",,Full-time,,,Admin/Service – Office Support,OUT_OF_SCOPE,no admin/service title classification match,ADDITIONAL,,,0.523,workable-81433A3FD6,https://apply.workable.com/j/81433A3FD6,https://apply.workable.com/j/81433A3FD6,,Workable XML job feed
HARD_PASS,Hospitality Assistant,Selecta,"City of London, England, GB",,MISSING,,"Fri, 08 May 2026 09:00:02 UTC",,Full-time,,,Admin/Service – Office Support,OUT_OF_SCOPE,no admin/service title classification match,ADDITIONAL,,,0.543,workable-81433A3FD6,https://apply.workable.com/j/81433A3FD6,https://apply.workable.com/j/81433A3FD6,,Workable XML job feed
HARD_PASS,Hospitality Assistant - Canary Wharf,Selecta,"London, England, GB",,MISSING,,"Mon, 27 Jul 2026 13:00:33 UTC",,Full-time,,,Admin/Service – Office Support,OUT_OF_SCOPE,no admin/service title classification match,ADDITIONAL,,,0.450,workable-A9FA554F49,https://apply.workable.com/j/A9FA554F49,https://apply.workable.com/j/A9FA554F49,,Workable XML job feed
HARD_PASS,"Territory Sales Manager, Respiratory Devices (South UK Region)",Sentec,"London, England, GB",,MISSING,,"Wed, 15 Jul 2026 07:36:23 UTC",,Full-time,,Sales,Admin/Service – Office Support,HARD_PASS,hard pass title pattern: manager,ADDITIONAL,,,0.421,workable-0A4CCAD5B1,https://apply.workable.com/j/0A4CCAD5B1,https://apply.workable.com/j/0A4CCAD5B1,,Workable XML job feed
HARD_PASS,Social Media Manager,Sequel,"London, England, GB","£60,000–£78,000",USABLE_REVIEW,or network you can activate Knowledge and previous experience working with Figma Benefits £60k-£78k salary depending on experience 💰 Options package for all employees 🏥 Premium health insur,"Sat, 01 Nov 2025 10:42:36 UTC",,Full-time,,Marketing,Admin/Service – Office Support,HARD_PASS,hard pass title pattern: manager,ADDITIONAL,,,0.430,workable-F8FB16D297,https://apply.workable.com/j/F8FB16D297,https://apply.workable.com/j/F8FB16D297,,Workable XML job feed
HARD_PASS,Staff Product Engineer (£130-150k),Sequel,"London, England, GB",,MISSING,,"Sun, 16 Aug 2026 18:11:42 UTC",,Full-time,,Product Management,Admin/Service – Office Support,HARD_PASS,hard pass title pattern: engineer,ADDITIONAL,,,0.388,workable-AB53FFF743,https://apply.workable.com/j/AB53FFF743,https://apply.workable.com/j/AB53FFF743,,Workable XML job feed
HARD_PASS,Storyteller (£40-60k),Sequel,"London, England, GB","£40,000–£60,000",USABLE_REVIEW,"n a team. Must have a current right to work in the UK and not require sponsorship Salary: £40,000 - 60,000 per annum, depending on experience. Nice to haves: Knowledge of AI tools like Higgsfield.","Mon, 29 Jun 2026 17:09:59 UTC",,Full-time,,,Admin/Service – Office Support,OUT_OF_SCOPE,no admin/service title classification match,ADDITIONAL,,,0.391,workable-A9C2ED8D95,https://apply.workable.com/j/A9C2ED8D95,https://apply.workable.com/j/A9C2ED8D95,,Workable XML job feed
HARD_PASS,Self-Employed Delivery Driver (Driver + Porter) - London,Shift,"London, England, GB",,MISSING,,"Sun, 08 Mar 2026 11:47:05 UTC",,,,Distribution,Admin/Service – Office Support,HARD_PASS,hard pass title pattern: driver,ADDITIONAL,,,0.370,workable-4ECA8954A3,https://apply.workable.com/j/4ECA8954A3,https://apply.workable.com/j/4ECA8954A3,,Workable XML job feed
HARD_PASS,Business Development Manager,Shockbyte,"London, England, GB",,MISSING,,"Fri, 03 Oct 2025 09:30:33 UTC",,Full-time,Remote,Marketing,Admin/Service – Office Support,HARD_PASS,"hard pass title pattern: business development, manager",ADDITIONAL,,,0.423,workable-0C126B57B3,https://apply.workable.com/j/0C126B57B3,https://apply.workable.com/j/0C126B57B3,,Workable XML job feed
HARD_PASS,3D Character Artist - Talent Pool (EU),Side,"London, England, GB",,MISSING,,"Wed, 20 Aug 2025 20:36:26 UTC",,Contract,,,Admin/Service – Office Support,OUT_OF_SCOPE,no admin/service title classification match,ADDITIONAL,,,0.405,workable-DB9081AA14,https://apply.workable.com/j/DB9081AA14,https://apply.workable.com/j/DB9081AA14,,Workable XML job feed
HARD_PASS,3D Environment Artist - Talent Pool (EU),Side,"London, England, GB",,MISSING,,"Wed, 20 Aug 2025 20:36:27 UTC",,Contract,,,Admin/Service – Office Support,OUT_OF_SCOPE,no admin/service title classification match,ADDITIONAL,,,0.428,workable-32D1CEA843,https://apply.workable.com/j/32D1CEA843,https://apply.workable.com/j/32D1CEA843,,Workable XML job feed
HARD_PASS,Animation / Technical Animator -Talent Pool (EU),Side,"London, England, GB",,MISSING,,"Wed, 20 Aug 2025 20:36:37 UTC",,Contract,,,Admin/Service – Office Support,OUT_OF_SCOPE,no admin/service title classification match,ADDITIONAL,,,0.448,workable-59FE590E31,https://apply.workable.com/j/59FE590E31,https://apply.workable.com/j/59FE590E31,,Workable XML job feed
HARD_PASS,Audio Designer - Talent Pool (EU),Side,"London, England, GB",,MISSING,,"Tue, 23 Sep 2025 14:06:18 UTC",,Contract,Remote,,Admin/Service – Office Support,OUT_OF_SCOPE,no admin/service title classification match,ADDITIONAL,,,0.416,workable-44F17BE35C,https://apply.workable.com/j/44F17BE35C,https://apply.workable.com/j/44F17BE35C,,Workable XML job feed
HARD_PASS,Cinematics & Lighting Artist - Talent Pool (EU),Side,"London, England, GB",,MISSING,,"Wed, 20 Aug 2025 20:38:10 UTC",,Contract,,,Admin/Service – Office Support,OUT_OF_SCOPE,no admin/service title classification match,ADDITIONAL,,,0.412,workable-315C11752B,https://apply.workable.com/j/315C11752B,https://apply.workable.com/j/315C11752B,,Workable XML job feed
HARD_PASS,Concept Artist Character - Talent Pool (EU),Side,"London, England, GB",,MISSING,,"Wed, 20 Aug 2025 20:38:08 UTC",,Contract,,,Admin/Service – Office Support,OUT_OF_SCOPE,no admin/service title classification match,ADDITIONAL,,,0.455,workable-830A9E33F0,https://apply.workable.com/j/830A9E33F0,https://apply.workable.com/j/830A9E33F0,,Workable XML job feed
HARD_PASS,Concept Artist Environment/Props - Talent Pool (EU),Side,"London, England, GB",,MISSING,,"Wed, 20 Aug 2025 20:38:22 UTC",,Contract,,,Admin/Service – Office Support,OUT_OF_SCOPE,no admin/service title classification match,ADDITIONAL,,,0.451,workable-3CA12A3C3F,https://apply.workable.com/j/3CA12A3C3F,https://apply.workable.com/j/3CA12A3C3F,,Workable XML job feed
HARD_PASS,Design - (Various Disciplines) - Talent Pool (EU),Side,"London, England, GB",,MISSING,,"Mon, 25 Aug 2025 17:40:14 UTC",,Contract,,,Admin/Service – Office Support,OUT_OF_SCOPE,no admin/service title classification match,ADDITIONAL,,,0.420,workable-B29B43DD52,https://apply.workable.com/j/B29B43DD52,https://apply.workable.com/j/B29B43DD52,,Workable XML job feed
HARD_PASS,EU Spanish Linguist / Translator - Full Time (Remote) - Gaming,Side,"London, England, GB",,MISSING,,"Mon, 13 Jul 2026 21:18:00 UTC",,Part-time,Remote,Administrative,Admin/Service – Office Support,OUT_OF_SCOPE,no admin/service title classification match,ADDITIONAL,,,0.458,workable-C7E1F37477,https://apply.workable.com/j/C7E1F37477,https://apply.workable.com/j/C7E1F37477,,Workable XML job feed
HARD_PASS,French Linguist (Remote) - Gaming,Side,"London, England, GB",,MISSING,,"Tue, 14 Jul 2026 16:40:47 UTC",,Full-time,Remote,Administrative,Admin/Service – Office Support,OUT_OF_SCOPE,no admin/service title classification match,ADDITIONAL,,,0.452,workable-0434F2F5B4,https://apply.workable.com/j/0434F2F5B4,https://apply.workable.com/j/0434F2F5B4,,Workable XML job feed
HARD_PASS,Front of House Executive,Side,"London, England, GB",,MISSING,,"Thu, 06 Aug 2026 11:45:41 UTC",,Full-time,,Administrative,Admin/Service – Office Support,HIGH_CONFIDENCE,high-confidence title pattern: front of house,ADDITIONAL,,,0.399,workable-CF5002BAB3,https://apply.workable.com/j/CF5002BAB3,https://apply.workable.com/j/CF5002BAB3,,Workable XML job feed
HARD_PASS,Game Producer - Talent Pool (EU),Side,"London, England, GB",,MISSING,,"Wed, 20 Aug 2025 20:39:55 UTC",,Contract,,,Admin/Service – Office Support,OUT_OF_SCOPE,no admin/service title classification match,ADDITIONAL,,,0.406,workable-2D65F15F66,https://apply.workable.com/j/2D65F15F66,https://apply.workable.com/j/2D65F15F66,,Workable XML job feed
HARD_PASS,German Linguist / Full Time or Part Time (Remote) - Gaming,Side,"London, England, GB",,MISSING,,"Tue, 14 Jul 2026 16:40:55 UTC",,Other,Remote,Quality Assurance,Admin/Service – Office Support,OUT_OF_SCOPE,no admin/service title classification match,ADDITIONAL,,,0.461,workable-016DC0445C,https://apply.workable.com/j/016DC0445C,https://apply.workable.com/j/016DC0445C,,Workable XML job feed
HARD_PASS,IT Administrator,Side,"London, England, GB",,MISSING,,"Thu, 23 Jul 2026 14:35:10 UTC",,Full-time,,Information Technology,Admin/Service – Office Support,HIGH_CONFIDENCE,high-confidence title pattern: administrator,ADDITIONAL,,,0.629,workable-84C7BABC54,https://apply.workable.com/j/84C7BABC54,https://apply.workable.com/j/84C7BABC54,,Workable XML job feed
HARD_PASS,Language Checker Coordinator,Side,"London, England, GB",,MISSING,,"Tue, 30 Jun 2026 15:03:01 UTC",,Other,,Administrative,Admin/Service – Office Support,ELASTIC_FIT,elastic-fit title pattern: coordinator,ADDITIONAL,,,0.521,workable-BF7476986C,https://apply.workable.com/j/BF7476986C,https://apply.workable.com/j/BF7476986C,,Workable XML job feed
HARD_PASS,Lead Designer,Side,"London, England, GB",,MISSING,,"Sat, 15 Aug 2026 09:44:16 UTC",,Full-time,Remote,Design,Admin/Service – Office Support,OUT_OF_SCOPE,no admin/service title classification match,ADDITIONAL,,,0.448,workable-83374B8402,https://apply.workable.com/j/83374B8402,https://apply.workable.com/j/83374B8402,,Workable XML job feed
HARD_PASS,Lead Engineer,Side,"London, England, GB",,MISSING,,"Sat, 15 Aug 2026 09:47:32 UTC",,Full-time,Remote,Engineering,Admin/Service – Office Support,HARD_PASS,hard pass title pattern: engineer,ADDITIONAL,,,0.429,workable-78DB5E3B0D,https://apply.workable.com/j/78DB5E3B0D,https://apply.workable.com/j/78DB5E3B0D,,Workable XML job feed
HARD_PASS,Microservices AI Developer,Side,"London, England, GB",,MISSING,,"Mon, 13 Jul 2026 20:48:17 UTC",,Contract,Remote,Engineering,Admin/Service – Office Support,OUT_OF_SCOPE,no admin/service title classification match,ADDITIONAL,,,0.424,workable-B59A55AAA5,https://apply.workable.com/j/B59A55AAA5,https://apply.workable.com/j/B59A55AAA5,,Workable XML job feed
HARD_PASS,Procedural Voice Designer,Side,"London, England, GB",,MISSING,,"Tue, 21 Jul 2026 11:24:28 UTC",,Full-time,,Design,Admin/Service – Office Support,OUT_OF_SCOPE,no admin/service title classification match,ADDITIONAL,,,0.453,workable-5CE234B67D,https://apply.workable.com/j/5CE234B67D,https://apply.workable.com/j/5CE234B67D,,Workable XML job feed
HARD_PASS,Production Manager,Side,"London, England, GB",,MISSING,,"Tue, 28 Jul 2026 11:33:34 UTC",,Contract,,Production,Admin/Service – Office Support,HARD_PASS,"hard pass title pattern: production, manager",ADDITIONAL,,,0.422,workable-C2F9817CFC,https://apply.workable.com/j/C2F9817CFC,https://apply.workable.com/j/C2F9817CFC,,Workable XML job feed
HARD_PASS,Programming- (Various Disciplines) - Talent Pool (EU),Side,"London, England, GB",,MISSING,,"Mon, 25 Aug 2025 17:41:35 UTC",,Contract,,,Admin/Service – Office Support,OUT_OF_SCOPE,no admin/service title classification match,ADDITIONAL,,,0.423,workable-45C142CF41,https://apply.workable.com/j/45C142CF41,https://apply.workable.com/j/45C142CF41,,Workable XML job feed
HARD_PASS,Tech & VFX Artist - Talent Pool (EU),Side,"London, England, GB",,MISSING,,"Wed, 20 Aug 2025 20:40:30 UTC",,Contract,,,Admin/Service – Office Support,OUT_OF_SCOPE,no admin/service title classification match,ADDITIONAL,,,0.426,workable-2D57843ECA,https://apply.workable.com/j/2D57843ECA,https://apply.workable.com/j/2D57843ECA,,Workable XML job feed
HARD_PASS,Technical Production Manager - Speech Technology (6mth Fixed Term),Side,"London, England, GB","£40,000",USABLE_REVIEW,"ract Hours: 40 hours per week, Monday to Friday Location: London, hybrid Salary: 35,000 - £40,000 p.a. (pro rata) The role SIDE UK is looking for a Technical Production Manager to join our","Thu, 23 Jul 2026 11:43:15 UTC",,Contract,,Production,Admin/Service – Office Support,HARD_PASS,"hard pass title pattern: production, manager",ADDITIONAL,,,0.413,workable-EADA12E17F,https://apply.workable.com/j/EADA12E17F,https://apply.workable.com/j/EADA12E17F,,Workable XML job feed
HARD_PASS,Product Manager - Credit Risk,Sidetrade,"London, England, GB",,MISSING,,"Fri, 17 Jul 2026 08:56:15 UTC",,Full-time,,Product Management,Admin/Service – Office Support,HARD_PASS,hard pass title pattern: manager,ADDITIONAL,,,0.433,workable-3288DC1D00,https://apply.workable.com/j/3288DC1D00,https://apply.workable.com/j/3288DC1D00,,Workable XML job feed
HARD_PASS,Backend Software Engineer (Python),Signal,"London, GB",,MISSING,,"Thu, 11 Jun 2026 13:00:21 UTC",,Full-time,,Engineering,Admin/Service – Office Support,HARD_PASS,hard pass title pattern: engineer,ADDITIONAL,,,0.424,workable-28F60F5647,https://apply.workable.com/j/28F60F5647,https://apply.workable.com/j/28F60F5647,,Workable XML job feed
HARD_PASS,Business Intelligence Analyst,Signal,"London, England, GB",,MISSING,,"Tue, 18 Aug 2026 11:30:31 UTC",,,,,Admin/Service – Office Support,OUT_OF_SCOPE,no admin/service title classification match,ADDITIONAL,,,0.388,workable-6AC54BE5A8,https://apply.workable.com/j/6AC54BE5A8,https://apply.workable.com/j/6AC54BE5A8,,Workable XML job feed
HARD_PASS,Express your interest,Signal,"London, England, GB",,MISSING,,"Thu, 30 Nov 2023 13:15:45 UTC",,Full-time,,,Admin/Service – Office Support,OUT_OF_SCOPE,no admin/service title classification match,ADDITIONAL,,,0.398,workable-06FE6EA878,https://apply.workable.com/j/06FE6EA878,https://apply.workable.com/j/06FE6EA878,,Workable XML job feed
HARD_PASS,Full Stack Engineer (React /.Net),Signal,"London, GB",,MISSING,,"Fri, 12 Jun 2026 14:29:07 UTC",,Full-time,,Engineering,Admin/Service – Office Support,HARD_PASS,hard pass title pattern: engineer,ADDITIONAL,,,0.418,workable-FFBC1BD7E1,https://apply.workable.com/j/FFBC1BD7E1,https://apply.workable.com/j/FFBC1BD7E1,,Workable XML job feed
HARD_PASS,"Director Consulting (Value Lead) - Data, AI & Software (EMEA)",Simple Machines,"London, England, GB",,MISSING,,"Thu, 25 Jun 2026 03:06:24 UTC",,Full-time,,Consulting,Admin/Service – Office Support,OUT_OF_SCOPE,no admin/service title classification match,ADDITIONAL,,,0.457,workable-5D8088D6F9,https://apply.workable.com/j/5D8088D6F9,https://apply.workable.com/j/5D8088D6F9,,Workable XML job feed
HARD_PASS,Director Technology - Data Platforms,Simple Machines,"London, England, GB",,MISSING,,"Wed, 20 May 2026 15:50:52 UTC",,Full-time,,Engineering,Admin/Service – Office Support,OUT_OF_SCOPE,no admin/service title classification match,ADDITIONAL,,,0.479,workable-FC797A77FB,https://apply.workable.com/j/FC797A77FB,https://apply.workable.com/j/FC797A77FB,,Workable XML job feed
HARD_PASS,Operations Support,Simple Machines,"London, England, GB",,MISSING,,"Tue, 05 May 2026 15:27:39 UTC",,Full-time,,,Admin/Service – Office Support,OUT_OF_SCOPE,no admin/service title classification match,ADDITIONAL,,,0.475,workable-A8941DA286,https://apply.workable.com/j/A8941DA286,https://apply.workable.com/j/A8941DA286,,Workable XML job feed
HARD_PASS,Principal Data Engineer,Simple Machines,"London, England, GB",,MISSING,,"Wed, 20 May 2026 01:32:52 UTC",,Full-time,,Engineering,Admin/Service – Office Support,HARD_PASS,hard pass title pattern: engineer,ADDITIONAL,,,0.470,workable-602A386021,https://apply.workable.com/j/602A386021,https://apply.workable.com/j/602A386021,,Workable XML job feed
HARD_PASS,Principal Software Engineer,Simple Machines,"London, England, GB",,MISSING,,"Fri, 24 Jul 2026 12:18:24 UTC",,Full-time,,Engineering,Admin/Service – Office Support,HARD_PASS,hard pass title pattern: engineer,ADDITIONAL,,,0.467,workable-9D1623A7F9,https://apply.workable.com/j/9D1623A7F9,https://apply.workable.com/j/9D1623A7F9,,Workable XML job feed
HARD_PASS,Product Configuration Lead,Simple Machines,"London, England, GB",,MISSING,,"Wed, 20 May 2026 10:22:00 UTC",,Full-time,,Product Management,Admin/Service – Office Support,OUT_OF_SCOPE,no admin/service title classification match,ADDITIONAL,,,0.457,workable-DB0D791C03,https://apply.workable.com/j/DB0D791C03,https://apply.workable.com/j/DB0D791C03,,Workable XML job feed
HARD_PASS,Senior Data Engineer,Simple Machines,"London, England, GB",,MISSING,,"Thu, 28 May 2026 13:36:52 UTC",,Full-time,,Engineering,Admin/Service – Office Support,HARD_PASS,"hard pass title pattern: engineer, senior",ADDITIONAL,,,0.464,workable-5EA2660FD8,https://apply.workable.com/j/5EA2660FD8,https://apply.workable.com/j/5EA2660FD8,,Workable XML job feed
HARD_PASS,Senior Frontend Engineer,Simple Machines,"London, England, GB",,MISSING,,"Wed, 22 Apr 2026 14:06:13 UTC",,Full-time,,Engineering,Admin/Service – Office Support,HARD_PASS,"hard pass title pattern: engineer, senior",ADDITIONAL,,,0.464,workable-D2273B8501,https://apply.workable.com/j/D2273B8501,https://apply.workable.com/j/D2273B8501,,Workable XML job feed
HARD_PASS,"Senior Software Engineer (JVM, Kotlin)",Simple Machines,"London, England, GB",,MISSING,,"Tue, 18 Nov 2025 07:18:35 UTC",,Full-time,,Engineering,Admin/Service – Office Support,HARD_PASS,"hard pass title pattern: engineer, senior",ADDITIONAL,,,0.452,workable-DF9960A96C,https://apply.workable.com/j/DF9960A96C,https://apply.workable.com/j/DF9960A96C,,Workable XML job feed
HARD_PASS,Account Manager - UK Venues,SINE Digital,"London, England, GB",,MISSING,,"Thu, 16 Jul 2026 09:07:27 UTC",,Full-time,,,Admin/Service – Office Support,HARD_PASS,"hard pass title pattern: account manager, manager",ADDITIONAL,,,0.435,workable-199ABE9A9F,https://apply.workable.com/j/199ABE9A9F,https://apply.workable.com/j/199ABE9A9F,,Workable XML job feed
HARD_PASS,Business Strategy Analyst/Consultant (London),Singulier,"London, England, GB",,MISSING,,"Thu, 19 Mar 2026 18:01:04 UTC",,Full-time,,Consulting,Admin/Service – Office Support,OUT_OF_SCOPE,no admin/service title classification match,ADDITIONAL,,,0.417,workable-C5E9170E41,https://apply.workable.com/j/C5E9170E41,https://apply.workable.com/j/C5E9170E41,,Workable XML job feed
HARD_PASS,Digital Marketing & AI Transformation Consultant - Manager Level,Singulier,"London, England, GB",,MISSING,,"Wed, 15 Apr 2026 08:02:37 UTC",,Full-time,,,Admin/Service – Office Support,HARD_PASS,hard pass title pattern: manager,ADDITIONAL,,,0.419,workable-28E236736E,https://apply.workable.com/j/28E236736E,https://apply.workable.com/j/28E236736E,,Workable XML job feed
HARD_PASS,Software Engineering Coach (GenAI + LLMs),Skiller Whale,"London, England, GB",,MISSING,,"Wed, 18 Mar 2026 14:34:43 UTC",,Contract,Remote,Training,Admin/Service – Office Support,HARD_PASS,hard pass title pattern: engineer,ADDITIONAL,,,0.389,workable-76C6CEEC4E,https://apply.workable.com/j/76C6CEEC4E,https://apply.workable.com/j/76C6CEEC4E,,Workable XML job feed
HARD_PASS,"Software Engineering Coach: Flexible (TDD, Security + More)",Skiller Whale,"London, England, GB",,MISSING,,"Tue, 01 Apr 2025 09:17:25 UTC",,Contract,Remote,Training,Admin/Service – Office Support,HARD_PASS,hard pass title pattern: engineer,ADDITIONAL,,,0.444,workable-2F82C6F1BC,https://apply.workable.com/j/2F82C6F1BC,https://apply.workable.com/j/2F82C6F1BC,,Workable XML job feed
HARD_PASS,"Head of Growth (12 Month FTC, Maternity Cover)",Skin + Me,"London, England, GB",,MISSING,,"Wed, 01 Jul 2026 08:47:56 UTC",,Full-time,,Marketing,Admin/Service – Office Support,OUT_OF_SCOPE,no admin/service title classification match,ADDITIONAL,,,0.639,workable-5AE618DB83,https://apply.workable.com/j/5AE618DB83,https://apply.workable.com/j/5AE618DB83,,Workable XML job feed
HARD_PASS,Influencer Marketing Executive (6 Month FTC),Skin + Me,"London, England, GB",,MISSING,,"Tue, 30 Jun 2026 15:11:16 UTC",,Full-time,,Marketing,Admin/Service – Office Support,OUT_OF_SCOPE,no admin/service title classification match,ADDITIONAL,,,0.451,workable-EE450CFE6D,https://apply.workable.com/j/EE450CFE6D,https://apply.workable.com/j/EE450CFE6D,,Workable XML job feed
HARD_PASS,Senior Account Manager,Sleek Events,"London, England, GB",,MISSING,,"Wed, 29 Jul 2026 16:02:06 UTC",,,,,Admin/Service – Office Support,HARD_PASS,"hard pass title pattern: account manager, senior, manager",ADDITIONAL,,,0.459,workable-3EED4B7912,https://apply.workable.com/j/3EED4B7912,https://apply.workable.com/j/3EED4B7912,,Workable XML job feed
HARD_PASS,Sleek Freelancer Talent Pool,Sleek Events,"London, England, GB",,MISSING,,"Tue, 17 Sep 2024 11:06:13 UTC",,Other,,,Admin/Service – Office Support,OUT_OF_SCOPE,no admin/service title classification match,ADDITIONAL,,,0.460,workable-24460C9180,https://apply.workable.com/j/24460C9180,https://apply.workable.com/j/24460C9180,,Workable XML job feed
HARD_PASS,AI Engineer / Machine Learning Engineer,SmartAssets,"London, England, GB",,MISSING,,"Thu, 13 Nov 2025 12:43:01 UTC",,Full-time,,,Admin/Service – Office Support,HARD_PASS,hard pass title pattern: engineer,ADDITIONAL,,,0.384,workable-FBCC61544A,https://apply.workable.com/j/FBCC61544A,https://apply.workable.com/j/FBCC61544A,,Workable XML job feed
HARD_PASS,Head of Sales & Account Management - EMEA,Smartstream Limited,"London, England, GB",,MISSING,,"Mon, 10 Aug 2026 14:41:34 UTC",,Full-time,,Sales,Admin/Service – Office Support,OUT_OF_SCOPE,no admin/service title classification match,ADDITIONAL,,,0.495,workable-AAF86F88A6,https://apply.workable.com/j/AAF86F88A6,https://apply.workable.com/j/AAF86F88A6,,Workable XML job feed
HARD_PASS,Principal Revenue Operations Business Analyst,Smartstream Limited,"London, England, GB",,MISSING,,"Tue, 04 Aug 2026 08:10:59 UTC",,Full-time,,,Admin/Service – Office Support,OUT_OF_SCOPE,no admin/service title classification match,ADDITIONAL,,,0.481,workable-6B387347A8,https://apply.workable.com/j/6B387347A8,https://apply.workable.com/j/6B387347A8,,Workable XML job feed
HARD_PASS,Senior Sales Executive,Smartstream Limited,"London, England, GB",,MISSING,,"Fri, 31 Jul 2026 17:39:21 UTC",,Full-time,,,Admin/Service – Office Support,HARD_PASS,"hard pass title pattern: sales executive, senior",ADDITIONAL,,,0.485,workable-BF1499D9A2,https://apply.workable.com/j/BF1499D9A2,https://apply.workable.com/j/BF1499D9A2,,Workable XML job feed
HARD_PASS,Nozomi Print Operator (Nights),SMP Group,"London, England, GB",,MISSING,,"Wed, 10 Jun 2026 12:37:14 UTC",,Full-time,,Production,Admin/Service – Office Support,OUT_OF_SCOPE,no admin/service title classification match,ADDITIONAL,,,0.523,workable-A5B60B5A34,https://apply.workable.com/j/A5B60B5A34,https://apply.workable.com/j/A5B60B5A34,,Workable XML job feed
HARD_PASS,(Senior) Digital Ads Designer - London,Snuggs,"London, England, GB",,MISSING,,"Mon, 18 May 2026 14:49:18 UTC",,Full-time,,Marketing,Admin/Service – Office Support,HARD_PASS,hard pass title pattern: senior,ADDITIONAL,,,0.371,workable-3538BABA61,https://apply.workable.com/j/3538BABA61,https://apply.workable.com/j/3538BABA61,,Workable XML job feed
HARD_PASS,Freelance (Senior) Digital Ads Designer - London,Snuggs,"London, England, GB",,MISSING,,"Thu, 12 Feb 2026 08:48:00 UTC",,Contract,,Marketing,Admin/Service – Office Support,HARD_PASS,hard pass title pattern: senior,ADDITIONAL,,,0.398,workable-15372B8CB0,https://apply.workable.com/j/15372B8CB0,https://apply.workable.com/j/15372B8CB0,,Workable XML job feed
HARD_PASS,Chief Product Officer,Soar Software Development Company,"London, England, GB",,MISSING,,"Mon, 29 Jun 2026 10:34:40 UTC",,Full-time,Remote,Product Management,Admin/Service – Office Support,OUT_OF_SCOPE,no admin/service title classification match,ADDITIONAL,,,0.466,workable-EED23B71F7,https://apply.workable.com/j/EED23B71F7,https://apply.workable.com/j/EED23B71F7,,Workable XML job feed
HARD_PASS,Senior Growth Strategist,Soar With Us,"London, England, GB","£60,000–£70,000",USABLE_REVIEW,"sed), with optional access to our London office Seniority Level: Mid-Senior Compensation: £60,000 – £70,000 + Benefits Scheme + 28 Days Paid Holiday + Private Health About Soar Group The Soar Group","Fri, 31 Jul 2026 13:29:20 UTC",,Full-time,Remote,,Admin/Service – Office Support,HARD_PASS,hard pass title pattern: senior,ADDITIONAL,,,0.430,workable-C0F5414C10,https://apply.workable.com/j/C0F5414C10,https://apply.workable.com/j/C0F5414C10,,Workable XML job feed
HARD_PASS,Tiktok Shop Strategist,Soar With Us,"London, England, GB","£38,000–£45,000",USABLE_REVIEW,"don or Manchester offices) Job Type: Full-Time Reports To: TikTok Shop Lead Compensation: £38,000-£45,000 About Us: For You Advertising is the UK’s leading TikTok marketing agency, partnering with","Thu, 06 Aug 2026 14:36:10 UTC",,Full-time,Remote,Marketing,Admin/Service – Office Support,OUT_OF_SCOPE,no admin/service title classification match,ADDITIONAL,,,0.419,workable-60925B6FD0,https://apply.workable.com/j/60925B6FD0,https://apply.workable.com/j/60925B6FD0,,Workable XML job feed
HARD_PASS,AWS DevOps Engineer (Security Cleared),Solirius Reply,"London, England, GB",,MISSING,,"Tue, 18 Aug 2026 09:31:51 UTC",,Full-time,,Consulting,Admin/Service – Office Support,HARD_PASS,hard pass title pattern: engineer,ADDITIONAL,,,0.418,workable-9A9D7970A3,https://apply.workable.com/j/9A9D7970A3,https://apply.workable.com/j/9A9D7970A3,,Workable XML job feed
HARD_PASS,Business Analyst,Solirius Reply,"London, England, GB",,MISSING,,"Mon, 13 Jan 2025 12:29:01 UTC",,Full-time,,,Admin/Service – Office Support,OUT_OF_SCOPE,no admin/service title classification match,ADDITIONAL,,,0.493,workable-D4CD07E137,https://apply.workable.com/j/D4CD07E137,https://apply.workable.com/j/D4CD07E137,,Workable XML job feed
HARD_PASS,Content Designer,Solirius Reply,"London, England, GB",,MISSING,,"Tue, 14 Oct 2025 15:56:12 UTC",,Full-time,,Design,Admin/Service – Office Support,OUT_OF_SCOPE,no admin/service title classification match,ADDITIONAL,,,0.481,workable-54739954B7,https://apply.workable.com/j/54739954B7,https://apply.workable.com/j/54739954B7,,Workable XML job feed
HARD_PASS,Cyber Risk Manager - Active Security Clearance Required,Solirius Reply,"London, England, GB",,MISSING,,"Wed, 10 Jun 2026 14:52:36 UTC",,,,,Admin/Service – Office Support,HARD_PASS,hard pass title pattern: manager,ADDITIONAL,,,0.433,workable-881377DFCE,https://apply.workable.com/j/881377DFCE,https://apply.workable.com/j/881377DFCE,,Workable XML job feed
HARD_PASS,Data Analyst,Solirius Reply,"London, England, GB",,MISSING,,"Thu, 30 Jul 2026 08:50:43 UTC",,Full-time,,,Admin/Service – Office Support,OUT_OF_SCOPE,no admin/service title classification match,ADDITIONAL,,,0.463,workable-CE67A6C523,https://apply.workable.com/j/CE67A6C523,https://apply.workable.com/j/CE67A6C523,,Workable XML job feed
HARD_PASS,Data Architect,Solirius Reply,"London, England, GB",,MISSING,,"Tue, 27 Jan 2026 10:48:17 UTC",,,,,Admin/Service – Office Support,OUT_OF_SCOPE,no admin/service title classification match,ADDITIONAL,,,0.401,workable-42C27C859F,https://apply.workable.com/j/42C27C859F,https://apply.workable.com/j/42C27C859F,,Workable XML job feed
HARD_PASS,Data Engineer,Solirius Reply,"London, England, GB",,MISSING,,"Wed, 29 Apr 2026 11:12:26 UTC",,Full-time,,Consulting,Admin/Service – Office Support,HARD_PASS,hard pass title pattern: engineer,ADDITIONAL,,,0.489,workable-F5E66C1EFC,https://apply.workable.com/j/F5E66C1EFC,https://apply.workable.com/j/F5E66C1EFC,,Workable XML job feed
HARD_PASS,Delivery Consultant,Solirius Reply,"London, England, GB",,MISSING,,"Mon, 13 Jan 2025 12:29:40 UTC",,Full-time,,,Admin/Service – Office Support,OUT_OF_SCOPE,no admin/service title classification match,ADDITIONAL,,,0.409,workable-886DC9712C,https://apply.workable.com/j/886DC9712C,https://apply.workable.com/j/886DC9712C,,Workable XML job feed
HARD_PASS,DevOps Engineer (Security Cleared),Solirius Reply,"London, England, GB",,MISSING,,"Wed, 27 May 2026 11:12:30 UTC",,Full-time,,Consulting,Admin/Service – Office Support,HARD_PASS,hard pass title pattern: engineer,ADDITIONAL,,,0.399,workable-B7ED728BFE,https://apply.workable.com/j/B7ED728BFE,https://apply.workable.com/j/B7ED728BFE,,Workable XML job feed
HARD_PASS,Interaction Designer,Solirius Reply,"London, England, GB",,MISSING,,"Wed, 07 Jan 2026 08:26:13 UTC",,Full-time,,Design,Admin/Service – Office Support,OUT_OF_SCOPE,no admin/service title classification match,ADDITIONAL,,,0.470,workable-CC81454000,https://apply.workable.com/j/CC81454000,https://apply.workable.com/j/CC81454000,,Workable XML job feed
HARD_PASS,Java Engineer,Solirius Reply,"London, England, GB",,MISSING,,"Thu, 12 Mar 2026 09:17:17 UTC",,Full-time,,Consulting,Admin/Service – Office Support,HARD_PASS,hard pass title pattern: engineer,ADDITIONAL,,,0.411,workable-E9AA4DA923,https://apply.workable.com/j/E9AA4DA923,https://apply.workable.com/j/E9AA4DA923,,Workable XML job feed
HARD_PASS,Java Engineer with AI,Solirius Reply,"London, England, GB",,MISSING,,"Wed, 18 Feb 2026 12:38:47 UTC",,Full-time,,Consulting,Admin/Service – Office Support,HARD_PASS,hard pass title pattern: engineer,ADDITIONAL,,,0.445,workable-4FC3C6149A,https://apply.workable.com/j/4FC3C6149A,https://apply.workable.com/j/4FC3C6149A,,Workable XML job feed
HARD_PASS,Junior Solution Architect,Solirius Reply,"London, England, GB",,MISSING,,"Wed, 19 Aug 2026 13:31:06 UTC",,Full-time,,Consulting,Admin/Service – Office Support,OUT_OF_SCOPE,no admin/service title classification match,ADDITIONAL,,,0.414,workable-7F294D2ACD,https://apply.workable.com/j/7F294D2ACD,https://apply.workable.com/j/7F294D2ACD,,Workable XML job feed
HARD_PASS,Node Developer,Solirius Reply,"London, England, GB",,MISSING,,"Mon, 13 Jul 2026 10:48:52 UTC",,Full-time,,Consulting,Admin/Service – Office Support,OUT_OF_SCOPE,no admin/service title classification match,ADDITIONAL,,,0.452,workable-989BC89B27,https://apply.workable.com/j/989BC89B27,https://apply.workable.com/j/989BC89B27,,Workable XML job feed
HARD_PASS,Principal Engineer,Solirius Reply,"London, England, GB",,MISSING,,"Tue, 21 Oct 2025 15:52:02 UTC",,Full-time,,Consulting,Admin/Service – Office Support,HARD_PASS,hard pass title pattern: engineer,ADDITIONAL,,,0.432,workable-A2127B3EE3,https://apply.workable.com/j/A2127B3EE3,https://apply.workable.com/j/A2127B3EE3,,Workable XML job feed
HARD_PASS,Product Manager,Solirius Reply,"London, England, GB",,MISSING,,"Tue, 07 Jul 2026 16:01:58 UTC",,Full-time,,Product Management,Admin/Service – Office Support,HARD_PASS,hard pass title pattern: manager,ADDITIONAL,,,0.424,workable-DBFB802B09,https://apply.workable.com/j/DBFB802B09,https://apply.workable.com/j/DBFB802B09,,Workable XML job feed
HARD_PASS,Register your Interest in Cyber Security Opportunities,Solirius Reply,"London, England, GB",,MISSING,,"Mon, 23 Jun 2025 16:08:53 UTC",,Full-time,,Data Analyst,Admin/Service – Office Support,OUT_OF_SCOPE,no admin/service title classification match,ADDITIONAL,,,0.418,workable-0D436F3BC3,https://apply.workable.com/j/0D436F3BC3,https://apply.workable.com/j/0D436F3BC3,,Workable XML job feed
HARD_PASS,Ruby Developer,Solirius Reply,"London, England, GB",,MISSING,,"Wed, 19 Aug 2026 12:20:22 UTC",,Full-time,,Consulting,Admin/Service – Office Support,OUT_OF_SCOPE,no admin/service title classification match,ADDITIONAL,,,0.417,workable-538B043220,https://apply.workable.com/j/538B043220,https://apply.workable.com/j/538B043220,,Workable XML job feed
HARD_PASS,Security Architect,Solirius Reply,"London, England, GB",,MISSING,,"Tue, 09 Jun 2026 14:08:05 UTC",,,,,Admin/Service – Office Support,OUT_OF_SCOPE,no admin/service title classification match,ADDITIONAL,,,0.412,workable-0F8CB707A0,https://apply.workable.com/j/0F8CB707A0,https://apply.workable.com/j/0F8CB707A0,,Workable XML job feed
HARD_PASS,Senior Data Engineer,Solirius Reply,"London, England, GB",,MISSING,,"Fri, 01 May 2026 10:09:53 UTC",,Full-time,,Consulting,Admin/Service – Office Support,HARD_PASS,"hard pass title pattern: engineer, senior",ADDITIONAL,,,0.436,workable-774A199D3E,https://apply.workable.com/j/774A199D3E,https://apply.workable.com/j/774A199D3E,,Workable XML job feed
HARD_PASS,Service Designer,Solirius Reply,"London, England, GB",,MISSING,,"Tue, 21 Apr 2026 08:53:23 UTC",,Full-time,,Design,Admin/Service – Office Support,OUT_OF_SCOPE,no admin/service title classification match,ADDITIONAL,,,0.538,workable-4943A95663,https://apply.workable.com/j/4943A95663,https://apply.workable.com/j/4943A95663,,Workable XML job feed
HARD_PASS,Solution Architect,Solirius Reply,"London, England, GB",,MISSING,,"Wed, 19 Aug 2026 13:25:17 UTC",,Full-time,,,Admin/Service – Office Support,OUT_OF_SCOPE,no admin/service title classification match,ADDITIONAL,,,0.432,workable-208D03406A,https://apply.workable.com/j/208D03406A,https://apply.workable.com/j/208D03406A,,Workable XML job feed
HARD_PASS,Test Engineer (Java/.Net),Solirius Reply,"London, England, GB",,MISSING,,"Wed, 19 Aug 2026 15:57:21 UTC",,Full-time,,,Admin/Service – Office Support,HARD_PASS,hard pass title pattern: engineer,ADDITIONAL,,,0.441,workable-5163A75941,https://apply.workable.com/j/5163A75941,https://apply.workable.com/j/5163A75941,,Workable XML job feed
HARD_PASS,Test Lead,Solirius Reply,"London, England, GB",,MISSING,,"Thu, 20 Aug 2026 07:23:35 UTC",,Full-time,,,Admin/Service – Office Support,OUT_OF_SCOPE,no admin/service title classification match,ADDITIONAL,,,0.451,workable-9E3721BA14,https://apply.workable.com/j/9E3721BA14,https://apply.workable.com/j/9E3721BA14,,Workable XML job feed
HARD_PASS,User Researcher,Solirius Reply,"London, England, GB",,MISSING,,"Thu, 06 Nov 2025 10:22:20 UTC",,Full-time,,Design,Admin/Service – Office Support,OUT_OF_SCOPE,no admin/service title classification match,ADDITIONAL,,,0.487,workable-B6AA30BEF8,https://apply.workable.com/j/B6AA30BEF8,https://apply.workable.com/j/B6AA30BEF8,,Workable XML job feed
HARD_PASS,Founding Backend Engineer,SOLR AI,"London, England, GB",,MISSING,,"Thu, 23 Jul 2026 11:22:14 UTC",,Full-time,,Engineering,Admin/Service – Office Support,HARD_PASS,hard pass title pattern: engineer,ADDITIONAL,,,0.379,workable-954CA39D45,https://apply.workable.com/j/954CA39D45,https://apply.workable.com/j/954CA39D45,,Workable XML job feed
HARD_PASS,Head of Paid Media,Somerce,"London, England, GB",,MISSING,,"Mon, 29 Jun 2026 16:21:21 UTC",,Full-time,,Marketing,Admin/Service – Office Support,OUT_OF_SCOPE,no admin/service title classification match,ADDITIONAL,,,0.443,workable-E63A2A4985,https://apply.workable.com/j/E63A2A4985,https://apply.workable.com/j/E63A2A4985,,Workable XML job feed
HARD_PASS,Presenter,Somerce,"London, England, GB",,MISSING,,"Sun, 14 Jun 2026 14:23:02 UTC",,Full-time,,,Admin/Service – Office Support,OUT_OF_SCOPE,no admin/service title classification match,ADDITIONAL,,,0.463,workable-40D46FB1D0,https://apply.workable.com/j/40D46FB1D0,https://apply.workable.com/j/40D46FB1D0,,Workable XML job feed
HARD_PASS,Customer Service - Fixed Term Contract,Spectrum Storage Group,"London, England, GB",,MISSING,,"Wed, 29 Jul 2026 08:45:09 UTC",,Contract,,Customer Service,Admin/Service – Office Support,OUT_OF_SCOPE,no admin/service title classification match,ADDITIONAL,,,0.495,workable-E19D4417A2,https://apply.workable.com/j/E19D4417A2,https://apply.workable.com/j/E19D4417A2,,Workable XML job feed
HARD_PASS,Customer Service - Paid Internship,Spectrum Storage Group,"London, GB",,MISSING,,"Wed, 12 Aug 2026 11:10:32 UTC",,Temporary,,Customer Service,Admin/Service – Office Support,OUT_OF_SCOPE,no admin/service title classification match,ADDITIONAL,,,0.513,workable-B15A386A5E,https://apply.workable.com/j/B15A386A5E,https://apply.workable.com/j/B15A386A5E,,Workable XML job feed
HARD_PASS,Community Manager (MMORPG),SpiderWare,"London, England, GB",,MISSING,,"Wed, 15 Apr 2026 22:49:59 UTC",,Full-time,Remote,Marketing,Admin/Service – Office Support,HARD_PASS,hard pass title pattern: manager,ADDITIONAL,,,0.447,workable-48FA4D7C29,https://apply.workable.com/j/48FA4D7C29,https://apply.workable.com/j/48FA4D7C29,,Workable XML job feed
HARD_PASS,"Video Game Content Designer (Contract, Part-Time)",SpiderWare,"London, England, GB",,MISSING,,"Mon, 16 Feb 2026 17:20:16 UTC",,Contract,Remote,Design,Admin/Service – Office Support,OUT_OF_SCOPE,no admin/service title classification match,ADDITIONAL,,,0.400,workable-578C9D96BC,https://apply.workable.com/j/578C9D96BC,https://apply.workable.com/j/578C9D96BC,,Workable XML job feed
HARD_PASS,Commercial Finance Manager (Subscriptions),Spotlight Sports Group,"London, England, GB",,MISSING,,"Tue, 21 Jul 2026 15:01:11 UTC",,Full-time,,Finance,Admin/Service – Office Support,HARD_PASS,hard pass title pattern: manager,ADDITIONAL,,,0.426,workable-9B809F95F8,https://apply.workable.com/j/9B809F95F8,https://apply.workable.com/j/9B809F95F8,,Workable XML job feed
HARD_PASS,CRM Subscriptions Executive,Spotlight Sports Group,"London, England, GB",,MISSING,,"Fri, 17 Jul 2026 08:29:53 UTC",,Full-time,,Marketing,Admin/Service – Office Support,OUT_OF_SCOPE,no admin/service title classification match,ADDITIONAL,,,0.445,workable-F8A45465BC,https://apply.workable.com/j/F8A45465BC,https://apply.workable.com/j/F8A45465BC,,Workable XML job feed
HARD_PASS,"Deputy News Editor, Racing Post",Spotlight Sports Group,"London, England, GB",,MISSING,,"Wed, 29 Jul 2026 09:20:25 UTC",,Full-time,,Writing/Editing,Admin/Service – Office Support,OUT_OF_SCOPE,no admin/service title classification match,ADDITIONAL,,,0.434,workable-6D8BDBF651,https://apply.workable.com/j/6D8BDBF651,https://apply.workable.com/j/6D8BDBF651,,Workable XML job feed
HARD_PASS,Product Manager | Subscription conversion,Spotlight Sports Group,"London, England, GB",,MISSING,,"Thu, 25 Jun 2026 12:05:36 UTC",,Full-time,,,Admin/Service – Office Support,HARD_PASS,hard pass title pattern: manager,ADDITIONAL,,,0.423,workable-43829AF9E7,https://apply.workable.com/j/43829AF9E7,https://apply.workable.com/j/43829AF9E7,,Workable XML job feed
HARD_PASS,Senior Content Performance Analyst,Spotlight Sports Group,"London, England, GB",,MISSING,,"Thu, 30 Jul 2026 13:50:52 UTC",,Full-time,,Data Analyst,Admin/Service – Office Support,HARD_PASS,hard pass title pattern: senior,ADDITIONAL,,,0.452,workable-6ABF48B17C,https://apply.workable.com/j/6ABF48B17C,https://apply.workable.com/j/6ABF48B17C,,Workable XML job feed
HARD_PASS,Visual Editor,Spotlight Sports Group,"London, England, GB",,MISSING,,"Thu, 18 Jun 2026 14:22:53 UTC",,Full-time,,,Admin/Service – Office Support,OUT_OF_SCOPE,no admin/service title classification match,ADDITIONAL,,,0.453,workable-57F0A17C60,https://apply.workable.com/j/57F0A17C60,https://apply.workable.com/j/57F0A17C60,,Workable XML job feed
HARD_PASS,Field Service Engineer,SPT Labtech,"London, England, GB",,MISSING,,"Mon, 15 Jun 2026 08:07:45 UTC",,Full-time,Remote,Engineering,Admin/Service – Office Support,HARD_PASS,hard pass title pattern: engineer,ADDITIONAL,,,0.454,workable-16244AD527,https://apply.workable.com/j/16244AD527,https://apply.workable.com/j/16244AD527,,Workable XML job feed
HARD_PASS,"Director, Consumer & Market Insights",Square Enix,"London, England, GB",,MISSING,,"Mon, 17 Aug 2026 09:08:10 UTC",,Full-time,,Strategy/Planning,Admin/Service – Office Support,OUT_OF_SCOPE,no admin/service title classification match,ADDITIONAL,,,0.444,workable-3C1B7810AF,https://apply.workable.com/j/3C1B7810AF,https://apply.workable.com/j/3C1B7810AF,,Workable XML job feed
HARD_PASS,"Marketing Science Manager, Forecasting",Square Enix,"London, England, GB",,MISSING,,"Thu, 02 Jul 2026 20:27:30 UTC",,,,,Admin/Service – Office Support,HARD_PASS,hard pass title pattern: manager,ADDITIONAL,,,0.399,workable-DA6EA7D3C6,https://apply.workable.com/j/DA6EA7D3C6,https://apply.workable.com/j/DA6EA7D3C6,,Workable XML job feed
HARD_PASS,Senior Dev Ops Engineer,Square Enix,"London, England, GB",,MISSING,,"Thu, 09 Jul 2026 08:31:08 UTC",,Full-time,,,Admin/Service – Office Support,HARD_PASS,"hard pass title pattern: engineer, senior",ADDITIONAL,,,0.422,workable-EB800CE889,https://apply.workable.com/j/EB800CE889,https://apply.workable.com/j/EB800CE889,,Workable XML job feed
HARD_PASS,Senior Security Analyst,Square Enix,"London, England, GB",,MISSING,,"Wed, 19 Aug 2026 12:37:55 UTC",,Full-time,,Information Technology,Admin/Service – Office Support,HARD_PASS,hard pass title pattern: senior,ADDITIONAL,,,0.412,workable-CBA0FD38A4,https://apply.workable.com/j/CBA0FD38A4,https://apply.workable.com/j/CBA0FD38A4,,Workable XML job feed
HARD_PASS,Senior Stylist Consultant,SS Tech Holdings Limited,"London, Great Britain, GB",,MISSING,,"Mon, 05 Jan 2026 15:19:40 UTC",,Contract,Remote,Consulting,Admin/Service – Office Support,HARD_PASS,hard pass title pattern: senior,ADDITIONAL,,,0.499,workable-FA5E693729,https://apply.workable.com/j/FA5E693729,https://apply.workable.com/j/FA5E693729,,Workable XML job feed
HARD_PASS,Senior Stylist Influencer,SS Tech Holdings Limited,"London, England, GB",,MISSING,,"Wed, 25 Mar 2026 09:28:54 UTC",,Contract,Remote,,Admin/Service – Office Support,HARD_PASS,hard pass title pattern: senior,ADDITIONAL,,,0.454,workable-34A5FE762A,https://apply.workable.com/j/34A5FE762A,https://apply.workable.com/j/34A5FE762A,,Workable XML job feed
HARD_PASS,Senior Stylist Salon Partner and Salon Brand Ambassador,SS Tech Holdings Limited,"London, England, GB",,MISSING,,"Sat, 28 Mar 2026 18:54:27 UTC",,,Remote,,Admin/Service – Office Support,HARD_PASS,hard pass title pattern: senior,ADDITIONAL,,,0.448,workable-4BD0677D8B,https://apply.workable.com/j/4BD0677D8B,https://apply.workable.com/j/4BD0677D8B,,Workable XML job feed
HARD_PASS,Chief of Staff / Operating Partner - CEO Office,Stableton Financial AG,"London, England, GB",,MISSING,,"Mon, 15 Jun 2026 11:23:26 UTC",,Full-time,Remote,General Business,Admin/Service – Office Support,OUT_OF_SCOPE,no admin/service title classification match,ADDITIONAL,,,0.417,workable-0D1587C09E,https://apply.workable.com/j/0D1587C09E,https://apply.workable.com/j/0D1587C09E,,Workable XML job feed
HARD_PASS,Legal Counsel (f/m/d),Stableton Financial AG,"London, England, GB",,MISSING,,"Wed, 19 Aug 2026 18:41:55 UTC",,Full-time,Remote,General Business,Admin/Service – Office Support,HARD_PASS,hard pass title pattern: legal,ADDITIONAL,,,0.410,workable-6094610F87,https://apply.workable.com/j/6094610F87,https://apply.workable.com/j/6094610F87,,Workable XML job feed
HARD_PASS,(f2pool) DevOps Engineer,stakefish,"London, England, GB",,MISSING,,"Wed, 07 Jan 2026 15:38:31 UTC",,Full-time,Remote,Engineering,Admin/Service – Office Support,HARD_PASS,hard pass title pattern: engineer,ADDITIONAL,,,0.403,workable-486994B0D4,https://apply.workable.com/j/486994B0D4,https://apply.workable.com/j/486994B0D4,,Workable XML job feed
HARD_PASS,DevOps Engineer,stakefish,"London, England, GB",,MISSING,,"Wed, 07 Jan 2026 15:38:32 UTC",,Full-time,Remote,Engineering,Admin/Service – Office Support,HARD_PASS,hard pass title pattern: engineer,ADDITIONAL,,,0.427,workable-8FC077923F,https://apply.workable.com/j/8FC077923F,https://apply.workable.com/j/8FC077923F,,Workable XML job feed
HARD_PASS,Senior AI Engineer,Stakemate,"London, England, GB",,MISSING,,"Sat, 01 Aug 2026 14:51:14 UTC",,,,,Admin/Service – Office Support,HARD_PASS,"hard pass title pattern: engineer, senior",ADDITIONAL,,,0.466,workable-F3C7BBE345,https://apply.workable.com/j/F3C7BBE345,https://apply.workable.com/j/F3C7BBE345,,Workable XML job feed
HARD_PASS,Android Engineer,Starling,"London, England, GB",,MISSING,,"Wed, 08 Jul 2026 11:55:38 UTC",,Full-time,,Engineering,Admin/Service – Office Support,HARD_PASS,hard pass title pattern: engineer,ADDITIONAL,,,0.402,workable-0DA49B0B28,https://apply.workable.com/j/0DA49B0B28,https://apply.workable.com/j/0DA49B0B28,,Workable XML job feed
HARD_PASS,Assistant Company Secretary,Starling,"London, England, GB",,MISSING,,"Wed, 01 Jul 2026 10:59:25 UTC",,,,,Admin/Service – Office Support,HIGH_CONFIDENCE,high-confidence title pattern: secretary,ADDITIONAL,,,0.478,workable-A338D8FBAD,https://apply.workable.com/j/A338D8FBAD,https://apply.workable.com/j/A338D8FBAD,,Workable XML job feed
HARD_PASS,Business Development Lead - Europe - Engine by Starling,Starling,"London, England, GB",,MISSING,,"Mon, 22 Jun 2026 17:38:45 UTC",,Full-time,,Business Development,Admin/Service – Office Support,HARD_PASS,hard pass title pattern: business development,ADDITIONAL,,,0.427,workable-F406FC2C3A,https://apply.workable.com/j/F406FC2C3A,https://apply.workable.com/j/F406FC2C3A,,Workable XML job feed
HARD_PASS,Cloud Security Engineer,Starling,"London, England, GB",,MISSING,,"Tue, 24 Feb 2026 17:51:24 UTC",,Full-time,,Engineering,Admin/Service – Office Support,HARD_PASS,hard pass title pattern: engineer,ADDITIONAL,,,0.438,workable-3B7E26FC24,https://apply.workable.com/j/3B7E26FC24,https://apply.workable.com/j/3B7E26FC24,,Workable XML job feed
HARD_PASS,Database Reliability Engineer,Starling,"London, England, GB",,MISSING,,"Wed, 08 Apr 2026 12:42:29 UTC",,Full-time,,,Admin/Service – Office Support,HARD_PASS,hard pass title pattern: engineer,ADDITIONAL,,,0.393,workable-CCC0F3F287,https://apply.workable.com/j/CCC0F3F287,https://apply.workable.com/j/CCC0F3F287,,Workable XML job feed
HARD_PASS,Digital Brand Designer,Starling,"London, England, GB",,MISSING,,"Fri, 17 Jul 2026 13:52:44 UTC",,Full-time,,Marketing,Admin/Service – Office Support,OUT_OF_SCOPE,no admin/service title classification match,ADDITIONAL,,,0.427,workable-B85CDD2D6F,https://apply.workable.com/j/B85CDD2D6F,https://apply.workable.com/j/B85CDD2D6F,,Workable XML job feed
HARD_PASS,Global Mobility Tax Assistant Manager/Manager,Starling,"London, England, GB",,MISSING,,"Thu, 30 Jul 2026 09:36:35 UTC",,,,Finance,Admin/Service – Office Support,HARD_PASS,hard pass title pattern: manager,ADDITIONAL,,,0.400,workable-F8665197D5,https://apply.workable.com/j/F8665197D5,https://apply.workable.com/j/F8665197D5,,Workable XML job feed
HARD_PASS,IAM Analyst,Starling,"London, England, GB",,MISSING,,"Wed, 15 Jul 2026 12:28:30 UTC",,Full-time,,Information Technology,Admin/Service – Office Support,OUT_OF_SCOPE,no admin/service title classification match,ADDITIONAL,,,0.456,workable-9FD955F9D9,https://apply.workable.com/j/9FD955F9D9,https://apply.workable.com/j/9FD955F9D9,,Workable XML job feed
HARD_PASS,Information Security Analyst - Vulnerability Management,Starling,"London, England, GB",,MISSING,,"Fri, 10 Jul 2026 15:09:42 UTC",,Full-time,,,Admin/Service – Office Support,OUT_OF_SCOPE,no admin/service title classification match,ADDITIONAL,,,0.402,workable-CD477D17B9,https://apply.workable.com/j/CD477D17B9,https://apply.workable.com/j/CD477D17B9,,Workable XML job feed
HARD_PASS,iOS Engineer,Starling,"London, England, GB",,MISSING,,"Mon, 25 May 2026 16:38:35 UTC",,Full-time,,Engineering,Admin/Service – Office Support,HARD_PASS,hard pass title pattern: engineer,ADDITIONAL,,,0.419,workable-3533ABDA48,https://apply.workable.com/j/3533ABDA48,https://apply.workable.com/j/3533ABDA48,,Workable XML job feed
HARD_PASS,iOS Engineer - Engine by Starling,Starling,"London, England, GB",,MISSING,,"Mon, 20 Oct 2025 09:32:06 UTC",,Full-time,,Engineering,Admin/Service – Office Support,HARD_PASS,hard pass title pattern: engineer,ADDITIONAL,,,0.435,workable-0A13F0BEE0,https://apply.workable.com/j/0A13F0BEE0,https://apply.workable.com/j/0A13F0BEE0,,Workable XML job feed
HARD_PASS,Legal Counsel - Engine by Starling,Starling,"London, England, GB",,MISSING,,"Wed, 29 Jul 2026 17:28:35 UTC",,Full-time,,Legal,Admin/Service – Office Support,HARD_PASS,hard pass title pattern: legal,ADDITIONAL,,,0.431,workable-25C81C1AC2,https://apply.workable.com/j/25C81C1AC2,https://apply.workable.com/j/25C81C1AC2,,Workable XML job feed
HARD_PASS,Mobile Security Engineer,Starling,"London, England, GB",,MISSING,,"Thu, 30 Jul 2026 09:23:37 UTC",,Full-time,,Engineering,Admin/Service – Office Support,HARD_PASS,hard pass title pattern: engineer,ADDITIONAL,,,0.467,workable-6F47B55F2F,https://apply.workable.com/j/6F47B55F2F,https://apply.workable.com/j/6F47B55F2F,,Workable XML job feed
HARD_PASS,Procurement Manager,Starling,"London, England, GB",,MISSING,,"Thu, 18 Jun 2026 13:19:41 UTC",,,,Finance,Admin/Service – Office Support,HARD_PASS,hard pass title pattern: manager,ADDITIONAL,,,0.416,workable-B470A3080B,https://apply.workable.com/j/B470A3080B,https://apply.workable.com/j/B470A3080B,,Workable XML job feed
HARD_PASS,Reconciliation Specialist (12 month FTC),Starling,"London, England, GB",,MISSING,,"Fri, 14 Aug 2026 09:48:27 UTC",,,,Finance,Admin/Service – Office Support,OUT_OF_SCOPE,no admin/service title classification match,ADDITIONAL,,,0.455,workable-22796BF1E6,https://apply.workable.com/j/22796BF1E6,https://apply.workable.com/j/22796BF1E6,,Workable XML job feed
HARD_PASS,Senior Compliance Manager (12 month FTC),Starling,"London, England, GB",,MISSING,,"Mon, 15 Jun 2026 16:31:11 UTC",,,,,Admin/Service – Office Support,HARD_PASS,"hard pass title pattern: senior, manager, compliance",ADDITIONAL,,,0.433,workable-941938DC18,https://apply.workable.com/j/941938DC18,https://apply.workable.com/j/941938DC18,,Workable XML job feed
HARD_PASS,Senior iOS Engineer - Engine by Starling,Starling,"London, England, GB",,MISSING,,"Wed, 15 Jul 2026 14:15:35 UTC",,Full-time,,Engineering,Admin/Service – Office Support,HARD_PASS,"hard pass title pattern: engineer, senior",ADDITIONAL,,,0.429,workable-67BE26A576,https://apply.workable.com/j/67BE26A576,https://apply.workable.com/j/67BE26A576,,Workable XML job feed
HARD_PASS,Senior Java Software Engineer - Customer Services,Starling,"London, England, GB",,MISSING,,"Thu, 23 Apr 2026 14:29:48 UTC",,Full-time,,Engineering,Admin/Service – Office Support,HARD_PASS,"hard pass title pattern: engineer, senior",ADDITIONAL,,,0.412,workable-953817614A,https://apply.workable.com/j/953817614A,https://apply.workable.com/j/953817614A,,Workable XML job feed
HARD_PASS,Senior Java Software Engineer - Payment Schemes,Starling,"London, England, GB",,MISSING,,"Fri, 15 May 2026 17:56:21 UTC",,Full-time,,Engineering,Admin/Service – Office Support,HARD_PASS,"hard pass title pattern: engineer, senior",ADDITIONAL,,,0.404,workable-E834BF1146,https://apply.workable.com/j/E834BF1146,https://apply.workable.com/j/E834BF1146,,Workable XML job feed
HARD_PASS,Senior Legal Counsel (Employment),Starling,"London, England, GB",,MISSING,,"Wed, 15 Jul 2026 15:57:04 UTC",,,,Legal,Admin/Service – Office Support,HARD_PASS,"hard pass title pattern: senior, legal",ADDITIONAL,,,0.405,workable-7868014AFB,https://apply.workable.com/j/7868014AFB,https://apply.workable.com/j/7868014AFB,,Workable XML job feed
HARD_PASS,Senior Penetration Tester,Starling,"London, England, GB",,MISSING,,"Mon, 20 Jul 2026 14:30:01 UTC",,Full-time,,,Admin/Service – Office Support,HARD_PASS,hard pass title pattern: senior,ADDITIONAL,,,0.463,workable-4F1A58C8DC,https://apply.workable.com/j/4F1A58C8DC,https://apply.workable.com/j/4F1A58C8DC,,Workable XML job feed
HARD_PASS,Senior Solution Architect - Engine by Starling,Starling,"London, England, GB",,MISSING,,"Tue, 18 Aug 2026 08:23:16 UTC",,Full-time,,,Admin/Service – Office Support,HARD_PASS,hard pass title pattern: senior,ADDITIONAL,,,0.429,workable-EE760F35C5,https://apply.workable.com/j/EE760F35C5,https://apply.workable.com/j/EE760F35C5,,Workable XML job feed
HARD_PASS,Senior Statutory Reporting Manager,Starling,"London, England, GB",,MISSING,,"Thu, 04 Jun 2026 12:20:25 UTC",,,,Finance,Admin/Service – Office Support,HARD_PASS,"hard pass title pattern: senior, manager",ADDITIONAL,,,0.452,workable-11B91D24BC,https://apply.workable.com/j/11B91D24BC,https://apply.workable.com/j/11B91D24BC,,Workable XML job feed
HARD_PASS,Software Engineer (ML Projects),Starling,"London, England, GB",,MISSING,,"Tue, 21 Apr 2026 10:18:45 UTC",,Full-time,,Engineering,Admin/Service – Office Support,HARD_PASS,hard pass title pattern: engineer,ADDITIONAL,,,0.409,workable-5D5584B013,https://apply.workable.com/j/5D5584B013,https://apply.workable.com/j/5D5584B013,,Workable XML job feed
HARD_PASS,Software Engineer - Vulnerability Management,Starling,"London, England, GB",,MISSING,,"Fri, 10 Jul 2026 15:09:32 UTC",,Full-time,,,Admin/Service – Office Support,HARD_PASS,hard pass title pattern: engineer,ADDITIONAL,,,0.412,workable-CE9458EF8A,https://apply.workable.com/j/CE9458EF8A,https://apply.workable.com/j/CE9458EF8A,,Workable XML job feed
HARD_PASS,Staff Software Engineer (Team Lead) - Engine by Starling,Starling,"London, England, GB",,MISSING,,"Tue, 28 Oct 2025 16:17:19 UTC",,Full-time,,Engineering,Admin/Service – Office Support,HARD_PASS,hard pass title pattern: engineer,ADDITIONAL,,,0.386,workable-4256CD9067,https://apply.workable.com/j/4256CD9067,https://apply.workable.com/j/4256CD9067,,Workable XML job feed
HARD_PASS,Staff Software Engineer - Engine by Starling,Starling,"London, England, GB",,MISSING,,"Fri, 17 Jan 2025 11:51:14 UTC",,Full-time,,Engineering,Admin/Service – Office Support,HARD_PASS,hard pass title pattern: engineer,ADDITIONAL,,,0.391,workable-73802C665F,https://apply.workable.com/j/73802C665F,https://apply.workable.com/j/73802C665F,,Workable XML job feed
HARD_PASS,Technology Operations Analyst,Starling,"London, England, GB",,MISSING,,"Fri, 24 Apr 2026 16:44:34 UTC",,Full-time,,Information Technology,Admin/Service – Office Support,OUT_OF_SCOPE,no admin/service title classification match,ADDITIONAL,,,0.431,workable-8D83267CF7,https://apply.workable.com/j/8D83267CF7,https://apply.workable.com/j/8D83267CF7,,Workable XML job feed
HARD_PASS,Treasury IRRBB Analyst: Reporting Analytics,Starling,"London, England, GB",,MISSING,,"Fri, 17 Jul 2026 08:47:32 UTC",,Full-time,,Finance,Admin/Service – Office Support,OUT_OF_SCOPE,no admin/service title classification match,ADDITIONAL,,,0.433,workable-9139C26219,https://apply.workable.com/j/9139C26219,https://apply.workable.com/j/9139C26219,,Workable XML job feed
HARD_PASS,Treasury Transaction Reporting Analyst,Starling,"London, England, GB",,MISSING,,"Wed, 05 Aug 2026 14:32:28 UTC",,Full-time,,Finance,Admin/Service – Office Support,OUT_OF_SCOPE,no admin/service title classification match,ADDITIONAL,,,0.442,workable-2E114D0C9C,https://apply.workable.com/j/2E114D0C9C,https://apply.workable.com/j/2E114D0C9C,,Workable XML job feed
HARD_PASS,Web Developer,Statom Group,"London, England, GB",,MISSING,,"Thu, 09 Jul 2026 14:02:16 UTC",,Full-time,,,Admin/Service – Office Support,OUT_OF_SCOPE,no admin/service title classification match,ADDITIONAL,,,0.452,workable-5E1A432B85,https://apply.workable.com/j/5E1A432B85,https://apply.workable.com/j/5E1A432B85,,Workable XML job feed
HARD_PASS,Drainage Engineer - London,Statom Group Ltd.,"London, England, GB",,MISSING,,"Mon, 01 Dec 2025 15:21:46 UTC",,,,,Admin/Service – Office Support,HARD_PASS,hard pass title pattern: engineer,ADDITIONAL,,,0.449,workable-CC8F9BCC75,https://apply.workable.com/j/CC8F9BCC75,https://apply.workable.com/j/CC8F9BCC75,,Workable XML job feed
HARD_PASS,Experienced Groundworks and remediation Engineer,Statom Group Ltd.,"London, England, GB",,MISSING,,"Fri, 20 Mar 2026 14:43:20 UTC",,Full-time,,Engineering,Admin/Service – Office Support,HARD_PASS,hard pass title pattern: engineer,ADDITIONAL,,,0.441,workable-D2A16FF03F,https://apply.workable.com/j/D2A16FF03F,https://apply.workable.com/j/D2A16FF03F,,Workable XML job feed
HARD_PASS,Experienced Site Engineer,Statom Group Ltd.,"London, England, GB",,MISSING,,"Thu, 23 Oct 2025 11:58:20 UTC",,Full-time,,Engineering,Admin/Service – Office Support,HARD_PASS,hard pass title pattern: engineer,ADDITIONAL,,,0.480,workable-1041EB8532,https://apply.workable.com/j/1041EB8532,https://apply.workable.com/j/1041EB8532,,Workable XML job feed
HARD_PASS,IT Support Technician,Statom Group Ltd.,"London, England, GB",,MISSING,,"Fri, 26 Sep 2025 10:15:32 UTC",,Full-time,,Information Technology,Admin/Service – Office Support,HARD_PASS,hard pass title pattern: technician,ADDITIONAL,,,0.540,workable-54AD6CB33D,https://apply.workable.com/j/54AD6CB33D,https://apply.workable.com/j/54AD6CB33D,,Workable XML job feed
HARD_PASS,Principal Engineer,Statom Group Ltd.,"London, England, GB",,MISSING,,"Wed, 15 Oct 2025 08:58:54 UTC",,Full-time,,Engineering,Admin/Service – Office Support,HARD_PASS,hard pass title pattern: engineer,ADDITIONAL,,,0.516,workable-E60C09883F,https://apply.workable.com/j/E60C09883F,https://apply.workable.com/j/E60C09883F,,Workable XML job feed
HARD_PASS,Senior/Project Engineer,Statom Group Ltd.,"London, England, GB",,MISSING,,"Thu, 16 Oct 2025 10:05:28 UTC",,Full-time,,,Admin/Service – Office Support,HARD_PASS,"hard pass title pattern: engineer, senior",ADDITIONAL,,,0.476,workable-637AE606F3,https://apply.workable.com/j/637AE606F3,https://apply.workable.com/j/637AE606F3,,Workable XML job feed
HARD_PASS,Site Engineer - Piling,Statom Group Ltd.,"London, England, GB",,MISSING,,"Thu, 06 Nov 2025 12:50:12 UTC",,Full-time,,Engineering,Admin/Service – Office Support,HARD_PASS,hard pass title pattern: engineer,ADDITIONAL,,,0.423,workable-D5F9E3BFDF,https://apply.workable.com/j/D5F9E3BFDF,https://apply.workable.com/j/D5F9E3BFDF,,Workable XML job feed
HARD_PASS,Slipform Engineer - London,Statom Group Ltd.,"London, England, GB",,MISSING,,"Mon, 29 Jun 2026 10:02:09 UTC",,Contract,,Engineering,Admin/Service – Office Support,HARD_PASS,hard pass title pattern: engineer,ADDITIONAL,,,0.470,workable-9F9D275AC0,https://apply.workable.com/j/9F9D275AC0,https://apply.workable.com/j/9F9D275AC0,,Workable XML job feed
HARD_PASS,Website Developer/Designer,Statom Group Ltd.,"London, England, GB",,MISSING,,"Wed, 15 Apr 2026 15:39:54 UTC",,Full-time,,,Admin/Service – Office Support,OUT_OF_SCOPE,no admin/service title classification match,ADDITIONAL,,,0.450,workable-5826FC9CE8,https://apply.workable.com/j/5826FC9CE8,https://apply.workable.com/j/5826FC9CE8,,Workable XML job feed
HARD_PASS,Claims Associate,Steamship Insurance Management Services Ltd,"London, England, GB",,MISSING,,"Tue, 23 Jun 2026 14:30:12 UTC",,Full-time,,Other,Admin/Service – Office Support,OUT_OF_SCOPE,no admin/service title classification match,ADDITIONAL,,,0.487,workable-F6F951F6EF,https://apply.workable.com/j/F6F951F6EF,https://apply.workable.com/j/F6F951F6EF,,Workable XML job feed
HARD_PASS,Claims Executive,Steamship Insurance Management Services Ltd,"London, England, GB",,MISSING,,"Thu, 13 Aug 2026 10:50:48 UTC",,Full-time,,Other,Admin/Service – Office Support,OUT_OF_SCOPE,no admin/service title classification match,ADDITIONAL,,,0.531,workable-E086920160,https://apply.workable.com/j/E086920160,https://apply.workable.com/j/E086920160,,Workable XML job feed
HARD_PASS,Claims Executive - Cruise & Ferry,Steamship Insurance Management Services Ltd,"London, England, GB",,MISSING,,"Wed, 19 Aug 2026 15:13:14 UTC",,Full-time,,Other,Admin/Service – Office Support,OUT_OF_SCOPE,no admin/service title classification match,ADDITIONAL,,,0.470,workable-04068160F1,https://apply.workable.com/j/04068160F1,https://apply.workable.com/j/04068160F1,,Workable XML job feed
HARD_PASS,Amberside Advisors - Financial Advisory Transaction Lead,Steer,"London, England, GB",,MISSING,,"Fri, 14 Aug 2026 10:39:41 UTC",,Full-time,,Consulting,Admin/Service – Office Support,OUT_OF_SCOPE,no admin/service title classification match,ADDITIONAL,,,0.438,workable-D2A3085F0F,https://apply.workable.com/j/D2A3085F0F,https://apply.workable.com/j/D2A3085F0F,,Workable XML job feed
HARD_PASS,Amberside Advisors - Financial Modelling Manager,Steer,"London, England, GB",,MISSING,,"Fri, 14 Aug 2026 10:41:52 UTC",,Full-time,,Consulting,Admin/Service – Office Support,HARD_PASS,hard pass title pattern: manager,ADDITIONAL,,,0.451,workable-B7B95D5BA6,https://apply.workable.com/j/B7B95D5BA6,https://apply.workable.com/j/B7B95D5BA6,,Workable XML job feed
HARD_PASS,Associate Director - Sports & Major Events,Steer,"London, England, GB",,MISSING,,"Fri, 14 Aug 2026 08:49:45 UTC",,Full-time,,Consulting,Admin/Service – Office Support,OUT_OF_SCOPE,no admin/service title classification match,ADDITIONAL,,,0.436,workable-864AB1D6BD,https://apply.workable.com/j/864AB1D6BD,https://apply.workable.com/j/864AB1D6BD,,Workable XML job feed
HARD_PASS,Associate Director- Transport Development Planning,Steer,"London, England, GB",,MISSING,,"Fri, 07 Aug 2026 06:48:22 UTC",,Full-time,,Consulting,Admin/Service – Office Support,HARD_PASS,hard pass title pattern: transport,ADDITIONAL,,,0.410,workable-77B15E4B6E,https://apply.workable.com/j/77B15E4B6E,https://apply.workable.com/j/77B15E4B6E,,Workable XML job feed
HARD_PASS,Commercial Advisor,Steer,"London, England, GB",,MISSING,,"Fri, 14 Aug 2026 08:45:31 UTC",,Full-time,,Consulting,Admin/Service – Office Support,OUT_OF_SCOPE,no admin/service title classification match,ADDITIONAL,,,0.517,workable-4029AC7E55,https://apply.workable.com/j/4029AC7E55,https://apply.workable.com/j/4029AC7E55,,Workable XML job feed
HARD_PASS,CRM Manager,Steer,"London, England, GB",,MISSING,,"Thu, 18 Jun 2026 13:23:56 UTC",,Full-time,,Consulting,Admin/Service – Office Support,HARD_PASS,hard pass title pattern: manager,ADDITIONAL,,,0.404,workable-BE71C329B8,https://apply.workable.com/j/BE71C329B8,https://apply.workable.com/j/BE71C329B8,,Workable XML job feed
HARD_PASS,Evaluation Specialist: Associate / Associate Director,Steer,"London, England, GB",,MISSING,,"Thu, 11 Jun 2026 12:32:07 UTC",,Full-time,,Consulting,Admin/Service – Office Support,OUT_OF_SCOPE,no admin/service title classification match,ADDITIONAL,,,0.446,workable-BF72A58FD4,https://apply.workable.com/j/BF72A58FD4,https://apply.workable.com/j/BF72A58FD4,,Workable XML job feed
HARD_PASS,Highway & transport Design Technician,Steer,"London, England, GB",,MISSING,,"Wed, 14 Jan 2026 13:31:33 UTC",,Full-time,,Consulting,Admin/Service – Office Support,HARD_PASS,"hard pass title pattern: transport, technician",ADDITIONAL,,,0.453,workable-72B7274F80,https://apply.workable.com/j/72B7274F80,https://apply.workable.com/j/72B7274F80,,Workable XML job feed
HARD_PASS,Principal Consultant - Infrastructure Transactions,Steer,"London, England, GB",,MISSING,,"Wed, 05 Aug 2026 11:56:53 UTC",,Full-time,,Consulting,Admin/Service – Office Support,OUT_OF_SCOPE,no admin/service title classification match,ADDITIONAL,,,0.424,workable-C23EC6FA74,https://apply.workable.com/j/C23EC6FA74,https://apply.workable.com/j/C23EC6FA74,,Workable XML job feed
HARD_PASS,Senior Consultant / Consultant - Geospatial and Data Analytics,Steer,"London, England, GB","£35,000–£45,000",USABLE_REVIEW,"variety of transport and infrastructure projects. Our salary on offer is in the range of £35,000 to £45,000 depending on location and experience. What you'll be doing As a Senior Consultant / Consul","Tue, 28 Jul 2026 12:50:43 UTC",,Full-time,,Consulting,Admin/Service – Office Support,HARD_PASS,hard pass title pattern: senior,ADDITIONAL,,,0.406,workable-29B0E2B510,https://apply.workable.com/j/29B0E2B510,https://apply.workable.com/j/29B0E2B510,,Workable XML job feed
HARD_PASS,Senior Consultant / Principal Consultant - Airport Infrastructure Advisory,Steer,"London, England, GB",,MISSING,,"Tue, 11 Aug 2026 12:18:46 UTC",,Full-time,,Consulting,Admin/Service – Office Support,HARD_PASS,hard pass title pattern: senior,ADDITIONAL,,,0.429,workable-EE33C5A902,https://apply.workable.com/j/EE33C5A902,https://apply.workable.com/j/EE33C5A902,,Workable XML job feed
HARD_PASS,Senior/Principal Consultant - Planning Division,Steer,"London, England, GB",,MISSING,,"Wed, 27 May 2026 11:15:04 UTC",,Full-time,,Consulting,Admin/Service – Office Support,HARD_PASS,hard pass title pattern: senior,ADDITIONAL,,,0.396,workable-71B77B1AEE,https://apply.workable.com/j/71B77B1AEE,https://apply.workable.com/j/71B77B1AEE,,Workable XML job feed
HARD_PASS,Transport Development Planning - Senior Consultant,Steer,"London, England, GB",,MISSING,,"Thu, 28 May 2026 09:21:57 UTC",,Full-time,,Consulting,Admin/Service – Office Support,HARD_PASS,"hard pass title pattern: transport, senior",ADDITIONAL,,,0.430,workable-472319E0F6,https://apply.workable.com/j/472319E0F6,https://apply.workable.com/j/472319E0F6,,Workable XML job feed
HARD_PASS,Consulting Director,STL Partners,"London, England, GB",,MISSING,,"Thu, 04 Jun 2026 16:21:27 UTC",,Full-time,,Consulting,Admin/Service – Office Support,OUT_OF_SCOPE,no admin/service title classification match,ADDITIONAL,,,0.606,workable-8B0476096C,https://apply.workable.com/j/8B0476096C,https://apply.workable.com/j/8B0476096C,,Workable XML job feed
HARD_PASS,Senior Associate Solicitor - Education,Stone King,"London, England, GB",,MISSING,,"Tue, 04 Aug 2026 14:09:49 UTC",,Full-time,,Education,Admin/Service – Office Support,HARD_PASS,hard pass title pattern: senior,ADDITIONAL,,,0.456,workable-B757DC1283,https://apply.workable.com/j/B757DC1283,https://apply.workable.com/j/B757DC1283,,Workable XML job feed
HARD_PASS,"License Owner & Operator, London",Stranger Soccer,"London, England, GB",,MISSING,,"Thu, 20 Aug 2026 13:37:45 UTC",,,,,Admin/Service – Office Support,OUT_OF_SCOPE,no admin/service title classification match,ADDITIONAL,,,0.442,workable-3E4110E0C1,https://apply.workable.com/j/3E4110E0C1,https://apply.workable.com/j/3E4110E0C1,,Workable XML job feed
HARD_PASS,Senior Architect,Stride Treglown,"London, England, GB",,MISSING,,"Thu, 16 Jul 2026 14:56:39 UTC",,Full-time,,,Admin/Service – Office Support,HARD_PASS,hard pass title pattern: senior,ADDITIONAL,,,0.440,workable-66716B3CB6,https://apply.workable.com/j/66716B3CB6,https://apply.workable.com/j/66716B3CB6,,Workable XML job feed
HARD_PASS,Senior Technologist,Stride Treglown,"London, England, GB",,MISSING,,"Thu, 16 Jul 2026 14:54:33 UTC",,Full-time,,,Admin/Service – Office Support,HARD_PASS,hard pass title pattern: senior,ADDITIONAL,,,0.438,workable-5F4C6B4BD2,https://apply.workable.com/j/5F4C6B4BD2,https://apply.workable.com/j/5F4C6B4BD2,,Workable XML job feed
HARD_PASS,Head of Operations,StrideUp,"London, England, GB",,MISSING,,"Thu, 02 Jul 2026 22:54:18 UTC",,Full-time,,Other,Admin/Service – Office Support,OUT_OF_SCOPE,title register: no admin/service title classification match,ADDITIONAL,,,0.482,workable-2EA28A429A,https://apply.workable.com/j/2EA28A429A,https://apply.workable.com/j/2EA28A429A,,Workable XML job feed
HARD_PASS,Associate Design Director,StudioXAG,"London, England, GB","£65,000",USABLE_REVIEW,"ship Spill mental health support Cycle to work scheme Access to fitness discounts Salary: £65,000+ DOE. Please state expectations on application. Belonging and Inclusivity at StudioXAG: S","Mon, 30 Mar 2026 11:20:32 UTC",,Full-time,,Art/Creative,Admin/Service – Office Support,OUT_OF_SCOPE,no admin/service title classification match,ADDITIONAL,,,0.407,workable-BD2FA26FAD,https://apply.workable.com/j/BD2FA26FAD,https://apply.workable.com/j/BD2FA26FAD,,Workable XML job feed
HARD_PASS,Creative Studio Project Manager,StudioXAG,"London, England, GB","£35,000–£45,000",USABLE_REVIEW,"ning membership Spill mental health support Flexible and remote working available Salary: £35,000 - £45,000 Belonging and Inclusivity at StudioXAG: StudioXAG is a business that strives for equality","Fri, 13 Mar 2026 15:42:28 UTC",,Full-time,,Project Management,Admin/Service – Office Support,HARD_PASS,hard pass title pattern: manager,ADDITIONAL,,,0.373,workable-64D258C2A6,https://apply.workable.com/j/64D258C2A6,https://apply.workable.com/j/64D258C2A6,,Workable XML job feed
HARD_PASS,Design Director,StudioXAG,"London, England, GB","£70,000–£95,000",USABLE_REVIEW,"ing membership Spill mental health support Cycle to work scheme Fitness discounts Salary: £70,000- £95,000 Belonging & Inclusivity at StudioXAG StudioXAG is a business that strives for equality for","Tue, 19 May 2026 15:47:11 UTC",,Full-time,,Design,Admin/Service – Office Support,OUT_OF_SCOPE,no admin/service title classification match,ADDITIONAL,,,0.410,workable-8320EA67EE,https://apply.workable.com/j/8320EA67EE,https://apply.workable.com/j/8320EA67EE,,Workable XML job feed
HARD_PASS,Freelance Creative Studio Senior Project Manager,StudioXAG,"London, England, GB",,MISSING,,"Thu, 05 Mar 2026 16:47:36 UTC",,Temporary,,Project Management,Admin/Service – Office Support,HARD_PASS,"hard pass title pattern: senior, manager",ADDITIONAL,,,0.374,workable-BC8AE58F80,https://apply.workable.com/j/BC8AE58F80,https://apply.workable.com/j/BC8AE58F80,,Workable XML job feed
HARD_PASS,Freelance Design Director,StudioXAG,"London, England, GB",,MISSING,,"Fri, 26 Jun 2026 16:28:18 UTC",,Contract,,,Admin/Service – Office Support,OUT_OF_SCOPE,no admin/service title classification match,ADDITIONAL,,,0.428,workable-F9A7CB5643,https://apply.workable.com/j/F9A7CB5643,https://apply.workable.com/j/F9A7CB5643,,Workable XML job feed
HARD_PASS,Freelance Production Manager,StudioXAG,"London, England, GB",,MISSING,,"Thu, 02 Apr 2026 15:38:48 UTC",,Temporary,,Product Management,Admin/Service – Office Support,HARD_PASS,"hard pass title pattern: production, manager",ADDITIONAL,,,0.404,workable-0035A5EDE7,https://apply.workable.com/j/0035A5EDE7,https://apply.workable.com/j/0035A5EDE7,,Workable XML job feed
HARD_PASS,Freelance Project Managers,StudioXAG,"London, England, GB","£250,000",USABLE_REVIEW,"multiple projects of different sizes Typically managing annual project budgets of approx £250,000 - £1,000,000 Managing client relationships Main point of contact for your given project cl","Thu, 05 Mar 2026 16:47:09 UTC",,Temporary,,Project Management,Admin/Service – Office Support,HARD_PASS,hard pass title pattern: manager,ADDITIONAL,,,0.378,workable-12A37D8CAE,https://apply.workable.com/j/12A37D8CAE,https://apply.workable.com/j/12A37D8CAE,,Workable XML job feed
HARD_PASS,Freelance Senior 3D Designer,StudioXAG,"London, England, GB",,MISSING,,"Tue, 13 May 2025 11:10:10 UTC",,Temporary,,Design,Admin/Service – Office Support,HARD_PASS,hard pass title pattern: senior,ADDITIONAL,,,0.416,workable-A746FDAA4C,https://apply.workable.com/j/A746FDAA4C,https://apply.workable.com/j/A746FDAA4C,,Workable XML job feed
HARD_PASS,Freelance Senior Artworker,StudioXAG,"London, England, GB",,MISSING,,"Mon, 27 Jul 2026 11:00:29 UTC",,Temporary,,Design,Admin/Service – Office Support,HARD_PASS,hard pass title pattern: senior,ADDITIONAL,,,0.424,workable-FE159F5EE2,https://apply.workable.com/j/FE159F5EE2,https://apply.workable.com/j/FE159F5EE2,,Workable XML job feed
HARD_PASS,Freelance Senior Carpenter,StudioXAG,"London, England, GB",,MISSING,,"Thu, 05 Mar 2026 16:47:48 UTC",,Contract,,,Admin/Service – Office Support,HARD_PASS,hard pass title pattern: senior,ADDITIONAL,,,0.374,workable-CE3B910F40,https://apply.workable.com/j/CE3B910F40,https://apply.workable.com/j/CE3B910F40,,Workable XML job feed
HARD_PASS,Freelance Talent - Open Application,StudioXAG,"London, England, GB",,MISSING,,"Tue, 24 Mar 2026 08:52:50 UTC",,Contract,,,Admin/Service – Office Support,OUT_OF_SCOPE,no admin/service title classification match,ADDITIONAL,,,0.427,workable-8CA6A69596,https://apply.workable.com/j/8CA6A69596,https://apply.workable.com/j/8CA6A69596,,Workable XML job feed
HARD_PASS,Senior Production Manager,StudioXAG,"London, GB","£45,000–£60,000",USABLE_REVIEW,"ning membership Spill mental health support Flexible and remote working available Salary: £45,000-60,000 per annum. Please state expectations on application. Location: This role is based in our E","Tue, 18 Aug 2026 09:28:52 UTC",,Full-time,,Product Management,Admin/Service – Office Support,HARD_PASS,"hard pass title pattern: production, senior, manager",ADDITIONAL,,,0.400,workable-FD7AD54BD8,https://apply.workable.com/j/FD7AD54BD8,https://apply.workable.com/j/FD7AD54BD8,,Workable XML job feed
HARD_PASS,Business Development Representative/Sales Development Representative,Suade,"London, England, GB","£35,000–£40,000",USABLE_REVIEW,"e in the industry, and have the opportunity to develop into an Account Executive. Salary: £35,000 to £40,000 plus commission, based on experience Please note: We are unable to offer visa sponsorship","Fri, 24 Jul 2026 17:39:04 UTC",,Full-time,,Sales,Admin/Service – Office Support,HARD_PASS,hard pass title pattern: business development,ADDITIONAL,,,0.444,workable-57B10F8875,https://apply.workable.com/j/57B10F8875,https://apply.workable.com/j/57B10F8875,,Workable XML job feed
HARD_PASS,Enterprise Sales Account Executive - UK - 2026,Suade,"London, England, GB",,MISSING,,"Wed, 19 Aug 2026 15:51:11 UTC",,Full-time,,Sales,Admin/Service – Office Support,OUT_OF_SCOPE,no admin/service title classification match,ADDITIONAL,,,0.426,workable-88CB3A6F52,https://apply.workable.com/j/88CB3A6F52,https://apply.workable.com/j/88CB3A6F52,,Workable XML job feed
HARD_PASS,Junior Account Executive,Suade,"London, England, GB","£35,000–£40,000",USABLE_REVIEW,"e in the industry, and have the opportunity to develop into an Account Executive. Salary: £35,000 to £40,000 plus commission, based on experience Please note: We are unable to offer visa sponsorship","Fri, 24 Jul 2026 17:41:03 UTC",,Full-time,,Sales,Admin/Service – Office Support,OUT_OF_SCOPE,no admin/service title classification match,ADDITIONAL,,,0.448,workable-2A0561868C,https://apply.workable.com/j/2A0561868C,https://apply.workable.com/j/2A0561868C,,Workable XML job feed
HARD_PASS,Mid-level Backend Engineer,Suade,"London, England, GB","£50,000–£60,000",USABLE_REVIEW,"t scale and want your work to have real-world impact, we'd love to hear from you. Salary: £50,000 to £60,000 based on experience Please note: We are unable to offer visa sponsorship for this role. Ca","Fri, 17 Jul 2026 10:42:33 UTC",,Full-time,,Engineering,Admin/Service – Office Support,HARD_PASS,hard pass title pattern: engineer,ADDITIONAL,,,0.436,workable-55492896DC,https://apply.workable.com/j/55492896DC,https://apply.workable.com/j/55492896DC,,Workable XML job feed
HARD_PASS,Mid-Level Software Engineer (Python) - RegTech - UK,Suade,"London, England, GB","£50,000–£65,000",USABLE_REVIEW,"al teams to turn their knowledge into working code, we would like to talk to you. Salary: £50,000 to £65,000 based on experience Please note: We are unable to offer visa sponsorship for this role. Ca","Tue, 04 Aug 2026 22:14:10 UTC",,Full-time,,Engineering,Admin/Service – Office Support,HARD_PASS,hard pass title pattern: engineer,ADDITIONAL,,,0.428,workable-FB100B3F08,https://apply.workable.com/j/FB100B3F08,https://apply.workable.com/j/FB100B3F08,,Workable XML job feed
HARD_PASS,Regulatory Change Implementation Specialist - 2026,Suade,"London, England, GB",,MISSING,,"Wed, 25 Mar 2026 17:44:34 UTC",,Full-time,,,Admin/Service – Office Support,OUT_OF_SCOPE,no admin/service title classification match,ADDITIONAL,,,0.432,workable-A25A672F51,https://apply.workable.com/j/A25A672F51,https://apply.workable.com/j/A25A672F51,,Workable XML job feed
HARD_PASS,Regulatory Reporting Implementation Specialist - 2026,Suade,"London, England, GB",,MISSING,,"Tue, 09 Jun 2026 16:26:13 UTC",,Full-time,,,Admin/Service – Office Support,OUT_OF_SCOPE,no admin/service title classification match,ADDITIONAL,,,0.454,workable-72B43F13B0,https://apply.workable.com/j/72B43F13B0,https://apply.workable.com/j/72B43F13B0,,Workable XML job feed
HARD_PASS,Senior Pre-Sales Consultant,Suade,"London, England, GB","£80,000–£110,000",USABLE_REVIEW,"Represent Suade at industry conferences, roundtables, webinars, and client events Salary: £80,000 to £110,000, based on experience Please note: We are unable to offer visa sponsorship for this role.","Thu, 16 Jul 2026 08:22:54 UTC",,Full-time,,Engineering,Admin/Service – Office Support,HARD_PASS,"hard pass title pattern: sales consultant, senior",ADDITIONAL,,,0.509,workable-0DD562F49E,https://apply.workable.com/j/0DD562F49E,https://apply.workable.com/j/0DD562F49E,,Workable XML job feed
HARD_PASS,Senior Regulatory Reporting Specialist - 2026,Suade,"London, England, GB",,MISSING,,"Wed, 21 Jan 2026 16:10:03 UTC",,Full-time,,,Admin/Service – Office Support,HARD_PASS,hard pass title pattern: senior,ADDITIONAL,,,0.428,workable-B9126AC13F,https://apply.workable.com/j/B9126AC13F,https://apply.workable.com/j/B9126AC13F,,Workable XML job feed
HARD_PASS,Software Engineer (Data),Suade,"London, England, GB","£60,000–£70,000",USABLE_REVIEW,"in knowledge into robust data pipelines and models, we would like to talk to you. Salary: £60,000 to £70,000 based on experience Please note: We are unable to offer visa sponsorship for this role. Ca","Mon, 03 Aug 2026 15:33:26 UTC",,Full-time,,Engineering,Admin/Service – Office Support,HARD_PASS,hard pass title pattern: engineer,ADDITIONAL,,,0.495,workable-F3B812D176,https://apply.workable.com/j/F3B812D176,https://apply.workable.com/j/F3B812D176,,Workable XML job feed
HARD_PASS,Climate Scientist (Supply),Supercritical,"London, England, GB","£50,000–£62,500",USABLE_REVIEW,"will use an Employer of Record arrangement in these circumstances. Benefits Basic salary: £50,000–£62,500 per annum, dependent on experience Annual leave: unlimited One company-wide day off on the","Mon, 22 Jun 2026 12:22:09 UTC",,Full-time,Remote,Science,Admin/Service – Office Support,OUT_OF_SCOPE,no admin/service title classification match,ADDITIONAL,,,0.462,workable-1ACB49DDA4,https://apply.workable.com/j/1ACB49DDA4,https://apply.workable.com/j/1ACB49DDA4,,Workable XML job feed
HARD_PASS,Editorial & Executive Assistant,Superyachts.com,"London, England, GB","£28,000–£34,000",USABLE_REVIEW,"would be advantageous. Must have a valid passport and be admissible to the USA. Benefits £28,000–£34,000 salary. Hybrid working. International travel opportunities. Exposure to world-leading luxu","Tue, 18 Aug 2026 10:04:36 UTC",,,,,Admin/Service – Office Support,OUT_OF_SCOPE,no admin/service title classification match,ADDITIONAL,,,0.546,workable-0677B8039D,https://apply.workable.com/j/0677B8039D,https://apply.workable.com/j/0677B8039D,,Workable XML job feed
HARD_PASS,Lead Generation & Commercial Support Executive,Superyachts.com,"London, England, GB","£28,000–£34,000",USABLE_REVIEW,"ospitality or superyacht industries would be advantageous, but is not essential. Benefits £28,000–£34,000 salary. Hybrid working. International travel opportunities. Exposure to world-leading luxu","Tue, 18 Aug 2026 10:49:31 UTC",,Full-time,,,Admin/Service – Office Support,OUT_OF_SCOPE,no admin/service title classification match,ADDITIONAL,,,0.404,workable-5EF581FB09,https://apply.workable.com/j/5EF581FB09,https://apply.workable.com/j/5EF581FB09,,Workable XML job feed
HARD_PASS,"(fluent English & German) Data Entry Specialist, Banking (remotely)",SupportYourApp,"London, England, GB",,MISSING,,"Mon, 17 Aug 2026 13:42:02 UTC",,Contract,Remote,,Admin/Service – Office Support,HIGH_CONFIDENCE,high-confidence title pattern: data entry,ADDITIONAL,,,0.383,workable-626336BDCD,https://apply.workable.com/j/626336BDCD,https://apply.workable.com/j/626336BDCD,,Workable XML job feed
HARD_PASS,CRM & Retention Lead,SURI,"London, England, GB",,MISSING,,"Fri, 07 Aug 2026 13:57:36 UTC",,Full-time,,,Admin/Service – Office Support,OUT_OF_SCOPE,no admin/service title classification match,ADDITIONAL,,,0.425,workable-0876DFB168,https://apply.workable.com/j/0876DFB168,https://apply.workable.com/j/0876DFB168,,Workable XML job feed
HARD_PASS,Customer Experience Manager,SURI,"London, England, GB",,MISSING,,"Fri, 29 May 2026 10:51:43 UTC",,Full-time,,Quality Assurance,Admin/Service – Office Support,HARD_PASS,hard pass title pattern: manager,ADDITIONAL,,,0.413,workable-7F83EE4D8D,https://apply.workable.com/j/7F83EE4D8D,https://apply.workable.com/j/7F83EE4D8D,,Workable XML job feed
HARD_PASS,"Influencer Intern (3 months, 2x roles available)",SURI,"London, England, GB",,MISSING,,"Fri, 14 Aug 2026 17:05:16 UTC",,Temporary,,,Admin/Service – Office Support,OUT_OF_SCOPE,no admin/service title classification match,ADDITIONAL,,,0.366,workable-DA00785471,https://apply.workable.com/j/DA00785471,https://apply.workable.com/j/DA00785471,,Workable XML job feed
HARD_PASS,Junior Influencer Manager (UK),SURI,"London, England, GB",,MISSING,,"Fri, 14 Aug 2026 13:27:23 UTC",,Full-time,,Marketing,Admin/Service – Office Support,HARD_PASS,hard pass title pattern: manager,ADDITIONAL,,,0.384,workable-B985AB41AB,https://apply.workable.com/j/B985AB41AB,https://apply.workable.com/j/B985AB41AB,,Workable XML job feed
HARD_PASS,Senior CRM & Retention Executive,SURI,"London, England, GB",,MISSING,,"Wed, 12 Aug 2026 09:02:13 UTC",,Full-time,,Marketing,Admin/Service – Office Support,HARD_PASS,hard pass title pattern: senior,ADDITIONAL,,,0.380,workable-4D5C9D6486,https://apply.workable.com/j/4D5C9D6486,https://apply.workable.com/j/4D5C9D6486,,Workable XML job feed
HARD_PASS,Senior NPD Manager (Wet products),SURI,"London, England, GB",,MISSING,,"Thu, 02 Jul 2026 17:03:44 UTC",,Full-time,,Project Management,Admin/Service – Office Support,HARD_PASS,"hard pass title pattern: senior, manager",ADDITIONAL,,,0.377,workable-39E7C068EE,https://apply.workable.com/j/39E7C068EE,https://apply.workable.com/j/39E7C068EE,,Workable XML job feed
HARD_PASS,Talent Acquisition Manager (12 month FTC),SURI,"London, England, GB",,MISSING,,"Thu, 06 Aug 2026 11:26:55 UTC",,Contract,,Human Resources,Admin/Service – Office Support,HARD_PASS,hard pass title pattern: manager,ADDITIONAL,,,0.446,workable-69D355D8D4,https://apply.workable.com/j/69D355D8D4,https://apply.workable.com/j/69D355D8D4,,Workable XML job feed
HARD_PASS,Electrician,Surrey Cricket Club,"London, England, GB",,MISSING,,"Thu, 04 Jun 2026 16:27:38 UTC",,Full-time,,Engineering,Admin/Service – Office Support,HARD_PASS,hard pass title pattern: electrician,ADDITIONAL,,,0.423,workable-E4644E9B60,https://apply.workable.com/j/E4644E9B60,https://apply.workable.com/j/E4644E9B60,,Workable XML job feed
HARD_PASS,Groundsperson (Casual),Surrey Cricket Club,"London, England, GB",,MISSING,,"Fri, 03 Jul 2026 10:51:31 UTC",,Temporary,,,Admin/Service – Office Support,OUT_OF_SCOPE,no admin/service title classification match,ADDITIONAL,,,0.404,workable-656680889F,https://apply.workable.com/j/656680889F,https://apply.workable.com/j/656680889F,,Workable XML job feed
HARD_PASS,Housekeeping Team Member,Surrey Cricket Club,"London, England, GB",,MISSING,,"Sat, 29 Nov 2025 18:02:28 UTC",,Other,,,Admin/Service – Office Support,OUT_OF_SCOPE,no admin/service title classification match,ADDITIONAL,,,0.419,workable-CCDF76E59F,https://apply.workable.com/j/CCDF76E59F,https://apply.workable.com/j/CCDF76E59F,,Workable XML job feed
HARD_PASS,Rehabilitation Physiotherapist (Part-time),Surrey Cricket Club,"London, England, GB",,MISSING,,"Fri, 17 Jul 2026 17:50:29 UTC",,Part-time,,,Admin/Service – Office Support,HARD_PASS,hard pass title pattern: therapist,ADDITIONAL,,,0.456,workable-1BEE30D61E,https://apply.workable.com/j/1BEE30D61E,https://apply.workable.com/j/1BEE30D61E,,Workable XML job feed
HARD_PASS,Women’s and Girls Physiotherapist,Surrey Cricket Club,"London, England, GB",,MISSING,,"Fri, 17 Jul 2026 17:40:15 UTC",,Full-time,,,Admin/Service – Office Support,HARD_PASS,hard pass title pattern: therapist,ADDITIONAL,,,0.422,workable-5F1BD19748,https://apply.workable.com/j/5F1BD19748,https://apply.workable.com/j/5F1BD19748,,Workable XML job feed
HARD_PASS,Adoption Consultant,Sword Group,"London, England, GB",,MISSING,,"Thu, 14 May 2026 09:07:36 UTC",,Full-time,,Information Technology,Admin/Service – Office Support,OUT_OF_SCOPE,no admin/service title classification match,ADDITIONAL,,,0.476,workable-658F0C1A17,https://apply.workable.com/j/658F0C1A17,https://apply.workable.com/j/658F0C1A17,,Workable XML job feed
HARD_PASS,AI & Automation Lead,Sword Group,"London, England, GB",,MISSING,,"Wed, 27 May 2026 14:19:58 UTC",,Full-time,,Information Technology,Admin/Service – Office Support,OUT_OF_SCOPE,no admin/service title classification match,ADDITIONAL,,,0.489,workable-C48F12C7C5,https://apply.workable.com/j/C48F12C7C5,https://apply.workable.com/j/C48F12C7C5,,Workable XML job feed
HARD_PASS,AI Solution Architect,Sword Group,"London, England, GB",,MISSING,,"Fri, 07 Aug 2026 07:47:08 UTC",,Full-time,,Information Technology,Admin/Service – Office Support,OUT_OF_SCOPE,no admin/service title classification match,ADDITIONAL,,,0.495,workable-4731F1D1CE,https://apply.workable.com/j/4731F1D1CE,https://apply.workable.com/j/4731F1D1CE,,Workable XML job feed
HARD_PASS,Digital Workplace Engineer,Sword Group,"London, England, GB",,MISSING,,"Tue, 12 May 2026 14:52:02 UTC",,,Remote,,Admin/Service – Office Support,HARD_PASS,hard pass title pattern: engineer,ADDITIONAL,,,0.481,workable-4914A9EC32,https://apply.workable.com/j/4914A9EC32,https://apply.workable.com/j/4914A9EC32,,Workable XML job feed
HARD_PASS,Modern Endpoint/ EUC Architect,Sword Group,"London, England, GB",,MISSING,,"Wed, 27 May 2026 17:09:32 UTC",,Contract,,,Admin/Service – Office Support,OUT_OF_SCOPE,no admin/service title classification match,ADDITIONAL,,,0.507,workable-80352E3CBE,https://apply.workable.com/j/80352E3CBE,https://apply.workable.com/j/80352E3CBE,,Workable XML job feed
HARD_PASS,OT Engineer,Sword Group,"London, England, GB",,MISSING,,"Tue, 10 Mar 2026 16:24:36 UTC",,Full-time,,,Admin/Service – Office Support,HARD_PASS,hard pass title pattern: engineer,ADDITIONAL,,,0.449,workable-0CD8754CC8,https://apply.workable.com/j/0CD8754CC8,https://apply.workable.com/j/0CD8754CC8,,Workable XML job feed
HARD_PASS,OT Security Consultant,Sword Group,"London, England, GB",,MISSING,,"Tue, 10 Mar 2026 16:38:53 UTC",,Full-time,,Information Technology,Admin/Service – Office Support,OUT_OF_SCOPE,no admin/service title classification match,ADDITIONAL,,,0.493,workable-4A1C9C183B,https://apply.workable.com/j/4A1C9C183B,https://apply.workable.com/j/4A1C9C183B,,Workable XML job feed
HARD_PASS,Subsurface Data Manager,Sword Group,"London, England, GB",,MISSING,,"Tue, 30 Jun 2026 09:48:25 UTC",,Full-time,Remote,,Admin/Service – Office Support,HARD_PASS,hard pass title pattern: manager,ADDITIONAL,,,0.492,workable-FF7F688543,https://apply.workable.com/j/FF7F688543,https://apply.workable.com/j/FF7F688543,,Workable XML job feed
HARD_PASS,Technical Design Authority,Sword Group,"London, England, GB",,MISSING,,"Thu, 20 Aug 2026 10:13:03 UTC",,Full-time,,Information Technology,Admin/Service – Office Support,OUT_OF_SCOPE,no admin/service title classification match,ADDITIONAL,,,0.500,workable-3F1AF19057,https://apply.workable.com/j/3F1AF19057,https://apply.workable.com/j/3F1AF19057,,Workable XML job feed
HARD_PASS,Assistant Stock Manager (M/F) - Permanent - London,Sézane,"London, England, GB",,MISSING,,"Tue, 31 Mar 2026 07:57:08 UTC",,Full-time,,Sales,Admin/Service – Office Support,HARD_PASS,hard pass title pattern: manager,ADDITIONAL,,,0.416,workable-E220A551E9,https://apply.workable.com/j/E220A551E9,https://apply.workable.com/j/E220A551E9,,Workable XML job feed
HARD_PASS,Department Manager (M/F) - Permanent - London,Sézane,"London, England, GB",,MISSING,,"Tue, 31 Mar 2026 07:52:24 UTC",,Full-time,,Sales,Admin/Service – Office Support,HARD_PASS,hard pass title pattern: manager,ADDITIONAL,,,0.432,workable-4F929C9D1F,https://apply.workable.com/j/4F929C9D1F,https://apply.workable.com/j/4F929C9D1F,,Workable XML job feed
HARD_PASS,Sales Assistant (M/F) - Full Time (40H) - London,Sézane,"London, England, GB",,MISSING,,"Thu, 09 Jul 2026 09:06:47 UTC",,,,,Admin/Service – Office Support,OUT_OF_SCOPE,no admin/service title classification match,ADDITIONAL,,,0.479,workable-565829C31A,https://apply.workable.com/j/565829C31A,https://apply.workable.com/j/565829C31A,,Workable XML job feed
HARD_PASS,Sales Assistant (M/F) - Part Time - London,Sézane,"London, England, GB",,MISSING,,"Thu, 09 Jul 2026 09:11:57 UTC",,,,,Admin/Service – Office Support,OUT_OF_SCOPE,no admin/service title classification match,ADDITIONAL,,,0.491,workable-E8F0FC9053,https://apply.workable.com/j/E8F0FC9053,https://apply.workable.com/j/E8F0FC9053,,Workable XML job feed
HARD_PASS,Stockist - Permanent full time (40H) - London (M/F),Sézane,"London, England, GB",,MISSING,,"Tue, 02 Jun 2026 13:06:00 UTC",,Contract,,,Admin/Service – Office Support,OUT_OF_SCOPE,no admin/service title classification match,ADDITIONAL,,,0.448,workable-3621901849,https://apply.workable.com/j/3621901849,https://apply.workable.com/j/3621901849,,Workable XML job feed
HARD_PASS,Store Manager (M/F) - Permanent - London,Sézane,"London, England, GB",,MISSING,,"Tue, 14 Apr 2026 16:48:24 UTC",,Full-time,,Sales,Admin/Service – Office Support,HARD_PASS,hard pass title pattern: manager,ADDITIONAL,,,0.452,workable-72C7C9A700,https://apply.workable.com/j/72C7C9A700,https://apply.workable.com/j/72C7C9A700,,Workable XML job feed
HARD_PASS,Visual Merchandiser (M/F) - Permanent - London,Sézane,"London, England, GB",,MISSING,,"Tue, 31 Mar 2026 07:52:25 UTC",,Full-time,,,Admin/Service – Office Support,OUT_OF_SCOPE,no admin/service title classification match,ADDITIONAL,,,0.465,workable-463FE3F09D,https://apply.workable.com/j/463FE3F09D,https://apply.workable.com/j/463FE3F09D,,Workable XML job feed
HARD_PASS,First Line Service Desk Analyst,T-Tech,"London, England, GB",,MISSING,,"Wed, 08 Jul 2026 08:55:33 UTC",,Full-time,,Information Technology,Admin/Service – Office Support,ELASTIC_FIT,elastic-fit title pattern: service desk,ADDITIONAL,,,0.499,workable-787569A7FC,https://apply.workable.com/j/787569A7FC,https://apply.workable.com/j/787569A7FC,,Workable XML job feed
HARD_PASS,Technical Account Manager,T-Tech,"London, England, GB",,MISSING,,"Thu, 09 Jul 2026 13:41:53 UTC",,,,,Admin/Service – Office Support,HARD_PASS,"hard pass title pattern: account manager, manager",ADDITIONAL,,,0.444,workable-7BA07D9C97,https://apply.workable.com/j/7BA07D9C97,https://apply.workable.com/j/7BA07D9C97,,Workable XML job feed
HARD_PASS,Technology Consultant (Accountancy),T-Tech,"London, England, GB",,MISSING,,"Mon, 13 Jul 2026 13:38:12 UTC",,,,,Admin/Service – Office Support,OUT_OF_SCOPE,no admin/service title classification match,ADDITIONAL,,,0.442,workable-BC67EEB556,https://apply.workable.com/j/BC67EEB556,https://apply.workable.com/j/BC67EEB556,,Workable XML job feed
HARD_PASS,Insight Sales Executive,Tecsa,"London, England, GB",,MISSING,,"Tue, 18 Aug 2026 10:58:15 UTC",,Full-time,,,Admin/Service – Office Support,HARD_PASS,hard pass title pattern: sales executive,ADDITIONAL,,,0.405,workable-480EAF80A7,https://apply.workable.com/j/480EAF80A7,https://apply.workable.com/j/480EAF80A7,,Workable XML job feed
HARD_PASS,Supplier Insight Manager - Supplier collaboration team,Tecsa,"London, England, GB",,MISSING,,"Fri, 26 Jun 2026 09:06:19 UTC",,,,,Admin/Service – Office Support,HARD_PASS,hard pass title pattern: manager,ADDITIONAL,,,0.406,workable-613D8B6A90,https://apply.workable.com/j/613D8B6A90,https://apply.workable.com/j/613D8B6A90,,Workable XML job feed
HARD_PASS,Technical Account Manager - Supplier collaboration team,Tecsa,"London, England, GB",,MISSING,,"Fri, 26 Jun 2026 09:02:11 UTC",,,,,Admin/Service – Office Support,HARD_PASS,"hard pass title pattern: account manager, manager",ADDITIONAL,,,0.430,workable-C65C756B5B,https://apply.workable.com/j/C65C756B5B,https://apply.workable.com/j/C65C756B5B,,Workable XML job feed
HARD_PASS,Lead Engineer,Ten Group,"London, England, GB",,MISSING,,"Fri, 05 Jun 2026 08:25:05 UTC",,Full-time,,,Admin/Service – Office Support,HARD_PASS,hard pass title pattern: engineer,ADDITIONAL,,,0.502,workable-168660352C,https://apply.workable.com/j/168660352C,https://apply.workable.com/j/168660352C,,Workable XML job feed
HARD_PASS,Partnership Manager - Dining (6-Month Contract),Ten Group,"London, England, GB",,MISSING,,"Fri, 10 Jul 2026 13:22:14 UTC",,Contract,,Customer Service,Admin/Service – Office Support,HARD_PASS,hard pass title pattern: manager,ADDITIONAL,,,0.538,workable-B4C7FC9530,https://apply.workable.com/j/B4C7FC9530,https://apply.workable.com/j/B4C7FC9530,,Workable XML job feed
HARD_PASS,Premium Travel Consultant - Arabic Leisure Market,Ten Group,"London, England, GB",,MISSING,,"Tue, 07 Jul 2026 12:04:18 UTC",,Full-time,,Customer Service,Admin/Service – Office Support,OUT_OF_SCOPE,no admin/service title classification match,ADDITIONAL,,,0.500,workable-D1B650D278,https://apply.workable.com/j/D1B650D278,https://apply.workable.com/j/D1B650D278,,Workable XML job feed
HARD_PASS,REGISTER YOUR INTEREST - Private Membership Manager,Ten Group,"London, England, GB",,MISSING,,"Mon, 11 May 2026 18:05:01 UTC",,Full-time,,Customer Service,Admin/Service – Office Support,HARD_PASS,hard pass title pattern: manager,ADDITIONAL,,,0.519,workable-92699C9274,https://apply.workable.com/j/92699C9274,https://apply.workable.com/j/92699C9274,,Workable XML job feed
HARD_PASS,"REGISTER YOUR INTEREST - Roles in Technology, across various functions",Ten Group,"London, England, GB",,MISSING,,"Fri, 16 Jan 2026 13:15:27 UTC",,Full-time,,Information Technology,Admin/Service – Office Support,OUT_OF_SCOPE,no admin/service title classification match,ADDITIONAL,,,0.500,workable-5E65B8A158,https://apply.workable.com/j/5E65B8A158,https://apply.workable.com/j/5E65B8A158,,Workable XML job feed
HARD_PASS,Senior Account Manager,Ten Group,"London, England, GB",,MISSING,,"Tue, 30 Jun 2026 10:34:06 UTC",,Full-time,,,Admin/Service – Office Support,HARD_PASS,"hard pass title pattern: account manager, senior, manager",ADDITIONAL,,,0.562,workable-68CA7ABC27,https://apply.workable.com/j/68CA7ABC27,https://apply.workable.com/j/68CA7ABC27,,Workable XML job feed
HARD_PASS,Senior Partnership Manager - EMEA,Ten Group,"London, England, GB",,MISSING,,"Wed, 15 Jul 2026 13:44:54 UTC",,Full-time,,Customer Service,Admin/Service – Office Support,HARD_PASS,"hard pass title pattern: senior, manager",ADDITIONAL,,,0.576,workable-D9CDB01712,https://apply.workable.com/j/D9CDB01712,https://apply.workable.com/j/D9CDB01712,,Workable XML job feed
HARD_PASS,Senior Partnership Manager | Entertainment,Ten Group,"London, England, GB",,MISSING,,"Wed, 05 Aug 2026 14:54:57 UTC",,Full-time,,Customer Service,Admin/Service – Office Support,HARD_PASS,"hard pass title pattern: senior, manager",ADDITIONAL,,,0.587,workable-4F068F2A20,https://apply.workable.com/j/4F068F2A20,https://apply.workable.com/j/4F068F2A20,,Workable XML job feed
HARD_PASS,Senior Product Manager,Ten Group,"London, England, GB",,MISSING,,"Fri, 17 Apr 2026 17:11:56 UTC",,Full-time,,,Admin/Service – Office Support,HARD_PASS,"hard pass title pattern: senior, manager",ADDITIONAL,,,0.578,workable-2B2458D4E0,https://apply.workable.com/j/2B2458D4E0,https://apply.workable.com/j/2B2458D4E0,,Workable XML job feed
HARD_PASS,Travel Consultant - French speaking,Ten Group,"London, England, GB",,MISSING,,"Mon, 17 Aug 2026 16:05:47 UTC",,Full-time,Remote,,Admin/Service – Office Support,OUT_OF_SCOPE,no admin/service title classification match,ADDITIONAL,,,0.511,workable-C8809CE367,https://apply.workable.com/j/C8809CE367,https://apply.workable.com/j/C8809CE367,,Workable XML job feed
HARD_PASS,Travel Consultant - German speaking,Ten Group,"London, England, GB",,MISSING,,"Mon, 20 Jul 2026 09:05:39 UTC",,Full-time,Remote,Customer Service,Admin/Service – Office Support,OUT_OF_SCOPE,no admin/service title classification match,ADDITIONAL,,,0.502,workable-72014DE96E,https://apply.workable.com/j/72014DE96E,https://apply.workable.com/j/72014DE96E,,Workable XML job feed
HARD_PASS,Travel Lifestyle Manager - Arabic Speaking | Overnight,Ten Group,"London, England, GB",,MISSING,,"Tue, 07 Jul 2026 07:47:40 UTC",,Full-time,,Customer Service,Admin/Service – Office Support,HARD_PASS,hard pass title pattern: manager,ADDITIONAL,,,0.495,workable-B09D6E1110,https://apply.workable.com/j/B09D6E1110,https://apply.workable.com/j/B09D6E1110,,Workable XML job feed
HARD_PASS,日本語Nativeコンシェルジュスタッフ UK在住,Ten Group,"London, England, GB",,MISSING,,"Wed, 08 Jul 2026 06:28:11 UTC",,Full-time,,,Admin/Service – Office Support,OUT_OF_SCOPE,no admin/service title classification match,ADDITIONAL,,,0.461,workable-F8FA6E606A,https://apply.workable.com/j/F8FA6E606A,https://apply.workable.com/j/F8FA6E606A,,Workable XML job feed
HARD_PASS,LQA Game Tester with Czech (On-site),Testronic,"London, United Kingdom, GB",,MISSING,,"Tue, 07 Jul 2026 12:54:23 UTC",,Temporary,,Quality Assurance,Admin/Service – Office Support,OUT_OF_SCOPE,no admin/service title classification match,ADDITIONAL,,,0.389,workable-275911B5AA,https://apply.workable.com/j/275911B5AA,https://apply.workable.com/j/275911B5AA,,Workable XML job feed
HARD_PASS,Payroll & HR Officer,Testronic,"London, England, GB",,MISSING,,"Thu, 13 Aug 2026 08:52:48 UTC",,,,Human Resources,Admin/Service – Office Support,HARD_PASS,hard pass title pattern: payroll,ADDITIONAL,,,0.447,workable-46967A2C55,https://apply.workable.com/j/46967A2C55,https://apply.workable.com/j/46967A2C55,,Workable XML job feed
HARD_PASS,Marketing Assistant,TGP International,"London, England, GB",,MISSING,,"Tue, 04 Aug 2026 15:32:19 UTC",,Full-time,,Marketing,Admin/Service – Office Support,OUT_OF_SCOPE,no admin/service title classification match,ADDITIONAL,,,0.523,workable-BAE0165CCC,https://apply.workable.com/j/BAE0165CCC,https://apply.workable.com/j/BAE0165CCC,,Workable XML job feed
HARD_PASS,Midweight Interior Designer,TGP International,"London, England, GB",,MISSING,,"Wed, 11 Mar 2026 06:02:16 UTC",,Full-time,,Design,Admin/Service – Office Support,OUT_OF_SCOPE,no admin/service title classification match,ADDITIONAL,,,0.414,workable-942970A904,https://apply.workable.com/j/942970A904,https://apply.workable.com/j/942970A904,,Workable XML job feed
HARD_PASS,Office Manager,TGP International,"London, GB",,MISSING,,"Fri, 16 May 2025 12:59:10 UTC",,Full-time,,Administrative,Admin/Service – Office Support,HARD_PASS,hard pass title pattern: manager,ADDITIONAL,,,0.541,workable-53045110B8,https://apply.workable.com/j/53045110B8,https://apply.workable.com/j/53045110B8,,Workable XML job feed
HARD_PASS,E-Commerce Editor,The Cambium Group,"London, England, GB",,MISSING,,"Mon, 15 Jun 2026 11:38:27 UTC",,Full-time,,,Admin/Service – Office Support,OUT_OF_SCOPE,no admin/service title classification match,ADDITIONAL,,,0.487,workable-011E32BD3F,https://apply.workable.com/j/011E32BD3F,https://apply.workable.com/j/011E32BD3F,,Workable XML job feed
HARD_PASS,Awards Judging & Jury Recruitment Manager (Maternity Cover 1 Year),The Drum,"London, England, GB",,MISSING,,"Mon, 03 Aug 2026 16:16:17 UTC",,,,,Admin/Service – Office Support,HARD_PASS,hard pass title pattern: manager,ADDITIONAL,,,0.481,workable-60D879D576,https://apply.workable.com/j/60D879D576,https://apply.workable.com/j/60D879D576,,Workable XML job feed
HARD_PASS,Join Our Talent Network,The ECA International Group,"London, England, GB",,MISSING,,"Tue, 03 Mar 2026 17:11:51 UTC",,,,,Admin/Service – Office Support,OUT_OF_SCOPE,no admin/service title classification match,ADDITIONAL,,,0.458,workable-85BE2AE3C5,https://apply.workable.com/j/85BE2AE3C5,https://apply.workable.com/j/85BE2AE3C5,,Workable XML job feed
HARD_PASS,Customer Success Manager,The Key Support Services,"London, England, GB","£32,000",USABLE_REVIEW,"Location: London, once per month Salary: £32,000 + OTE Are you looking for a customer success role in a fast-growing business where people","Mon, 10 Aug 2026 10:38:17 UTC",,,,,Admin/Service – Office Support,HARD_PASS,hard pass title pattern: manager,ADDITIONAL,,,0.504,workable-8E0E3E6219,https://apply.workable.com/j/8E0E3E6219,https://apply.workable.com/j/8E0E3E6219,,Workable XML job feed
HARD_PASS,Product Designer,The Key Support Services,"London, England, GB",,MISSING,,"Thu, 20 Aug 2026 14:18:35 UTC",,Full-time,,,Admin/Service – Office Support,OUT_OF_SCOPE,no admin/service title classification match,ADDITIONAL,,,0.493,workable-E23596ABDF,https://apply.workable.com/j/E23596ABDF,https://apply.workable.com/j/E23596ABDF,,Workable XML job feed
HARD_PASS,Freelance - Executive Assistant - UK Based Only,The People Group,"London, England, GB",,MISSING,,"Thu, 20 Aug 2026 16:08:25 UTC",,Contract,Remote,Other,Admin/Service – Office Support,OUT_OF_SCOPE,no admin/service title classification match,ADDITIONAL,,,0.481,workable-ADC1D1E8CC,https://apply.workable.com/j/ADC1D1E8CC,https://apply.workable.com/j/ADC1D1E8CC,,Workable XML job feed
HARD_PASS,Sales Executive,The Pure Gold Company,"London, England, GB","£35,000–£45,000",USABLE_REVIEW,"for detail Benefits Package & Hours Monday to Friday, 9 am – 6:00 pm (1-hour lunch break) £35,000 - £45,000 (dependent on experience) Impressive, uncapped commission structure with realistic first y","Mon, 15 Dec 2025 17:36:30 UTC",,Full-time,,Sales,Admin/Service – Office Support,HARD_PASS,hard pass title pattern: sales executive,ADDITIONAL,,,0.443,workable-6E8D38425A,https://apply.workable.com/j/6E8D38425A,https://apply.workable.com/j/6E8D38425A,,Workable XML job feed
HARD_PASS,Sales Account Manager (UK),The Ride Platform,"London, England, GB",,MISSING,,"Wed, 03 Jun 2026 13:51:05 UTC",,,,Sales,Admin/Service – Office Support,HARD_PASS,"hard pass title pattern: account manager, manager",ADDITIONAL,,,0.459,workable-BB1BD92565,https://apply.workable.com/j/BB1BD92565,https://apply.workable.com/j/BB1BD92565,,Workable XML job feed
HARD_PASS,Client Director,The Specialist Works,"London, England, GB",,MISSING,,"Fri, 10 Jul 2026 15:23:33 UTC",,,,,Admin/Service – Office Support,OUT_OF_SCOPE,no admin/service title classification match,ADDITIONAL,,,0.486,workable-D596BD94A0,https://apply.workable.com/j/D596BD94A0,https://apply.workable.com/j/D596BD94A0,,Workable XML job feed
HARD_PASS,Client Director- 2 Month Fixed Term Contract,The Specialist Works,"London, England, GB",,MISSING,,"Thu, 23 Jul 2026 16:38:13 UTC",,Contract,,,Admin/Service – Office Support,OUT_OF_SCOPE,no admin/service title classification match,ADDITIONAL,,,0.534,workable-207B6A86F0,https://apply.workable.com/j/207B6A86F0,https://apply.workable.com/j/207B6A86F0,,Workable XML job feed
HARD_PASS,Data Engineer,The Specialist Works,"London, England, GB",,MISSING,,"Wed, 05 Aug 2026 09:33:02 UTC",,,,,Admin/Service – Office Support,HARD_PASS,hard pass title pattern: engineer,ADDITIONAL,,,0.494,workable-1528312ECA,https://apply.workable.com/j/1528312ECA,https://apply.workable.com/j/1528312ECA,,Workable XML job feed
HARD_PASS,Data Visualisation Executive,The Specialist Works,"London, England, GB",,MISSING,,"Wed, 05 Aug 2026 09:33:05 UTC",,,,,Admin/Service – Office Support,OUT_OF_SCOPE,no admin/service title classification match,ADDITIONAL,,,0.430,workable-2208E373EB,https://apply.workable.com/j/2208E373EB,https://apply.workable.com/j/2208E373EB,,Workable XML job feed
HARD_PASS,Digital Planning Director,The Specialist Works,"London, England, GB",,MISSING,,"Tue, 07 Jul 2026 16:26:30 UTC",,,,,Admin/Service – Office Support,OUT_OF_SCOPE,no admin/service title classification match,ADDITIONAL,,,0.441,workable-D278AAA9D4,https://apply.workable.com/j/D278AAA9D4,https://apply.workable.com/j/D278AAA9D4,,Workable XML job feed
HARD_PASS,Brand Partnerships Lead,The Telegraph,"London, England, GB",,MISSING,,"Tue, 18 Aug 2026 08:19:08 UTC",,Full-time,,,Admin/Service – Office Support,OUT_OF_SCOPE,no admin/service title classification match,ADDITIONAL,,,0.480,workable-DED04463BA,https://apply.workable.com/j/DED04463BA,https://apply.workable.com/j/DED04463BA,,Workable XML job feed
HARD_PASS,"Features Writer - Fixed Term, 6 month mat cover",The Telegraph,"London, England, GB",,MISSING,,"Wed, 05 Aug 2026 14:29:44 UTC",,Contract,,,Admin/Service – Office Support,OUT_OF_SCOPE,no admin/service title classification match,ADDITIONAL,,,0.447,workable-B77DF9918B,https://apply.workable.com/j/B77DF9918B,https://apply.workable.com/j/B77DF9918B,,Workable XML job feed
HARD_PASS,Head of Community Editorial,The Telegraph,"London, England, GB",,MISSING,,"Tue, 11 Aug 2026 09:34:52 UTC",,Full-time,,,Admin/Service – Office Support,OUT_OF_SCOPE,no admin/service title classification match,ADDITIONAL,,,0.484,workable-7780C60410,https://apply.workable.com/j/7780C60410,https://apply.workable.com/j/7780C60410,,Workable XML job feed
HARD_PASS,Senior Lifestyle Writer,The Telegraph,"London, England, GB",,MISSING,,"Thu, 13 Aug 2026 15:57:22 UTC",,,,,Admin/Service – Office Support,HARD_PASS,hard pass title pattern: senior,ADDITIONAL,,,0.496,workable-C54340E36E,https://apply.workable.com/j/C54340E36E,https://apply.workable.com/j/C54340E36E,,Workable XML job feed
HARD_PASS,Video News Producer,The Telegraph,"London, England, GB",,MISSING,,"Tue, 11 Aug 2026 10:30:45 UTC",,,,,Admin/Service – Office Support,OUT_OF_SCOPE,no admin/service title classification match,ADDITIONAL,,,0.423,workable-67BB29902F,https://apply.workable.com/j/67BB29902F,https://apply.workable.com/j/67BB29902F,,Workable XML job feed
HARD_PASS,Product & Content Marketing Specialist,Theia Insights,"London, England, GB",,MISSING,,"Wed, 15 Jul 2026 12:44:11 UTC",,Full-time,,Marketing,Admin/Service – Office Support,OUT_OF_SCOPE,no admin/service title classification match,ADDITIONAL,,,0.430,workable-319E99480C,https://apply.workable.com/j/319E99480C,https://apply.workable.com/j/319E99480C,,Workable XML job feed
HARD_PASS,Quant Engineer: Data Products (Mid-career / Senior),Theia Insights,"London, England, GB",,MISSING,,"Thu, 20 Aug 2026 15:26:29 UTC",,Full-time,,Engineering,Admin/Service – Office Support,HARD_PASS,"hard pass title pattern: engineer, senior",ADDITIONAL,,,0.392,workable-790D347716,https://apply.workable.com/j/790D347716,https://apply.workable.com/j/790D347716,,Workable XML job feed
HARD_PASS,Software Engineer: Data Pipelines and ML (Mid-career / Senior),Theia Insights,"London, England, GB",,MISSING,,"Thu, 20 Aug 2026 15:26:37 UTC",,Full-time,,Engineering,Admin/Service – Office Support,HARD_PASS,"hard pass title pattern: engineer, senior",ADDITIONAL,,,0.411,workable-6F2FACF59C,https://apply.workable.com/j/6F2FACF59C,https://apply.workable.com/j/6F2FACF59C,,Workable XML job feed
HARD_PASS,Software Engineer: Platform and Backend (Mid-career / Senior),Theia Insights,"London, England, GB",,MISSING,,"Thu, 20 Aug 2026 15:26:40 UTC",,Full-time,,Engineering,Admin/Service – Office Support,HARD_PASS,"hard pass title pattern: engineer, senior",ADDITIONAL,,,0.413,workable-3EAFF4A68E,https://apply.workable.com/j/3EAFF4A68E,https://apply.workable.com/j/3EAFF4A68E,,Workable XML job feed
HARD_PASS,"Client Deployment Principal, AI (Europe market)",TheSoul Group,"London, England, GB",,MISSING,,"Wed, 19 Aug 2026 15:31:18 UTC",,Full-time,,,Admin/Service – Office Support,OUT_OF_SCOPE,no admin/service title classification match,ADDITIONAL,,,0.504,workable-ECBE4F4A98,https://apply.workable.com/j/ECBE4F4A98,https://apply.workable.com/j/ECBE4F4A98,,Workable XML job feed
HARD_PASS,GAIN - Senior Financial Accountant,This is Gain Ltd,"London, England, GB",,MISSING,,"Wed, 22 Jul 2026 12:17:26 UTC",,Full-time,,Finance,Admin/Service – Office Support,HARD_PASS,hard pass title pattern: senior,ADDITIONAL,,,0.469,workable-92855AB638,https://apply.workable.com/j/92855AB638,https://apply.workable.com/j/92855AB638,,Workable XML job feed
HARD_PASS,Network Deployment Engineer,Thrive,"London, England, GB",,MISSING,,"Mon, 03 Aug 2026 20:44:12 UTC",,Full-time,,,Admin/Service – Office Support,HARD_PASS,hard pass title pattern: engineer,ADDITIONAL,,,0.466,workable-24B9DD390B,https://apply.workable.com/j/24B9DD390B,https://apply.workable.com/j/24B9DD390B,,Workable XML job feed
HARD_PASS,Sr Manager/Associate Director - Analytics Consulting (Pharma & Life sciences),Tiger Analytics Inc.,"London, England, GB",,MISSING,,"Fri, 05 Jun 2026 18:48:37 UTC",,Full-time,,Consulting,Admin/Service – Office Support,HARD_PASS,hard pass title pattern: manager,ADDITIONAL,,,0.398,workable-F8E9BE94CE,https://apply.workable.com/j/F8E9BE94CE,https://apply.workable.com/j/F8E9BE94CE,,Workable XML job feed
HARD_PASS,Art Director,tmp,"London, England, GB",,MISSING,,"Thu, 13 Aug 2026 18:58:51 UTC",,Full-time,,Art/Creative,Admin/Service – Office Support,OUT_OF_SCOPE,no admin/service title classification match,ADDITIONAL,,,0.376,workable-AE9879340D,https://apply.workable.com/j/AE9879340D,https://apply.workable.com/j/AE9879340D,,Workable XML job feed
HARD_PASS,"Bartender - The O2, London",TOCA Social,"London, England, GB",,MISSING,,"Tue, 10 Mar 2026 13:20:54 UTC",,,,,Admin/Service – Office Support,OUT_OF_SCOPE,no admin/service title classification match,ADDITIONAL,,,0.443,workable-C7BC8A148E,https://apply.workable.com/j/C7BC8A148E,https://apply.workable.com/j/C7BC8A148E,,Workable XML job feed
HARD_PASS,"General Manager- Westfield, London",TOCA Social,"London, England, GB",,MISSING,,"Thu, 09 Apr 2026 17:22:18 UTC",,,,,Admin/Service – Office Support,HARD_PASS,"hard pass title pattern: general manager, manager",ADDITIONAL,,,0.415,workable-1A19B0C14A,https://apply.workable.com/j/1A19B0C14A,https://apply.workable.com/j/1A19B0C14A,,Workable XML job feed
HARD_PASS,"Junior Sous Chef- O2, London",TOCA Social,"London, England, GB",,MISSING,,"Thu, 05 Mar 2026 13:24:46 UTC",,,,,Admin/Service – Office Support,HARD_PASS,hard pass title pattern: chef,ADDITIONAL,,,0.439,workable-9682BC0200,https://apply.workable.com/j/9682BC0200,https://apply.workable.com/j/9682BC0200,,Workable XML job feed
HARD_PASS,"Kitchen Supervisor- Westfield, London",TOCA Social,"London, England, GB",,MISSING,,"Thu, 30 Apr 2026 10:23:56 UTC",,,,,Admin/Service – Office Support,OUT_OF_SCOPE,no admin/service title classification match,ADDITIONAL,,,0.480,workable-AF231FCF4B,https://apply.workable.com/j/AF231FCF4B,https://apply.workable.com/j/AF231FCF4B,,Workable XML job feed
HARD_PASS,Paid Media Manager,TOCA Social,"London, England, GB",,MISSING,,"Thu, 30 Jul 2026 08:59:18 UTC",,,,,Admin/Service – Office Support,HARD_PASS,hard pass title pattern: manager,ADDITIONAL,,,0.434,workable-D031998682,https://apply.workable.com/j/D031998682,https://apply.workable.com/j/D031998682,,Workable XML job feed
HARD_PASS,"Supervisor in Training- Westfield, London",TOCA Social,"London, England, GB",,MISSING,,"Wed, 24 Jun 2026 11:36:46 UTC",,Full-time,,,Admin/Service – Office Support,OUT_OF_SCOPE,no admin/service title classification match,ADDITIONAL,,,0.441,workable-AF9BC6B757,https://apply.workable.com/j/AF9BC6B757,https://apply.workable.com/j/AF9BC6B757,,Workable XML job feed
HARD_PASS,Venue Technology Manager- UK & Europe,TOCA Social,"London, England, GB",,MISSING,,"Fri, 24 Jul 2026 14:04:10 UTC",,,,,Admin/Service – Office Support,HARD_PASS,hard pass title pattern: manager,ADDITIONAL,,,0.413,workable-077CA2F761,https://apply.workable.com/j/077CA2F761,https://apply.workable.com/j/077CA2F761,,Workable XML job feed
HARD_PASS,Account Manager,Togather,"London, England, GB",,MISSING,,"Wed, 12 Aug 2026 10:28:04 UTC",,,,,Admin/Service – Office Support,HARD_PASS,"hard pass title pattern: account manager, manager",ADDITIONAL,,,0.486,workable-6C9B3A8983,https://apply.workable.com/j/6C9B3A8983,https://apply.workable.com/j/6C9B3A8983,,Workable XML job feed
HARD_PASS,Event Producer,Togather,"London, England, GB",,MISSING,,"Mon, 01 Jun 2026 12:37:19 UTC",,Contract,,Project Management,Admin/Service – Office Support,OUT_OF_SCOPE,no admin/service title classification match,ADDITIONAL,,,0.545,workable-18EA4C6B23,https://apply.workable.com/j/18EA4C6B23,https://apply.workable.com/j/18EA4C6B23,,Workable XML job feed
HARD_PASS,Freelance Event Producer,Togather,"London, England, GB",,MISSING,,"Fri, 01 Nov 2024 09:44:21 UTC",,,,,Admin/Service – Office Support,OUT_OF_SCOPE,no admin/service title classification match,ADDITIONAL,,,0.525,workable-5E478B46A8,https://apply.workable.com/j/5E478B46A8,https://apply.workable.com/j/5E478B46A8,,Workable XML job feed
HARD_PASS,Lead Event Producer,Togather,"London, England, GB",,MISSING,,"Fri, 27 Mar 2026 15:11:47 UTC",,Contract,,Project Management,Admin/Service – Office Support,OUT_OF_SCOPE,no admin/service title classification match,ADDITIONAL,,,0.525,workable-F43895C74B,https://apply.workable.com/j/F43895C74B,https://apply.workable.com/j/F43895C74B,,Workable XML job feed
HARD_PASS,Senior Event Producer,Togather,"London, England, GB",,MISSING,,"Wed, 20 May 2026 14:08:28 UTC",,Contract,,Project Management,Admin/Service – Office Support,HARD_PASS,hard pass title pattern: senior,ADDITIONAL,,,0.536,workable-88D868AA4C,https://apply.workable.com/j/88D868AA4C,https://apply.workable.com/j/88D868AA4C,,Workable XML job feed
HARD_PASS,Supply Lead,Togather,"London, England, GB",,MISSING,,"Thu, 06 Aug 2026 14:07:20 UTC",,Full-time,,,Admin/Service – Office Support,OUT_OF_SCOPE,no admin/service title classification match,ADDITIONAL,,,0.506,workable-ED07B08044,https://apply.workable.com/j/ED07B08044,https://apply.workable.com/j/ED07B08044,,Workable XML job feed
HARD_PASS,Supply Partnerships Lead,Togather,"London, England, GB",,MISSING,,"Mon, 10 Aug 2026 09:14:58 UTC",,Full-time,,,Admin/Service – Office Support,OUT_OF_SCOPE,no admin/service title classification match,ADDITIONAL,,,0.502,workable-4A6D37D190,https://apply.workable.com/j/4A6D37D190,https://apply.workable.com/j/4A6D37D190,,Workable XML job feed
HARD_PASS,UK Applied AI Solution Engineer,Tomoro,"London, England, GB","£90,000",USABLE_REVIEW,"and the societal impact of AI technologies. Benefits Package Salary range of £70,000 and £90,000 • Holiday entitlement of 25 days + bank holidays • Aviva Private medical insurance • Medic","Tue, 07 Apr 2026 07:10:02 UTC",,Full-time,,Information Technology,Admin/Service – Office Support,HARD_PASS,hard pass title pattern: engineer,ADDITIONAL,,,0.406,workable-C1634ACD1B,https://apply.workable.com/j/C1634ACD1B,https://apply.workable.com/j/C1634ACD1B,,Workable XML job feed
HARD_PASS,UK Senior Applied AI Solution Engineer,Tomoro,"London, GB","£90,000–£135,000",USABLE_REVIEW,"eputation in the market for your insights and expertise. Benefits Package Salary range of £90,000 - £135,000 • Holiday entitlement of 25 days + bank holidays • Aviva Private medical insurance • Medic","Tue, 07 Apr 2026 07:10:33 UTC",,Full-time,,Engineering,Admin/Service – Office Support,HARD_PASS,"hard pass title pattern: engineer, senior",ADDITIONAL,,,0.432,workable-DF1960A038,https://apply.workable.com/j/DF1960A038,https://apply.workable.com/j/DF1960A038,,Workable XML job feed
HARD_PASS,Coffee Trader,TORQCOMMODITIES,"London, England, GB",,MISSING,,"Mon, 08 Jun 2026 11:33:19 UTC",,Full-time,,,Admin/Service – Office Support,OUT_OF_SCOPE,no admin/service title classification match,ADDITIONAL,,,0.454,workable-7C08FDBB6A,https://apply.workable.com/j/7C08FDBB6A,https://apply.workable.com/j/7C08FDBB6A,,Workable XML job feed
HARD_PASS,Head of China Trading,TORQCOMMODITIES,"London, England, GB",,MISSING,,"Wed, 03 Jun 2026 08:45:29 UTC",,Full-time,,,Admin/Service – Office Support,OUT_OF_SCOPE,no admin/service title classification match,ADDITIONAL,,,0.459,workable-D541EB5E3D,https://apply.workable.com/j/D541EB5E3D,https://apply.workable.com/j/D541EB5E3D,,Workable XML job feed
HARD_PASS,Assistant Restaurant Manager,Town London Ltd,"London, England, GB",,MISSING,,"Fri, 12 Jun 2026 12:34:31 UTC",,Full-time,,Management,Admin/Service – Office Support,HARD_PASS,hard pass title pattern: manager,ADDITIONAL,,,0.444,workable-948F3FDAF8,https://apply.workable.com/j/948F3FDAF8,https://apply.workable.com/j/948F3FDAF8,,Workable XML job feed
HARD_PASS,Bartender,Town London Ltd,"LONDON, England, GB",,MISSING,,"Tue, 14 Jul 2026 14:30:48 UTC",,Full-time,,,Admin/Service – Office Support,OUT_OF_SCOPE,no admin/service title classification match,ADDITIONAL,,,0.487,workable-707030C297,https://apply.workable.com/j/707030C297,https://apply.workable.com/j/707030C297,,Workable XML job feed
HARD_PASS,Chef de Partie,Town London Ltd,"London, England, GB","£37,000–£42,000",USABLE_REVIEW,"ity to work evenings and weekends as needed. Benefits Competitive Pay & Earning Potential £37,000 - £42,000 indicative annual earnings (based on a 7 shifts week). Hours & rota: full‑time, 4 days ove","Fri, 30 Jan 2026 18:31:06 UTC",,Full-time,,,Admin/Service – Office Support,HARD_PASS,hard pass title pattern: chef,ADDITIONAL,,,0.399,workable-A98D997713,https://apply.workable.com/j/A98D997713,https://apply.workable.com/j/A98D997713,,Workable XML job feed
HARD_PASS,Chef de Partie,Town London Ltd,"London, England, GB",,MISSING,,"Thu, 06 Aug 2026 12:13:25 UTC",,Full-time,,,Admin/Service – Office Support,HARD_PASS,hard pass title pattern: chef,ADDITIONAL,,,0.399,workable-E1F2944B8E,https://apply.workable.com/j/E1F2944B8E,https://apply.workable.com/j/E1F2944B8E,,Workable XML job feed
HARD_PASS,Grill Chef de Partie,Town London Ltd,"London, England, GB",,MISSING,,"Sun, 16 Aug 2026 07:30:04 UTC",,Full-time,,,Admin/Service – Office Support,HARD_PASS,hard pass title pattern: chef,ADDITIONAL,,,0.411,workable-02E5B7EF14,https://apply.workable.com/j/02E5B7EF14,https://apply.workable.com/j/02E5B7EF14,,Workable XML job feed
HARD_PASS,Head Receptionist / Event Coordinator,Town London Ltd,"London, England, GB",,MISSING,,"Wed, 24 Jun 2026 12:02:20 UTC",,Full-time,,Management,Admin/Service – Office Support,HIGH_CONFIDENCE,high-confidence title pattern: receptionist,ADDITIONAL,,,0.520,workable-86B554BABB,https://apply.workable.com/j/86B554BABB,https://apply.workable.com/j/86B554BABB,,Workable XML job feed
HARD_PASS,Restaurant Manager,Town London Ltd,"London, England, GB",,MISSING,,"Thu, 30 Apr 2026 12:39:47 UTC",,Full-time,,,Admin/Service – Office Support,HARD_PASS,hard pass title pattern: manager,ADDITIONAL,,,0.442,workable-159DA4834D,https://apply.workable.com/j/159DA4834D,https://apply.workable.com/j/159DA4834D,,Workable XML job feed
HARD_PASS,Restaurant Manager,Town London Ltd,"London, England, GB",,MISSING,,"Thu, 04 Jun 2026 10:59:54 UTC",,Full-time,,Management,Admin/Service – Office Support,HARD_PASS,hard pass title pattern: manager,ADDITIONAL,,,0.442,workable-905A343935,https://apply.workable.com/j/905A343935,https://apply.workable.com/j/905A343935,,Workable XML job feed
HARD_PASS,Waiter / Waitress,Town London Ltd,"London, England, GB",,MISSING,,"Wed, 01 Apr 2026 09:50:29 UTC",,Full-time,,,Admin/Service – Office Support,OUT_OF_SCOPE,no admin/service title classification match,ADDITIONAL,,,0.435,workable-7AA34F456C,https://apply.workable.com/j/7AA34F456C,https://apply.workable.com/j/7AA34F456C,,Workable XML job feed
HARD_PASS,Waiter / Waitress,Town London Ltd,"London, England, GB","£36,270–£40,000",USABLE_REVIEW,"our typical take-home pay, including a discretionary share of the service charge (tronc). £36,270 – £40,000 indicative annual earnings (based on a 45-hour week). Hours & rota: full‑time, 5 days over","Thu, 04 Jun 2026 11:00:41 UTC",,Full-time,,,Admin/Service – Office Support,OUT_OF_SCOPE,no admin/service title classification match,ADDITIONAL,,,0.435,workable-AD71CA8054,https://apply.workable.com/j/AD71CA8054,https://apply.workable.com/j/AD71CA8054,,Workable XML job feed
HARD_PASS,Waiter / Waitress,Town London Ltd,"London, England, GB","£36,270–£40,000",USABLE_REVIEW,"our typical take-home pay, including a discretionary share of the service charge (tronc). £36,270 – £40,000 indicative annual earnings (based on a 45-hour week). Hours & rota: full‑time, 5 days over","Fri, 26 Jun 2026 10:27:56 UTC",,Full-time,,Customer Service,Admin/Service – Office Support,OUT_OF_SCOPE,no admin/service title classification match,ADDITIONAL,,,0.435,workable-596716C38B,https://apply.workable.com/j/596716C38B,https://apply.workable.com/j/596716C38B,,Workable XML job feed
HARD_PASS,Associate Product Manager (Trading),Trade Nation,"London, England, GB",,MISSING,,"Wed, 12 Aug 2026 07:58:45 UTC",,,,Product Management,Admin/Service – Office Support,HARD_PASS,hard pass title pattern: manager,ADDITIONAL,,,0.444,workable-41874137A1,https://apply.workable.com/j/41874137A1,https://apply.workable.com/j/41874137A1,,Workable XML job feed
HARD_PASS,Customer Success Analyst (German Speaking),Trade Nation,"London, England, GB",,MISSING,,"Wed, 08 Jul 2026 13:39:57 UTC",,Full-time,,Customer Service,Admin/Service – Office Support,OUT_OF_SCOPE,no admin/service title classification match,ADDITIONAL,,,0.465,workable-AC2E2D3A0B,https://apply.workable.com/j/AC2E2D3A0B,https://apply.workable.com/j/AC2E2D3A0B,,Workable XML job feed
HARD_PASS,Bilingual Inbound Sales Executive,Treatwell,"London, England, GB",,MISSING,,"Mon, 13 Jul 2026 13:43:33 UTC",,Full-time,,Sales,Admin/Service – Office Support,HARD_PASS,hard pass title pattern: sales executive,ADDITIONAL,,,0.443,workable-DF51009AE9,https://apply.workable.com/j/DF51009AE9,https://apply.workable.com/j/DF51009AE9,,Workable XML job feed
HARD_PASS,Financial Services Director,Treatwell,"London, England, GB",,MISSING,,"Tue, 21 Jul 2026 11:24:45 UTC",,,,Other,Admin/Service – Office Support,OUT_OF_SCOPE,no admin/service title classification match,ADDITIONAL,,,0.503,workable-EA5EE51000,https://apply.workable.com/j/EA5EE51000,https://apply.workable.com/j/EA5EE51000,,Workable XML job feed
HARD_PASS,Inbound Sales Executive,Treatwell,"London, England, GB",,MISSING,,"Wed, 10 Jun 2026 11:08:45 UTC",,Full-time,,Sales,Admin/Service – Office Support,HARD_PASS,hard pass title pattern: sales executive,ADDITIONAL,,,0.448,workable-D99E204BE4,https://apply.workable.com/j/D99E204BE4,https://apply.workable.com/j/D99E204BE4,,Workable XML job feed
HARD_PASS,Join our Talent Community,Treatwell,"London, England, GB",,MISSING,,"Sat, 14 Aug 2021 13:37:39 UTC",,,,,Admin/Service – Office Support,OUT_OF_SCOPE,no admin/service title classification match,ADDITIONAL,,,0.516,workable-85A14A8F39,https://apply.workable.com/j/85A14A8F39,https://apply.workable.com/j/85A14A8F39,,Workable XML job feed
HARD_PASS,Outbound Sales Executive,Treatwell,"London, England, GB",,MISSING,,"Wed, 03 Jun 2026 11:15:46 UTC",,Full-time,Remote,,Admin/Service – Office Support,HARD_PASS,hard pass title pattern: sales executive,ADDITIONAL,,,0.446,workable-DFEDE0C73D,https://apply.workable.com/j/DFEDE0C73D,https://apply.workable.com/j/DFEDE0C73D,,Workable XML job feed
HARD_PASS,Flagship Makeup Artist - Full Time - Temp Contract,Trinny London,"London, England, GB",,MISSING,,"Tue, 19 May 2026 10:28:57 UTC",,Part-time,,,Admin/Service – Office Support,OUT_OF_SCOPE,no admin/service title classification match,ADDITIONAL,,,0.449,workable-CA439DDE5E,https://apply.workable.com/j/CA439DDE5E,https://apply.workable.com/j/CA439DDE5E,,Workable XML job feed
HARD_PASS,Head of Product Marketing,Trinny London,"London, England, GB",,MISSING,,"Wed, 12 Aug 2026 14:04:02 UTC",,Full-time,,Marketing,Admin/Service – Office Support,OUT_OF_SCOPE,no admin/service title classification match,ADDITIONAL,,,0.468,workable-50A61C3736,https://apply.workable.com/j/50A61C3736,https://apply.workable.com/j/50A61C3736,,Workable XML job feed
HARD_PASS,Lifecycle Coordinator - 6 month FTC,Trinny London,"London, England, GB",,MISSING,,"Wed, 05 Aug 2026 16:09:44 UTC",,Contract,,Marketing,Admin/Service – Office Support,ELASTIC_FIT,elastic-fit title pattern: coordinator,ADDITIONAL,,,0.491,workable-2580C41126,https://apply.workable.com/j/2580C41126,https://apply.workable.com/j/2580C41126,,Workable XML job feed
HARD_PASS,Makeup Artist,Trinny London,"London, England, GB",,MISSING,,"Tue, 07 Apr 2026 08:50:07 UTC",,Full-time,,,Admin/Service – Office Support,OUT_OF_SCOPE,no admin/service title classification match,ADDITIONAL,,,0.496,workable-87B3AA5683,https://apply.workable.com/j/87B3AA5683,https://apply.workable.com/j/87B3AA5683,,Workable XML job feed
HARD_PASS,Press & PR Manager,Trinny London,"London, England, GB",,MISSING,,"Mon, 20 Jul 2026 16:06:58 UTC",,Full-time,,Marketing,Admin/Service – Office Support,HARD_PASS,hard pass title pattern: manager,ADDITIONAL,,,0.456,workable-B725F568A9,https://apply.workable.com/j/B725F568A9,https://apply.workable.com/j/B725F568A9,,Workable XML job feed
HARD_PASS,Regional Sales Manager - Ireland & UK,Trinny London,"London, England, GB",,MISSING,,"Thu, 23 Jul 2026 12:53:07 UTC",,Full-time,,,Admin/Service – Office Support,HARD_PASS,hard pass title pattern: manager,ADDITIONAL,,,0.423,workable-4907388752,https://apply.workable.com/j/4907388752,https://apply.workable.com/j/4907388752,,Workable XML job feed
HARD_PASS,Senior Growth Creative,Trinny London,"London, England, GB",,MISSING,,"Wed, 29 Apr 2026 07:39:42 UTC",,Full-time,,Marketing,Admin/Service – Office Support,HARD_PASS,hard pass title pattern: senior,ADDITIONAL,,,0.431,workable-74ACBF5925,https://apply.workable.com/j/74ACBF5925,https://apply.workable.com/j/74ACBF5925,,Workable XML job feed
HARD_PASS,Finance Manager 12 Month FTC - Temp to Perm,Triptease,"London, England, GB",,MISSING,,"Mon, 10 Aug 2026 14:29:45 UTC",,Full-time,,,Admin/Service – Office Support,HARD_PASS,hard pass title pattern: manager,ADDITIONAL,,,0.466,workable-9A53F3DA40,https://apply.workable.com/j/9A53F3DA40,https://apply.workable.com/j/9A53F3DA40,,Workable XML job feed
HARD_PASS,Head of Operations,Trivium,"London, England, GB",,MISSING,,"Tue, 04 Aug 2026 20:23:20 UTC",,Full-time,Remote,,Admin/Service – Office Support,OUT_OF_SCOPE,title register: no admin/service title classification match,ADDITIONAL,,,0.431,workable-B6212E1FCA,https://apply.workable.com/j/B6212E1FCA,https://apply.workable.com/j/B6212E1FCA,,Workable XML job feed
HARD_PASS,Customer Onboarding Executive (German Speaker),Trybe,"London, England, GB",,MISSING,,"Thu, 15 Jan 2026 17:16:27 UTC",,Full-time,,Other,Admin/Service – Office Support,OUT_OF_SCOPE,no admin/service title classification match,ADDITIONAL,,,0.415,workable-052F4932C3,https://apply.workable.com/j/052F4932C3,https://apply.workable.com/j/052F4932C3,,Workable XML job feed
HARD_PASS,VP of AI,Turbine,"London, England, GB",,MISSING,,"Tue, 18 Aug 2026 12:53:38 UTC",,Full-time,Remote,Engineering,Admin/Service – Office Support,OUT_OF_SCOPE,no admin/service title classification match,ADDITIONAL,,,0.393,workable-09F3334814,https://apply.workable.com/j/09F3334814,https://apply.workable.com/j/09F3334814,,Workable XML job feed
HARD_PASS,Product Software Engineer - Technology Solutions,Twenty First Group,"London, England, GB",,MISSING,,"Fri, 14 Aug 2026 12:57:26 UTC",,Full-time,,Engineering,Admin/Service – Office Support,HARD_PASS,hard pass title pattern: engineer,ADDITIONAL,,,0.451,workable-1EE3CD5290,https://apply.workable.com/j/1EE3CD5290,https://apply.workable.com/j/1EE3CD5290,,Workable XML job feed
HARD_PASS,2026 Athlete programme,Two Circles,"London, England, GB",,MISSING,,"Thu, 13 Aug 2026 09:16:21 UTC",,,,,Admin/Service – Office Support,OUT_OF_SCOPE,no admin/service title classification match,ADDITIONAL,,,0.354,workable-4F7126FFA2,https://apply.workable.com/j/4F7126FFA2,https://apply.workable.com/j/4F7126FFA2,,Workable XML job feed
HARD_PASS,Client Support Engineer,Two Circles,"London, England, GB",,MISSING,,"Wed, 19 Aug 2026 10:13:14 UTC",,Full-time,,,Admin/Service – Office Support,HARD_PASS,hard pass title pattern: engineer,ADDITIONAL,,,0.464,workable-ADA7E2EC7E,https://apply.workable.com/j/ADA7E2EC7E,https://apply.workable.com/j/ADA7E2EC7E,,Workable XML job feed
HARD_PASS,Partnership Development Director,Two Circles,"London, England, GB",,MISSING,,"Fri, 10 Jul 2026 14:36:43 UTC",,Full-time,,,Admin/Service – Office Support,OUT_OF_SCOPE,no admin/service title classification match,ADDITIONAL,,,0.410,workable-2C9141E65B,https://apply.workable.com/j/2C9141E65B,https://apply.workable.com/j/2C9141E65B,,Workable XML job feed
HARD_PASS,Partnership Development Lead,Two Circles,"London, England, GB",,MISSING,,"Fri, 10 Jul 2026 14:31:16 UTC",,Full-time,,,Admin/Service – Office Support,OUT_OF_SCOPE,no admin/service title classification match,ADDITIONAL,,,0.367,workable-2189AE8DD8,https://apply.workable.com/j/2189AE8DD8,https://apply.workable.com/j/2189AE8DD8,,Workable XML job feed
HARD_PASS,People Analyst,Two Circles,"London, England, GB",,MISSING,,"Mon, 17 Aug 2026 13:40:27 UTC",,Full-time,,,Admin/Service – Office Support,OUT_OF_SCOPE,no admin/service title classification match,ADDITIONAL,,,0.427,workable-0941A3FF8D,https://apply.workable.com/j/0941A3FF8D,https://apply.workable.com/j/0941A3FF8D,,Workable XML job feed
HARD_PASS,Sponsorship Sales Director,Two Circles,"London, England, GB",,MISSING,,"Fri, 10 Jul 2026 14:30:09 UTC",,Full-time,,,Admin/Service – Office Support,OUT_OF_SCOPE,no admin/service title classification match,ADDITIONAL,,,0.451,workable-F3DAE8888F,https://apply.workable.com/j/F3DAE8888F,https://apply.workable.com/j/F3DAE8888F,,Workable XML job feed
HARD_PASS,Sponsorship Sales Lead,Two Circles,"London, England, GB",,MISSING,,"Mon, 13 Oct 2025 17:46:13 UTC",,Full-time,,,Admin/Service – Office Support,OUT_OF_SCOPE,no admin/service title classification match,ADDITIONAL,,,0.402,workable-EEDD4D60F1,https://apply.workable.com/j/EEDD4D60F1,https://apply.workable.com/j/EEDD4D60F1,,Workable XML job feed
HARD_PASS,Workplace Technology Engineer,Two Circles,"London, England, GB",,MISSING,,"Wed, 19 Aug 2026 10:09:55 UTC",,,,,Admin/Service – Office Support,HARD_PASS,hard pass title pattern: engineer,ADDITIONAL,,,0.490,workable-7D64FC0FA3,https://apply.workable.com/j/7D64FC0FA3,https://apply.workable.com/j/7D64FC0FA3,,Workable XML job feed
HARD_PASS,YouTube Channel Manager,Two Circles,"London, England, GB",,MISSING,,"Wed, 12 Aug 2026 08:24:48 UTC",,,,,Admin/Service – Office Support,HARD_PASS,hard pass title pattern: manager,ADDITIONAL,,,0.393,workable-B126EF955D,https://apply.workable.com/j/B126EF955D,https://apply.workable.com/j/B126EF955D,,Workable XML job feed
HARD_PASS,Principal Support Engineer,Tyk Technologies,"London, United Kingdom, GB",,MISSING,,"Tue, 14 Jul 2026 17:44:58 UTC",,Full-time,Remote,,Admin/Service – Office Support,HARD_PASS,hard pass title pattern: engineer,ADDITIONAL,,,0.502,workable-78813784F0,https://apply.workable.com/j/78813784F0,https://apply.workable.com/j/78813784F0,,Workable XML job feed
HARD_PASS,"Senior Project Manager, Marketing & Commercial - EMEA",Tyk Technologies,"London, England, GB",,MISSING,,"Thu, 23 Jul 2026 15:51:18 UTC",,Full-time,Remote,,Admin/Service – Office Support,HARD_PASS,"hard pass title pattern: senior, manager",ADDITIONAL,,,0.403,workable-441AF02FFB,https://apply.workable.com/j/441AF02FFB,https://apply.workable.com/j/441AF02FFB,,Workable XML job feed
HARD_PASS,AI Enabled Consultant,UBDS Group,"London, England, GB",,MISSING,,"Fri, 24 Jul 2026 15:41:30 UTC",,,,,Admin/Service – Office Support,OUT_OF_SCOPE,no admin/service title classification match,ADDITIONAL,,,0.447,workable-C4A7EA0922,https://apply.workable.com/j/C4A7EA0922,https://apply.workable.com/j/C4A7EA0922,,Workable XML job feed
HARD_PASS,AWS Data Engineer,UBDS Group,"London, England, GB",,MISSING,,"Wed, 03 Jun 2026 07:55:09 UTC",,Full-time,,Consulting,Admin/Service – Office Support,HARD_PASS,hard pass title pattern: engineer,ADDITIONAL,,,0.477,workable-2844E4B44A,https://apply.workable.com/j/2844E4B44A,https://apply.workable.com/j/2844E4B44A,,Workable XML job feed
HARD_PASS,AWS DevOps Engineer,UBDS Group,"London, England, GB",,MISSING,,"Wed, 03 Jun 2026 07:55:55 UTC",,Full-time,,,Admin/Service – Office Support,HARD_PASS,hard pass title pattern: engineer,ADDITIONAL,,,0.436,workable-01E9510988,https://apply.workable.com/j/01E9510988,https://apply.workable.com/j/01E9510988,,Workable XML job feed
HARD_PASS,Azure DevOps Engineer,UBDS Group,"London, England, GB",,MISSING,,"Mon, 18 May 2026 10:21:52 UTC",,Full-time,,,Admin/Service – Office Support,HARD_PASS,hard pass title pattern: engineer,ADDITIONAL,,,0.481,workable-CEAD2FB8BD,https://apply.workable.com/j/CEAD2FB8BD,https://apply.workable.com/j/CEAD2FB8BD,,Workable XML job feed
HARD_PASS,Client Partner,UBDS Group,"London, England, GB",,MISSING,,"Wed, 27 May 2026 12:06:19 UTC",,,,,Admin/Service – Office Support,OUT_OF_SCOPE,no admin/service title classification match,ADDITIONAL,,,0.473,workable-821160A156,https://apply.workable.com/j/821160A156,https://apply.workable.com/j/821160A156,,Workable XML job feed
HARD_PASS,"Co Pilot Adoption, Learning & Change Analyst",UBDS Group,"London, England, GB",,MISSING,,"Mon, 03 Aug 2026 11:26:16 UTC",,,,,Admin/Service – Office Support,OUT_OF_SCOPE,no admin/service title classification match,ADDITIONAL,,,0.461,workable-8FC6E6023B,https://apply.workable.com/j/8FC6E6023B,https://apply.workable.com/j/8FC6E6023B,,Workable XML job feed
HARD_PASS,Data Engineer,UBDS Group,"London, England, GB",,MISSING,,"Mon, 27 Jul 2026 19:11:31 UTC",,,,,Admin/Service – Office Support,HARD_PASS,hard pass title pattern: engineer,ADDITIONAL,,,0.491,workable-3E4DD87355,https://apply.workable.com/j/3E4DD87355,https://apply.workable.com/j/3E4DD87355,,Workable XML job feed
HARD_PASS,Delivery Manager,UBDS Group,"London, England, GB",,MISSING,,"Fri, 06 Feb 2026 21:06:28 UTC",,,,,Admin/Service – Office Support,HARD_PASS,hard pass title pattern: manager,ADDITIONAL,,,0.498,workable-48CD171FD7,https://apply.workable.com/j/48CD171FD7,https://apply.workable.com/j/48CD171FD7,,Workable XML job feed
HARD_PASS,Director of AI Transformation,UBDS Group,"London, England, GB",,MISSING,,"Fri, 31 Jul 2026 06:31:51 UTC",,,,,Admin/Service – Office Support,OUT_OF_SCOPE,no admin/service title classification match,ADDITIONAL,,,0.503,workable-F23A12ADB9,https://apply.workable.com/j/F23A12ADB9,https://apply.workable.com/j/F23A12ADB9,,Workable XML job feed
HARD_PASS,Full Stack Developer,UBDS Group,"London, England, GB",,MISSING,,"Thu, 23 Jul 2026 15:34:17 UTC",,,,,Admin/Service – Office Support,OUT_OF_SCOPE,no admin/service title classification match,ADDITIONAL,,,0.448,workable-7992E6B62E,https://apply.workable.com/j/7992E6B62E,https://apply.workable.com/j/7992E6B62E,,Workable XML job feed
HARD_PASS,Principal AI Architect,UBDS Group,"London, England, GB",,MISSING,,"Wed, 22 Jul 2026 10:05:19 UTC",,,,,Admin/Service – Office Support,OUT_OF_SCOPE,no admin/service title classification match,ADDITIONAL,,,0.495,workable-F8DF186ECB,https://apply.workable.com/j/F8DF186ECB,https://apply.workable.com/j/F8DF186ECB,,Workable XML job feed
HARD_PASS,Principal AI Platform Engineer,UBDS Group,"London, England, GB",,MISSING,,"Fri, 22 May 2026 06:06:50 UTC",,,,,Admin/Service – Office Support,HARD_PASS,hard pass title pattern: engineer,ADDITIONAL,,,0.500,workable-F216E60437,https://apply.workable.com/j/F216E60437,https://apply.workable.com/j/F216E60437,,Workable XML job feed
HARD_PASS,Senior AI Platform Engineer,UBDS Group,"London, England, GB",,MISSING,,"Tue, 11 Aug 2026 12:41:39 UTC",,,,,Admin/Service – Office Support,HARD_PASS,"hard pass title pattern: engineer, senior",ADDITIONAL,,,0.525,workable-850F089E15,https://apply.workable.com/j/850F089E15,https://apply.workable.com/j/850F089E15,,Workable XML job feed
HARD_PASS,Senior Cloud Engineer - Azure AI,UBDS Group,"London, England, GB",,MISSING,,"Fri, 19 Jun 2026 07:42:15 UTC",,,,,Admin/Service – Office Support,HARD_PASS,"hard pass title pattern: engineer, senior",ADDITIONAL,,,0.458,workable-7B03A7D474,https://apply.workable.com/j/7B03A7D474,https://apply.workable.com/j/7B03A7D474,,Workable XML job feed
HARD_PASS,Senior Cloud Engineer - Azure DevOps,UBDS Group,"London, England, GB",,MISSING,,"Sat, 15 Aug 2026 08:50:16 UTC",,Full-time,,,Admin/Service – Office Support,HARD_PASS,"hard pass title pattern: engineer, senior",ADDITIONAL,,,0.460,workable-2C5F873DDB,https://apply.workable.com/j/2C5F873DDB,https://apply.workable.com/j/2C5F873DDB,,Workable XML job feed
HARD_PASS,Senior Consultant - Business Analyst,UBDS Group,"London, England, GB",,MISSING,,"Fri, 24 Apr 2026 15:52:02 UTC",,Full-time,,,Admin/Service – Office Support,HARD_PASS,hard pass title pattern: senior,ADDITIONAL,,,0.468,workable-6281FC5961,https://apply.workable.com/j/6281FC5961,https://apply.workable.com/j/6281FC5961,,Workable XML job feed
HARD_PASS,Senior Consultant - Digital Transformation,UBDS Group,"London, England, GB",,MISSING,,"Fri, 24 Apr 2026 15:46:47 UTC",,,,,Admin/Service – Office Support,HARD_PASS,hard pass title pattern: senior,ADDITIONAL,,,0.469,workable-01D235CC3C,https://apply.workable.com/j/01D235CC3C,https://apply.workable.com/j/01D235CC3C,,Workable XML job feed
HARD_PASS,Senior Data Engineer,UBDS Group,"London, England, GB",,MISSING,,"Thu, 18 Jun 2026 13:14:00 UTC",,,,,Admin/Service – Office Support,HARD_PASS,"hard pass title pattern: engineer, senior",ADDITIONAL,,,0.501,workable-6B442B9B8B,https://apply.workable.com/j/6B442B9B8B,https://apply.workable.com/j/6B442B9B8B,,Workable XML job feed
HARD_PASS,Senior Delivery Manager,UBDS Group,"London, England, GB",,MISSING,,"Fri, 16 Jan 2026 09:57:05 UTC",,,,,Admin/Service – Office Support,HARD_PASS,"hard pass title pattern: senior, manager",ADDITIONAL,,,0.540,workable-9A1136930B,https://apply.workable.com/j/9A1136930B,https://apply.workable.com/j/9A1136930B,,Workable XML job feed
HARD_PASS,Senior Delivery Manager - M365 - Sharepoint Migration,UBDS Group,"London, England, GB",,MISSING,,"Tue, 18 Aug 2026 16:36:57 UTC",,,,,Admin/Service – Office Support,HARD_PASS,"hard pass title pattern: senior, manager",ADDITIONAL,,,0.490,workable-DC6E86DCEF,https://apply.workable.com/j/DC6E86DCEF,https://apply.workable.com/j/DC6E86DCEF,,Workable XML job feed
HARD_PASS,Senior Developer - Azure Applications,UBDS Group,"London, England, GB",,MISSING,,"Sat, 15 Aug 2026 07:44:09 UTC",,,,,Admin/Service – Office Support,HARD_PASS,hard pass title pattern: senior,ADDITIONAL,,,0.460,workable-94C02B9B34,https://apply.workable.com/j/94C02B9B34,https://apply.workable.com/j/94C02B9B34,,Workable XML job feed
HARD_PASS,Senior Solutions Architect - Microsoft Solutions,UBDS Group,"London, England, GB",,MISSING,,"Tue, 11 Aug 2026 06:42:10 UTC",,Full-time,,,Admin/Service – Office Support,HARD_PASS,hard pass title pattern: senior,ADDITIONAL,,,0.470,workable-7D6FAE7DDD,https://apply.workable.com/j/7D6FAE7DDD,https://apply.workable.com/j/7D6FAE7DDD,,Workable XML job feed
HARD_PASS,Senior Test Engineer,UBDS Group,"London, England, GB",,MISSING,,"Thu, 09 Apr 2026 13:11:16 UTC",,,,,Admin/Service – Office Support,HARD_PASS,"hard pass title pattern: engineer, senior",ADDITIONAL,,,0.452,workable-CCAB43F423,https://apply.workable.com/j/CCAB43F423,https://apply.workable.com/j/CCAB43F423,,Workable XML job feed
HARD_PASS,Service Architect,UBDS Group,"London, England, GB",,MISSING,,"Mon, 03 Aug 2026 11:20:00 UTC",,,,,Admin/Service – Office Support,OUT_OF_SCOPE,no admin/service title classification match,ADDITIONAL,,,0.505,workable-514D32D48A,https://apply.workable.com/j/514D32D48A,https://apply.workable.com/j/514D32D48A,,Workable XML job feed
HARD_PASS,Test Engineer,UBDS Group,"London, England, GB",,MISSING,,"Fri, 31 Jul 2026 11:50:47 UTC",,,,,Admin/Service – Office Support,HARD_PASS,hard pass title pattern: engineer,ADDITIONAL,,,0.459,workable-BCF7780362,https://apply.workable.com/j/BCF7780362,https://apply.workable.com/j/BCF7780362,,Workable XML job feed
HARD_PASS,Commercial Development Executive,UK Private Capital,"London, England, GB",,MISSING,,"Thu, 20 Aug 2026 09:20:16 UTC",,Full-time,,,Admin/Service – Office Support,OUT_OF_SCOPE,no admin/service title classification match,ADDITIONAL,,,0.481,workable-63BD4A8D56,https://apply.workable.com/j/63BD4A8D56,https://apply.workable.com/j/63BD4A8D56,,Workable XML job feed
HARD_PASS,Senior Events Executive,UK Private Capital,"London, England, GB",,MISSING,,"Tue, 04 Aug 2026 12:47:06 UTC",,Full-time,,,Admin/Service – Office Support,HARD_PASS,hard pass title pattern: senior,ADDITIONAL,,,0.410,workable-376921C3BB,https://apply.workable.com/j/376921C3BB,https://apply.workable.com/j/376921C3BB,,Workable XML job feed
HARD_PASS,Female Personal Trainer - London,Ultimate Performance,"London, England, GB","£30,800",USABLE_REVIEW,"ersonal training career with Ultimate Performance. Hours: Full Time Salary: starting from £30,800 All job applicants are required to have a valid right to work. Please note: This post is r","Thu, 20 Aug 2026 14:48:30 UTC",,Full-time,,,Admin/Service – Office Support,OUT_OF_SCOPE,no admin/service title classification match,ADDITIONAL,,,0.399,workable-E194F482FA,https://apply.workable.com/j/E194F482FA,https://apply.workable.com/j/E194F482FA,,Workable XML job feed
HARD_PASS,"Personal Trainer - Chelsea, London",Ultimate Performance,"London, Chelsea, England, GB","£43,300",USABLE_REVIEW,"Join the World’s Leading Personal Training Team at UP London Salary: up to £43,300 annually Hours: 40 hours per week, full-time (including early mornings and late evenings d","Fri, 14 Aug 2026 16:21:50 UTC",,Full-time,,,Admin/Service – Office Support,OUT_OF_SCOPE,no admin/service title classification match,ADDITIONAL,,,0.399,workable-078B542F5B,https://apply.workable.com/j/078B542F5B,https://apply.workable.com/j/078B542F5B,,Workable XML job feed
HARD_PASS,"Personal Trainer - St Paul's, London",Ultimate Performance,"London, England, GB","£43,300",USABLE_REVIEW,"Join the World’s Leading Personal Training Team at UP London! Salary: up to £43,300 annually. Hours: 40 hours per week, full-time (including early mornings and late evenings","Wed, 08 Jul 2026 16:01:26 UTC",,Full-time,,,Admin/Service – Office Support,OUT_OF_SCOPE,no admin/service title classification match,ADDITIONAL,,,0.431,workable-37F63C2A2C,https://apply.workable.com/j/37F63C2A2C,https://apply.workable.com/j/37F63C2A2C,,Workable XML job feed
HARD_PASS,Growth Product Manager,Uncapped,"London, England, GB",,MISSING,,"Fri, 07 Aug 2026 13:13:36 UTC",,Full-time,,Product Management,Admin/Service – Office Support,HARD_PASS,hard pass title pattern: manager,ADDITIONAL,,,0.396,workable-0DE75DE680,https://apply.workable.com/j/0DE75DE680,https://apply.workable.com/j/0DE75DE680,,Workable XML job feed
HARD_PASS,GTM Engineer,Uncapped,"London, England, GB",,MISSING,,"Wed, 12 Aug 2026 16:15:45 UTC",,Full-time,Remote,Sales,Admin/Service – Office Support,HARD_PASS,hard pass title pattern: engineer,ADDITIONAL,,,0.376,workable-85D4D4AEDE,https://apply.workable.com/j/85D4D4AEDE,https://apply.workable.com/j/85D4D4AEDE,,Workable XML job feed
HARD_PASS,Experienced Oliver McGowan Co Trainer - Lived Experience Learning Disability,Unique Training Solutions,"London, England, GB",,MISSING,,"Wed, 18 Feb 2026 13:56:19 UTC",,Other,,,Admin/Service – Office Support,OUT_OF_SCOPE,no admin/service title classification match,ADDITIONAL,,,0.478,workable-3175E9C45B,https://apply.workable.com/j/3175E9C45B,https://apply.workable.com/j/3175E9C45B,,Workable XML job feed
HARD_PASS,Oliver McGowan Facilitator Trainer - London,Unique Training Solutions,"London, England, GB",,MISSING,,"Mon, 22 Sep 2025 11:07:29 UTC",,,,,Admin/Service – Office Support,OUT_OF_SCOPE,no admin/service title classification match,ADDITIONAL,,,0.503,workable-2C6CC20513,https://apply.workable.com/j/2C6CC20513,https://apply.workable.com/j/2C6CC20513,,Workable XML job feed
HARD_PASS,Chief Architect - Data Engineering (Databricks Practice),Unison Group,"London, England, GB",,MISSING,,"Thu, 20 Aug 2026 09:12:21 UTC",,Full-time,,Information Technology,Admin/Service – Office Support,HARD_PASS,hard pass title pattern: engineer,ADDITIONAL,,,0.480,workable-D916DA1E16,https://apply.workable.com/j/D916DA1E16,https://apply.workable.com/j/D916DA1E16,,Workable XML job feed
HARD_PASS,AI Deployment Lead,Unitary,"London, England, GB",,MISSING,,"Wed, 12 Aug 2026 16:33:51 UTC",,Full-time,Remote,,Admin/Service – Office Support,OUT_OF_SCOPE,no admin/service title classification match,ADDITIONAL,,,0.442,workable-0CC8D3C8F3,https://apply.workable.com/j/0CC8D3C8F3,https://apply.workable.com/j/0CC8D3C8F3,,Workable XML job feed
HARD_PASS,Senior Enterprise Account Executive,Unitary,"London, England, GB",,MISSING,,"Mon, 18 Aug 2025 09:04:40 UTC",,Full-time,Remote,Sales,Admin/Service – Office Support,HARD_PASS,hard pass title pattern: senior,ADDITIONAL,,,0.387,workable-20AE925625,https://apply.workable.com/j/20AE925625,https://apply.workable.com/j/20AE925625,,Workable XML job feed
HARD_PASS,Senior Product Manager,Unitary,"London, England, GB",,MISSING,,"Fri, 08 May 2026 10:24:37 UTC",,Full-time,Remote,Product Management,Admin/Service – Office Support,HARD_PASS,"hard pass title pattern: senior, manager",ADDITIONAL,,,0.442,workable-5C100D1E20,https://apply.workable.com/j/5C100D1E20,https://apply.workable.com/j/5C100D1E20,,Workable XML job feed
HARD_PASS,Software Engineer,Unitary,"London, England, GB",,MISSING,,"Mon, 03 Aug 2026 15:37:30 UTC",,Full-time,,,Admin/Service – Office Support,HARD_PASS,hard pass title pattern: engineer,ADDITIONAL,,,0.462,workable-A339CD1433,https://apply.workable.com/j/A339CD1433,https://apply.workable.com/j/A339CD1433,,Workable XML job feed
HARD_PASS,Staff / Senior Software Engineer,Unitary,"London, England, GB",,MISSING,,"Mon, 03 Aug 2026 15:47:07 UTC",,Full-time,,,Admin/Service – Office Support,HARD_PASS,"hard pass title pattern: engineer, senior",ADDITIONAL,,,0.415,workable-A69F755A8F,https://apply.workable.com/j/A69F755A8F,https://apply.workable.com/j/A69F755A8F,,Workable XML job feed
HARD_PASS,VP Product,Unitary,"London, England, GB",,MISSING,,"Mon, 11 May 2026 11:52:04 UTC",,Full-time,,Product Management,Admin/Service – Office Support,OUT_OF_SCOPE,no admin/service title classification match,ADDITIONAL,,,0.415,workable-FB16987B11,https://apply.workable.com/j/FB16987B11,https://apply.workable.com/j/FB16987B11,,Workable XML job feed
HARD_PASS,Commercial Air Conditioning & Ventilation Engineer,Universal Business Team,"London, England, GB","£50,000",USABLE_REVIEW,"cross commercial sites Holiday and Pension scheme as standard Competitive salary of up to £50,000 depending on experience Interested? If you're an experienced Commercial Air Conditioning &","Fri, 10 Jul 2026 12:03:25 UTC",,Full-time,,Engineering,Admin/Service – Office Support,HARD_PASS,hard pass title pattern: engineer,ADDITIONAL,,,0.515,workable-04351FD779,https://apply.workable.com/j/04351FD779,https://apply.workable.com/j/04351FD779,,Workable XML job feed
HARD_PASS,Events Manager,Universal Business Team,"London, England, GB","£60,000–£75,000",USABLE_REVIEW,"care, the NHS or wider public sector would be advantageous but is not essential. Benefits £60,000 - £75,000 salary Performance-related bonus 25 days annual leave plus Bank Holidays A high-profile ro","Tue, 14 Jul 2026 14:50:58 UTC",,Full-time,,Other,Admin/Service – Office Support,HARD_PASS,hard pass title pattern: manager,ADDITIONAL,,,0.438,workable-50F2DB62B5,https://apply.workable.com/j/50F2DB62B5,https://apply.workable.com/j/50F2DB62B5,,Workable XML job feed
HARD_PASS,Field Service Technician (Horticultural/Planting industry),Universal Business Team,"London, England, GB",,MISSING,,"Wed, 03 Jun 2026 15:22:47 UTC",,Full-time,Remote,Other,Admin/Service – Office Support,HARD_PASS,hard pass title pattern: technician,ADDITIONAL,,,0.477,workable-6723B759A8,https://apply.workable.com/j/6723B759A8,https://apply.workable.com/j/6723B759A8,,Workable XML job feed
HARD_PASS,Fire Alarm Service Engineer,Universal Business Team,"London, England, GB","£35,000–£45,000",USABLE_REVIEW,"Salary: £35,000 – £45,000 per annum (depending on experience) Hours: Monday to Friday, 7:00am to 4:30pm Location: Lo","Sun, 24 May 2026 12:39:59 UTC",,Full-time,,,Admin/Service – Office Support,HARD_PASS,hard pass title pattern: engineer,ADDITIONAL,,,0.482,workable-85D6E0417A,https://apply.workable.com/j/85D6E0417A,https://apply.workable.com/j/85D6E0417A,,Workable XML job feed
HARD_PASS,Fire Door Technician,Universal Business Team,"London, England, GB","£35,000–£45,000",USABLE_REVIEW,"Salary: £35,000 – £45,000 per annum (depending on experience) Hours: Monday to Friday, 7:00am to 4:30pm The role pri","Fri, 22 May 2026 14:54:56 UTC",,Full-time,,Engineering,Admin/Service – Office Support,HARD_PASS,hard pass title pattern: technician,ADDITIONAL,,,0.438,workable-B9CE101D10,https://apply.workable.com/j/B9CE101D10,https://apply.workable.com/j/B9CE101D10,,Workable XML job feed
HARD_PASS,Networking and Partnerships Manager,Universal Business Team,"London, England, GB","£75,000–£100,000",USABLE_REVIEW,"Networking & Partnerships Manager Location: London Office Salary: £75,000 - £100,000 doe + Benefits Build relationships that shape an industry. We're working with an ambitious","Tue, 21 Jul 2026 08:58:29 UTC",,Full-time,,Other,Admin/Service – Office Support,HARD_PASS,hard pass title pattern: manager,ADDITIONAL,,,0.456,workable-4C77CC8904,https://apply.workable.com/j/4C77CC8904,https://apply.workable.com/j/4C77CC8904,,Workable XML job feed
HARD_PASS,Strategic Healthcare Architect,Universal Business Team,"London, England, GB","£80,000–£90,000",USABLE_REVIEW,"ers the chance to make a genuine and lasting impact across the healthcare sector. Salary: £80,000 – £90,000 + Bonus Holiday: 25 days annual leave plus bank holidays","Fri, 12 Jun 2026 13:47:10 UTC",,Full-time,,Strategy/Planning,Admin/Service – Office Support,OUT_OF_SCOPE,no admin/service title classification match,ADDITIONAL,,,0.401,workable-B155507722,https://apply.workable.com/j/B155507722,https://apply.workable.com/j/B155507722,,Workable XML job feed
HARD_PASS,Technical Design Coordinator (Mechanical / Civil Engineering CAD),Universal Business Team,"London, England, GB","£35,000–£40,000",USABLE_REVIEW,"Location: Clerkenwell, London (Hybrid – 3 days in studio) Salary & Benefits £35,000 – £40,000 (negotiable depending on experience) Full-time, Monday to Friday Flexible start/finish tim","Fri, 26 Jun 2026 13:44:11 UTC",,Full-time,,Design,Admin/Service – Office Support,HARD_PASS,"hard pass title pattern: engineer, mechanic",ADDITIONAL,,,0.430,workable-7D73039E44,https://apply.workable.com/j/7D73039E44,https://apply.workable.com/j/7D73039E44,,Workable XML job feed
HARD_PASS,Head of Data,Up Learn,"London, England, GB",,MISSING,,"Thu, 02 Apr 2026 14:44:57 UTC",,Full-time,,,Admin/Service – Office Support,OUT_OF_SCOPE,no admin/service title classification match,ADDITIONAL,,,0.477,workable-E59EE2339F,https://apply.workable.com/j/E59EE2339F,https://apply.workable.com/j/E59EE2339F,,Workable XML job feed
HARD_PASS,Instructional Content Developer - Maths and Science (12 Month Maternity Cover),Up Learn,"London, England, GB",,MISSING,,"Tue, 11 Aug 2026 12:48:32 UTC",,Contract,,,Admin/Service – Office Support,OUT_OF_SCOPE,no admin/service title classification match,ADDITIONAL,,,0.410,workable-CD194B57C7,https://apply.workable.com/j/CD194B57C7,https://apply.workable.com/j/CD194B57C7,,Workable XML job feed
HARD_PASS,Senior Product Manager,Up Learn,"London, England, GB",,MISSING,,"Fri, 19 Jun 2026 14:39:02 UTC",,Full-time,,,Admin/Service – Office Support,HARD_PASS,"hard pass title pattern: senior, manager",ADDITIONAL,,,0.404,workable-8BFDE951C2,https://apply.workable.com/j/8BFDE951C2,https://apply.workable.com/j/8BFDE951C2,,Workable XML job feed
HARD_PASS,Collections Specialist,Updraft,"London, GB",,MISSING,,"Wed, 03 Jun 2026 08:25:51 UTC",,Full-time,,Customer Service,Admin/Service – Office Support,OUT_OF_SCOPE,no admin/service title classification match,ADDITIONAL,,,0.482,workable-4F16947BC0,https://apply.workable.com/j/4F16947BC0,https://apply.workable.com/j/4F16947BC0,,Workable XML job feed
HARD_PASS,Consumer Loans Underwriter,Updraft,"London, England, GB",,MISSING,,"Fri, 30 May 2025 08:46:53 UTC",,Full-time,,Finance,Admin/Service – Office Support,OUT_OF_SCOPE,no admin/service title classification match,ADDITIONAL,,,0.382,workable-05164EABD7,https://apply.workable.com/j/05164EABD7,https://apply.workable.com/j/05164EABD7,,Workable XML job feed
HARD_PASS,Senior Backend Developer (Django/Python),Updraft,"London, England, GB",,MISSING,,"Fri, 28 Nov 2025 14:07:02 UTC",,Full-time,,Engineering,Admin/Service – Office Support,HARD_PASS,hard pass title pattern: senior,ADDITIONAL,,,0.366,workable-6F1417D30F,https://apply.workable.com/j/6F1417D30F,https://apply.workable.com/j/6F1417D30F,,Workable XML job feed
HARD_PASS,Underwriting Manager,Updraft,"London, England, GB",,MISSING,,"Mon, 22 Sep 2025 12:35:11 UTC",,Full-time,,,Admin/Service – Office Support,HARD_PASS,hard pass title pattern: manager,ADDITIONAL,,,0.382,workable-A6795DE862,https://apply.workable.com/j/A6795DE862,https://apply.workable.com/j/A6795DE862,,Workable XML job feed
HARD_PASS,Full Stack Software Engineer (Python),Validus Risk Management,"London, England, GB",,MISSING,,"Thu, 13 Aug 2026 09:28:06 UTC",,Full-time,,Information Technology,Admin/Service – Office Support,HARD_PASS,hard pass title pattern: engineer,ADDITIONAL,,,0.417,workable-F81DD0E33E,https://apply.workable.com/j/F81DD0E33E,https://apply.workable.com/j/F81DD0E33E,,Workable XML job feed
HARD_PASS,Graduate - Client Onboarding & Trading Enablement,Validus Risk Management,"London, England, GB",,MISSING,,"Fri, 14 Aug 2026 14:17:55 UTC",,Full-time,,,Admin/Service – Office Support,OUT_OF_SCOPE,no admin/service title classification match,ADDITIONAL,,,0.419,workable-E14981BF40,https://apply.workable.com/j/E14981BF40,https://apply.workable.com/j/E14981BF40,,Workable XML job feed
HARD_PASS,Account Executive - UK&I / Northern Europe,Vasion,"London, England, GB",,MISSING,,"Mon, 10 Aug 2026 15:57:52 UTC",,Full-time,,Sales,Admin/Service – Office Support,OUT_OF_SCOPE,no admin/service title classification match,ADDITIONAL,,,0.398,workable-15F16B8D99,https://apply.workable.com/j/15F16B8D99,https://apply.workable.com/j/15F16B8D99,,Workable XML job feed
HARD_PASS,Business Development Executive,Vero HR Ltd,"London, England, GB",,MISSING,,"Mon, 10 Aug 2026 15:57:39 UTC",,,,,Admin/Service – Office Support,HARD_PASS,hard pass title pattern: business development,ADDITIONAL,,,0.480,workable-70D49506BF,https://apply.workable.com/j/70D49506BF,https://apply.workable.com/j/70D49506BF,,Workable XML job feed
HARD_PASS,Chief Risk & Compliance Officer,Vero HR Ltd,"London, England, GB",,MISSING,,"Thu, 30 Jul 2026 10:40:38 UTC",,Full-time,,Finance,Admin/Service – Office Support,HARD_PASS,hard pass title pattern: compliance,ADDITIONAL,,,0.475,workable-4D844B34C5,https://apply.workable.com/j/4D844B34C5,https://apply.workable.com/j/4D844B34C5,,Workable XML job feed
HARD_PASS,CRM Manager,Vero HR Ltd,"London, England, GB","£55,000–£65,000",USABLE_REVIEW,"n execution would be beneficia In return we are offering: Competitive salary ranging from £55,000 to £65,000, depending on skills and experience Hybrid working with a Central London office location","Thu, 09 Jul 2026 14:09:34 UTC",,Full-time,,,Admin/Service – Office Support,HARD_PASS,hard pass title pattern: manager,ADDITIONAL,,,0.487,workable-CDEC4BBA47,https://apply.workable.com/j/CDEC4BBA47,https://apply.workable.com/j/CDEC4BBA47,,Workable XML job feed
HARD_PASS,Operations Assistant,Vero HR Ltd,"London, England, GB","£30,000",USABLE_REVIEW,"nd take on new responsibilities Why you'll love working here: Competitive salary of up to £30,000 Full training and ongoing development Genuine opportunities for career progression Exposur","Wed, 12 Aug 2026 14:16:00 UTC",,Full-time,,Administrative,Admin/Service – Office Support,OUT_OF_SCOPE,no admin/service title classification match,ADDITIONAL,,,0.595,workable-5911EA2C85,https://apply.workable.com/j/5911EA2C85,https://apply.workable.com/j/5911EA2C85,,Workable XML job feed
HARD_PASS,Customer Success Associate - UK,Vestd,"London, England, GB","£34,000",USABLE_REVIEW,"mote-first organisation, but hybrid working may be an option in the future. Salary: Up to £34k depending on experience, plus equity Hours: Full-Time Please note All communication regar","Thu, 13 Aug 2026 12:23:41 UTC",,Full-time,Remote,Customer Service,Admin/Service – Office Support,OUT_OF_SCOPE,no admin/service title classification match,ADDITIONAL,,,0.443,workable-B871BB66A3,https://apply.workable.com/j/B871BB66A3,https://apply.workable.com/j/B871BB66A3,,Workable XML job feed
HARD_PASS,Senior Creative Software Engineer (ReactJS & WebGL),Vista Group,"London, England, GB",,MISSING,,"Thu, 06 Aug 2026 02:25:53 UTC",,Full-time,,Engineering,Admin/Service – Office Support,HARD_PASS,"hard pass title pattern: engineer, senior",ADDITIONAL,,,0.462,workable-5F2D1C397A,https://apply.workable.com/j/5F2D1C397A,https://apply.workable.com/j/5F2D1C397A,,Workable XML job feed
HARD_PASS,Brand Manager,Vitabiotics,"London, England, GB",,MISSING,,"Fri, 26 Jun 2026 14:28:03 UTC",,Full-time,,Marketing,Admin/Service – Office Support,HARD_PASS,hard pass title pattern: manager,ADDITIONAL,,,0.401,workable-BEA1AC576E,https://apply.workable.com/j/BEA1AC576E,https://apply.workable.com/j/BEA1AC576E,,Workable XML job feed
HARD_PASS,Export Shipping Executive,Vitabiotics,"London, England, GB",,MISSING,,"Fri, 14 Aug 2026 13:24:15 UTC",,Contract,,Supply Chain,Admin/Service – Office Support,OUT_OF_SCOPE,no admin/service title classification match,ADDITIONAL,,,0.389,workable-A9D9197E8B,https://apply.workable.com/j/A9D9197E8B,https://apply.workable.com/j/A9D9197E8B,,Workable XML job feed
HARD_PASS,Formulation Technologist,Vitabiotics,"London, England, GB",,MISSING,,"Wed, 12 Aug 2026 15:36:21 UTC",,Full-time,,Quality Assurance,Admin/Service – Office Support,OUT_OF_SCOPE,no admin/service title classification match,ADDITIONAL,,,0.432,workable-1C602C7847,https://apply.workable.com/j/1C602C7847,https://apply.workable.com/j/1C602C7847,,Workable XML job feed
HARD_PASS,Head of Quality UK,Vitabiotics,"London, England, GB",,MISSING,,"Wed, 12 Aug 2026 15:36:44 UTC",,Full-time,,Quality Assurance,Admin/Service – Office Support,OUT_OF_SCOPE,no admin/service title classification match,ADDITIONAL,,,0.361,workable-BCCA9F0028,https://apply.workable.com/j/BCCA9F0028,https://apply.workable.com/j/BCCA9F0028,,Workable XML job feed
HARD_PASS,Quality Control Officer,Vitabiotics,"London, England, GB",,MISSING,,"Tue, 28 Jul 2026 15:51:16 UTC",,Full-time,,Quality Assurance,Admin/Service – Office Support,OUT_OF_SCOPE,no admin/service title classification match,ADDITIONAL,,,0.447,workable-4A34082130,https://apply.workable.com/j/4A34082130,https://apply.workable.com/j/4A34082130,,Workable XML job feed
HARD_PASS,Quality Operations Manager,Vitabiotics,"London, England, GB",,MISSING,,"Wed, 12 Aug 2026 15:44:55 UTC",,Full-time,,Quality Assurance,Admin/Service – Office Support,HARD_PASS,"hard pass title pattern: operations manager, manager",ADDITIONAL,,,0.443,workable-237C2FF3CC,https://apply.workable.com/j/237C2FF3CC,https://apply.workable.com/j/237C2FF3CC,,Workable XML job feed
HARD_PASS,Regional Sales Manager (International),Vitabiotics,"London, England, GB","£80,000",USABLE_REVIEW,"tle: Regional Sales Manager (Africa & LATAM) Location: North West London, NW2 7HF Salary: £80,000 per annum + bonus Hours: Core working hours are 9:30am to 5:00pm, 40 hours per week, worke","Thu, 09 Jul 2026 12:52:01 UTC",,Full-time,,Business Development,Admin/Service – Office Support,HARD_PASS,hard pass title pattern: manager,ADDITIONAL,,,0.415,workable-725FF1A937,https://apply.workable.com/j/725FF1A937,https://apply.workable.com/j/725FF1A937,,Workable XML job feed
HARD_PASS,Regulatory Technologist,Vitabiotics,"London, England, GB",,MISSING,,"Wed, 12 Aug 2026 15:37:29 UTC",,Full-time,,Quality Assurance,Admin/Service – Office Support,OUT_OF_SCOPE,no admin/service title classification match,ADDITIONAL,,,0.438,workable-150CF9E994,https://apply.workable.com/j/150CF9E994,https://apply.workable.com/j/150CF9E994,,Workable XML job feed
HARD_PASS,Technical Manager,Vitabiotics,"London, England, GB",,MISSING,,"Wed, 12 Aug 2026 15:40:28 UTC",,Full-time,,Quality Assurance,Admin/Service – Office Support,HARD_PASS,hard pass title pattern: manager,ADDITIONAL,,,0.398,workable-05104E33A1,https://apply.workable.com/j/05104E33A1,https://apply.workable.com/j/05104E33A1,,Workable XML job feed
HARD_PASS,Maths Tutor,Vital Educators,"London, GB",,MISSING,,"Mon, 10 Aug 2026 12:40:26 UTC",,,,,Admin/Service – Office Support,OUT_OF_SCOPE,no admin/service title classification match,ADDITIONAL,,,0.469,workable-07EE3F3707,https://apply.workable.com/j/07EE3F3707,https://apply.workable.com/j/07EE3F3707,,Workable XML job feed
HARD_PASS,Internal Auditor,Viva.com,"London, England, GB",,MISSING,,"Fri, 24 Jul 2026 14:47:47 UTC",,,,,Admin/Service – Office Support,OUT_OF_SCOPE,no admin/service title classification match,ADDITIONAL,,,0.468,workable-BEC654A182,https://apply.workable.com/j/BEC654A182,https://apply.workable.com/j/BEC654A182,,Workable XML job feed
HARD_PASS,Strategic Partner Pre-Sales & Success Manager,Viva.com,"London, England, GB",,MISSING,,"Thu, 11 Jun 2026 12:43:10 UTC",,Full-time,,Business Development,Admin/Service – Office Support,HARD_PASS,hard pass title pattern: manager,ADDITIONAL,,,0.420,workable-2CD26F2762,https://apply.workable.com/j/2CD26F2762,https://apply.workable.com/j/2CD26F2762,,Workable XML job feed
HARD_PASS,Project Manager - Professional Services,Vizrt,"London, England, GB",,MISSING,,"Wed, 19 Aug 2026 15:17:21 UTC",,Full-time,,Project Management,Admin/Service – Office Support,HARD_PASS,hard pass title pattern: manager,ADDITIONAL,,,0.349,workable-FB4AEB808C,https://apply.workable.com/j/FB4AEB808C,https://apply.workable.com/j/FB4AEB808C,,Workable XML job feed
HARD_PASS,Senior Solutions Marketing Manager - Media & Entertainment UK,Vizrt,"London, England, GB",,MISSING,,"Mon, 17 Aug 2026 09:24:50 UTC",,Full-time,,Marketing,Admin/Service – Office Support,HARD_PASS,"hard pass title pattern: senior, manager",ADDITIONAL,,,0.363,workable-7D3AA812EE,https://apply.workable.com/j/7D3AA812EE,https://apply.workable.com/j/7D3AA812EE,,Workable XML job feed
HARD_PASS,Strategic Account Manager - Enterprise - UK,Vizrt,"London, England, GB",,MISSING,,"Fri, 14 Aug 2026 12:36:00 UTC",,Full-time,,Business Development,Admin/Service – Office Support,HARD_PASS,"hard pass title pattern: account manager, manager",ADDITIONAL,,,0.406,workable-ED6172471E,https://apply.workable.com/j/ED6172471E,https://apply.workable.com/j/ED6172471E,,Workable XML job feed
HARD_PASS,Associate Product Manager,Vortexa,"London, England, GB",,MISSING,,"Thu, 25 Jun 2026 11:22:38 UTC",,Full-time,,,Admin/Service – Office Support,HARD_PASS,hard pass title pattern: manager,ADDITIONAL,,,0.383,workable-187C0291FC,https://apply.workable.com/j/187C0291FC,https://apply.workable.com/j/187C0291FC,,Workable XML job feed
HARD_PASS,Graduate Product Manager,Vortexa,"London, England, GB",,MISSING,,"Tue, 18 Aug 2026 14:28:38 UTC",,Full-time,,,Admin/Service – Office Support,HARD_PASS,hard pass title pattern: manager,ADDITIONAL,,,0.389,workable-6BE233C82F,https://apply.workable.com/j/6BE233C82F,https://apply.workable.com/j/6BE233C82F,,Workable XML job feed
HARD_PASS,Designer - Entry Level (London),Vovi,"London, England, GB",,MISSING,,"Wed, 03 Jun 2026 15:31:25 UTC",,Full-time,,Design,Admin/Service – Office Support,OUT_OF_SCOPE,no admin/service title classification match,ADDITIONAL,,,0.342,workable-4F627F8B70,https://apply.workable.com/j/4F627F8B70,https://apply.workable.com/j/4F627F8B70,,Workable XML job feed
HARD_PASS,Designer - Midweight (London),Vovi,"London, England, GB",,MISSING,,"Wed, 03 Jun 2026 15:37:19 UTC",,Full-time,,Design,Admin/Service – Office Support,OUT_OF_SCOPE,no admin/service title classification match,ADDITIONAL,,,0.358,workable-678E0959A4,https://apply.workable.com/j/678E0959A4,https://apply.workable.com/j/678E0959A4,,Workable XML job feed
HARD_PASS,Designer - Senior (London),Vovi,"London, England, GB",,MISSING,,"Wed, 03 Jun 2026 15:36:10 UTC",,Full-time,,Design,Admin/Service – Office Support,HARD_PASS,hard pass title pattern: senior,ADDITIONAL,,,0.370,workable-73C8E80226,https://apply.workable.com/j/73C8E80226,https://apply.workable.com/j/73C8E80226,,Workable XML job feed
HARD_PASS,Communications Manager,WalletConnect,"London, England, GB",,MISSING,,"Thu, 06 Aug 2026 09:43:38 UTC",,Full-time,Remote,Marketing,Admin/Service – Office Support,HARD_PASS,hard pass title pattern: manager,ADDITIONAL,,,0.446,workable-15A9F91A3A,https://apply.workable.com/j/15A9F91A3A,https://apply.workable.com/j/15A9F91A3A,,Workable XML job feed
HARD_PASS,Engineering Manager (Financial Services),WalletConnect,"London, England, GB",,MISSING,,"Thu, 20 Aug 2026 08:10:01 UTC",,Full-time,Remote,Engineering,Admin/Service – Office Support,HARD_PASS,"hard pass title pattern: engineer, manager",ADDITIONAL,,,0.377,workable-DE041CDDCD,https://apply.workable.com/j/DE041CDDCD,https://apply.workable.com/j/DE041CDDCD,,Workable XML job feed
HARD_PASS,New Grad Full-Time Quantitative Researcher,WallStreetQuants,"London, England, GB",,MISSING,,"Wed, 15 Jul 2026 15:46:20 UTC",,Full-time,,,Admin/Service – Office Support,OUT_OF_SCOPE,no admin/service title classification match,ADDITIONAL,,,0.431,workable-62537809CA,https://apply.workable.com/j/62537809CA,https://apply.workable.com/j/62537809CA,,Workable XML job feed
HARD_PASS,Associate Director - Investment Development,WaterAid,"London, England, GB","£71,481–£82,059",USABLE_REVIEW,"means roughly three days wherever you work best and two days together in person. Salary: £71,481 - £82,059 per year with excellent benefits About Resilient Water Accelerator (RWA) The Resilient Wat","Thu, 20 Aug 2026 13:43:11 UTC",,Full-time,,Financial Analyst,Admin/Service – Office Support,OUT_OF_SCOPE,no admin/service title classification match,ADDITIONAL,,,0.413,workable-92B2A0B0F8,https://apply.workable.com/j/92B2A0B0F8,https://apply.workable.com/j/92B2A0B0F8,,Workable XML job feed
HARD_PASS,Global Communications Lead,WaterAid,"London, England, GB","£61,645",USABLE_REVIEW,"on the successful candidate's location and experience. See further details below: UK: GBP £61,645 per annum with excellent benefits* Sweden: SEK 49,000 – 60,000 per month with excellent be","Tue, 11 Aug 2026 11:33:24 UTC",,Full-time,,,Admin/Service – Office Support,OUT_OF_SCOPE,no admin/service title classification match,ADDITIONAL,,,0.446,workable-D93BC64492,https://apply.workable.com/j/D93BC64492,https://apply.workable.com/j/D93BC64492,,Workable XML job feed
HARD_PASS,Senior Marketing Officer - Supporter Activation,WaterAid,"London, England, GB","£41,325",USABLE_REVIEW,"d to liaise with internal stakeholders outside of the UK, in varying time zones. Salary : £41,325 per year with excellent benefits *We offer competitive, market-aligned salaries based on t","Wed, 12 Aug 2026 15:54:55 UTC",,Contract,,Marketing,Admin/Service – Office Support,HARD_PASS,hard pass title pattern: senior,ADDITIONAL,,,0.493,workable-CEC43C8208,https://apply.workable.com/j/CEC43C8208,https://apply.workable.com/j/CEC43C8208,,Workable XML job feed
HARD_PASS,Supporter Relationship Manager,WaterAid,"London, England, GB","£47,423",USABLE_REVIEW,"means roughly three days wherever you work best and two days together in person. Salary: £47,423 per year with excellent benefits *We offer competitive, market-aligned salaries based on t","Mon, 03 Aug 2026 12:37:14 UTC",,Full-time,,,Admin/Service – Office Support,HARD_PASS,hard pass title pattern: manager,ADDITIONAL,,,0.457,workable-538DEE9EC6,https://apply.workable.com/j/538DEE9EC6,https://apply.workable.com/j/538DEE9EC6,,Workable XML job feed
HARD_PASS,Senior Content Creator (Sport),We Are Social,"London, England, GB",,MISSING,,"Fri, 17 Jul 2026 08:03:50 UTC",,Full-time,,Design,Admin/Service – Office Support,HARD_PASS,hard pass title pattern: senior,ADDITIONAL,,,0.461,workable-1E40AAE58C,https://apply.workable.com/j/1E40AAE58C,https://apply.workable.com/j/1E40AAE58C,,Workable XML job feed
HARD_PASS,Senior Private Banker,Weatherbys Banking Group,"London, England, GB",,MISSING,,"Fri, 26 Jun 2026 13:36:20 UTC",,Full-time,,Finance,Admin/Service – Office Support,HARD_PASS,hard pass title pattern: senior,ADDITIONAL,,,0.506,workable-09CCB86BF1,https://apply.workable.com/j/09CCB86BF1,https://apply.workable.com/j/09CCB86BF1,,Workable XML job feed
HARD_PASS,Project Manager,webook.com,"London, England, GB",,MISSING,,"Wed, 20 May 2026 10:10:17 UTC",,Full-time,,Project Management,Admin/Service – Office Support,HARD_PASS,hard pass title pattern: manager,ADDITIONAL,,,0.416,workable-93D5BB7D21,https://apply.workable.com/j/93D5BB7D21,https://apply.workable.com/j/93D5BB7D21,,Workable XML job feed
HARD_PASS,Recruiter,webook.com,"London, England, GB",,MISSING,,"Tue, 07 Apr 2026 14:51:10 UTC",,Part-time,Remote,Human Resources,Admin/Service – Office Support,OUT_OF_SCOPE,no admin/service title classification match,ADDITIONAL,,,0.451,workable-46A32B3D67,https://apply.workable.com/j/46A32B3D67,https://apply.workable.com/j/46A32B3D67,,Workable XML job feed
HARD_PASS,Client Partner,WeBuild-AI,"London, England, GB",,MISSING,,"Tue, 28 Apr 2026 07:56:02 UTC",,,,Sales,Admin/Service – Office Support,OUT_OF_SCOPE,no admin/service title classification match,ADDITIONAL,,,0.463,workable-56B8E9D4C4,https://apply.workable.com/j/56B8E9D4C4,https://apply.workable.com/j/56B8E9D4C4,,Workable XML job feed
HARD_PASS,Data Platform Engineer,WeBuild-AI,"London, England, GB",,MISSING,,"Fri, 03 Oct 2025 08:34:38 UTC",,Full-time,,Engineering,Admin/Service – Office Support,HARD_PASS,hard pass title pattern: engineer,ADDITIONAL,,,0.459,workable-F761D0F242,https://apply.workable.com/j/F761D0F242,https://apply.workable.com/j/F761D0F242,,Workable XML job feed
HARD_PASS,Lead AI Engineer,WeBuild-AI,"London, England, GB",,MISSING,,"Fri, 20 Mar 2026 15:58:04 UTC",,,,Engineering,Admin/Service – Office Support,HARD_PASS,hard pass title pattern: engineer,ADDITIONAL,,,0.439,workable-06335813B0,https://apply.workable.com/j/06335813B0,https://apply.workable.com/j/06335813B0,,Workable XML job feed
HARD_PASS,Lead Software Engineer,WeBuild-AI,"London, England, GB",,MISSING,,"Fri, 20 Mar 2026 15:58:51 UTC",,,,,Admin/Service – Office Support,HARD_PASS,hard pass title pattern: engineer,ADDITIONAL,,,0.391,workable-5010161777,https://apply.workable.com/j/5010161777,https://apply.workable.com/j/5010161777,,Workable XML job feed
HARD_PASS,Principal AI Engineer,WeBuild-AI,"London, England, GB",,MISSING,,"Fri, 20 Mar 2026 16:01:00 UTC",,,,Engineering,Admin/Service – Office Support,HARD_PASS,hard pass title pattern: engineer,ADDITIONAL,,,0.431,workable-DB12234228,https://apply.workable.com/j/DB12234228,https://apply.workable.com/j/DB12234228,,Workable XML job feed
HARD_PASS,Principal Software Engineer,WeBuild-AI,"London, England, GB",,MISSING,,"Fri, 20 Mar 2026 16:00:32 UTC",,,,Engineering,Admin/Service – Office Support,HARD_PASS,hard pass title pattern: engineer,ADDITIONAL,,,0.399,workable-9C2834721A,https://apply.workable.com/j/9C2834721A,https://apply.workable.com/j/9C2834721A,,Workable XML job feed
HARD_PASS,Senior Designer,WeBuild-AI,"London, England, GB",,MISSING,,"Mon, 13 Jul 2026 17:23:38 UTC",,Full-time,,,Admin/Service – Office Support,HARD_PASS,hard pass title pattern: senior,ADDITIONAL,,,0.402,workable-4595F7271D,https://apply.workable.com/j/4595F7271D,https://apply.workable.com/j/4595F7271D,,Workable XML job feed
HARD_PASS,Senior Software Engineer,Weekday AI,"London, England, GB",,MISSING,,"Thu, 16 Apr 2026 09:23:25 UTC",,Full-time,,,Admin/Service – Office Support,HARD_PASS,"hard pass title pattern: engineer, senior",ADDITIONAL,,,0.415,workable-A63845C14D,https://apply.workable.com/j/A63845C14D,https://apply.workable.com/j/A63845C14D,,Workable XML job feed
HARD_PASS,Senior Software Engineer,Weekday AI,"London, England, GB",,MISSING,,"Tue, 18 Aug 2026 16:54:50 UTC",,Full-time,Remote,,Admin/Service – Office Support,HARD_PASS,"hard pass title pattern: engineer, senior",ADDITIONAL,,,0.415,workable-CBB8C7A875,https://apply.workable.com/j/CBB8C7A875,https://apply.workable.com/j/CBB8C7A875,,Workable XML job feed
HARD_PASS,Label Marketing Assistant,Weybourne,"London, United Kingdom, GB",,MISSING,,"Mon, 10 Aug 2026 14:55:36 UTC",,Full-time,,Marketing,Admin/Service – Office Support,OUT_OF_SCOPE,no admin/service title classification match,ADDITIONAL,,,0.458,workable-ABED27A27A,https://apply.workable.com/j/ABED27A27A,https://apply.workable.com/j/ABED27A27A,,Workable XML job feed
HARD_PASS,Senior FP&A Manager,Wifinity,"London, England, GB",,MISSING,,"Wed, 12 Aug 2026 09:25:51 UTC",,,,,Admin/Service – Office Support,HARD_PASS,"hard pass title pattern: senior, manager",ADDITIONAL,,,0.374,workable-622A8A7646,https://apply.workable.com/j/622A8A7646,https://apply.workable.com/j/622A8A7646,,Workable XML job feed
HARD_PASS,Hardware Engineering Manager,Winnow,"London, England, GB",,MISSING,,"Thu, 23 Jul 2026 13:18:38 UTC",,Full-time,,Engineering,Admin/Service – Office Support,HARD_PASS,"hard pass title pattern: engineer, manager",ADDITIONAL,,,0.369,workable-0613813922,https://apply.workable.com/j/0613813922,https://apply.workable.com/j/0613813922,,Workable XML job feed
HARD_PASS,PR & Events Manager - Ethical Fashion,Wolf & Badger,"London, England, GB","£36,000–£43,000",USABLE_REVIEW,"nity to grow within a fast-paced, purpose-led environment. Benefits Competitive salary of £36k-£43k subject to skills and experience Career development opportunities in a scale-up internati","Fri, 07 Aug 2026 16:07:15 UTC",,Full-time,,Public Relations,Admin/Service – Office Support,HARD_PASS,hard pass title pattern: manager,ADDITIONAL,,,0.470,workable-6818C30286,https://apply.workable.com/j/6818C30286,https://apply.workable.com/j/6818C30286,,Workable XML job feed
HARD_PASS,Senior Product Manager - Platform & AI,Wolf & Badger,"London, England, GB","£80,000–£90,000",USABLE_REVIEW,"uct leader ready to make an impact, we'd love to hear from you! Benefits Annual salary of £80k-£90k subject to skills and experience Career development opportunities in a scale-up internati","Thu, 30 Jul 2026 09:44:31 UTC",,Full-time,,Product Management,Admin/Service – Office Support,HARD_PASS,"hard pass title pattern: senior, manager",ADDITIONAL,,,0.463,workable-1500029B14,https://apply.workable.com/j/1500029B14,https://apply.workable.com/j/1500029B14,,Workable XML job feed
HARD_PASS,"Product Lead - New Venture, Wonderbly Group",Wonderbly,"London, England, GB",,MISSING,,"Mon, 29 Jun 2026 08:25:53 UTC",,Contract,,,Admin/Service – Office Support,OUT_OF_SCOPE,no admin/service title classification match,ADDITIONAL,,,0.382,workable-456A532AD2,https://apply.workable.com/j/456A532AD2,https://apply.workable.com/j/456A532AD2,,Workable XML job feed
HARD_PASS,Senior Product Engineer (Freelance),Wonderbly,"London, England, GB",,MISSING,,"Tue, 16 Jun 2026 11:43:05 UTC",,Contract,,Engineering,Admin/Service – Office Support,HARD_PASS,"hard pass title pattern: engineer, senior",ADDITIONAL,,,0.385,workable-02305DE589,https://apply.workable.com/j/02305DE589,https://apply.workable.com/j/02305DE589,,Workable XML job feed
HARD_PASS,Art Director,Wonderskin,"London, England, GB",,MISSING,,"Mon, 27 Jul 2026 15:04:10 UTC",,Full-time,,,Admin/Service – Office Support,OUT_OF_SCOPE,no admin/service title classification match,ADDITIONAL,,,0.446,workable-DBA7709CED,https://apply.workable.com/j/DBA7709CED,https://apply.workable.com/j/DBA7709CED,,Workable XML job feed
HARD_PASS,CRM Executive,Wonderskin,"London, England, GB",,MISSING,,"Wed, 22 Jul 2026 19:00:47 UTC",,Full-time,,,Admin/Service – Office Support,OUT_OF_SCOPE,no admin/service title classification match,ADDITIONAL,,,0.442,workable-4DB76AD4C5,https://apply.workable.com/j/4DB76AD4C5,https://apply.workable.com/j/4DB76AD4C5,,Workable XML job feed
HARD_PASS,Head of Performance Creative,Wonderskin,"London, England, GB",,MISSING,,"Mon, 03 Aug 2026 09:33:20 UTC",,Full-time,,,Admin/Service – Office Support,OUT_OF_SCOPE,no admin/service title classification match,ADDITIONAL,,,0.473,workable-609ED87AB3,https://apply.workable.com/j/609ED87AB3,https://apply.workable.com/j/609ED87AB3,,Workable XML job feed
HARD_PASS,Paid Media Buyer,Wonderskin,"London, England, GB",,MISSING,,"Thu, 23 Jul 2026 11:39:03 UTC",,Full-time,,,Admin/Service – Office Support,OUT_OF_SCOPE,no admin/service title classification match,ADDITIONAL,,,0.404,workable-F4C7C440F2,https://apply.workable.com/j/F4C7C440F2,https://apply.workable.com/j/F4C7C440F2,,Workable XML job feed
HARD_PASS,"Associate Director, Equity Research",Woozle Research,"London, England, GB","£40,000–£55,000",USABLE_REVIEW,"enefits ✨ What You’ll Get We’re looking for a driven, detail-oriented professional who: 💰 £40,000–£55,000 salary , depending on location and experience 💎 Annual performance-based bonuses recognisi","Wed, 29 Jul 2026 14:23:22 UTC",,Full-time,,Research,Admin/Service – Office Support,OUT_OF_SCOPE,no admin/service title classification match,ADDITIONAL,,,0.451,workable-EA914845ED,https://apply.workable.com/j/EA914845ED,https://apply.workable.com/j/EA914845ED,,Workable XML job feed
HARD_PASS,Assistant Regional Facilities Manager - South East London Maternity Cover 12FTC,Workman Facilities Management Limited,"London, England, GB",,MISSING,,"Wed, 20 May 2026 13:10:38 UTC",,Full-time,,,Admin/Service – Office Support,HARD_PASS,hard pass title pattern: manager,ADDITIONAL,,,0.434,workable-8128F0EAF8,https://apply.workable.com/j/8128F0EAF8,https://apply.workable.com/j/8128F0EAF8,,Workable XML job feed
HARD_PASS,Bids Proposals Manager,Workman LLP,"London, England, GB",,MISSING,,"Tue, 23 Jun 2026 10:24:30 UTC",,Full-time,,Business Development,Admin/Service – Office Support,HARD_PASS,hard pass title pattern: manager,ADDITIONAL,,,0.396,workable-FB4FFB3BE3,https://apply.workable.com/j/FB4FFB3BE3,https://apply.workable.com/j/FB4FFB3BE3,,Workable XML job feed
HARD_PASS,Senior Building Surveyor,Workman LLP,"London, England, GB",,MISSING,,"Wed, 26 Nov 2025 14:45:54 UTC",,Full-time,,,Admin/Service – Office Support,HARD_PASS,hard pass title pattern: senior,ADDITIONAL,,,0.429,workable-4E2C3676AB,https://apply.workable.com/j/4E2C3676AB,https://apply.workable.com/j/4E2C3676AB,,Workable XML job feed
HARD_PASS,Senior Building Surveyor - Fire Safety Advisory,Workman LLP,"London, England, GB",,MISSING,,"Tue, 17 Feb 2026 16:43:28 UTC",,Full-time,,,Admin/Service – Office Support,HARD_PASS,hard pass title pattern: senior,ADDITIONAL,,,0.407,workable-2BB4034DD0,https://apply.workable.com/j/2BB4034DD0,https://apply.workable.com/j/2BB4034DD0,,Workable XML job feed
HARD_PASS,Senior Surveyor,Workman LLP,"London, England, GB",,MISSING,,"Wed, 22 Jul 2026 12:13:44 UTC",,Full-time,,,Admin/Service – Office Support,HARD_PASS,hard pass title pattern: senior,ADDITIONAL,,,0.425,workable-9C2D11C848,https://apply.workable.com/j/9C2D11C848,https://apply.workable.com/j/9C2D11C848,,Workable XML job feed
HARD_PASS,"Product Designer (Remote, UK based)",WQA,"London, England, GB",,MISSING,,"Mon, 22 Sep 2025 11:03:24 UTC",,Full-time,Remote,Design,Admin/Service – Office Support,OUT_OF_SCOPE,no admin/service title classification match,ADDITIONAL,,,0.302,workable-6F1788B92E,https://apply.workable.com/j/6F1788B92E,https://apply.workable.com/j/6F1788B92E,,Workable XML job feed
HARD_PASS,"Commercial Director, Wrisk Platforms (UK & EU)",Wrisk,"London, England, GB",,MISSING,,"Tue, 21 Jul 2026 11:33:23 UTC",,Full-time,,Sales,Admin/Service – Office Support,OUT_OF_SCOPE,no admin/service title classification match,ADDITIONAL,,,0.389,workable-4D8B2B5A43,https://apply.workable.com/j/4D8B2B5A43,https://apply.workable.com/j/4D8B2B5A43,,Workable XML job feed
HARD_PASS,"Data Engineer, Fraud",Xcelirate,"London, England, GB",,MISSING,,"Mon, 08 Jun 2026 09:33:50 UTC",,Full-time,Remote,Data Analyst,Admin/Service – Office Support,HARD_PASS,hard pass title pattern: engineer,ADDITIONAL,,,0.488,workable-E9FB6F7A30,https://apply.workable.com/j/E9FB6F7A30,https://apply.workable.com/j/E9FB6F7A30,,Workable XML job feed
HARD_PASS,"Principal Full-Stack Engineer, Contract",Xcelirate,"London, England, GB",,MISSING,,"Fri, 30 Jan 2026 08:38:33 UTC",,Contract,Remote,Engineering,Admin/Service – Office Support,HARD_PASS,hard pass title pattern: engineer,ADDITIONAL,,,0.444,workable-CCB4D612F9,https://apply.workable.com/j/CCB4D612F9,https://apply.workable.com/j/CCB4D612F9,,Workable XML job feed
HARD_PASS,"Senior Full-Stack Engineer, Contract",Xcelirate,"London, England, GB",,MISSING,,"Thu, 30 Jul 2026 08:48:05 UTC",,Contract,Remote,Engineering,Admin/Service – Office Support,HARD_PASS,"hard pass title pattern: engineer, senior",ADDITIONAL,,,0.431,workable-7A46ABC510,https://apply.workable.com/j/7A46ABC510,https://apply.workable.com/j/7A46ABC510,,Workable XML job feed
HARD_PASS,"Technical Team Lead, Contract",Xcelirate,"London, England, GB",,MISSING,,"Mon, 23 Mar 2026 15:07:27 UTC",,Contract,Remote,Engineering,Admin/Service – Office Support,OUT_OF_SCOPE,no admin/service title classification match,ADDITIONAL,,,0.468,workable-04282A90A3,https://apply.workable.com/j/04282A90A3,https://apply.workable.com/j/04282A90A3,,Workable XML job feed
HARD_PASS,Environmental Specialist - Marine Mammal Specialist,Xodus Group,"London, England, GB",,MISSING,,"Thu, 23 Jul 2026 13:27:32 UTC",,,,,Admin/Service – Office Support,OUT_OF_SCOPE,no admin/service title classification match,ADDITIONAL,,,0.521,workable-52BE45E80A,https://apply.workable.com/j/52BE45E80A,https://apply.workable.com/j/52BE45E80A,,Workable XML job feed
HARD_PASS,Expression of Interest - Senior / Principal Electrical Engineer - Power Systems,Xodus Group,"London, England, GB",,MISSING,,"Thu, 06 Aug 2026 10:05:54 UTC",,,,,Admin/Service – Office Support,HARD_PASS,"hard pass title pattern: engineer, senior",ADDITIONAL,,,0.536,workable-66758B2E0D,https://apply.workable.com/j/66758B2E0D,https://apply.workable.com/j/66758B2E0D,,Workable XML job feed
HARD_PASS,Technical Safety & Risk (TSR) Team Lead,Xodus Group,"London, England, GB",,MISSING,,"Wed, 05 Aug 2026 08:03:08 UTC",,,,,Admin/Service – Office Support,OUT_OF_SCOPE,no admin/service title classification match,ADDITIONAL,,,0.547,workable-091EFC1421,https://apply.workable.com/j/091EFC1421,https://apply.workable.com/j/091EFC1421,,Workable XML job feed
HARD_PASS,"Director, Marketing (12 month fixed term contract)",XR Extreme Reach,"London, England, GB",,MISSING,,"Wed, 05 Aug 2026 19:44:04 UTC",,,,Marketing,Admin/Service – Office Support,OUT_OF_SCOPE,no admin/service title classification match,ADDITIONAL,,,0.480,workable-75FAB306D6,https://apply.workable.com/j/75FAB306D6,https://apply.workable.com/j/75FAB306D6,,Workable XML job feed
HARD_PASS,Production Services Specialist (Fixed Term Contract),XR Extreme Reach,"London, England, GB",,MISSING,,"Tue, 07 Jul 2026 14:21:48 UTC",,,,,Admin/Service – Office Support,HARD_PASS,hard pass title pattern: production,ADDITIONAL,,,0.413,workable-D5E8A29C64,https://apply.workable.com/j/D5E8A29C64,https://apply.workable.com/j/D5E8A29C64,,Workable XML job feed
HARD_PASS,Senior People & Culture Advisor,XR Extreme Reach,"London, England, GB",,MISSING,,"Fri, 10 Jul 2026 19:17:41 UTC",,,,,Admin/Service – Office Support,HARD_PASS,hard pass title pattern: senior,ADDITIONAL,,,0.455,workable-84DFDE8329,https://apply.workable.com/j/84DFDE8329,https://apply.workable.com/j/84DFDE8329,,Workable XML job feed
HARD_PASS,Express Your Interest at XTM,XTM International,"London, England, GB",,MISSING,,"Mon, 24 Nov 2025 15:08:11 UTC",,,,,Admin/Service – Office Support,OUT_OF_SCOPE,no admin/service title classification match,ADDITIONAL,,,0.450,workable-4506C26A6B,https://apply.workable.com/j/4506C26A6B,https://apply.workable.com/j/4506C26A6B,,Workable XML job feed
HARD_PASS,Head of Policy,Yapily,"London, England, GB",,MISSING,,"Tue, 21 Jul 2026 08:54:05 UTC",,Full-time,,Product Management,Admin/Service – Office Support,OUT_OF_SCOPE,no admin/service title classification match,ADDITIONAL,,,0.388,workable-B7F4F790F3,https://apply.workable.com/j/B7F4F790F3,https://apply.workable.com/j/B7F4F790F3,,Workable XML job feed
HARD_PASS,Principal Front End Developer,Yapily,"London, England, GB",,MISSING,,"Tue, 16 Jun 2026 13:55:22 UTC",,Full-time,,Engineering,Admin/Service – Office Support,OUT_OF_SCOPE,no admin/service title classification match,ADDITIONAL,,,0.395,workable-D87B1635E1,https://apply.workable.com/j/D87B1635E1,https://apply.workable.com/j/D87B1635E1,,Workable XML job feed
HARD_PASS,Product Manager - Core Platform & Data,Yapily,"London, England, GB",,MISSING,,"Mon, 20 Jul 2026 08:13:29 UTC",,Full-time,,Product Management,Admin/Service – Office Support,HARD_PASS,hard pass title pattern: manager,ADDITIONAL,,,0.375,workable-F26F8B9006,https://apply.workable.com/j/F26F8B9006,https://apply.workable.com/j/F26F8B9006,,Workable XML job feed
HARD_PASS,Safeguarding & Treasury Manager,Yapily,"London, England, GB",,MISSING,,"Tue, 07 Jul 2026 15:33:49 UTC",,Full-time,,,Admin/Service – Office Support,HARD_PASS,hard pass title pattern: manager,ADDITIONAL,,,0.365,workable-172DEC06A8,https://apply.workable.com/j/172DEC06A8,https://apply.workable.com/j/172DEC06A8,,Workable XML job feed
HARD_PASS,Sales Development Representative,Yapily,"London, England, GB",,MISSING,,"Mon, 27 Jul 2026 09:10:03 UTC",,Full-time,,,Admin/Service – Office Support,OUT_OF_SCOPE,no admin/service title classification match,ADDITIONAL,,,0.382,workable-EE7B219746,https://apply.workable.com/j/EE7B219746,https://apply.workable.com/j/EE7B219746,,Workable XML job feed
HARD_PASS,Senior Backend Developer,Yapily,"London, England, GB",,MISSING,,"Mon, 06 Jul 2026 17:11:20 UTC",,Full-time,,Engineering,Admin/Service – Office Support,HARD_PASS,hard pass title pattern: senior,ADDITIONAL,,,0.385,workable-1D534124A0,https://apply.workable.com/j/1D534124A0,https://apply.workable.com/j/1D534124A0,,Workable XML job feed
HARD_PASS,Senior DevSecOps Engineer,Yapily,"London, England, GB",,MISSING,,"Tue, 17 Feb 2026 16:43:36 UTC",,,,Engineering,Admin/Service – Office Support,HARD_PASS,"hard pass title pattern: engineer, senior",ADDITIONAL,,,0.380,workable-98441C54B5,https://apply.workable.com/j/98441C54B5,https://apply.workable.com/j/98441C54B5,,Workable XML job feed
HARD_PASS,Software Engineering Team Lead,Yapily,"London, England, GB",,MISSING,,"Wed, 22 Jul 2026 16:18:07 UTC",,,,,Admin/Service – Office Support,HARD_PASS,hard pass title pattern: engineer,ADDITIONAL,,,0.371,workable-209D898222,https://apply.workable.com/j/209D898222,https://apply.workable.com/j/209D898222,,Workable XML job feed
HARD_PASS,"Finance Manager, Mandarin-speaking",YASO,"London, England, GB",,MISSING,,"Tue, 11 Aug 2026 17:18:31 UTC",,Full-time,,Finance,Admin/Service – Office Support,HARD_PASS,hard pass title pattern: manager,ADDITIONAL,,,0.389,workable-2011E35107,https://apply.workable.com/j/2011E35107,https://apply.workable.com/j/2011E35107,,Workable XML job feed
HARD_PASS,Agile Delivery Manager (SFIA4),Zaizi,"London, England, GB","£55,000–£70,000",USABLE_REVIEW,"e UK without sponsorship and who have lived in the UK for the last 5+ years continuously. £55,000 - £70,000 Benefits Compensation Competitive Pay: Salaries reviewed annually to ensure they reflect y","Mon, 23 Mar 2026 15:40:26 UTC",,Full-time,,,Admin/Service – Office Support,HARD_PASS,hard pass title pattern: manager,ADDITIONAL,,,0.331,workable-1EE9423E4D,https://apply.workable.com/j/1EE9423E4D,https://apply.workable.com/j/1EE9423E4D,,Workable XML job feed
HARD_PASS,Business Analyst,Zaizi,"London, England, GB",,MISSING,,"Mon, 06 Jul 2026 10:44:56 UTC",,,,,Admin/Service – Office Support,OUT_OF_SCOPE,no admin/service title classification match,ADDITIONAL,,,0.407,workable-6A66BCF91F,https://apply.workable.com/j/6A66BCF91F,https://apply.workable.com/j/6A66BCF91F,,Workable XML job feed
HARD_PASS,Business Development Manager (SFIA4),Zaizi,"London, England, GB",,MISSING,,"Wed, 29 Apr 2026 08:54:32 UTC",,,,Sales,Admin/Service – Office Support,HARD_PASS,"hard pass title pattern: business development, manager",ADDITIONAL,,,0.364,workable-8260DE4F9E,https://apply.workable.com/j/8260DE4F9E,https://apply.workable.com/j/8260DE4F9E,,Workable XML job feed
HARD_PASS,DV Opportunities in IT,Zaizi,"London, England, GB",,MISSING,,"Fri, 05 Aug 2022 12:44:27 UTC",,Full-time,,,Admin/Service – Office Support,OUT_OF_SCOPE,no admin/service title classification match,ADDITIONAL,,,0.331,workable-09C947D76E,https://apply.workable.com/j/09C947D76E,https://apply.workable.com/j/09C947D76E,,Workable XML job feed
HARD_PASS,Head of Marketing,Zaizi,"London, England, GB","£75,000–£95,000",USABLE_REVIEW,"a passion for making a difference in the public sector, we encourage you to apply! Salary £75,000 - £95,000 Benefits 25 days paid holiday, plus bank holidays Vitality medical insurance Workplace Pen","Wed, 05 Aug 2026 07:49:46 UTC",,Full-time,,,Admin/Service – Office Support,OUT_OF_SCOPE,no admin/service title classification match,ADDITIONAL,,,0.355,workable-405C9E1E8A,https://apply.workable.com/j/405C9E1E8A,https://apply.workable.com/j/405C9E1E8A,,Workable XML job feed
HARD_PASS,Lead Solution Architect (SFIA 5),Zaizi,"London, England, GB","£90,000–£115,000",USABLE_REVIEW,"appy to make any adjustments needed throughout the interview process—just ask! Salaries - £90,000 - £115,000 SC Clearance: Zaizi works with UK Central Government departments on a range of projects. T","Mon, 20 Jul 2026 16:48:12 UTC",,Full-time,,,Admin/Service – Office Support,OUT_OF_SCOPE,no admin/service title classification match,ADDITIONAL,,,0.355,workable-CE0C3ED2F7,https://apply.workable.com/j/CE0C3ED2F7,https://apply.workable.com/j/CE0C3ED2F7,,Workable XML job feed
HARD_PASS,NatSec Cloud Engineer,Zaizi,"London, England, GB","£80,000–£120,000",USABLE_REVIEW,"nel interview where multiple people from different departments ask you questions. Salary: £80,000 - £120,000 Benefits Compensation Competitive Pay: Salaries reviewed annually to ensure they reflect y","Wed, 11 Jun 2025 20:13:08 UTC",,Full-time,,,Admin/Service – Office Support,HARD_PASS,hard pass title pattern: engineer,ADDITIONAL,,,0.308,workable-1AB9D80450,https://apply.workable.com/j/1AB9D80450,https://apply.workable.com/j/1AB9D80450,,Workable XML job feed
HARD_PASS,Natsec Product Manager,Zaizi,"London, England, GB","£60,000–£75,000",USABLE_REVIEW,"e multiple people from different departments ask you questions. Salary: Product Manager - £60,000-£75,000 Senior Product Manager - £70,000-£85,000 Benefits Compensation Competitive Pay: Salaries r","Fri, 23 May 2025 15:35:49 UTC",,Full-time,,,Admin/Service – Office Support,HARD_PASS,hard pass title pattern: manager,ADDITIONAL,,,0.323,workable-843A3EBF22,https://apply.workable.com/j/843A3EBF22,https://apply.workable.com/j/843A3EBF22,,Workable XML job feed
HARD_PASS,Senior Cloud Platform Engineer,Zaizi,"London, England, GB",,MISSING,,"Mon, 10 Aug 2026 09:17:08 UTC",,,,,Admin/Service – Office Support,HARD_PASS,"hard pass title pattern: engineer, senior",ADDITIONAL,,,0.312,workable-2FBC250C7C,https://apply.workable.com/j/2FBC250C7C,https://apply.workable.com/j/2FBC250C7C,,Workable XML job feed
HARD_PASS,Senior Machine Learning Engineer,Zaizi,"London, England, GB",,MISSING,,"Tue, 04 Aug 2026 13:06:53 UTC",,,,,Admin/Service – Office Support,HARD_PASS,"hard pass title pattern: engineer, senior",ADDITIONAL,,,0.308,workable-C4B2EE0EB5,https://apply.workable.com/j/C4B2EE0EB5,https://apply.workable.com/j/C4B2EE0EB5,,Workable XML job feed
HARD_PASS,Senior Software Engineer,Zaizi,"London, England, GB",,MISSING,,"Tue, 04 Aug 2026 13:03:23 UTC",,,,,Admin/Service – Office Support,HARD_PASS,"hard pass title pattern: engineer, senior",ADDITIONAL,,,0.336,workable-E390E14EF9,https://apply.workable.com/j/E390E14EF9,https://apply.workable.com/j/E390E14EF9,,Workable XML job feed
HARD_PASS,Senior System Engineer (SFIA4),Zaizi,"London, England, GB","£75,000–£98,000",USABLE_REVIEW,"livery milestones and complex ""system-of-systems"" integration challenges. Benefits Salary £75,000 - £98,000 SC Clearance: Zaizi works with UK Central Government departments on a range of projects. T","Mon, 20 Apr 2026 15:36:11 UTC",,,,,Admin/Service – Office Support,HARD_PASS,"hard pass title pattern: engineer, senior",ADDITIONAL,,,0.334,workable-AC36B41EF9,https://apply.workable.com/j/AC36B41EF9,https://apply.workable.com/j/AC36B41EF9,,Workable XML job feed
HARD_PASS,Service Delivery Manager,Zaizi,"London, England, GB",,MISSING,,"Wed, 12 Aug 2026 08:47:00 UTC",,,,,Admin/Service – Office Support,HARD_PASS,hard pass title pattern: manager,ADDITIONAL,,,0.351,workable-FD40A40C82,https://apply.workable.com/j/FD40A40C82,https://apply.workable.com/j/FD40A40C82,,Workable XML job feed
HARD_PASS,Software Developer Backend (SFIA5),Zaizi,"London, England, GB",,MISSING,,"Tue, 28 Oct 2025 11:19:56 UTC",,Contract,,,Admin/Service – Office Support,OUT_OF_SCOPE,no admin/service title classification match,ADDITIONAL,,,0.321,workable-D8C26267CC,https://apply.workable.com/j/D8C26267CC,https://apply.workable.com/j/D8C26267CC,,Workable XML job feed
HARD_PASS,Software Developer-Backend (SFIA4),Zaizi,"London, England, GB","£60,000–£75,000",USABLE_REVIEW,"nel interview where multiple people from different departments ask you questions. Salary: £60,000 - £75,000 Benefits Compensation Competitive Pay: Salaries reviewed annually to ensure they reflect y","Fri, 06 Jun 2025 18:53:09 UTC",,Full-time,,,Admin/Service – Office Support,OUT_OF_SCOPE,no admin/service title classification match,ADDITIONAL,,,0.321,workable-8C5425D92E,https://apply.workable.com/j/8C5425D92E,https://apply.workable.com/j/8C5425D92E,,Workable XML job feed
HARD_PASS,Solution Architect (SFIA 5),Zaizi,"London, England, GB","£90,000–£125,000",USABLE_REVIEW,"appy to make any adjustments needed throughout the interview process—just ask! Salaries - £90,000 - £125,000 SC Clearance: Zaizi works with UK Central Government departments on a range of projects. T","Fri, 27 Mar 2026 16:14:49 UTC",,Full-time,,,Admin/Service – Office Support,OUT_OF_SCOPE,no admin/service title classification match,ADDITIONAL,,,0.323,workable-810D0ADC6D,https://apply.workable.com/j/810D0ADC6D,https://apply.workable.com/j/810D0ADC6D,,Workable XML job feed
HARD_PASS,UX/UI Designer (SFIA3/4),Zaizi,"London, England, GB",,MISSING,,"Tue, 18 Aug 2026 09:13:34 UTC",,,,,Admin/Service – Office Support,OUT_OF_SCOPE,no admin/service title classification match,ADDITIONAL,,,0.331,workable-453C074BAC,https://apply.workable.com/j/453C074BAC,https://apply.workable.com/j/453C074BAC,,Workable XML job feed
HARD_PASS,Senior Trading Anti Fraud Specialist,Zeal Group,"London, England, GB",,MISSING,,"Fri, 06 Feb 2026 18:06:10 UTC",,Full-time,,,Admin/Service – Office Support,HARD_PASS,hard pass title pattern: senior,ADDITIONAL,,,0.518,workable-BE92B3BAE0,https://apply.workable.com/j/BE92B3BAE0,https://apply.workable.com/j/BE92B3BAE0,,Workable XML job feed
HARD_PASS,Trading Anti- Fraud Manager (TAF Manager),Zeal Group,"London, England, GB",,MISSING,,"Fri, 20 Feb 2026 16:52:15 UTC",,,,,Admin/Service – Office Support,HARD_PASS,hard pass title pattern: manager,ADDITIONAL,,,0.474,workable-0D7C9BD5DE,https://apply.workable.com/j/0D7C9BD5DE,https://apply.workable.com/j/0D7C9BD5DE,,Workable XML job feed
HARD_PASS,Analytics Engineer,Zego,"London, England, GB",,MISSING,,"Fri, 10 Jul 2026 16:37:09 UTC",,Full-time,,,Admin/Service – Office Support,HARD_PASS,hard pass title pattern: engineer,ADDITIONAL,,,0.402,workable-B76C11B977,https://apply.workable.com/j/B76C11B977,https://apply.workable.com/j/B76C11B977,,Workable XML job feed
HARD_PASS,Claims Data Analyst,Zego,"London, England, GB",,MISSING,,"Mon, 06 Jul 2026 10:32:03 UTC",,Full-time,,Data Analyst,Admin/Service – Office Support,OUT_OF_SCOPE,no admin/service title classification match,ADDITIONAL,,,0.451,workable-2446BEA4E2,https://apply.workable.com/j/2446BEA4E2,https://apply.workable.com/j/2446BEA4E2,,Workable XML job feed
HARD_PASS,Complaints Manager,Zego,"London, England, GB",,MISSING,,"Fri, 14 Aug 2026 11:29:33 UTC",,,,,Admin/Service – Office Support,HARD_PASS,hard pass title pattern: manager,ADDITIONAL,,,0.423,workable-AB7E47D454,https://apply.workable.com/j/AB7E47D454,https://apply.workable.com/j/AB7E47D454,,Workable XML job feed
HARD_PASS,Customer Support Executive,Zego,"London, England, GB",,MISSING,,"Thu, 23 Jul 2026 15:39:42 UTC",,,,,Admin/Service – Office Support,OUT_OF_SCOPE,no admin/service title classification match,ADDITIONAL,,,0.442,workable-E0B9044097,https://apply.workable.com/j/E0B9044097,https://apply.workable.com/j/E0B9044097,,Workable XML job feed
HARD_PASS,Data Engineer,Zego,"London, England, GB",,MISSING,,"Thu, 06 Aug 2026 21:40:22 UTC",,Full-time,,Engineering,Admin/Service – Office Support,HARD_PASS,hard pass title pattern: engineer,ADDITIONAL,,,0.464,workable-61D9A6F546,https://apply.workable.com/j/61D9A6F546,https://apply.workable.com/j/61D9A6F546,,Workable XML job feed
HARD_PASS,Engineering Manager,Zego,"London, England, GB",,MISSING,,"Fri, 15 May 2026 14:08:56 UTC",,Full-time,,Engineering,Admin/Service – Office Support,HARD_PASS,"hard pass title pattern: engineer, manager",ADDITIONAL,,,0.423,workable-D53F49562D,https://apply.workable.com/j/D53F49562D,https://apply.workable.com/j/D53F49562D,,Workable XML job feed
HARD_PASS,External Reporting Manager,Zego,"London, England, GB",,MISSING,,"Tue, 07 Jul 2026 15:30:45 UTC",,,,Finance,Admin/Service – Office Support,HARD_PASS,hard pass title pattern: manager,ADDITIONAL,,,0.442,workable-ACF6B56794,https://apply.workable.com/j/ACF6B56794,https://apply.workable.com/j/ACF6B56794,,Workable XML job feed
HARD_PASS,Head of Telematics Data Science,Zego,"London, England, GB",,MISSING,,"Tue, 04 Aug 2026 22:00:35 UTC",,Full-time,,,Admin/Service – Office Support,OUT_OF_SCOPE,no admin/service title classification match,ADDITIONAL,,,0.396,workable-F33DEE7390,https://apply.workable.com/j/F33DEE7390,https://apply.workable.com/j/F33DEE7390,,Workable XML job feed
HARD_PASS,Interim Head of Finance - Insurance- Contract,Zego,"London, England, GB",,MISSING,,"Tue, 04 Aug 2026 09:28:07 UTC",,Contract,,,Admin/Service – Office Support,OUT_OF_SCOPE,no admin/service title classification match,ADDITIONAL,,,0.412,workable-ECD0466F2A,https://apply.workable.com/j/ECD0466F2A,https://apply.workable.com/j/ECD0466F2A,,Workable XML job feed
HARD_PASS,Large Loss Claims Handler,Zego,"London, England, GB",,MISSING,,"Wed, 12 Aug 2026 12:27:16 UTC",,,,,Admin/Service – Office Support,ELASTIC_FIT,elastic-fit title pattern: claims handler,ADDITIONAL,,,0.416,workable-48B6D16CCC,https://apply.workable.com/j/48B6D16CCC,https://apply.workable.com/j/48B6D16CCC,,Workable XML job feed
HARD_PASS,Lead AI Product Manager,Zego,"London, England, GB",,MISSING,,"Mon, 08 Jun 2026 12:23:47 UTC",,Full-time,,,Admin/Service – Office Support,HARD_PASS,hard pass title pattern: manager,ADDITIONAL,,,0.406,workable-63638E6781,https://apply.workable.com/j/63638E6781,https://apply.workable.com/j/63638E6781,,Workable XML job feed
HARD_PASS,Lead Backend Engineer,Zego,"London, England, GB",,MISSING,,"Mon, 21 Jul 2025 13:38:57 UTC",,Full-time,,,Admin/Service – Office Support,HARD_PASS,hard pass title pattern: engineer,ADDITIONAL,,,0.399,workable-6C975B0601,https://apply.workable.com/j/6C975B0601,https://apply.workable.com/j/6C975B0601,,Workable XML job feed
HARD_PASS,Lead Data Scientist - Telematics,Zego,"London, England, GB",,MISSING,,"Wed, 10 Jun 2026 11:06:11 UTC",,Full-time,,,Admin/Service – Office Support,OUT_OF_SCOPE,no admin/service title classification match,ADDITIONAL,,,0.457,workable-0AB33A63AB,https://apply.workable.com/j/0AB33A63AB,https://apply.workable.com/j/0AB33A63AB,,Workable XML job feed
HARD_PASS,Performance Marketing Lead,Zego,"London, England, GB",,MISSING,,"Fri, 10 Jul 2026 15:17:46 UTC",,Full-time,,Marketing,Admin/Service – Office Support,OUT_OF_SCOPE,no admin/service title classification match,ADDITIONAL,,,0.472,workable-441CBA2B92,https://apply.workable.com/j/441CBA2B92,https://apply.workable.com/j/441CBA2B92,,Workable XML job feed
HARD_PASS,Policy Validation Executive,Zego,"London, England, GB",,MISSING,,"Thu, 06 Aug 2026 08:16:48 UTC",,Full-time,,,Admin/Service – Office Support,OUT_OF_SCOPE,no admin/service title classification match,ADDITIONAL,,,0.394,workable-CB9F5F7EB0,https://apply.workable.com/j/CB9F5F7EB0,https://apply.workable.com/j/CB9F5F7EB0,,Workable XML job feed
HARD_PASS,Sales Executive,Zego,"London, England, GB",,MISSING,,"Wed, 15 Apr 2026 14:19:04 UTC",,Temporary,,Customer Service,Admin/Service – Office Support,HARD_PASS,hard pass title pattern: sales executive,ADDITIONAL,,,0.417,workable-DDE8A5B9E5,https://apply.workable.com/j/DDE8A5B9E5,https://apply.workable.com/j/DDE8A5B9E5,,Workable XML job feed
HARD_PASS,Senior Analytics Engineer,Zego,"London, England, GB",,MISSING,,"Tue, 21 Jul 2026 14:36:46 UTC",,Full-time,,,Admin/Service – Office Support,HARD_PASS,"hard pass title pattern: engineer, senior",ADDITIONAL,,,0.418,workable-8B0FC3A6E4,https://apply.workable.com/j/8B0FC3A6E4,https://apply.workable.com/j/8B0FC3A6E4,,Workable XML job feed
HARD_PASS,Senior Data Engineer,Zego,"London, England, GB",,MISSING,,"Wed, 22 Jul 2026 14:30:56 UTC",,Full-time,,,Admin/Service – Office Support,HARD_PASS,"hard pass title pattern: engineer, senior",ADDITIONAL,,,0.422,workable-E6033BA9A6,https://apply.workable.com/j/E6033BA9A6,https://apply.workable.com/j/E6033BA9A6,,Workable XML job feed
HARD_PASS,Senior iOS Engineer,Zego,"London, England, GB",,MISSING,,"Fri, 25 Apr 2025 16:53:08 UTC",,Full-time,,Engineering,Admin/Service – Office Support,HARD_PASS,"hard pass title pattern: engineer, senior",ADDITIONAL,,,0.410,workable-D99B12806E,https://apply.workable.com/j/D99B12806E,https://apply.workable.com/j/D99B12806E,,Workable XML job feed
HARD_PASS,Senior Pricing Analyst,Zego,"London, England, GB",,MISSING,,"Fri, 03 Jul 2026 12:23:40 UTC",,Full-time,,,Admin/Service – Office Support,HARD_PASS,hard pass title pattern: senior,ADDITIONAL,,,0.425,workable-31CF2D4CCE,https://apply.workable.com/j/31CF2D4CCE,https://apply.workable.com/j/31CF2D4CCE,,Workable XML job feed
HARD_PASS,Senior Pricing Manager- Commercial,Zego,"London, England, GB",,MISSING,,"Thu, 30 Jul 2026 11:29:18 UTC",,,,,Admin/Service – Office Support,HARD_PASS,"hard pass title pattern: senior, manager",ADDITIONAL,,,0.450,workable-E6BC1CE5DE,https://apply.workable.com/j/E6BC1CE5DE,https://apply.workable.com/j/E6BC1CE5DE,,Workable XML job feed
HARD_PASS,Senior Pricing Manager- PCI,Zego,"London, England, GB",,MISSING,,"Thu, 30 Jul 2026 11:23:07 UTC",,,,,Admin/Service – Office Support,HARD_PASS,"hard pass title pattern: senior, manager",ADDITIONAL,,,0.427,workable-EE967AEE37,https://apply.workable.com/j/EE967AEE37,https://apply.workable.com/j/EE967AEE37,,Workable XML job feed
HARD_PASS,Senior Software Engineer,Zego,"London, England, GB",,MISSING,,"Mon, 21 Jul 2025 13:37:53 UTC",,Full-time,,,Admin/Service – Office Support,HARD_PASS,"hard pass title pattern: engineer, senior",ADDITIONAL,,,0.418,workable-4E01E8D8A1,https://apply.workable.com/j/4E01E8D8A1,https://apply.workable.com/j/4E01E8D8A1,,Workable XML job feed
HARD_PASS,Software Engineer,Zego,"London, England, GB",,MISSING,,"Tue, 28 Apr 2026 10:37:05 UTC",,Full-time,,,Admin/Service – Office Support,HARD_PASS,hard pass title pattern: engineer,ADDITIONAL,,,0.407,workable-637F3B9521,https://apply.workable.com/j/637F3B9521,https://apply.workable.com/j/637F3B9521,,Workable XML job feed
HARD_PASS,Special Projects Manager,Zego,"London Area, England, GB",,MISSING,,"Wed, 19 Aug 2026 16:17:54 UTC",,Full-time,,Strategy/Planning,Admin/Service – Office Support,HARD_PASS,hard pass title pattern: manager,ADDITIONAL,,,0.411,workable-5855F06F00,https://apply.workable.com/j/5855F06F00,https://apply.workable.com/j/5855F06F00,,Workable XML job feed
HARD_PASS,Talent Acquisition Manager,Zego,"London, England, GB",,MISSING,,"Wed, 19 Aug 2026 16:59:20 UTC",,,,,Admin/Service – Office Support,HARD_PASS,hard pass title pattern: manager,ADDITIONAL,,,0.439,workable-B375896D63,https://apply.workable.com/j/B375896D63,https://apply.workable.com/j/B375896D63,,Workable XML job feed
HARD_PASS,AI Engineer,Zero100,"London, England, GB",,MISSING,,"Mon, 13 Jul 2026 08:04:10 UTC",,Full-time,,Engineering,Admin/Service – Office Support,HARD_PASS,hard pass title pattern: engineer,ADDITIONAL,,,0.414,workable-D3FF6618A3,https://apply.workable.com/j/D3FF6618A3,https://apply.workable.com/j/D3FF6618A3,,Workable XML job feed
HARD_PASS,"Senior Analyst, Data & Insights",Zero100,"London, England, GB",,MISSING,,"Tue, 19 May 2026 07:01:03 UTC",,Full-time,,Research,Admin/Service – Office Support,HARD_PASS,hard pass title pattern: senior,ADDITIONAL,,,0.367,workable-7DAF401B32,https://apply.workable.com/j/7DAF401B32,https://apply.workable.com/j/7DAF401B32,,Workable XML job feed
HARD_PASS,"Senior Content Manager, Multimedia",Zero100,"London, England, GB",,MISSING,,"Fri, 24 Jul 2026 07:06:55 UTC",,Full-time,,,Admin/Service – Office Support,HARD_PASS,"hard pass title pattern: senior, manager",ADDITIONAL,,,0.363,workable-E76FC77AC4,https://apply.workable.com/j/E76FC77AC4,https://apply.workable.com/j/E76FC77AC4,,Workable XML job feed
HARD_PASS,Intelligence Analyst (Arabic),ZeroFox,"London, England, GB","£49,000–£56,000",USABLE_REVIEW,"llow written and oral instructions and directions, ability to travel =/ Benefits Benefits £49,000-£56,000 Annual Salary Community-driven culture with employee events Generous time off Comprehensiv","Tue, 18 Aug 2026 14:39:10 UTC",,,,,Admin/Service – Office Support,OUT_OF_SCOPE,no admin/service title classification match,ADDITIONAL,,,0.477,workable-583A082CBF,https://apply.workable.com/j/583A082CBF,https://apply.workable.com/j/583A082CBF,,Workable XML job feed
HARD_PASS,ITIL Change Manager (Transfer Agency),ZILO,"London, England, GB",,MISSING,,"Tue, 04 Aug 2026 09:24:22 UTC",,,,,Admin/Service – Office Support,HARD_PASS,hard pass title pattern: manager,ADDITIONAL,,,0.349,workable-A630FF6524,https://apply.workable.com/j/A630FF6524,https://apply.workable.com/j/A630FF6524,,Workable XML job feed
HARD_PASS,Copywriter (Freelancer Talent pool),Zinc Network,"London, England, GB",,MISSING,,"Wed, 10 Jul 2024 14:54:56 UTC",,Temporary,,,Admin/Service – Office Support,OUT_OF_SCOPE,no admin/service title classification match,ADDITIONAL,,,0.407,workable-F367795372,https://apply.workable.com/j/F367795372,https://apply.workable.com/j/F367795372,,Workable XML job feed
HARD_PASS,Designer (Freelancer Talent pool),Zinc Network,"London, England, GB",,MISSING,,"Wed, 10 Jul 2024 15:14:04 UTC",,,,,Admin/Service – Office Support,OUT_OF_SCOPE,no admin/service title classification match,ADDITIONAL,,,0.398,workable-3B20FF0FB6,https://apply.workable.com/j/3B20FF0FB6,https://apply.workable.com/j/3B20FF0FB6,,Workable XML job feed
HARD_PASS,Digital Content Strategist - Freelance Talent Pool,Zinc Network,"London, England, GB",,MISSING,,"Wed, 29 Oct 2025 14:49:31 UTC",,,,,Admin/Service – Office Support,OUT_OF_SCOPE,no admin/service title classification match,ADDITIONAL,,,0.419,workable-75BC8C9CE4,https://apply.workable.com/j/75BC8C9CE4,https://apply.workable.com/j/75BC8C9CE4,,Workable XML job feed
HARD_PASS,Social Content Specialist - Freelance Talent Pool,Zinc Network,"London, England, GB",,MISSING,,"Wed, 29 Oct 2025 14:46:34 UTC",,,,,Admin/Service – Office Support,OUT_OF_SCOPE,no admin/service title classification match,ADDITIONAL,,,0.442,workable-3638935112,https://apply.workable.com/j/3638935112,https://apply.workable.com/j/3638935112,,Workable XML job feed
HARD_PASS,Regional Operations Manager,Zippd,"London, England, GB",,MISSING,,"Fri, 08 May 2026 18:52:13 UTC",,Full-time,,Distribution,Admin/Service – Office Support,HARD_PASS,"hard pass title pattern: operations manager, manager",ADDITIONAL,,,0.403,workable-1D32E51813,https://apply.workable.com/j/1D32E51813,https://apply.workable.com/j/1D32E51813,,Workable XML job feed
HARD_PASS,Field Service Engineer,Zipwater,"London, England, GB",,MISSING,,"Fri, 10 Jul 2026 10:22:38 UTC",,Full-time,,Engineering,Admin/Service – Office Support,HARD_PASS,hard pass title pattern: engineer,ADDITIONAL,,,0.501,workable-D84A2A0C5F,https://apply.workable.com/j/D84A2A0C5F,https://apply.workable.com/j/D84A2A0C5F,,Workable XML job feed
HARD_PASS,Field Service Technician,Zipwater,"London, England, GB",,MISSING,,"Thu, 20 Aug 2026 09:22:54 UTC",,Full-time,,Engineering,Admin/Service – Office Support,HARD_PASS,hard pass title pattern: technician,ADDITIONAL,,,0.491,workable-A66D1AAADB,https://apply.workable.com/j/A66D1AAADB,https://apply.workable.com/j/A66D1AAADB,,Workable XML job feed
HARD_PASS,Bicycle Mechanic,Zoomo,"London, England, GB","£29,750–£33,750",USABLE_REVIEW,"itched-on team that strives to make the streets greener and serve the rider Annual Salary £29,750 to £33,750 (depending on experience) Fast growth and career progression Global and country-specific b","Fri, 17 Jul 2026 14:47:27 UTC",,Full-time,,General Business,Admin/Service – Office Support,HARD_PASS,hard pass title pattern: mechanic,ADDITIONAL,,,0.335,workable-F61CABB7DC,https://apply.workable.com/j/F61CABB7DC,https://apply.workable.com/j/F61CABB7DC,,Workable XML job feed
HARD_PASS,Pricing Manager,Zoopla,"London, England, GB",,MISSING,,"Tue, 18 Aug 2026 11:59:46 UTC",,Full-time,,Strategy/Planning,Admin/Service – Office Support,HARD_PASS,hard pass title pattern: manager,ADDITIONAL,,,0.353,workable-4212A20A46,https://apply.workable.com/j/4212A20A46,https://apply.workable.com/j/4212A20A46,,Workable XML job feed
HARD_PASS,Product Marketing Manager,Zutec,"London, England, GB",,MISSING,,"Thu, 02 Jul 2026 13:36:30 UTC",,Full-time,,Marketing,Admin/Service – Office Support,HARD_PASS,hard pass title pattern: manager,ADDITIONAL,,,0.427,workable-4FDFB860A4,https://apply.workable.com/j/4FDFB860A4,https://apply.workable.com/j/4FDFB860A4,,Workable XML job feed
HARD_PASS,Sales Executive,Zutec,"London, England, GB",,MISSING,,"Mon, 10 Aug 2026 09:12:49 UTC",,Full-time,,Sales,Admin/Service – Office Support,HARD_PASS,hard pass title pattern: sales executive,ADDITIONAL,,,0.401,workable-36E4028964,https://apply.workable.com/j/36E4028964,https://apply.workable.com/j/36E4028964,,Workable XML job feed
