title,count_in_latest_feed,primary_broad_family,status,register_matches,selected_categories,likely_category_clues,refinement_conflicts,top_geographies
Driving Instructor (Driving Licence Required),415,Driving / Warehouse / Logistics,UNKNOWN,,,,,City (15); Frome (1); Sudbury (1); Norwich (1); Newport (1)
Class 1 Driver,224,Driving / Warehouse / Logistics,UNKNOWN,,,,,Not Specified (11); Warrington (9); Derby (6); Goole (6); Northampton (5)
HGV Class 1 Driver,209,Driving / Warehouse / Logistics,UNKNOWN,,,,,Not Specified (15); Warrington (8); Northampton (7); Rugby (7); Derby (6)
Management Accountant,145,Professional Finance / Accountancy,UNKNOWN,,,,,Not Specified (21); Manchester (7); Cardiff (5); Warrington (4); Bury (3)
Class 2 Driver,139,Driving / Warehouse / Logistics,UNKNOWN,,,,,Not Specified (11); Northampton (6); Southampton (6); Bradford (5); Leeds (5)
HGV Class 2 Driver,116,Driving / Warehouse / Logistics,UNKNOWN,,,,,Not Specified (8); Bristol (6); Leicester (3); Peterborough (3); Alfreton (3)
Finance Manager,113,Professional Finance / Accountancy,UNKNOWN,,,finance_accounts,,Not Specified (18); Liverpool (3); Hull (3); Southampton (2); Solihull (2)
Delivery Driver,105,Driving / Warehouse / Logistics,UNKNOWN,,,,,Portsmouth (3); Not Specified (3); Aberdeen (2); Guildford (2); Yeovil (2)
Optometrist,90,Other / Unclassified,KNOWN,admin_service:OUT_OF_SCOPE,,,,Eastbourne (2); Colchester (2); Not Specified (2); Carmarthen (2); Boston (1)
Accounts Assistant,87,Professional Finance / Accountancy,KNOWN,finance_accounts:HIGH_CONFIDENCE,finance_accounts,finance_accounts,,Not Specified (10); Nottingham (5); Liverpool (3); Bristol (2); Manchester (2)
Paraplanner,77,Financial Advice / Mortgages,UNKNOWN,,,,,Not Specified (9); Leeds (4); Cheltenham (4); Colchester (4); Wigan (3)
Credit Controller,74,Other / Unclassified,KNOWN,finance_accounts:HIGH_CONFIDENCE,finance_accounts,finance_accounts,,Not Specified (10); Manchester (6); Bury St. Edmunds (4); Bracknell (3); Leeds (2)
Financial Controller,69,Professional Finance / Accountancy,UNKNOWN,,,,,Not Specified (14); Bristol (4); Hertford (2); Preston (2); Chester (2)
Property Manager,67,Construction / Trades / Property,UNKNOWN,,,,,Not Specified (10); Chelmsford (4); Manchester (3); Newcastle Upon Tyne (2); Buckhurst Hill (2)
HR Advisor,66,HR / Recruitment,UNKNOWN,,,hr_recruitment,,Not Specified (6); Manchester (5); Glasgow (3); Ipswich (3); Peterborough (2)
Deliveroo Rider,63,Other / Unclassified,UNKNOWN,,,,,Washington (1); Glastonbury (1); Ruthin (1); Tunbridge Wells (1); Reigate (1)
Senior Accountant,59,Professional Finance / Accountancy,UNKNOWN,,,,,Not Specified (5); Bury St. Edmunds (2); Abingdon (2); Harrogate (2); Brighouse (2)
Mortgage Advisor,59,Financial Advice / Mortgages,UNKNOWN,,,,,Not Specified (22); Bristol (2); Guildford (2); Basildon (2); Witney (2)
Market Research Field Interviewer Car Required Part-time,59,Other / Unclassified,UNKNOWN,,,,,Not Specified (3); City (3); Bury St. Edmunds (1); Bournemouth (1); St. Mellons (1)
Finance Assistant,56,Professional Finance / Accountancy,KNOWN,finance_accounts:HIGH_CONFIDENCE,finance_accounts,finance_accounts,,Not Specified (5); Warrington (2); Leicester (2); Manchester (2); Plymouth (2)
Nursery Practitioner Level 3,55,Other / Unclassified,UNKNOWN,,,,,City (4); Enfield (2); Hook Norton (2); Stoke Gifford (1); Oldbrook (1)
Finance Business Partner,55,Professional Finance / Accountancy,UNKNOWN,,,finance_accounts,,Not Specified (13); Lincoln (3); Swindon (2); Liverpool (2); Derby (2)
Audit Senior,54,Professional Finance / Accountancy,UNKNOWN,,,,,Banbury (3); Wilmslow (2); Southampton (2); Bristol (2); Leicester (2)
Field Sales Executive,53,Sales / Business Development,UNKNOWN,,,,,Hull (2); Carlisle (2); Cambridge (2); Edinburgh (2); Stevenage (2)
IFA Administrator,53,Financial Advice / Mortgages,KNOWN,admin_service:HIGH_CONFIDENCE; finance_accounts:OUT_OF_SCOPE; customer_service_contact_centre:REVIEW_CONTEXT_DEPENDENT; hr_recruitment:REVIEW_CONTEXT_DEPENDENT,admin_service,admin_service,admin_service:HIGH_CONFIDENCE->HARD_PASS,Not Specified (4); Westerham (4); Leeds (3); Farnham (3); Manchester (3)
HGV Driver,51,Driving / Warehouse / Logistics,UNKNOWN,,,,,Alfreton (3); Not Specified (3); Nottingham (2); Bristol (2); Wrexham (2)
Estate Agent,51,Construction / Trades / Property,UNKNOWN,,,,,Not Specified (4); Hemel Hempstead (2); Peterborough (2); Bristol (2); Truro (1)
Assistant Accountant,47,Professional Finance / Accountancy,KNOWN,finance_accounts:HIGH_CONFIDENCE,finance_accounts,,,Not Specified (6); Manchester (2); Sheffield (2); Cardiff (1); Hounslow (1)
Deliveroo Driver,47,Driving / Warehouse / Logistics,UNKNOWN,,,,,Not Specified (1); Maidstone (1); Flackwell Heath (1); Glastonbury (1); Guildford (1)
Lettings Negotiator,43,Construction / Trades / Property,UNKNOWN,,,,,Not Specified (8); Southampton (2); Cardiff (2); Worthing (1); Newport Pagnell (1)
Field Sales Representative,42,Sales / Business Development,UNKNOWN,,,,,Not Specified (3); York (2); Londonderry (1); Hemel Hempstead (1); Reading (1)
Assistant Management Accountant,42,Professional Finance / Accountancy,KNOWN,finance_accounts:ELASTIC_FIT,finance_accounts,,,Not Specified (5); Nottingham (3); Wakefield (2); Lincoln (2); Leeds (1)
Vehicle Technician,41,Engineering / Technical,UNKNOWN,,,,,Not Specified (2); Evesham (1); Romford (1); Wirral (1); Manchester (1)
Financial Accountant,41,Professional Finance / Accountancy,UNKNOWN,,,,,Not Specified (7); Biggleswade (3); Borehamwood (2); Cheltenham (2); Newcastle Upon Tyne (2)
Registered Nurse RGN - Bank - Care Home,41,Healthcare / Clinical,KNOWN,admin_service:HARD_PASS,,,,Malton (1); Greenock (1); Blackpool (1); Carmarthen (1); Staines (1)
Sales Negotiator,41,Sales / Business Development,UNKNOWN,,,,,Not Specified (3); Brentwood (2); Sittingbourne (2); Worthing (1); Horsham (1)
Tax Manager,40,Professional Finance / Accountancy,UNKNOWN,,,,,Not Specified (5); Runcorn (2); Wokingham (2); Liverpool (2); Chester (2)
Teaching Assistant,40,Education / Teaching,UNKNOWN,,,,,Not Specified (7); St. Albans (2); Harrogate (2); Doncaster (1); Barnsley (1)
Accountant,40,Professional Finance / Accountancy,UNKNOWN,,,,,Preston (2); Chichester (2); Glasgow (2); Windsor (1); Newbury (1)
HR Manager,37,HR / Recruitment,UNKNOWN,,,hr_recruitment,,Not Specified (8); Tewkesbury (2); Southampton (1); Oxford (1); Wigan (1)
Care Assistant,36,Care / Support Work,KNOWN,admin_service:HARD_PASS; support_worker:HIGH_CONFIDENCE; hr_recruitment:REVIEW_CONTEXT_DEPENDENT,support_worker,support_worker,,Not Specified (3); Guildford (2); Bury St. Edmunds (1); Ringwood (1); Brixham (1)
Private Client Solicitor,36,Legal / Conveyancing,UNKNOWN,,,,,Not Specified (4); Boston (2); Slough (2); Manchester (2); Ashton-under-lyne (1)
Senior Care Assistant,36,Care / Support Work,KNOWN,admin_service:HARD_PASS; support_worker:HARD_PASS; hr_recruitment:REVIEW_CONTEXT_DEPENDENT,,support_worker,,Not Specified (5); Bedford (1); Newport Pagnell (1); Norwich (1); Nuneaton (1)
"Healthcare Practitioner - Nurse, UK",35,Healthcare / Clinical,UNKNOWN,,,,,Newport (1); Doncaster (1); Carlisle (1); Birkenhead (1); Barrow-in-furness (1)
Retail Optical Assistant,35,Retail / Store,KNOWN,admin_service:OUT_OF_SCOPE; hr_recruitment:REVIEW_CONTEXT_DEPENDENT,,,,Not Specified (9); Ilford (1); Hounslow (1); Perth (1); Cambridge (1)
Morning Delivery Driver,34,Driving / Warehouse / Logistics,UNKNOWN,,,,,Selby (1); Street (1); Torpoint (1); Seaton (1); Warminster (1)
Support Worker,34,Care / Support Work,KNOWN,admin_service:HARD_PASS; support_worker:HIGH_CONFIDENCE,support_worker,support_worker,,Southampton (2); Liverpool (2); Not Specified (2); Maidstone (2); Castle Cary (1)
Family Solicitor,34,Legal / Conveyancing,UNKNOWN,,,,,Not Specified (3); Colchester (2); Cardiff (2); Barnstaple (1); Taunton (1)
HR Administrator,33,HR / Recruitment,KNOWN,admin_service:HIGH_CONFIDENCE; customer_service_contact_centre:REVIEW_CONTEXT_DEPENDENT; hr_recruitment:HIGH_CONFIDENCE,admin_service; hr_recruitment,admin_service; hr_recruitment,,Nottingham (2); Newcastle Upon Tyne (2); Manchester (2); Kenley (1); Bideford (1)
Accounts Senior,33,Professional Finance / Accountancy,UNKNOWN,,,finance_accounts,,Not Specified (3); Totnes (2); Basildon (1); Colchester (1); Ripon (1)
Bookkeeper,33,Other / Unclassified,KNOWN,finance_accounts:HIGH_CONFIDENCE,finance_accounts,finance_accounts,,East Grinstead (5); Not Specified (4); Melksham (2); Hinckley (1); Bury (1)
Purchase Ledger Clerk,32,Professional Finance / Accountancy,KNOWN,finance_accounts:HIGH_CONFIDENCE,finance_accounts,finance_accounts,,Winsford (2); Redditch (2); Manchester (2); Not Specified (2); Halifax (1)
Business Development Manager,31,Sales / Business Development,UNKNOWN,,,,,Not Specified (7); Gloucester (3); Reading (2); Norwich (2); Milton Keynes (2)
Client Manager,31,Other / Unclassified,UNKNOWN,,,,,Barnstaple (2); Plymouth (2); Not Specified (2); Nottingham (2); Stratford-upon-avon (2)
Nursery Practitioner Level 2,30,Other / Unclassified,UNKNOWN,,,,,City (2); Crowborough (1); Welwyn Garden City (1); Sevenoaks (1); Shaw (1)
HGV 2 Driver,29,Driving / Warehouse / Logistics,UNKNOWN,,,,,Bristol (3); Not Specified (2); Bridgwater (2); Wetherby (1); Oxford (1)
SEN Teaching Assistant,29,Education / Teaching,KNOWN,hr_recruitment:REVIEW_CONTEXT_DEPENDENT,,,,Not Specified (5); Milton Keynes (2); Middlesbrough (1); Barnet (1); Great Yarmouth (1)
Corporate Tax Manager,29,Professional Finance / Accountancy,UNKNOWN,,,,,Not Specified (6); Brighton (2); Yeovil (2); Maidstone (2); Leeds (2)
Bike Courier,29,Driving / Warehouse / Logistics,UNKNOWN,,,,,Not Specified (1); Washington (1); Rochester (1); Worthing (1); Bognor Regis (1)
Registered Manager,28,Other / Unclassified,KNOWN,admin_service:OUT_OF_SCOPE,,,,Not Specified (2); Lewes (2); Plymouth (2); Downham Market (1); Wisbech (1)
Nursery Manager,28,Other / Unclassified,UNKNOWN,,,,,Enfield (4); Barnet (4); Woking (2); Quedgeley (2); Chesterton (2)
Nursery Room Leader,28,Other / Unclassified,UNKNOWN,,,,,Enfield (2); Stoke Gifford (1); Hemel Hempstead (1); Thames Ditton (1); Trowbridge (1)
HR Business Partner,28,HR / Recruitment,UNKNOWN,,,hr_recruitment,,Not Specified (8); Lincoln (2); Sunderland (1); Milton Keynes (1); Northampton (1)
Senior Systems Engineer,27,IT / Data / Software,UNKNOWN,,,,,Bristol (2); Sevenoaks (2); Minster On Sea (2); Chatham (2); Rochester (2)
Service Advisor,27,Admin / Customer Service,UNKNOWN,,,customer_service_contact_centre,,Not Specified (2); Belvedere (1); Peterborough (1); Hemel Hempstead (1); Stafford (1)
Head of Finance,27,Professional Finance / Accountancy,UNKNOWN,,,finance_accounts,,Not Specified (5); Leeds (2); Solihull (2); Blackburn (2); Maidstone (2)
Financial Advisor,27,Financial Advice / Mortgages,UNKNOWN,,,,,Not Specified (5); Glasgow (3); Manchester (2); Liverpool (2); Colchester (2)
Payroll Manager,25,Professional Finance / Accountancy,UNKNOWN,,,finance_accounts,,Not Specified (4); Liverpool (2); Cardiff (2); Paisley (1); Manchester (1)
Legal Cashier,25,Legal / Conveyancing,UNKNOWN,,,,,Not Specified (5); Newbury (4); Leeds (3); Norwich (2); Nottingham (2)
Home Visits Optical Assistant,25,Other / Unclassified,KNOWN,admin_service:OUT_OF_SCOPE,,,,Barnet (2); Not Specified (2); Staines (1); Ripon (1); Lewisham (1)
Audit Manager,24,Professional Finance / Accountancy,UNKNOWN,,,,,Cardiff (2); Not Specified (2); Henley-on-thames (2); Manchester (2); Horsham (1)
Commercial Property Solicitor,24,Legal / Conveyancing,UNKNOWN,,,,,Cardiff (2); Not Specified (2); Norwich (1); Grantham (1); High Wycombe (1)
Sales Executive,23,Sales / Business Development,UNKNOWN,,,,,Not Specified (1); Dartford (1); Manchester (1); Southampton (1); Chippenham (1)
Payroll Administrator,23,Professional Finance / Accountancy,KNOWN,finance_accounts:HIGH_CONFIDENCE,finance_accounts,admin_service; finance_accounts,,Not Specified (3); Bristol (2); Poole (1); Bournemouth (1); York (1)
Conveyancer,23,Other / Unclassified,UNKNOWN,,,,,Norwich (2); Not Specified (2); Dronfield (1); Nottingham (1); Luton (1)
Private Client Tax Manager,23,Professional Finance / Accountancy,UNKNOWN,,,,,Not Specified (4); Maidstone (2); Edinburgh (2); Barnet (1); Sidcup (1)
Finance Director,23,Professional Finance / Accountancy,UNKNOWN,,,finance_accounts,,Not Specified (7); Manchester (2); Nottingham (2); Trowbridge (1); Liverpool (1)
Lettings Manager,23,Construction / Trades / Property,UNKNOWN,,,,,Not Specified (3); Basildon (1); Newcastle Upon Tyne (1); Stamford (1); Bathgate (1)
Residential Conveyancer,22,Other / Unclassified,UNKNOWN,,,,,Christchurch (1); Bromsgrove (1); York (1); Ipswich (1); Macclesfield (1)
Class 1 Tramper Driver,21,Driving / Warehouse / Logistics,UNKNOWN,,,,,Highbridge (3); Not Specified (2); Ashbourne (1); Coalville (1); Coleshill (1)
Conveyancing Paralegal,21,Legal / Conveyancing,UNKNOWN,,,,,Sutton Coldfield (2); Chelmsford (2); Milton Keynes (2); Harlow (1); Stirling (1)
Finance Analyst,21,Professional Finance / Accountancy,UNKNOWN,,,finance_accounts,,Not Specified (7); Leicester (3); Horsham (1); Cardiff (1); Bedford (1)
Conveyancing Solicitor,21,Legal / Conveyancing,UNKNOWN,,,,,Not Specified (3); Oxford (2); Plymouth (1); Gillingham (1); Ashford (1)
Senior/Principal Hardware Engineer,21,Engineering / Technical,UNKNOWN,,,,,Maidstone (2); Tonbridge (2); Northfleet (2); Minster On Sea (2); Rochester (2)
7.5t Driver,20,Driving / Warehouse / Logistics,UNKNOWN,,,,,Hemel Hempstead (2); Edinburgh (2); Basingstoke (1); Liss (1); Bedford (1)
Lead Systems Engineer/Team Lead,20,IT / Data / Software,UNKNOWN,,,,,Rochester (2); Chatham (2); Sevenoaks (2); Larkfield (2); Tonbridge (2)
HGV Class 1 Night Driver,19,Driving / Warehouse / Logistics,UNKNOWN,,,,,Not Specified (4); Hull (1); Wakefield (1); Goole (1); Hessle (1)
Warehouse Operative,19,Driving / Warehouse / Logistics,UNKNOWN,,,warehouse_logistics,,Bury St. Edmunds (1); York (1); Peterlee (1); Broadstone (1); Brackley (1)
Primary Teacher,19,Education / Teaching,UNKNOWN,,,,,Watford (1); Worksop (1); Bexley (1); Manchester (1); Ipswich (1)
Registered Nurse,19,Healthcare / Clinical,KNOWN,admin_service:HARD_PASS,,,,Not Specified (4); Larkhall (1); Romford (1); Derby (1); Wallasey (1)
Marketing Manager,19,Marketing / Digital / Creative,UNKNOWN,,,,,Not Specified (4); Tunbridge Wells (1); City Of Westminster (1); Abingdon (1); Darlington (1)
Accounts Semi Senior,19,Professional Finance / Accountancy,UNKNOWN,,,finance_accounts,,Liphook (2); Sutton (1); Barnstaple (1); Wilmslow (1); Leeds (1)
Recruitment Consultant,19,HR / Recruitment,UNKNOWN,,,hr_recruitment,,Not Specified (5); Cardiff (2); Epsom (1); Lutterworth (1); Aylesbury (1)
Sales Manager,19,Sales / Business Development,UNKNOWN,,,,,Not Specified (5); Hoddesdon (2); Wandsworth (1); Maidstone (1); Slough (1)
Learning Support Assistant,18,Education / Teaching,KNOWN,support_worker:REVIEW_CONTEXT_DEPENDENT; hr_recruitment:REVIEW_CONTEXT_DEPENDENT,,,,Not Specified (4); Liverpool (3); Spilsby (1); Tunbridge Wells (1); Warrington (1)
Personal Tax Senior,18,Professional Finance / Accountancy,UNKNOWN,,,,,Eastleigh (3); Guildford (3); Stockport (2); Doncaster (2); Glasgow (1)
Tax Senior,18,Professional Finance / Accountancy,UNKNOWN,,,,,Brierley Hill (2); Glasgow (1); Chelmsford (1); Chester (1); Liverpool (1)
Financial Adviser,18,Financial Advice / Mortgages,UNKNOWN,,,,,Not Specified (3); Manchester (2); Northampton (2); Nottingham (2); Leamington Spa (1)
Senior Financial Planner,18,Financial Advice / Mortgages,UNKNOWN,,,,,Poole (3); Salisbury (3); Not Specified (2); Edinburgh (1); Oxted (1)
Apprentice Sales Advisor,18,Sales / Business Development,UNKNOWN,,,,,City (2); Merthyr Tydfil (1); New Inn (1); Gorseinon (1); Llanharan (1)
Care Assistant - Nights,18,Care / Support Work,UNKNOWN,,,support_worker,,Not Specified (3); Marlborough (1); Basingstoke (1); Rugeley (1); Edenbridge (1)
"Self employed Equity Release Broker, Top National Market leading firm",18,Other / Unclassified,UNKNOWN,,,,,Not Specified (3); Manchester (1); Ipswich (1); Cambridge (1); Peterborough (1)
HGV Class 1 Driver - Nights,17,Driving / Warehouse / Logistics,UNKNOWN,,,,,Bournemouth (1); Bicester (1); Kettering (1); Leicester (1); Chesterfield (1)
7.5 Tonne Driver,17,Driving / Warehouse / Logistics,UNKNOWN,,,,,Norwich (2); Ipswich (2); Burton-on-trent (1); Havant (1); Eastleigh (1)
Forklift Driver,17,Driving / Warehouse / Logistics,UNKNOWN,,,warehouse_logistics,,Northampton (2); Rushden (1); Bicester (1); Braintree (1); Bury St. Edmunds (1)
Service Delivery Partner,17,Other / Unclassified,UNKNOWN,,,,,Ipswich (1); Colchester (1); Braintree (1); Cambridge (1); Stonehaven (1)
Occupational Therapist,17,Healthcare / Clinical,KNOWN,admin_service:HARD_PASS,,,,Not Specified (2); Bampton (1); Wheatley (1); Dewsbury (1); Barnet (1)
Registered Nurse RGN - Care Home,17,Healthcare / Clinical,KNOWN,admin_service:HARD_PASS,,,,Beverley (1); Cirencester (1); Stoke-on-trent (1); Wisbech (1); Tewkesbury (1)
International Tax Manager,17,Professional Finance / Accountancy,UNKNOWN,,,,,Not Specified (2); Newtownabbey (1); Ballymena (1); Portglenone (1); Ballyclare (1)
Mortgage Broker,17,Financial Advice / Mortgages,UNKNOWN,,,,,Not Specified (2); Redcar (1); Harlow (1); Woking (1); Leeds (1)
Sales Advisor,17,Sales / Business Development,UNKNOWN,,,,,City (2); Evesham (1); Stratford-upon-avon (1); Retford (1); Doncaster (1)
Customer Service Representative - Uncapped Commission,17,Admin / Customer Service,UNKNOWN,,,customer_service_contact_centre,,Leigh (1); Aldbrough St. John (1); Runcorn (1); Tayport (1); Arbroath (1)
Call Centre Operator - Uncapped Commission,17,Admin / Customer Service,UNKNOWN,,,customer_service_contact_centre,,Dundee (1); Frodsham (1); Warrington (1); Tayport (1); Barnton (1)
Call Centre Agent - Uncapped Commission,17,Admin / Customer Service,UNKNOWN,,,customer_service_contact_centre,,Aldbrough St. John (1); Dundee (1); Forfar (1); Runcorn (1); Widnes (1)
Sales Agent - Uncapped Commission,17,Sales / Business Development,UNKNOWN,,,,,Perth (1); Knutsford (1); Runcorn (1); Dundee (1); Barnton (1)
Sales Representative - Uncapped Commission,17,Sales / Business Development,UNKNOWN,,,,,Warrington (1); Dundee (1); Runcorn (1); Knutsford (1); Frodsham (1)
Customer Service Advisor - Uncapped Commission,17,Admin / Customer Service,UNKNOWN,,,customer_service_contact_centre,,Warrington (1); Widnes (1); Barnton (1); Runcorn (1); Tayport (1)
Sales Operator - Uncapped Commission,17,Sales / Business Development,UNKNOWN,,,,,Lymm (1); Forfar (1); Dundee (1); Newport-on-tay (1); St. Andrews (1)
Contact Centre Agent - Uncapped Commission,17,Admin / Customer Service,UNKNOWN,,,customer_service_contact_centre,,Frodsham (1); Lymm (1); Knutsford (1); St. Andrews (1); Tayport (1)
Sales Associate - Uncapped Commission,17,Sales / Business Development,UNKNOWN,,,,,St. Andrews (1); Aldbrough St. John (1); Arbroath (1); Tayport (1); Forfar (1)
Dispensing Optician,17,Other / Unclassified,KNOWN,admin_service:OUT_OF_SCOPE,,,,Burnham-on-sea (1); Chorley (1); Corby (1); Hexham (1); Harpenden (1)
Document Production Team Lead (Evening Shift),17,Other / Unclassified,UNKNOWN,,,,,Newcastle (1); Newtownabbey (1); Lisburn (1); Craigavon (1); Drumgor (1)
SEND Teaching Assistant,16,Education / Teaching,KNOWN,hr_recruitment:REVIEW_CONTEXT_DEPENDENT,,,,Not Specified (3); Rochdale (2); Sutton Coldfield (1); Oldbury (1); Kidderminster (1)
Trustee,16,Other / Unclassified,UNKNOWN,,,,,Not Specified (8); Wymondham (1); Cromer (1); Harlow (1); Wallingford (1)
Marketing Executive,16,Marketing / Digital / Creative,UNKNOWN,,,,,Not Specified (3); Leeds (2); Leicester (1); Bristol (1); Liverpool (1)
Commercial Account Handler,16,Other / Unclassified,UNKNOWN,,,,,Manchester (2); Liverpool (1); Northampton (1); Sheffield (1); Newcastle Upon Tyne (1)
Accounts Payable Assistant,16,Professional Finance / Accountancy,KNOWN,finance_accounts:HIGH_CONFIDENCE,finance_accounts,finance_accounts,,Milton Keynes (2); Not Specified (1); Letchworth Garden City (1); Uttoxeter (1); Farnham (1)
Sales Advisor - Uncapped Commission,16,Sales / Business Development,UNKNOWN,,,,,Frodsham (1); Tayport (1); Forfar (1); Barnton (1); Lymm (1)
7.5T Delivery Driver,15,Driving / Warehouse / Logistics,UNKNOWN,,,,,Motherwell (2); Eastleigh (2); Worcester (1); Lincoln (1); Bristol (1)
Class 1 HGV Driver,15,Driving / Warehouse / Logistics,UNKNOWN,,,,,Sheffield (1); Swadlincote (1); Leicester (1); Bathgate (1); Not Specified (1)
HGV Class 1 Tramper,15,Driving / Warehouse / Logistics,UNKNOWN,,,,,Rugby (2); Skelmersdale (1); Hull (1); Rotherham (1); Derby (1)
Payroll Officer,15,Professional Finance / Accountancy,KNOWN,finance_accounts:HIGH_CONFIDENCE,finance_accounts,admin_service; finance_accounts,,Not Specified (5); Inverness (1); Plymouth (1); Bedford (1); Didcot (1)
Science Teacher,15,Education / Teaching,UNKNOWN,,,,,Not Specified (4); Leeds (2); Hinckley (1); Berkhamsted (1); Milton Keynes (1)
HGV Class 2 Day Driver,15,Driving / Warehouse / Logistics,UNKNOWN,,,,,Not Specified (2); Tilbury (2); Slough (1); Newport (1); Leeds (1)
Finance Officer,15,Professional Finance / Accountancy,KNOWN,finance_accounts:HIGH_CONFIDENCE,finance_accounts,admin_service; finance_accounts,,Cardiff (3); St. Helens (1); Oxford (1); Abertillery (1); Swansea (1)
Senior Management Accountant,15,Professional Finance / Accountancy,UNKNOWN,,,,,Cheltenham (3); Not Specified (2); Derby (1); Liverpool (1); Bromley (1)
HR Assistant,15,HR / Recruitment,KNOWN,hr_recruitment:HIGH_CONFIDENCE,hr_recruitment,hr_recruitment,,Not Specified (3); Coventry (1); Harrow (1); Warwick (1); Edinburgh (1)
Audit Assistant Manager,15,Professional Finance / Accountancy,UNKNOWN,,,,,Blackburn (3); Preston (2); Stoke-on-trent (1); Chester (1); Liverpool (1)
Employment Solicitor,15,Legal / Conveyancing,UNKNOWN,,,,,Leeds (2); Farnborough (1); Gillingham (1); Warwick (1); Dundee (1)
Business Development Executive,15,Sales / Business Development,UNKNOWN,,,,,Not Specified (5); Bristol (2); Leighton Buzzard (1); Sevenoaks (1); Slough (1)
Branch Manager,15,Operations / General Management,UNKNOWN,,,,,Not Specified (3); Ilford (1); Birchington (1); Portsmouth (1); Exeter (1)
Wellbeing and Activities Assistant,15,Other / Unclassified,UNKNOWN,,,,,Not Specified (4); Nuneaton (1); Corby (1); Guildford (1); Southampton (1)
Tax Reserves Manager,15,Professional Finance / Accountancy,UNKNOWN,,,,,Portglenone (1); Dunmurry (1); Downpatrick (1); Ballymena (1); Larne (1)
HGV 1 Driver,14,Driving / Warehouse / Logistics,UNKNOWN,,,,,Chesterfield (2); Doncaster (1); Northampton (1); Hatfield (1); Coventry (1)
HGV Class 1,14,Driving / Warehouse / Logistics,UNKNOWN,,,,,Warrington (2); Bedford (1); Goole (1); Derby (1); Not Specified (1)
Class 1 Night Driver,14,Driving / Warehouse / Logistics,UNKNOWN,,,,,Belper (1); Thame (1); Ossett (1); Coventry (1); Rugby (1)
English Teacher,14,Education / Teaching,UNKNOWN,,,,,Not Specified (5); Southampton (1); Bournemouth (1); Manchester (1); Bedford (1)
Cover Supervisor,14,Education / Teaching,UNKNOWN,,,,,Not Specified (4); Barking (1); Bootle (1); Twickenham (1); Berkhamsted (1)
Senior Paraplanner,14,Financial Advice / Mortgages,UNKNOWN,,,,,Not Specified (3); Harrogate (2); Ipswich (1); Shepton Mallet (1); Burnham-on-sea (1)
Payroll Assistant,14,Professional Finance / Accountancy,KNOWN,finance_accounts:HIGH_CONFIDENCE,finance_accounts,finance_accounts,,Not Specified (6); Southampton (1); Manchester (1); Keighley (1); Preston (1)
Premium Property Estate Agent,14,Construction / Trades / Property,UNKNOWN,,,,,Not Specified (2); Leamington Spa (1); Petersfield (1); Andover (1); Weybridge (1)
Senior Working Capital Assistant,14,Other / Unclassified,UNKNOWN,,,,,Portadown (1); Newtownabbey (1); Ballymena (1); Hillsborough (1); Dunmurry (1)
Payroll Specialist (12 month contract),14,Professional Finance / Accountancy,UNKNOWN,,,finance_accounts,,City (1); Castlewellan (1); Ballyclare (1); Dromore (1); Bangor (1)
External Communications Executive,14,Marketing / Digital / Creative,UNKNOWN,,,,,Castlewellan (1); Neston (1); Carrickfergus (1); City (1); Newtownabbey (1)
Paralegal - Data Privacy Analyst,14,Legal / Conveyancing,UNKNOWN,,,,,Dundonald (1); Antrim (1); Dunmurry (1); Portadown (1); Downpatrick (1)
End User Technology Lead,14,Other / Unclassified,UNKNOWN,,,,,Newtownabbey (1); Millisle (1); Lisburn (1); City (1); Dunmurry (1)
Personal Tax Manager,13,Professional Finance / Accountancy,UNKNOWN,,,,,Runcorn (2); Luton (2); Truro (1); Reading (1); Faversham (1)
Door to Door Sales Executive,13,Sales / Business Development,UNKNOWN,,,,,Chelmsford (1); Swindon (1); Norwich (1); Blandford Forum (1); Exeter (1)
Class 1 Driver Nights,13,Driving / Warehouse / Logistics,UNKNOWN,,,,,Tarporley (1); Newcastle (1); Chesterfield (1); Swindon (1); Crewe (1)
Service Manager,13,Other / Unclassified,UNKNOWN,,,,,Not Specified (2); Johnstone (1); Irvine (1); Romford (1); Cheltenham (1)
Market Research Field Interviewer Paid per Shift Car Required,13,Other / Unclassified,UNKNOWN,,,,,Reading (2); Bournemouth (1); Larkfield (1); Caversham (1); Kings Hill (1)
Reach Truck Driver,13,Driving / Warehouse / Logistics,UNKNOWN,,,,,Kettering (2); Sheffield (1); Northampton (1); Tarporley (1); Not Specified (1)
Finance Administrator,13,Professional Finance / Accountancy,KNOWN,admin_service:HIGH_CONFIDENCE; finance_accounts:HIGH_CONFIDENCE; customer_service_contact_centre:REVIEW_CONTEXT_DEPENDENT; hr_recruitment:REVIEW_CONTEXT_DEPENDENT,admin_service; finance_accounts,admin_service; finance_accounts,admin_service:HIGH_CONFIDENCE->HARD_PASS,Not Specified (4); Cambridge (1); Leeds (1); Stockport (1); Barnet (1)
Senior Sales Negotiator,13,Sales / Business Development,UNKNOWN,,,,,Whitley Bay (1); Norwich (1); Waterlooville (1); Great Yarmouth (1); York (1)
Claims Handler,13,Other / Unclassified,UNKNOWN,,,,,Not Specified (3); Hertford (2); Colchester (1); Bristol (1); Halifax (1)
Female Support Worker,13,Care / Support Work,KNOWN,admin_service:HARD_PASS; support_worker:HIGH_CONFIDENCE,support_worker,support_worker,,Tadley (2); Woking (1); Gloucester (1); Pembroke Dock (1); Tunbridge Wells (1)
Senior Care Assistant - Nights,13,Care / Support Work,UNKNOWN,,,support_worker,,Northampton (1); Cannock (1); Stafford (1); Norwich (1); Corby (1)
Estate Planning Consultant,13,Other / Unclassified,UNKNOWN,,,,,Brighton (1); Carlisle (1); Croydon (1); Darlington (1); Ipswich (1)
LGV Driver,12,Driving / Warehouse / Logistics,UNKNOWN,,,,,Hereford (1); Pitlochry (1); Fort William (1); Mauchline (1); Oban (1)
SEN Teacher,12,Education / Teaching,UNKNOWN,,,,,Not Specified (1); Crowborough (1); Braintree (1); Edgware (1); Walton-on-thames (1)
HGV Class 2 Refuse Driver,12,Driving / Warehouse / Logistics,UNKNOWN,,,,,Bristol (2); Not Specified (2); Basildon (1); Epping (1); Atherstone (1)
Driver Rep,12,Driving / Warehouse / Logistics,UNKNOWN,,,,,Bristol (1); Portsmouth (1); Dorchester (1); Winchester (1); Salisbury (1)
Audit & Accounts Senior,12,Professional Finance / Accountancy,UNKNOWN,,,finance_accounts,,Beaconsfield (2); Hull (1); Leeds (1); Durham (1); Wisbech (1)
FLT Driver,12,Driving / Warehouse / Logistics,UNKNOWN,,,,,Diss (1); Corby (1); Wrexham (1); Leeds (1); Worksop (1)
Sales Representative,12,Sales / Business Development,UNKNOWN,,,,,Lancaster (1); Yeovil (1); Ipswich (1); Not Specified (1); Gorseinon (1)
Semi Senior Accountant,12,Professional Finance / Accountancy,UNKNOWN,,,,,Bury St. Edmunds (1); Leigh-on-sea (1); Luton (1); Gerrards Cross (1); Dudley (1)
Accounts Administrator,12,Professional Finance / Accountancy,KNOWN,admin_service:HIGH_CONFIDENCE; finance_accounts:HIGH_CONFIDENCE; customer_service_contact_centre:REVIEW_CONTEXT_DEPENDENT; hr_recruitment:REVIEW_CONTEXT_DEPENDENT,admin_service; finance_accounts,admin_service; finance_accounts,,Bury St. Edmunds (3); Kettering (1); Peterborough (1); Stowmarket (1); Blackburn (1)
Conflicts analyst,12,Other / Unclassified,UNKNOWN,,,,,Not Specified (1); Ballyclare (1); City (1); Dunmurry (1); Lisburn (1)
Conveyancing Assistant,12,Other / Unclassified,UNKNOWN,,,,,Leeds (2); Lancaster (1); Lichfield (1); Cheltenham (1); Malvern (1)
Cyber Defence Senior Analyst,12,IT / Data / Software,UNKNOWN,,,,,City (1); Millisle (1); Newtownabbey (1); Lisburn (1); Kilkeel (1)
Salesforce Product Owner,12,Other / Unclassified,UNKNOWN,,,,,Donaghadee (1); Dromore (1); Kilkeel (1); Downpatrick (1); Newtownabbey (1)
Senior Marketing Assistant (12-month FTC),12,Marketing / Digital / Creative,UNKNOWN,,,,,Portglenone (1); Hillsborough (1); Lisburn (1); Dromore (1); Banbridge (1)
Class 2 HIAB Driver,11,Driving / Warehouse / Logistics,UNKNOWN,,,,,Not Specified (3); Basildon (1); Leeds (1); Mansfield (1); Enfield (1)
HGV Class 2 HIAB Driver,11,Driving / Warehouse / Logistics,UNKNOWN,,,,,Wakefield (1); Barnsley (1); Frome (1); Winchester (1); Warrington (1)
SEMH Teaching Assistant,11,Education / Teaching,UNKNOWN,,,,,Boston (1); Louth (1); Scunthorpe (1); Bristol (1); Bury (1)
Clinical Deputy Manager,11,Healthcare / Clinical,KNOWN,admin_service:OUT_OF_SCOPE,,,,Not Specified (2); Malvern (1); Exeter (1); Southport (1); Sidmouth (1)
Night Nurse RGN,11,Healthcare / Clinical,UNKNOWN,,,,,Rochester (1); Stonehouse (1); Beverley (1); Macclesfield (1); Newport (1)
Clinical Negligence Solicitor,11,Healthcare / Clinical,KNOWN,admin_service:OUT_OF_SCOPE,,,,Leeds (2); Not Specified (2); Glasgow (1); Liverpool (1); Norwich (1)
Audit and Accounts Senior,11,Professional Finance / Accountancy,UNKNOWN,,,finance_accounts,,Sevenoaks (2); Holsworthy (1); Newton Abbot (1); Exeter (1); Chorley (1)
Payroll Specialist,11,Professional Finance / Accountancy,UNKNOWN,,,finance_accounts,,Manchester (2); Surbiton (2); Macclesfield (1); Oxford (1); Not Specified (1)
Corporate Tax Senior Manager,11,Professional Finance / Accountancy,UNKNOWN,,,,,Not Specified (3); Leeds (2); Manchester (2); Chatham (1); Gloucester (1)
Commercial Finance Manager,11,Professional Finance / Accountancy,UNKNOWN,,,finance_accounts,,Not Specified (5); Weybridge (1); Addlestone (1); Ipswich (1); Basildon (1)
Occupational Health Advisor,11,Other / Unclassified,KNOWN,admin_service:OUT_OF_SCOPE,,,,Durham (2); Bodmin (1); Preston (1); Falkirk (1); Farnborough (1)
Interim Finance Manager,11,Professional Finance / Accountancy,UNKNOWN,,,finance_accounts,,Newcastle Upon Tyne (3); Not Specified (2); Manchester (1); St. Leonards-on-sea (1); Bristol (1)
Legal Secretary,11,Legal / Conveyancing,UNKNOWN,,,admin_service,,Not Specified (3); Leicester (1); Oxford (1); Harrogate (1); Ipswich (1)
Paralegal,11,Legal / Conveyancing,UNKNOWN,,,,,Ealing (2); Not Specified (2); York (1); Bradford (1); Luton (1)
Car Sales Executive,11,Sales / Business Development,UNKNOWN,,,,,St. Helens (2); Bromley (1); Haywards Heath (1); Winchester (1); Manchester (1)
Financial Planner,11,Financial Advice / Mortgages,UNKNOWN,,,,,Truro (2); Glasgow (2); Leicester (1); Leeds (1); Basingstoke (1)
Healthcare Practitioner - Nurse,11,Healthcare / Clinical,UNKNOWN,,,,,Leeds (1); Kirkcaldy (1); Halifax (1); Edinburgh (1); Dundee (1)
Sales Advisor - Part Time,11,Sales / Business Development,UNKNOWN,,,,,North Shields (1); Gateshead (1); South Shields (1); Wallsend (1); Whitley Bay (1)
Class 2 HGV driver,11,Driving / Warehouse / Logistics,UNKNOWN,,,,,Southampton (2); Bristol (2); Exeter (1); Hounslow (1); Glasgow (1)
Working Capital Assistant,11,Other / Unclassified,UNKNOWN,,,,,Newtownabbey (1); Lurgan (1); Portadown (1); Larne (1); Castlewellan (1)
7.5 Tonne Delivery Driver,10,Driving / Warehouse / Logistics,UNKNOWN,,,,,Warrington (2); Bicester (1); York (1); Glasgow (1); Stevenage (1)
Maths Teacher,10,Education / Teaching,UNKNOWN,,,,,Not Specified (2); Northampton (1); Hull (1); Newcastle (1); Milton Keynes (1)
Account Manager,10,Sales / Business Development,UNKNOWN,,,,,Watford (1); Ammanford (1); Shrewsbury (1); Bristol (1); Oxford (1)
Account Handler,10,Other / Unclassified,UNKNOWN,,,,,Not Specified (2); Croydon (1); Norwich (1); City (1); Loughborough (1)
FP&A Manager,10,Other / Unclassified,UNKNOWN,,,,,Not Specified (3); Slough (1); Manchester (1); Maidenhead (1); Stevenage (1)
MOT Tester,10,Other / Unclassified,UNKNOWN,,,,,Not Specified (2); Barnet (1); Faringdon (1); Badminton (1); Reading (1)
Group Financial Controller,10,Professional Finance / Accountancy,UNKNOWN,,,,,Not Specified (3); Preston (1); Nottingham (1); Cheltenham (1); Leyland (1)
FP&A Analyst,10,Other / Unclassified,UNKNOWN,,,,,Not Specified (2); Staines (1); Hull (1); Sevenoaks (1); Newcastle Upon Tyne (1)
Corporate Solicitor,10,Legal / Conveyancing,UNKNOWN,,,,,Not Specified (3); Brighton (1); Exeter (1); Leicester (1); Glasgow (1)
Principal Systems Engineer,10,IT / Data / Software,UNKNOWN,,,,,Portsmouth (2); Southampton (1); Petersfield (1); Southsea (1); Gosport (1)
Trainee Mortgage Advisor,10,Financial Advice / Mortgages,UNKNOWN,,,,,Rochester (2); Maidstone (1); Bognor Regis (1); Reigate (1); Not Specified (1)
Customer Service Advisor,10,Admin / Customer Service,KNOWN,customer_service_contact_centre:HIGH_CONFIDENCE,customer_service_contact_centre,customer_service_contact_centre,,Warwick (1); Doncaster (1); Not Specified (1); Merthyr Tydfil (1); Llanharan (1)
Dispensing Optician Manager,10,Other / Unclassified,KNOWN,admin_service:OUT_OF_SCOPE,,,,Not Specified (4); Taunton (1); Durham (1); Street (1); Bath (1)
Credit Control,10,Professional Finance / Accountancy,UNKNOWN,,,finance_accounts,,Not Specified (2); Nottingham (1); Leeds (1); Coalville (1); Warwick (1)
Supply Teacher,9,Education / Teaching,UNKNOWN,,,,,Barnet (1); Tonbridge (1); Chesham (1); Not Specified (1); Hemel Hempstead (1)
Project Manager,9,Operations / General Management,UNKNOWN,,,,,Exeter (1); Scunthorpe (1); Doncaster (1); Nottingham (1); Lincoln (1)
Speech and Language Therapist,9,Healthcare / Clinical,KNOWN,admin_service:HARD_PASS,,,,New Malden (1); Uxbridge (1); East Grinstead (1); Leeds (1); Bishop's Stortford (1)
HGV Class 2 ADR Driver,9,Driving / Warehouse / Logistics,UNKNOWN,,,,,Cardiff (1); Warrington (1); Widnes (1); Selby (1); Newport (1)
Higher Learning Teaching Assistant,9,Education / Teaching,UNKNOWN,,,,,Harlow (1); Grays (1); Basildon (1); Brentwood (1); Sudbury (1)
HGV Class 1 Day Driver,9,Driving / Warehouse / Logistics,UNKNOWN,,,,,Not Specified (4); Northampton (1); Aylesbury (1); Coventry (1); Southampton (1)
Counterbalance Forklift Driver,9,Driving / Warehouse / Logistics,UNKNOWN,,,warehouse_logistics,,Rushden (2); Tewkesbury (1); Banbury (1); Brandon (1); North Tawton (1)
Social Worker,9,Care / Support Work,KNOWN,admin_service:HARD_PASS,,,,Not Specified (4); Havant (1); Fareham (1); Basingstoke (1); Northampton (1)
Multi Drop Delivery Driver,9,Driving / Warehouse / Logistics,UNKNOWN,,,,,Havant (1); Not Specified (1); Newcastle (1); Norwich (1); Scunthorpe (1)
Nurse Assessor,9,Healthcare / Clinical,KNOWN,admin_service:HARD_PASS,,,,Hereford (1); Worcester (1); Lincoln (1); Wrexham (1); Llandudno (1)
Senior HR Advisor,9,HR / Recruitment,UNKNOWN,,,hr_recruitment,,Not Specified (2); Eastleigh (1); Sheffield (1); Crewe (1); Stevenage (1)
Digital Marketing Executive,9,Marketing / Digital / Creative,UNKNOWN,,,,,Welwyn Garden City (1); Eastleigh (1); Rugby (1); Guildford (1); Witney (1)
Residential Conveyancer (Remote),9,Other / Unclassified,UNKNOWN,,,,,Middlesbrough (1); Manchester (1); Brighton (1); Cambridge (1); Milton Keynes (1)
Accounts Payable,9,Professional Finance / Accountancy,UNKNOWN,,,finance_accounts,,Southampton (1); Coventry (1); Swindon (1); Guildford (1); Not Specified (1)
Property Lister,9,Other / Unclassified,UNKNOWN,,,,,Sherborne (1); Brentwood (1); Southend-on-sea (1); Milton Keynes (1); Fakenham (1)
"Toddler Room Leader (Level 3) - Cyprus Flights, Accommodation & Car Hire Included - Cyprus",9,Other / Unclassified,UNKNOWN,,,,,Not Specified (2); Newcastle Upon Tyne (1); Liverpool (1); Cardiff (1); Glasgow (1)
HGV Technician,9,Engineering / Technical,UNKNOWN,,,,,Swindon (2); Southampton (1); Newark (1); Bristol (1); Stockport (1)
Remote Conveyancing Paralegal,9,Legal / Conveyancing,UNKNOWN,,,,,Bristol (1); Leicester (1); Nottingham (1); Sheffield (1); Newcastle Upon Tyne (1)
Accounts Payable Clerk,9,Professional Finance / Accountancy,UNKNOWN,,,finance_accounts,,Uttoxeter (1); Warwick (1); Alderley Edge (1); Ringwood (1); Basildon (1)
Accounts Manager,9,Professional Finance / Accountancy,UNKNOWN,,,finance_accounts,,Not Specified (1); Swindon (1); Cardiff (1); Gateshead (1); Barnstaple (1)
Sales Operator,9,Sales / Business Development,UNKNOWN,,,,,Not Specified (1); Doncaster (1); New Inn (1); Merthyr Tydfil (1); Gorseinon (1)
Customer Service Representative,9,Admin / Customer Service,KNOWN,customer_service_contact_centre:HIGH_CONFIDENCE,customer_service_contact_centre,customer_service_contact_centre,,Not Specified (1); Doncaster (1); Pontypridd (1); Llanharan (1); Gorseinon (1)
Resident Optometrist,9,Other / Unclassified,UNKNOWN,,,,,Not Specified (1); Oldham (1); Stockport (1); Dalston (1); Whitechapel (1)
Litigation Solicitor,9,Legal / Conveyancing,UNKNOWN,,,,,Leamington Spa (2); Not Specified (1); Swindon (1); Newbury (1); Grimsby (1)
Commercial Underwriter,9,Other / Unclassified,UNKNOWN,,,,,Ipswich (2); Colchester (2); Maidstone (2); City (1); Glasgow (1)
Wellbeing and Activities Assistant - Bank,9,Other / Unclassified,UNKNOWN,,,,,Not Specified (4); Marlow (1); Braintree (1); Southampton (1); Milton Keynes (1)
Private Client Tax Senior,9,Professional Finance / Accountancy,UNKNOWN,,,,,Leeds (1); Sevenoaks (1); Brighton (1); Guildford (1); Hertford (1)
Commercial Loss Adjuster,9,Other / Unclassified,UNKNOWN,,,,,Not Specified (8); Hertford (1)
Bid Manager,8,Other / Unclassified,UNKNOWN,,,,,Glasgow (2); Wellingborough (1); City (1); Bedford (1); Rayleigh (1)
Senior Recruitment Consultant,8,HR / Recruitment,UNKNOWN,,,hr_recruitment,,Cardiff (1); Tunbridge Wells (1); Newport (1); Not Specified (1); Bristol (1)
Sen Ta,8,Education / Teaching,UNKNOWN,,,,,Solihull (1); Kidderminster (1); Not Specified (1); Cirencester (1); Cheltenham (1)
Nursery Practitioner,8,Other / Unclassified,UNKNOWN,,,,,Not Specified (2); Maidenhead (1); Barnsley (1); Wakefield (1); Barnet (1)
Lead Site Reliability Engineer,8,Engineering / Technical,UNKNOWN,,,,,Darlington (2); Not Specified (2); Edinburgh (2); Cardiff (1); Glasgow (1)
Primary Supply Teacher,8,Education / Teaching,UNKNOWN,,,,,Clacton-on-sea (1); Ipswich (1); Newmarket (1); Crawley (1); Crowborough (1)
Driver (0 hours),8,Driving / Warehouse / Logistics,UNKNOWN,,,,,Inverness (1); Broxburn (1); Bristol (1); Guildford (1); Bampton (1)
HGV Class 2,8,Driving / Warehouse / Logistics,UNKNOWN,,,,,Newton-le-willows (1); Brighton (1); Normanton (1); Plymouth (1); Glasgow (1)
FLT Counterbalance Driver,8,Driving / Warehouse / Logistics,UNKNOWN,,,,,Northampton (2); Stowmarket (1); Warwick (1); Bideford (1); Corby (1)
Senior Nursery Room Leader,8,Other / Unclassified,UNKNOWN,,,,,Sittingbourne (1); Belper (1); Quedgeley (1); Beeston (1); Crowborough (1)
Adult Clinical Lead,8,Healthcare / Clinical,UNKNOWN,,,,,Burton-on-trent (1); Stone (1); Stoke-on-trent (1); Not Specified (1); Telford (1)
Private Client Tax Assistant Manager,8,Professional Finance / Accountancy,UNKNOWN,,,,,Bristol (2); Not Specified (2); Liverpool (1); Bury St. Edmunds (1); Crawley (1)
Peripatetic Deputy Manager & Clinical Lead,8,Healthcare / Clinical,UNKNOWN,,,,,Not Specified (1); Hull (1); York (1); Eastbourne (1); Barnet (1)
Registered Nurse RGN/RMN - Bank - Care Home,8,Healthcare / Clinical,UNKNOWN,,,,,Montrose (1); Dalkeith (1); Preston (1); Stoke-on-trent (1); Lochmaben (1)
Interim Financial Controller,8,Professional Finance / Accountancy,UNKNOWN,,,,,Stockbridge (1); Nantwich (1); Kidlington (1); Preston (1); Gillingham (1)
Commercial Account Executive,8,Sales / Business Development,UNKNOWN,,,,,Northampton (2); Ipswich (1); York (1); Not Specified (1); Warrington (1)
Residential Property Solicitor,8,Legal / Conveyancing,UNKNOWN,,,,,Not Specified (2); Horsham (1); Leicester (1); Sutton (1); Manchester (1)
HR Generalist,8,HR / Recruitment,UNKNOWN,,,hr_recruitment,,Kingswinford (2); Bracknell (1); Not Specified (1); Carlisle (1); Ilfracombe (1)
Senior Bookkeeper,8,Other / Unclassified,UNKNOWN,,,finance_accounts,,Not Specified (2); Coalville (1); Clevedon (1); Bedford (1); Ashford (1)
Systems Accountant,8,Professional Finance / Accountancy,UNKNOWN,,,,,Not Specified (3); Bristol (2); Crawley (2); Edinburgh (1)
Interim Financial Accountant,8,Professional Finance / Accountancy,UNKNOWN,,,,,Leeds (2); Not Specified (2); Oxford (1); South Croydon (1); Eastleigh (1)
Senior Finance Manager,8,Professional Finance / Accountancy,UNKNOWN,,,finance_accounts,,Not Specified (2); Manchester (2); Paignton (1); Rotherham (1); Hounslow (1)
HR Officer,8,HR / Recruitment,KNOWN,hr_recruitment:HIGH_CONFIDENCE,hr_recruitment,admin_service; hr_recruitment,,Not Specified (3); Runcorn (1); Bristol (1); Warrington (1); Cannock (1)
Financial Reporting Accountant,8,Professional Finance / Accountancy,UNKNOWN,,,,,Not Specified (4); Sunderland (1); Christchurch (1); Wilmslow (1); High Wycombe (1)
Interim Management Accountant,8,Professional Finance / Accountancy,UNKNOWN,,,,,Manchester (2); Brighton (1); Fakenham (1); Halesowen (1); Leeds (1)
Solution Architect (IAM) (Edgewing),8,IT / Data / Software,UNKNOWN,,,,,Wrecclesham (1); Guildford (1); Fleet (1); Aldershot (1); Sandhurst (1)
Criminal Solicitor (Proceeds of Crime),8,Legal / Conveyancing,UNKNOWN,,,,,Not Specified (2); Leeds (1); Swansea (1); Sheffield (1); Liverpool (1)
Contact Centre Agent,8,Admin / Customer Service,KNOWN,customer_service_contact_centre:HIGH_CONFIDENCE,customer_service_contact_centre,customer_service_contact_centre,,Not Specified (1); City (1); Pontypridd (1); Llanharan (1); Gorseinon (1)
Call Centre Agent,8,Admin / Customer Service,KNOWN,customer_service_contact_centre:HIGH_CONFIDENCE,customer_service_contact_centre,customer_service_contact_centre,,Not Specified (1); City (1); New Inn (1); Neath (1); Gorseinon (1)
Call Centre Operator,8,Admin / Customer Service,KNOWN,customer_service_contact_centre:HIGH_CONFIDENCE,customer_service_contact_centre,customer_service_contact_centre,,Not Specified (1); Pontypridd (1); Merthyr Tydfil (1); New Inn (1); Neath (1)
Sales Agent,8,Sales / Business Development,UNKNOWN,,,,,Not Specified (1); Llanharan (1); Pontypridd (1); Merthyr Tydfil (1); Gorseinon (1)
Sales Associate,8,Sales / Business Development,UNKNOWN,,,,,Not Specified (1); Neath (1); Llanharan (1); Merthyr Tydfil (1); New Inn (1)
Class 2 HGV LGV Driver,8,Driving / Warehouse / Logistics,UNKNOWN,,,,,Mansfield (1); Nottingham (1); Derby (1); Alfreton (1); Doncaster (1)
Registered Nurse - Nights,8,Healthcare / Clinical,UNKNOWN,,,,,Not Specified (2); Epsom (1); Guildford (1); Immingham (1); Kettering (1)
Casualty Claims Handler,8,Other / Unclassified,UNKNOWN,,,,,Northwich (1); Stafford (1); Leicester (1); Not Specified (1); Manchester (1)
Creative Media Design Advisor (Edgewing),8,Marketing / Digital / Creative,UNKNOWN,,,,,Wrecclesham (1); Frimley (1); Aldershot (1); Guildford (1); Fleet (1)
Class 2 Tipper Driver,7,Driving / Warehouse / Logistics,UNKNOWN,,,,,Grays (1); Bury St. Edmunds (1); Bridgend (1); Bristol (1); Preston (1)
Data Engineer,7,IT / Data / Software,UNKNOWN,,,,,Not Specified (3); Oxford (2); Manchester (1); Leeds (1)
Graduate Teaching Assistant,7,Education / Teaching,UNKNOWN,,,,,Not Specified (4); Oldham (1); Bury (1); Rochdale (1)
HGV Drivers,7,Driving / Warehouse / Logistics,UNKNOWN,,,,,Guildford (1); Purfleet (1); Nuneaton (1); Chesterfield (1); Worksop (1)
Customer Representative Field Based,7,Other / Unclassified,UNKNOWN,,,,,Perth (1); Not Specified (1); Bath (1); Harrogate (1); Cambridge (1)
Registered Manager - Childrens Home,7,Other / Unclassified,KNOWN,admin_service:OUT_OF_SCOPE,,,,Not Specified (3); Derby (1); Tamworth (1); Rossendale (1); Halesowen (1)
HGV Class 1 Drivers,7,Driving / Warehouse / Logistics,UNKNOWN,,,,,Bilston (1); Preston (1); March (1); Lichfield (1); Not Specified (1)
Home Manager,7,Other / Unclassified,KNOWN,admin_service:OUT_OF_SCOPE,,,,Brighton (1); Livingston (1); Oswestry (1); Tywyn (1); Newport Pagnell (1)
CMM Programmer,7,IT / Data / Software,UNKNOWN,,,,,Tewkesbury (1); Newcastle (1); Preston (1); Northampton (1); Barnoldswick (1)
Sales Consultant,7,Sales / Business Development,UNKNOWN,,,,,City (2); Cambridge (1); Not Specified (1); Esher (1); Bury St. Edmunds (1)
Optical Assistant,7,Other / Unclassified,KNOWN,admin_service:OUT_OF_SCOPE; hr_recruitment:REVIEW_CONTEXT_DEPENDENT,,,,Not Specified (2); Cheltenham (1); Nottingham (1); Dorking (1); Margate (1)
Residential Support Worker,7,Care / Support Work,KNOWN,admin_service:HARD_PASS; support_worker:ELASTIC_FIT,support_worker,support_worker,,Nuneaton (1); Great Barr (1); Not Specified (1); Stechford (1); Walsall (1)
HGV 2 Driver - New pass welcome,7,Driving / Warehouse / Logistics,UNKNOWN,,,,,Not Specified (1); Banbury (1); Bristol (1); Stansted (1); Northampton (1)
Class 1 HGV LGV Driver,7,Driving / Warehouse / Logistics,UNKNOWN,,,,,Derby (1); Norwich (1); York (1); Leeds (1); Leicester (1)
Business Development Consultant - Graduate or Graduate Calibre,7,Sales / Business Development,UNKNOWN,,,,,Gloucester (1); Worthing (1); Brighton (1); Burgess Hill (1); Eastbourne (1)
Team Leader Care,7,Other / Unclassified,KNOWN,admin_service:OUT_OF_SCOPE,,,,Not Specified (1); Bideford (1); Tavistock (1); Morecambe (1); Barnsley (1)
Deputy General Manager Clinical,7,Healthcare / Clinical,KNOWN,admin_service:HARD_PASS,,,,Brentwood (1); Beverley (1); Reading (1); Darlington (1); Perth (1)
HR Coordinator,7,HR / Recruitment,KNOWN,hr_recruitment:HIGH_CONFIDENCE,hr_recruitment,admin_service; hr_recruitment,,Coventry (1); Derby (1); Buntingford (1); Wandsworth (1); Not Specified (1)
Automation Engineer,7,Engineering / Technical,UNKNOWN,,,,,Northampton (4); Beccles (1); Leeds (1); Not Specified (1)
Senior Financial Accountant,7,Professional Finance / Accountancy,UNKNOWN,,,,,Not Specified (3); Liverpool (1); Worthing (1); Chester (1); Dorchester (1)
Purchase Ledger,7,Professional Finance / Accountancy,KNOWN,finance_accounts:HIGH_CONFIDENCE,finance_accounts,finance_accounts,,Stockport (1); Knottingley (1); Waterlooville (1); King's Lynn (1); Southend-on-sea (1)
Community IV Nurse,7,Healthcare / Clinical,UNKNOWN,,,,,Torquay (1); Bristol (1); Bromsgrove (1); Coventry (1); Telford (1)
Driver,7,Driving / Warehouse / Logistics,UNKNOWN,,,,,Lincoln (1); Chesterfield (1); Luton (1); Aylesbury (1); Grantham (1)
Accounts Semi-Senior,7,Professional Finance / Accountancy,UNKNOWN,,,finance_accounts,,Preston (1); Liverpool (1); Leeds (1); Harrogate (1); Tenterden (1)
Parts Advisor,7,Other / Unclassified,UNKNOWN,,,,,Carlisle (1); Peterborough (1); Cranleigh (1); Exeter (1); Stratford-upon-avon (1)
HR Consultant,7,HR / Recruitment,UNKNOWN,,,hr_recruitment,,Sheffield (2); Birmingham (1); Bristol (1); Chelmsford (1); Leeds (1)
Bid Writer,7,Other / Unclassified,UNKNOWN,,,,,Not Specified (2); Manchester (1); Fareham (1); Hertford (1); Nottingham (1)
Lettings Administrator,7,Construction / Trades / Property,KNOWN,admin_service:HIGH_CONFIDENCE,admin_service,admin_service,,Manchester (2); Not Specified (2); Cambridge (1); Guildford (1); Farnborough (1)
Sales Progressor,7,Sales / Business Development,UNKNOWN,,,,,Not Specified (2); Sutton Coldfield (2); Watford (1); Horsham (1); Solihull (1)
Senior Lettings Negotiator,7,Construction / Trades / Property,UNKNOWN,,,,,Upminster (1); Cambridge (1); Harrow (1); Not Specified (1); Southend-on-sea (1)
Block Manager,7,Other / Unclassified,UNKNOWN,,,,,Not Specified (3); Borehamwood (2); Bromley (1); Dover (1)
Part Time Accounts Assistant,7,Professional Finance / Accountancy,KNOWN,finance_accounts:HIGH_CONFIDENCE,finance_accounts,finance_accounts,,Caterham (1); Leeds (1); Crawley (1); Leicester (1); Bristol (1)
Senior Mission System Architect - Network & Data Communications,7,Marketing / Digital / Creative,UNKNOWN,,,,,Bosham (1); Petersfield (1); Southampton (1); Southsea (1); Portsmouth (1)
Senior Mission System Architect - Platform Interface,7,Other / Unclassified,UNKNOWN,,,,,Petersfield (1); Bosham (1); Southampton (1); Gosport (1); Southsea (1)
Senior Mission System Architect - Payload,7,Other / Unclassified,UNKNOWN,,,,,Petersfield (1); Gosport (1); Waterlooville (1); Southsea (1); Bosham (1)
Senior Mission System Architect - C2 & Infrastructure,7,IT / Data / Software,UNKNOWN,,,,,Southampton (1); Portsmouth (1); Bosham (1); Waterlooville (1); Southsea (1)
Class 2 Delivery Driver,7,Driving / Warehouse / Logistics,UNKNOWN,,,,,Eastleigh (2); Hoddesdon (1); Tamworth (1); Not Specified (1); Scarborough (1)
Purchase Ledger Assistant,7,Professional Finance / Accountancy,KNOWN,finance_accounts:HIGH_CONFIDENCE,finance_accounts,finance_accounts,,Letchworth Garden City (1); Not Specified (1); Chesterfield (1); Carlisle (1); Ipswich (1)
Independent Financial Advisor,7,Financial Advice / Mortgages,UNKNOWN,,,,,Not Specified (2); Guildford (1); Aberdeen (1); St. Albans (1); Glasgow (1)
Mixed Tax Senior,7,Professional Finance / Accountancy,UNKNOWN,,,,,Canterbury (2); Reading (1); Steyning (1); Lewes (1); Malvern (1)
Litigation Paralegal,7,Legal / Conveyancing,KNOWN,admin_service:OUT_OF_SCOPE,,,,Not Specified (3); Thame (1); Leamington Spa (1); Manchester (1); Bristol (1)
Senior Residential Support Worker,7,Care / Support Work,KNOWN,admin_service:HARD_PASS; support_worker:HARD_PASS,,support_worker,,Newport (1); Cowbridge (1); Bridgend (1); Neath (1); Abergavenny (1)
Combat Systems Architect - Exports,7,Other / Unclassified,UNKNOWN,,,,,Southsea (1); Gosport (1); Waterlooville (1); Petersfield (1); Bosham (1)
Sales Advisor - Part Time Evenings,7,Sales / Business Development,UNKNOWN,,,,,Neath (1); New Inn (1); Merthyr Tydfil (1); Pontypridd (1); Llanharan (1)
Childrens Residential Support Worker,7,Care / Support Work,KNOWN,admin_service:HARD_PASS; support_worker:ELASTIC_FIT,support_worker,support_worker,,Penrith (1); Carlisle (1); Appleby-in-westmorland (1); Wigton (1); Maryport (1)
Underwriter,7,Other / Unclassified,UNKNOWN,,,,,Not Specified (2); Manchester (2); Croydon (1); Leeds (1); Reading (1)
Area Manager,7,Operations / General Management,UNKNOWN,,,,,Not Specified (1); Gateshead (1); Dewsbury (1); Belvedere (1); North Ferriby (1)
Primary Teaching Assistant,6,Education / Teaching,UNKNOWN,,,,,Watford (1); Stevenage (1); Worthing (1); Henfield (1); Not Specified (1)
SEN - Sen Teaching Assistant,6,Education / Teaching,UNKNOWN,,,,,Great Yarmouth (1); Camberley (1); Farnborough (1); Fleet (1); Aldershot (1)
Activities Coordinator,6,Admin / Customer Service,UNKNOWN,,,admin_service,,Sleaford (1); Bridport (1); Oban (1); Caldicot (1); Weymouth (1)
Corporate Tax Senior,6,Professional Finance / Accountancy,UNKNOWN,,,,,Hull (1); Not Specified (1); Chelmsford (1); Sittingbourne (1); Maidstone (1)
Class 2 ADR Driver,6,Driving / Warehouse / Logistics,UNKNOWN,,,,,Not Specified (2); Leicester (1); Dagenham (1); Bristol (1); Caernarfon (1)
Class 1 Tramper,6,Other / Unclassified,UNKNOWN,,,,,Goole (2); Liverpool (1); Hull (1); Widnes (1); Bridgwater (1)
Class 1 Drivers,6,Other / Unclassified,UNKNOWN,,,,,Felixstowe (1); Kirkcaldy (1); Goole (1); Not Specified (1); Coventry (1)
Nurse Unit Manager,6,Healthcare / Clinical,KNOWN,admin_service:HARD_PASS,,,,Sheffield (1); Immingham (1); Coalville (1); Rotherham (1); Cannock (1)
WCA Nurse Assessor,6,Healthcare / Clinical,UNKNOWN,,,,,Antrim (1); Lisburn (1); City (1); Enniskillen (1); Coleraine (1)
HGV Class 1 Driver Nights,6,Driving / Warehouse / Logistics,UNKNOWN,,,,,Bedford (1); Livingston (1); Bellshill (1); Not Specified (1); Bathgate (1)
Pensions Administration Manager,6,Admin / Customer Service,KNOWN,finance_accounts:HARD_PASS; customer_service_contact_centre:REVIEW_CONTEXT_DEPENDENT; hr_recruitment:REVIEW_CONTEXT_DEPENDENT,,admin_service,,Not Specified (3); Edinburgh (1); Glasgow (1); Redhill (1)
Used Car Sales Executive,6,Sales / Business Development,UNKNOWN,,,,,Dartford (1); Manchester (1); Not Specified (1); Cardiff (1); Nottingham (1)
Protection Advisor,6,Other / Unclassified,UNKNOWN,,,,,Nottingham (1); Not Specified (1); Woodford Green (1); Glasgow (1); Sale (1)
Senior Credit Controller,6,Other / Unclassified,UNKNOWN,,,finance_accounts,,Cambridge (1); Bradford (1); Nottingham (1); Solihull (1); Gillingham (1)
Personal Injury Solicitor,6,Legal / Conveyancing,UNKNOWN,,,,,Preston (2); Edinburgh (1); Not Specified (1); Warrington (1); Poole (1)
Client Accountant,6,Professional Finance / Accountancy,UNKNOWN,,,,,Leeds (1); Stanmore (1); Ellesmere Port (1); Stockport (1); Not Specified (1)
Court of Protection Solicitor,6,Legal / Conveyancing,UNKNOWN,,,,,Not Specified (2); Oxford (1); Leighton Buzzard (1); Reading (1); Worthing (1)
Accounts & Tax Manager,6,Professional Finance / Accountancy,UNKNOWN,,,finance_accounts,,Banbury (2); Tunbridge Wells (1); Stratford-upon-avon (1); Kettering (1); Bristol (1)
Practice Accountant,6,Professional Finance / Accountancy,UNKNOWN,,,,,Horsham (1); Camberley (1); Leeds (1); Manchester (1); Addlestone (1)
Property Litigation Solicitor,6,Legal / Conveyancing,UNKNOWN,,,,,Milton Keynes (1); Manchester (1); Godalming (1); Southampton (1); Chester (1)
Insurance Account Handler,6,Other / Unclassified,UNKNOWN,,,,,Tonbridge (1); Croydon (1); Bristol (1); Hove (1); Newcastle Upon Tyne (1)
Conveyancing Legal Secretary,6,Legal / Conveyancing,KNOWN,admin_service:HIGH_CONFIDENCE,admin_service,admin_service,,Gillingham (2); Norwich (1); Bromsgrove (1); Southend-on-sea (1); Kidderminster (1)
Commercial Litigation Solicitor,6,Legal / Conveyancing,UNKNOWN,,,,,Not Specified (1); Leeds (1); Swansea (1); Manchester (1); Altrincham (1)
Area Sales Manager,6,Sales / Business Development,UNKNOWN,,,,,Not Specified (2); Chelmsford (1); Coventry (1); Slough (1); Oxford (1)
Sales Administrator,6,Sales / Business Development,KNOWN,admin_service:HIGH_CONFIDENCE; customer_service_contact_centre:REVIEW_CONTEXT_DEPENDENT; hr_recruitment:REVIEW_CONTEXT_DEPENDENT,admin_service,admin_service,,Orpington (2); Not Specified (2); Bromley (1); Dungannon (1)
Major Loss Adjuster,6,Other / Unclassified,UNKNOWN,,,,,Not Specified (5); Bristol (1)
Product Manager,6,IT / Data / Software,UNKNOWN,,,,,Stevenage (1); Not Specified (1); Doncaster (1); Sheffield (1); Leeds (1)
Senior Finance Business Partner,6,Professional Finance / Accountancy,UNKNOWN,,,finance_accounts,,Leeds (2); Redhill (1); Ashford (1); Sittingbourne (1); Martock (1)
Paint Sprayer,6,Other / Unclassified,UNKNOWN,,,,,Ilford (1); Chester (1); Warwick (1); Derby (1); Not Specified (1)
Head of Marketing,6,Marketing / Digital / Creative,UNKNOWN,,,,,Bath (1); Oxford (1); Wigan (1); Warrington (1); Liverpool (1)
Assistant Lettings Manager,6,Construction / Trades / Property,UNKNOWN,,,,,Upminster (4); Leeds (1); Sutton (1)
Sales Valuer,6,Sales / Business Development,UNKNOWN,,,,,Southport (2); Great Yarmouth (1); Braintree (1); Chelmsford (1); Colchester (1)
Mortgage Adviser,6,Financial Advice / Mortgages,UNKNOWN,,,,,Not Specified (2); Manchester (1); Wigan (1); Newbury (1); High Wycombe (1)
MINI Sales Executive,6,Sales / Business Development,UNKNOWN,,,,,Oldbury (1); Shrewsbury (1); Loughton (1); Stratford-upon-avon (1); Swansea (1)
Business Services Senior,6,Other / Unclassified,UNKNOWN,,,,,Glasgow (1); Coventry (1); Brighton (1); Edinburgh (1); Lochmaben (1)
Solicitor,6,Legal / Conveyancing,UNKNOWN,,,,,Coventry (2); Manchester (1); Not Specified (1); Marlow (1); City (1)
Corporate Tax Assistant Manager,6,Professional Finance / Accountancy,UNKNOWN,,,,,Cheltenham (1); Guildford (1); Ashford (1); Not Specified (1); Crawley (1)
Bank Support Worker,6,Care / Support Work,KNOWN,admin_service:HARD_PASS; support_worker:ELASTIC_FIT,support_worker,support_worker,,Blackburn (1); Colchester (1); Darlington (1); Frinton-on-sea (1); Stowmarket (1)
Mobile Vehicle Technician,6,Engineering / Technical,UNKNOWN,,,,,Tunbridge Wells (1); Dundee (1); Middlesbrough (1); Stoke-on-trent (1); Not Specified (1)
Class 1 Driver Nights and Weekends,6,Driving / Warehouse / Logistics,UNKNOWN,,,,,Portsmouth (1); Bicester (1); Southampton (1); Basingstoke (1); Bournemouth (1)
Clinical Lead,6,Healthcare / Clinical,KNOWN,admin_service:OUT_OF_SCOPE,,,,Oswestry (1); Southend-on-sea (1); Exeter (1); Honiton (1); Haywards Heath (1)
PMO Analyst,6,Other / Unclassified,UNKNOWN,,,,,Not Specified (3); Liverpool (1); Bristol (1); Manchester (1)
Entry Level Showroom sales manager,6,Sales / Business Development,UNKNOWN,,,,,Slough (1); Guildford (1); Warrington (1); Maidstone (1); Horsham (1)
Care Assistant - Bank,6,Care / Support Work,UNKNOWN,,,support_worker,,Not Specified (1); Bournemouth (1); Braintree (1); Brentwood (1); Brighton (1)
Client Liaison Manager,6,Other / Unclassified,UNKNOWN,,,,,Not Specified (2); Leeds (1); Bradford (1); Brighton (1); Stevenage (1)
Wellbeing and Activities Coordinator,6,Admin / Customer Service,UNKNOWN,,,admin_service,,Not Specified (2); Cannock (1); Marlborough (1); Brighton (1); Stoke-on-trent (1)
Team Leader,6,Other / Unclassified,KNOWN,admin_service:OUT_OF_SCOPE,,,,Liverpool (2); Bradford-on-avon (1); Southend-on-sea (1); Shrewsbury (1); Warwick (1)
Sales Designer,6,Sales / Business Development,UNKNOWN,,,,,Edinburgh (1); Falkirk (1); Kilmarnock (1); Motherwell (1); Liverpool (1)
Mobile Optometrist,6,Other / Unclassified,KNOWN,admin_service:OUT_OF_SCOPE,,,,Not Specified (2); Whitstable (1); Inverness (1); Yeovil (1); Newcastle (1)
Reliability Maintenance Engineering Technician,6,Engineering / Technical,UNKNOWN,,,,,Not Specified (1); Bracknell (1); Croydon (1); Crawley (1); Northfleet (1)
PCV Bus Driver,5,Driving / Warehouse / Logistics,UNKNOWN,,,,,Swansea (1); Newton Abbot (1); Colchester (1); Norwich (1); Braintree (1)
Aspiring Educational Psychologist,5,Other / Unclassified,KNOWN,admin_service:HARD_PASS,,,,Guildford (1); Worthing (1); East Grinstead (1); Dorking (1); Esher (1)
Van Driver - Multi Drop,5,Driving / Warehouse / Logistics,UNKNOWN,,,,,Exeter (2); Carlisle (1); Chelmsford (1); Rotherham (1)
Class 2 Day Driver,5,Driving / Warehouse / Logistics,UNKNOWN,,,,,Swindon (1); Didcot (1); Rochester (1); Daventry (1); Bristol (1)
Special Needs Teaching Assistant,5,Education / Teaching,UNKNOWN,,,,,Barnet (1); Ashford (1); Bromley (1); Tunbridge Wells (1); Not Specified (1)
Electrical Installation Lecturer,5,Education / Teaching,UNKNOWN,,,,,Not Specified (2); Epsom (1); Liverpool (1); Morden (1)
PE TEACHER,5,Education / Teaching,UNKNOWN,,,,,Not Specified (2); Cardiff (1); Chelmsford (1); Reading (1)
Business Studies Teacher,5,Education / Teaching,UNKNOWN,,,,,Not Specified (2); Harpenden (1); Mitcham (1); High Wycombe (1)
Internal Sales Executive,5,Sales / Business Development,UNKNOWN,,,,,Salisbury (2); Daventry (1); North Ferriby (1); Huntingdon (1)
HIAB Class 2 Driver,5,Driving / Warehouse / Logistics,UNKNOWN,,,,,Eastleigh (2); Scarborough (1); Not Specified (1); Paisley (1)
Class 1 Driver Tramping,5,Driving / Warehouse / Logistics,UNKNOWN,,,,,Leeds (1); Welshpool (1); York (1); Harwich (1); Ashby-de-la-zouch (1)
Class 1 LGV Driver,5,Driving / Warehouse / Logistics,UNKNOWN,,,,,Hull (1); Newport (1); Not Specified (1); Leeds (1); Purfleet (1)
Senior Software Engineer,5,IT / Data / Software,UNKNOWN,,,,,Cardiff (1); Newcastle Upon Tyne (1); Blackpool (1); Sheffield (1); Hereford (1)
1:1 Teaching Assistant,5,Education / Teaching,UNKNOWN,,,,,Spilsby (1); Grantham (1); Not Specified (1); Lowestoft (1); Norwich (1)
Senior Transport Planner,5,Driving / Warehouse / Logistics,UNKNOWN,,,,,Woking (1); Wakefield (1); Didcot (1); Not Specified (1); Matlock (1)
Tax Director,5,Professional Finance / Accountancy,UNKNOWN,,,,,Not Specified (3); Manchester (2)
HGV Class 1 ADR Driver,5,Driving / Warehouse / Logistics,UNKNOWN,,,,,Not Specified (1); Blandford Forum (1); Warrington (1); Carmarthen (1); Redcar (1)
Assessment Nurse,5,Healthcare / Clinical,UNKNOWN,,,,,Telford (1); Wrexham (1); Cardiff (1); Bangor (1); Hereford (1)
AI Engineer Placement Programme No Experience Needed,5,Engineering / Technical,UNKNOWN,,,,,Edinburgh (1); Glasgow (1); Bristol (1); Sheffield (1); Cardiff (1)
Executive Search Consultant,5,Other / Unclassified,UNKNOWN,,,,,Leeds (2); Sheffield (1); Liverpool (1); Derby (1)
Deputy Ward Manager,5,Other / Unclassified,UNKNOWN,,,,,Dewsbury (3); Wrexham (1); Wellington (1)
HGV Driver Class 2,5,Driving / Warehouse / Logistics,UNKNOWN,,,,,Brighton (2); Grantham (1); Thetford (1); Earley (1)
Transport Planner,5,Driving / Warehouse / Logistics,UNKNOWN,,,,,Bristol (1); Bury St. Edmunds (1); Ballymena (1); Lisburn (1); Sunderland (1)
Peripatetic Nurse RGN,5,Healthcare / Clinical,UNKNOWN,,,,,Stoke-on-trent (1); Workington (1); Carlisle (1); Lochmaben (1); Cirencester (1)
Customer consultant,5,Other / Unclassified,UNKNOWN,,,,,Inverness (1); Not Specified (1); Bridgend (1); Ashford (1); York (1)
Accountant - Farming Sector Clients,5,Professional Finance / Accountancy,UNKNOWN,,,,,Okehampton (1); Holsworthy (1); Exeter (1); Barnstaple (1); Newton Abbot (1)
Agricultural Accounts Manager,5,Professional Finance / Accountancy,UNKNOWN,,,finance_accounts,,Exeter (1); Newton Abbot (1); Holsworthy (1); Okehampton (1); Barnstaple (1)
Senior Finance Analyst,5,Professional Finance / Accountancy,UNKNOWN,,,finance_accounts,,Not Specified (3); Gillingham (1); Solihull (1)
Senior IFA Administrator,5,Financial Advice / Mortgages,KNOWN,admin_service:HIGH_CONFIDENCE; finance_accounts:OUT_OF_SCOPE; customer_service_contact_centre:REVIEW_CONTEXT_DEPENDENT; hr_recruitment:REVIEW_CONTEXT_DEPENDENT,admin_service,admin_service,,Edinburgh (1); Gloucester (1); Bath (1); Not Specified (1); Ipswich (1)
Service Charge Accountant,5,Professional Finance / Accountancy,UNKNOWN,,,,,Bromley (2); Wandsworth (1); Sutton (1); Not Specified (1)
Project Accountant,5,Professional Finance / Accountancy,UNKNOWN,,,,,Portsmouth (1); Sherborne (1); Ipswich (1); Derby (1); Not Specified (1)
Employment Associate Solicitor,5,Legal / Conveyancing,UNKNOWN,,,,,Swansea (3); Not Specified (1); Reading (1)
Senior Legal Counsel,5,Legal / Conveyancing,UNKNOWN,,,,,Ealing (1); Bracknell (1); Liverpool (1); Isleworth (1); Not Specified (1)
Private Client Tax Director,5,Professional Finance / Accountancy,UNKNOWN,,,,,Not Specified (1); Bristol (1); Torquay (1); Orpington (1); High Wycombe (1)
Trainee Accountant,5,Professional Finance / Accountancy,UNKNOWN,,,,,Crowborough (1); Chichester (1); Eastbourne (1); Glasgow (1); Bexhill-on-sea (1)
Home Carer,5,Care / Support Work,KNOWN,support_worker:HIGH_CONFIDENCE,support_worker,,,Not Specified (1); Witney (1); Bicester (1); Kingston Upon Thames (1); Chessington (1)
Behaviour Mentor,5,Other / Unclassified,KNOWN,admin_service:OUT_OF_SCOPE,,,,Enfield (1); Wandsworth (1); Hinckley (1); Derby (1); Mansfield (1)
Financial Accounting Manager,5,Other / Unclassified,UNKNOWN,,,finance_accounts,,Not Specified (2); Newcastle Upon Tyne (1); Market Rasen (1); Redditch (1)
Senior Audit Manager,5,Professional Finance / Accountancy,UNKNOWN,,,,,Newcastle Upon Tyne (1); Wilmslow (1); Swansea (1); Maidstone (1); Leatherhead (1)
Ethical Hacker / Penetration Tester no experience needed,5,Other / Unclassified,UNKNOWN,,,,,Bristol (1); Sheffield (1); Glasgow (1); Newcastle Upon Tyne (1); Not Specified (1)
Motor Vehicle Technician,5,Engineering / Technical,UNKNOWN,,,,,Bishop's Stortford (1); Wirral (1); Dagenham (1); Chester (1); Conwy (1)
Legal Administrator,5,Legal / Conveyancing,KNOWN,admin_service:HIGH_CONFIDENCE; customer_service_contact_centre:REVIEW_CONTEXT_DEPENDENT; hr_recruitment:REVIEW_CONTEXT_DEPENDENT,admin_service,admin_service,,Not Specified (2); Chesterfield (1); Cambridge (1); Southsea (1)
Legal Assistant,5,Legal / Conveyancing,UNKNOWN,,,,,Warrington (1); Cambridge (1); Reading (1); Not Specified (1); Gerrards Cross (1)
Care Support Worker,5,Care / Support Work,KNOWN,support_worker:HIGH_CONFIDENCE,support_worker,support_worker,,Bristol (1); Pontypridd (1); Sittingbourne (1); Weston-super-mare (1); Chelmsford (1)
Senior Finance Assistant,5,Professional Finance / Accountancy,UNKNOWN,,,finance_accounts,,Chelmsford (2); Not Specified (2); Stockton-on-tees (1)
Class 2 Refuse Driver,5,Driving / Warehouse / Logistics,UNKNOWN,,,,,Cheltenham (1); Aylesbury (1); Shaftesbury (1); Blandford Forum (1); Bristol (1)
Van Driver,5,Driving / Warehouse / Logistics,UNKNOWN,,,,,Cardiff (1); Croydon (1); Yeovil (1); Bristol (1); Southampton (1)
Fire & Security Engineer,5,IT / Data / Software,UNKNOWN,,,,,Not Specified (2); Feltham (1); Edinburgh (1); Kirkcaldy (1)
Human Resources Business Partner,5,HR / Recruitment,UNKNOWN,,,hr_recruitment,,Harlow (1); Newent (1); Peterborough (1); Not Specified (1); Dymock (1)
Regional Underwriting Manager- Technical Lead,5,Other / Unclassified,UNKNOWN,,,,,Not Specified (4); Leeds (1)
Commercial Property Manager,5,Construction / Trades / Property,UNKNOWN,,,,,Not Specified (3); Newcastle Upon Tyne (1); Enfield (1)
New Homes Sales Consultant,5,Sales / Business Development,UNKNOWN,,,,,Leatherhead (3); Milton Keynes (1); Not Specified (1)
VAT Manager,5,Other / Unclassified,UNKNOWN,,,,,Northampton (1); Maidstone (1); Guildford (1); Crawley (1); Crewe (1)
Corporate Tax Director,5,Professional Finance / Accountancy,UNKNOWN,,,,,Leeds (1); Cheltenham (1); Bristol (1); Warrington (1); Not Specified (1)
Recovery Worker,5,Other / Unclassified,KNOWN,support_worker:ELASTIC_FIT,support_worker,,,Bedford (1); Croydon (1); Brighton (1); Margate (1); Harrow (1)
Primary SEND Teacher,5,Education / Teaching,UNKNOWN,,,,,Kettering (1); Towcester (1); Rugby (1); Northampton (1); Corby (1)
Class 1 Day Driver,5,Driving / Warehouse / Logistics,UNKNOWN,,,,,Bilston (2); Penrith (1); Derby (1); Swindon (1)
Technical Consultant - Financial Planning,5,Other / Unclassified,UNKNOWN,,,,,Nottingham (1); Oxford (1); Liverpool (1); Bristol (1); Manchester (1)
Financial Reporting Manager,5,Other / Unclassified,UNKNOWN,,,,,Dartford (1); Not Specified (1); Basingstoke (1); Maidstone (1); Manchester (1)
Vaccination Nurse,5,Healthcare / Clinical,UNKNOWN,,,,,Cambridge (1); Glasgow (1); Manchester (1); Not Specified (1); Leeds (1)
Senior Service Designer,5,Marketing / Digital / Creative,UNKNOWN,,,,,Not Specified (2); Blackpool (1); Sheffield (1); Leeds (1)
Assistant Payroll Manager,5,Professional Finance / Accountancy,UNKNOWN,,,finance_accounts,,Glasgow (1); Stirling (1); Sandwich (1); Bolton (1); Aberdeen (1)
Payroll Advisor,5,Professional Finance / Accountancy,UNKNOWN,,,finance_accounts,,Aberdeen (1); Stirling (1); Sandwich (1); Bolton (1); Glasgow (1)
Car Delivery Driver,5,Driving / Warehouse / Logistics,UNKNOWN,,,,,Ashton-under-lyne (1); Fareham (1); Oldham (1); Hyde (1); Manchester (1)
Part Qualified Accountant,5,Professional Finance / Accountancy,UNKNOWN,,,,,Bedford (1); Leamington Spa (1); Not Specified (1); Caerphilly (1); Banbury (1)
People Partner,5,HR / Recruitment,UNKNOWN,,,,,Coleford (1); Not Specified (1); Norwich (1); Canterbury (1); Tranent (1)
Chartered Financial Planner,5,Financial Advice / Mortgages,UNKNOWN,,,,,Not Specified (2); Manchester (1); Cambridge (1); St. Albans (1)
Paediatric Speech and Language Therapist,5,Healthcare / Clinical,KNOWN,admin_service:HARD_PASS,,,,Tring (1); Guildford (1); Preston (1); Bury St. Edmunds (1); Cirencester (1)
Speech and Language Practitioner for Children,5,Other / Unclassified,UNKNOWN,,,,,Hitchin (1); Walton-on-thames (1); Burnley (1); Beccles (1); Cheltenham (1)
Speech and Language Therapist Band 6,5,Healthcare / Clinical,UNKNOWN,,,,,Not Specified (2); Shrewsbury (1); Liverpool (1); Telford (1)
Commercial Property Solicitor 2+ PQE,5,Legal / Conveyancing,UNKNOWN,,,,,Downham Market (1); Bedford (1); Bury St. Edmunds (1); Newmarket (1); Cambridge (1)
Private Client Solicitor/Legal Executive,5,Legal / Conveyancing,UNKNOWN,,,,,Downham Market (1); Fakenham (1); Ely (1); Newmarket (1); Boston (1)
Property Solicitor - Associate,5,Legal / Conveyancing,UNKNOWN,,,,,Brentwood (1); King's Lynn (1); Norwich (1); Ipswich (1); Chelmsford (1)
Private Client Solicitor - Associate,5,Legal / Conveyancing,UNKNOWN,,,,,Chelmsford (1); Ipswich (1); Norwich (1); King's Lynn (1); Thetford (1)
Family Paralegal,5,Legal / Conveyancing,UNKNOWN,,,,,Swindon (1); Basingstoke (1); Not Specified (1); Reading (1); Devizes (1)
Subsidence Claims Handler,5,Other / Unclassified,UNKNOWN,,,,,Not Specified (5)
Products Liability Adjuster,5,Other / Unclassified,UNKNOWN,,,,,Not Specified (5)
Enviornmental Loss Adjuster,5,Other / Unclassified,UNKNOWN,,,,,Not Specified (5)
IFA Client Service Associate,5,Financial Advice / Mortgages,UNKNOWN,,,,,Not Specified (2); Bristol (1); Manchester (1); Newcastle Upon Tyne (1)
Class 1 Driver Days,4,Driving / Warehouse / Logistics,UNKNOWN,,,,,Ipswich (1); Nottingham (1); Worksop (1); Bathgate (1)
Technical Sales Manager,4,Sales / Business Development,UNKNOWN,,,,,Washington (1); Sheffield (1); Mitcham (1); Ipswich (1)
18T Delivery Driver,4,Driving / Warehouse / Logistics,UNKNOWN,,,,,Inverness (1); York (1); Aberdeen (1); Cardiff (1)
Fire Stopper,4,Other / Unclassified,UNKNOWN,,,,,St. Albans (1); Bristol (1); Exeter (1); Nottingham (1)
Chemotherapy Nurse,4,Healthcare / Clinical,KNOWN,admin_service:HARD_PASS,,,,Bristol (1); Cheddar (1); Dundee (1); Washington (1)
Key Stage 2 Teacher,4,Education / Teaching,UNKNOWN,,,,,Barnet (1); Kettering (1); Not Specified (1); Stafford (1)
School Business Manager,4,Education / Teaching,UNKNOWN,,,,,Ashford (1); Not Specified (1); Northampton (1); Wirral (1)
LSA,4,Other / Unclassified,UNKNOWN,,,,,Not Specified (1); Bromley (1); Kidderminster (1); Enfield (1)
Class Teacher,4,Education / Teaching,UNKNOWN,,,,,Milton Keynes (1); Kettering (1); Corby (1); Norwich (1)
Geography Teacher,4,Education / Teaching,UNKNOWN,,,,,Not Specified (2); Northampton (1); Barnet (1)
Mathematics Teacher,4,Education / Teaching,UNKNOWN,,,,,Loughton (1); Chelmsford (1); Not Specified (1); Coventry (1)
Art Teacher,4,Education / Teaching,UNKNOWN,,,,,Bury (1); Not Specified (1); Nottingham (1); Hythe (1)
Psychology Graduate Teaching Assistant,4,Education / Teaching,UNKNOWN,,,,,Not Specified (2); Wirral (1); Manchester (1)
Business Analyst,4,IT / Data / Software,UNKNOWN,,,,,Spalding (1); Taunton (1); Windsor (1); Plymouth (1)
Software Engineer,4,IT / Data / Software,UNKNOWN,,,,,Rushden (1); Manchester (1); Not Specified (1); St. Albans (1)
HGV Class 1 Container Driver,4,Driving / Warehouse / Logistics,UNKNOWN,,,,,Grays (1); Stanford-le-hope (1); Warrington (1); Morecambe (1)
Payroll Coordinator,4,Professional Finance / Accountancy,KNOWN,finance_accounts:HIGH_CONFIDENCE,finance_accounts,admin_service; finance_accounts,,Chester (1); Harrogate (1); Market Harborough (1); Not Specified (1)
LGV Driver - Class 1/Cat C+E - All Shifts,4,Driving / Warehouse / Logistics,UNKNOWN,,,,,Biggleswade (1); Sandy (1); Bedford (1); Letchworth Garden City (1)
Senior Service Advisor,4,Admin / Customer Service,UNKNOWN,,,customer_service_contact_centre,,Taunton (1); Bishop's Stortford (1); Crawley (1); Ipswich (1)
Registered Service Manager,4,Other / Unclassified,UNKNOWN,,,,,Not Specified (2); Plymouth (1); Reading (1)
Chair of the Board of Trustees,4,Other / Unclassified,UNKNOWN,,,,,Not Specified (2); Manchester (1); Chatham (1)
Senior Supervising Social Worker,4,Care / Support Work,KNOWN,admin_service:HARD_PASS,,,,Not Specified (3); Kettering (1)
Fundraising Manager,4,Other / Unclassified,UNKNOWN,,,,,Hamilton (1); Braintree (1); Lincoln (1); Taunton (1)
HGV Class 2 Skip Driver,4,Driving / Warehouse / Logistics,UNKNOWN,,,,,Uxbridge (1); Cardiff (1); Coalville (1); Belvedere (1)
Chair of Trustees,4,Other / Unclassified,UNKNOWN,,,,,Stretford (1); Norwich (1); Canterbury (1); Watford (1)
Compliance Manager,4,Other / Unclassified,UNKNOWN,,,,,Birmingham (1); Not Specified (1); Norwich (1); Altrincham (1)
Jet Vac Driver - HGV Class 2,4,Driving / Warehouse / Logistics,UNKNOWN,,,,,Not Specified (3); Halifax (1)
HGV Class 1 Driver Days,4,Driving / Warehouse / Logistics,UNKNOWN,,,,,Didcot (1); Bournemouth (1); Crewe (1); Livingston (1)
PPT Driver,4,Driving / Warehouse / Logistics,UNKNOWN,,,,,Bedford (1); Worksop (1); Northampton (1); Spalding (1)
Bus Driver,4,Driving / Warehouse / Logistics,UNKNOWN,,,,,Didcot (1); Halstead (1); Paisley (1); High Wycombe (1)
Class 2 Skip Driver,4,Driving / Warehouse / Logistics,UNKNOWN,,,,,Bath (1); Tadley (1); Southampton (1); Not Specified (1)
Functional Specialist,4,Other / Unclassified,UNKNOWN,,,,,Wrexham (1); Halesowen (1); Nottingham (1); Peterborough (1)
Registered Care Home Manager,4,Other / Unclassified,KNOWN,admin_service:OUT_OF_SCOPE,,,,Stockton-on-tees (1); Tonbridge (1); Newport (1); Worthing (1)
Residential Childcare Support Worker (Sessional/Casual),4,Care / Support Work,KNOWN,support_worker:ELASTIC_FIT,support_worker,support_worker,,Axbridge (1); Highbridge (1); Carnforth (1); Morecambe (1)
Indirect Tax Manager,4,Professional Finance / Accountancy,UNKNOWN,,,,,Camberley (2); Manchester (1); Not Specified (1)
Aftersales Manager,4,Other / Unclassified,UNKNOWN,,,,,Liverpool (2); Not Specified (1); Feltham (1)
Junior Ethical Hacker Placement Programme - no experience needed,4,Other / Unclassified,UNKNOWN,,,,,Bristol (1); Edinburgh (1); Glasgow (1); Cardiff (1)
HGV Workshop Supervisor,4,Driving / Warehouse / Logistics,UNKNOWN,,,,,Reading (3); Not Specified (1)
Deputy Manager & Clinical Lead RN,4,Healthcare / Clinical,UNKNOWN,,,,,Stone (1); Tewkesbury (1); Newark (1); Hull (1)
Accounts and Client Manager,4,Professional Finance / Accountancy,UNKNOWN,,,finance_accounts,,Holsworthy (1); Okehampton (1); Newton Abbot (1); Exeter (1)
Purchase Ledger Administrator,4,Professional Finance / Accountancy,KNOWN,finance_accounts:HIGH_CONFIDENCE,finance_accounts,admin_service; finance_accounts,,Princes Risborough (1); Witney (1); Polegate (1); Doncaster (1)
Accounts Technician,4,Professional Finance / Accountancy,UNKNOWN,,,finance_accounts,,Sheffield (1); Sherborne (1); Leighton Buzzard (1); Yeovil (1)
Principal Pensions Administrator,4,Admin / Customer Service,UNKNOWN,,,admin_service,,Not Specified (2); Glasgow (1); Edinburgh (1)
Independent Financial Advisor - Employed,4,Financial Advice / Mortgages,UNKNOWN,,,,,Salisbury (1); Portsmouth (1); Southampton (1); Not Specified (1)
Conveyancing Lawyer,4,Legal / Conveyancing,UNKNOWN,,,,,Stroud (1); Aylesbury (1); Warrington (1); Leicester (1)
Financial Services Administrator,4,Admin / Customer Service,KNOWN,admin_service:HIGH_CONFIDENCE; finance_accounts:REVIEW_CONTEXT_DEPENDENT; customer_service_contact_centre:REVIEW_CONTEXT_DEPENDENT; hr_recruitment:REVIEW_CONTEXT_DEPENDENT,admin_service,admin_service,,Lincoln (1); Norwich (1); Edinburgh (1); Stirling (1)
Community Care Assistant,4,Care / Support Work,KNOWN,support_worker:HIGH_CONFIDENCE,support_worker,support_worker,,Llandudno (1); Colwyn Bay (1); Bromley (1); Penzance (1)
Mortgage and Protection Advisor,4,Financial Advice / Mortgages,UNKNOWN,,,,,Not Specified (3); King's Lynn (1)
Private Client Paralegal,4,Legal / Conveyancing,UNKNOWN,,,,,Manchester (1); Inverness (1); Beaconsfield (1); Not Specified (1)
Buyer,4,Procurement / Buying / Supply Chain,UNKNOWN,,,,,Leatherhead (1); Ipswich (1); Henfield (1); Newtownards (1)
Finance Operations Manager,4,Professional Finance / Accountancy,UNKNOWN,,,finance_accounts,,Crawley (1); York (1); Builth Wells (1); Leicester (1)
Enterprise Strategic ER Business Partner - CIPDL5+. Remote,4,Other / Unclassified,UNKNOWN,,,,,Not Specified (2); Manchester (1); Glasgow (1)
Senior Internal Auditor,4,Professional Finance / Accountancy,UNKNOWN,,,,,Not Specified (1); Glasgow (1); Leicester (1); Stratford-upon-avon (1)
Head of Business,4,Other / Unclassified,UNKNOWN,,,,,Chelmsford (2); Keighley (1); Kidlington (1)
Group Financial Accountant,4,Professional Finance / Accountancy,UNKNOWN,,,,,Manchester (1); Not Specified (1); Cambridge (1); Warrington (1)
Pensions Administrator,4,Admin / Customer Service,KNOWN,admin_service:HIGH_CONFIDENCE; finance_accounts:ELASTIC_FIT; customer_service_contact_centre:REVIEW_CONTEXT_DEPENDENT; hr_recruitment:REVIEW_CONTEXT_DEPENDENT,admin_service; finance_accounts,admin_service,admin_service:HIGH_CONFIDENCE->HARD_PASS,Manchester (1); Redcar (1); Leeds (1); Edinburgh (1)
Stock Controller,4,Driving / Warehouse / Logistics,UNKNOWN,,,warehouse_logistics,,Watford (1); Frimley (1); St. Austell (1); Kelty (1)
Data Cabling Engineer - retail installations projects,4,Engineering / Technical,UNKNOWN,,,,,Coventry (1); Gloucester (1); Derby (1); Not Specified (1)
Teacher,4,Education / Teaching,UNKNOWN,,,,,Smethwick (1); Not Specified (1); Liverpool (1); Stapleford (1)
Commercial Broker,4,Other / Unclassified,UNKNOWN,,,,,Swansea (1); Haverfordwest (1); Manchester (1); Northampton (1)
SEND Tutor,4,Education / Teaching,UNKNOWN,,,,,Not Specified (2); Dudley (1); Hereford (1)
SEN Tutor,4,Education / Teaching,UNKNOWN,,,,,Not Specified (2); Dudley (1); Hereford (1)
Psychology Graduate,4,Other / Unclassified,KNOWN,admin_service:OUT_OF_SCOPE,,,,Manchester (1); Slough (1); Canterbury (1); Chelmsford (1)
Accounts & Audit Senior,4,Professional Finance / Accountancy,UNKNOWN,,,finance_accounts,,Gerrards Cross (1); Eastleigh (1); Poole (1); Farnham (1)
Development Executive,4,Other / Unclassified,UNKNOWN,,,,,Manchester (1); Chichester (1); Southampton (1); Poole (1)
Dementia Adviser,4,Other / Unclassified,KNOWN,hr_recruitment:REVIEW_CONTEXT_DEPENDENT,,,,Not Specified (1); Hull (1); Huntingdon (1); Cambridge (1)
Senior Mortgage Broker,4,Financial Advice / Mortgages,UNKNOWN,,,,,Edinburgh (2); Basildon (1); Not Specified (1)
Interim Head of Finance,4,Professional Finance / Accountancy,UNKNOWN,,,finance_accounts,,Not Specified (1); Manchester (1); City Of Westminster (1); Exeter (1)
Head of HR,4,HR / Recruitment,UNKNOWN,,,hr_recruitment,,Stanford-le-hope (1); Evesham (1); Northampton (1); Lincoln (1)
Aftersales Advisor,4,Other / Unclassified,UNKNOWN,,,,,Not Specified (1); Cardiff (1); Romford (1); Wakefield (1)
Corporate Account Handler,4,Other / Unclassified,UNKNOWN,,,,,Not Specified (2); Leeds (1); Leicester (1)
Accounts Receivable,4,Professional Finance / Accountancy,UNKNOWN,,,finance_accounts,,Norwich (1); Poole (1); Bradford (1); Lincoln (1)
Office Administrator,4,Admin / Customer Service,KNOWN,admin_service:HIGH_CONFIDENCE; customer_service_contact_centre:REVIEW_CONTEXT_DEPENDENT; hr_recruitment:REVIEW_CONTEXT_DEPENDENT,admin_service,admin_service,,Not Specified (2); Horsham (1); Gloucester (1)
Property Administrator,4,Admin / Customer Service,KNOWN,admin_service:HIGH_CONFIDENCE,admin_service,admin_service,admin_service:HIGH_CONFIDENCE->HARD_PASS,Nottingham (1); Dartford (1); Leigh-on-sea (1); Wandsworth (1)
Asset Manager,4,Other / Unclassified,UNKNOWN,,,,,City Of Westminster (1); Enfield (1); Edenbridge (1); Not Specified (1)
Senior Property Manager,4,Construction / Trades / Property,UNKNOWN,,,,,Wandsworth (1); Newbury (1); Dereham (1); Elgin (1)
Trainee Sales Negotiator,4,Sales / Business Development,UNKNOWN,,,,,Brighton (1); Eastbourne (1); Hayes (1); Basildon (1)
Sales & Lettings Negotiator,4,Construction / Trades / Property,UNKNOWN,,,,,Not Specified (1); Uxbridge (1); Bournemouth (1); Camborne (1)
Construction Solicitor,4,Legal / Conveyancing,UNKNOWN,,,,,Glasgow (1); Exeter (1); Manchester (1); Not Specified (1)
Mixed Tax Manager,4,Professional Finance / Accountancy,UNKNOWN,,,,,Not Specified (1); Bristol (1); Cardiff (1); Horsham (1)
Mortgage Administrators required top London Brokerage REMOTE / RARE,4,Financial Advice / Mortgages,UNKNOWN,,,admin_service,,Dartford (1); St. Albans (1); Croydon (1); Not Specified (1)
Audit and Accounts Semi Senior,4,Professional Finance / Accountancy,UNKNOWN,,,finance_accounts,,Canterbury (2); Stockton-on-tees (1); Aberdeen (1)
Social Media Influencer: Work from home,4,Marketing / Digital / Creative,UNKNOWN,,,,,Not Specified (1); Bristol (1); Woking (1); Exeter (1)
Employee Benefits Consultant,4,Other / Unclassified,UNKNOWN,,,,,Not Specified (2); Stockton-on-tees (1); Bristol (1)
Dispute Resolution Solicitor,4,Legal / Conveyancing,UNKNOWN,,,,,Gillingham (1); Tunbridge Wells (1); Uckfield (1); Hertford (1)
Mortgage Paraplanner,4,Financial Advice / Mortgages,UNKNOWN,,,,,Hertford (1); Wandsworth (1); Hayes (1); Not Specified (1)
Transport Coordinator,4,Admin / Customer Service,UNKNOWN,,,admin_service,,Newport (1); Lincoln (1); Bristol (1); City (1)
PIP Nurse - Hybrid,4,Healthcare / Clinical,UNKNOWN,,,,,Stockton-on-tees (1); Doncaster (1); Barnsley (1); Leeds (1)
Commercial Insurance Account Handler,4,Other / Unclassified,UNKNOWN,,,,,Nottingham (1); Basingstoke (1); Lichfield (1); Warwick (1)
Estate Agent Branch Manager,4,Construction / Trades / Property,UNKNOWN,,,,,Birchington (2); Maidstone (1); Not Specified (1)
Property Solicitor,4,Legal / Conveyancing,UNKNOWN,,,,,City (1); Not Specified (1); Ipswich (1); Congleton (1)
Accounts and Audit Senior,4,Professional Finance / Accountancy,UNKNOWN,,,finance_accounts,,Basildon (2); Brierley Hill (1); Eastbourne (1)
Practice Manager,4,Other / Unclassified,KNOWN,admin_service:OUT_OF_SCOPE,,,,Sheffield (1); Hoddesdon (1); Manchester (1); Not Specified (1)
Showroom Sales Manager,4,Sales / Business Development,UNKNOWN,,,,,Lowestoft (1); East Grinstead (1); York (1); Morecambe (1)
Mixer Driver,4,Driving / Warehouse / Logistics,UNKNOWN,,,,,Salford (1); Southampton (1); Bonnyrigg (1); Devizes (1)
Tax Accountant,4,Professional Finance / Accountancy,UNKNOWN,,,,,Not Specified (1); Letchworth Garden City (1); Leatherhead (1); Sheffield (1)
LGV Driver - Class 1,4,Driving / Warehouse / Logistics,UNKNOWN,,,,,Bedford (1); Biggleswade (1); Letchworth Garden City (1); Sandy (1)
Vinyl Vehicle Wrapper,4,Other / Unclassified,UNKNOWN,,,,,Rugby (1); Bedford (1); Northampton (1); Not Specified (1)
Group Reporting Manager,4,Other / Unclassified,UNKNOWN,,,,,Not Specified (2); Trowbridge (1); Manchester (1)
Private Client Tax Senior Manager,4,Professional Finance / Accountancy,UNKNOWN,,,,,Sidcup (1); Salisbury (1); Maidstone (1); Epsom (1)
Class 1 HIAB driver,4,Driving / Warehouse / Logistics,UNKNOWN,,,,,Bideford (1); Caldicot (1); Exeter (1); South Brent (1)
Trainee Lettings Negotiator,4,Construction / Trades / Property,UNKNOWN,,,,,Northampton (1); Worthing (1); Plymouth (1); Billericay (1)
Healthcare Assistant,4,Healthcare / Clinical,KNOWN,admin_service:HARD_PASS; support_worker:HIGH_CONFIDENCE; hr_recruitment:REVIEW_CONTEXT_DEPENDENT,support_worker,support_worker,,Taunton (1); Chichester (1); Southampton (1); Oxford (1)
Independent Children's Speech and Language Therapist,4,Healthcare / Clinical,KNOWN,admin_service:HARD_PASS,,,,Watford (1); Reigate (1); Lancaster (1); Ipswich (1)
Senior Mortgage Advisor,4,Financial Advice / Mortgages,UNKNOWN,,,,,Not Specified (1); Woking (1); Guildford (1); Maidstone (1)
Band 8A Pharmacist,4,Other / Unclassified,UNKNOWN,,,,,Sutton-in-ashfield (1); Kettering (1); Bristol (1); Portsmouth (1)
Financial Administrator,4,Admin / Customer Service,KNOWN,finance_accounts:REVIEW_CONTEXT_DEPENDENT; customer_service_contact_centre:REVIEW_CONTEXT_DEPENDENT; hr_recruitment:REVIEW_CONTEXT_DEPENDENT,,admin_service,,Not Specified (2); Manchester (1); Weybridge (1)
Mortgage Broker - Partner Advisor,4,Financial Advice / Mortgages,UNKNOWN,,,,,Leamington Spa (1); Manchester (1); Sale (1); Not Specified (1)
Head of Corporate Solutions,4,Other / Unclassified,UNKNOWN,,,,,Farnborough (2); Not Specified (2)
Personal Tax Semi Senior,4,Professional Finance / Accountancy,UNKNOWN,,,,,Leighton Buzzard (1); Norwich (1); Stockport (1); Darlington (1)
D365 Senior SCM Consultant,4,Other / Unclassified,UNKNOWN,,,,,Milton Keynes (1); Leighton Buzzard (1); Newport Pagnell (1); Northampton (1)
ER Specialist,4,Other / Unclassified,UNKNOWN,,,,,Not Specified (3); Kingston Upon Thames (1)
BMW Sales Executive,4,Sales / Business Development,UNKNOWN,,,,,Luton (1); Sidcup (1); Stevenage (1); Maidenhead (1)
Philanthropy Manager,4,Other / Unclassified,UNKNOWN,,,,,Oxford (1); Edinburgh (1); Cambridge (1); Not Specified (1)
Senior Pricing Analyst,4,Other / Unclassified,UNKNOWN,,,,,Not Specified (4)
Residential Care Manager,4,Care / Support Work,UNKNOWN,,,,,Hindhead (1); Sevenoaks (1); Maidstone (1); Guildford (1)
Unit Manager - Clinical,4,Healthcare / Clinical,UNKNOWN,,,,,Not Specified (2); Cannock (1); Stoke-on-trent (1)
Senior Care Assistant - Bank,4,Care / Support Work,UNKNOWN,,,support_worker,,Stratford-upon-avon (1); Braintree (1); Chelmsford (1); Leamington Spa (1)
Digital Marketing Manager,4,Marketing / Digital / Creative,UNKNOWN,,,,,Bolton (1); Leigh-on-sea (1); Not Specified (1); Oxford (1)
Hiab Driver,4,Driving / Warehouse / Logistics,UNKNOWN,,,,,Llanelli (1); Carmarthen (1); Not Specified (1); Swansea (1)
Used Car Sales Manager,4,Sales / Business Development,UNKNOWN,,,,,Coventry (1); Exeter (1); Leeds (1); Kidlington (1)
Residential Property Solicitor - Conveyancing,4,Legal / Conveyancing,UNKNOWN,,,,,Peterborough (1); Stamford (1); Wisbech (1); Bourne (1)
Legal Secretary - Excellent Benefits & Environment,4,Legal / Conveyancing,UNKNOWN,,,admin_service,,Bury St. Edmunds (1); Dereham (1); Norwich (1); Great Yarmouth (1)
Field Sales Consultant,4,Sales / Business Development,UNKNOWN,,,,,Brighton (1); Edinburgh (1); Tunbridge Wells (1); Redhill (1)
Product Marketing Manager,4,Marketing / Digital / Creative,UNKNOWN,,,,,Not Specified (2); Burton-on-trent (1); Taunton (1)
Hiab Driver Class 2,4,Driving / Warehouse / Logistics,UNKNOWN,,,,,Watford (1); Gloucester (1); Edinburgh (1); Stoke-on-trent (1)
Community Carer,4,Care / Support Work,UNKNOWN,,,,,Ipswich (1); King's Lynn (1); Norwich (1); Saxmundham (1)
Occupational Therapy Assistant,4,Other / Unclassified,UNKNOWN,,,,,Corwen (1); Not Specified (1); Colchester (1); Taunton (1)
Payroll Executive,4,Professional Finance / Accountancy,UNKNOWN,,,finance_accounts,,Plymouth (2); Portsmouth (1); Canterbury (1)
Domiciliary Optometrist,4,Care / Support Work,KNOWN,admin_service:OUT_OF_SCOPE,,,,St. Andrews (1); Weymouth (1); Salisbury (1); Warminster (1)
Yopa Local Estate Agent Territory Manager,4,Construction / Trades / Property,UNKNOWN,,,,,Bournemouth (1); Poole (1); Leeds (1); Wetherby (1)
Legal Biller,4,Legal / Conveyancing,UNKNOWN,,,,,Not Specified (1); Manchester (1); Glasgow (1); Leeds (1)
Independent Children's Occupational Therapist,4,Healthcare / Clinical,KNOWN,admin_service:HARD_PASS,,,,Walton-on-thames (1); Blockley (1); Bishop's Stortford (1); Ormskirk (1)
Occupational Therapy Professional,4,Other / Unclassified,KNOWN,admin_service:OUT_OF_SCOPE,,,,Sutton (1); Cheltenham (1); Hitchin (1); Burnley (1)
Paediatric Occupational Therapy Specialist,4,Other / Unclassified,KNOWN,admin_service:OUT_OF_SCOPE,,,,Guildford (1); Cirencester (1); Tring (1); Preston (1)
Liability Claims Handler,4,Other / Unclassified,UNKNOWN,,,,,Not Specified (4)
Land Agent,3,Other / Unclassified,UNKNOWN,,,,,Harrogate (3)
Class 1 Tanker Driver,3,Driving / Warehouse / Logistics,UNKNOWN,,,,,Not Specified (1); Bellshill (1); Southampton (1)
Flt Bendi Driver,3,Driving / Warehouse / Logistics,UNKNOWN,,,,,Wisbech (1); Aylesbury (1); Warrington (1)
Class 1,3,Other / Unclassified,UNKNOWN,,,,,Swindon (1); Cambridge (1); Beaconsfield (1)
Area Sales Manager Timber Products,3,Sales / Business Development,UNKNOWN,,,,,Reading (1); City (1); Crawley (1)
VNA Driver,3,Driving / Warehouse / Logistics,UNKNOWN,,,,,Peterborough (1); Leighton Buzzard (1); Not Specified (1)
Childrens Home Registered Manager,3,Other / Unclassified,KNOWN,admin_service:OUT_OF_SCOPE,,,,Northampton (1); Warwick (1); Loughborough (1)
Recruitment Coordinator,3,HR / Recruitment,KNOWN,hr_recruitment:HIGH_CONFIDENCE,hr_recruitment,admin_service; hr_recruitment,,Torpoint (1); Sale (1); Not Specified (1)
Shift Supervisor,3,Other / Unclassified,UNKNOWN,,,,,Buckingham (1); Ludlow (1); Motherwell (1)
FE ALN/SEMH Teaching Assistants,3,Education / Teaching,UNKNOWN,,,,,Cwmbran (1); Usk (1); Newport (1)
Early Years Practitioner,3,Other / Unclassified,UNKNOWN,,,,,Blackburn (1); Leeds (1); Not Specified (1)
Male SEMH Teaching Assistant,3,Education / Teaching,UNKNOWN,,,,,Wandsworth (1); Hounslow (1); Sutton (1)
Business Development Manager - Apprenticeships,3,Sales / Business Development,UNKNOWN,,,,,Watford (1); Nottingham (1); Not Specified (1)
Supply Teachers,3,Other / Unclassified,UNKNOWN,,,,,Not Specified (1); Northampton (1); Bradford (1)
MFL Teacher,3,Education / Teaching,UNKNOWN,,,,,Not Specified (2); Burnley (1)
Nursery Assistant,3,Other / Unclassified,UNKNOWN,,,,,Leeds (1); Wakefield (1); Berkhamsted (1)
Senior Data Scientist,3,IT / Data / Software,UNKNOWN,,,,,Not Specified (2); Leicester (1)
Senior Backend Engineer,3,Engineering / Technical,UNKNOWN,,,,,Not Specified (2); Edinburgh (1)
KS2 Teaching Assistant,3,Education / Teaching,UNKNOWN,,,,,Blackpool (1); Billericay (1); Stanley (1)
Level 3 Teaching Assistant,3,Education / Teaching,UNKNOWN,,,,,Manchester (2); Rochester (1)
EYFS Teaching Assistant,3,Education / Teaching,UNKNOWN,,,,,Chatham (1); Harrow (1); Not Specified (1)
Primary - Sen Teaching Assistant,3,Education / Teaching,UNKNOWN,,,,,Winchester (1); Southampton (1); Doncaster (1)
School Administrator,3,Education / Teaching,KNOWN,admin_service:HARD_PASS; customer_service_contact_centre:REVIEW_CONTEXT_DEPENDENT; hr_recruitment:REVIEW_CONTEXT_DEPENDENT,,admin_service,,Not Specified (2); Oldham (1)
Secondary Teacher,3,Education / Teaching,UNKNOWN,,,,,Liverpool (1); Macclesfield (1); Mold (1)
Secondary Teaching Assistant,3,Education / Teaching,UNKNOWN,,,,,Stockbridge (1); Wirral (1); Burnley (1)
EHCP Assistant,3,Other / Unclassified,UNKNOWN,,,,,Bicester (2); Oxford (1)
Food Technician,3,Engineering / Technical,UNKNOWN,,,,,Not Specified (2); Cardiff (1)
Early Years Teaching Assistant,3,Education / Teaching,UNKNOWN,,,,,Romford (1); Manchester (1); Not Specified (1)
Compliance Officer,3,Other / Unclassified,UNKNOWN,,,admin_service,,Not Specified (2); Truro (1)
Reception Teacher,3,Education / Teaching,UNKNOWN,,,admin_service,,Rickmansworth (1); Potters Bar (1); Norwich (1)
Tutor,3,Education / Teaching,UNKNOWN,,,,,Uxbridge (1); Warrington (1); Cheltenham (1)
EYFS & 1:1 Support Teaching Assistant (15 Hours per Week),3,Education / Teaching,UNKNOWN,,,,,Poulton-le-fylde (1); Preston (1); Thornton-cleveleys (1)
Unqualified Teacher,3,Education / Teaching,UNKNOWN,,,,,Chatham (1); Daventry (1); Northampton (1)
Infrastructure Engineer,3,IT / Data / Software,UNKNOWN,,,,,Not Specified (2); Nottingham (1)
IT Support Technician,3,IT / Data / Software,UNKNOWN,,,,,Weybridge (1); York (1); Not Specified (1)
HGV Class 1 Shunter,3,Driving / Warehouse / Logistics,UNKNOWN,,,,,Banbury (1); Bellshill (1); Runcorn (1)
Primary School Teacher,3,Education / Teaching,UNKNOWN,,,,,Milton Keynes (1); Liverpool (1); Corby (1)
F5 SME,3,Other / Unclassified,UNKNOWN,,,,,Leeds (1); Manchester (1); Edinburgh (1)
Speech and Language Therapist Band 6/7,3,Healthcare / Clinical,UNKNOWN,,,,,Wallington (1); Uxbridge (1); Sutton (1)
HGV 2 Multidrop Driver,3,Driving / Warehouse / Logistics,UNKNOWN,,,,,Hounslow (1); Hemel Hempstead (1); Purfleet (1)
FLT Telehandler,3,Driving / Warehouse / Logistics,UNKNOWN,,,,,Northwich (1); Chinnor (1); Petersfield (1)
Data Architect,3,Other / Unclassified,UNKNOWN,,,,,Not Specified (2); Bristol (1)
18t Driver,3,Driving / Warehouse / Logistics,UNKNOWN,,,,,Barnsley (1); Not Specified (1); Bedford (1)
IT Manager,3,Other / Unclassified,UNKNOWN,,,,,City (1); Stirling (1); Middlewich (1)
SEND Teacher,3,Education / Teaching,UNKNOWN,,,,,Not Specified (1); Lichfield (1); Sutton Coldfield (1)
Mortgage & Protection Adviser,3,Financial Advice / Mortgages,UNKNOWN,,,,,Not Specified (2); Chipping Norton (1)
Care Team Leader (Team Facilitator),3,Other / Unclassified,UNKNOWN,,,,,Lochgilphead (1); Elgin (1); Perth (1)
School Unit Manager,3,Education / Teaching,UNKNOWN,,,,,Lyndhurst (1); Leighton Buzzard (1); Dartmouth (1)
Nursery Practitioner Level 3 SEN Specialist,3,Education / Teaching,UNKNOWN,,,,,Norwich (1); Stockton-on-tees (1); Bedford (1)
Family Support Worker,3,Care / Support Work,KNOWN,support_worker:ELASTIC_FIT,support_worker,support_worker,,Cowes (1); Taunton (1); Not Specified (1)
Supervising Social Worker,3,Care / Support Work,KNOWN,admin_service:HARD_PASS,,,,Not Specified (2); Rossendale (1)
Deputy Care Manager,3,Care / Support Work,KNOWN,admin_service:OUT_OF_SCOPE,,,,Not Specified (1); Abergavenny (1); Liverpool (1)
Rental Agent,3,Other / Unclassified,UNKNOWN,,,,,Plymouth (1); Worcester (1); Swindon (1)
Consultant Psychiatrist,3,Other / Unclassified,KNOWN,admin_service:OUT_OF_SCOPE,,,,Exeter (1); Cottam (1); Edinburgh (1)
Senior Infrastructure Engineer,3,IT / Data / Software,UNKNOWN,,,,,Gloucester (1); Newbury (1); Leeds (1)
Senior Tax Manager,3,Professional Finance / Accountancy,UNKNOWN,,,,,Cheltenham (2); Plymouth (1)
Multi Drop Delivery Van Driver,3,Driving / Warehouse / Logistics,UNKNOWN,,,,,Bristol (1); Carlisle (1); Gateshead (1)
Technical Account Manager,3,Sales / Business Development,UNKNOWN,,,,,Tewkesbury (1); Brigg (1); Preston (1)
Paraplanning Manager,3,Other / Unclassified,UNKNOWN,,,,,Chipping Norton (2); Bromsgrove (1)
Gopuff Delivery Riders,3,Other / Unclassified,UNKNOWN,,,,,Not Specified (2); Southsea (1)
LGV C+E Driver,3,Driving / Warehouse / Logistics,UNKNOWN,,,,,Sheffield (1); Barnsley (1); Wellingborough (1)
Tax & Trusts Manager,3,Other / Unclassified,UNKNOWN,,,,,Farnham (1); Wokingham (1); Reading (1)
Mobile Engineer,3,Engineering / Technical,UNKNOWN,,,,,Not Specified (2); Milton Keynes (1)
Software Developer Placement Programme No experience needed,3,IT / Data / Software,UNKNOWN,,,,,Glasgow (1); Edinburgh (1); Bristol (1)
Counterbalance FLT Driver,3,Driving / Warehouse / Logistics,UNKNOWN,,,,,Not Specified (1); Northampton (1); Tipton (1)
Qualified Accountant,3,Professional Finance / Accountancy,UNKNOWN,,,,,Plymouth (1); Glasgow (1); Not Specified (1)
Treasury Accountant,3,Professional Finance / Accountancy,UNKNOWN,,,,,Not Specified (2); Letchworth Garden City (1)
Head of Finance and Operations,3,Professional Finance / Accountancy,UNKNOWN,,,finance_accounts,,Not Specified (2); St. Helens (1)
Assistant Finance Business Partner,3,Professional Finance / Accountancy,UNKNOWN,,,finance_accounts,,Not Specified (1); Portsmouth (1); City (1)
Finance Business Manager,3,Professional Finance / Accountancy,UNKNOWN,,,finance_accounts,,High Wycombe (2); Princes Risborough (1)
Senior Auditor,3,Professional Finance / Accountancy,UNKNOWN,,,,,Watford (1); Not Specified (1); Manchester (1)
AAT Assistant Accountant,3,Professional Finance / Accountancy,UNKNOWN,,,,,Banbury (1); Not Specified (1); Kettering (1)
Trainee Paraplanner,3,Financial Advice / Mortgages,UNKNOWN,,,,,Edinburgh (1); Sutton Coldfield (1); Stamford (1)
Substance Misuse Nurse,3,Healthcare / Clinical,KNOWN,admin_service:HARD_PASS,,,,Crewe (1); Macclesfield (1); York (1)
Commercial Analyst,3,Other / Unclassified,UNKNOWN,,,,,Not Specified (2); Reading (1)
Accounts Receivable Clerk,3,Professional Finance / Accountancy,UNKNOWN,,,finance_accounts,,Oxford (1); Bradford (1); Gillingham (1)
Assistant Finance Manager,3,Professional Finance / Accountancy,UNKNOWN,,,finance_accounts,,Droitwich (1); Reading (1); Not Specified (1)
Research Consultant,3,Other / Unclassified,UNKNOWN,,,,,High Wycombe (1); Glasgow (1); Alton (1)
Insolvency Manager,3,Other / Unclassified,UNKNOWN,,,,,Liverpool (1); Cambridge (1); Leeds (1)
Treasury Analyst,3,Professional Finance / Accountancy,UNKNOWN,,,,,Camberley (1); Manchester (1); Not Specified (1)
Accounts Assistant Manager,3,Professional Finance / Accountancy,UNKNOWN,,,finance_accounts,,Edinburgh (1); Not Specified (1); Bexhill-on-sea (1)
Tax Semi-Senior,3,Professional Finance / Accountancy,UNKNOWN,,,,,Liverpool (1); Swansea (1); Newport (1)
Warehouse Manager,3,Driving / Warehouse / Logistics,UNKNOWN,,,warehouse_logistics,,King's Lynn (1); Sutton Coldfield (1); Arundel (1)
Interim Finance Director,3,Professional Finance / Accountancy,UNKNOWN,,,finance_accounts,,Not Specified (2); Chelmsford (1)
Registered Mental Health Nurse (RMN),3,Healthcare / Clinical,KNOWN,admin_service:HARD_PASS,,,,Heanor (1); Pontypridd (1); City (1)
Part Time Bookkeeper,3,Other / Unclassified,UNKNOWN,,,finance_accounts,,Malvern (1); Ashford (1); Not Specified (1)
Professional Support Lawyer,3,Legal / Conveyancing,UNKNOWN,,,,,Exeter (1); Farnborough (1); Bury St. Edmunds (1)
UK Financial Controller,3,Professional Finance / Accountancy,UNKNOWN,,,,,Winsford (1); Sunbury-on-thames (1); Not Specified (1)
Mobile Tyre Fitter,3,Engineering / Technical,UNKNOWN,,,,,Nuneaton (1); Pinner (1); Andover (1)
Part Time Payroll Administrator,3,Professional Finance / Accountancy,KNOWN,finance_accounts:HIGH_CONFIDENCE,finance_accounts,admin_service; finance_accounts,,Wilmslow (2); Knutsford (1)
Class 2 Grab Driver,3,Driving / Warehouse / Logistics,UNKNOWN,,,,,Chippenham (1); Alfreton (1); Houghton Le Spring (1)
SME Account Handler,3,Other / Unclassified,UNKNOWN,,,,,York (1); Hull (1); Manchester (1)
Assistant Client Manager,3,Other / Unclassified,UNKNOWN,,,,,Southend-on-sea (2); Bexhill-on-sea (1)
Commercial Finance Analyst,3,Professional Finance / Accountancy,UNKNOWN,,,finance_accounts,,Liverpool (1); Maidenhead (1); Not Specified (1)
Treasurer,3,Other / Unclassified,UNKNOWN,,,,,Aldershot (1); Southampton (1); Newport (1)
Senior Group Reporting Manager,3,Other / Unclassified,UNKNOWN,,,,,Not Specified (1); Manchester (1); Derby (1)
Senior HR Business Partner,3,HR / Recruitment,UNKNOWN,,,hr_recruitment,,Not Specified (2); Manchester (1)
Senior Underwriter,3,Other / Unclassified,UNKNOWN,,,,,Not Specified (2); Salford (1)
ADR Driver,3,Driving / Warehouse / Logistics,UNKNOWN,,,,,Cranbrook (1); Upminster (1); Wrexham (1)
Senior Payroll Specialist,3,Professional Finance / Accountancy,UNKNOWN,,,finance_accounts,,St. Albans (1); Marlow (1); Not Specified (1)
Er Advisor,3,Other / Unclassified,UNKNOWN,,,,,Brighton (1); Liverpool (1); Paisley (1)
Criminal Solicitor,3,Legal / Conveyancing,UNKNOWN,,,,,Not Specified (1); Bootle (1); Reading (1)
Tax Advisor,3,Professional Finance / Accountancy,UNKNOWN,,,,,Basingstoke (1); Sheffield (1); Nottingham (1)
Security Engineer,3,IT / Data / Software,UNKNOWN,,,,,Not Specified (1); Bedford (1); Redhill (1)
Primary - Learning Support Assistant,3,Education / Teaching,UNKNOWN,,,,,Winchester (1); Southampton (1); Fleet (1)
Principal Psychologist,3,Other / Unclassified,KNOWN,admin_service:HARD_PASS,,,,Langho (2); Blackburn (1)
Legal PA,3,Legal / Conveyancing,UNKNOWN,,,,,Not Specified (2); Leeds (1)
Client Bookkeeper,3,Other / Unclassified,UNKNOWN,,,finance_accounts,,Melksham (1); Camberley (1); Chatham (1)
Senior People Advisor,3,HR / Recruitment,UNKNOWN,,,,,Not Specified (1); Woking (1); Wrexham (1)
Junior Investment Analyst,3,Other / Unclassified,UNKNOWN,,,,,Horsham (3)
Property Lister / Valuer,3,Other / Unclassified,UNKNOWN,,,,,Dartford (1); Not Specified (1); Maidstone (1)
Letting Negotiator,3,Other / Unclassified,UNKNOWN,,,,,Not Specified (1); Pinner (1); Peterborough (1)
Head of Sales,3,Sales / Business Development,UNKNOWN,,,,,Chichester (1); Not Specified (1); Tidworth (1)
Assistant Property Manager,3,Construction / Trades / Property,UNKNOWN,,,,,Not Specified (2); Letchworth Garden City (1)
Lettings Coordinator,3,Construction / Trades / Property,KNOWN,admin_service:ELASTIC_FIT,admin_service,admin_service,,Reading (1); Maidstone (1); Stockport (1)
Sales and Lettings Negotiator,3,Construction / Trades / Property,UNKNOWN,,,,,Wigston (1); Maidstone (1); Not Specified (1)
Estate Agent Sales Progressor,3,Construction / Trades / Property,UNKNOWN,,,,,Ilford (1); Saffron Walden (1); Chelmsford (1)
Estate Agent Sales Manager,3,Construction / Trades / Property,UNKNOWN,,,,,Not Specified (2); Bromley (1)
Talent Acquisition Advisor,3,HR / Recruitment,UNKNOWN,,,hr_recruitment,,Harwich (2); Not Specified (1)
Business Development Manager (Freight Operations),3,Sales / Business Development,UNKNOWN,,,,,Tamworth (1); Manchester (1); Staines (1)
Sales Ledger Clerk,3,Professional Finance / Accountancy,KNOWN,finance_accounts:HIGH_CONFIDENCE,finance_accounts,finance_accounts,,Redditch (1); Not Specified (1); Nottingham (1)
Financial Planning Administrator,3,Admin / Customer Service,KNOWN,admin_service:HIGH_CONFIDENCE; finance_accounts:REVIEW_CONTEXT_DEPENDENT; customer_service_contact_centre:REVIEW_CONTEXT_DEPENDENT; hr_recruitment:REVIEW_CONTEXT_DEPENDENT,admin_service,admin_service,admin_service:HIGH_CONFIDENCE->HARD_PASS,Not Specified (2); Nottingham (1)
Motor Claims Handler,3,Other / Unclassified,UNKNOWN,,,,,Not Specified (2); Rochdale (1)
Mercedes-Benz Vehicle Technician,3,Engineering / Technical,UNKNOWN,,,,,Sunderland (1); Brentford (1); West Drayton (1)
Recruitment Account Coordinator,3,HR / Recruitment,UNKNOWN,,,admin_service; hr_recruitment,,Reading (1); Kettering (1); Barnsley (1)
Commercial Property Secretary,3,Admin / Customer Service,UNKNOWN,,,admin_service,,Leicester (2); Oxford (1)
Commercial Property Associate,3,Other / Unclassified,UNKNOWN,,,,,Glasgow (1); Bishop's Stortford (1); Not Specified (1)
Trainee Financial Adviser,3,Financial Advice / Mortgages,UNKNOWN,,,,,Leeds (1); Not Specified (1); Sheffield (1)
Social Media Manager,3,Marketing / Digital / Creative,UNKNOWN,,,,,Stockton-on-tees (1); Norwich (1); Brentwood (1)
Billing Manager,3,Other / Unclassified,UNKNOWN,,,finance_accounts,,Not Specified (3)
Insurance Broker,3,Other / Unclassified,UNKNOWN,,,,,Consett (2); Farnborough (1)
Accounts Payable Team Leader,3,Professional Finance / Accountancy,UNKNOWN,,,finance_accounts,,Thirsk (1); Not Specified (1); Ibstock (1)
Lawyer,3,Legal / Conveyancing,UNKNOWN,,,,,Not Specified (2); Tunbridge Wells (1)
Commercial Insurance Account Executive,3,Sales / Business Development,UNKNOWN,,,,,Bournemouth (1); Milton Keynes (1); Warwick (1)
WCA Nurse - Hybrid,3,Healthcare / Clinical,UNKNOWN,,,,,Inverness (1); Wrexham (1); Shrewsbury (1)
Bookkeeper - part time varied role with flexibility,3,Other / Unclassified,UNKNOWN,,,finance_accounts,,Newmarket (1); Stowmarket (1); Thetford (1)
Legal Counsel,3,Legal / Conveyancing,UNKNOWN,,,,,Not Specified (2); Milton Keynes (1)
Remote Paraplanner,3,Financial Advice / Mortgages,UNKNOWN,,,,,Oxford (1); Reading (1); Leamington Spa (1)
Office Manager,3,Admin / Customer Service,KNOWN,admin_service:OUT_OF_SCOPE,,admin_service,,Hartlepool (1); Lisburn (1); Not Specified (1)
Company Accountant,3,Professional Finance / Accountancy,UNKNOWN,,,,,Neath (1); Bristol (1); Leeds (1)
Secondary Supply Teacher,3,Education / Teaching,UNKNOWN,,,,,Chelmsford (1); Northwich (1); Warrington (1)
Workshop Controller,3,Other / Unclassified,UNKNOWN,,,,,Yeovil (1); Stockport (1); Southend-on-sea (1)
Employee Relations Consultant,3,HR / Recruitment,UNKNOWN,,,,,Not Specified (1); Bexhill-on-sea (1); Leicester (1)
Management Accountant / Finance Business Partner,3,Professional Finance / Accountancy,UNKNOWN,,,finance_accounts,,Bristol (1); Liverpool (1); Manchester (1)
Head Of People,3,Other / Unclassified,KNOWN,admin_service:OUT_OF_SCOPE,,,,Not Specified (1); Evesham (1); Farnborough (1)
FLT Reach Truck Driver,3,Driving / Warehouse / Logistics,UNKNOWN,,,,,Manchester (1); Kettering (1); Milton Keynes (1)
HGV1 Night Driver,3,Driving / Warehouse / Logistics,UNKNOWN,,,,,Carlisle (1); Northampton (1); Warrington (1)
Transport Administrator,3,Admin / Customer Service,KNOWN,admin_service:HARD_PASS; customer_service_contact_centre:REVIEW_CONTEXT_DEPENDENT; hr_recruitment:REVIEW_CONTEXT_DEPENDENT; warehouse_logistics:ELASTIC_FIT,warehouse_logistics,admin_service,,Salisbury (1); Kettering (1); Stonehouse (1)
Clinical Nurse Manager,3,Healthcare / Clinical,KNOWN,admin_service:HARD_PASS,,,,Not Specified (1); Maesteg (1); York (1)
Community Nurse,3,Healthcare / Clinical,KNOWN,admin_service:HARD_PASS,,,,Torquay (1); Paignton (1); Plymouth (1)
Relief Support Worker,3,Care / Support Work,KNOWN,support_worker:ELASTIC_FIT,support_worker,support_worker,,Ulverston (1); Morecambe (1); Barrow-in-furness (1)
Accounts Receivable Administrator,3,Professional Finance / Accountancy,UNKNOWN,,,admin_service; finance_accounts,,Redhill (1); South Croydon (1); Grays (1)
Accountancy Practice Manager,3,Professional Finance / Accountancy,UNKNOWN,,,,,Hoddesdon (2); Diss (1)
Conveyancing Legal Assistant,3,Legal / Conveyancing,UNKNOWN,,,,,Wimborne (1); Malmesbury (1); Totnes (1)
Junior Financial Adviser,3,Financial Advice / Mortgages,UNKNOWN,,,,,Westerham (1); Not Specified (1); Harlow (1)
Estate Agent Branch Sales Manager,3,Construction / Trades / Property,UNKNOWN,,,,,Sutton (1); Epsom (1); Colchester (1)
Group Tax Manager,3,Professional Finance / Accountancy,UNKNOWN,,,,,Welwyn Garden City (2); Not Specified (1)
Senior People Partner,3,HR / Recruitment,UNKNOWN,,,,,Canterbury (2); Bedford (1)
M&A Tax Manager,3,Professional Finance / Accountancy,UNKNOWN,,,,,Not Specified (2); Nottingham (1)
Commercial Claims Handler,3,Other / Unclassified,UNKNOWN,,,,,Ipswich (1); Chelmsford (1); Newbury (1)
People Advisor,3,HR / Recruitment,UNKNOWN,,,,,Melton Mowbray (1); Cambridge (1); Bedford (1)
Floating Support Worker,3,Care / Support Work,KNOWN,admin_service:HARD_PASS; support_worker:HIGH_CONFIDENCE,support_worker,support_worker,,Yeovil (1); Minehead (1); Bath (1)
Financial Analyst,3,Other / Unclassified,UNKNOWN,,,,,Cambridge (1); Hitchin (1); Not Specified (1)
Interim Project Accountant,3,Professional Finance / Accountancy,UNKNOWN,,,,,Not Specified (1); Huddersfield (1); Burton-on-trent (1)
ADR Class 2 Driver,3,Driving / Warehouse / Logistics,UNKNOWN,,,,,Bury St. Edmunds (1); Bedford (1); Ivybridge (1)
Senior Healthcare Assistant,3,Healthcare / Clinical,KNOWN,admin_service:HARD_PASS; support_worker:HARD_PASS; hr_recruitment:REVIEW_CONTEXT_DEPENDENT,,support_worker,,Blyth (1); Downham Market (1); Basingstoke (1)
Senior Business Development Manager,3,Sales / Business Development,UNKNOWN,,,,,Not Specified (2); Manchester (1)
Senior Private Client Solicitor,3,Legal / Conveyancing,UNKNOWN,,,,,Liverpool (1); Warwick (1); Abergavenny (1)
Senior Marketing Executive,3,Marketing / Digital / Creative,UNKNOWN,,,,,Not Specified (2); Reading (1)
Legal Assistant - Conveyancing,3,Legal / Conveyancing,UNKNOWN,,,,,Swindon (1); Totnes (1); Wantage (1)
Pre-reg 2027,3,Other / Unclassified,UNKNOWN,,,,,Not Specified (3)
HGV Class 2 Drivers,3,Driving / Warehouse / Logistics,UNKNOWN,,,,,Swadlincote (1); Bridgend (1); Tamworth (1)
Corporate Tax Associate Director,3,Professional Finance / Accountancy,UNKNOWN,,,,,Aberdeen (1); Crawley (1); Not Specified (1)
Wealth Management Administrator,3,Admin / Customer Service,KNOWN,finance_accounts:OUT_OF_SCOPE; customer_service_contact_centre:REVIEW_CONTEXT_DEPENDENT; hr_recruitment:REVIEW_CONTEXT_DEPENDENT,,admin_service,,Wetherby (1); Bury St. Edmunds (1); Hinckley (1)
Payroll Clerk,3,Professional Finance / Accountancy,UNKNOWN,,,finance_accounts,,Bristol (1); Nottingham (1); Harrogate (1)
Marketing Content Executive,3,Marketing / Digital / Creative,UNKNOWN,,,,,Folkestone (2); Norwich (1)
Tipper Driver,3,Driving / Warehouse / Logistics,UNKNOWN,,,,,Stoke-on-trent (1); Leicester (1); Burton-on-trent (1)
Pensions Project Analyst,3,Other / Unclassified,UNKNOWN,,,,,Edinburgh (1); Glasgow (1); Not Specified (1)
Partnership Tax Assistant,3,Professional Finance / Accountancy,UNKNOWN,,,,,Not Specified (2); Liverpool (1)
Employee Benefits Administrator,3,Admin / Customer Service,KNOWN,admin_service:HIGH_CONFIDENCE,admin_service,admin_service,admin_service:HIGH_CONFIDENCE->HARD_PASS,Not Specified (2); Norwich (1)
Head of Conflicts,3,Other / Unclassified,UNKNOWN,,,,,Not Specified (3)
Social Media & Content Creator,3,Marketing / Digital / Creative,UNKNOWN,,,,,Wakefield (1); Manchester (1); Harlow (1)
Senior Tax Advisory Manager,3,Professional Finance / Accountancy,UNKNOWN,,,,,Manchester (1); Coventry (1); Blackburn (1)
SMART Repairer,3,Other / Unclassified,UNKNOWN,,,,,Maidstone (1); Nottingham (1); Huddersfield (1)
HGV 2,3,Driving / Warehouse / Logistics,UNKNOWN,,,,,Not Specified (2); Warrington (1)
Property Paralegal,3,Legal / Conveyancing,UNKNOWN,,,,,Not Specified (2); Reading (1)
Commercial Solicitor,3,Legal / Conveyancing,UNKNOWN,,,,,Leeds (1); Northampton (1); Not Specified (1)
Finance Trustee,3,Professional Finance / Accountancy,UNKNOWN,,,finance_accounts,,Not Specified (2); Melrose (1)
QA Engineer - DV Cleared,3,IT / Data / Software,UNKNOWN,,,,,Cheltenham (1); Ipswich (1); Not Specified (1)
Infrastructure Engineer - DV cleared,3,IT / Data / Software,UNKNOWN,,,,,Not Specified (2); Cheltenham (1)
Care Supervisor,3,Other / Unclassified,UNKNOWN,,,,,Not Specified (2); Barnet (1)
Nursing Care Manager,3,Healthcare / Clinical,UNKNOWN,,,,,Not Specified (2); Brighton (1)
Care Supervisor - Nights,3,Other / Unclassified,UNKNOWN,,,,,Not Specified (2); Barnet (1)
Legal Secretary - Private Client,3,Legal / Conveyancing,UNKNOWN,,,admin_service,,Not Specified (1); Felixstowe (1); Diss (1)
Senior Finance Officer,3,Professional Finance / Accountancy,UNKNOWN,,,admin_service; finance_accounts,,Slough (2); Tunbridge Wells (1)
Employment Lawyer,3,Legal / Conveyancing,UNKNOWN,,,,,Not Specified (2); Stockport (1)
Registered Psychologist,3,Other / Unclassified,UNKNOWN,,,,,City (2); Bristol (1)
Fire and Security Engineer,3,IT / Data / Software,UNKNOWN,,,,,Liverpool (1); Glasgow (1); Newcastle Upon Tyne (1)
Interim Finance Administrator,3,Professional Finance / Accountancy,UNKNOWN,,,admin_service; finance_accounts,,Filey (2); Kingston Upon Thames (1)
Paralegal - Conveyancing,3,Legal / Conveyancing,UNKNOWN,,,,,Sudbury (1); Brentwood (1); Ipswich (1)
Commercial Litigator - Solicitor/Legal Executive,3,Legal / Conveyancing,UNKNOWN,,,,,Stamford (1); Sleaford (1); Newark (1)
3+PQE Private Client Solicitor/Senior Associate,3,Legal / Conveyancing,UNKNOWN,,,,,Biggleswade (1); Peterborough (1); Ely (1)
Property Loss Adjuster (Domestic & Commercial),3,Other / Unclassified,UNKNOWN,,,,,Not Specified (2); Uxbridge (1)
Waking Night Support Worker,3,Care / Support Work,KNOWN,support_worker:ELASTIC_FIT,support_worker,support_worker,,Tunbridge Wells (1); Maidstone (1); Richmond (1)
Dozer Driver,3,Driving / Warehouse / Logistics,UNKNOWN,,,,,Not Specified (1); Kenilworth (1); Ludlow (1)
Treasury Manager,3,Professional Finance / Accountancy,UNKNOWN,,,,,Not Specified (2); Leeds (1)
Domestic Major Loss Adjuster,3,Other / Unclassified,UNKNOWN,,,,,Not Specified (3)
Audit & Accounts Senior / Semi Senior,3,Professional Finance / Accountancy,UNKNOWN,,,finance_accounts,,Kettering (1); Not Specified (1); Banbury (1)
Senior Liability Adjuster,3,Other / Unclassified,UNKNOWN,,,,,Not Specified (3)
Service Technician,3,Engineering / Technical,UNKNOWN,,,,,Fareham (1); Chichester (1); Bristol (1)
Part Time Finance Manager,3,Professional Finance / Accountancy,UNKNOWN,,,finance_accounts,,Pershore (1); Slough (1); Not Specified (1)
Client Engagement Administrator,3,Admin / Customer Service,UNKNOWN,,,admin_service,,Newcastle Upon Tyne (1); Glasgow (1); Northallerton (1)
Mental Health Service Manager,3,Other / Unclassified,UNKNOWN,,,,,Chichester (3)
HGV2 Recovery Driver - Days,3,Driving / Warehouse / Logistics,UNKNOWN,,,,,Braintree (1); Andover (1); Cambridge (1)
Employee Relations Advisor,3,HR / Recruitment,UNKNOWN,,,,,Not Specified (2); Chester (1)
Trainee Optical Retailer,3,Other / Unclassified,UNKNOWN,,,,,Bradford (1); Enfield (1); Dunblane (1)
M&A / Corporate Finance Manager,3,Professional Finance / Accountancy,UNKNOWN,,,finance_accounts,,Not Specified (2); Manchester (1)
Head of Product Development Audiology,3,Other / Unclassified,UNKNOWN,,,,,Nottingham (1); St. Andrews (1); Fareham (1)
Associate Delivery Manager,3,Other / Unclassified,UNKNOWN,,,,,Not Specified (2); Guildford (1)
Client Services Administrator,3,Admin / Customer Service,KNOWN,admin_service:HIGH_CONFIDENCE; customer_service_contact_centre:ELASTIC_FIT; hr_recruitment:REVIEW_CONTEXT_DEPENDENT,admin_service; customer_service_contact_centre,admin_service,,Godalming (1); Kendal (1); Horsham (1)
Technical Claims Handler,3,Other / Unclassified,UNKNOWN,,,,,Bristol (3)
Court of Protection Paralegal,3,Legal / Conveyancing,UNKNOWN,,,,,Tunbridge Wells (1); Not Specified (1); Manchester (1)
Trainee Optical Assistant,3,Other / Unclassified,KNOWN,admin_service:OUT_OF_SCOPE; hr_recruitment:REVIEW_CONTEXT_DEPENDENT,,,,Slough (1); Haverhill (1); Saffron Walden (1)
Audiologist/Hearing Aid Dispenser,3,Other / Unclassified,KNOWN,admin_service:OUT_OF_SCOPE,,,,Not Specified (1); Bolton (1); Saffron Walden (1)
Relationship Manager,3,Other / Unclassified,UNKNOWN,,,,,Reading (1); Not Specified (1); Leigh-on-sea (1)
"Employed Independent Financial Adviser (IFA), Client Portfolio",3,Financial Advice / Mortgages,UNKNOWN,,,,,Haywards Heath (1); Cranleigh (1); Horsham (1)
Private Client Tax Associate Director,3,Professional Finance / Accountancy,UNKNOWN,,,,,Not Specified (1); Crawley (1); Guildford (1)
P2P Process Lead,3,Other / Unclassified,UNKNOWN,,,,,Not Specified (2); Leeds (1)
Loss Adjusting Operations Manager,3,Operations / General Management,UNKNOWN,,,,,Not Specified (3)
New Homes Manager,3,Other / Unclassified,UNKNOWN,,,,,Not Specified (2); Bromley (1)
Phlebotomist,3,Other / Unclassified,UNKNOWN,,,,,Cheadle (1); Cheltenham (1); Not Specified (1)
Regional People Partner,3,HR / Recruitment,UNKNOWN,,,,,Runcorn (2); Stoke-on-trent (1)
Group Management Accountant,3,Professional Finance / Accountancy,UNKNOWN,,,,,Feltham (1); Solihull (1); Not Specified (1)
Trade Marketing Manager,3,Marketing / Digital / Creative,UNKNOWN,,,,,Wigan (1); Warrington (1); Liverpool (1)
Regulatory Solicitor,3,Legal / Conveyancing,UNKNOWN,,,,,Leeds (1); Manchester (1); Reading (1)
Senior Property Adjuster,3,Other / Unclassified,UNKNOWN,,,,,Not Specified (3)
Major Loss Director,3,Other / Unclassified,UNKNOWN,,,,,Not Specified (3)
Housing Officer,3,Construction / Trades / Property,KNOWN,admin_service:OUT_OF_SCOPE; hr_recruitment:REVIEW_CONTEXT_DEPENDENT,,admin_service,,Liverpool (1); Not Specified (1); Newton Abbot (1)
Trainee IT Helpdesk Technician / 1st Line Support,3,IT / Data / Software,UNKNOWN,,,,,Bath (1); Cardiff (1); Edinburgh (1)
Domiciliary Carer,3,Care / Support Work,UNKNOWN,,,,,Not Specified (2); Slough (1)
Childrens Residential Team Leader,3,Other / Unclassified,UNKNOWN,,,,,Penrith (1); Carlisle (1); Whitehaven (1)
Registered Manager- Childrens Residential,3,Other / Unclassified,UNKNOWN,,,,,Carlisle (1); Kirkby Stephen (1); Middlesbrough (1)
Autism Support Assistant,2,Other / Unclassified,KNOWN,support_worker:ELASTIC_FIT; hr_recruitment:REVIEW_CONTEXT_DEPENDENT,support_worker,,,Chippenham (1); Not Specified (1)
Telesales Executive,2,Sales / Business Development,UNKNOWN,,,,,Not Specified (1); Brighton (1)
Lead Systems Engineer,2,IT / Data / Software,UNKNOWN,,,,,Edinburgh (1); Portsmouth (1)
Night Nurse Manager,2,Healthcare / Clinical,UNKNOWN,,,,,Bishop Auckland (1); Coalville (1)
Support Worker Learning Disabilities,2,Care / Support Work,KNOWN,support_worker:HIGH_CONFIDENCE,support_worker,support_worker,,Truro (1); Crowthorne (1)
Registered Veterinary Nurse,2,Healthcare / Clinical,KNOWN,admin_service:HARD_PASS,,,,Milton Keynes (1); Weybridge (1)
HGV 2 Refuse Driver,2,Driving / Warehouse / Logistics,UNKNOWN,,,,,Wareham (1); Gloucester (1)
LGV 2 Driver,2,Driving / Warehouse / Logistics,UNKNOWN,,,,,Thetford (1); Stoke-on-trent (1)
Contractor Escort,2,Other / Unclassified,UNKNOWN,,,,,Wotton-under-edge (1); Ashbourne (1)
Teaching Assistant - Special Needs,2,Education / Teaching,UNKNOWN,,,,,Lincoln (1); Scunthorpe (1)
SAP Business One consultant,2,Other / Unclassified,UNKNOWN,,,,,Sale (1); Redditch (1)
Learning Support Assistant (LSA),2,Education / Teaching,UNKNOWN,,,,,Not Specified (1); Rochester (1)
FE/College Lecturers,2,Other / Unclassified,UNKNOWN,,,,,Newport (1); Usk (1)
Teaching Assistant (Supply),2,Education / Teaching,UNKNOWN,,,,,Blackburn (1); Barnsley (1)
Senior Developer,2,IT / Data / Software,UNKNOWN,,,,,Not Specified (1); Northampton (1)
Mental Health Assistant- Oxford,2,Other / Unclassified,UNKNOWN,,,,,Witney (2)
Learning Mentor,2,Other / Unclassified,UNKNOWN,,,,,Barnet (1); Hemel Hempstead (1)
Year 4 Primary Teacher,2,Education / Teaching,UNKNOWN,,,,,Swindon (1); Not Specified (1)
Technical Project Manager,2,Operations / General Management,UNKNOWN,,,,,Not Specified (2)
Nursery Practitioner - Level 3,2,Other / Unclassified,UNKNOWN,,,,,Wakefield (1); Pudsey (1)
Early Years Practitioner - Level 3,2,Other / Unclassified,UNKNOWN,,,,,Wakefield (1); Pudsey (1)
Caretaker,2,Other / Unclassified,UNKNOWN,,,,,Redbridge (1); Macclesfield (1)
SEN Provision Teaching Assistant,2,Education / Teaching,UNKNOWN,,,,,Harlow (1); Chelmsford (1)
2nd Line Engineer,2,Engineering / Technical,UNKNOWN,,,,,Northampton (1); Camberley (1)
Higher Level Teaching Assistant,2,Education / Teaching,UNKNOWN,,,,,Not Specified (1); High Wycombe (1)
Teaching Assistant/Learning Support Assistant,2,Education / Teaching,UNKNOWN,,,,,Cambridge (1); Royston (1)
Service Delivery Manager,2,Other / Unclassified,UNKNOWN,,,,,Not Specified (1); Leeds (1)
Employability Tutor / Trainer,2,Education / Teaching,UNKNOWN,,,,,Bedford (1); Luton (1)
KS1 Teacher,2,Education / Teaching,UNKNOWN,,,,,Not Specified (1); Barking (1)
Technical Consultant,2,Other / Unclassified,UNKNOWN,,,,,Not Specified (2)
Chemistry Teacher,2,Education / Teaching,UNKNOWN,,,,,Chesham (1); Not Specified (1)
HLTA,2,Other / Unclassified,UNKNOWN,,,,,Wirral (1); Enfield (1)
Senior Software Developer,2,IT / Data / Software,UNKNOWN,,,,,Not Specified (1); Cheltenham (1)
Health and Social Care Assessor (Trainee or Qualified),2,Other / Unclassified,UNKNOWN,,,,,Oxford (1); Luton (1)
Qualified Teachers,2,Other / Unclassified,UNKNOWN,,,,,Stockbridge (1); Gosport (1)
Sen Teachers,2,Education / Teaching,UNKNOWN,,,,,Not Specified (1); Stoke-on-trent (1)
PMLD Assistant- Abingdon,2,Other / Unclassified,UNKNOWN,,,,,Abingdon (2)
Design Technology Teacher,2,Education / Teaching,UNKNOWN,,,,,Berkhamsted (1); Not Specified (1)
SEMH Teaching Assistant- Wantage,2,Education / Teaching,UNKNOWN,,,,,Wantage (2)
ABA Assistant- Oxford,2,Other / Unclassified,UNKNOWN,,,,,Oxford (2)
PGCE Tutor,2,Education / Teaching,UNKNOWN,,,,,Bournemouth (1); Not Specified (1)
ASD Assistant- Oxford,2,Other / Unclassified,UNKNOWN,,,,,Oxford (2)
SecOps Engineer,2,Engineering / Technical,UNKNOWN,,,,,Not Specified (2)
Learning Support Practitioner,2,Education / Teaching,UNKNOWN,,,,,York (1); Hatfield (1)
School IT Support Technician,2,Education / Teaching,UNKNOWN,,,,,Orpington (1); Guildford (1)
Headteacher,2,Education / Teaching,UNKNOWN,,,,,Manchester (1); Scunthorpe (1)
HGV 1 Tramper,2,Driving / Warehouse / Logistics,UNKNOWN,,,,,Wisbech (1); Lutterworth (1)
Analytics Platform Engineer,2,Engineering / Technical,UNKNOWN,,,,,Not Specified (1); Cheltenham (1)
Bid Lead,2,Other / Unclassified,UNKNOWN,,,,,Newcastle Upon Tyne (1); City (1)
Internal Audit,2,Other / Unclassified,UNKNOWN,,,,,Slough (1); Glasgow (1)
Area Sales Manager Turf & Ground Care Products,2,Sales / Business Development,UNKNOWN,,,,,York (1); Hull (1)
ERP Implementation consultant,2,Other / Unclassified,UNKNOWN,,,,,Kingswinford (1); Sheffield (1)
Teacher of Science,2,Education / Teaching,UNKNOWN,,,,,Chesham (1); Not Specified (1)
Cover Supervisors Required,2,Other / Unclassified,UNKNOWN,,,,,Barnsley (1); Doncaster (1)
Fleet Specialist,2,Other / Unclassified,UNKNOWN,,,,,Mitcham (1); Glasgow (1)
HGV Driver Trainer,2,Driving / Warehouse / Logistics,UNKNOWN,,,,,Not Specified (1); Stonehouse (1)
Class 1 Container Driver,2,Driving / Warehouse / Logistics,UNKNOWN,,,,,Grays (1); Prescot (1)
Occupational Health Nurse Advisor,2,Healthcare / Clinical,KNOWN,admin_service:HARD_PASS,,,,Warrington (1); Sheffield (1)
Family Law Team Leader,2,Other / Unclassified,UNKNOWN,,,,,Tunbridge Wells (1); Cirencester (1)
Court of Protection Solicitor Flexible on PQE,2,Legal / Conveyancing,UNKNOWN,,,,,Swansea (1); Cardiff (1)
Year 6 Teacher,2,Education / Teaching,UNKNOWN,,,,,Borehamwood (1); Not Specified (1)
Class 1 Nights,2,Other / Unclassified,UNKNOWN,,,,,Not Specified (1); St. Neots (1)
Class 1 HGV LGV Driver - Night Trunking,2,Driving / Warehouse / Logistics,UNKNOWN,,,,,Runcorn (1); Newhaven (1)
Client Portfolio Manager,2,Other / Unclassified,UNKNOWN,,,,,Truro (1); Taunton (1)
Disability Assessor,2,Other / Unclassified,UNKNOWN,,,,,Barrow-in-furness (1); Scarborough (1)
Level 3 Nursery Practitioner - Reading,2,Other / Unclassified,UNKNOWN,,,,,Reading (2)
IT Consultant,2,Other / Unclassified,UNKNOWN,,,,,Glasgow (1); Brighton (1)
Aspiring Speech and Language Therapist - Teaching Assistant,2,Education / Teaching,UNKNOWN,,,,,Wandsworth (1); Not Specified (1)
Salesforce Administrator,2,Admin / Customer Service,KNOWN,admin_service:HIGH_CONFIDENCE,admin_service,admin_service,,Gloucester (1); Bristol (1)
PPT Driver Nights,2,Driving / Warehouse / Logistics,UNKNOWN,,,,,Spalding (1); Worksop (1)
Design & Technology Teacher,2,Education / Teaching,UNKNOWN,,,,,Warrington (1); Not Specified (1)
HGV Shunter Driver,2,Driving / Warehouse / Logistics,UNKNOWN,,,,,Leeds (1); Chesterfield (1)
HGV Class 2 Weekend Driver,2,Driving / Warehouse / Logistics,UNKNOWN,,,,,Crewe (1); Washington (1)
HGV Class 1 Night Shunter,2,Driving / Warehouse / Logistics,UNKNOWN,,,,,Not Specified (2)
Children's Registered Manager,2,Other / Unclassified,UNKNOWN,,,,,Shrewsbury (1); Not Specified (1)
Accounts Portfolio Manager,2,Professional Finance / Accountancy,UNKNOWN,,,finance_accounts,,Edinburgh (1); Stoke-on-trent (1)
Sales Ledger Controller,2,Professional Finance / Accountancy,UNKNOWN,,,finance_accounts,,Bristol (1); Ashby-de-la-zouch (1)
Sales and Partnerships Coordinator,2,Sales / Business Development,UNKNOWN,,,admin_service,,Bristol (2)
Team Manager,2,Other / Unclassified,UNKNOWN,,,,,Not Specified (2)
HGV Class 2 Driver - Water and Drainage,2,Driving / Warehouse / Logistics,UNKNOWN,,,,,Sleaford (1); Lutterworth (1)
HGV Class 1 Driver (Nights),2,Driving / Warehouse / Logistics,UNKNOWN,,,,,Bristol (1); Northampton (1)
Health & Social Care Assessor,2,Other / Unclassified,KNOWN,admin_service:OUT_OF_SCOPE,,,,Portsmouth (1); Cambridge (1)
Apprentice Educator,2,Other / Unclassified,UNKNOWN,,,,,Macclesfield (2)
Nurse (Older Adults),2,Healthcare / Clinical,UNKNOWN,,,,,Sarisbury Green (1); Gosport (1)
Class 1 HGV LGV Driver - Nights,2,Driving / Warehouse / Logistics,UNKNOWN,,,,,Derby (1); Mansfield (1)
Consultant Psychologist - Inpatient CAMHS and EDU,2,Other / Unclassified,UNKNOWN,,,,,Cheadle (1); Heald Green (1)
Product Security Engineer,2,IT / Data / Software,UNKNOWN,,,,,Gloucester (1); Bristol (1)
Freight Business Development Manager,2,Sales / Business Development,UNKNOWN,,,,,Selby (1); Liverpool (1)
Supported Housing Support Worker,2,Care / Support Work,UNKNOWN,,,support_worker,,Crawley (1); Horsham (1)
Business Development Consultant,2,Sales / Business Development,UNKNOWN,,,,,Luton (1); Loughton (1)
Qualified Children's Social Worker,2,Care / Support Work,UNKNOWN,,,,,Not Specified (1); Southend-on-sea (1)
HGV Class 1 Driver Temp to Perm,2,Driving / Warehouse / Logistics,UNKNOWN,,,,,Caldicot (1); Scunthorpe (1)
Corporate Partnerships Fundraiser,2,Other / Unclassified,UNKNOWN,,,,,Andover (1); Not Specified (1)
Class 1 Shunter,2,Other / Unclassified,UNKNOWN,,,,,Willenhall (1); Leeds (1)
FLT Reach Driver,2,Driving / Warehouse / Logistics,UNKNOWN,,,,,Daventry (1); Wrexham (1)
HGV Class 1 (C+E) Driver Tramping,2,Driving / Warehouse / Logistics,UNKNOWN,,,,,Spalding (1); Immingham (1)
Customer Account Manager,2,Sales / Business Development,UNKNOWN,,,,,Harrogate (1); Hertford (1)
Parts Sales Executive,2,Sales / Business Development,UNKNOWN,,,,,Exeter (1); Guildford (1)
Sales and Repairs Executive,2,Sales / Business Development,UNKNOWN,,,,,Totnes (1); Kingsbridge (1)
CYPMHS Consultant Psychiatrist,2,Other / Unclassified,UNKNOWN,,,,,Hatfield (1); Horley (1)
Nurse Unit Manager - Nights,2,Healthcare / Clinical,UNKNOWN,,,,,Burnley (1); Not Specified (1)
Registered Nurse RGN - Bank,2,Healthcare / Clinical,UNKNOWN,,,,,Inverness (1); Brackley (1)
Supply Chain Coordinator,2,Procurement / Buying / Supply Chain,UNKNOWN,,,admin_service,,Chesterfield (1); City (1)
Nursery Room Manager,2,Other / Unclassified,UNKNOWN,,,,,Hook Norton (2)
Class 1 Day Shift Driver,2,Driving / Warehouse / Logistics,UNKNOWN,,,,,Middlesbrough (1); Wellingborough (1)
Class 1 Driver Early Afternoon / Night,2,Driving / Warehouse / Logistics,UNKNOWN,,,,,Leicester (1); Wellingborough (1)
Class 2 RORO Driver,2,Driving / Warehouse / Logistics,UNKNOWN,,,,,Sheffield (1); Belvedere (1)
Recruitment Resourcer,2,HR / Recruitment,KNOWN,hr_recruitment:HIGH_CONFIDENCE,hr_recruitment,hr_recruitment,,Newport (1); Not Specified (1)
HGV Driver Afternoons,2,Driving / Warehouse / Logistics,UNKNOWN,,,,,Leeds (1); Warrington (1)
Fundraising & Income Generation Manager,2,Other / Unclassified,UNKNOWN,,,,,Nottingham (2)
Head of Legal,2,Legal / Conveyancing,UNKNOWN,,,,,Oxford (1); Not Specified (1)
Ledger Clerk,2,Other / Unclassified,UNKNOWN,,,finance_accounts,,Ripon (1); Marlborough (1)
Head of FP&A,2,Other / Unclassified,UNKNOWN,,,,,Liverpool (1); Not Specified (1)
Driver Category C + Hiab,2,Driving / Warehouse / Logistics,UNKNOWN,,,,,Sheffield (1); Middlesbrough (1)
Social Worker (Mental Health),2,Care / Support Work,UNKNOWN,,,,,Hurst (1); Southampton (1)
Care Team Leader,2,Other / Unclassified,KNOWN,admin_service:OUT_OF_SCOPE,,,,Bristol (1); Grimsby (1)
Class 2 Multidrop Driver,2,Driving / Warehouse / Logistics,UNKNOWN,,,,,Bradford (1); Not Specified (1)
HGV Mixer Driver,2,Driving / Warehouse / Logistics,UNKNOWN,,,,,Leicester (1); Not Specified (1)
Service Coordinator,2,Admin / Customer Service,KNOWN,customer_service_contact_centre:ELASTIC_FIT,customer_service_contact_centre,admin_service,,Congleton (1); Not Specified (1)
Learning Disability Nurse,2,Healthcare / Clinical,UNKNOWN,,,,,Sheffield (1); Reading (1)
Matron,2,Other / Unclassified,UNKNOWN,,,,,Crowthorne (1); Oxford (1)
Business Development Manager - Recruitment,2,Sales / Business Development,UNKNOWN,,,hr_recruitment,,Corby (1); Peterborough (1)
HGV Drivers- AD-HOC,2,Driving / Warehouse / Logistics,UNKNOWN,,,,,Guildford (1); Arundel (1)
HGV Class 2 Night Driver,2,Driving / Warehouse / Logistics,UNKNOWN,,,,,Sheffield (1); Worcester (1)
Driver - Class 2 (6 Month Contract),2,Driving / Warehouse / Logistics,UNKNOWN,,,,,Aylesford (2)
Class 1 ADR Driver,2,Driving / Warehouse / Logistics,UNKNOWN,,,,,Perth (1); Neath (1)
Deputy General Manager - Clinical,2,Healthcare / Clinical,UNKNOWN,,,,,Stockton-on-tees (1); Tewkesbury (1)
Kitchen and Bathroom Sales Design Consultant,2,Sales / Business Development,UNKNOWN,,,,,Carlisle (1); Barnsley (1)
Assistant Branch Manager,2,Operations / General Management,UNKNOWN,,,,,Aberystwyth (1); Aldershot (1)
Financial Planning Director,2,Other / Unclassified,UNKNOWN,,,,,Chichester (1); Bournemouth (1)
After Sales Manager,2,Sales / Business Development,UNKNOWN,,,,,Guildford (1); Epsom (1)
Children's social worker,2,Care / Support Work,UNKNOWN,,,,,Not Specified (2)
Interim Credit Controller,2,Other / Unclassified,UNKNOWN,,,finance_accounts,,Not Specified (1); Catterick Garrison (1)
"Senior Associate, Restructuring & Insolvency",2,Other / Unclassified,UNKNOWN,,,,,Not Specified (1); Leeds (1)
Associate R&D Tax Consultant,2,Professional Finance / Accountancy,UNKNOWN,,,,,Not Specified (1); Liverpool (1)
Registered Nurse RGN/RMN - Care Home,2,Healthcare / Clinical,UNKNOWN,,,,,Lochmaben (1); Greenock (1)
Registered Nurse RGN/RMN/RNLD - Bank - Complex,2,Healthcare / Clinical,UNKNOWN,,,,,Worksop (1); Hull (1)
Registered Nurse RMN/RNLD - Bank - Hospital/Comp,2,Healthcare / Clinical,UNKNOWN,,,,,Stockport (1); Hull (1)
Regional Registered Nurse RGN,2,Healthcare / Clinical,UNKNOWN,,,,,Grantham (1); Wisbech (1)
Agricultural Senior Manager,2,Other / Unclassified,UNKNOWN,,,,,Exeter (1); Barnstaple (1)
Procurement Manager,2,Procurement / Buying / Supply Chain,UNKNOWN,,,,,Not Specified (1); King's Lynn (1)
Senior Client Manager,2,Other / Unclassified,UNKNOWN,,,,,Newton Abbot (1); Truro (1)
Interim FP&A Analyst,2,Other / Unclassified,UNKNOWN,,,,,Not Specified (1); Eastleigh (1)
Talent Acquisition Coordinator,2,HR / Recruitment,UNKNOWN,,,admin_service; hr_recruitment,,Peterborough (2)
Senior Payroll Assistant,2,Professional Finance / Accountancy,UNKNOWN,,,finance_accounts,,Warrington (1); Portland (1)
Insurance Divisional Manager - Head of Street Cover,2,Other / Unclassified,UNKNOWN,,,,,Liverpool (2)
Actuarial Analyst,2,Other / Unclassified,UNKNOWN,,,,,Bristol (1); Not Specified (1)
Organisational Development Manager,2,Other / Unclassified,UNKNOWN,,,,,Not Specified (1); Bristol (1)
Senior Accountant / Client Manager,2,Professional Finance / Accountancy,UNKNOWN,,,,,Dudley (1); Harrogate (1)
Accounts and Audit Semi-Senior,2,Professional Finance / Accountancy,UNKNOWN,,,finance_accounts,,Coventry (1); Not Specified (1)
Financial Planner (IFA),2,Financial Advice / Mortgages,UNKNOWN,,,,,Lymm (1); Leeds (1)
Quality Assurance Officer,2,Other / Unclassified,UNKNOWN,,,admin_service,,Cardiff (1); Romford (1)
Sales Support Administrator,2,Sales / Business Development,KNOWN,admin_service:HIGH_CONFIDENCE,admin_service,admin_service,,Not Specified (1); Reading (1)
Client Services Manager,2,Other / Unclassified,UNKNOWN,,,,,Not Specified (1); Bristol (1)
Client Support Administrator,2,Admin / Customer Service,KNOWN,customer_service_contact_centre:REVIEW_CONTEXT_DEPENDENT; hr_recruitment:REVIEW_CONTEXT_DEPENDENT,,admin_service,,Cambridge (1); Not Specified (1)
Capital Accountant,2,Professional Finance / Accountancy,UNKNOWN,,,,,Not Specified (1); Lewes (1)
Commercial Solicitor - In-house,2,Legal / Conveyancing,UNKNOWN,,,,,Manchester (1); Not Specified (1)
Trainee Financial Advisor,2,Financial Advice / Mortgages,UNKNOWN,,,,,Beaconsfield (1); Godalming (1)
HR Systems Project Manager,2,HR / Recruitment,UNKNOWN,,,hr_recruitment,,Not Specified (1); Manchester (1)
Syndicate Accountant,2,Professional Finance / Accountancy,UNKNOWN,,,,,Not Specified (2)
Interim CFO,2,Other / Unclassified,UNKNOWN,,,,,Not Specified (2)
Junior Finance Assistant,2,Professional Finance / Accountancy,UNKNOWN,,,finance_accounts,,Not Specified (2)
Audi Vehicle Technician,2,Engineering / Technical,KNOWN,admin_service:HARD_PASS,,,,Nottingham (1); Llandudno (1)
Transfer Pricing Manager,2,Other / Unclassified,UNKNOWN,,,,,Not Specified (2)
Residential Conveyancer/Conveyancing Solicitor,2,Legal / Conveyancing,UNKNOWN,,,,,Wirral (1); Warrington (1)
Interim Accountant,2,Professional Finance / Accountancy,UNKNOWN,,,,,Middlesbrough (1); Castleford (1)
Principle Solicitor - Planning,2,Legal / Conveyancing,UNKNOWN,,,,,Cambridge (1); Wellingborough (1)
Housing Disrepair Solicitor,2,Legal / Conveyancing,UNKNOWN,,,,,Manchester (2)
Marketing Coordinator,2,Marketing / Digital / Creative,UNKNOWN,,,admin_service,,Not Specified (1); Chesterfield (1)
Senior Commercial Finance Analyst,2,Professional Finance / Accountancy,UNKNOWN,,,finance_accounts,,Leicester (1); Southampton (1)
Finance Manager - Systems,2,Professional Finance / Accountancy,UNKNOWN,,,finance_accounts,,Not Specified (1); Crawley (1)
Crime Solicitor,2,Legal / Conveyancing,UNKNOWN,,,,,Not Specified (2)
Immigration Solicitor,2,Legal / Conveyancing,UNKNOWN,,,,,Not Specified (1); Harrow (1)
Supply Chain Analyst,2,Procurement / Buying / Supply Chain,UNKNOWN,,,,,Stockport (1); Halesowen (1)
Enfranchisement Solicitor,2,Legal / Conveyancing,UNKNOWN,,,,,Nottingham (1); Not Specified (1)
Accounts and Tax Senior,2,Professional Finance / Accountancy,UNKNOWN,,,finance_accounts,,Stanmore (1); Sevenoaks (1)
Marketing Assistant,2,Marketing / Digital / Creative,UNKNOWN,,,,,Mansfield (1); Not Specified (1)
Children's Panel Solicitor,2,Legal / Conveyancing,UNKNOWN,,,,,Liverpool (1); Leicester (1)
Interim Systems Accountant,2,Professional Finance / Accountancy,UNKNOWN,,,,,Not Specified (1); Coventry (1)
Contentious Probate Solicitor,2,Legal / Conveyancing,UNKNOWN,,,,,Milton Keynes (1); Reading (1)
Account Executive - Construction Insurance,2,Construction / Trades / Property,UNKNOWN,,,,,Not Specified (2)
Billing Administrator,2,Admin / Customer Service,KNOWN,finance_accounts:HIGH_CONFIDENCE; customer_service_contact_centre:REVIEW_CONTEXT_DEPENDENT; hr_recruitment:REVIEW_CONTEXT_DEPENDENT,finance_accounts,admin_service; finance_accounts,,Reading (1); Manchester (1)
Cost Accountant,2,Professional Finance / Accountancy,UNKNOWN,,,,,Fleetwood (1); Washington (1)
Distribution Coordinator,2,Driving / Warehouse / Logistics,UNKNOWN,,,admin_service,,Spennymoor (1); Leeds (1)
Secondary SEN Teacher,2,Education / Teaching,UNKNOWN,,,,,Not Specified (1); Combe St. Nicholas (1)
School Caretaker,2,Education / Teaching,UNKNOWN,,,,,Manchester (1); Not Specified (1)
Finance Graduate,2,Professional Finance / Accountancy,UNKNOWN,,,finance_accounts,,Aylesbury (1); Alfreton (1)
Client Executive,2,Other / Unclassified,UNKNOWN,,,,,Manchester (2)
Site Services Manager,2,Other / Unclassified,UNKNOWN,,,,,Lifton (1); Crawley (1)
Core Subjects Tutor,2,Education / Teaching,UNKNOWN,,,,,Cheltenham (1); Dudley (1)
Economics Teacher,2,Education / Teaching,UNKNOWN,,,,,Not Specified (1); Lincoln (1)
Outreach SEND Tutor,2,Education / Teaching,UNKNOWN,,,,,Dudley (1); Not Specified (1)
Outreach SEN Tutor,2,Education / Teaching,UNKNOWN,,,,,Dudley (1); Not Specified (1)
PMLD Teaching Assistant,2,Education / Teaching,UNKNOWN,,,,,Not Specified (1); Bristol (1)
Employment Tax Manager,2,Professional Finance / Accountancy,UNKNOWN,,,,,Bristol (1); Reading (1)
Payroll Associate,2,Professional Finance / Accountancy,UNKNOWN,,,finance_accounts,,Manchester (1); Not Specified (1)
Real Estate Knowledge Lawyer,2,Legal / Conveyancing,UNKNOWN,,,,,Not Specified (1); Newbury (1)
Credit Analyst,2,Other / Unclassified,UNKNOWN,,,,,Manchester (1); Bury (1)
Temporary Management Accountant,2,Professional Finance / Accountancy,UNKNOWN,,,,,Bungay (1); Havant (1)
Senior VAT Manager,2,Other / Unclassified,UNKNOWN,,,,,Not Specified (1); Bristol (1)
Applications Engineer (5 Axis CNC Machines),2,Engineering / Technical,UNKNOWN,,,,,Leeds (1); Not Specified (1)
Internal Audit Manager,2,Professional Finance / Accountancy,UNKNOWN,,,,,Not Specified (2)
Accountancy Client Manager,2,Professional Finance / Accountancy,UNKNOWN,,,,,Wilmslow (1); East Grinstead (1)
Head of Legal Services,2,Legal / Conveyancing,UNKNOWN,,,,,Barnsley (1); Bradford (1)
Finance Systems Analyst,2,Professional Finance / Accountancy,UNKNOWN,,,finance_accounts,,Glasgow (1); Edinburgh (1)
Associate Director - Finance Shared Services,2,Professional Finance / Accountancy,UNKNOWN,,,finance_accounts,,Preston (1); Not Specified (1)
Individual Giving Manager,2,Other / Unclassified,UNKNOWN,,,,,Leatherhead (1); Not Specified (1)
QUALIFIED TEACHER,2,Education / Teaching,UNKNOWN,,,,,Leicester (1); Not Specified (1)
Health and Safety Study Advisor (IOSH Member / NEBOSH Level 6),2,Other / Unclassified,UNKNOWN,,,,,Edinburgh (1); Newcastle Upon Tyne (1)
Speech and Language Therapy Band 6,2,Other / Unclassified,UNKNOWN,,,,,Slough (1); Harrow (1)
Head of Group Reporting,2,Other / Unclassified,UNKNOWN,,,,,Not Specified (2)
Paraplanning Team Leader,2,Other / Unclassified,UNKNOWN,,,,,Bristol (2)
Interim Finance Analyst,2,Professional Finance / Accountancy,UNKNOWN,,,finance_accounts,,Harrow (1); Leicester (1)
Class 2 Service Driver,2,Driving / Warehouse / Logistics,UNKNOWN,,,,,Exeter (1); Huntingdon (1)
HGV Class 1 Driver - Days,2,Driving / Warehouse / Logistics,UNKNOWN,,,,,Coleford (1); Kettering (1)
Daily Supply Teaching Assistant,2,Education / Teaching,UNKNOWN,,,,,Barking (1); Not Specified (1)
Behaviour Support - Alternative Provision,2,Other / Unclassified,UNKNOWN,,,,,Manchester (1); Leeds (1)
Early Years Practitioner - Level 2 or Level 3,2,Other / Unclassified,UNKNOWN,,,,,Lowestoft (1); Norwich (1)
Washrooms Service Driver,2,Driving / Warehouse / Logistics,UNKNOWN,,,,,Leeds (1); Newark (1)
Alternative Provision Teaching Assistant,2,Education / Teaching,UNKNOWN,,,,,Milton Keynes (1); Leicester (1)
Nursery Teaching Assistant,2,Education / Teaching,UNKNOWN,,,,,Guildford (1); Glossop (1)
Mental Health Teaching Assistant,2,Education / Teaching,UNKNOWN,,,,,Milton Keynes (1); Trowbridge (1)
Year 2 Teacher,2,Education / Teaching,UNKNOWN,,,,,Lancaster (1); Harrogate (1)
Business Manager,2,Other / Unclassified,KNOWN,admin_service:OUT_OF_SCOPE,,,,Bradford (1); Not Specified (1)
Senior Practice Accountant,2,Professional Finance / Accountancy,UNKNOWN,,,,,Rugby (1); Rochester (1)
Childcare Solicitor,2,Legal / Conveyancing,UNKNOWN,,,,,Doncaster (1); Alfreton (1)
Investment Assistant,2,Other / Unclassified,UNKNOWN,,,,,Norwich (1); Worcester (1)
Corporate Commercial Solicitor,2,Legal / Conveyancing,UNKNOWN,,,,,St. Albans (1); Huntingdon (1)
Private Client Fee Earner / Solicitor,2,Legal / Conveyancing,UNKNOWN,,,,,Ilkley (1); Harrogate (1)
Corporate Benefits Administrator,2,Admin / Customer Service,UNKNOWN,,,admin_service,,Bristol (1); Stevenage (1)
Audit Senior Associate,2,Professional Finance / Accountancy,UNKNOWN,,,,,Reading (2)
Purchase Ledger Controller,2,Professional Finance / Accountancy,UNKNOWN,,,finance_accounts,,Rotherham (1); Peterborough (1)
Business Services Accountant,2,Professional Finance / Accountancy,UNKNOWN,,,,,Huddersfield (2)
Criminal Duty Solicitor,2,Legal / Conveyancing,UNKNOWN,,,,,Norwich (1); Bognor Regis (1)
Human Resources Manager,2,HR / Recruitment,UNKNOWN,,,hr_recruitment,,Thirsk (1); Droitwich (1)
Recruitment Manager,2,HR / Recruitment,UNKNOWN,,,hr_recruitment,,Not Specified (2)
Mercedes-Benz Sales Consultant,2,Sales / Business Development,UNKNOWN,,,,,Barnet (1); Newcastle Upon Tyne (1)
Corporate Finance Director,2,Professional Finance / Accountancy,UNKNOWN,,,finance_accounts,,Not Specified (1); Manchester (1)
Head of Commercial Property,2,Other / Unclassified,UNKNOWN,,,,,Not Specified (2)
Optical Lab Technician,2,Engineering / Technical,UNKNOWN,,,,,Bury (1); Glasgow (1)
Self Employed Financial Planner / AR,2,Financial Advice / Mortgages,UNKNOWN,,,,,Not Specified (2)
People and Culture Advisor,2,Other / Unclassified,UNKNOWN,,,,,Not Specified (1); Ealing (1)
Clinical Vascular Scientist/Sonographer,2,Healthcare / Clinical,KNOWN,admin_service:OUT_OF_SCOPE,,,,Not Specified (2)
Insurance Sales Executive,2,Sales / Business Development,UNKNOWN,,,,,Dartford (2)
Assistant Employee Relations Officer,2,HR / Recruitment,UNKNOWN,,,admin_service,,Exeter (2)
Lecturer in Motor Vehicle,2,Education / Teaching,UNKNOWN,,,,,Rotherham (1); Shoreham-by-sea (1)
Maths ECT,2,Other / Unclassified,UNKNOWN,,,,,Godalming (1); Epsom (1)
Primary - LSA,2,Other / Unclassified,UNKNOWN,,,,,Lewes (1); Worthing (1)
KS1 Teaching Assistant,2,Education / Teaching,UNKNOWN,,,,,Ealing (1); Crook (1)
Motor Vehicle Lecturer,2,Education / Teaching,UNKNOWN,,,,,Worthing (1); Not Specified (1)
Service Designer,2,Marketing / Digital / Creative,UNKNOWN,,,,,Not Specified (2)
Stores Operative,2,Other / Unclassified,UNKNOWN,,,,,Andover (1); Stoke-on-trent (1)
Flexi Forklift Driver,2,Driving / Warehouse / Logistics,UNKNOWN,,,warehouse_logistics,,Lincoln (1); Enfield (1)
Nursery Practioner,2,Other / Unclassified,UNKNOWN,,,,,Not Specified (1); Tunbridge Wells (1)
Van Driver / Warehouse Person,2,Driving / Warehouse / Logistics,UNKNOWN,,,warehouse_logistics,,Bristol (1); Not Specified (1)
Van Driver Nights,2,Driving / Warehouse / Logistics,UNKNOWN,,,,,Bristol (1); Not Specified (1)
Psychologist,2,Other / Unclassified,UNKNOWN,,,,,Cottam (1); Preston (1)
Master Technician,2,Engineering / Technical,UNKNOWN,,,,,Feltham (1); Not Specified (1)
Outsourcing Assistant Manager,2,Other / Unclassified,UNKNOWN,,,,,Liverpool (1); Not Specified (1)
Corporate Tax Advisor,2,Professional Finance / Accountancy,UNKNOWN,,,,,Liverpool (1); Lewes (1)
PDI Vehicle Technician,2,Engineering / Technical,UNKNOWN,,,,,Cannock (2)
Insurance Technician,2,Engineering / Technical,UNKNOWN,,,,,Cheltenham (2)
Senior FP&A Analyst,2,Other / Unclassified,UNKNOWN,,,,,Not Specified (1); Oxford (1)
Property Inspections Clerk,2,Other / Unclassified,UNKNOWN,,,,,Upminster (2)
Property Inspections Team Coordinator,2,Admin / Customer Service,UNKNOWN,,,admin_service,,Chelmsford (2)
Senior Lettings Consultant,2,Construction / Trades / Property,UNKNOWN,,,,,Upminster (2)
Listings Manager,2,Other / Unclassified,UNKNOWN,,,,,Chelmsford (2)
Property Manager / Senior Property Manager,2,Construction / Trades / Property,UNKNOWN,,,,,Southsea (1); New Malden (1)
Property Valuer,2,Other / Unclassified,UNKNOWN,,,,,Stamford (1); Stirling (1)
Regional Sales Manager,2,Sales / Business Development,UNKNOWN,,,,,Attleborough (1); Dunfermline (1)
Property Consultant,2,Other / Unclassified,UNKNOWN,,,,,Blackpool (1); Chelmsford (1)
Assistant Sales Manager,2,Sales / Business Development,UNKNOWN,,,,,Ruislip (1); Southwold (1)
Head of Property Management,2,Other / Unclassified,UNKNOWN,,,,,Wandsworth (1); Swansea (1)
Junior Sales Negotiator,2,Sales / Business Development,UNKNOWN,,,,,Tunbridge Wells (1); Coleford (1)
Associate,2,Other / Unclassified,UNKNOWN,,,,,Oxford (1); Glasgow (1)
Senior Estate Agent,2,Construction / Trades / Property,UNKNOWN,,,,,Buckingham (1); Leeds (1)
New Homes Sales Advisor,2,Sales / Business Development,UNKNOWN,,,,,Dover (1); Stevenage (1)
Tenancy Progressor,2,Other / Unclassified,UNKNOWN,,,,,Wandsworth (1); Reading (1)
Client Relationship Manager,2,Other / Unclassified,UNKNOWN,,,,,Edinburgh (1); Peterborough (1)
Client Account Manager,2,Sales / Business Development,UNKNOWN,,,,,Ascot (1); City (1)
Estate agent sales negotiator,2,Construction / Trades / Property,UNKNOWN,,,,,Hayes (1); Coventry (1)
Estate Agent - Sales Progressor,2,Construction / Trades / Property,UNKNOWN,,,,,Ilford (1); Amersham (1)
Senior Bid Manager,2,Other / Unclassified,UNKNOWN,,,,,Glasgow (1); Beaconsfield (1)
Block Property Manager,2,Construction / Trades / Property,UNKNOWN,,,,,Not Specified (1); Bromley (1)
Lab Technician,2,Engineering / Technical,KNOWN,admin_service:HARD_PASS,,,,Harlow (1); Heighington Village (1)
Senior Purchase Ledger,2,Professional Finance / Accountancy,UNKNOWN,,,finance_accounts,,Burnley (1); Great Yarmouth (1)
Technical Paraplanner,2,Financial Advice / Mortgages,UNKNOWN,,,,,Not Specified (1); Leeds (1)
Customer Contact Collections Operative,2,Other / Unclassified,UNKNOWN,,,,,Romford (1); Nottingham (1)
Skilled Aircraft Fitter,2,Engineering / Technical,UNKNOWN,,,,,Chester (1); Not Specified (1)
Insurance Account Executive,2,Sales / Business Development,UNKNOWN,,,,,Tadcaster (1); Southampton (1)
Real Estate Solicitor,2,Legal / Conveyancing,UNKNOWN,,,,,Dorking (1); Liverpool (1)
Group Treasury Manager,2,Professional Finance / Accountancy,UNKNOWN,,,,,Not Specified (2)
Employee Relations Partner,2,HR / Recruitment,UNKNOWN,,,,,Liverpool (1); Not Specified (1)
Duty Solicitor,2,Legal / Conveyancing,UNKNOWN,,,,,Telford (1); Not Specified (1)
Accounts Assistant - London,2,Professional Finance / Accountancy,UNKNOWN,,,finance_accounts,,Not Specified (2)
Head of Tax,2,Other / Unclassified,UNKNOWN,,,,,Ealing (1); Not Specified (1)
Business Support Officer,2,Admin / Customer Service,KNOWN,admin_service:HIGH_CONFIDENCE; hr_recruitment:REVIEW_CONTEXT_DEPENDENT,admin_service,admin_service,,Not Specified (2)
Bankruptcy Administrator,2,Admin / Customer Service,KNOWN,admin_service:HIGH_CONFIDENCE; finance_accounts:OUT_OF_SCOPE; customer_service_contact_centre:REVIEW_CONTEXT_DEPENDENT; hr_recruitment:REVIEW_CONTEXT_DEPENDENT,admin_service,admin_service,,Altrincham (1); Manchester (1)
Part-time Accountant,2,Professional Finance / Accountancy,UNKNOWN,,,,,Southampton (1); Calne (1)
HR Advisor P/T,2,HR / Recruitment,UNKNOWN,,,hr_recruitment,,Derby (1); Runcorn (1)
Treasury Assistant,2,Professional Finance / Accountancy,UNKNOWN,,,,,Canterbury (1); Redditch (1)
"Accountant - diverse clients, supportive firm, progressive role",2,Professional Finance / Accountancy,UNKNOWN,,,,,Colchester (1); Halstead (1)
Content Creator,2,Marketing / Digital / Creative,UNKNOWN,,,,,Abingdon (1); Leicester (1)
Talent Acquisition Manager,2,HR / Recruitment,UNKNOWN,,,hr_recruitment,,Not Specified (2)
Head of Transactions Tax - Director,2,Other / Unclassified,UNKNOWN,,,,,Not Specified (2)
Trainee Financial Planner,2,Financial Advice / Mortgages,UNKNOWN,,,,,Not Specified (1); Leatherhead (1)
Wealth Planner,2,Other / Unclassified,UNKNOWN,,,,,Not Specified (2)
Systems Engineer - MBSE,2,IT / Data / Software,UNKNOWN,,,,,Stevenage (2)
Residential Conveyancing Fee Earner,2,Legal / Conveyancing,UNKNOWN,,,,,Not Specified (1); Belvedere (1)
Employment Partner,2,Other / Unclassified,UNKNOWN,,,,,Reading (1); Not Specified (1)
Senior Finance Regulatory Manager,2,Professional Finance / Accountancy,UNKNOWN,,,finance_accounts,,Liverpool (2)
Pharmacist/Pharmacist Manager,2,Other / Unclassified,UNKNOWN,,,,,Cambridge (1); Wedmore (1)
Semi-Senior Accountant,2,Professional Finance / Accountancy,UNKNOWN,,,,,Not Specified (1); Wilmslow (1)
Night Assistant,2,Other / Unclassified,UNKNOWN,,,,,Cambridge (1); Wirral (1)
Operational Management Information Developer,2,IT / Data / Software,UNKNOWN,,,,,Plymouth (1); Swansea (1)
Depot Manager,2,Other / Unclassified,UNKNOWN,,,,,Worcester (1); Not Specified (1)
Band 7 Speech & Language Therapist,2,Healthcare / Clinical,UNKNOWN,,,,,Uxbridge (1); Barnet (1)
Trainee Water Hygiene Technician,2,Engineering / Technical,UNKNOWN,,,,,Coventry (1); Oxford (1)
HGV Class 1 Tramper Driver,2,Driving / Warehouse / Logistics,UNKNOWN,,,,,Hemel Hempstead (1); Burton-on-trent (1)
Class 1 Experienced Tramper Driver,2,Driving / Warehouse / Logistics,UNKNOWN,,,,,Dartford (1); Purfleet (1)
Interim Finance Officer,2,Professional Finance / Accountancy,UNKNOWN,,,admin_service; finance_accounts,,Not Specified (1); Bradford (1)
Paraplanning Team Lead,2,Other / Unclassified,UNKNOWN,,,,,Bristol (1); Cardiff (1)
Senior Accounts Manager,2,Professional Finance / Accountancy,UNKNOWN,,,finance_accounts,,Not Specified (2)
Senior HR Officer,2,HR / Recruitment,UNKNOWN,,,admin_service; hr_recruitment,,Worcester (2)
Specialist Property Finance Broker,2,Professional Finance / Accountancy,UNKNOWN,,,finance_accounts,,Bristol (1); Not Specified (1)
Applications Engineer,2,Engineering / Technical,UNKNOWN,,,,,Kettering (1); Tewkesbury (1)
Vehicle Technician/Mechanic,2,Engineering / Technical,UNKNOWN,,,,,Warrington (1); Swindon (1)
Paraplanner Manager,2,Financial Advice / Mortgages,UNKNOWN,,,,,Cardiff (1); Chipping Norton (1)
Senior Event Project Manager,2,Operations / General Management,UNKNOWN,,,,,Borehamwood (1); Not Specified (1)
"Part-Time Group Tax Manager, East Sussex",2,Professional Finance / Accountancy,UNKNOWN,,,,,Not Specified (2)
Primary School Teaching Assistant,2,Education / Teaching,UNKNOWN,,,,,Not Specified (1); Coventry (1)
Higher Education Business Lecturer,2,Education / Teaching,UNKNOWN,,,,,Bath (1); Not Specified (1)
Warehouse Team Leader,2,Driving / Warehouse / Logistics,UNKNOWN,,,warehouse_logistics,,Templecombe (1); Blackburn (1)
"Group Tax Manager, East Sussex",2,Professional Finance / Accountancy,UNKNOWN,,,,,Not Specified (2)
WIlls and Probate Locum,2,Legal / Conveyancing,UNKNOWN,,,,,Doncaster (1); York (1)
Credit Control Administrator,2,Professional Finance / Accountancy,UNKNOWN,,,admin_service; finance_accounts,,Not Specified (1); Watford (1)
Estate Agent Property Valuer / Lister,2,Construction / Trades / Property,UNKNOWN,,,,,Ashford (1); Dartford (1)
Senior Negotiator,2,Other / Unclassified,UNKNOWN,,,,,Wandsworth (1); Not Specified (1)
Training Officer,2,Other / Unclassified,UNKNOWN,,,admin_service,,Not Specified (1); Glasgow (1)
International Payroll Specialist,2,Professional Finance / Accountancy,UNKNOWN,,,finance_accounts,,St. Albans (1); Not Specified (1)
Mental Health Support Worker,2,Care / Support Work,KNOWN,admin_service:HARD_PASS; support_worker:HIGH_CONFIDENCE,support_worker,support_worker,,Oldham (1); Exeter (1)
Customs Manager,2,Other / Unclassified,UNKNOWN,,,,,Liverpool (1); Keighley (1)
HGV Class 2 Tramper,2,Driving / Warehouse / Logistics,UNKNOWN,,,,,Kettering (1); Bicester (1)
H&S Course Mentor (IOSH Member / NEBOSH Diploma),2,Other / Unclassified,UNKNOWN,,,,,Not Specified (2)
Speech & Language Therapist,2,Healthcare / Clinical,UNKNOWN,,,,,Hartley Wintney (2)
Junior HR Business Partner,2,HR / Recruitment,UNKNOWN,,,hr_recruitment,,Tamworth (1); Rugby (1)
Experienced Mortgage and Protection Adviser,2,Financial Advice / Mortgages,UNKNOWN,,,,,Colchester (2)
Property Claims Handler,2,Other / Unclassified,UNKNOWN,,,,,Stoke-on-trent (1); Colchester (1)
People & Culture Advisor,2,Other / Unclassified,UNKNOWN,,,,,Fareham (1); Not Specified (1)
HR & Payroll Administrator,2,Professional Finance / Accountancy,UNKNOWN,,,admin_service; finance_accounts; hr_recruitment,,Basildon (1); Tewkesbury (1)
French or Spanish Speaking Credit Controller,2,Other / Unclassified,UNKNOWN,,,finance_accounts,,Not Specified (1); Bristol (1)
Interim Group Financial Controller,2,Professional Finance / Accountancy,UNKNOWN,,,,,Southampton (1); Not Specified (1)
PR Account Manager - inhouse or agency welcome!,2,Sales / Business Development,UNKNOWN,,,,,Cheltenham (1); Cirencester (1)
Account Executive - Book to inherit,2,Sales / Business Development,UNKNOWN,,,,,Not Specified (1); Watford (1)
Head Of Financial Planning,2,Other / Unclassified,UNKNOWN,,,,,Not Specified (2)
Automation Manager,2,Other / Unclassified,UNKNOWN,,,,,Manchester (1); Not Specified (1)
Communications Officer,2,Marketing / Digital / Creative,UNKNOWN,,,admin_service,,Not Specified (1); Manchester (1)
Panel Beater,2,Other / Unclassified,UNKNOWN,,,,,Liverpool (1); Corby (1)
Assistant Psychologist,2,Other / Unclassified,UNKNOWN,,,,,Lincoln (1); Norwich (1)
Senior Payroll Advisor,2,Professional Finance / Accountancy,UNKNOWN,,,finance_accounts,,Liverpool (1); Chorley (1)
Collections Advisor,2,Other / Unclassified,UNKNOWN,,,,,Basingstoke (2)
Senior HR Advisor (part time),2,HR / Recruitment,UNKNOWN,,,hr_recruitment,,Stoke-on-trent (1); Airdrie (1)
Risk Analyst,2,Other / Unclassified,UNKNOWN,,,,,Bristol (2)
Tax Investigations Manager,2,Professional Finance / Accountancy,UNKNOWN,,,,,Not Specified (2)
HGV Class 2 Multi Drop Delivery Driver,2,Driving / Warehouse / Logistics,UNKNOWN,,,,,Leeds (1); Grangemouth (1)
3.5T Driver,2,Driving / Warehouse / Logistics,UNKNOWN,,,,,Bridgwater (1); Taunton (1)
Corporate and Community Fundraising Executive,2,Other / Unclassified,UNKNOWN,,,,,Leatherhead (1); Not Specified (1)
Community Fundraiser,2,Other / Unclassified,UNKNOWN,,,,,Rotherham (1); Not Specified (1)
Head of Care,2,Other / Unclassified,UNKNOWN,,,,,Eton (1); Horsham (1)
Head of Financial Accounting,2,Other / Unclassified,UNKNOWN,,,finance_accounts,,Leeds (1); Guildford (1)
Litigation Lawyer,2,Legal / Conveyancing,UNKNOWN,,,,,Manchester (1); Not Specified (1)
"Pay, Reward & Employment Services Team Leader",2,Other / Unclassified,UNKNOWN,,,,,Spennymoor (2)
Accounts Assistant (Part-time),2,Professional Finance / Accountancy,UNKNOWN,,,finance_accounts,,Cwmbran (1); West Malling (1)
Digital Trading Manager,2,Marketing / Digital / Creative,UNKNOWN,,,,,Peterborough (2)
Partner Designate,2,Other / Unclassified,UNKNOWN,,,,,St. Austell (1); Sevenoaks (1)
Senior Product Manager,2,IT / Data / Software,UNKNOWN,,,,,Not Specified (2)
Automotive Standards Auditors,2,Other / Unclassified,UNKNOWN,,,,,City (2)
Relationship Fundraiser,2,Other / Unclassified,UNKNOWN,,,,,City (1); York (1)
Bookkeeping & Accounts Clerk,2,Professional Finance / Accountancy,UNKNOWN,,,finance_accounts,,Sherborne (1); Sturminster Newton (1)
Payroller,2,Other / Unclassified,UNKNOWN,,,finance_accounts,,Jarrow (1); Macclesfield (1)
Area Sales Manager Commercial Boilers,2,Sales / Business Development,UNKNOWN,,,,,Not Specified (1); Leeds (1)
Shunter Driver,2,Driving / Warehouse / Logistics,UNKNOWN,,,,,Worksop (1); Derby (1)
Class 1 Trunk Driver,2,Driving / Warehouse / Logistics,UNKNOWN,,,,,Bristol (1); Banbury (1)
Beauty Consultant,2,Other / Unclassified,KNOWN,admin_service:OUT_OF_SCOPE,,,,Glasgow (1); Edinburgh (1)
Registered Learning Disability Nurse,2,Healthcare / Clinical,KNOWN,admin_service:HARD_PASS,,,,Sheffield (1); Wellington (1)
Used Car Sales Controller,2,Sales / Business Development,UNKNOWN,,,,,Waltham Cross (1); Not Specified (1)
Youth & Classroom Cover Specialist,2,Other / Unclassified,UNKNOWN,,,,,Wirral (1); Ellesmere Port (1)
Pension Administrator,2,Admin / Customer Service,KNOWN,finance_accounts:OUT_OF_SCOPE; customer_service_contact_centre:REVIEW_CONTEXT_DEPENDENT; hr_recruitment:REVIEW_CONTEXT_DEPENDENT,,admin_service,,Not Specified (1); Glasgow (1)
Clinical Manager,2,Healthcare / Clinical,KNOWN,admin_service:OUT_OF_SCOPE,,,,Tywyn (1); Oxford (1)
Remarketing Manager,2,Other / Unclassified,UNKNOWN,,,,,Coventry (1); Slough (1)
Accounts & Bookkeeping Advisor,2,Professional Finance / Accountancy,UNKNOWN,,,finance_accounts,,Templecombe (1); Sturminster Newton (1)
Head of Payroll,2,Professional Finance / Accountancy,UNKNOWN,,,finance_accounts,,Doncaster (1); Leeds (1)
FNOL Handler,2,Other / Unclassified,UNKNOWN,,,,,Not Specified (2)
Head of Fundraising,2,Other / Unclassified,UNKNOWN,,,,,Cobham (1); Not Specified (1)
Head of Finance and Sustainability,2,Professional Finance / Accountancy,UNKNOWN,,,finance_accounts,,Cambridge (2)
Residential Conveyancing Solicitor,2,Legal / Conveyancing,UNKNOWN,,,,,Liverpool (1); Slough (1)
Temporary HR Administrator,2,HR / Recruitment,KNOWN,admin_service:HIGH_CONFIDENCE; hr_recruitment:HIGH_CONFIDENCE,admin_service; hr_recruitment,admin_service; hr_recruitment,,Wadhurst (1); Leeds (1)
Audit and Accounts Manager,2,Professional Finance / Accountancy,UNKNOWN,,,finance_accounts,,Gloucester (1); Peterborough (1)
Immigration Paralegal,2,Legal / Conveyancing,UNKNOWN,,,,,Not Specified (2)
Supervising Social Worker - Independent Fostering Agency,2,Care / Support Work,UNKNOWN,,,,,Not Specified (2)
Assistant Team Manager,2,Other / Unclassified,KNOWN,admin_service:OUT_OF_SCOPE,,,,Eastleigh (1); Havant (1)
Account Handler - Commercial Insurance,2,Other / Unclassified,UNKNOWN,,,,,Warwick (1); Not Specified (1)
Protection Specialist,2,Other / Unclassified,UNKNOWN,,,,,Not Specified (1); Cardiff (1)
Complex Injury Assistant Lawyer,2,Legal / Conveyancing,UNKNOWN,,,,,Manchester (2)
Assistant Solicitor - Personal Injury,2,Legal / Conveyancing,UNKNOWN,,,,,Not Specified (1); Bolton (1)
HGV Class 1 Tanker Driver,2,Driving / Warehouse / Logistics,UNKNOWN,,,,,Shepton Mallet (1); West Bromwich (1)
New Pass HGV Class 1 Drivers Wanted!,2,Driving / Warehouse / Logistics,UNKNOWN,,,,,Doncaster (1); Goole (1)
Housing Management Coordinator,2,Admin / Customer Service,KNOWN,customer_service_contact_centre:REVIEW_CONTEXT_DEPENDENT; hr_recruitment:REVIEW_CONTEXT_DEPENDENT,,admin_service,,Wymondham (1); Sunderland (1)
Recruitment Administrator,2,HR / Recruitment,KNOWN,admin_service:HIGH_CONFIDENCE; hr_recruitment:HIGH_CONFIDENCE,admin_service; hr_recruitment,admin_service; hr_recruitment,,Not Specified (1); Bristol (1)
Hairdresser,2,Other / Unclassified,KNOWN,admin_service:OUT_OF_SCOPE,,,,Chichester (1); Not Specified (1)
Mental Health Nurse,2,Healthcare / Clinical,UNKNOWN,,,,,Grimsby (1); Darlington (1)
Donkey Welfare Adviser,2,Other / Unclassified,UNKNOWN,,,,,Sidmouth (1); Oxford (1)
Corporate and Community Fundraising Manager,2,Other / Unclassified,UNKNOWN,,,,,Leatherhead (2)
SenIor Financial Reporting Manager,2,Other / Unclassified,UNKNOWN,,,,,Not Specified (2)
Class 2 Tramper Driver,2,Driving / Warehouse / Logistics,UNKNOWN,,,,,Wakefield (1); Yeovil (1)
Class 2 HGV Multi-Drop Driver,2,Driving / Warehouse / Logistics,UNKNOWN,,,,,Not Specified (1); Weybridge (1)
HGV Class 1 Night Drivers,2,Driving / Warehouse / Logistics,UNKNOWN,,,,,Daventry (1); Sheffield (1)
Cat C Driver Twilights,2,Driving / Warehouse / Logistics,UNKNOWN,,,,,Bury St. Edmunds (1); Nottingham (1)
Commercial Insurance Account Manager,2,Sales / Business Development,UNKNOWN,,,,,Newton Abbot (1); Exeter (1)
Consultant Psychiatrist - EDU,2,Other / Unclassified,UNKNOWN,,,,,Cheadle (1); Heald Green (1)
Event Manager,2,Other / Unclassified,UNKNOWN,,,,,Crawley (1); Not Specified (1)
Mixed Tax Senior Manager,2,Professional Finance / Accountancy,UNKNOWN,,,,,Dundee (1); Bristol (1)
Community Social Worker,2,Care / Support Work,UNKNOWN,,,,,Bedford (1); Luton (1)
Lead Technical Architect,2,Other / Unclassified,UNKNOWN,,,,,Blackpool (1); Newcastle Upon Tyne (1)
Class 2 ADR Cylinder Driver,2,Driving / Warehouse / Logistics,UNKNOWN,,,,,Newbury (1); Ivybridge (1)
Registered Manager - Children's Home,2,Other / Unclassified,UNKNOWN,,,,,Hartlepool (1); Bristol (1)
Credit Control Supervisor,2,Professional Finance / Accountancy,UNKNOWN,,,finance_accounts,,Not Specified (1); Coventry (1)
Freelance DSA Specialist Mentor,2,Other / Unclassified,UNKNOWN,,,,,Ambleside (1); Blackburn (1)
Head of Management Accounting,2,Other / Unclassified,UNKNOWN,,,finance_accounts,,Bath (2)
Lead SOC Architect,2,Other / Unclassified,UNKNOWN,,,,,Tewkesbury (1); Guildford (1)
WCA Clinical Support Lead/ Auditor Disability Assessor,2,Healthcare / Clinical,UNKNOWN,,,,,Liverpool (1); Not Specified (1)
Audit Assistant Manager - Financial Services,2,Professional Finance / Accountancy,UNKNOWN,,,,,Chester (1); City (1)
North Finance Manager/ Finance Business Partner,2,Professional Finance / Accountancy,UNKNOWN,,,finance_accounts,,City (1); Chester (1)
Residential Child Care Worker (Sessional/Casual),2,Care / Support Work,KNOWN,support_worker:ELASTIC_FIT,support_worker,support_worker,,Carlisle (1); Brampton (1)
Bid Coordinator,2,Admin / Customer Service,UNKNOWN,,,admin_service,,Uxbridge (1); Leeds (1)
Corporate Tax Advisory Senior Manager,2,Professional Finance / Accountancy,UNKNOWN,,,,,Not Specified (1); Manchester (1)
"Technical Lead, Full Stack Java",2,Other / Unclassified,UNKNOWN,,,,,Chorley (1); Burnley (1)
Credit Control Clerk,2,Professional Finance / Accountancy,UNKNOWN,,,finance_accounts,,Salisbury (1); Not Specified (1)
HGV 7.5 Tonne Driver,2,Driving / Warehouse / Logistics,UNKNOWN,,,,,Not Specified (1); Burton-on-trent (1)
Head of Finance Operations,2,Professional Finance / Accountancy,UNKNOWN,,,finance_accounts,,Uxbridge (2)
Accounts Assistant Credit Control,2,Professional Finance / Accountancy,UNKNOWN,,,finance_accounts,,Hythe (1); Not Specified (1)
Audit & Accounts Manager,2,Professional Finance / Accountancy,UNKNOWN,,,finance_accounts,,Liverpool (1); Eastbourne (1)
Financial Planning and Reporting Lead,2,Other / Unclassified,UNKNOWN,,,,,Not Specified (2)
Senior Claims Adjuster - Disease (Mesothelioma),2,Other / Unclassified,UNKNOWN,,,,,Not Specified (2)
Accounts Payable Administrator,2,Professional Finance / Accountancy,UNKNOWN,,,admin_service; finance_accounts,,Runcorn (1); Solihull (1)
Lead AI Engineer,2,Engineering / Technical,UNKNOWN,,,,,Not Specified (1); Crawley (1)
Private Clients Adjuster,2,Other / Unclassified,UNKNOWN,,,,,Not Specified (2)
Project Finance Manager,2,Professional Finance / Accountancy,UNKNOWN,,,finance_accounts,,Not Specified (2)
Administrator - Financial Services,2,Admin / Customer Service,KNOWN,finance_accounts:REVIEW_CONTEXT_DEPENDENT; customer_service_contact_centre:REVIEW_CONTEXT_DEPENDENT; hr_recruitment:REVIEW_CONTEXT_DEPENDENT,,admin_service,,Bristol (1); Exeter (1)
Finance Manager - Advisory,2,Professional Finance / Accountancy,UNKNOWN,,,finance_accounts,,Burton-on-trent (1); Bury St. Edmunds (1)
Lecturer in Construction Management - Manchester,2,Education / Teaching,UNKNOWN,,,,,Manchester (1); Not Specified (1)
Lecturer in Counselling - Manchester,2,Education / Teaching,UNKNOWN,,,,,Manchester (1); Not Specified (1)
Lecturer in Construction Management - London,2,Education / Teaching,UNKNOWN,,,,,Not Specified (1); Slough (1)
"Lecturer in Health, Wellbeing and Social Care - Manchester",2,Education / Teaching,UNKNOWN,,,,,Manchester (1); Not Specified (1)
Group Exercise Instructor - Aqua,2,Other / Unclassified,UNKNOWN,,,,,Not Specified (1); Southampton (1)
Lecturer in Management - Manchester,2,Education / Teaching,UNKNOWN,,,,,Manchester (1); Not Specified (1)
Residential Childrens Homes Manager,2,Other / Unclassified,UNKNOWN,,,,,Chelmsford (1); Basildon (1)
Supply Chain Manager,2,Procurement / Buying / Supply Chain,UNKNOWN,,,,,Bournemouth (1); Middlesbrough (1)
Deputy Chief Finance Officer,2,Professional Finance / Accountancy,UNKNOWN,,,admin_service; finance_accounts,,Sheffield (2)
Young People Support Worker,2,Care / Support Work,KNOWN,support_worker:ELASTIC_FIT,support_worker,support_worker,,South Shields (1); Not Specified (1)
Administrative Assistant,2,Other / Unclassified,KNOWN,admin_service:HIGH_CONFIDENCE; hr_recruitment:REVIEW_CONTEXT_DEPENDENT,admin_service,admin_service,,Not Specified (1); Bristol (1)
Sales Ledger,2,Professional Finance / Accountancy,UNKNOWN,,,finance_accounts,,Edinburgh (1); Poole (1)
Senior Financial Adviser,2,Financial Advice / Mortgages,UNKNOWN,,,,,Not Specified (2)
Marketing Co-ordinator,2,Marketing / Digital / Creative,UNKNOWN,,,,,Not Specified (1); Hemel Hempstead (1)
Consultant Psychiatrist - Adult Acute Ward,2,Other / Unclassified,UNKNOWN,,,,,Cheadle (1); Heald Green (1)
Accounting Assistant,2,Other / Unclassified,KNOWN,finance_accounts:HIGH_CONFIDENCE,finance_accounts,finance_accounts,,Exeter (1); Basildon (1)
Corporate Tax Semi-Senior,2,Professional Finance / Accountancy,UNKNOWN,,,,,Crawley (1); Guildford (1)
Optometrist - Part time,2,Other / Unclassified,UNKNOWN,,,,,Winsford (1); Stevenage (1)
HGV Class 1 ADR Bulk Driver,2,Driving / Warehouse / Logistics,UNKNOWN,,,,,Thame (1); Not Specified (1)
HGv1 Driver,2,Driving / Warehouse / Logistics,UNKNOWN,,,,,Bellshill (1); Derby (1)
Client Service Executive,2,Other / Unclassified,UNKNOWN,,,,,Cheltenham (1); City (1)
Secondary SEMH Teacher,2,Education / Teaching,UNKNOWN,,,,,Huddersfield (1); Halifax (1)
Purchasing and Supply Chain Manager,2,Procurement / Buying / Supply Chain,UNKNOWN,,,,,Tewkesbury (2)
Panel Beater / MET Technician,2,Engineering / Technical,UNKNOWN,,,,,Bristol (1); Crawley (1)
Payroll Analyst,2,Professional Finance / Accountancy,UNKNOWN,,,finance_accounts,,Not Specified (1); Leeds (1)
Revenue Controller,2,Other / Unclassified,UNKNOWN,,,,,Not Specified (2)
Remote Family Solicitor,2,Legal / Conveyancing,UNKNOWN,,,,,Wilmslow (1); Manchester (1)
Private Family Solicitor,2,Legal / Conveyancing,UNKNOWN,,,,,Guildford (1); Derby (1)
BMW Vehicle Technician,2,Engineering / Technical,UNKNOWN,,,,,Swansea (1); Maidenhead (1)
Systems & Test Engineer,2,IT / Data / Software,UNKNOWN,,,,,Not Specified (2)
R&D Tax Manager,2,Professional Finance / Accountancy,UNKNOWN,,,,,City (1); Leeds (1)
Field Care Supervisor,2,Other / Unclassified,KNOWN,admin_service:OUT_OF_SCOPE,,,,Portland (1); Worthing (1)
Senior Business Development Executive,2,Sales / Business Development,UNKNOWN,,,,,Swansea (1); Not Specified (1)
Vehicle Inspector,2,Other / Unclassified,UNKNOWN,,,,,Bedford (1); Milton Keynes (1)
MET Technician,2,Engineering / Technical,UNKNOWN,,,,,Chester (1); Norwich (1)
Employee Relations Specialist,2,HR / Recruitment,UNKNOWN,,,,,Portsmouth (1); Not Specified (1)
Head of Private Client,2,Other / Unclassified,UNKNOWN,,,,,Norwich (1); Kingsbridge (1)
Contract Administrator,2,Admin / Customer Service,UNKNOWN,,,admin_service,,Northampton (1); Ballyclare (1)
Senior PR Executive,2,Other / Unclassified,UNKNOWN,,,,,Manchester (1); Tamworth (1)
Property Lawyer,2,Legal / Conveyancing,UNKNOWN,,,,,Reading (1); Stockport (1)
General Radiographer,2,Other / Unclassified,KNOWN,admin_service:OUT_OF_SCOPE,,,,Not Specified (1); St. Leonards-on-sea (1)
MRI Radiographer,2,Other / Unclassified,UNKNOWN,,,,,Not Specified (1); Dundee (1)
"Registered Manager - Community Mental Health, Autism & LD Services (Sussex)",2,Other / Unclassified,UNKNOWN,,,,,Not Specified (2)
Supported Housing Manager,2,Other / Unclassified,UNKNOWN,,,,,Reigate (1); Not Specified (1)
SEN Primary Teacher,2,Education / Teaching,UNKNOWN,,,,,Spencers Wood (1); Farnborough (1)
"Senior Accountant / Assistant Manager - Technical Accounting, Group Consolidations & Remote Working",2,Professional Finance / Accountancy,UNKNOWN,,,finance_accounts,,Colchester (1); Peterborough (1)
Strategic Workforce Planning & People Analytics Lead,2,Other / Unclassified,UNKNOWN,,,,,Salisbury (2)
Corporate Tax Manager (Manchester),2,Professional Finance / Accountancy,UNKNOWN,,,,,Manchester (1); Not Specified (1)
Chief Financial Officer,2,Other / Unclassified,UNKNOWN,,,admin_service,,Southampton (1); Cambridge (1)
Senior Financial Modeller,2,Other / Unclassified,UNKNOWN,,,,,Watford (2)
Family Law Solicitor,2,Legal / Conveyancing,UNKNOWN,,,,,Manchester (1); Almondsbury (1)
Business Development Manager Sales,2,Sales / Business Development,UNKNOWN,,,,,Edinburgh (1); Enniskillen (1)
Podiatrist,2,Other / Unclassified,KNOWN,admin_service:OUT_OF_SCOPE,,,,Not Specified (1); Ascot (1)
Care Home General Manager,2,Operations / General Management,UNKNOWN,,,,,Not Specified (2)
Learning and Development Facilitator - Leeds and surrounding,2,Other / Unclassified,UNKNOWN,,,,,Leeds (1); Bradford (1)
Care Supervisor - Bank,2,Other / Unclassified,UNKNOWN,,,,,Camberley (1); Guildford (1)
Registered Nurse - Bank,2,Healthcare / Clinical,UNKNOWN,,,,,Basingstoke (1); Southampton (1)
Wellbeing and Activities Coordinator - Bank,2,Admin / Customer Service,UNKNOWN,,,admin_service,,Not Specified (1); Lincoln (1)
Learning and Development Facilitator - South Region,2,Other / Unclassified,UNKNOWN,,,,,Sevenoaks (1); Maidstone (1)
Delivery & Installation Driver 7.5T,2,Driving / Warehouse / Logistics,UNKNOWN,,,,,Not Specified (1); Farnborough (1)
PPT Driver Days,2,Driving / Warehouse / Logistics,UNKNOWN,,,,,Worksop (1); Spalding (1)
"FLT Driver, Evenings.",2,Driving / Warehouse / Logistics,UNKNOWN,,,,,Not Specified (1); Tavistock (1)
Door to Door Fundraiser,2,Other / Unclassified,UNKNOWN,,,,,Crewe (1); Doncaster (1)
"Vice President, Tax Management Manager",2,Professional Finance / Accountancy,UNKNOWN,,,,,Manchester (1); Not Specified (1)
Financial Services Manager,2,Other / Unclassified,UNKNOWN,,,,,Northallerton (2)
Marketing Specialist,2,Marketing / Digital / Creative,UNKNOWN,,,,,Newark (1); Not Specified (1)
Regulatory Solicitor (Commercial),2,Legal / Conveyancing,UNKNOWN,,,,,Not Specified (1); Cambridge (1)
Protection Adviser,2,Other / Unclassified,UNKNOWN,,,,,Glasgow (1); Reading (1)
Trust Manager,2,Other / Unclassified,UNKNOWN,,,,,Not Specified (2)
Accounts Payable Controller,2,Professional Finance / Accountancy,UNKNOWN,,,finance_accounts,,City (1); Slough (1)
Residential Property Solicitor / Licensed Conveyancer,2,Legal / Conveyancing,UNKNOWN,,,,,Kingswinford (1); Not Specified (1)
Accuracy Checking Technician,2,Engineering / Technical,UNKNOWN,,,,,Gloucester (1); Chippenham (1)
Senior Financial Planning Administrator,2,Admin / Customer Service,UNKNOWN,,,admin_service,,Cheadle (1); Crewe (1)
Marketing Planner,2,Marketing / Digital / Creative,UNKNOWN,,,,,Not Specified (1); Newcastle Upon Tyne (1)
Hiab Driver HGV Class 2,2,Driving / Warehouse / Logistics,UNKNOWN,,,,,Glasgow (1); Annan (1)
Interim Home Manager,2,Other / Unclassified,UNKNOWN,,,,,Falkirk (1); Ipswich (1)
Night Care Assistant,2,Care / Support Work,KNOWN,admin_service:HARD_PASS; support_worker:ELASTIC_FIT,support_worker,support_worker,,Bristol (1); Tamworth (1)
Platform Engineer,2,Engineering / Technical,UNKNOWN,,,,,Cheltenham (1); Gloucester (1)
Estate Agency Branch Manager,2,Operations / General Management,UNKNOWN,,,,,Nottingham (2)
Payroll Supervisor,2,Professional Finance / Accountancy,UNKNOWN,,,finance_accounts,,Leeds (1); Southampton (1)
Private Client Tax Manager Family Office Opportunity,2,Professional Finance / Accountancy,UNKNOWN,,,admin_service,,Leicester (2)
Transfer Pricing Specialist / Manager,2,Other / Unclassified,UNKNOWN,,,,,Market Drayton (2)
Part-Time Bookkeeper,2,Other / Unclassified,UNKNOWN,,,finance_accounts,,Colchester (1); Chichester (1)
Family Solicitor NQ+ 4 day condensed week & Hybrid available Suffolk/Norfolk,2,Legal / Conveyancing,UNKNOWN,,,,,Scole (1); Ipswich (1)
Private Client Solicitor/Associate,2,Legal / Conveyancing,UNKNOWN,,,,,Chichester (1); Woodbridge (1)
Private Client Fee Earner,2,Legal / Conveyancing,UNKNOWN,,,,,Halesworth (1); Truro (1)
Legal Manager - Conveyancing Hybrid,2,Legal / Conveyancing,UNKNOWN,,,,,Spalding (1); Grantham (1)
NQ+ - Private Client Solicitor/Legal Executive,2,Legal / Conveyancing,UNKNOWN,,,,,Huntingdon (1); Bury St. Edmunds (1)
Conveyancing - Fee Earner - Low Volume - Customer Service Focus,2,Legal / Conveyancing,UNKNOWN,,,customer_service_contact_centre,,Lowestoft (1); Diss (1)
Private Client Fee Earner - Full Flexibility - Associate/Partner available,2,Legal / Conveyancing,UNKNOWN,,,,,Epping (1); Colchester (1)
Employment Solicitor - Associate,2,Legal / Conveyancing,UNKNOWN,,,,,Norwich (1); Thetford (1)
Private Client Solicitor NQ+ Hybrid working & Excellent Benefits & Bonus.,2,Legal / Conveyancing,UNKNOWN,,,,,Upminster (1); Chelmsford (1)
Residential Property Paralegal,2,Legal / Conveyancing,UNKNOWN,,,,,Colchester (1); Not Specified (1)
Private Client Solicitor - Excellent Rewards & Prospects,2,Legal / Conveyancing,UNKNOWN,,,,,Ipswich (1); Billericay (1)
Senior Commercial Property Solicitor - Head of Department,2,Legal / Conveyancing,UNKNOWN,,,,,Bury St. Edmunds (1); Ipswich (1)
Newly Qualified Solicitor,2,Legal / Conveyancing,UNKNOWN,,,,,Chelmsford (1); Ipswich (1)
Assistant Tax Manager,2,Professional Finance / Accountancy,UNKNOWN,,,,,Leeds (1); Thames Ditton (1)
Murex Technical Consultant,2,Other / Unclassified,UNKNOWN,,,,,Not Specified (2)
Warehouse Operator,2,Driving / Warehouse / Logistics,UNKNOWN,,,warehouse_logistics,,Cheltenham (1); Not Specified (1)
Bank Registered Nurse,2,Healthcare / Clinical,UNKNOWN,,,,,Not Specified (1); Blakeney (1)
Data Analyst,2,IT / Data / Software,UNKNOWN,,,,,Bradford (1); Not Specified (1)
Programmes Executive- Real Estate,2,Other / Unclassified,UNKNOWN,,,,,Not Specified (2)
Telemarketing Executive,2,Other / Unclassified,UNKNOWN,,,,,Andover (1); Southampton (1)
Community Fundraising Executive,2,Other / Unclassified,UNKNOWN,,,,,Not Specified (1); Alresford (1)
Mortgage Performace and Development Manager,2,Financial Advice / Mortgages,UNKNOWN,,,,,Not Specified (2)
Product Development Manager,2,Other / Unclassified,UNKNOWN,,,,,Heckmondwike (1); Southwark (1)
Year End Accountant,2,Professional Finance / Accountancy,UNKNOWN,,,,,Nottingham (1); St. Helens (1)
Social Worker (Adults' Mental Health Safeguarding Hub),2,Care / Support Work,UNKNOWN,,,,,Winchester (2)
Shunter,2,Other / Unclassified,UNKNOWN,,,,,Potters Bar (1); Northampton (1)
Traffic Management Operatives,2,Other / Unclassified,UNKNOWN,,,,,Not Specified (1); Totnes (1)
Deputy Manager Childrens Home,2,Other / Unclassified,KNOWN,admin_service:OUT_OF_SCOPE,,,,Nottingham (1); Derby (1)
Principal Recruitment Consultant,2,HR / Recruitment,UNKNOWN,,,hr_recruitment,,Altrincham (1); Bristol (1)
Hospital Manager,2,Other / Unclassified,UNKNOWN,,,,,Corwen (2)
Head of Corporate Solutions - Wealth Management,2,Other / Unclassified,UNKNOWN,,,,,Farnborough (2)
Security Architect,2,Other / Unclassified,UNKNOWN,,,,,Bristol (1); City (1)
Driver Wanted - £137-£167/Shift - FREE Van & Fuel,2,Driving / Warehouse / Logistics,UNKNOWN,,,,,Harlow (1); Chelmsford (1)
Private Client Lawyer,2,Legal / Conveyancing,UNKNOWN,,,,,Manchester (1); Doncaster (1)
Regional Employee Relations Advisor,2,HR / Recruitment,UNKNOWN,,,,,Tunbridge Wells (2)
Interim Personal Tax Manager,2,Professional Finance / Accountancy,UNKNOWN,,,,,Reading (1); Horsham (1)
Forklift Driver Counterbalance,2,Driving / Warehouse / Logistics,UNKNOWN,,,warehouse_logistics,,St. Austell (1); Southampton (1)
HGV Class 2 Tipper Driver,2,Driving / Warehouse / Logistics,UNKNOWN,,,,,Rushden (1); Barnsley (1)
Senior Legal Counsel - Corporate,2,Legal / Conveyancing,UNKNOWN,,,,,Isleworth (1); Not Specified (1)
Temporary Purchase Ledger Clerk,2,Professional Finance / Accountancy,UNKNOWN,,,finance_accounts,,Norwich (1); St. Columb (1)
Payroll Specialist (Bureau),2,Professional Finance / Accountancy,UNKNOWN,,,finance_accounts,,Rotherham (1); Bingley (1)
Implementation Specialist,2,Other / Unclassified,UNKNOWN,,,,,Maidenhead (2)
Reward Manager,2,Other / Unclassified,UNKNOWN,,,,,Not Specified (2)
Interim Accounts Payable,2,Professional Finance / Accountancy,UNKNOWN,,,finance_accounts,,Not Specified (1); Bath (1)
Accounts Receivable Assistant,2,Professional Finance / Accountancy,KNOWN,finance_accounts:HIGH_CONFIDENCE,finance_accounts,finance_accounts,,Southampton (1); Darlington (1)
Senior Systems Developer,2,IT / Data / Software,UNKNOWN,,,,,Derby (1); Chesterfield (1)
Swimming Instructor SEP,2,Other / Unclassified,UNKNOWN,,,,,Not Specified (1); Peterborough (1)
Aspiring Child Psychologist,2,Other / Unclassified,UNKNOWN,,,,,Woking (1); Esher (1)
Caseworker,2,Other / Unclassified,KNOWN,hr_recruitment:REVIEW_CONTEXT_DEPENDENT,,,,Kendal (1); Warwick (1)
Home Care Worker,2,Care / Support Work,KNOWN,support_worker:HIGH_CONFIDENCE,support_worker,support_worker,,Cheltenham (1); Gloucester (1)
Interim HR Business Partner,2,HR / Recruitment,UNKNOWN,,,hr_recruitment,,Chesterfield (1); Gillingham (1)
Vehicle Transporter Driver,2,Driving / Warehouse / Logistics,UNKNOWN,,,,,Smethwick (1); Leighton Buzzard (1)
Care Worker (Driver Required),2,Care / Support Work,UNKNOWN,,,support_worker,,Fleetwood (1); Blackpool (1)
Legal Sales Consultant,2,Legal / Conveyancing,UNKNOWN,,,,,City (1); Not Specified (1)
Legal Sales Consultant (Remote),2,Legal / Conveyancing,UNKNOWN,,,,,City (1); Not Specified (1)
Market Research Interviewer - Oldham,2,Other / Unclassified,UNKNOWN,,,,,Manchester (1); Oldham (1)
Full Stack Engineer,2,Engineering / Technical,UNKNOWN,,,,,Telford (1); Not Specified (1)
Financial Planning & Analysis Manager,2,Other / Unclassified,UNKNOWN,,,,,Not Specified (2)
Credit Control Manager,2,Professional Finance / Accountancy,UNKNOWN,,,finance_accounts,,Carlisle (1); Leeds (1)
Dentist,2,Healthcare / Clinical,KNOWN,admin_service:OUT_OF_SCOPE,,,,Crowborough (1); Chichester (1)
Part-time HR Advisor,2,HR / Recruitment,UNKNOWN,,,hr_recruitment,,Truro (2)
Newly Qualified Optometrist,2,Other / Unclassified,UNKNOWN,,,,,Elgin (1); Edinburgh (1)
HGV II Refuse Driver,2,Driving / Warehouse / Logistics,UNKNOWN,,,,,Coalville (1); Brentwood (1)
ASB Officer,2,Other / Unclassified,UNKNOWN,,,admin_service,,Oxford (1); Exeter (1)
Test Technicians - Multiple Shifts Available,2,Other / Unclassified,UNKNOWN,,,,,Gloucester (1); Bristol (1)
Senior Tax Accountant,2,Professional Finance / Accountancy,UNKNOWN,,,,,Not Specified (1); Bromsgrove (1)
Audit & Accounts Semi-Senior,2,Professional Finance / Accountancy,UNKNOWN,,,finance_accounts,,Blackpool (2)
Employer Engagement Officer,2,Other / Unclassified,UNKNOWN,,,admin_service,,Didcot (1); Swansea (1)
Head of Risk & Compliance,2,Other / Unclassified,UNKNOWN,,,,,Not Specified (1); Manchester (1)
FP&A Manager (Manufacturing),2,Other / Unclassified,UNKNOWN,,,,,Slough (2)
Learning & Development Coordinator,2,Admin / Customer Service,KNOWN,hr_recruitment:ELASTIC_FIT,hr_recruitment,admin_service,,Manchester (1); Solihull (1)
Test Engineer,2,IT / Data / Software,UNKNOWN,,,,,Yateley (1); Tamworth (1)
Bookkeeper / Accounts Assistant,2,Professional Finance / Accountancy,UNKNOWN,,,finance_accounts,,Slough (1); Leeds (1)
Sales Negotiator/Valuer,2,Sales / Business Development,UNKNOWN,,,,,Colchester (2)
Audit Semi-Senior,2,Professional Finance / Accountancy,UNKNOWN,,,,,Reading (1); Southampton (1)
Programme Finance & Compliance Advisor,2,Professional Finance / Accountancy,UNKNOWN,,,finance_accounts,,Milton Keynes (2)
Finance Controller,2,Professional Finance / Accountancy,UNKNOWN,,,finance_accounts,,Not Specified (1); Grays (1)
Internal Recruiter,2,HR / Recruitment,UNKNOWN,,,hr_recruitment,,Lelant (1); Peterborough (1)
Senior Pension Administrator,2,Admin / Customer Service,KNOWN,admin_service:HIGH_CONFIDENCE,admin_service,admin_service,,Manchester (1); Not Specified (1)
Immediate Start Accounts Payable Assistant,2,Professional Finance / Accountancy,UNKNOWN,,,finance_accounts,,Solihull (1); Not Specified (1)
Senior Criminal Defence Solicitor,2,Legal / Conveyancing,UNKNOWN,,,,,Luton (1); Nottingham (1)
Accounts Payable Specialist,2,Professional Finance / Accountancy,UNKNOWN,,,finance_accounts,,Sutton (1); Letchworth Garden City (1)
Human Resources Team Leader,2,HR / Recruitment,UNKNOWN,,,hr_recruitment,,Not Specified (2)
Operations Manager,2,Operations / General Management,UNKNOWN,,,,,Not Specified (1); Aberdeen (1)
Senior Family Solicitor,2,Legal / Conveyancing,UNKNOWN,,,,,Bristol (1); Dorking (1)
Registered Nurse/Paramedic - Workington - FT/PT,2,Healthcare / Clinical,UNKNOWN,,,,,Workington (2)
Audit & Accounts Associate,2,Professional Finance / Accountancy,UNKNOWN,,,finance_accounts,,Leeds (2)
Accounts & Audit Semi-Senior,2,Professional Finance / Accountancy,UNKNOWN,,,finance_accounts,,Poole (1); Alton (1)
Registered Nurse/Paramedic - Carlisle - FT/PT,2,Healthcare / Clinical,UNKNOWN,,,,,Carlisle (2)
Part time Optometrist,2,Other / Unclassified,KNOWN,admin_service:OUT_OF_SCOPE,,,,Cwmbran (1); Mold (1)
Optometry Partner,2,Other / Unclassified,KNOWN,admin_service:OUT_OF_SCOPE,,,,Whitby (1); Ely (1)
Senior Account Executive,2,Sales / Business Development,UNKNOWN,,,,,Leicester (1); Leeds (1)
HR Manager - Part Time,2,HR / Recruitment,UNKNOWN,,,hr_recruitment,,Not Specified (2)
Interim Senior HR Advisor,2,HR / Recruitment,UNKNOWN,,,hr_recruitment,,Sheffield (1); Nottingham (1)
Personal Injury Paralegal,2,Legal / Conveyancing,UNKNOWN,,,,,Not Specified (1); Bristol (1)
Part Time Tax Manager,2,Professional Finance / Accountancy,UNKNOWN,,,,,Maidstone (2)
Accounts & Tax Senior,2,Professional Finance / Accountancy,UNKNOWN,,,finance_accounts,,Ashford (1); Hailsham (1)
DC Operations Manager,2,Operations / General Management,UNKNOWN,,,,,Not Specified (2)
Self Employed Property Consultant,2,Other / Unclassified,UNKNOWN,,,,,Cobham (1); Leatherhead (1)
Development Account Executive,2,Sales / Business Development,UNKNOWN,,,,,Stockport (1); Not Specified (1)
BMW Service Advisor,2,Admin / Customer Service,UNKNOWN,,,customer_service_contact_centre,,Cardiff (1); Stevenage (1)
Join a Growing Independent Firm - Senior Accountant / Assistant Manager (Remote or Hybrid),2,Professional Finance / Accountancy,UNKNOWN,,,,,Not Specified (1); Norwich (1)
Commercial Marketing Manager,2,Marketing / Digital / Creative,UNKNOWN,,,,,Sutton (1); Leatherhead (1)
HR Advisor (Employee Relations),2,HR / Recruitment,UNKNOWN,,,hr_recruitment,,Luton (1); Slough (1)
BMW Used Car Sales Executive,2,Sales / Business Development,UNKNOWN,,,,,Swansea (1); Newport (1)
Senior Embedded Systems Engineer,2,IT / Data / Software,UNKNOWN,,,,,Bicester (1); Peterlee (1)
Subsidence Adjuster,2,Other / Unclassified,UNKNOWN,,,,,Not Specified (2)
Trainee Estate Agent,2,Construction / Trades / Property,UNKNOWN,,,,,Croydon (1); Romford (1)
Care Home Support Worker - &;23p/h,2,Care / Support Work,UNKNOWN,,,support_worker,,Aberdeen (1); Newcastle Upon Tyne (1)
Audit Partner,2,Professional Finance / Accountancy,UNKNOWN,,,,,Not Specified (2)
Audit Director RI,2,Professional Finance / Accountancy,UNKNOWN,,,,,Southampton (1); Milton Keynes (1)
Diagnostic Technician,2,Engineering / Technical,UNKNOWN,,,,,Swindon (1); Not Specified (1)
People Manager,2,Other / Unclassified,UNKNOWN,,,,,Lewes (1); Basildon (1)
Commercial Accountant,2,Professional Finance / Accountancy,UNKNOWN,,,,,High Wycombe (1); Tunbridge Wells (1)
Senior Manager,2,Other / Unclassified,UNKNOWN,,,,,Newton Abbot (2)
Part-time Accounts Assistant,2,Professional Finance / Accountancy,KNOWN,finance_accounts:HIGH_CONFIDENCE,finance_accounts,finance_accounts,,Leigh (1); Leyland (1)
Dealership Accountant FTC,2,Professional Finance / Accountancy,UNKNOWN,,,,,Letchworth Garden City (2)
Payroll & Pensions Officer,2,Professional Finance / Accountancy,UNKNOWN,,,admin_service; finance_accounts,,Manchester (1); Pontefract (1)
Administration Team Manager,2,Admin / Customer Service,UNKNOWN,,,admin_service,,Bristol (1); Not Specified (1)
Advice/Compliance File Checker,2,Other / Unclassified,UNKNOWN,,,,,Edinburgh (1); Glasgow (1)
European Credit Controller,2,Other / Unclassified,UNKNOWN,,,finance_accounts,,Not Specified (1); Manchester (1)
Finance Officer - 3 month FTC,2,Professional Finance / Accountancy,UNKNOWN,,,admin_service; finance_accounts,,Ealing (1); Not Specified (1)
Vascular Sonographer,2,Other / Unclassified,UNKNOWN,,,,,Basingstoke (1); Eastbourne (1)
Paraplanner Team Manager,2,Financial Advice / Mortgages,UNKNOWN,,,,,Cardiff (1); Bristol (1)
Motor Insurance Customer Care Agent,2,Other / Unclassified,UNKNOWN,,,,,Basildon (1); Not Specified (1)
Chartered Accountant,2,Professional Finance / Accountancy,UNKNOWN,,,,,Eastbourne (1); Bexhill-on-sea (1)
Financial Lines Adjuster,2,Other / Unclassified,UNKNOWN,,,,,Not Specified (2)
Executive Liability Adjuster,2,Other / Unclassified,UNKNOWN,,,,,Not Specified (2)
ADMINISTRATOR - EMPLOYEE BENEFITS,2,Admin / Customer Service,UNKNOWN,,,admin_service,,Leicester (1); Manchester (1)
Head of Financial Planning & Analysis,2,Other / Unclassified,UNKNOWN,,,,,Derby (1); Not Specified (1)
Graduate Trainee Accountant,2,Professional Finance / Accountancy,UNKNOWN,,,,,Glasgow (1); Not Specified (1)
Account Administrator,2,Admin / Customer Service,UNKNOWN,,,admin_service,,Not Specified (2)
New Build Relationship Manager,2,Other / Unclassified,UNKNOWN,,,,,Not Specified (1); Fareham (1)
Construction Executive Adjuster,2,Construction / Trades / Property,UNKNOWN,,,,,Not Specified (2)
Claims Preparation Consultant,2,Other / Unclassified,UNKNOWN,,,,,Not Specified (2)
Finance Business Partner - Operations,2,Professional Finance / Accountancy,UNKNOWN,,,finance_accounts,,Not Specified (2)
Property Loss Adjuster,2,Other / Unclassified,UNKNOWN,,,,,Not Specified (2)
Liability Loss Adjuster,2,Other / Unclassified,UNKNOWN,,,,,Not Specified (2)
Self employed Mortgage Broker - All leads HYBRID plus retainer,2,Financial Advice / Mortgages,UNKNOWN,,,,,Ilford (1); Enfield (1)
Domestic Major Adjuster,2,Other / Unclassified,UNKNOWN,,,,,Not Specified (2)
Broker Manager,2,Other / Unclassified,UNKNOWN,,,,,Tadley (1); Southampton (1)
Regional Sales Associate,2,Sales / Business Development,UNKNOWN,,,,,Tunbridge Wells (1); Brighton (1)
Workplace Pensions & Employee Benefits Consultant,2,Other / Unclassified,UNKNOWN,,,,,Stockton-on-tees (1); Bristol (1)
IFA Client Services Associate,2,Financial Advice / Mortgages,UNKNOWN,,,,,Edinburgh (1); Glasgow (1)
Vehicle Mechanic,2,Engineering / Technical,UNKNOWN,,,,,Warminster (1); Wareham (1)
Social Worker - Assessment Team,2,Care / Support Work,UNKNOWN,,,,,Not Specified (2)
Registered Nurse/Paramedic - Salfords - BANK,2,Healthcare / Clinical,UNKNOWN,,,,,Guildford (1); Not Specified (1)
Relief Security Officer,2,Security / Emergency Services,UNKNOWN,,,admin_service,,Maidstone (1); Dover (1)
Registered Nurse/Paramedic - Guildford/Surrey - BANK,2,Healthcare / Clinical,UNKNOWN,,,,,Woking (1); Guildford (1)
Registered Nurse/Paramedic - Abingdon - BANK,2,Healthcare / Clinical,UNKNOWN,,,,,Not Specified (1); Abingdon (1)
Class 2 Night Driver,2,Driving / Warehouse / Logistics,UNKNOWN,,,,,Batley (1); Peterborough (1)
Estates Officer,2,Other / Unclassified,UNKNOWN,,,admin_service,,Newark (1); Stamford (1)
Trainee Recruitment Consultant (Uncapped Commission),2,HR / Recruitment,UNKNOWN,,,hr_recruitment,,Bristol (1); Exeter (1)
Bid Manager - Public Sector,2,Other / Unclassified,UNKNOWN,,,,,Guildford (1); Maidstone (1)
Travel Technology Specialist (GDS/OBT),2,Other / Unclassified,UNKNOWN,,,,,Not Specified (1); Liss (1)
Area Sales Manager - CNC,2,Engineering / Technical,UNKNOWN,,,,,Not Specified (1); Stafford (1)
Business Development Representative,2,Sales / Business Development,UNKNOWN,,,,,Wrexham (1); Leeds (1)
Lecturer in Business & Digital Transformation - Manchester,2,Education / Teaching,UNKNOWN,,,,,Not Specified (1); Manchester (1)
Lecturer in Business & Digital Transformation - East London,2,Education / Teaching,UNKNOWN,,,,,Slough (1); Not Specified (1)
HGV Class 2 Driver Road Sweeper,2,Driving / Warehouse / Logistics,UNKNOWN,,,,,Southampton (1); Not Specified (1)
IT Recruitment Consultant,2,HR / Recruitment,UNKNOWN,,,hr_recruitment,,Not Specified (2)
Retail Security Officer,2,Retail / Store,UNKNOWN,,,admin_service,,Llanelli (1); Blakeney (1)
"Senior Reliability Maintenance Engineering Technician, RME",2,Engineering / Technical,UNKNOWN,,,,,Hungerford (1); Hinckley (1)
"Production/Maintenance/Repair/Facilities Supervisor/Lead - Daventry, UK, Reliability, Maintenance and Engineering (RME)",2,Engineering / Technical,UNKNOWN,,,,,Daventry (2)
Senior Reliability Maintenance Engineering Technician,2,Engineering / Technical,UNKNOWN,,,,,Barlestone (1); Daventry (1)
"Area Manager, Fulfilment Center",2,Operations / General Management,UNKNOWN,,,,,Corsham (1); Dunfermline (1)
"Area Manager, Customer Fulfillment",2,Operations / General Management,UNKNOWN,,,,,Dewsbury (1); Gateshead (1)
Auditor,2,Professional Finance / Accountancy,UNKNOWN,,,,,Not Specified (1); Cambridge (1)
Sales Engineer Louvres and HVAC Systems,2,Engineering / Technical,UNKNOWN,,,,,Leicester (1); Not Specified (1)
Test Technician,2,Engineering / Technical,UNKNOWN,,,,,Ashby-de-la-zouch (1); Clevedon (1)
"Lecturer in Health, Wellbeing and Social Care - Greenford",2,Education / Teaching,UNKNOWN,,,,,Not Specified (2)
"Lecturer in Health, Wellbeing and Social Care - Stratford",2,Education / Teaching,UNKNOWN,,,,,Not Specified (2)
Senior Debt & Revenue Protection Officer - Oxford & Reading,2,Other / Unclassified,UNKNOWN,,,admin_service,,Oxford (1); Not Specified (1)
Trusts and Grants Manager,2,Other / Unclassified,UNKNOWN,,,,,Broxbourne (1); Poole (1)
Care assistant - Wakefield,2,Care / Support Work,UNKNOWN,,,support_worker,,Leeds (1); Wakefield (1)
HGV Class 1 Shaftesbury,1,Driving / Warehouse / Logistics,UNKNOWN,,,,,Shaftesbury (1)
HGV Class 1 Driver - New passes welcome - Up to £20ph,1,Driving / Warehouse / Logistics,UNKNOWN,,,,,Scunthorpe (1)
Class 1 HGV,1,Driving / Warehouse / Logistics,UNKNOWN,,,,,Harlow (1)
Seasonal Brand Home Guides - Caol Ila,1,Other / Unclassified,UNKNOWN,,,,,Not Specified (1)
Warehouse Supervisor - Crosshands,1,Driving / Warehouse / Logistics,UNKNOWN,,,warehouse_logistics,,Carmarthen (1)
"Hearing Aid Audiologist, Leatherhead",1,Other / Unclassified,UNKNOWN,,,,,Leatherhead (1)
"Hearing Aid Audiologist, Keswick",1,Other / Unclassified,UNKNOWN,,,,,Keswick (1)
"Accounts Assistant, Up to 12 Months FTC",1,Professional Finance / Accountancy,UNKNOWN,,,finance_accounts,,Farnham (1)
"Mobile Dispensing Optician, Cobham",1,Other / Unclassified,UNKNOWN,,,,,Cobham (1)
"Mobile Dispensing Optician, Crawley",1,Other / Unclassified,UNKNOWN,,,,,Crawley (1)
"Mobile Dispensing Optician, Camberley",1,Other / Unclassified,UNKNOWN,,,,,Camberley (1)
CPCS Forklift Driver,1,Driving / Warehouse / Logistics,UNKNOWN,,,warehouse_logistics,,Didcot (1)
HGV 2 Recycling Driver,1,Driving / Warehouse / Logistics,UNKNOWN,,,,,Bridgwater (1)
Lead Systems Engineer (DA) Land CEMA,1,IT / Data / Software,UNKNOWN,,,,,Basildon (1)
Registered Manager Children's Residential Home,1,Other / Unclassified,UNKNOWN,,,,,Leatherhead (1)
Junior Application Support Analyst,1,Other / Unclassified,UNKNOWN,,,,,City (1)
Escort/Handyperson,1,Other / Unclassified,UNKNOWN,,,,,Swaffham (1)
"Trust & Tax Specialist (ATT, CTA or STEP Qualified)",1,Professional Finance / Accountancy,UNKNOWN,,,,,Liverpool (1)
Workday EDM Solution Consultant with German,1,Other / Unclassified,UNKNOWN,,,,,City (1)
Senior Machine Learning Engineer,1,Engineering / Technical,UNKNOWN,,,,,Not Specified (1)
Workday Compensation/Advanced Compensation Consultant- PDS,1,Other / Unclassified,UNKNOWN,,,,,City (1)
Requirements Management Systems Engineer,1,IT / Data / Software,UNKNOWN,,,,,Edinburgh (1)
Senior Industry Practice Lead (Subject Matter Expert) - Tax Authorities,1,Professional Finance / Accountancy,UNKNOWN,,,,,Not Specified (1)
Senior Application Engineer (Jira ITSM),1,Engineering / Technical,UNKNOWN,,,,,Yeovil (1)
Principal Software Engineer (DevSecOps),1,IT / Data / Software,UNKNOWN,,,,,Lincoln (1)
Senior Application Engineer (SIEM),1,Engineering / Technical,UNKNOWN,,,,,Yeovil (1)
Electrical Supervisor (Commercial / Domestic),1,Engineering / Technical,UNKNOWN,,,,,Scunthorpe (1)
"Hearing Aid Audiologist, Surrey",1,Other / Unclassified,UNKNOWN,,,,,Billingshurst (1)
HGV Class 1 Driver 50 hours guaranteed plus overtime,1,Driving / Warehouse / Logistics,UNKNOWN,,,,,Lichfield (1)
HGV Driver Tautliner,1,Driving / Warehouse / Logistics,UNKNOWN,,,,,Not Specified (1)
Senior Product Analyst,1,Other / Unclassified,UNKNOWN,,,,,Not Specified (1)
Class 1 HGV ADR Tanker Driver,1,Driving / Warehouse / Logistics,UNKNOWN,,,,,Widnes (1)
Class 2 ADR Tanker Driver - Weekends - Elland,1,Driving / Warehouse / Logistics,UNKNOWN,,,,,Elland (1)
Qualified School Bus PCV Driver,1,Education / Teaching,UNKNOWN,,,,,Newbury (1)
HGV Class 1 Night Drivers Thursday to Sunday,1,Driving / Warehouse / Logistics,UNKNOWN,,,,,Knottingley (1)
HGV 1 Drivers - Preston,1,Driving / Warehouse / Logistics,UNKNOWN,,,,,Preston (1)
Class 1 ADR Tanker Driver (C+E) - Days - Southampton (Fawley),1,Driving / Warehouse / Logistics,UNKNOWN,,,,,Southampton (1)
HGV CE day & night work,1,Driving / Warehouse / Logistics,UNKNOWN,,,,,Gloucester (1)
HGV Class 1 Driver - Ports,1,Driving / Warehouse / Logistics,UNKNOWN,,,,,Widnes (1)
Class 2 Minibulk Drivers,1,Other / Unclassified,UNKNOWN,,,,,Grangemouth (1)
Bellshill Driver Class 1,1,Driving / Warehouse / Logistics,UNKNOWN,,,,,Bellshill (1)
Director - Category Manager EXM-Biologics (BIO),1,Procurement / Buying / Supply Chain,UNKNOWN,,,,,Harlow (1)
Lead Systems Engineer - MKO Radar Modes,1,IT / Data / Software,UNKNOWN,,,,,Edinburgh (1)
GCAP Lead Systems Engineer,1,IT / Data / Software,UNKNOWN,,,,,Edinburgh (1)
De Brief Clerk,1,Other / Unclassified,UNKNOWN,,,,,Bodmin (1)
Senior Client Manager - Accounts & Tax,1,Professional Finance / Accountancy,UNKNOWN,,,finance_accounts,,Newton Abbot (1)
Integration Team Lead,1,Other / Unclassified,UNKNOWN,,,,,Fareham (1)
A&E Senior Nurse & Safeguarding Lead Band 7,1,Healthcare / Clinical,UNKNOWN,,,,,Not Specified (1)
Qualified Coach PCV Driver,1,Driving / Warehouse / Logistics,UNKNOWN,,,,,Newbury (1)
"Full Stack Developer, Aladdin Trading Engineering, Associate",1,IT / Data / Software,UNKNOWN,,,,,Not Specified (1)
System Engineer - Land CEMA (All Levels),1,Engineering / Technical,UNKNOWN,,,,,Southampton (1)
Software Engineer - Mission Management Systems,1,IT / Data / Software,UNKNOWN,,,,,Yeovil (1)
D365 Solution Architect,1,IT / Data / Software,UNKNOWN,,,,,City (1)
Client Director,1,Other / Unclassified,UNKNOWN,,,,,Chelmsford (1)
Applications Technician,1,Engineering / Technical,UNKNOWN,,,,,Letchworth Garden City (1)
HGV 2 Dust Cart Driver,1,Driving / Warehouse / Logistics,UNKNOWN,,,,,Norwich (1)
Sales Manager Temporary Structures,1,Sales / Business Development,UNKNOWN,,,,,Kettering (1)
PCV Coach Driver,1,Driving / Warehouse / Logistics,UNKNOWN,,,,,Southampton (1)
"Optometrist, Southampton",1,Other / Unclassified,UNKNOWN,,,,,Southampton (1)
"Optometrist - Andover, Hampshire - Independent - Up to 70K",1,Other / Unclassified,UNKNOWN,,,,,Andover (1)
"Optometrist - Hastings, East Sussex - Independent Opticians - Up to 70K",1,Other / Unclassified,UNKNOWN,,,,,Hastings (1)
Class 1 and 2 drivers,1,Other / Unclassified,UNKNOWN,,,,,Bicester (1)
HGV2 Class 2 Driver,1,Driving / Warehouse / Logistics,UNKNOWN,,,,,Bedford (1)
HGV Class 1 - Luton Rota's available!!,1,Driving / Warehouse / Logistics,UNKNOWN,,,,,Milton Keynes (1)
HGV Class 1 Driver - Night Work,1,Driving / Warehouse / Logistics,UNKNOWN,,,,,Aylesbury (1)
HGV Class 1 night trunk,1,Driving / Warehouse / Logistics,UNKNOWN,,,,,Gloucester (1)
HGV Class 1 Driver Afternoons,1,Driving / Warehouse / Logistics,UNKNOWN,,,,,Nuneaton (1)
12t Driver,1,Driving / Warehouse / Logistics,UNKNOWN,,,,,Hoddesdon (1)
Shunter Driver - Daventry,1,Driving / Warehouse / Logistics,UNKNOWN,,,,,Daventry (1)
Multi Drop Van Driver,1,Driving / Warehouse / Logistics,UNKNOWN,,,,,Exeter (1)
Class 2 HGV Driver - Cheltenham,1,Driving / Warehouse / Logistics,UNKNOWN,,,,,Cheltenham (1)
Class 2 ADR Tanker Driver - Days- Newbury,1,Driving / Warehouse / Logistics,UNKNOWN,,,,,Newbury (1)
Lettings Officer,1,Construction / Trades / Property,UNKNOWN,,,admin_service,,Plymouth (1)
Senior Talent Acquisition Resourcer (6 Months FTC),1,HR / Recruitment,UNKNOWN,,,hr_recruitment,,City (1)
Assistant operations manager,1,Operations / General Management,UNKNOWN,,,,,Thurso (1)
"Zoetis Veterinary Consultant, Ruminants - Contract 12 months",1,Healthcare / Clinical,UNKNOWN,,,,,Not Specified (1)
Warehouse Assistant - Pontesbury,1,Driving / Warehouse / Logistics,UNKNOWN,,,warehouse_logistics,,Not Specified (1)
Science Teacher Birmingham & Solihull September 2026,1,Education / Teaching,UNKNOWN,,,,,Not Specified (1)
Maths Teacher Birmingham & Solihull September 2026,1,Education / Teaching,UNKNOWN,,,,,Not Specified (1)
SEND TA- Wolverhampton,1,Other / Unclassified,UNKNOWN,,,,,Not Specified (1)
QTS Secondary Supply Teacher Solihull,1,Education / Teaching,UNKNOWN,,,,,Solihull (1)
QTS Secondary Supply Teacher Birmingham,1,Education / Teaching,UNKNOWN,,,,,Not Specified (1)
SEN TA- Birmingham,1,Education / Teaching,UNKNOWN,,,,,Not Specified (1)
Internal Account Management Team Lead,1,Other / Unclassified,UNKNOWN,,,,,Brighton (1)
Healthcare Teaching Assistant,1,Education / Teaching,UNKNOWN,,,,,Lincoln (1)
X3 Consultant,1,Other / Unclassified,UNKNOWN,,,,,Bracknell (1)
Senior Platform Engineer (Azure),1,Engineering / Technical,UNKNOWN,,,,,Cardiff (1)
Senior User Researcher - SC Cleared - Cyber Security - Contract,1,IT / Data / Software,UNKNOWN,,,,,Not Specified (1)
Behaviour Support Assistant,1,Other / Unclassified,KNOWN,support_worker:ELASTIC_FIT; hr_recruitment:REVIEW_CONTEXT_DEPENDENT,support_worker,,,Liverpool (1)
SEN Support Assistant,1,Education / Teaching,UNKNOWN,,,,,Liverpool (1)
SC Cleared Technical Delivery Manager,1,Other / Unclassified,UNKNOWN,,,,,Not Specified (1)
CILEX Law Lecturer - Remote Delivery,1,Education / Teaching,UNKNOWN,,,,,Not Specified (1)
HGV Driver/Loader - Lambeth,1,Driving / Warehouse / Logistics,UNKNOWN,,,,,Not Specified (1)
Teaching Assistant (HLTA),1,Education / Teaching,UNKNOWN,,,,,Blackburn (1)
"Primary Tutor - Taunton, Somerset",1,Education / Teaching,UNKNOWN,,,,,Taunton (1)
Philosophy Tutor - EOTAS Student - Berkshire,1,Education / Teaching,UNKNOWN,,,,,Wokingham (1)
KS1 Class Teacher,1,Education / Teaching,UNKNOWN,,,,,Ealing (1)
Year 1 Class Teacher,1,Education / Teaching,UNKNOWN,,,,,Ealing (1)
Criminology Lecturer,1,Education / Teaching,UNKNOWN,,,,,Not Specified (1)
English Tutor,1,Education / Teaching,UNKNOWN,,,,,Doncaster (1)
Applied AI Engineer,1,Engineering / Technical,UNKNOWN,,,,,Nottingham (1)
AI Product Engineer,1,Engineering / Technical,UNKNOWN,,,,,Not Specified (1)
Aspiring Psychologist - Mental Health Youth Support,1,Other / Unclassified,UNKNOWN,,,,,Reading (1)
Behaviour Support Assistant - Wantage,1,Other / Unclassified,UNKNOWN,,,,,Wantage (1)
Mental Health Support Assistant - Slough,1,Other / Unclassified,UNKNOWN,,,,,Slough (1)
Mental Health Teaching Assistant - Oxford,1,Education / Teaching,UNKNOWN,,,,,Oxford (1)
KS2 Supply Teacher,1,Education / Teaching,UNKNOWN,,,,,Rotherham (1)
Data Management SME/Consultant,1,Other / Unclassified,UNKNOWN,,,,,Not Specified (1)
Alternative Provision/SEN Teaching Assistant,1,Education / Teaching,UNKNOWN,,,,,Cheltenham (1)
Pastoral Teaching Assistant,1,Education / Teaching,UNKNOWN,,,,,Not Specified (1)
Art Technician,1,Engineering / Technical,UNKNOWN,,,,,Barnet (1)
Customer Engineer,1,Engineering / Technical,UNKNOWN,,,,,Not Specified (1)
Project Manager - SC Clear,1,Operations / General Management,UNKNOWN,,,,,Not Specified (1)
Technical Support Engineer,1,IT / Data / Software,UNKNOWN,,,,,Eastleigh (1)
AI Software Engineer,1,IT / Data / Software,UNKNOWN,,,,,Leicester (1)
Whole Class Teaching Assistant,1,Education / Teaching,UNKNOWN,,,,,Sheffield (1)
Lower Key Stage 2 Teacher,1,Education / Teaching,UNKNOWN,,,,,Doncaster (1)
Learning Support Officer,1,Education / Teaching,UNKNOWN,,,admin_service,,Manchester (1)
CEO Office Business Manager & Strategic Projects Lead,1,Operations / General Management,UNKNOWN,,,admin_service,,Uxbridge (1)
Supply Teacher Needed in Tonbridge,1,Education / Teaching,UNKNOWN,,,,,Tonbridge (1)
Senior / Lead Digital Architect,1,Marketing / Digital / Creative,UNKNOWN,,,,,Sheffield (1)
Experienced SEN Teaching Assistant,1,Education / Teaching,UNKNOWN,,,,,Barnet (1)
1:1 SEN Teaching Assistant,1,Education / Teaching,UNKNOWN,,,,,Sheffield (1)
Senior Java Architect - Payments,1,Other / Unclassified,UNKNOWN,,,,,Not Specified (1)
Technician 2,1,Engineering / Technical,UNKNOWN,,,,,Edinburgh (1)
Physical Education Teacher,1,Education / Teaching,UNKNOWN,,,,,Dunblane (1)
CACHE Level 3 EYFS Teaching Assistant,1,Education / Teaching,UNKNOWN,,,,,Sheffield (1)
Early Career Teacher,1,Education / Teaching,UNKNOWN,,,,,Leeds (1)
DT Technician,1,Engineering / Technical,UNKNOWN,,,,,Not Specified (1)
Teaching Assistant - Salisbury,1,Education / Teaching,UNKNOWN,,,,,Salisbury (1)
Infrastructure Engineer (Windows & SQL),1,IT / Data / Software,UNKNOWN,,,,,Not Specified (1)
NetSuite Technical Consultant,1,Other / Unclassified,UNKNOWN,,,,,Gloucester (1)
"Founding Machine Learning Engineer, Robot Learning",1,Engineering / Technical,UNKNOWN,,,,,Not Specified (1)
Manufacturing Trainer (Lates),1,Other / Unclassified,UNKNOWN,,,,,Old Sarum (1)
Rewards Senior Product Owner,1,Other / Unclassified,UNKNOWN,,,,,Not Specified (1)
2nd Line Support Engineer,1,Engineering / Technical,UNKNOWN,,,,,Redditch (1)
Cloud Platform Engineer,1,IT / Data / Software,UNKNOWN,,,,,Shiremoor (1)
Technical Delivery Manager,1,Other / Unclassified,UNKNOWN,,,,,Knutsford (1)
Progress Parnter,1,Other / Unclassified,UNKNOWN,,,,,South Croydon (1)
HGV Driver/Loader - Mid Sussex,1,Driving / Warehouse / Logistics,UNKNOWN,,,,,Not Specified (1)
Graduate Inclusion Support Assistant,1,Other / Unclassified,UNKNOWN,,,,,Slough (1)
Salesforce Technical Architect,1,Other / Unclassified,UNKNOWN,,,,,Ealing (1)
Level 3 Nursery Practitioner,1,Other / Unclassified,UNKNOWN,,,,,Dartford (1)
"Programme Tutor Assessor in Admin, Business & Customer Service",1,Education / Teaching,UNKNOWN,,,admin_service; customer_service_contact_centre,,Grimsby (1)
Service Delivery Analyst - 12 month FTC,1,Other / Unclassified,UNKNOWN,,,,,Not Specified (1)
Graduate Teaching & Learning Assistant,1,Education / Teaching,UNKNOWN,,,,,Slough (1)
Content Management System Support,1,Marketing / Digital / Creative,UNKNOWN,,,,,Not Specified (1)
Unqualified Nursery Practitioner,1,Other / Unclassified,UNKNOWN,,,,,Not Specified (1)
Inclusive Learning Teaching Assistant,1,Education / Teaching,UNKNOWN,,,,,Bracknell (1)
Learning & Inclusion Support Assistant,1,Other / Unclassified,UNKNOWN,,,,,Wokingham (1)
Senior Legal Technology Analyst,1,Legal / Conveyancing,UNKNOWN,,,,,Not Specified (1)
Behaviour Support Assistant - Oxford,1,Other / Unclassified,KNOWN,support_worker:ELASTIC_FIT,support_worker,,,Oxford (1)
Autism Specialist Support Assistant - Maidenhead,1,Other / Unclassified,UNKNOWN,,,,,Maidenhead (1)
Head of IT,1,Other / Unclassified,UNKNOWN,,,,,Manchester (1)
Mental Health Assistant - Reading,1,Other / Unclassified,UNKNOWN,,,,,Reading (1)
SEN Support & Intervention Assistant,1,Education / Teaching,UNKNOWN,,,,,Slough (1)
Food Technology Teacher - Thetford,1,Education / Teaching,UNKNOWN,,,,,Thetford (1)
Psychology Graduate - Wantage,1,Other / Unclassified,UNKNOWN,,,,,Wantage (1)
Mental Health Support - Abingdon,1,Other / Unclassified,UNKNOWN,,,,,Oxford (1)
IT Co-ordinator,1,Other / Unclassified,UNKNOWN,,,,,Bristol (1)
Senior IT Technician,1,Engineering / Technical,UNKNOWN,,,,,Frodsham (1)
SEN Teaching Assistant - King's Lynn,1,Education / Teaching,UNKNOWN,,,,,King's Lynn (1)
Classroom Assistant- Stroud,1,Other / Unclassified,UNKNOWN,,,,,Stroud (1)
Nursery Assistant- Gloucester,1,Other / Unclassified,UNKNOWN,,,,,Gloucester (1)
Sen Teaching Assistant immediate start,1,Education / Teaching,UNKNOWN,,,,,Royston (1)
SEN Teaching Assistant - Permanent Position in Peterborough,1,Education / Teaching,UNKNOWN,,,,,Peterborough (1)
SEN Teaching Assistant in Norwich - Long Term,1,Education / Teaching,UNKNOWN,,,,,Norwich (1)
SEN Support,1,Education / Teaching,UNKNOWN,,,,,Bradford (1)
Autism Specialist Teaching Assistants Needed in Preston,1,Education / Teaching,UNKNOWN,,,,,Preston (1)
Liverpool Based 121 Tutors needed,1,Other / Unclassified,UNKNOWN,,,,,Liverpool (1)
SEN Teaching Assistant- Cheltenham,1,Education / Teaching,UNKNOWN,,,,,Cheltenham (1)
SEN Teaching Assistant - Bournville,1,Education / Teaching,UNKNOWN,,,,,Not Specified (1)
Teaching Assistant - Bournville,1,Education / Teaching,UNKNOWN,,,,,Not Specified (1)
Plumbing & Gas Assessor,1,Other / Unclassified,UNKNOWN,,,,,Doncaster (1)
Plumbing/ Heating Lecturer,1,Education / Teaching,UNKNOWN,,,,,Northampton (1)
Plumbing/ Gas Assessor,1,Other / Unclassified,UNKNOWN,,,,,Northampton (1)
Interim Quantum / Cryptography Specialist,1,Other / Unclassified,UNKNOWN,,,,,Not Specified (1)
Travel and Tourism Lecturer,1,Education / Teaching,UNKNOWN,,,,,Loughborough (1)
Computing Lecturer / Trainer,1,Education / Teaching,UNKNOWN,,,,,Cambridge (1)
Plumbing Lecturer / Trainer,1,Education / Teaching,UNKNOWN,,,,,Cheltenham (1)
Senior Technical Consultant - Cloud (1 day in London per week),1,IT / Data / Software,UNKNOWN,,,,,Not Specified (1)
Operations & Programme Manager,1,Operations / General Management,UNKNOWN,,,,,Not Specified (1)
Lead Cloud Solutions Architect - 1 Day a week in London,1,IT / Data / Software,UNKNOWN,,,,,Not Specified (1)
Web Development Manager / Platform Manager - Drupal,1,Other / Unclassified,UNKNOWN,,,,,Not Specified (1)
College Wellbeing Officer,1,Other / Unclassified,UNKNOWN,,,admin_service,,York (1)
Conduct and Respect Advisor,1,Other / Unclassified,UNKNOWN,,,,,York (1)
D365 Systems Manager,1,Other / Unclassified,UNKNOWN,,,,,Not Specified (1)
Apprenticeship Employer Engagement Consultant,1,Other / Unclassified,UNKNOWN,,,,,Bewdley (1)
Psychology Graduate - Mental Health Assistant,1,Other / Unclassified,KNOWN,hr_recruitment:REVIEW_CONTEXT_DEPENDENT,,,,Aylesbury (1)
Electrical Installation Apprenticeship Specialist,1,Engineering / Technical,UNKNOWN,,,,,Not Specified (1)
Senior AWS DevOps Engineer,1,IT / Data / Software,UNKNOWN,,,,,Bristol (1)
Heating & Plumbing Lecturer,1,Education / Teaching,UNKNOWN,,,,,Salisbury (1)
Carpentry Lecturer / Trainer,1,Education / Teaching,UNKNOWN,,,,,Salisbury (1)
3rd Line Security Analyst,1,Other / Unclassified,UNKNOWN,,,,,Reading (1)
Senior Analytics Engineering Consultant,1,Engineering / Technical,UNKNOWN,,,,,Not Specified (1)
Senior Azure DevOps Engineer,1,IT / Data / Software,UNKNOWN,,,,,Bristol (1)
Security Architect (Utilities),1,Other / Unclassified,UNKNOWN,,,,,Not Specified (1)
Solutions Architect (HR Transformation),1,IT / Data / Software,UNKNOWN,,,hr_recruitment,,Reading (1)
Product Design Teacher,1,Education / Teaching,UNKNOWN,,,,,Leicester (1)
Early Years,1,Other / Unclassified,UNKNOWN,,,,,Chesham (1)
Student Hub Advisor,1,Other / Unclassified,UNKNOWN,,,,,Leeds (1)
KS2 Primary Teacher,1,Education / Teaching,UNKNOWN,,,,,Not Specified (1)
Lead Salesforce Implementation Specialist,1,Other / Unclassified,UNKNOWN,,,,,Sheffield (1)
EYFS Primary Teacher,1,Education / Teaching,UNKNOWN,,,,,Not Specified (1)
COMPUTING TEACHER,1,Education / Teaching,UNKNOWN,,,,,Not Specified (1)
Specialist SEND Teacher,1,Education / Teaching,UNKNOWN,,,,,Hindhead (1)
ICT Cyber Security Apprentice,1,IT / Data / Software,UNKNOWN,,,,,Nottingham (1)
Refuse Truck Driver,1,Driving / Warehouse / Logistics,UNKNOWN,,,,,Heywood (1)
Join HAYS as a Primary Supply Teacher in East Grinstead!,1,Education / Teaching,UNKNOWN,,,,,East Grinstead (1)
Java developer - Contract,1,IT / Data / Software,UNKNOWN,,,,,Newcastle Upon Tyne (1)
Electrical Tutor / Assessor,1,Education / Teaching,UNKNOWN,,,,,Leeds (1)
Primary Teachers,1,Other / Unclassified,UNKNOWN,,,,,Blackpool (1)
Mechanical Engineering Lecturer,1,Education / Teaching,UNKNOWN,,,,,Manchester (1)
Service Design and Transition Lead,1,Other / Unclassified,UNKNOWN,,,,,Not Specified (1)
Lead Internal Quality Assurer,1,Other / Unclassified,UNKNOWN,,,,,Hull (1)
SEMH Primary Teacher,1,Education / Teaching,UNKNOWN,,,,,Not Specified (1)
User Researcher,1,Other / Unclassified,UNKNOWN,,,,,Liverpool (1)
Infrastructure Analyst,1,IT / Data / Software,UNKNOWN,,,,,Liverpool (1)
"SC Cleared Head of Data, AI & Automation",1,Other / Unclassified,UNKNOWN,,,,,Not Specified (1)
IT Security Assistant Vice President,1,Other / Unclassified,UNKNOWN,,,,,Not Specified (1)
Secondary - French and Spanish Teacher,1,Education / Teaching,UNKNOWN,,,,,Not Specified (1)
Graduate Mental Health Assistant,1,Other / Unclassified,UNKNOWN,,,,,High Wycombe (1)
AI & CRM Implementation Specialist,1,Other / Unclassified,UNKNOWN,,,,,Not Specified (1)
Primary ECT Opportunities in the Polegate Area - Full-Time,1,Other / Unclassified,UNKNOWN,,,,,Polegate (1)
KS1 Supply Teacher - Flexible Opportunities in Eastbourne,1,Education / Teaching,UNKNOWN,,,,,Eastbourne (1)
Join HAYS Education as a Primary Supply Teacher in Heathfield!,1,Education / Teaching,UNKNOWN,,,,,Heathfield (1)
Data Governance Consultant,1,Other / Unclassified,UNKNOWN,,,,,Bristol (1)
Join HAYS Education as a Primary Supply Teacher in Wadhurst!,1,Education / Teaching,UNKNOWN,,,,,Wadhurst (1)
Primary ECT Opportunities in the East Grinstead Area,1,Other / Unclassified,UNKNOWN,,,,,East Grinstead (1)
1st Line Service Desk Engineer / IT Support Analyst,1,IT / Data / Software,UNKNOWN,,,,,Basingstoke (1)
KS1 Supply Teacher - Flexible Opportunities in Seaford,1,Education / Teaching,UNKNOWN,,,,,Seaford (1)
Outdoor Nursery Manager - Full-Time 4d week,1,Other / Unclassified,UNKNOWN,,,,,Cobham (1)
Primary School Behaviour Mnetor,1,Education / Teaching,UNKNOWN,,,,,Not Specified (1)
Graduate Community Engagement Officer,1,Other / Unclassified,UNKNOWN,,,admin_service,,New Malden (1)
Information Security Engineer,1,IT / Data / Software,UNKNOWN,,,,,Manchester (1)
"Primary Teaching Assistant - Walthamstow, London",1,Education / Teaching,UNKNOWN,,,,,Not Specified (1)
Data Management Manager,1,Other / Unclassified,UNKNOWN,,,,,Not Specified (1)
AI & Automation Developer,1,IT / Data / Software,UNKNOWN,,,,,Manchester (1)
Criminal Justice Mentor,1,Other / Unclassified,UNKNOWN,,,,,Southampton (1)
Day-to-Day Primary Teachers - Finsbury Park,1,Other / Unclassified,UNKNOWN,,,,,Not Specified (1)
Community Engagement Officer,1,Other / Unclassified,KNOWN,admin_service:OUT_OF_SCOPE; hr_recruitment:REVIEW_CONTEXT_DEPENDENT,,admin_service,,New Malden (1)
Student Engagement Officer,1,Other / Unclassified,UNKNOWN,,,admin_service,,New Malden (1)
M365 Developer,1,IT / Data / Software,UNKNOWN,,,,,Ashton-under-lyne (1)
Nursery Managers Required For Schools And Nurseries,1,Other / Unclassified,UNKNOWN,,,,,Not Specified (1)
Analytics Engineer,1,Engineering / Technical,UNKNOWN,,,,,Not Specified (1)
Infrastructure and Security Administrator,1,IT / Data / Software,UNKNOWN,,,admin_service,,Derby (1)
Campus Laboratory Technician,1,Engineering / Technical,UNKNOWN,,,,,Oswestry (1)
Nursery Teacher Job Birmingham,1,Education / Teaching,UNKNOWN,,,,,Not Specified (1)
Day-to-Day Primary Teachers - Tufnell Park,1,Other / Unclassified,UNKNOWN,,,,,Not Specified (1)
Autism Support Worker,1,Care / Support Work,KNOWN,support_worker:HIGH_CONFIDENCE,support_worker,support_worker,,Bromley (1)
Supply Primary Teacher Jobs Rowely Regis,1,Education / Teaching,UNKNOWN,,,,,Rowley Regis (1)
Level 3 or Level 2 Nursery Nurse,1,Healthcare / Clinical,UNKNOWN,,,,,Hounslow (1)
Power Platform Developer,1,IT / Data / Software,UNKNOWN,,,,,Not Specified (1)
DT Teacher,1,Education / Teaching,UNKNOWN,,,,,Not Specified (1)
Finance Enterprise Architect,1,Professional Finance / Accountancy,UNKNOWN,,,finance_accounts,,Not Specified (1)
Head of Cyber Security,1,IT / Data / Software,UNKNOWN,,,,,Not Specified (1)
Pricing Analyst - Data & Pricing Program,1,Other / Unclassified,UNKNOWN,,,,,Not Specified (1)
KS1 Supply Teacher - Flexible Opportunities in Newhaven,1,Education / Teaching,UNKNOWN,,,,,Newhaven (1)
Primary School HLTA,1,Education / Teaching,UNKNOWN,,,,,Hornchurch (1)
Senior AI & Automation Engineer,1,Engineering / Technical,UNKNOWN,,,,,Newcastle Upon Tyne (1)
Curriculum Area Manager,1,Education / Teaching,UNKNOWN,,,,,Broxbourne (1)
Level 2 and 3 Nursery practitioners,1,Other / Unclassified,UNKNOWN,,,,,Bagshot (1)
HE Development Manager,1,Other / Unclassified,UNKNOWN,,,,,Ware (1)
Join HAYS Education as a Primary Supply Teacher in Uckfield!,1,Education / Teaching,UNKNOWN,,,,,Uckfield (1)
Year 1 Teacher,1,Education / Teaching,UNKNOWN,,,,,Hemel Hempstead (1)
PRU Learning Support Assistant,1,Education / Teaching,UNKNOWN,,,,,Stoke-on-trent (1)
ECT Opportunities in the Newhaven Area,1,Other / Unclassified,UNKNOWN,,,,,Newhaven (1)
Business Studies,1,Other / Unclassified,UNKNOWN,,,,,Aylesbury (1)
Lead Data Engineer,1,IT / Data / Software,UNKNOWN,,,,,Reading (1)
Neurodiversity Teaching Assistant,1,Education / Teaching,UNKNOWN,,,,,Not Specified (1)
Year 3 1:1 LSA,1,Other / Unclassified,UNKNOWN,,,,,Hornchurch (1)
Software Engineer - C++ (SC Cleared),1,IT / Data / Software,UNKNOWN,,,,,Cheltenham (1)
Level 2 EYFS Practitioner (SEN Support),1,Education / Teaching,UNKNOWN,,,,,Lancaster (1)
Secondary Geography Teacher,1,Education / Teaching,UNKNOWN,,,,,Ellesmere Port (1)
Year 4 Primary Teacher - Godstone,1,Education / Teaching,UNKNOWN,,,,,Godstone (1)
Workday Financials Reporting Analyst,1,Other / Unclassified,UNKNOWN,,,,,Not Specified (1)
Drama Teacher,1,Education / Teaching,UNKNOWN,,,,,High Wycombe (1)
Crane Operator Trainer,1,Other / Unclassified,UNKNOWN,,,,,Biggleswade (1)
Year 5 Learning Mentor,1,Other / Unclassified,UNKNOWN,,,,,Barnet (1)
SEND Lecturer - Entry Level Programmes (E1-E3),1,Education / Teaching,UNKNOWN,,,,,Hayes (1)
"SEND Lecturer - Functional Skills, Life Skills, Horticulture & Retail",1,Education / Teaching,UNKNOWN,,,,,Hayes (1)
SEND Lecturer - Employability & Vocational Studies,1,Education / Teaching,UNKNOWN,,,,,Uxbridge (1)
Foundation SEND Lecturer,1,Education / Teaching,UNKNOWN,,,,,Harrow (1)
Academic Support Assistant,1,Education / Teaching,UNKNOWN,,,,,Ballymena (1)
KS2 Learning Mentor,1,Other / Unclassified,UNKNOWN,,,,,Barnet (1)
Part-time Teacher of Music,1,Education / Teaching,UNKNOWN,,,,,Barnet (1)
Senior Business Continuity & Information Security Manager,1,Other / Unclassified,UNKNOWN,,,,,Not Specified (1)
Cyber Security Engineer,1,IT / Data / Software,UNKNOWN,,,,,Stevenage (1)
School Administrator - short term,1,Education / Teaching,UNKNOWN,,,admin_service,,Widnes (1)
SEN Teaching Assistant (Nursery & Reception),1,Education / Teaching,UNKNOWN,,,admin_service,,Enfield (1)
"Reception Teaching Assistant/ EYFS TA - Redbridge, London",1,Education / Teaching,UNKNOWN,,,admin_service,,Ilford (1)
Nursery Teaching Assistant (Level 3),1,Education / Teaching,UNKNOWN,,,,,Enfield (1)
SEN Teacher - Primary Phase,1,Education / Teaching,UNKNOWN,,,,,Barnsley (1)
Teaching Assistant - SEN School,1,Education / Teaching,UNKNOWN,,,,,Wakefield (1)
SEN Teacher Primary School,1,Education / Teaching,UNKNOWN,,,,,Not Specified (1)
IT Product Specialist,1,Other / Unclassified,UNKNOWN,,,,,Milton Keynes (1)
School Administrator - Haringey,1,Education / Teaching,UNKNOWN,,,admin_service,,Not Specified (1)
Specialised Secondary Subject Tutor,1,Education / Teaching,UNKNOWN,,,,,Not Specified (1)
Full Stack Developer,1,IT / Data / Software,UNKNOWN,,,,,Upminster (1)
Head of PMO / Project Delivery Lead,1,Other / Unclassified,UNKNOWN,,,,,Not Specified (1)
Communication Support Teaching Assistant,1,Education / Teaching,UNKNOWN,,,,,Not Specified (1)
2nd Line Helpdesk Engineer,1,IT / Data / Software,UNKNOWN,,,,,Not Specified (1)
Special Needs Teacher,1,Education / Teaching,UNKNOWN,,,,,Kidderminster (1)
Primary - HLTA,1,Other / Unclassified,UNKNOWN,,,,,Doncaster (1)
BTEC Level 3 Sport Teacher,1,Education / Teaching,UNKNOWN,,,,,Not Specified (1)
Senior SOC Analyst - DV Clearance,1,Other / Unclassified,UNKNOWN,,,,,Not Specified (1)
Academic/ Pastoral Coach,1,Education / Teaching,UNKNOWN,,,,,Not Specified (1)
AI & DATA - Programme Tutor Assessor,1,Education / Teaching,UNKNOWN,,,,,Grimsby (1)
"Primary Teacher (EYFS, KS1 & KS2) - September 2026 Start",1,Education / Teaching,UNKNOWN,,,,,Wakefield (1)
Higher Level Teaching Assistant (HLTA) - Wakefield area,1,Education / Teaching,UNKNOWN,,,,,Wakefield (1)
Primary Teacher - Supply & Long-Term,1,Education / Teaching,UNKNOWN,,,,,Wakefield (1)
Primary Teacher - Long-Term Opportunities September Start,1,Education / Teaching,UNKNOWN,,,,,Wakefield (1)
Year 5 Class Teacher (KS2) - Pontefract area,1,Education / Teaching,UNKNOWN,,,,,Pontefract (1)
"Year 2 Teacher (KS1) - Full-Time, Long-Term",1,Education / Teaching,UNKNOWN,,,,,Pontefract (1)
"Year 6 Teacher - Full-Time, Long-Term Role",1,Education / Teaching,UNKNOWN,,,,,Normanton (1)
Year 4 Teacher (KS2) - Wakefield area,1,Education / Teaching,UNKNOWN,,,,,Wakefield (1)
Year 3 Teacher - Long-Term,1,Education / Teaching,UNKNOWN,,,,,Pontefract (1)
School Caretaker - Wakefield area,1,Education / Teaching,UNKNOWN,,,,,Wakefield (1)
Teaching Assistant (Primary School) - Full-Time,1,Education / Teaching,UNKNOWN,,,,,Pontefract (1)
Experienced Teaching Assistant - KS1 & KS2,1,Education / Teaching,UNKNOWN,,,,,Pontefract (1)
Director of Transformation,1,Other / Unclassified,UNKNOWN,,,,,Reading (1)
Wirral Based SEND Teaching Assistants Needed,1,Education / Teaching,UNKNOWN,,,,,Wirral (1)
"Teaching Assistant - Primary Schools, Wakefield",1,Education / Teaching,UNKNOWN,,,,,Wakefield (1)
KS1 Teacher - Wakefield Primary Schools,1,Education / Teaching,UNKNOWN,,,,,Wakefield (1)
KS2 Teacher - Wakefield Primary Schools,1,Education / Teaching,UNKNOWN,,,,,Wakefield (1)
Senior Leadership Opportunities - Specialist Education,1,Education / Teaching,UNKNOWN,,,,,Manchester (1)
Primary Teacher (QTS),1,Education / Teaching,UNKNOWN,,,,,Manchester (1)
"Aspiring Maths Teacher Program - &;28,000",1,Education / Teaching,UNKNOWN,,,,,Not Specified (1)
"Aspiring English Teacher Program - &;28,000",1,Education / Teaching,UNKNOWN,,,,,Not Specified (1)
"Graduate Academic Mentor - &;28,000",1,Education / Teaching,UNKNOWN,,,,,Not Specified (1)
First-Class Graduate Mentor (KS5),1,Other / Unclassified,UNKNOWN,,,,,Not Specified (1)
Academic Mentor (KS5),1,Education / Teaching,UNKNOWN,,,,,Not Specified (1)
SEN Teaching Assistant - Rossendale,1,Education / Teaching,UNKNOWN,,,,,Rossendale (1)
SEN TA - B29 - New academic year,1,Education / Teaching,UNKNOWN,,,,,Not Specified (1)
3rd Line engineer,1,Engineering / Technical,UNKNOWN,,,,,Hartlepool (1)
Teaching Assistants - B29 - New academic year,1,Education / Teaching,UNKNOWN,,,,,Not Specified (1)
Maths and English Tutor,1,Education / Teaching,UNKNOWN,,,,,Kettering (1)
Higher Level Teaching Assistant (HLTA) - Wakefield area September 2026 Start,1,Education / Teaching,UNKNOWN,,,,,Wakefield (1)
Cyber Security Architect,1,IT / Data / Software,UNKNOWN,,,,,Derby (1)
SEMH Learning Mentor (Alternative Provision),1,Other / Unclassified,UNKNOWN,,,,,Accrington (1)
Primary SEN Teaching Assistant,1,Education / Teaching,UNKNOWN,,,,,Preston (1)
SEN Teaching Assistant - Preston Outstanding Special School,1,Education / Teaching,UNKNOWN,,,,,Preston (1)
Teaching Assistant - Special Provision (Chorley),1,Education / Teaching,UNKNOWN,,,,,Chorley (1)
Teaching Assistant - Key Stage 1 (ASC Provision),1,Education / Teaching,UNKNOWN,,,,,Chorley (1)
IT 1st Line Helpdesk Support Engineer,1,IT / Data / Software,UNKNOWN,,,,,Loughton (1)
EMEA Lead Data Engineer,1,IT / Data / Software,UNKNOWN,,,,,Not Specified (1)
Data & Analytics Lead,1,Other / Unclassified,UNKNOWN,,,,,Not Specified (1)
Senior DevOps Systems Administrator,1,IT / Data / Software,UNKNOWN,,,admin_service,,Guildford (1)
Senior Umbraco .NET Developer,1,IT / Data / Software,UNKNOWN,,,,,Spalding (1)
Contract Cloud infrastructure engineer,1,IT / Data / Software,UNKNOWN,,,,,Derby (1)
Foundation Studies Lecturer,1,Education / Teaching,UNKNOWN,,,,,Widnes (1)
Chargeback Specialist,1,Other / Unclassified,UNKNOWN,,,,,Not Specified (1)
School IT Technician,1,Education / Teaching,UNKNOWN,,,,,Welling (1)
1st Line IT Support / Helpdesk Analyst,1,IT / Data / Software,UNKNOWN,,,,,Rickmansworth (1)
IT School Technician,1,Education / Teaching,UNKNOWN,,,,,Walton-on-thames (1)
Senior Consultant (Google Cloud Analytics),1,IT / Data / Software,UNKNOWN,,,,,Not Specified (1)
Humanities Teacher,1,Education / Teaching,UNKNOWN,,,,,Leighton Buzzard (1)
IT Onsite Support Technician,1,Engineering / Technical,UNKNOWN,,,,,Eastbourne (1)
Senior AWS Platform Engineer (AI Platform),1,Engineering / Technical,UNKNOWN,,,,,Not Specified (1)
Head of Marketing Analytics,1,Marketing / Digital / Creative,UNKNOWN,,,,,Manchester (1)
Junior Developer (C# / .NET),1,IT / Data / Software,UNKNOWN,,,,,Not Specified (1)
Premises,1,Other / Unclassified,UNKNOWN,,,,,Not Specified (1)
Appeals and Complaints Coordinator,1,Admin / Customer Service,UNKNOWN,,,admin_service; customer_service_contact_centre,,Not Specified (1)
Performing Arts Teacher - Immediate start.,1,Education / Teaching,UNKNOWN,,,,,Blackpool (1)
Account Manager - Creative Agency / Channel Marketing,1,Sales / Business Development,UNKNOWN,,,,,Not Specified (1)
EYFS SEN TA,1,Education / Teaching,UNKNOWN,,,,,Not Specified (1)
Art & Design Lecturer,1,Education / Teaching,UNKNOWN,,,,,Croydon (1)
Lecturer in Mechanical Engineering,1,Education / Teaching,UNKNOWN,,,,,Croydon (1)
Junior IT Engineer,1,Engineering / Technical,UNKNOWN,,,,,Not Specified (1)
SEMH Teaching Assistant needed in Liverpool,1,Education / Teaching,UNKNOWN,,,,,Liverpool (1)
Data Migration Analyst,1,Other / Unclassified,UNKNOWN,,,,,Bromsgrove (1)
Class 2 Dustcart HGV,1,Driving / Warehouse / Logistics,UNKNOWN,,,,,Not Specified (1)
Class 2 (white goods),1,Other / Unclassified,UNKNOWN,,,,,Slough (1)
Class 2,1,Other / Unclassified,UNKNOWN,,,,,Northampton (1)
Plant Fitter - HGV,1,Engineering / Technical,UNKNOWN,,,,,Bridgend (1)
Class 1 Mon-Fri ONLY,1,Other / Unclassified,UNKNOWN,,,,,Darlington (1)
Class 1 Driver in Dunstable,1,Driving / Warehouse / Logistics,UNKNOWN,,,,,Dunstable (1)
Dustcart class 2 hgv,1,Driving / Warehouse / Logistics,UNKNOWN,,,,,Not Specified (1)
HGV Class 1 Driver Fresh Produce,1,Driving / Warehouse / Logistics,UNKNOWN,,,,,Ledbury (1)
LGV Class 2 Driver,1,Driving / Warehouse / Logistics,UNKNOWN,,,,,Southampton (1)
HGV Class 1 Tramper Drivers LTD,1,Driving / Warehouse / Logistics,UNKNOWN,,,,,Burton-on-trent (1)
HGV Class 1 Driver New Pass,1,Driving / Warehouse / Logistics,UNKNOWN,,,,,Kenilworth (1)
Sales Account Manager,1,Sales / Business Development,UNKNOWN,,,,,Poole (1)
CRM & Direct Sales Team Leader,1,Sales / Business Development,UNKNOWN,,,,,Slough (1)
Estimator Commercial Roof Maintenance,1,Engineering / Technical,UNKNOWN,,,,,Doncaster (1)
European Category Manager Automotive aftersales products,1,Procurement / Buying / Supply Chain,UNKNOWN,,,,,Not Specified (1)
Lead Gen Manager / Business Development - Franchise New Audiences / Partnerships. Hybrid / Remote,1,Sales / Business Development,UNKNOWN,,,,,Bournemouth (1)
Accountancy Practice Director,1,Professional Finance / Accountancy,UNKNOWN,,,,,Scarborough (1)
Business Development Manager Flat Roof Insulation,1,Sales / Business Development,UNKNOWN,,,,,Leeds (1)
Technical Sales Executive (Marine / Instrumentation),1,Sales / Business Development,UNKNOWN,,,,,Southampton (1)
Specification Sales Manager,1,Sales / Business Development,UNKNOWN,,,,,Bristol (1)
Interim Accountant - Local Government,1,Professional Finance / Accountancy,UNKNOWN,,,,,Not Specified (1)
Senior IT Support Technician,1,IT / Data / Software,UNKNOWN,,,,,Lydney (1)
Teaching Assistant - Daily/Flexible Hours,1,Education / Teaching,UNKNOWN,,,,,Boston (1)
Junior Systems Administrator,1,Admin / Customer Service,UNKNOWN,,,admin_service,,Not Specified (1)
Network Engineer Apprentice,1,IT / Data / Software,UNKNOWN,,,,,Southend-on-sea (1)
Data Delivery Lead,1,Other / Unclassified,UNKNOWN,,,,,Camden (1)
Cloud Architect/ IaC/ Terraform Engineering Lead - Banking,1,IT / Data / Software,UNKNOWN,,,,,Not Specified (1)
Head of IT / IT Manager,1,Other / Unclassified,UNKNOWN,,,,,Manchester (1)
Web Analyst,1,Other / Unclassified,UNKNOWN,,,,,Manchester (1)
Technical Data Analyst (Building Surveying & Housing Asset Data),1,IT / Data / Software,UNKNOWN,,,,,Manchester (1)
"Data, AI and Analytics Consultant, Big 4, Consulting, Central London",1,Other / Unclassified,UNKNOWN,,,,,Not Specified (1)
IT Infrastructure Alert & ITIL Event Manager - DV Clearance,1,IT / Data / Software,UNKNOWN,,,,,Corsham (1)
Learning Support Worker,1,Education / Teaching,KNOWN,support_worker:ELASTIC_FIT,support_worker,support_worker,,Not Specified (1)
Unqualified Cover Supervisor's - Penirth Secondary Schools,1,Education / Teaching,UNKNOWN,,,,,Penrith (1)
Welfare / Teaching Assistant,1,Education / Teaching,UNKNOWN,,,,,Lancaster (1)
Business Systems and Transformation Director,1,Other / Unclassified,UNKNOWN,,,,,Wokingham (1)
Data Activation Lead,1,Other / Unclassified,UNKNOWN,,,,,Not Specified (1)
Senior Data Architect,1,Other / Unclassified,UNKNOWN,,,,,Not Specified (1)
Engineering Tutor,1,Education / Teaching,UNKNOWN,,,,,Manchester (1)
Part-time Music Teacher,1,Education / Teaching,UNKNOWN,,,,,Not Specified (1)
2nd Line Support,1,Other / Unclassified,UNKNOWN,,,,,City (1)
SEN Teaching Assistants,1,Education / Teaching,UNKNOWN,,,,,Not Specified (1)
QTS Food Technology teacher,1,Education / Teaching,UNKNOWN,,,,,Oldham (1)
CRM & Analytics Specialist,1,Other / Unclassified,UNKNOWN,,,,,Wandsworth (1)
Site Relaibility Engineer,1,Engineering / Technical,UNKNOWN,,,,,Not Specified (1)
Data Architect (Contract/London),1,Other / Unclassified,UNKNOWN,,,,,Not Specified (1)
SmartRecruiters Functional Lead,1,Other / Unclassified,UNKNOWN,,,hr_recruitment,,Not Specified (1)
ML Engineer,1,Engineering / Technical,UNKNOWN,,,,,Not Specified (1)
1st/2nd Line Support X 2 - Manchester,1,Other / Unclassified,UNKNOWN,,,,,Manchester (1)
Primary ECT Opportunities in the Pevensey Area - Full-Time,1,Other / Unclassified,UNKNOWN,,,,,Pevensey (1)
Qualified Teacher of the Deaf (QToD) - Caseload worker,1,Education / Teaching,UNKNOWN,,,,,Ealing (1)
IT Apprentice,1,Other / Unclassified,UNKNOWN,,,,,Bristol (1)
Maths Tutor,1,Education / Teaching,UNKNOWN,,,,,York (1)
Software Engineer - Java - HealthTech,1,IT / Data / Software,UNKNOWN,,,,,Reading (1)
Primary ECT Opportunities in the Robertsbridge Area,1,Other / Unclassified,UNKNOWN,,,,,Robertsbridge (1)
Unqualified Science Teacher,1,Education / Teaching,UNKNOWN,,,,,Northampton (1)
Unqualified Maths Teacher,1,Education / Teaching,UNKNOWN,,,,,Northampton (1)
Study Programme English Tutor,1,Education / Teaching,UNKNOWN,,,,,Bury (1)
SEND Development Manager,1,Other / Unclassified,UNKNOWN,,,,,Not Specified (1)
Join HAYS Education as a Primary Supply Teacher in Polegate!,1,Education / Teaching,UNKNOWN,,,,,Polegate (1)
SEND Teaching Assistant - Rochdale,1,Education / Teaching,UNKNOWN,,,,,Rochdale (1)
Join HAYS Education as a Primary Supply Teacher in Pevensey!,1,Education / Teaching,UNKNOWN,,,,,Pevensey (1)
"Infrastructure Engineer - Identity, Office 365, Security & Cloud Platforms",1,IT / Data / Software,UNKNOWN,,,admin_service,,Chesterfield (1)
Primary ECT Opportunities in the Crowborough Area,1,Other / Unclassified,UNKNOWN,,,,,Crowborough (1)
English Graduate Teaching Assistant,1,Education / Teaching,UNKNOWN,,,,,Not Specified (1)
"Private Audiologist/Hearing Aid Dispenser - Leatherhead, Surrey",1,Other / Unclassified,UNKNOWN,,,,,Leatherhead (1)
Tracked Rigid Dumper Driver,1,Driving / Warehouse / Logistics,UNKNOWN,,,,,Helston (1)
HGV1 Drivers Nights,1,Other / Unclassified,UNKNOWN,,,,,Barnsley (1)
HGV Class 1 Driver - Tramping,1,Driving / Warehouse / Logistics,UNKNOWN,,,,,Goole (1)
HGV Class 2 Jet Vac Driver,1,Driving / Warehouse / Logistics,UNKNOWN,,,,,Dewsbury (1)
Class 2 ADR Tanker Driver - Nights - Newbury,1,Driving / Warehouse / Logistics,UNKNOWN,,,,,Newbury (1)
CPCS 360 Driver,1,Driving / Warehouse / Logistics,UNKNOWN,,,,,Newport (1)
Class 1 Tramper Driver - Somerset,1,Driving / Warehouse / Logistics,UNKNOWN,,,,,Highbridge (1)
Class 2 - Aberdeen,1,Other / Unclassified,UNKNOWN,,,,,Inverurie (1)
Class 1 Wellingborough,1,Other / Unclassified,UNKNOWN,,,,,Wellingborough (1)
HGV 2 Driver - Dorset Council - Shaftesbury,1,Driving / Warehouse / Logistics,UNKNOWN,,,,,Shaftesbury (1)
Class 1 drivers - Livingston,1,Other / Unclassified,UNKNOWN,,,,,Livingston (1)
Class 2 HIAB,1,Other / Unclassified,UNKNOWN,,,,,Bicester (1)
Class 1 Driver Enclosed Car Transporter Operator,1,Driving / Warehouse / Logistics,UNKNOWN,,,,,Doncaster (1)
Housing Manager,1,Other / Unclassified,UNKNOWN,,,,,Ayr (1)
Technical Sales Executive,1,Sales / Business Development,UNKNOWN,,,,,Darlington (1)
Philanthropy Manager (Major Gifts),1,Other / Unclassified,UNKNOWN,,,,,High Wycombe (1)
Outpatient Nurse Manager,1,Healthcare / Clinical,UNKNOWN,,,,,Dorking (1)
Debt Advice Caseworker,1,Other / Unclassified,UNKNOWN,,,,,Filey (1)
Registered Manager - Ofsted,1,Other / Unclassified,UNKNOWN,,,,,Bury St. Edmunds (1)
Franchise Development Manager - New Audiences / Partnerships Networks,1,Other / Unclassified,UNKNOWN,,,,,Bournemouth (1)
Area Sales Manager Construction Site Access Control,1,Construction / Trades / Property,UNKNOWN,,,,,Stevenage (1)
Paraplanner - IFA Administrator,1,Financial Advice / Mortgages,UNKNOWN,,,admin_service,,Lutterworth (1)
Mobile Fleet Engineer,1,Engineering / Technical,UNKNOWN,,,,,Devizes (1)
"Vice President, DevOps Production Services",1,IT / Data / Software,UNKNOWN,,,,,Not Specified (1)
College Learning Support,1,Education / Teaching,UNKNOWN,,,,,Leeds (1)
Cyber Security Engineer / SOC Analyst,1,IT / Data / Software,UNKNOWN,,,,,Stevenage (1)
Primary ECT Opportunities in the Rye Area - Full-Time,1,Other / Unclassified,UNKNOWN,,,,,Rye (1)
HGV Class 1 Driver Supermarket,1,Driving / Warehouse / Logistics,UNKNOWN,,,,,Bristol (1)
Pallet Barrow Truck Driver,1,Driving / Warehouse / Logistics,UNKNOWN,,,,,Perth (1)
HGV Vehicle Recovery Driver,1,Driving / Warehouse / Logistics,UNKNOWN,,,,,Chalfont St. Giles (1)
Systemic Family Therapist - Part Time,1,Healthcare / Clinical,UNKNOWN,,,,,Horley (1)
AWS Security Analyst,1,Other / Unclassified,UNKNOWN,,,,,Camberley (1)
Technology Delivery and Transformation Manager,1,Other / Unclassified,UNKNOWN,,,,,Wokingham (1)
Supply TA,1,Other / Unclassified,UNKNOWN,,,,,Not Specified (1)
EYFS Teacher,1,Education / Teaching,UNKNOWN,,,,,Hemel Hempstead (1)
TA/ LSA,1,Other / Unclassified,UNKNOWN,,,,,Watford (1)
ASD TA - Didcot,1,Other / Unclassified,UNKNOWN,,,,,Didcot (1)
Installation Supervisor (Air Conditioning / Commercial),1,Other / Unclassified,UNKNOWN,,,,,Loughton (1)
Class 2 HGV LGV Driver - Night Trunking Work,1,Driving / Warehouse / Logistics,UNKNOWN,,,,,Nottingham (1)
Class 1 Trampers - 3 MONTHS EXPERIENCE,1,Other / Unclassified,UNKNOWN,,,,,Scunthorpe (1)
HGV Class 1 Driver - 3 Months Class 1 Experience!,1,Driving / Warehouse / Logistics,UNKNOWN,,,,,Warrington (1)
HGV Class 1 Nights Driver,1,Driving / Warehouse / Logistics,UNKNOWN,,,,,Leicester (1)
HGV 1 Driver 0100 - 0600,1,Driving / Warehouse / Logistics,UNKNOWN,,,,,Leicester (1)
HGV Class 1 Shunter PM & Nights,1,Driving / Warehouse / Logistics,UNKNOWN,,,,,Mirfield (1)
HGV 2 Driver - Dorset Council - Bridport,1,Driving / Warehouse / Logistics,UNKNOWN,,,,,Bridport (1)
Paisley 7.5t drivers,1,Other / Unclassified,UNKNOWN,,,,,Paisley (1)
MMID - Amesbury - LGV Class 1 Tanker Driver,1,Driving / Warehouse / Logistics,UNKNOWN,,,,,Salisbury (1)
C2 Bin Lorry Driver,1,Driving / Warehouse / Logistics,UNKNOWN,,,,,Edinburgh (1)
HGV 1 Driver - Weekly Pay!,1,Driving / Warehouse / Logistics,UNKNOWN,,,,,Boston (1)
NPD Product Develpment Executive,1,Other / Unclassified,UNKNOWN,,,,,Stevenage (1)
Part-Time Swimming Teacher - Level 2,1,Education / Teaching,UNKNOWN,,,,,Not Specified (1)
Front of House Manager,1,Hospitality / Catering,UNKNOWN,,,,,Knutsford (1)
Head of Specialist Nursing,1,Healthcare / Clinical,UNKNOWN,,,,,Huddersfield (1)
Head of Product Engineering (Retail),1,Engineering / Technical,UNKNOWN,,,,,Not Specified (1)
Head of Security (CISO),1,Other / Unclassified,UNKNOWN,,,,,Not Specified (1)
Forensic Accounting Manager (Investigations focussed),1,Other / Unclassified,UNKNOWN,,,finance_accounts,,Not Specified (1)
ASD TA - Basingstoke,1,Other / Unclassified,UNKNOWN,,,,,Basingstoke (1)
Year 5 Teacher - Didcot,1,Education / Teaching,UNKNOWN,,,,,Didcot (1)
Year 5 Teacher - Basingstoke,1,Education / Teaching,UNKNOWN,,,,,Basingstoke (1)
Year 5 Teacher - Reading,1,Education / Teaching,UNKNOWN,,,,,Reading (1)
SEN TA Basingstoke,1,Education / Teaching,UNKNOWN,,,,,Basingstoke (1)
SEN TA - Reading,1,Education / Teaching,UNKNOWN,,,,,Reading (1)
ASD TA - Reading,1,Other / Unclassified,UNKNOWN,,,,,Reading (1)
HGV CE Class 1 Container Driver Ongoing Work,1,Driving / Warehouse / Logistics,UNKNOWN,,,,,Not Specified (1)
Class 1 HGV Driver - Weekends,1,Driving / Warehouse / Logistics,UNKNOWN,,,,,Didcot (1)
Strategic Buyer,1,Procurement / Buying / Supply Chain,UNKNOWN,,,,,Cwmbran (1)
AI & Copilot Enablement Lead,1,Other / Unclassified,UNKNOWN,,,,,Rugby (1)
Level 3 Nursery Practitioner - Didcot,1,Other / Unclassified,UNKNOWN,,,,,Didcot (1)
Level 3 Nursery Practitioner - Basingstoke,1,Other / Unclassified,UNKNOWN,,,,,Basingstoke (1)
SEN TA Didcot,1,Education / Teaching,UNKNOWN,,,,,Didcot (1)
Join HAYS as a Primary Supply Teacher in Crowborough!,1,Education / Teaching,UNKNOWN,,,,,Crowborough (1)
CRM Systems Manager - Remote (Europe),1,Other / Unclassified,UNKNOWN,,,,,Aberdeen (1)
Business Systems Manager,1,Other / Unclassified,UNKNOWN,,,,,Bristol (1)
AI & Data Enablement Lead,1,Other / Unclassified,UNKNOWN,,,,,Not Specified (1)
Head of Data Science,1,Other / Unclassified,UNKNOWN,,,,,Not Specified (1)
1:1 Year 2 Teaching Assistant,1,Education / Teaching,UNKNOWN,,,,,Liverpool (1)
Sociology Graduate SEN Teaching Assistant,1,Education / Teaching,UNKNOWN,,,,,Ware (1)
Desktop Engineer,1,Engineering / Technical,UNKNOWN,,,,,Not Specified (1)
Work for Reed,1,Other / Unclassified,UNKNOWN,,,,,Northampton (1)
Learning Support Assistant (Personal Care),1,Education / Teaching,UNKNOWN,,,,,Manchester (1)
Year 5 Teacher,1,Education / Teaching,UNKNOWN,,,,,Colne (1)
Part-time Year 5 Teacher,1,Education / Teaching,UNKNOWN,,,,,Not Specified (1)
Year 4 Teacher,1,Education / Teaching,UNKNOWN,,,,,Nelson (1)
PPA Cover Teacher,1,Education / Teaching,UNKNOWN,,,,,Clitheroe (1)
Design Technology Teacher - Temporary,1,Education / Teaching,UNKNOWN,,,,,Not Specified (1)
Teaching Assistant Job Sandwell,1,Education / Teaching,UNKNOWN,,,,,Not Specified (1)
IT Support Engineer,1,IT / Data / Software,UNKNOWN,,,,,Telford (1)
Primary ECT Opportunities in the Wadhurst Area,1,Other / Unclassified,UNKNOWN,,,,,Wadhurst (1)
Media Studies Teacher,1,Education / Teaching,UNKNOWN,,,,,Chesham (1)
Data Control Manager,1,Other / Unclassified,UNKNOWN,,,,,Not Specified (1)
Teacher of Mathematics,1,Education / Teaching,UNKNOWN,,,,,Chesham (1)
Senior IT Infrastructure Engineer,1,IT / Data / Software,UNKNOWN,,,,,Glasgow (1)
Secondary - Cover Supervisor,1,Education / Teaching,UNKNOWN,,,,,Ipswich (1)
"1:1 Tutor, Halstead",1,Education / Teaching,UNKNOWN,,,,,Halstead (1)
Secure Children's Home Support Worker,1,Care / Support Work,KNOWN,support_worker:HIGH_CONFIDENCE,support_worker,support_worker,,Eastleigh (1)
Support Worker (Out of Hours),1,Care / Support Work,UNKNOWN,,,support_worker,,Havant (1)
Youth Worker,1,Care / Support Work,UNKNOWN,,,,,Heywood (1)
IT Trainer - Legal Firm - Midlands,1,Legal / Conveyancing,UNKNOWN,,,,,Not Specified (1)
Senior Site Reliability Engineer,1,Engineering / Technical,UNKNOWN,,,,,Milton Keynes (1)
Data Engineer (start up),1,IT / Data / Software,UNKNOWN,,,,,Not Specified (1)
Class Two Driver,1,Driving / Warehouse / Logistics,UNKNOWN,,,,,Not Specified (1)
HGV Class 2 Delivery Driver,1,Driving / Warehouse / Logistics,UNKNOWN,,,,,City (1)
HGV Tanker Driver,1,Driving / Warehouse / Logistics,UNKNOWN,,,,,Cranbrook (1)
HGV Class 2 Skip Rolo,1,Driving / Warehouse / Logistics,UNKNOWN,,,,,Leicester (1)
HGV CLass 1 ADR,1,Driving / Warehouse / Logistics,UNKNOWN,,,,,Hinckley (1)
Class 2 Part Time Driver,1,Driving / Warehouse / Logistics,UNKNOWN,,,,,Normanton (1)
Class 1 HGV LGV Driver - A to B Trunking,1,Driving / Warehouse / Logistics,UNKNOWN,,,,,Nottingham (1)
Employment Specialist,1,Other / Unclassified,UNKNOWN,,,,,Ripon (1)
Csa/Fsa,1,Other / Unclassified,UNKNOWN,,,,,Helston (1)
Class 1 Driver in Worksop,1,Driving / Warehouse / Logistics,UNKNOWN,,,,,Worksop (1)
Group Accounts Manager,1,Professional Finance / Accountancy,UNKNOWN,,,finance_accounts,,Crawley (1)
Personal Lines Account Handler,1,Other / Unclassified,UNKNOWN,,,,,Not Specified (1)
Family Solicitor NQ-3yr PQE,1,Legal / Conveyancing,UNKNOWN,,,,,Northwich (1)
Mobile Vehicle Engineer,1,Engineering / Technical,UNKNOWN,,,,,Whitchurch (1)
Social Worker - MASH / Assessment,1,Care / Support Work,UNKNOWN,,,,,Bristol (1)
Technical Integration Engineer,1,Engineering / Technical,UNKNOWN,,,,,Not Specified (1)
Proposal Review Analyst,1,Other / Unclassified,UNKNOWN,,,,,Twickenham (1)
Financial Planner (Investment Management),1,Financial Advice / Mortgages,UNKNOWN,,,,,Weston-super-mare (1)
Senior Kotlin Engineer,1,Engineering / Technical,UNKNOWN,,,,,Not Specified (1)
Workday Consultant - Partner Lead,1,Other / Unclassified,UNKNOWN,,,,,City (1)
Trustee and Chair of the Finance and Audit Committee,1,Professional Finance / Accountancy,UNKNOWN,,,finance_accounts,,Not Specified (1)
Interim Team Manager,1,Other / Unclassified,UNKNOWN,,,,,Not Specified (1)
Lead Child Protection Practitioner,1,Other / Unclassified,UNKNOWN,,,,,Crewe (1)
Supervising Social Worker=,1,Care / Support Work,UNKNOWN,,,,,Not Specified (1)
Care Practitioner (Support Worker),1,Care / Support Work,UNKNOWN,,,support_worker,,Sale (1)
Trusts & Major Gifts Manager,1,Other / Unclassified,UNKNOWN,,,,,Not Specified (1)
"Co-opted Member (Finance, Audit & Investments Committee)",1,Professional Finance / Accountancy,UNKNOWN,,,finance_accounts,,Not Specified (1)
Shop Volunteer - Shrewsbury,1,Other / Unclassified,UNKNOWN,,,,,Shrewsbury (1)
Shop Volunteer - South Shields,1,Other / Unclassified,UNKNOWN,,,,,South Shields (1)
Shop Volunteer - Southport,1,Other / Unclassified,UNKNOWN,,,,,Southport (1)
Shop Volunteer - Stockton Heath,1,Other / Unclassified,UNKNOWN,,,warehouse_logistics,,Warrington (1)
Fundraising and Engagement Officer,1,Other / Unclassified,UNKNOWN,,,admin_service,,Exeter (1)
Shop Volunteer - Storrington,1,Other / Unclassified,UNKNOWN,,,,,Storrington (1)
Shop Volunteer - Tring,1,Other / Unclassified,UNKNOWN,,,,,Tring (1)
Shop Volunteer - West Bridgford,1,Other / Unclassified,UNKNOWN,,,,,Nottingham (1)
Shop Volunteer - Wetherby,1,Other / Unclassified,UNKNOWN,,,,,Wetherby (1)
Fundraising Lead,1,Other / Unclassified,UNKNOWN,,,,,Aylesbury (1)
External Trustee (HR),1,HR / Recruitment,UNKNOWN,,,,,Carlisle (1)
Kentown Family Support Worker,1,Care / Support Work,UNKNOWN,,,support_worker,,Barrow-in-furness (1)
Shop Volunteer - Allestree,1,Other / Unclassified,UNKNOWN,,,,,Allestree (1)
Shop Volunteer - Ballycastle,1,Other / Unclassified,UNKNOWN,,,,,Ballycastle (1)
"Shop Volunteer - Belmont Road, Belfast",1,Other / Unclassified,UNKNOWN,,,,,City (1)
Shop Volunteer - Bournemouth,1,Other / Unclassified,UNKNOWN,,,,,Bournemouth (1)
Shop Volunteer - Bristol,1,Other / Unclassified,UNKNOWN,,,,,Bristol (1)
Shop Volunteer - Castle Cary,1,Other / Unclassified,UNKNOWN,,,,,Castle Cary (1)
Shop Volunteer - Cockermouth,1,Other / Unclassified,UNKNOWN,,,,,Cockermouth (1)
Shop Volunteer - Morningside,1,Other / Unclassified,UNKNOWN,,,,,Edinburgh (1)
"Shop Volunteer - Fulham, London",1,Other / Unclassified,UNKNOWN,,,,,Not Specified (1)
Shop Volunteer Glasgow - Byres Road,1,Other / Unclassified,UNKNOWN,,,,,City (1)
Shop Volunteer - Hexham,1,Other / Unclassified,UNKNOWN,,,,,Hexham (1)
Shop Volunteer London - Kew Gardens,1,Other / Unclassified,UNKNOWN,,,,,Richmond (1)
Shop Volunteer - Leamington Spa,1,Other / Unclassified,UNKNOWN,,,,,Leamington Spa (1)
Shop Volunteer - Machynlleth,1,Other / Unclassified,UNKNOWN,,,,,Machynlleth (1)
Shop Volunteer Edinburgh - Nicolson Street,1,Other / Unclassified,UNKNOWN,,,,,Edinburgh (1)
Shop Volunteer - Northallerton,1,Other / Unclassified,UNKNOWN,,,,,Northallerton (1)
Shop Volunteer - North Berwick,1,Other / Unclassified,UNKNOWN,,,,,North Berwick (1)
Shop Volunteer - Peebles,1,Other / Unclassified,UNKNOWN,,,,,Peebles (1)
Deputy Manager (Advocacy and Crisis Prevention Services),1,Other / Unclassified,UNKNOWN,,,,,Rochdale (1)
Night Care Worker,1,Care / Support Work,KNOWN,support_worker:ELASTIC_FIT,support_worker,support_worker,,Southampton (1)
"(INV) Senior Manager, Snowflake AI & & Data Client Solutions Lead, TC UKI",1,Other / Unclassified,UNKNOWN,,,,,Southwark (1)
Assistant Director - Financial Diligence - EY-Parthenon London,1,Other / Unclassified,UNKNOWN,,,,,Southwark (1)
Senior Tax Advisor- Employment Tax - London/Birmingham,1,Professional Finance / Accountancy,UNKNOWN,,,,,Southwark (1)
Financial Services - Investigations & Compliance - Crypto Manager,1,Other / Unclassified,UNKNOWN,,,,,Tower Hamlets (1)
Senior Manager - Lead - Finance Consultant (D365 Finance & Operations) TC - UKI,1,Professional Finance / Accountancy,UNKNOWN,,,finance_accounts,,Southwark (1)
"Director, Private Capital Transactions, London",1,Other / Unclassified,UNKNOWN,,,,,Southwark (1)
"(INV) Senior Manager, Microsoft AI & Data Client Solutions Lead, TC UKI",1,Other / Unclassified,UNKNOWN,,,,,Southwark (1)
Senior Manager - Microsoft Dynamic 365 Finance (Solution Architect) - TC - UKI,1,Professional Finance / Accountancy,UNKNOWN,,,finance_accounts,,Southwark (1)
Manager - Procurement - Operational Strategy - Strategy and Execution - EY-Parthenon,1,Procurement / Buying / Supply Chain,UNKNOWN,,,,,Southwark (1)
Senior Consultant - Microsoft D365 Finance - TC - UKI,1,Professional Finance / Accountancy,UNKNOWN,,,finance_accounts,,Southwark (1)
"Senior Associate, Payroll Delivery, Newcastle Upon Tyne/Manchester/Belfast 1",1,Professional Finance / Accountancy,UNKNOWN,,,finance_accounts,,City (1)
Senior Manager - Employment Tax - London/Birmingham/Leeds,1,Other / Unclassified,UNKNOWN,,,,,Southwark (1)
Manager - Microsoft Dynamic 365 Finance - TC - UKI,1,Professional Finance / Accountancy,UNKNOWN,,,finance_accounts,,Southwark (1)
Assurance - Financial Services - Forensics - eDiscovery - Senior - London,1,Other / Unclassified,UNKNOWN,,,,,Tower Hamlets (1)
Manager - Global Mobility Tax - London/Manchester/Birmingham,1,Other / Unclassified,UNKNOWN,,,,,Southwark (1)
"Senior Associate, Payroll Integration, London/Manchester/Glasgow",1,Professional Finance / Accountancy,UNKNOWN,,,finance_accounts,,Tower Hamlets (1)
Senior Tax Advisor - Employment Tax - Financial Services - London,1,Professional Finance / Accountancy,UNKNOWN,,,,,Tower Hamlets (1)
Senior Manager - SAP Analytics Cloud (SAC) - Planning - TC - UKI,1,IT / Data / Software,UNKNOWN,,,,,Southwark (1)
"Manager - M&A Analytics - EY-Parthenon, Birmingham",1,Other / Unclassified,UNKNOWN,,,,,City (1)
"Senior Manager, Strategy EY Parthenon, Financial Services, London",1,Other / Unclassified,UNKNOWN,,,,,Tower Hamlets (1)
"Director, Remediation, Financial Services Consulting",1,Other / Unclassified,UNKNOWN,,,,,Tower Hamlets (1)
Director of Fundraising and Communications,1,Marketing / Digital / Creative,UNKNOWN,,,,,Leicester (1)
Caulker,1,Other / Unclassified,UNKNOWN,,,,,Barrow-in-furness (1)
HGV Class 2 Moffet Driver,1,Driving / Warehouse / Logistics,UNKNOWN,,,,,Tamworth (1)
HGV 2 Instillations Driver,1,Driving / Warehouse / Logistics,UNKNOWN,,,,,Shepperton (1)
VNA Driver - 12 hours shift,1,Driving / Warehouse / Logistics,UNKNOWN,,,,,Corby (1)
Night Shunter (4 on 4 off),1,Other / Unclassified,UNKNOWN,,,,,Goole (1)
LGV1 Night Driver,1,Driving / Warehouse / Logistics,UNKNOWN,,,,,Goole (1)
HGV Class 2 waste and recycling drivers,1,Driving / Warehouse / Logistics,UNKNOWN,,,,,Bridgend (1)
HGV Class 2 Waste and Recycling Driver,1,Driving / Warehouse / Logistics,UNKNOWN,,,,,Hatfield (1)
PAM Engineer (CyberArk),1,Engineering / Technical,UNKNOWN,,,,,Not Specified (1)
Technical Salesperson (ECU / TCU Tuning Equipment),1,Other / Unclassified,UNKNOWN,,,,,Letchworth Garden City (1)
Freight Forwarding Assistant,1,Other / Unclassified,UNKNOWN,,,,,Immingham (1)
Senior Sales Engineer,1,Engineering / Technical,UNKNOWN,,,,,Not Specified (1)
RF Engineering Lead,1,Engineering / Technical,UNKNOWN,,,,,Milton Keynes (1)
System Integration and Qualification Lead,1,Other / Unclassified,UNKNOWN,,,,,Edinburgh (1)
Lead Site Reliability Engineer - Chief Technology Office,1,Engineering / Technical,UNKNOWN,,,admin_service,,Glasgow (1)
Catering Apprentice Level 2,1,Hospitality / Catering,UNKNOWN,,,,,Market Harborough (1)
Interim Corporate Tax Manager,1,Professional Finance / Accountancy,UNKNOWN,,,,,Not Specified (1)
Principal Gifts Manager,1,Other / Unclassified,UNKNOWN,,,,,Not Specified (1)
Day Opportunities Support Worker (HCC Care YA),1,Care / Support Work,UNKNOWN,,,support_worker,,Gosport (1)
Sales Development Executive,1,Sales / Business Development,UNKNOWN,,,,,Abingdon (1)
Community Nurse Manager,1,Healthcare / Clinical,UNKNOWN,,,,,Not Specified (1)
Residential & Commercial Property Manager,1,Construction / Trades / Property,UNKNOWN,,,,,Aylesbury (1)
Class 2 Tanker Driver (Drainage & Waste),1,Driving / Warehouse / Logistics,UNKNOWN,,,,,Bedford (1)
HGV C+E Driver,1,Driving / Warehouse / Logistics,UNKNOWN,,,,,Derby (1)
HGV CLASS 1 DRIVERS - ANDOVER,1,Driving / Warehouse / Logistics,UNKNOWN,,,,,Andover (1)
HGV Class 1 Driver - Temp to Perm,1,Driving / Warehouse / Logistics,UNKNOWN,,,,,Doncaster (1)
FLT Reach - Nights,1,Driving / Warehouse / Logistics,UNKNOWN,,,,,Daventry (1)
HGV Class 1 Day Driver Permanent,1,Driving / Warehouse / Logistics,UNKNOWN,,,,,Bury St. Edmunds (1)
HGV Class 1 Driver 1000 - 1400,1,Driving / Warehouse / Logistics,UNKNOWN,,,,,Loughborough (1)
HGV Class 2 Driver Loader,1,Driving / Warehouse / Logistics,UNKNOWN,,,,,Bristol (1)
HGV Class 2 Refuse Driver - Bristol,1,Driving / Warehouse / Logistics,UNKNOWN,,,,,Bristol (1)
Property Solicitor / Conveyancer,1,Legal / Conveyancing,UNKNOWN,,,,,Not Specified (1)
Employee Relations & Engagement Partner,1,HR / Recruitment,UNKNOWN,,,,,Worcester (1)
Service Advisor - BYD,1,Admin / Customer Service,UNKNOWN,,,customer_service_contact_centre,,Grantham (1)
Community Chemotherapy Nurse,1,Healthcare / Clinical,UNKNOWN,,,,,Cardiff (1)
Registered Clinical or Neuropsychologist - Part time,1,Healthcare / Clinical,UNKNOWN,,,,,Gloucester (1)
"Treasury, Tax & Working Capital Manager",1,Professional Finance / Accountancy,UNKNOWN,,,,,Bridgend (1)
Head Veterinary Nurse,1,Healthcare / Clinical,UNKNOWN,,,,,Not Specified (1)
Microsoft Dynamics 365 Business Central Consultant-Developer,1,IT / Data / Software,UNKNOWN,,,,,Kings Langley (1)
Lead Network Engineer DV Cleared,1,IT / Data / Software,UNKNOWN,,,,,Salisbury (1)
Through Life Support (TLS) Engineer,1,Engineering / Technical,UNKNOWN,,,,,Not Specified (1)
Controls Software Manager,1,IT / Data / Software,UNKNOWN,,,,,Nottingham (1)
Digital Marketing Assistant Manager,1,Marketing / Digital / Creative,UNKNOWN,,,,,Liverpool (1)
HGV I Driver,1,Driving / Warehouse / Logistics,UNKNOWN,,,,,Not Specified (1)
HGV Class 1 Weekend Driver,1,Driving / Warehouse / Logistics,UNKNOWN,,,,,Derby (1)
Driver Class 2,1,Driving / Warehouse / Logistics,UNKNOWN,,,,,Banbury (1)
Nursery Manager (Maternity Cover),1,Other / Unclassified,UNKNOWN,,,,,Northampton (1)
"Manager, Cybersecurity, Privacy, TC, UKI",1,Other / Unclassified,UNKNOWN,,,,,Southwark (1)
"Senior Consultant, Digital Assets, Wealth and Asset Management",1,Marketing / Digital / Creative,UNKNOWN,,,,,Tower Hamlets (1)
Manager - Energy Transition Power & Utilities - Technology Consulting - UKI - Belfast,1,Other / Unclassified,UNKNOWN,,,,,City (1)
Trainee Cyber Security,1,IT / Data / Software,UNKNOWN,,,,,Not Specified (1)
Trainee Project Manager,1,Operations / General Management,UNKNOWN,,,,,Not Specified (1)
Cyber Security Trainee,1,IT / Data / Software,UNKNOWN,,,,,Not Specified (1)
Data Analyst Trainee,1,IT / Data / Software,UNKNOWN,,,,,Not Specified (1)
Trainee Software Developer,1,IT / Data / Software,UNKNOWN,,,,,Not Specified (1)
Trainee AI Engineer,1,Engineering / Technical,UNKNOWN,,,,,Not Specified (1)
Trainee Social Media Manager,1,Marketing / Digital / Creative,UNKNOWN,,,,,Not Specified (1)
Year 1 and 2 Teacher,1,Education / Teaching,UNKNOWN,,,,,Barnet (1)
Recovery Worker (Mental Health),1,Other / Unclassified,UNKNOWN,,,,,Not Specified (1)
Waking Night Recovery Worker,1,Other / Unclassified,KNOWN,support_worker:ELASTIC_FIT,support_worker,,,Not Specified (1)
Housing Officer - CAS3,1,Construction / Trades / Property,UNKNOWN,,,admin_service,,Bath (1)
Senior Occupational Therapist,1,Healthcare / Clinical,UNKNOWN,,,,,Esher (1)
Project Development Lead- 9 month FTC,1,Other / Unclassified,UNKNOWN,,,,,Not Specified (1)
SEND Senior Delivery Coordinator,1,Admin / Customer Service,UNKNOWN,,,admin_service,,Reigate (1)
AI Security Architect,1,Other / Unclassified,UNKNOWN,,,,,Not Specified (1)
VNA Driver PM Shift,1,Driving / Warehouse / Logistics,UNKNOWN,,,,,Derby (1)
Team Leader (Mental Health),1,Other / Unclassified,UNKNOWN,,,,,Not Specified (1)
"Finance Trustee (and Co-Chair, Finance, Audit & Risk Committee)",1,Professional Finance / Accountancy,UNKNOWN,,,finance_accounts,,Not Specified (1)
Carer Support Team Lead,1,Care / Support Work,UNKNOWN,,,,,Harlow (1)
Bishop's Chaplain in the Diocese of Southwell and Nottingham,1,Other / Unclassified,UNKNOWN,,,,,Southwell (1)
Scissor Lift Driver Days,1,Driving / Warehouse / Logistics,UNKNOWN,,,,,Coventry (1)
Reach Driver,1,Driving / Warehouse / Logistics,UNKNOWN,,,,,Warwick (1)
HGV Class 1 Weekend Drivers,1,Driving / Warehouse / Logistics,UNKNOWN,,,,,Kettering (1)
HGV Class 1 New Driver Upskill Available,1,Driving / Warehouse / Logistics,UNKNOWN,,,,,Kettering (1)
HGV Class 1 Driver Weekly Pay + Guaranteed Shifts,1,Driving / Warehouse / Logistics,UNKNOWN,,,,,Kettering (1)
HGV Class 1 Driver Weekends,1,Driving / Warehouse / Logistics,UNKNOWN,,,,,Barnsley (1)
HGV Class 1 Driver PM,1,Driving / Warehouse / Logistics,UNKNOWN,,,,,Barnsley (1)
Class 1 Felixstowe,1,Other / Unclassified,UNKNOWN,,,,,Felixstowe (1)
Multi-Drop Driver - Medical Waste Collection,1,Healthcare / Clinical,UNKNOWN,,,,,Okehampton (1)
Reach Forklift Truck Driver,1,Driving / Warehouse / Logistics,UNKNOWN,,,warehouse_logistics,,Daventry (1)
Transport Team Manager,1,Other / Unclassified,UNKNOWN,,,,,Northwich (1)
Technical Sales Trainer,1,Sales / Business Development,UNKNOWN,,,,,Telford (1)
Recovery Coordinator,1,Admin / Customer Service,UNKNOWN,,,admin_service,,Thetford (1)
Clinical Lead Nurse,1,Healthcare / Clinical,UNKNOWN,,,,,Workington (1)
CYPMHS Consultant Psychiatrist Part-Time,1,Other / Unclassified,UNKNOWN,,,,,Hatfield (1)
Technical Business Analyst/Product Owner - FTC,1,IT / Data / Software,UNKNOWN,,,,,City (1)
HGV Class 1 Drivers LTD,1,Driving / Warehouse / Logistics,UNKNOWN,,,,,Burton-on-trent (1)
Senior Skills and Education Co-ordinator,1,Education / Teaching,UNKNOWN,,,,,Lincoln (1)
Senior Care Team Leader (NIGHTS),1,Other / Unclassified,UNKNOWN,,,,,Gloucester (1)
Hire Desk Manager,1,Other / Unclassified,UNKNOWN,,,,,Barnsley (1)
Sales Coordinator,1,Sales / Business Development,UNKNOWN,,,admin_service,,Ballyclare (1)
Healthcare Play Specialist Lecturer,1,Education / Teaching,UNKNOWN,,,,,Epsom (1)
CYPMHS Consultant Psychiatrist & Medical Director - Part Time,1,Healthcare / Clinical,UNKNOWN,,,,,Potters Bar (1)
Forensic or General Adult Consultant Psychiatrist Part -Time,1,Other / Unclassified,UNKNOWN,,,,,Warrington (1)
Forensic or General Adult Consultant Psychiatrist,1,Other / Unclassified,UNKNOWN,,,,,Warrington (1)
Forensic Consultant Psychiatrist,1,Other / Unclassified,UNKNOWN,,,,,Abertillery (1)
Class Teacher and Core Subject Leader,1,Education / Teaching,UNKNOWN,,,,,Calne (1)
Registered Manager - Childrens Services,1,Other / Unclassified,UNKNOWN,,,,,Much Hadham (1)
Class 2 Driver HIAB,1,Driving / Warehouse / Logistics,UNKNOWN,,,,,Bristol (1)
Lead Software Engineer,1,IT / Data / Software,UNKNOWN,,,,,Fareham (1)
Aftersales Service Advisor,1,Admin / Customer Service,UNKNOWN,,,customer_service_contact_centre,,Not Specified (1)
Company Stage Manager (on book) BABY,1,Other / Unclassified,UNKNOWN,,,,,City (1)
Associate Director - Customer Success Management (Banking),1,Other / Unclassified,UNKNOWN,,,,,Not Specified (1)
Financial Wellbeing Adviser (Seaview Partnership),1,Other / Unclassified,UNKNOWN,,,,,St. Leonards-on-sea (1)
Volunteer Trustee,1,Other / Unclassified,UNKNOWN,,,,,Luton (1)
High Support Needs Independent Domestic Violence Advocate (HSN IDVA),1,Other / Unclassified,UNKNOWN,,,,,Canterbury (1)
Executive Assistant to the Bishop of Selby,1,Other / Unclassified,UNKNOWN,,,,,York (1)
Personal Wellbeing Coach,1,Other / Unclassified,UNKNOWN,,,,,Not Specified (1)
Family Support & Mediation Worker,1,Other / Unclassified,UNKNOWN,,,,,Whitley Bay (1)
Senior Executive Coordinator,1,Admin / Customer Service,UNKNOWN,,,admin_service,,Birmingham (1)
Senior Marketing Officer (12-month fixed term contract),1,Marketing / Digital / Creative,UNKNOWN,,,admin_service,,Toothill (1)
Children Social Worker,1,Care / Support Work,KNOWN,admin_service:HARD_PASS,,,,Not Specified (1)
Monitoring Systems Technician,1,Engineering / Technical,UNKNOWN,,,,,Cambridge (1)
Monitoring Systems Engineer,1,IT / Data / Software,UNKNOWN,,,,,Cambridge (1)
Donation Centre Manager,1,Other / Unclassified,UNKNOWN,,,,,Wakefield (1)
Commercial and Events Officer,1,Other / Unclassified,UNKNOWN,,,admin_service,,Not Specified (1)
CDR Psychosocial Group Facilitator,1,Other / Unclassified,UNKNOWN,,,,,Portsmouth (1)
HGV 1 Driver Earn up to £25.06 P/H,1,Driving / Warehouse / Logistics,UNKNOWN,,,,,Wisbech (1)
3.5t Delivery & Installation Driver,1,Driving / Warehouse / Logistics,UNKNOWN,,,,,Bristol (1)
HGV Class 1 C+E Driver,1,Driving / Warehouse / Logistics,UNKNOWN,,,,,Rugby (1)
Permanent HGV Class 1 Driver,1,Driving / Warehouse / Logistics,UNKNOWN,,,,,Lichfield (1)
Reach Forklift Driver,1,Driving / Warehouse / Logistics,UNKNOWN,,,warehouse_logistics,,Weymouth (1)
HGV 1 Driver Nights,1,Driving / Warehouse / Logistics,UNKNOWN,,,,,Pontefract (1)
HGV Class 1 Driver - Regular Shifts!,1,Driving / Warehouse / Logistics,UNKNOWN,,,,,Leeds (1)
CPCS/NPORS Telescopic Forklift Driver,1,Driving / Warehouse / Logistics,UNKNOWN,,,warehouse_logistics,,March (1)
ILS Manager,1,Other / Unclassified,UNKNOWN,,,,,Dorchester (1)
Senior ILS Engineer,1,Engineering / Technical,UNKNOWN,,,,,Tring (1)
Registered Manager Residential Childrens Home,1,Other / Unclassified,UNKNOWN,,,,,Stroud (1)
Scheme Manager Non Residential,1,Other / Unclassified,UNKNOWN,,,,,Egham (1)
Cross Class Commercial Underwriter- 2 days in the office,1,Other / Unclassified,UNKNOWN,,,admin_service,,Bristol (1)
Commercial Underwriter Glasgow,1,Other / Unclassified,UNKNOWN,,,,,Not Specified (1)
Cross Class Commercial Underwriter- 2 Days per week in the office,1,Other / Unclassified,UNKNOWN,,,admin_service,,York (1)
Cross Class Commercial Underwriter - 2 days per week in the office,1,Other / Unclassified,UNKNOWN,,,admin_service,,Bristol (1)
Senior / Supervising Social Worker,1,Care / Support Work,UNKNOWN,,,,,Ivybridge (1)
Psychology Graduate - Oxford,1,Other / Unclassified,UNKNOWN,,,,,Oxford (1)
Onboarding Care Coordinator,1,Care / Support Work,UNKNOWN,,,admin_service,,Northwich (1)
Class 2 Multi Drop Delivery Driver,1,Driving / Warehouse / Logistics,UNKNOWN,,,,,St. Albans (1)
HGV Class 1 Nights,1,Driving / Warehouse / Logistics,UNKNOWN,,,,,Waltham Abbey (1)
Interim Sales Advisor,1,Sales / Business Development,UNKNOWN,,,,,Newton Abbot (1)
Equity Partner Accountancy Practice,1,Professional Finance / Accountancy,UNKNOWN,,,,,Cardiff (1)
Deputy Service Manager,1,Other / Unclassified,UNKNOWN,,,,,Wembley (1)
Senior Service Manager for Safe Haven,1,Other / Unclassified,UNKNOWN,,,,,Oxford (1)
Play Therapist,1,Healthcare / Clinical,UNKNOWN,,,,,Southampton (1)
Investment Lead Trustee,1,Other / Unclassified,UNKNOWN,,,,,Not Specified (1)
PE and Sport Teacher,1,Education / Teaching,UNKNOWN,,,,,Rochester (1)
Business Development Manager Civil Engineering,1,Engineering / Technical,UNKNOWN,,,,,Southampton (1)
Registered Manager Children's Residential Care,1,Other / Unclassified,UNKNOWN,,,,,Cheadle (1)
Year 3 Primary Teacher - Swindon,1,Education / Teaching,UNKNOWN,,,,,Swindon (1)
Senior / Principal Transport Planner,1,Driving / Warehouse / Logistics,UNKNOWN,,,,,Exeter (1)
"Client Director - Ferndown - OTE £45,000",1,Other / Unclassified,UNKNOWN,,,,,Ferndown (1)
Toolmaker/Programming Engineer,1,Engineering / Technical,UNKNOWN,,,,,Plymouth (1)
Taxonomist & Information Architect (DAM),1,Other / Unclassified,UNKNOWN,,,,,East Molesey (1)
Tour/Coach Driver,1,Driving / Warehouse / Logistics,UNKNOWN,,,,,Tring (1)
Punjabi speaking Events and Volunteer Engagement Manager,1,Other / Unclassified,UNKNOWN,,,,,Maidenhead (1)
C360/MDM Developer,1,IT / Data / Software,UNKNOWN,,,,,Edinburgh (1)
Social Work Assistant Manager,1,Other / Unclassified,UNKNOWN,,,,,Basingstoke (1)
Class 1 Weekend Drivers,1,Other / Unclassified,UNKNOWN,,,,,Seaham (1)
HGV 1 Driver Weekly Pay,1,Driving / Warehouse / Logistics,UNKNOWN,,,,,Huntingdon (1)
HGV Class 1 Night Driver (4 on 4 off),1,Driving / Warehouse / Logistics,UNKNOWN,,,,,Wirral (1)
DHL HGV Class 1 Wellingborough,1,Driving / Warehouse / Logistics,UNKNOWN,,,,,Rushden (1)
HGV Driver - Various Shifts,1,Driving / Warehouse / Logistics,UNKNOWN,,,,,York (1)
Class 1 Night Driver LTD,1,Driving / Warehouse / Logistics,UNKNOWN,,,,,Not Specified (1)
HGV 1 LEICESTER - RATES £17.11-£20.63,1,Driving / Warehouse / Logistics,UNKNOWN,,,,,Rugby (1)
HGV 1 - Lutterworth RATES £17.11-£20.63,1,Driving / Warehouse / Logistics,UNKNOWN,,,,,Rugby (1)
HGV 1 Coventry - RATES £17.11-£20.63,1,Driving / Warehouse / Logistics,UNKNOWN,,,,,Rugby (1)
HGV Class 2 - Earn up to £28.28ph Plus Bonus!!,1,Driving / Warehouse / Logistics,UNKNOWN,,,,,Northampton (1)
HGV Class 2 Driver - £50 Cage Bonus!!,1,Driving / Warehouse / Logistics,UNKNOWN,,,,,Northampton (1)
Class 1 HGV LGV Driver - Days and Tramping Work Available,1,Driving / Warehouse / Logistics,UNKNOWN,,,,,Derby (1)
Class 1 LGV HGV Tramper Driver,1,Driving / Warehouse / Logistics,UNKNOWN,,,,,Mansfield (1)
Class 1 HGV LGV Driver - Tramping 4 on 4 off,1,Driving / Warehouse / Logistics,UNKNOWN,,,,,Mansfield (1)
Class 1 HGV LGV Driver - Temp to Perm from Day 1,1,Driving / Warehouse / Logistics,UNKNOWN,,,,,Nottingham (1)
Despatch FLT Driver,1,Driving / Warehouse / Logistics,UNKNOWN,,,,,Lincoln (1)
Supplier Quality Lead,1,Other / Unclassified,UNKNOWN,,,,,Kendal (1)
Trainee Recruitment Consultant (Rapid Progression),1,HR / Recruitment,UNKNOWN,,,hr_recruitment,,Bristol (1)
Service Advisor (HGV/Commercial Vehicles),1,Driving / Warehouse / Logistics,UNKNOWN,,,customer_service_contact_centre,,Aylesford (1)
Female Intern Safe House Support Worker,1,Care / Support Work,UNKNOWN,,,support_worker,,Bristol (1)
"Senior Total Reward Analyst, EMEA (German Speaking)",1,Other / Unclassified,UNKNOWN,,,,,Maidenhead (1)
Legacy and In Memory Officer,1,Other / Unclassified,UNKNOWN,,,admin_service,,Andover (1)
HGV Class 1 HIAB Driver,1,Driving / Warehouse / Logistics,UNKNOWN,,,,,Mansfield (1)
Class 2 Dustcart,1,Other / Unclassified,UNKNOWN,,,,,Not Specified (1)
Class Two HGV driver,1,Driving / Warehouse / Logistics,UNKNOWN,,,,,Banbury (1)
HGV Driver Nights,1,Driving / Warehouse / Logistics,UNKNOWN,,,,,Leeds (1)
HGV Class 1 Driver - Wagon and Drag,1,Driving / Warehouse / Logistics,UNKNOWN,,,,,Hull (1)
Skip Driver,1,Driving / Warehouse / Logistics,UNKNOWN,,,,,Belvedere (1)
Dustcart Drivers,1,Other / Unclassified,UNKNOWN,,,,,Not Specified (1)
Class 1 Driver New pass welcomed,1,Driving / Warehouse / Logistics,UNKNOWN,,,,,Warrington (1)
HGV Class 1 - Mon-Fri & Earn up to £26.50!!,1,Driving / Warehouse / Logistics,UNKNOWN,,,,,Banbury (1)
Delivery Driver (Class 2),1,Driving / Warehouse / Logistics,UNKNOWN,,,,,Thatcham (1)
HGV Class 1 Tipper Driver,1,Driving / Warehouse / Logistics,UNKNOWN,,,,,Driffield (1)
HGV Class 1 ADR Relief Driver,1,Driving / Warehouse / Logistics,UNKNOWN,,,,,Derby (1)
Self-Employed Heavy & Bulky Delivery Driver & Installer,1,Driving / Warehouse / Logistics,UNKNOWN,,,,,Exeter (1)
HGV LGV Technician,1,Engineering / Technical,UNKNOWN,,,,,Perth (1)
Clinical Unit Lead,1,Healthcare / Clinical,UNKNOWN,,,,,Aberdeen (1)
Business Developer,1,IT / Data / Software,UNKNOWN,,,,,Braintree (1)
Inside Sales Executive,1,Sales / Business Development,UNKNOWN,,,,,Banbury (1)
Director of Social Care,1,Other / Unclassified,UNKNOWN,,,,,Southampton (1)
Chef,1,Hospitality / Catering,UNKNOWN,,,,,Sleaford (1)
Head of Trading Services,1,Other / Unclassified,UNKNOWN,,,,,Bristol (1)
Senior Support Worker - Maternity Leave Cover,1,Care / Support Work,UNKNOWN,,,support_worker,,Hereford (1)
Senior Associate - Cost Management,1,Other / Unclassified,UNKNOWN,,,,,Cambridge (1)
Managed Print Engineer,1,Engineering / Technical,UNKNOWN,,,,,Cardiff (1)
"CNC Programmer, 5-Axis Milling, CAM Software, Precision Machining",1,IT / Data / Software,UNKNOWN,,,,,Cambridge (1)
M&E Asset Manager,1,Other / Unclassified,UNKNOWN,,,,,Antrim (1)
Tender Manager,1,Other / Unclassified,UNKNOWN,,,,,Swadlincote (1)
Chef Tutor,1,Education / Teaching,UNKNOWN,,,,,Minehead (1)
Senior Power Apps Engineer,1,Engineering / Technical,UNKNOWN,,,,,Coventry (1)
Marine Sub Agent,1,Other / Unclassified,UNKNOWN,,,,,Not Specified (1)
Project Manager Pensions,1,Operations / General Management,UNKNOWN,,,,,Leeds (1)
Software Developer C and Linux,1,IT / Data / Software,UNKNOWN,,,,,Lymington (1)
Lead Unreal Engine Developer,1,IT / Data / Software,UNKNOWN,,,,,Glasgow (1)
"Higher Education Account Manager, UK Education",1,Education / Teaching,UNKNOWN,,,,,Bonnyrigg (1)
Qualified Bus PCV Driver,1,Driving / Warehouse / Logistics,UNKNOWN,,,,,Newbury (1)
LGV 1 Driver,1,Driving / Warehouse / Logistics,UNKNOWN,,,,,Dover (1)
ASD Assistant- Reading,1,Other / Unclassified,UNKNOWN,,,,,Reading (1)
HGV Class 2 Drivers - South Yorkshire,1,Driving / Warehouse / Logistics,UNKNOWN,,,,,Not Specified (1)
LGV 1 Day Driver,1,Driving / Warehouse / Logistics,UNKNOWN,,,,,Cranleigh (1)
LGV C&E Driver(Distribution) - Seasonal 3 month contract,1,Driving / Warehouse / Logistics,UNKNOWN,,,,,Stonehouse (1)
HGV 1 Drivers - Northampton Days! £20 per hour!,1,Driving / Warehouse / Logistics,UNKNOWN,,,,,Northampton (1)
HGV Class 1 ADR Tramper Driver,1,Driving / Warehouse / Logistics,UNKNOWN,,,,,Widnes (1)
HGV Class 2 HIAB Driver - Part Time,1,Driving / Warehouse / Logistics,UNKNOWN,,,,,Frome (1)
Class 1 - Irlam,1,Other / Unclassified,UNKNOWN,,,,,Not Specified (1)
HGV 1 Driver - Immediate Starts Available!,1,Driving / Warehouse / Logistics,UNKNOWN,,,,,Tamworth (1)
HGV Class 1 Drivers - Days & Nights,1,Driving / Warehouse / Logistics,UNKNOWN,,,,,Kettering (1)
Class 2 Tanker Driver,1,Driving / Warehouse / Logistics,UNKNOWN,,,,,Elland (1)
Counterbalance Driver Nights,1,Driving / Warehouse / Logistics,UNKNOWN,,,,,Corby (1)
HGV Class 1 LTD Drivers,1,Driving / Warehouse / Logistics,UNKNOWN,,,,,Atherstone (1)
Northwards - Class 2 Driver - Aberdeen,1,Driving / Warehouse / Logistics,UNKNOWN,,,,,Aberdeen (1)
Therapeutic Team Manager - Supported Living,1,Other / Unclassified,UNKNOWN,,,,,Nottingham (1)
Drainage CCTV Processor,1,Other / Unclassified,UNKNOWN,,,,,Battle (1)
Senior Employer's Agent,1,Other / Unclassified,UNKNOWN,,,,,Cambridge (1)
Sales Executive- Agriculture,1,Sales / Business Development,UNKNOWN,,,,,Wrexham (1)
"Care Team Leader, Nights",1,Other / Unclassified,UNKNOWN,,,,,Bournemouth (1)
Practitioner Psychologist (maternity leave cover),1,Other / Unclassified,UNKNOWN,,,,,Midhurst (1)
General Operative Nights,1,Other / Unclassified,KNOWN,warehouse_logistics:REVIEW_CONTEXT_DEPENDENT,,,,Sleaford (1)
Senior Carer,1,Care / Support Work,UNKNOWN,,,,,Salisbury (1)
Probate Sales Consultant,1,Legal / Conveyancing,UNKNOWN,,,,,Bristol (1)
Head of Agency,1,Other / Unclassified,UNKNOWN,,,,,Wimborne (1)
New Business Development Manager,1,Sales / Business Development,UNKNOWN,,,,,Southampton (1)
Regional Sales Managers Garage Doors,1,Sales / Business Development,UNKNOWN,,,,,Swindon (1)
Mobile HGV Technician / Mobile Service Unit Technician,1,Engineering / Technical,UNKNOWN,,,,,Not Specified (1)
Area Sales Manager Plastic Plumbing Products,1,Sales / Business Development,UNKNOWN,,,,,Stevenage (1)
Ofsted Registered Manager,1,Other / Unclassified,UNKNOWN,,,,,Not Specified (1)
Senior Technical Services Officer,1,Other / Unclassified,UNKNOWN,,,admin_service,,Glasgow (1)
Test & Validation Technician,1,Engineering / Technical,UNKNOWN,,,,,Merthyr Tydfil (1)
Social Worker Level 2,1,Care / Support Work,UNKNOWN,,,,,City (1)
Deputy Manager - Ofsted,1,Other / Unclassified,UNKNOWN,,,,,Not Specified (1)
DBT Therapist,1,Healthcare / Clinical,UNKNOWN,,,,,Not Specified (1)
Fostering Team Manager,1,Other / Unclassified,KNOWN,admin_service:OUT_OF_SCOPE,,,,Durham (1)
Qualified Children's Social Worker - Child focused courts,1,Care / Support Work,UNKNOWN,,,,,Not Specified (1)
HGV Class 1 Cement Bulk Tanker Driver (Nights),1,Driving / Warehouse / Logistics,UNKNOWN,,,,,Not Specified (1)
Childrens Home Manager,1,Other / Unclassified,KNOWN,admin_service:OUT_OF_SCOPE,,,,Matlock (1)
Transport Late Shift Supervisor,1,Other / Unclassified,UNKNOWN,,,,,Alfreton (1)
MLD Assistant- Maidenhead,1,Other / Unclassified,UNKNOWN,,,,,Maidenhead (1)
Mobile HGV Technician,1,Engineering / Technical,UNKNOWN,,,,,Market Drayton (1)
Tax Senior - Swindon,1,Professional Finance / Accountancy,UNKNOWN,,,,,Swindon (1)
Accounts Manager - growing practice new role created,1,Professional Finance / Accountancy,UNKNOWN,,,finance_accounts,,Bedford (1)
Accounts Manager - 2nd in command for growing office of national independent practice,1,Professional Finance / Accountancy,UNKNOWN,,,admin_service; finance_accounts,,St. Neots (1)
Accounts Manager -pivotal role supporting business leader,1,Professional Finance / Accountancy,UNKNOWN,,,finance_accounts,,Huntingdon (1)
Accountant -AAT qualified - key client liaison with forward thinking firm,1,Professional Finance / Accountancy,UNKNOWN,,,,,Colchester (1)
"Accountant -AAT qualified - independent, supportive and inspiring firm",1,Professional Finance / Accountancy,UNKNOWN,,,,,Halstead (1)
Accountant -AAT qualified - not your usual accountancy firm!,1,Professional Finance / Accountancy,UNKNOWN,,,,,Colchester (1)
HRIS HR Advisor - SuccessFactors essential,1,HR / Recruitment,UNKNOWN,,,hr_recruitment,,Not Specified (1)
Head of Financial Operations,1,Other / Unclassified,UNKNOWN,,,,,Liverpool (1)
Head of Financial Planning and Reporting,1,Other / Unclassified,UNKNOWN,,,,,Liverpool (1)
HR Manager - Birmingham,1,HR / Recruitment,UNKNOWN,,,hr_recruitment,,Not Specified (1)
IT Support Analyst - Brighouse,1,IT / Data / Software,UNKNOWN,,,,,Brighouse (1)
Sales Ledger Assistant,1,Professional Finance / Accountancy,UNKNOWN,,,finance_accounts,,Bury St. Edmunds (1)
Head of Compliance,1,Other / Unclassified,UNKNOWN,,,,,Not Specified (1)
"Regional Account Manager - London, Herts & Beds",1,Sales / Business Development,UNKNOWN,,,,,Watford (1)
M&A Analyst,1,Other / Unclassified,UNKNOWN,,,,,Bolton (1)
Senior Manager - Restructuring Advisory,1,Other / Unclassified,UNKNOWN,,,,,Not Specified (1)
Occupational Health Advisor - Part Time,1,Other / Unclassified,UNKNOWN,,,,,Stoke-on-trent (1)
Sales Ledger - 12 month contract,1,Professional Finance / Accountancy,UNKNOWN,,,finance_accounts,,Bury St. Edmunds (1)
SOX Tester and Financial Controls - Investment Bank,1,Other / Unclassified,UNKNOWN,,,,,Not Specified (1)
Prudential Risk Manager,1,Other / Unclassified,UNKNOWN,,,,,Not Specified (1)
Registered Nurse RMN - Hospital,1,Healthcare / Clinical,UNKNOWN,,,,,Hull (1)
Senior Nurse - Care Home,1,Healthcare / Clinical,KNOWN,admin_service:HARD_PASS,,,,Bridge Of Don (1)
Registered Nurse RMN - Care Home,1,Healthcare / Clinical,UNKNOWN,,,,,Lasswade (1)
Hospital Director RMN,1,Other / Unclassified,UNKNOWN,,,,,Mansfield (1)
Charge Nurse,1,Healthcare / Clinical,UNKNOWN,,,,,Lasswade (1)
Peripatetic Nurse RGN/RMN - Bank - Care Home,1,Healthcare / Clinical,UNKNOWN,,,,,Preston (1)
Client Care Advisor,1,Other / Unclassified,UNKNOWN,,,,,Diss (1)
Finance Manager - Operations,1,Professional Finance / Accountancy,UNKNOWN,,,finance_accounts,,Cheltenham (1)
Personal Tax Assistant,1,Professional Finance / Accountancy,UNKNOWN,,,,,Darlington (1)
Financial Controller - 12 month contract,1,Professional Finance / Accountancy,UNKNOWN,,,,,Liverpool (1)
Commercial Disputes Associate / Senior Associate,1,Other / Unclassified,UNKNOWN,,,,,Not Specified (1)
Personal Tax Associate,1,Professional Finance / Accountancy,UNKNOWN,,,,,Chester (1)
Audit Associate,1,Professional Finance / Accountancy,UNKNOWN,,,,,Manchester (1)
Store Manager - London Bridge,1,Retail / Store,UNKNOWN,,,,,Not Specified (1)
Senior Bookkeeper and Payroller,1,Other / Unclassified,UNKNOWN,,,finance_accounts,,Newton Abbot (1)
Group Finance Manager,1,Professional Finance / Accountancy,UNKNOWN,,,finance_accounts,,Salisbury (1)
Senior Financial Controller,1,Professional Finance / Accountancy,UNKNOWN,,,,,Not Specified (1)
Claims Handler - Home / Motor / Insurance - Remote,1,Other / Unclassified,UNKNOWN,,,,,Not Specified (1)
Interim TA Consultant,1,Other / Unclassified,UNKNOWN,,,,,Hull (1)
Corporate Broker,1,Other / Unclassified,UNKNOWN,,,,,Leeds (1)
Economic Analyst,1,Other / Unclassified,UNKNOWN,,,,,Bedford (1)
Senior Accoutant,1,Other / Unclassified,UNKNOWN,,,,,Pinner (1)
Quality and Safeguarding Lead,1,Other / Unclassified,UNKNOWN,,,,,Not Specified (1)
Fees Officer,1,Other / Unclassified,UNKNOWN,,,admin_service,,Wandsworth (1)
Alternative Investments Legal Assistant,1,Legal / Conveyancing,UNKNOWN,,,,,Not Specified (1)
Employment Solicitor NQ- 6 PQE,1,Legal / Conveyancing,UNKNOWN,,,,,Manchester (1)
Payroll Officer (hybrid),1,Professional Finance / Accountancy,UNKNOWN,,,admin_service; finance_accounts,,Doncaster (1)
Interim Senior Accountant (ACA),1,Professional Finance / Accountancy,UNKNOWN,,,,,Not Specified (1)
Residential Real Estate Paralegal,1,Legal / Conveyancing,UNKNOWN,,,,,Not Specified (1)
Locomotive Engineer,1,Engineering / Technical,UNKNOWN,,,,,Folkestone (1)
"Private Client Tax Senior Manager - Hybrid, Central London",1,Professional Finance / Accountancy,UNKNOWN,,,,,Not Specified (1)
"FINANCIAL ADMINISTRATOR ADVISER SUPPORT CRANBROOK Up to &;40,000 Fully Office-Based",1,Admin / Customer Service,UNKNOWN,,,admin_service,,Cranbrook (1)
School Passenger Escort / Transport Assistant,1,Education / Teaching,UNKNOWN,,,,,Clitheroe (1)
HR & Payroll Coordinator,1,Professional Finance / Accountancy,KNOWN,hr_recruitment:HIGH_CONFIDENCE,hr_recruitment,admin_service; finance_accounts; hr_recruitment,,Northampton (1)
Senior Accounts,1,Professional Finance / Accountancy,UNKNOWN,,,finance_accounts,,Winchester (1)
Group Accountant,1,Professional Finance / Accountancy,UNKNOWN,,,,,Slough (1)
Account Executive - European Business,1,Sales / Business Development,UNKNOWN,,,,,Not Specified (1)
Audit Senior - Peterborough,1,Professional Finance / Accountancy,UNKNOWN,,,,,Peterborough (1)
Financial Administrator Adviser Support Tunbridge Wells Up to &;40.000,1,Admin / Customer Service,UNKNOWN,,,admin_service,,Tunbridge Wells (1)
Risk Analyst (Risk & Assurance),1,Other / Unclassified,UNKNOWN,,,,,Manchester (1)
Stores Person,1,Other / Unclassified,UNKNOWN,,,,,Halstead (1)
Band 5 Psychological Wellbeing Practitioner,1,Other / Unclassified,UNKNOWN,,,,,Ashton-under-lyne (1)
HR Policy Advisor,1,HR / Recruitment,UNKNOWN,,,hr_recruitment,,Not Specified (1)
Director - M&A Corporate Finance Advisory - East Midlands,1,Professional Finance / Accountancy,UNKNOWN,,,finance_accounts,,Not Specified (1)
Senior Treasury and Procurement Lead,1,Professional Finance / Accountancy,UNKNOWN,,,,,Not Specified (1)
Registered Nurse & Clinical Team Leader,1,Healthcare / Clinical,UNKNOWN,,,,,Manchester (1)
E-commerce Assistant,1,Marketing / Digital / Creative,UNKNOWN,,,,,Chelmsford (1)
Patent Records & Formalities Specialist - London Hybrid,1,Other / Unclassified,UNKNOWN,,,,,Not Specified (1)
"Patent Administrator, 12m FTC - Manchester (Hybrid)",1,Admin / Customer Service,UNKNOWN,,,admin_service,,Manchester (1)
Graphic,1,Other / Unclassified,UNKNOWN,,,,,Slough (1)
"Patent Paralegal (c&;40,000) - Bristol",1,Legal / Conveyancing,UNKNOWN,,,,,Bristol (1)
School Minibus Driver - Alternative Provision (AP),1,Education / Teaching,UNKNOWN,,,,,Clitheroe (1)
Accounts Receivable Analyst - German Speaker,1,Professional Finance / Accountancy,UNKNOWN,,,finance_accounts,,Camberley (1)
Senior Internal Auditor - Insurance,1,Professional Finance / Accountancy,UNKNOWN,,,,,Not Specified (1)
Head of Commercial Operations,1,Other / Unclassified,UNKNOWN,,,,,Leicester (1)
Part-Time Purchase Ledger Controller (18 hrs across 3 days),1,Professional Finance / Accountancy,UNKNOWN,,,finance_accounts,,Peterborough (1)
Real Estate Associate,1,Other / Unclassified,UNKNOWN,,,,,Glasgow (1)
People Partner (Operations),1,HR / Recruitment,UNKNOWN,,,,,Stevenage (1)
Interim Purchase Ledger,1,Professional Finance / Accountancy,UNKNOWN,,,finance_accounts,,Derby (1)
Health IDVA / DA Practitioner,1,Other / Unclassified,UNKNOWN,,,,,Exeter (1)
Employment Solicitor Associate or Senior Associate,1,Legal / Conveyancing,UNKNOWN,,,,,Edinburgh (1)
Senior Finance Manager - Perm,1,Professional Finance / Accountancy,UNKNOWN,,,finance_accounts,,Not Specified (1)
Paralegal/Fee Earner - Conveyancing,1,Legal / Conveyancing,UNKNOWN,,,,,Retford (1)
IDVA (Based in The Children's Front Door),1,Other / Unclassified,UNKNOWN,,,,,Exeter (1)
Programme Director,1,Other / Unclassified,UNKNOWN,,,,,South Croydon (1)
Campaign Manager - 12 month FTC,1,Marketing / Digital / Creative,UNKNOWN,,,,,Radstock (1)
Locum Pharmacist - Band 6 or 7 Kent,1,Other / Unclassified,UNKNOWN,,,,,Not Specified (1)
Personal Injury Locum,1,Other / Unclassified,UNKNOWN,,,,,Colwyn Bay (1)
Customer Care Coordinator,1,Care / Support Work,UNKNOWN,,,admin_service,,Exeter (1)
International HR Consultant,1,HR / Recruitment,UNKNOWN,,,hr_recruitment,,Glasgow (1)
Oncology Pharmacy Technician - Locum Contract London,1,Engineering / Technical,UNKNOWN,,,,,Not Specified (1)
French or German speaking GP / General Practitioner - Fully Remote,1,Other / Unclassified,UNKNOWN,,,,,Not Specified (1)
Senior FP&A Lead (Renewable Energy),1,Other / Unclassified,UNKNOWN,,,,,Not Specified (1)
Conveyancing Fee Earner,1,Legal / Conveyancing,UNKNOWN,,,,,Axminster (1)
Interim Service Charge Accountant,1,Professional Finance / Accountancy,UNKNOWN,,,,,Barnet (1)
IDVA Practitioner,1,Other / Unclassified,UNKNOWN,,,,,Exeter (1)
HR Operations Administrator,1,HR / Recruitment,UNKNOWN,,,admin_service; hr_recruitment,,Hounslow (1)
Trade Validation SME,1,Other / Unclassified,UNKNOWN,,,,,Not Specified (1)
Senior Motor Vehicle Technician,1,Engineering / Technical,UNKNOWN,,,,,Aldershot (1)
Credit Control Team Leader (Manufacturing),1,Professional Finance / Accountancy,UNKNOWN,,,finance_accounts,,Bournemouth (1)
Group Technical Accountant,1,Professional Finance / Accountancy,UNKNOWN,,,,,Ealing (1)
Interim Financial Controller (2 days per week),1,Professional Finance / Accountancy,UNKNOWN,,,,,Wakefield (1)
EMEA Accountant,1,Professional Finance / Accountancy,UNKNOWN,,,,,Leeds (1)
"Trainee Financial Planner/Adviser Location: Newbury, Berks, &;33-36,000 + Bonus + Excellent Benefits",1,Financial Advice / Mortgages,UNKNOWN,,,,,Newbury (1)
"Senior Client Services/Wealth Management Administrator, London (City)/Hybrid, To &;42,000, bonus",1,Admin / Customer Service,UNKNOWN,,,admin_service,,Not Specified (1)
Operations Team Leader (Insurance),1,Other / Unclassified,UNKNOWN,,,,,Not Specified (1)
Group Marketing Manager,1,Marketing / Digital / Creative,UNKNOWN,,,,,Skegness (1)
Conveyancing Secretary,1,Admin / Customer Service,UNKNOWN,,,admin_service,,Norwich (1)
Temporary Payroll Clerk,1,Professional Finance / Accountancy,UNKNOWN,,,finance_accounts,,Dereham (1)
Implant Dental Nurse,1,Healthcare / Clinical,UNKNOWN,,,,,Borehamwood (1)
Risk Management Lead (Financial Services),1,Other / Unclassified,UNKNOWN,,,,,Newcastle Upon Tyne (1)
People Coordinator,1,Admin / Customer Service,UNKNOWN,,,admin_service,,Coventry (1)
Deputy Head of Legal,1,Legal / Conveyancing,UNKNOWN,,,,,Not Specified (1)
Interim HR Partner,1,HR / Recruitment,UNKNOWN,,,hr_recruitment,,Not Specified (1)
HR Advisor - Permanent - Swansea,1,HR / Recruitment,UNKNOWN,,,hr_recruitment,,Swansea (1)
Interim Divisional Financial Controller,1,Professional Finance / Accountancy,UNKNOWN,,,,,Oldham (1)
"Senior Payroller, Bookkeeper and VAT Controller",1,Other / Unclassified,UNKNOWN,,,finance_accounts,,Newton Abbot (1)
Event and PR Manager,1,Marketing / Digital / Creative,UNKNOWN,,,,,Not Specified (1)
People Operations Manager -Permanent,1,Operations / General Management,UNKNOWN,,,,,Cardiff (1)
Vehicle Administrator,1,Admin / Customer Service,UNKNOWN,,,admin_service,,Stansted (1)
School Bursar,1,Education / Teaching,UNKNOWN,,,,,Liverpool (1)
Credit Controller (Hybrid),1,Other / Unclassified,UNKNOWN,,,finance_accounts,,Bristol (1)
Planning Lawyer NQ to 5 PQE,1,Legal / Conveyancing,UNKNOWN,,,,,Not Specified (1)
Insurance Manager,1,Other / Unclassified,UNKNOWN,,,,,Not Specified (1)
Careers Events Officer,1,Other / Unclassified,UNKNOWN,,,admin_service,,Uxbridge (1)
Mercedes-Benz Alloy Wheel Repair Technician,1,Engineering / Technical,UNKNOWN,,,,,Stockton-on-tees (1)
"Junior Paraplanner, London Hybrid &;38,000-&;44,000 (experience dependent)",1,Financial Advice / Mortgages,UNKNOWN,,,,,Not Specified (1)
Counterbalance FLT Driver and Production Operative,1,Driving / Warehouse / Logistics,UNKNOWN,,,,,Honiton (1)
Personal Tax and Trust Senior,1,Professional Finance / Accountancy,UNKNOWN,,,,,Newton Abbot (1)
Senior Internal Auditor - 1st Time Mover Opportunity,1,Professional Finance / Accountancy,UNKNOWN,,,,,Not Specified (1)
Marketing Campaign Manager,1,Marketing / Digital / Creative,UNKNOWN,,,,,Bracknell (1)
Catastrophic Injury Solicitor - Spinal Injury,1,Legal / Conveyancing,UNKNOWN,,,,,Not Specified (1)
Senior Purchase Ledger Specialist,1,Professional Finance / Accountancy,UNKNOWN,,,finance_accounts,,Cardiff (1)
Legal Counsel - Commercial & Technology,1,Legal / Conveyancing,UNKNOWN,,,,,Not Specified (1)
Solicitor - Complex Injury,1,Legal / Conveyancing,UNKNOWN,,,,,Not Specified (1)
School Fees Assistant - Temporary to Permanent,1,Education / Teaching,UNKNOWN,,,,,Cobham (1)
"HR Administrator, Temporary to Permanent Opportunity",1,HR / Recruitment,UNKNOWN,,,admin_service; hr_recruitment,,Stratford-upon-avon (1)
"Senior Client Services/Wealth Management Administrator London (City) Hybrid up to &;42,000",1,Admin / Customer Service,UNKNOWN,,,admin_service,,Not Specified (1)
Sales Ledger Accounts Assistant,1,Professional Finance / Accountancy,UNKNOWN,,,finance_accounts,,City (1)
Senior Manager- Finance Consulting,1,Professional Finance / Accountancy,UNKNOWN,,,finance_accounts,,Manchester (1)
Senior Management Accountant - Record to Report (R2R),1,Professional Finance / Accountancy,UNKNOWN,,,,,Manchester (1)
Software Engineer c# Stevenage,1,IT / Data / Software,UNKNOWN,,,,,Stevenage (1)
Organisational Development Advisor,1,Other / Unclassified,UNKNOWN,,,,,Not Specified (1)
French Speaking Part Qualified Accountant,1,Professional Finance / Accountancy,UNKNOWN,,,,,Wandsworth (1)
Data Analytics Manager,1,Other / Unclassified,UNKNOWN,,,,,Not Specified (1)
Criminal Defence Solicitor,1,Legal / Conveyancing,UNKNOWN,,,,,Manchester (1)
Luxury Content Marketing Executive,1,Marketing / Digital / Creative,UNKNOWN,,,,,Not Specified (1)
Group Finance Business Partner,1,Professional Finance / Accountancy,UNKNOWN,,,finance_accounts,,Warrington (1)
Solicitor - Residential Conveyancing,1,Legal / Conveyancing,UNKNOWN,,,,,Stockport (1)
Audi Senior Service Advisor,1,Admin / Customer Service,UNKNOWN,,,customer_service_contact_centre,,Reading (1)
"Research & Analysis Associate (Junior Paraplanner) London Hybrid, &;38,000 - &;44,000",1,Financial Advice / Mortgages,UNKNOWN,,,,,Not Specified (1)
Associate-Employment,1,Other / Unclassified,UNKNOWN,,,,,Reading (1)
Mechanic,1,Engineering / Technical,UNKNOWN,,,,,Prenton (1)
Support Worker - Male Only (GOR),1,Care / Support Work,UNKNOWN,,,support_worker,,Not Specified (1)
Technical Policy Consultant,1,Other / Unclassified,UNKNOWN,,,,,Not Specified (1)
Accounts Receivable/Credit Control (4 days per week),1,Professional Finance / Accountancy,UNKNOWN,,,finance_accounts,,Epping (1)
Family Solicitor & Accredited Family Mediator,1,Legal / Conveyancing,UNKNOWN,,,,,Luton (1)
Valuations Director,1,Other / Unclassified,UNKNOWN,,,,,Not Specified (1)
Accounting Services Manager,1,Other / Unclassified,UNKNOWN,,,finance_accounts,,Not Specified (1)
Transaction Services Senior Manager,1,Other / Unclassified,UNKNOWN,,,,,Not Specified (1)
VAT Advisory & BD Manager/ SM,1,Other / Unclassified,UNKNOWN,,,,,Not Specified (1)
Public Law Solicitor - London,1,Legal / Conveyancing,UNKNOWN,,,,,Not Specified (1)
Client Listening Manager,1,Other / Unclassified,UNKNOWN,,,,,Not Specified (1)
Not For Profit Audit & Advisory Manager,1,Other / Unclassified,UNKNOWN,,,,,Not Specified (1)
TAS Director - Life Sciences & Healthcare,1,Healthcare / Clinical,UNKNOWN,,,,,Not Specified (1)
Trade Mark Attorney (2 - 5 years' PQE) - London,1,Other / Unclassified,UNKNOWN,,,,,Not Specified (1)
Resident Experience Manager,1,Other / Unclassified,UNKNOWN,,,,,Wantage (1)
Digital Marketing Executive/Manager,1,Marketing / Digital / Creative,UNKNOWN,,,,,Bracknell (1)
HR Advisor - 3 to 6 month contract,1,HR / Recruitment,UNKNOWN,,,hr_recruitment,,Newcastle Upon Tyne (1)
M&A Project Manager-Finance,1,Professional Finance / Accountancy,UNKNOWN,,,finance_accounts,,Not Specified (1)
Technical Advisory Manager,1,Other / Unclassified,UNKNOWN,,,,,Not Specified (1)
Audit Quality Senior Manager,1,Professional Finance / Accountancy,UNKNOWN,,,,,Not Specified (1)
"PQ / FQ Patent Attorney - Life Sciences - Up to &;120,000",1,Other / Unclassified,UNKNOWN,,,,,Not Specified (1)
PQ / FQ Patent Attorney - Mechanical Engineering,1,Engineering / Technical,UNKNOWN,,,,,Not Specified (1)
Interim Finance Systems & Technical Accountant,1,Professional Finance / Accountancy,UNKNOWN,,,finance_accounts,,Scarborough (1)
Family Solicitor (Privately Funded),1,Legal / Conveyancing,UNKNOWN,,,,,City (1)
Consumer Communications Manager,1,Marketing / Digital / Creative,UNKNOWN,,,,,Not Specified (1)
Corporate & commercial Associate Solicitor,1,Legal / Conveyancing,UNKNOWN,,,,,Swansea (1)
Accounts Assistant 20 hrs Part time,1,Professional Finance / Accountancy,UNKNOWN,,,finance_accounts,,York (1)
Audit Partner RI,1,Professional Finance / Accountancy,UNKNOWN,,,,,Not Specified (1)
Talent Management Advisor 12-month FTC,1,Other / Unclassified,UNKNOWN,,,hr_recruitment,,Newcastle Upon Tyne (1)
Fleet & Environmental Services Manager or Assistant Manager,1,Other / Unclassified,UNKNOWN,,,,,Leatherhead (1)
Senior New Build Conveyancer,1,Other / Unclassified,UNKNOWN,,,,,Manchester (1)
Senior Accounts Receivable Administrator,1,Professional Finance / Accountancy,UNKNOWN,,,admin_service; finance_accounts,,South Croydon (1)
HR Partner,1,HR / Recruitment,UNKNOWN,,,hr_recruitment,,Middlesbrough (1)
Senior Finance Business Partner (Contract Negotiation),1,Professional Finance / Accountancy,UNKNOWN,,,finance_accounts,,Ealing (1)
PRIVATE FAMILY LAW SOLICITOR,1,Legal / Conveyancing,UNKNOWN,,,,,Liverpool (1)
PART TIME - PRIVATE FAMILY LAW SOLICITOR,1,Legal / Conveyancing,UNKNOWN,,,,,Ormskirk (1)
People Development Manager,1,Other / Unclassified,UNKNOWN,,,,,Newcastle Upon Tyne (1)
Senior Analytics Manager,1,Other / Unclassified,UNKNOWN,,,,,Not Specified (1)
"Up to &;130,000 - Senior Trade Mark Attorney - London or Yorkshire",1,Other / Unclassified,UNKNOWN,,,,,Not Specified (1)
Interim Finance Systems Implementation,1,Professional Finance / Accountancy,UNKNOWN,,,finance_accounts,,Warwick (1)
Senior Legal Counsel (Commercial) - London / Hybrid,1,Legal / Conveyancing,UNKNOWN,,,,,Not Specified (1)
Growth Marketing Manager,1,Marketing / Digital / Creative,UNKNOWN,,,,,Not Specified (1)
Finance Business Partner (Stock),1,Professional Finance / Accountancy,UNKNOWN,,,finance_accounts; warehouse_logistics,,Leyland (1)
Bookkeeper Administrator,1,Admin / Customer Service,UNKNOWN,,,admin_service; finance_accounts,,Maidstone (1)
Third Party Assurance Assistant Manager,1,Other / Unclassified,UNKNOWN,,,,,Not Specified (1)
Corporate Finance Solicitor,1,Legal / Conveyancing,UNKNOWN,,,finance_accounts,,Cheltenham (1)
Assistant Management Accountant - with study support,1,Professional Finance / Accountancy,UNKNOWN,,,,,Camberley (1)
Digital Marketing Specialist,1,Marketing / Digital / Creative,UNKNOWN,,,,,Peterborough (1)
People and Culture Director,1,Other / Unclassified,UNKNOWN,,,,,Chesterfield (1)
Conveyancing Paralegal (Rutherglen),1,Legal / Conveyancing,UNKNOWN,,,,,Not Specified (1)
"Private Family Solicitor 3+ PQE Times Best UK Firm, Multi Award Winning Team",1,Legal / Conveyancing,UNKNOWN,,,,,Not Specified (1)
Property Associate Solicitor,1,Legal / Conveyancing,UNKNOWN,,,,,Not Specified (1)
Private Client Senior Associate - Top Tier L500 & Leading Regional with London Hub,1,Other / Unclassified,UNKNOWN,,,,,Reading (1)
International Finance & Advisory Manager (Fully Remote),1,Professional Finance / Accountancy,UNKNOWN,,,finance_accounts,,Bristol (1)
Specialty Doctor (Maternity Cover),1,Healthcare / Clinical,UNKNOWN,,,,,Mexborough (1)
Action Against Public Authorities Solicitor,1,Legal / Conveyancing,UNKNOWN,,,,,Not Specified (1)
Head Employment Solicitor,1,Legal / Conveyancing,UNKNOWN,,,,,Hove (1)
Public Law Paralegal,1,Legal / Conveyancing,UNKNOWN,,,,,Manchester (1)
Customer Support & Collections Associate,1,Admin / Customer Service,UNKNOWN,,,customer_service_contact_centre,,Glasgow (1)
HR/Recruitment Advisor,1,HR / Recruitment,UNKNOWN,,,hr_recruitment,,Not Specified (1)
HR Operations Coordinator,1,HR / Recruitment,UNKNOWN,,,admin_service; hr_recruitment,,Milton Keynes (1)
Insurance Advisor (Training provided!),1,Other / Unclassified,UNKNOWN,,,,,Northampton (1)
Security Systems Engineer,1,IT / Data / Software,UNKNOWN,,,,,Sevenoaks (1)
Family Partner,1,Other / Unclassified,UNKNOWN,,,,,Barnsley (1)
Insurance Litigation Solicitor,1,Legal / Conveyancing,UNKNOWN,,,,,City Of Westminster (1)
Software Engineer C++,1,IT / Data / Software,UNKNOWN,,,,,Cambridge (1)
Support Worker (Learning Disabilities),1,Care / Support Work,UNKNOWN,,,support_worker,,Southampton (1)
Bridging Business Development Manager,1,Sales / Business Development,UNKNOWN,,,,,Warrington (1)
National Account Manager,1,Sales / Business Development,UNKNOWN,,,,,Manchester (1)
Private Client Paralegal - Support towards qualification - Hybrid working,1,Legal / Conveyancing,UNKNOWN,,,,,Rochester (1)
Channel Marketing Specialist,1,Marketing / Digital / Creative,UNKNOWN,,,,,Luton (1)
FLT driver/General Op Role - 3 shift patterns (Ad Hoc),1,Driving / Warehouse / Logistics,UNKNOWN,,,,,Wigan (1)
Corporate Development & Investor Relations Senior Manager,1,Other / Unclassified,UNKNOWN,,,,,Derby (1)
Garage Manager - MOT Tester,1,Other / Unclassified,UNKNOWN,,,,,Uxbridge (1)
International Benefits Analyst,1,Other / Unclassified,UNKNOWN,,,,,Wandsworth (1)
SEO Manager,1,Marketing / Digital / Creative,UNKNOWN,,,,,Manchester (1)
"Paralegal - Residential & Commercial Property, Commercial Law & Corporate Law",1,Legal / Conveyancing,UNKNOWN,,,,,Widnes (1)
Finance Officer - Receivables,1,Professional Finance / Accountancy,UNKNOWN,,,admin_service; finance_accounts,,Oxford (1)
Sales Progressor / Conveyancer,1,Sales / Business Development,UNKNOWN,,,,,Manchester (1)
"Trainee Financial Planner/Adviser, Central London, &;33-36,000 + Bonus + Excellent Benefits",1,Financial Advice / Mortgages,UNKNOWN,,,,,City Of Westminster (1)
Commercial Property Solicitor - Legal 500 Firm - Excellent Benefits & Career Progression -Hybrid,1,Legal / Conveyancing,UNKNOWN,,,,,Stockport (1)
Private Client Paralegal - Great Benefits,1,Legal / Conveyancing,UNKNOWN,,,,,Wilmslow (1)
Temporary Healthcare Assistants (HCA) - Stevenage,1,Healthcare / Clinical,UNKNOWN,,,support_worker,,Stevenage (1)
Property Development Solicitor,1,Legal / Conveyancing,UNKNOWN,,,,,Manchester (1)
Family Solicitor or CILEX Legal 500 & Chambers Recognised Full Service,1,Legal / Conveyancing,UNKNOWN,,,,,Reading (1)
Clinical Advisor,1,Healthcare / Clinical,KNOWN,hr_recruitment:REVIEW_CONTEXT_DEPENDENT,,,,Leeds (1)
7.5T HGV Driver,1,Driving / Warehouse / Logistics,UNKNOWN,,,,,Nottingham (1)
HGV Class 2 Driver New Passes Accepted,1,Driving / Warehouse / Logistics,UNKNOWN,,,,,Sheffield (1)
HGV Class 1 Driver - All shift Patterns Available,1,Driving / Warehouse / Logistics,UNKNOWN,,,,,Not Specified (1)
Class 1 Day Shift,1,Other / Unclassified,UNKNOWN,,,,,Warrington (1)
HGV 1 Monday to Friday Ongoing,1,Driving / Warehouse / Logistics,UNKNOWN,,,,,Stanford-le-hope (1)
Class 2 Fixed Rota,1,Other / Unclassified,UNKNOWN,,,,,Aylesford (1)
Minibus Driver,1,Driving / Warehouse / Logistics,UNKNOWN,,,,,Crieff (1)
HGV Class 1 Driver - Monday to Friday Days,1,Driving / Warehouse / Logistics,UNKNOWN,,,,,Not Specified (1)
OpenShift Developer eDV,1,IT / Data / Software,UNKNOWN,,,,,Cheltenham (1)
Area Sales Manager Garage & Front Doors,1,Sales / Business Development,UNKNOWN,,,,,Edinburgh (1)
Senior Motor Vehicle Technician - Multi Franchise,1,Engineering / Technical,UNKNOWN,,,,,Willenhall (1)
Mobile Pump Engineer,1,Engineering / Technical,UNKNOWN,,,,,Not Specified (1)
Mobile Crane Driver / HGV Class 2 Driver,1,Driving / Warehouse / Logistics,UNKNOWN,,,,,Dalkeith (1)
Through Life Systems Manager,1,Other / Unclassified,UNKNOWN,,,,,Gloucester (1)
Senior Security Systems Engineer,1,IT / Data / Software,UNKNOWN,,,,,Maidstone (1)
Duel Registered Manager - Residential,1,Other / Unclassified,UNKNOWN,,,,,Halesowen (1)
Junior Vehicle Tech Trainer (Military Vehicles),1,Other / Unclassified,UNKNOWN,,,,,Swindon (1)
PFI Technical Advisor,1,Other / Unclassified,UNKNOWN,,,,,Not Specified (1)
Graduate SEN Teaching Assistant,1,Education / Teaching,UNKNOWN,,,,,Not Specified (1)
SEN Supply Teaching Assistant,1,Education / Teaching,UNKNOWN,,,,,Not Specified (1)
CCF School Staff Instructor (SSI),1,Education / Teaching,UNKNOWN,,,,,Not Specified (1)
Higher Level Teaching Assistant - Primary School,1,Education / Teaching,UNKNOWN,,,,,Not Specified (1)
Head of Science,1,Other / Unclassified,UNKNOWN,,,,,Not Specified (1)
History Teacher,1,Education / Teaching,UNKNOWN,,,,,Stoke-on-trent (1)
Cover supervisor Newcastle under Lyme,1,Education / Teaching,UNKNOWN,,,,,Newcastle (1)
Cover supervisor Staffordshire Moorlands,1,Education / Teaching,UNKNOWN,,,,,Not Specified (1)
Level 2 Teaching Assistant - Primary School,1,Education / Teaching,UNKNOWN,,,,,Manchester (1)
"Psychology Graduate - SEND, SEMH & Child Development",1,Other / Unclassified,UNKNOWN,,,,,Manchester (1)
Level 3 Teaching Assistant - Primary School,1,Education / Teaching,UNKNOWN,,,,,Manchester (1)
Child Psychology Graduate - SEMH & Behaviour Support,1,Other / Unclassified,UNKNOWN,,,,,Manchester (1)
Psychology Graduate - SEND Teaching Assistant,1,Education / Teaching,UNKNOWN,,,,,Manchester (1)
Practice Manager (ACA) / Equity Potential - Ringwood - &;55-60K,1,Other / Unclassified,UNKNOWN,,,,,Ringwood (1)
Audit & Accounts Assistant Manager/Manager,1,Professional Finance / Accountancy,UNKNOWN,,,finance_accounts,,Leeds (1)
Valuations Senior Consultant,1,Other / Unclassified,UNKNOWN,,,,,Not Specified (1)
Marketing Business Partner - Insurance,1,Marketing / Digital / Creative,UNKNOWN,,,,,Not Specified (1)
Finance Director / Head of Finance,1,Professional Finance / Accountancy,UNKNOWN,,,finance_accounts,,Not Specified (1)
People Partners,1,Other / Unclassified,UNKNOWN,,,,,Manchester (1)
Investment Analyst,1,Other / Unclassified,UNKNOWN,,,,,Not Specified (1)
Automation Engineer (HMI / PLC),1,Engineering / Technical,UNKNOWN,,,,,Knutsford (1)
Copywriter,1,Marketing / Digital / Creative,UNKNOWN,,,,,Not Specified (1)
Casualty Solicitor,1,Legal / Conveyancing,UNKNOWN,,,,,Colchester (1)
Producer - North American Property,1,Other / Unclassified,UNKNOWN,,,,,Not Specified (1)
Construction Underwriter,1,Construction / Trades / Property,UNKNOWN,,,,,Not Specified (1)
Liability Underwriter,1,Other / Unclassified,UNKNOWN,,,,,Not Specified (1)
Senior Commercial Account Handler/Broker Manager,1,Other / Unclassified,UNKNOWN,,,,,Newcastle Upon Tyne (1)
RMN,1,Other / Unclassified,UNKNOWN,,,,,Leeds (1)
Assistant Warehouse Manager,1,Driving / Warehouse / Logistics,UNKNOWN,,,warehouse_logistics,,Not Specified (1)
Driver small van PERMANENT Job fully employed,1,Driving / Warehouse / Logistics,UNKNOWN,,,,,Hinckley (1)
Logistics Coordinator,1,Driving / Warehouse / Logistics,UNKNOWN,,,admin_service; warehouse_logistics,,Newport (1)
SEN Teaching Assistants in Cambridgeshire,1,Education / Teaching,UNKNOWN,,,,,Not Specified (1)
Teaching Assistant - Hammersmith and Fulham,1,Education / Teaching,UNKNOWN,,,,,Ealing (1)
Supply Teacher Jobs in Bedford,1,Education / Teaching,UNKNOWN,,,,,Bedford (1)
Teaching Assistant - Ealing,1,Education / Teaching,UNKNOWN,,,,,Ealing (1)
Occupational Therapist - South West London,1,Healthcare / Clinical,UNKNOWN,,,,,Twickenham (1)
SEN Teaching Assistant - Full-Time,1,Education / Teaching,UNKNOWN,,,,,Royston (1)
(2 Posts) SEN Teaching Assistant - Monmouth,1,Education / Teaching,UNKNOWN,,,,,Monmouth (1)
Science Teacher - Manchester,1,Education / Teaching,UNKNOWN,,,,,Manchester (1)
Maths Teacher - Manchester,1,Education / Teaching,UNKNOWN,,,,,Manchester (1)
Biology Teacher,1,Education / Teaching,UNKNOWN,,,,,Not Specified (1)
Computer Science Teacher,1,Education / Teaching,UNKNOWN,,,,,Not Specified (1)
Spanish Teacher,1,Education / Teaching,UNKNOWN,,,,,Rainham (1)
Physics Teacher,1,Education / Teaching,UNKNOWN,,,,,Not Specified (1)
SEND / SEMH Teaching Assistant,1,Education / Teaching,UNKNOWN,,,,,Manchester (1)
Primary Teacher - Daily Supply & Long-Term Opportunities,1,Education / Teaching,UNKNOWN,,,,,Manchester (1)
Teaching Assistant - Brent,1,Education / Teaching,UNKNOWN,,,,,Not Specified (1)
Teacher of Drama,1,Education / Teaching,UNKNOWN,,,,,Not Specified (1)
Male SEN Teaching Assistant,1,Education / Teaching,UNKNOWN,,,,,Not Specified (1)
1:1 SEND & Behaviour Support Assistant,1,Other / Unclassified,UNKNOWN,,,,,Manchester (1)
Primary School Behaviour Mentor,1,Education / Teaching,UNKNOWN,,,,,Manchester (1)
1:1 Behaviour Support Teaching Assistant,1,Education / Teaching,UNKNOWN,,,,,Manchester (1)
LGV Driver - Part Time,1,Driving / Warehouse / Logistics,UNKNOWN,,,,,Kilmarnock (1)
Database & Systems Engineer,1,IT / Data / Software,UNKNOWN,,,,,Derby (1)
Infrastructure Engineer / Security,1,IT / Data / Software,UNKNOWN,,,,,Guildford (1)
BI DEVELOPMENT LEAD / PRESTIGIOUS UK CLIENT / HOME,1,Other / Unclassified,UNKNOWN,,,,,Not Specified (1)
Biology Teacher East Birmingham &;170-&;220,1,Education / Teaching,UNKNOWN,,,,,City (1)
Computer Science Teacher South Birmingham &;170-&;220,1,Education / Teaching,UNKNOWN,,,,,Not Specified (1)
Computer Science Teacher East Birmingham &;170-&;220,1,Education / Teaching,UNKNOWN,,,,,City (1)
Biology Teacher Birmingham & Solihull &;170-&;220,1,Education / Teaching,UNKNOWN,,,,,Not Specified (1)
Art TA,1,Other / Unclassified,UNKNOWN,,,,,Not Specified (1)
Site Manager,1,Construction / Trades / Property,UNKNOWN,,,,,Not Specified (1)
Design Technology Teacher South Birmingham &;170-&;220,1,Education / Teaching,UNKNOWN,,,,,Not Specified (1)
Design Technology Teacher East Birmingham &;170-&;220,1,Education / Teaching,UNKNOWN,,,,,City (1)
EYFS SEN TA- Hall Green,1,Education / Teaching,UNKNOWN,,,,,Not Specified (1)
EHCP Coordinator,1,Admin / Customer Service,UNKNOWN,,,admin_service,,Southampton (1)
Qualified Nursery Practitioner - Level 3,1,Other / Unclassified,UNKNOWN,,,,,Not Specified (1)
SEN Specialist Tutor - Secondary,1,Education / Teaching,UNKNOWN,,,,,Bromley (1)
SEN Tutor - Secondary,1,Education / Teaching,UNKNOWN,,,,,Bromley (1)
SEN Teaching Assistants Wanted - Kings Lynn,1,Education / Teaching,UNKNOWN,,,,,King's Lynn (1)
SEND Tutor (QTS),1,Education / Teaching,UNKNOWN,,,,,Leominster (1)
ALN Learning Support Assistant - Monmouth SNRB,1,Education / Teaching,UNKNOWN,,,,,Monmouth (1)
ALN Teaching Assistant - Monmouth 1:1,1,Education / Teaching,UNKNOWN,,,,,Monmouth (1)
Experienced Physics Teacher or ECT,1,Education / Teaching,UNKNOWN,,,,,Cambridge (1)
SEND TA Spilsby,1,Other / Unclassified,UNKNOWN,,,,,Spilsby (1)
Cover Supervisor Nottingham,1,Education / Teaching,UNKNOWN,,,,,Nottingham (1)
Secondary PE Teacher Required!,1,Education / Teaching,UNKNOWN,,,,,Peterborough (1)
Physics Teacher - Long-Term & Permanent Opportunities,1,Education / Teaching,UNKNOWN,,,,,Peterborough (1)
SEN Teaching Assistants Wanted - Wisbech,1,Education / Teaching,UNKNOWN,,,,,Wisbech (1)
Special Needs LSA,1,Other / Unclassified,UNKNOWN,,,,,Kidderminster (1)
Qualified Nursery Assistant - Level 3,1,Other / Unclassified,UNKNOWN,,,,,Richmond (1)
Network Infrastructure Team Lead,1,IT / Data / Software,UNKNOWN,,,,,Manchester (1)
Supply Teacher - St Albans,1,Education / Teaching,UNKNOWN,,,,,St. Albans (1)
Principle Data Lead,1,Other / Unclassified,UNKNOWN,,,,,Plymouth (1)
Senior Service Desk Engineer,1,IT / Data / Software,UNKNOWN,,,,,Not Specified (1)
SEND Tutors (1:1 Support) - Withernsea,1,Other / Unclassified,UNKNOWN,,,,,Withernsea (1)
SEN Teaching Assistant - Monmouthshire,1,Education / Teaching,UNKNOWN,,,,,Monmouth (1)
SEND Tutors (1:1 Support) - Brough,1,Other / Unclassified,UNKNOWN,,,,,Brough (1)
Secondary SEND Teaching Assistant,1,Education / Teaching,UNKNOWN,,,,,Not Specified (1)
Hungarian-Speaking SEN Tutor,1,Education / Teaching,UNKNOWN,,,,,Bromley (1)
SEN TA - ASAP!,1,Education / Teaching,UNKNOWN,,,,,St. Albans (1)
Teaching Assistant - EYFS,1,Education / Teaching,UNKNOWN,,,,,Newton-le-willows (1)
Primary Teacher (Supply),1,Education / Teaching,UNKNOWN,,,,,Barnsley (1)
Productivity & Collaboration Specialist (M365 Specialist),1,Other / Unclassified,UNKNOWN,,,,,Not Specified (1)
Flexible Primary Supply Teachers - Central London - &;180 p/d,1,Other / Unclassified,UNKNOWN,,,,,Not Specified (1)
Family Support Officer,1,Other / Unclassified,UNKNOWN,,,admin_service,,Not Specified (1)
SEND Teaching assistant- Staffordshire,1,Education / Teaching,UNKNOWN,,,,,Not Specified (1)
Qualified Teacher In Birmingham,1,Education / Teaching,UNKNOWN,,,,,Not Specified (1)
SEND LSA- Birmingham,1,Other / Unclassified,UNKNOWN,,,,,Not Specified (1)
SEND Teaching assistant- Walsall,1,Education / Teaching,UNKNOWN,,,,,Not Specified (1)
SEND Teaching assistant- Tamworth,1,Education / Teaching,UNKNOWN,,,,,Tamworth (1)
SEN TA In Birmingham,1,Education / Teaching,UNKNOWN,,,,,Not Specified (1)
Year 2 TA In Kings Heath,1,Other / Unclassified,UNKNOWN,,,,,Not Specified (1)
Science Teacher South Birmingham &;170-&;220,1,Education / Teaching,UNKNOWN,,,,,Not Specified (1)
Maths Teacher South Birmingham &;170-&;220,1,Education / Teaching,UNKNOWN,,,,,Not Specified (1)
Science Teacher East Birmingham &;170-&;220,1,Education / Teaching,UNKNOWN,,,,,Not Specified (1)
English Teacher - Mansfield,1,Education / Teaching,UNKNOWN,,,,,Mansfield (1)
Humanities Teacher - Nottingham,1,Education / Teaching,UNKNOWN,,,,,Nottingham (1)
Maths Teacher - Derby,1,Education / Teaching,UNKNOWN,,,,,Derby (1)
PE Teacher - Notts,1,Education / Teaching,UNKNOWN,,,,,Nottingham (1)
PE Teacher - Mansfield,1,Education / Teaching,UNKNOWN,,,,,Mansfield (1)
Cover Supervisor Birmingham & Solihull &;100-&;120,1,Education / Teaching,UNKNOWN,,,,,Not Specified (1)
Chemistry Teacher South Birmingham &;170-&;220,1,Education / Teaching,UNKNOWN,,,,,Not Specified (1)
Physics Teacher South Birmingham &;170-&;220,1,Education / Teaching,UNKNOWN,,,,,Not Specified (1)
Chemistry Teacher East Birmingham &;170-&;220,1,Education / Teaching,UNKNOWN,,,,,City (1)
Cover Supervisor - Mansfield,1,Education / Teaching,UNKNOWN,,,,,Mansfield (1)
Physics Teacher East Birmingham &;170-&;220,1,Education / Teaching,UNKNOWN,,,,,City (1)
Geography Teacher - Mansfield,1,Education / Teaching,UNKNOWN,,,,,Mansfield (1)
TA - Notts,1,Other / Unclassified,UNKNOWN,,,,,Nottingham (1)
STEM ECT Teacher Birmingham & Solihull &;160-&;210,1,Education / Teaching,UNKNOWN,,,,,Not Specified (1)
Maths Teacher East Birmingham &;170-&;220,1,Education / Teaching,UNKNOWN,,,,,Not Specified (1)
Design Technology Teacher Birmingham & Solihull &;170-&;220,1,Education / Teaching,UNKNOWN,,,,,Not Specified (1)
Computer Science Teacher Birmingham & Solihull &;170-&;220,1,Education / Teaching,UNKNOWN,,,,,Not Specified (1)
Chemistry Teacher Birmingham & Solihull &;170-&;220,1,Education / Teaching,UNKNOWN,,,,,Not Specified (1)
Physics Teacher Birmingham & Solihull &;170-&;220,1,Education / Teaching,UNKNOWN,,,,,Not Specified (1)
Early Years Teacher,1,Education / Teaching,UNKNOWN,,,,,Enfield (1)
PE Teacher - Cardiff QTS Full-Time,1,Education / Teaching,UNKNOWN,,,,,Cardiff (1)
Outreach SEN Tutor - Southend-On-Sea,1,Education / Teaching,UNKNOWN,,,,,Southend-on-sea (1)
Nursery nurse,1,Healthcare / Clinical,UNKNOWN,,,,,Tipton (1)
Psychology Graduate SEN TA,1,Education / Teaching,UNKNOWN,,,,,Leeds (1)
Higher Level Teaching Assistant - Secondary School,1,Education / Teaching,UNKNOWN,,,,,Manchester (1)
SEN Graduate Teaching Assistant,1,Education / Teaching,UNKNOWN,,,,,Leeds (1)
SEN Specialist Outreach Tutor - Southend,1,Education / Teaching,UNKNOWN,,,,,Southend-on-sea (1)
Commercial Controller - Real Estate,1,Other / Unclassified,UNKNOWN,,,,,Not Specified (1)
Client Support Executive,1,Other / Unclassified,UNKNOWN,,,,,Not Specified (1)
Corporate Insurance Account Handler,1,Other / Unclassified,UNKNOWN,,,,,Reading (1)
Purchase and Sales Ledger Assistant,1,Professional Finance / Accountancy,UNKNOWN,,,finance_accounts,,Leeds (1)
Applications Engineer (CMM / Metrology),1,Engineering / Technical,UNKNOWN,,,,,Ilkeston (1)
Audit Assistant Manager - Preston,1,Professional Finance / Accountancy,UNKNOWN,,,,,Preston (1)
Audit Manager - Liverpool,1,Professional Finance / Accountancy,UNKNOWN,,,,,Liverpool (1)
Project Delivery Manager,1,Other / Unclassified,UNKNOWN,,,,,Ipswich (1)
Audit Executive - Preston,1,Professional Finance / Accountancy,UNKNOWN,,,,,Preston (1)
Finance Support Officer,1,Professional Finance / Accountancy,UNKNOWN,,,admin_service; finance_accounts,,Coventry (1)
Global Mobility Assistant Manager,1,Other / Unclassified,UNKNOWN,,,,,Not Specified (1)
Interim Group Management Accountant,1,Professional Finance / Accountancy,UNKNOWN,,,,,Middlesbrough (1)
Vehicle Polisher,1,Other / Unclassified,UNKNOWN,,,,,Corby (1)
HGV Class 1 Driver Store Distribution,1,Driving / Warehouse / Logistics,UNKNOWN,,,,,Bristol (1)
Jobs for Fully Qualified Teachers in Luton,1,Other / Unclassified,UNKNOWN,,,,,Luton (1)
Education Sector roles in Luton,1,Education / Teaching,UNKNOWN,,,,,Luton (1)
High needs LSA,1,Other / Unclassified,UNKNOWN,,,,,Not Specified (1)
KS1 SEND Teaching Assistant - Perry Barr,1,Education / Teaching,UNKNOWN,,,,,Not Specified (1)
SEN TA In B42,1,Education / Teaching,UNKNOWN,,,,,Not Specified (1)
Supply SEN TA,1,Education / Teaching,UNKNOWN,,,,,Royston (1)
1-1 Teaching Assistant - Newcastle-under-Lyme,1,Education / Teaching,UNKNOWN,,,,,Newcastle (1)
1-1 Teaching Assistant - Stoke-on-Trent,1,Education / Teaching,UNKNOWN,,,,,Stoke-on-trent (1)
KS1 Teacher - Tunstall,1,Education / Teaching,UNKNOWN,,,,,Stoke-on-trent (1)
TV Aerial and Satellite Engineer - Commercial environments,1,Engineering / Technical,UNKNOWN,,,,,Northampton (1)
Teaching Assistant In B14,1,Education / Teaching,UNKNOWN,,,,,Not Specified (1)
Teaching Assistant In B28,1,Education / Teaching,UNKNOWN,,,,,Not Specified (1)
Teaching Assistant In B13,1,Education / Teaching,UNKNOWN,,,,,Not Specified (1)
"SEND/SEMH Male Tutor (1:1 Support) - Anstey, Leicestershire",1,Education / Teaching,UNKNOWN,,,,,Leicester (1)
Teaching Assistant In B29,1,Education / Teaching,UNKNOWN,,,,,Not Specified (1)
Teaching Assistant In B45,1,Education / Teaching,UNKNOWN,,,,,Not Specified (1)
Network Product Manager,1,IT / Data / Software,UNKNOWN,,,,,Not Specified (1)
Long term Full Time TA In B90,1,Other / Unclassified,UNKNOWN,,,,,Not Specified (1)
Secondary Supply Teachers,1,Other / Unclassified,UNKNOWN,,,,,Manchester (1)
College SEN Learning Support Assistant,1,Education / Teaching,UNKNOWN,,,,,Bromley (1)
Graduate Teaching Assistants,1,Education / Teaching,UNKNOWN,,,,,Manchester (1)
Autism Teaching Assistant,1,Education / Teaching,UNKNOWN,,,,,Not Specified (1)
SEN Specialist Secondary Outreach Tutor - Bromley,1,Education / Teaching,UNKNOWN,,,,,Bromley (1)
GCSE German Tutor - SEN,1,Education / Teaching,UNKNOWN,,,,,Woking (1)
Primary School Teacher - Day to Day Supply - Cardiff,1,Education / Teaching,UNKNOWN,,,,,Cardiff (1)
"SAP S/4 HANA Lead Consultant - up to &;110,000 - Hybrid",1,Other / Unclassified,UNKNOWN,,,,,Coventry (1)
1st Line Engineer,1,Engineering / Technical,UNKNOWN,,,,,Camberley (1)
Mental Heath Wellbeing Lead & Deputy Safeguarding lead,1,Other / Unclassified,UNKNOWN,,,,,Not Specified (1)
Outreach Tutor,1,Education / Teaching,UNKNOWN,,,,,Cheltenham (1)
SEND Tutors (1:1 Support) - Southend,1,Other / Unclassified,UNKNOWN,,,,,Burnham-on-crouch (1)
Religious Education Teacher,1,Education / Teaching,UNKNOWN,,,,,Northampton (1)
"Senior Salesforce Developer - up to &;90,000 + Bonus - Hybrid",1,IT / Data / Software,UNKNOWN,,,,,Not Specified (1)
Solution Architect (Secure Communications) Defence,1,IT / Data / Software,UNKNOWN,,,,,Corsham (1)
Internal Sales Administrator,1,Sales / Business Development,UNKNOWN,,,admin_service,,Brighton (1)
Health and Social Care Teacher,1,Education / Teaching,UNKNOWN,,,,,Northampton (1)
Tutor (SEN),1,Education / Teaching,UNKNOWN,,,,,Dudley (1)
"PPA/Sport Cover - Primary School, Croydon",1,Education / Teaching,UNKNOWN,,,,,South Croydon (1)
Change Manager,1,Other / Unclassified,UNKNOWN,,,,,Gloucester (1)
SEND Tutors (1:1 Support) - Bridlington,1,Other / Unclassified,UNKNOWN,,,,,Bridlington (1)
SEND Tutors (1:1 Support) - Goole,1,Other / Unclassified,UNKNOWN,,,,,Goole (1)
SEND Tutors (1:1 Support) - Pocklington,1,Other / Unclassified,UNKNOWN,,,,,York (1)
SEND Tutors (1:1 Support) - Hull,1,Other / Unclassified,UNKNOWN,,,,,Ashbourne (1)
SEND Tutors (1:1 Support) - Beverley,1,Other / Unclassified,UNKNOWN,,,,,Beverley (1)
SEND Tutors (1:1 Support) - Driffield,1,Other / Unclassified,UNKNOWN,,,,,South Cerney (1)
SEMH Tutors (1:1 Support) - Norfolk,1,Other / Unclassified,UNKNOWN,,,,,Diss (1)
Early Years Teaching Assistant - Streetly,1,Education / Teaching,UNKNOWN,,,,,Sutton Coldfield (1)
General Teaching Assistant - Year 5/6 - 1 year contract,1,Education / Teaching,UNKNOWN,,,,,Not Specified (1)
Year 6/PPA Teacher - Castle Bromwich,1,Education / Teaching,UNKNOWN,,,,,Not Specified (1)
EYFS/KS1 Teaching Assistant - Sutton Colldfield,1,Education / Teaching,UNKNOWN,,,,,Sutton Coldfield (1)
SEMH Tutors (1:1 Support) - Stowmarket,1,Other / Unclassified,UNKNOWN,,,,,Stowmarket (1)
1 - 1 ASD TA - Erdington,1,Other / Unclassified,UNKNOWN,,,,,Solihull (1)
SEMH Tutors (1:1 Support) - Suffolk,1,Other / Unclassified,UNKNOWN,,,,,Eye (1)
SEND TA's (2:1 Support) - Hull,1,Other / Unclassified,UNKNOWN,,,,,Ashbourne (1)
Learning Support Worker - Ponntypridd,1,Education / Teaching,UNKNOWN,,,support_worker,,Pontypridd (1)
School Office Manager,1,Education / Teaching,UNKNOWN,,,admin_service,,Not Specified (1)
SEN Psychology Graduate Teaching Assistant - Secondary,1,Education / Teaching,UNKNOWN,,,,,Leeds (1)
SEN Psychology Graduate Teaching Assistant - Primary,1,Education / Teaching,UNKNOWN,,,,,Leeds (1)
SEN Teacher (Autism Resource Provision),1,Education / Teaching,UNKNOWN,,,,,Heywood (1)
SEN Teaching Assistant (PMLD),1,Education / Teaching,UNKNOWN,,,,,Rochdale (1)
Qualified Minibus Driver - Cardiff Part-Time,1,Driving / Warehouse / Logistics,UNKNOWN,,,,,Cardiff (1)
1:1 Primary Teaching Assistant,1,Education / Teaching,UNKNOWN,,,,,Not Specified (1)
SEN Early Years,1,Education / Teaching,UNKNOWN,,,,,Not Specified (1)
Primary Higher level Teaching Assistant,1,Education / Teaching,UNKNOWN,,,,,Not Specified (1)
SEN Teaching Assistant - Autism Focus,1,Education / Teaching,UNKNOWN,,,,,Not Specified (1)
Specialist Behaviour Teaching Assistant,1,Education / Teaching,UNKNOWN,,,,,Not Specified (1)
ASD Specialist Teaching Assistant,1,Education / Teaching,UNKNOWN,,,,,Not Specified (1)
Primary Teacher - North Torfaen,1,Education / Teaching,UNKNOWN,,,,,Cwmbran (1)
SEND Tutors (1:1 Support) - Woodbridge,1,Other / Unclassified,UNKNOWN,,,,,Woodbridge (1)
SEN Teaching Assistant - Specialist Autism School,1,Education / Teaching,UNKNOWN,,,,,Not Specified (1)
HLTA Primary,1,Other / Unclassified,UNKNOWN,,,,,Barking (1)
Autism Support,1,Other / Unclassified,KNOWN,support_worker:HIGH_CONFIDENCE,support_worker,,,Not Specified (1)
Aspiring Teacher,1,Education / Teaching,UNKNOWN,,,,,Not Specified (1)
AI Architect,1,Other / Unclassified,UNKNOWN,,,,,Leicester (1)
Construction Teacher,1,Education / Teaching,UNKNOWN,,,,,Not Specified (1)
Application Support Analyst,1,Other / Unclassified,UNKNOWN,,,,,Bradford (1)
Service Transition Manager,1,Other / Unclassified,UNKNOWN,,,,,Hatfield (1)
Primary SEND Hub Teaching Assistant - Moseley,1,Education / Teaching,UNKNOWN,,,,,Not Specified (1)
Reception 1:1 Teaching Assistant - Hall Green,1,Education / Teaching,UNKNOWN,,,admin_service,,Not Specified (1)
Year 2 1:2 Teaching Assistant - Druids Heath,1,Education / Teaching,UNKNOWN,,,,,Not Specified (1)
Primary SEND HLTA - Quinton,1,Other / Unclassified,UNKNOWN,,,,,Not Specified (1)
Supply Teacher Walsall,1,Education / Teaching,UNKNOWN,,,,,Not Specified (1)
Cover Supervisor Walsall,1,Education / Teaching,UNKNOWN,,,,,Not Specified (1)
Fully Qualified Teachers - Supply,1,Other / Unclassified,UNKNOWN,,,,,Corby (1)
SEN Teaching Assistant - Psychology Graduate,1,Education / Teaching,UNKNOWN,,,,,Royston (1)
Behaviour Teaching Assistant,1,Education / Teaching,UNKNOWN,,,,,Not Specified (1)
SEN Support Worker,1,Education / Teaching,KNOWN,support_worker:HARD_PASS,,support_worker,,Not Specified (1)
SEN Supply Teaching Assistants,1,Education / Teaching,UNKNOWN,,,,,Not Specified (1)
RE Teacher,1,Education / Teaching,UNKNOWN,,,,,Leeds (1)
Art and Design Teacher,1,Education / Teaching,UNKNOWN,,,,,Manchester (1)
Primary Learning Support Assistant,1,Education / Teaching,UNKNOWN,,,,,Not Specified (1)
Level 2 Teaching Assistant,1,Education / Teaching,UNKNOWN,,,,,Not Specified (1)
Primary Student Teacher,1,Education / Teaching,UNKNOWN,,,,,Manchester (1)
Sports Coach / Sports Graduate - Primary Schools,1,Other / Unclassified,UNKNOWN,,,,,Manchester (1)
SEMH / Behaviour Teaching Assistant,1,Education / Teaching,UNKNOWN,,,,,Not Specified (1)
SEND Primary Teaching Assistant,1,Education / Teaching,UNKNOWN,,,,,Manchester (1)
Premises Manager,1,Other / Unclassified,UNKNOWN,,,,,Not Specified (1)
Newly Qualified Primary Teacher,1,Education / Teaching,UNKNOWN,,,,,Not Specified (1)
Cyber Security Analyst - Microsoft Security / IAM - Contract,1,IT / Data / Software,UNKNOWN,,,,,Bristol (1)
Warehousing Tutor - HMP,1,Education / Teaching,UNKNOWN,,,,,Not Specified (1)
SEMH Class Teacher - Start ASAP!,1,Education / Teaching,UNKNOWN,,,,,Sunderland (1)
International Logistics Specialist,1,Driving / Warehouse / Logistics,UNKNOWN,,,warehouse_logistics,,Bristol (1)
Media & Marketing Officer,1,Marketing / Digital / Creative,UNKNOWN,,,admin_service,,Not Specified (1)
Syndicate Accountant - 12 month FTC,1,Professional Finance / Accountancy,UNKNOWN,,,,,Not Specified (1)
M&A Director - Business Services sector specialism - Big 4 firm,1,Other / Unclassified,UNKNOWN,,,,,Not Specified (1)
Digital Marketing & Social Media Consultant,1,Marketing / Digital / Creative,UNKNOWN,,,,,Not Specified (1)
Employment Solicitor 3+ PQE,1,Legal / Conveyancing,UNKNOWN,,,,,Not Specified (1)
Real Estate and Construction Solicitor,1,Legal / Conveyancing,UNKNOWN,,,,,Not Specified (1)
Commercial & Civil Litigation Solicitor,1,Legal / Conveyancing,UNKNOWN,,,,,Barnsley (1)
Legacy Reinsurance Manager,1,Other / Unclassified,UNKNOWN,,,,,Not Specified (1)
Finance BA,1,Professional Finance / Accountancy,UNKNOWN,,,finance_accounts,,Knutsford (1)
Assistant Accountant / Finance Officer,1,Professional Finance / Accountancy,UNKNOWN,,,admin_service; finance_accounts,,Barnsley (1)
Residential Property Legal Secretary / Assistant - York,1,Legal / Conveyancing,UNKNOWN,,,admin_service,,York (1)
Conveyancing Paralegal/Assistant,1,Legal / Conveyancing,UNKNOWN,,,,,Cambridge (1)
Medical Science Liaison,1,Healthcare / Clinical,UNKNOWN,,,,,Maidenhead (1)
"Legal Secretary - Probate & Wills - Malton, Yorkshire",1,Legal / Conveyancing,UNKNOWN,,,admin_service,,North Ferriby (1)
Assistant Management Accountant + Study,1,Professional Finance / Accountancy,UNKNOWN,,,,,Manchester (1)
Funds Senior Knowledge Lawyer,1,Legal / Conveyancing,UNKNOWN,,,,,Not Specified (1)
Legal Secretary - Commercial Property,1,Legal / Conveyancing,UNKNOWN,,,admin_service,,Coventry (1)
Part-Time Accounts Assistant / Bookkeeper,1,Professional Finance / Accountancy,UNKNOWN,,,finance_accounts,,Peterborough (1)
Talent Partner,1,HR / Recruitment,UNKNOWN,,,hr_recruitment,,Not Specified (1)
Stores Operative - FLT licence required,1,Driving / Warehouse / Logistics,UNKNOWN,,,,,Stratford-upon-avon (1)
BI Analyst,1,Other / Unclassified,UNKNOWN,,,,,Not Specified (1)
Finance Team Leader,1,Professional Finance / Accountancy,UNKNOWN,,,finance_accounts,,Nottingham (1)
Finance Manager VC-Backed Social Commerce Agency,1,Professional Finance / Accountancy,UNKNOWN,,,finance_accounts,,Not Specified (1)
Graduate Finance Assistant,1,Professional Finance / Accountancy,KNOWN,finance_accounts:HIGH_CONFIDENCE,finance_accounts,finance_accounts,,Cambridge (1)
International Payroll Operations Manager,1,Professional Finance / Accountancy,UNKNOWN,,,finance_accounts,,Reading (1)
Radiology Assistant,1,Other / Unclassified,UNKNOWN,,,,,Hemel Hempstead (1)
Head and neck Sonographer,1,Other / Unclassified,UNKNOWN,,,,,Pontyclun (1)
Accounts Payable Admin,1,Professional Finance / Accountancy,UNKNOWN,,,admin_service; finance_accounts,,Thirsk (1)
Accounts Receivable Coordinator,1,Professional Finance / Accountancy,UNKNOWN,,,admin_service; finance_accounts,,Not Specified (1)
Senior Production Accountant - Theatre,1,Professional Finance / Accountancy,UNKNOWN,,,,,Wandsworth (1)
Commercial Property Legal Secretary/Assistant - York,1,Legal / Conveyancing,UNKNOWN,,,admin_service,,York (1)
"Residential Real Estate Solicitor BCorp Certified, Progressive & Flexible",1,Legal / Conveyancing,UNKNOWN,,,,,Not Specified (1)
Clinical Negligence Lawyer,1,Healthcare / Clinical,KNOWN,admin_service:OUT_OF_SCOPE,,,,Coventry (1)
Residential Property Legal Secretary - 1:1 Support to Partner Highly Reputable Law Firm,1,Legal / Conveyancing,UNKNOWN,,,admin_service,,Oxted (1)
Finance Assistant - 12 MFTC,1,Professional Finance / Accountancy,UNKNOWN,,,finance_accounts,,Woking (1)
"Residential Property Paralegal - Salary up to &;40,000 Highly reputable firm",1,Legal / Conveyancing,UNKNOWN,,,,,Oxted (1)
Marketing Manager (Construction),1,Construction / Trades / Property,UNKNOWN,,,,,Maidstone (1)
Senior DC Pensions Administrator,1,Admin / Customer Service,KNOWN,finance_accounts:HARD_PASS; customer_service_contact_centre:REVIEW_CONTEXT_DEPENDENT; hr_recruitment:REVIEW_CONTEXT_DEPENDENT,,admin_service,,Redhill (1)
Dental Technician Ceramist,1,Healthcare / Clinical,UNKNOWN,,,,,Not Specified (1)
Head of Growth - Growth Equity Fundraising,1,Other / Unclassified,UNKNOWN,,,,,Not Specified (1)
Contracts Manager - Legal,1,Legal / Conveyancing,UNKNOWN,,,,,Glasgow (1)
Locum Head of Legal Services,1,Legal / Conveyancing,UNKNOWN,,,,,Not Specified (1)
Payroll Advisor 12m FTC,1,Professional Finance / Accountancy,UNKNOWN,,,finance_accounts,,Didcot (1)
Senior Finance Officer (Hybrid),1,Professional Finance / Accountancy,UNKNOWN,,,admin_service; finance_accounts,,Swansea (1)
Part Time HR Manager,1,HR / Recruitment,UNKNOWN,,,hr_recruitment,,Witney (1)
Part Time HR Business Partner - 30 hours,1,HR / Recruitment,UNKNOWN,,,hr_recruitment,,Witney (1)
Regional Sales Manager - Premium Eyewear,1,Sales / Business Development,UNKNOWN,,,,,Nottingham (1)
Junior Family Solicitor,1,Legal / Conveyancing,UNKNOWN,,,,,Doncaster (1)
HR Recruiter,1,HR / Recruitment,UNKNOWN,,,hr_recruitment,,Harrow (1)
Senior Commercial Underwriter,1,Other / Unclassified,UNKNOWN,,,,,Not Specified (1)
Billing Specialist,1,Other / Unclassified,UNKNOWN,,,finance_accounts,,Manchester (1)
Transactional Finance Lead,1,Professional Finance / Accountancy,UNKNOWN,,,finance_accounts,,Not Specified (1)
Resourcing Compliance Officer,1,HR / Recruitment,UNKNOWN,,,admin_service,,Not Specified (1)
Insurance Claims and Service Advisor,1,Admin / Customer Service,UNKNOWN,,,customer_service_contact_centre,,Southend-on-sea (1)
Senior Finance Analyst (Cost Cap),1,Professional Finance / Accountancy,UNKNOWN,,,finance_accounts,,Kidlington (1)
Health and Wellbeing Practitioner,1,Other / Unclassified,KNOWN,admin_service:OUT_OF_SCOPE,,,,Not Specified (1)
Commercial Contracts Manager - 1 day on site,1,Other / Unclassified,UNKNOWN,,,,,Bristol (1)
Planning and Highways Lawyer,1,Legal / Conveyancing,UNKNOWN,,,,,Huddersfield (1)
Beauty Therapist,1,Healthcare / Clinical,KNOWN,admin_service:HARD_PASS,,,,Not Specified (1)
HR & Recruitment Coordinator,1,HR / Recruitment,UNKNOWN,,,admin_service; hr_recruitment,,Coventry (1)
Fundraising Trustee,1,Other / Unclassified,UNKNOWN,,,,,Not Specified (1)
Support Worker at Housing First Project - Gateshead,1,Care / Support Work,UNKNOWN,,,support_worker,,Gateshead (1)
Sessional Van Driver,1,Driving / Warehouse / Logistics,UNKNOWN,,,,,Not Specified (1)
Senior Fundraising Manager (Retention and RoomSponsor Partnership) 6 month FTC,1,Other / Unclassified,UNKNOWN,,,,,Not Specified (1)
Housing Solicitor (Legal Aid),1,Legal / Conveyancing,UNKNOWN,,,,,Hackney (1)
Philanthropy Propositions Lead,1,Other / Unclassified,UNKNOWN,,,,,Not Specified (1)
Specialist Behavioural Support Workers,1,Other / Unclassified,UNKNOWN,,,support_worker,,Not Specified (1)
Finance Trustee (voluntary position),1,Professional Finance / Accountancy,UNKNOWN,,,finance_accounts,,Leeds (1)
Night Specialist Behavioural Support Worker,1,Care / Support Work,UNKNOWN,,,support_worker,,Not Specified (1)
Chair of Trustees and Trustees,1,Other / Unclassified,UNKNOWN,,,,,Nantwich (1)
"SAP Sales & Distribution Consultant - up to &;110,000 + Bonus",1,Driving / Warehouse / Logistics,UNKNOWN,,,,,Not Specified (1)
SEN Teaching Assistant (PRIMARY),1,Education / Teaching,UNKNOWN,,,,,Hinckley (1)
HLTA (Higher Level Teaching Assistant),1,Education / Teaching,UNKNOWN,,,,,Not Specified (1)
Send Tutor - Southwold,1,Education / Teaching,UNKNOWN,,,,,Southwold (1)
Reception Class Teacher,1,Education / Teaching,UNKNOWN,,,admin_service,,Northampton (1)
Third Party Resilience Analyst,1,Other / Unclassified,UNKNOWN,,,,,Not Specified (1)
Business Change Manager,1,Other / Unclassified,UNKNOWN,,,,,Not Specified (1)
FLT Counterbalance Driver - NS,1,Driving / Warehouse / Logistics,UNKNOWN,,,,,Not Specified (1)
FLT Counterbalance Driver - AM,1,Driving / Warehouse / Logistics,UNKNOWN,,,,,Not Specified (1)
IT Infrastructure Project Manager,1,IT / Data / Software,UNKNOWN,,,,,Northampton (1)
Security Infrastructure Engineer,1,IT / Data / Software,UNKNOWN,,,,,Guildford (1)
F5 INFRASTRUCTURE ENGINEER,1,IT / Data / Software,UNKNOWN,,,,,Manchester (1)
Customer Delivery Van Driver - 12 Weeks Fix Term Contract,1,Driving / Warehouse / Logistics,UNKNOWN,,,,,Dagenham (1)
Technical Delivery Manager - Workday,1,Other / Unclassified,UNKNOWN,,,,,Cambridge (1)
Nursery practitioners Required in the Bagshot area,1,Other / Unclassified,UNKNOWN,,,,,Bagshot (1)
"Software Engineer (PHP, JavaScript)",1,IT / Data / Software,UNKNOWN,,,,,Bristol (1)
Level 2/3 Nursery Practitioner,1,Other / Unclassified,UNKNOWN,,,,,Loughton (1)
Plumbing Lecturer,1,Education / Teaching,UNKNOWN,,,,,Not Specified (1)
Contracts Supervisor,1,Other / Unclassified,UNKNOWN,,,,,Bristol (1)
Food and DT Technician Chesterfield,1,Engineering / Technical,UNKNOWN,,,,,Chesterfield (1)
School Finance Assistant,1,Education / Teaching,UNKNOWN,,,finance_accounts,,Leicester (1)
Primary School Teacher - Neath,1,Education / Teaching,UNKNOWN,,,,,Neath (1)
Carpentry and Joinery Lecturer,1,Education / Teaching,UNKNOWN,,,,,Eastbourne (1)
SENCO Assistant,1,Other / Unclassified,UNKNOWN,,,,,Not Specified (1)
Senior Partnership Tax Manager,1,Professional Finance / Accountancy,UNKNOWN,,,,,Not Specified (1)
Digital Marketing Manager - Retail Experience,1,Retail / Store,UNKNOWN,,,,,Not Specified (1)
Senior Accounts Payable Manager,1,Professional Finance / Accountancy,UNKNOWN,,,finance_accounts,,Not Specified (1)
Head of Corporate Tax - Advisory,1,Other / Unclassified,UNKNOWN,,,,,Manchester (1)
Head of M&A Tax - Advisory,1,Other / Unclassified,UNKNOWN,,,,,Manchester (1)
Billing & Invoice Assistant,1,Other / Unclassified,UNKNOWN,,,finance_accounts,,Brentwood (1)
Clinic Coordinator,1,Admin / Customer Service,UNKNOWN,,,admin_service,,Henley-on-thames (1)
Onboarding Assistant Law Firm - York,1,Other / Unclassified,UNKNOWN,,,,,York (1)
Junior Legal Cashier - Leeds,1,Legal / Conveyancing,UNKNOWN,,,,,Leeds (1)
Director of Finance - Interim 12 month FTC,1,Professional Finance / Accountancy,UNKNOWN,,,finance_accounts,,Sutton (1)
HR Business Partner - Events,1,HR / Recruitment,UNKNOWN,,,hr_recruitment,,Not Specified (1)
Key Account Engineer,1,Engineering / Technical,UNKNOWN,,,,,Reading (1)
Operations Director (Construction Projects),1,Construction / Trades / Property,UNKNOWN,,,,,Hemel Hempstead (1)
Central Planning Co-ordinator,1,Other / Unclassified,UNKNOWN,,,,,Manchester (1)
Contingent Workforce Specialist,1,Other / Unclassified,UNKNOWN,,,,,Not Specified (1)
FP&A System Implementation Lead,1,Other / Unclassified,UNKNOWN,,,,,Not Specified (1)
Head of Operations,1,Operations / General Management,KNOWN,admin_service:OUT_OF_SCOPE,,,,Hull (1)
Pivot Steer / Flexi Bendi Forklift Driver,1,Driving / Warehouse / Logistics,UNKNOWN,,,warehouse_logistics,,Northampton (1)
HGV Driver- New Passes Welcome!,1,Driving / Warehouse / Logistics,UNKNOWN,,,,,Warrington (1)
Class 2 Multi Drop Driver,1,Driving / Warehouse / Logistics,UNKNOWN,,,,,Bangor (1)
HGV 1 Drivers,1,Driving / Warehouse / Logistics,UNKNOWN,,,,,Pontefract (1)
Lettings Manager - York,1,Construction / Trades / Property,UNKNOWN,,,,,York (1)
Luxury Sales Advisor,1,Sales / Business Development,UNKNOWN,,,,,Bristol (1)
Community Golf Workforce Officer,1,Other / Unclassified,UNKNOWN,,,admin_service,,Woodhall Spa (1)
Business Development Manager - Fire and Security,1,Sales / Business Development,UNKNOWN,,,,,Fairford (1)
Female Care Assistant,1,Care / Support Work,UNKNOWN,,,support_worker,,Not Specified (1)
Advanced Nurse Practitioner,1,Healthcare / Clinical,KNOWN,admin_service:HARD_PASS,,,,Northampton (1)
Flexible Bank Support Worker,1,Care / Support Work,UNKNOWN,,,support_worker,,Whitehaven (1)
Psychology Graduate - SEN Teaching Assistant,1,Education / Teaching,UNKNOWN,,,,,Gloucester (1)
One-to-One Behaviour Support,1,Other / Unclassified,UNKNOWN,,,,,Not Specified (1)
Supply SEN Teaching Assistant,1,Education / Teaching,UNKNOWN,,,,,Not Specified (1)
Part-Time Teaching Assistant - Sutton Coldfield,1,Education / Teaching,UNKNOWN,,,,,Sutton Coldfield (1)
Reception Teaching Assistant - Sutton Coldfield,1,Education / Teaching,UNKNOWN,,,admin_service,,Sutton Coldfield (1)
Year 5 & 6 Teaching Assistant - Aston,1,Education / Teaching,UNKNOWN,,,,,Not Specified (1)
EYFS Teaching Assistant - Walsall,1,Education / Teaching,UNKNOWN,,,,,Sutton Coldfield (1)
Year 5 1:1 Teaching Assistant - Birkenhead (Wirral),1,Education / Teaching,UNKNOWN,,,,,Birkenhead (1)
Bank Staff Complex Needs Support Worker,1,Care / Support Work,UNKNOWN,,,support_worker,,Pudsey (1)
School Office Manager - Lambeth,1,Education / Teaching,UNKNOWN,,,admin_service,,Not Specified (1)
Nursery Bank Staff - Heathfield,1,Other / Unclassified,UNKNOWN,,,,,Heathfield (1)
School Receptionist - Huntingdon,1,Education / Teaching,UNKNOWN,,,admin_service,,Huntingdon (1)
School Receptionist Administrator - Cambridge,1,Education / Teaching,UNKNOWN,,,admin_service,,Cambridge (1)
Teaching Assistant - Bexhill,1,Education / Teaching,UNKNOWN,,,,,Bexhill-on-sea (1)
"SEN Teaching Assistant (Ideal for applicants from care, support work, or those passionate about SEN)",1,Education / Teaching,UNKNOWN,,,,,Norwich (1)
SEN Teacher - Specialist Unit,1,Education / Teaching,UNKNOWN,,,,,Wymondham (1)
Learning Support Assistant - Secondary,1,Education / Teaching,UNKNOWN,,,,,Eastbourne (1)
Electrical Installation Trainer / Assessor,1,Engineering / Technical,UNKNOWN,,,,,Leicester (1)
"Teaching Assistant (SEND) - Primary School, Royton (Oldham)",1,Education / Teaching,UNKNOWN,,,,,Manchester (1)
IT Business Analyst,1,IT / Data / Software,UNKNOWN,,,,,Slough (1)
Behaviour Support Assistant needed in the Sefton Area,1,Other / Unclassified,UNKNOWN,,,,,Liverpool (1)
Head of IT - Glasgow (Hybrid) - &;80K,1,Other / Unclassified,UNKNOWN,,,,,Glasgow (1)
Supply Teacher Needed in Canterbury,1,Education / Teaching,UNKNOWN,,,,,Canterbury (1)
Actor/Actress,1,Other / Unclassified,UNKNOWN,,,,,Not Specified (1)
Supply Teacher - Guildford,1,Education / Teaching,UNKNOWN,,,,,Not Specified (1)
"Social, Emotional and Mental Health Teaching Assistant",1,Education / Teaching,UNKNOWN,,,,,Uxbridge (1)
Fullstack Software Developer,1,IT / Data / Software,UNKNOWN,,,,,Bristol (1)
Primary ECT Opportunities in the Heathfield Area,1,Other / Unclassified,UNKNOWN,,,,,Heathfield (1)
SEMH TA,1,Other / Unclassified,UNKNOWN,,,,,Berkeley (1)
Welsh Speaking Teaching Assistant,1,Education / Teaching,UNKNOWN,,,,,Blackwood (1)
Nursery Bank Staff - Brighton,1,Other / Unclassified,UNKNOWN,,,,,Brighton (1)
Teaching Assistants - Primary Schools Oldham,1,Education / Teaching,UNKNOWN,,,,,Manchester (1)
Healthcare Service Driver,1,Healthcare / Clinical,UNKNOWN,,,,,Newark (1)
1-1 Teaching Assistant - Liverpool,1,Education / Teaching,UNKNOWN,,,,,Liverpool (1)
Supply Teaching Assistant,1,Education / Teaching,UNKNOWN,,,,,Hemel Hempstead (1)
HGV Drivers East Sussex,1,Driving / Warehouse / Logistics,UNKNOWN,,,,,Hastings (1)
Nursery Bank Staff - Eastbourne,1,Other / Unclassified,UNKNOWN,,,,,Eastbourne (1)
Early Career Teacher (ECT),1,Education / Teaching,UNKNOWN,,,,,Wakefield (1)
Year 2,1,Other / Unclassified,UNKNOWN,,,,,Nelson (1)
PHP & JavaScript Software Developer,1,IT / Data / Software,UNKNOWN,,,,,Bristol (1)
Infrastructure Manager,1,IT / Data / Software,UNKNOWN,,,,,Stoke-on-trent (1)
Behaviour Support Worker / SEN Teaching Assistant,1,Education / Teaching,UNKNOWN,,,support_worker,,Manchester (1)
ECT - Liverpool,1,Other / Unclassified,UNKNOWN,,,,,Liverpool (1)
Teaching Assistant KS2,1,Education / Teaching,UNKNOWN,,,,,Stockport (1)
Year 5 Teacher (Part Time),1,Education / Teaching,UNKNOWN,,,,,Lancaster (1)
Food technology Teacher,1,Education / Teaching,UNKNOWN,,,,,Wandsworth (1)
SEN Teaching Assistant - Complex Needs,1,Education / Teaching,UNKNOWN,,,,,Warrington (1)
Education Support Worker,1,Education / Teaching,KNOWN,support_worker:HARD_PASS,,support_worker,,Bexhill-on-sea (1)
Inclusive Learning Support Assistant,1,Education / Teaching,UNKNOWN,,,,,Worthing (1)
Complex Needs Teaching Assistant,1,Education / Teaching,UNKNOWN,,,,,Crawley (1)
Lower KS2 Teacher / Year 3 Teacher + TLR,1,Education / Teaching,UNKNOWN,,,,,Bath (1)
Level 3 Teaching Assistant - 1:1 SEN Support,1,Education / Teaching,UNKNOWN,,,,,Hailsham (1)
SEN Teacher - Resource Base,1,Education / Teaching,UNKNOWN,,,,,Weston-super-mare (1)
Primary School Teacher - Swansea,1,Education / Teaching,UNKNOWN,,,,,Swansea (1)
Design Technology Supply Teacher - North London,1,Education / Teaching,UNKNOWN,,,,,Barnet (1)
ATC Generic - Java Dev - L10/9,1,Other / Unclassified,UNKNOWN,,,,,Newcastle Upon Tyne (1)
Reach and Counterbalance Driver Leighton Buzzard,1,Driving / Warehouse / Logistics,UNKNOWN,,,,,Leighton Buzzard (1)
Preschool Manager,1,Other / Unclassified,UNKNOWN,,,,,Grays (1)
Early Years Educator,1,Other / Unclassified,UNKNOWN,,,,,Woodford Green (1)
Aircraft Mech F35 RAF Marham,1,Other / Unclassified,UNKNOWN,,,,,King's Lynn (1)
Technical Auditor,1,Professional Finance / Accountancy,UNKNOWN,,,,,Lifton (1)
Trust Administrator,1,Admin / Customer Service,UNKNOWN,,,admin_service,,Beaminster (1)
"Pay, Reward and Benefits Manager",1,Other / Unclassified,UNKNOWN,,,,,Reading (1)
Field Agent,1,Other / Unclassified,UNKNOWN,,,,,Eastbourne (1)
Senior Corporate & Commercial Solicitor,1,Legal / Conveyancing,UNKNOWN,,,,,Not Specified (1)
Senior Cloud Billing Analyst,1,IT / Data / Software,UNKNOWN,,,finance_accounts,,Reading (1)
Management Accountant - Grants & Research Finance,1,Professional Finance / Accountancy,UNKNOWN,,,finance_accounts,,St. Albans (1)
Advanced Clinical Practitioner,1,Healthcare / Clinical,UNKNOWN,,,,,Not Specified (1)
Advanced Clinical Practitioner - Clinical Assessment Service,1,Healthcare / Clinical,UNKNOWN,,,,,Nottingham (1)
Healthcare Assistant - Urgent Treatment Centres,1,Healthcare / Clinical,UNKNOWN,,,support_worker,,Loughborough (1)
Commercial Property Legal Secretary,1,Legal / Conveyancing,UNKNOWN,,,admin_service,,Leicester (1)
Pricing Analyst,1,Other / Unclassified,UNKNOWN,,,,,Not Specified (1)
Locum Planning and Highways Lawyer,1,Legal / Conveyancing,UNKNOWN,,,,,Not Specified (1)
Part time Finance Assistant,1,Professional Finance / Accountancy,UNKNOWN,,,finance_accounts,,Bradford (1)
Head of Trusts,1,Other / Unclassified,UNKNOWN,,,,,Bury St. Edmunds (1)
CRM Officer,1,Other / Unclassified,UNKNOWN,,,admin_service,,Cambridge (1)
Conveyancing Fee Earner / Solicitor,1,Legal / Conveyancing,UNKNOWN,,,,,Harrogate (1)
NHS 111 Pathways Trained Clinical Advisor - Remote,1,Healthcare / Clinical,KNOWN,admin_service:OUT_OF_SCOPE; hr_recruitment:REVIEW_CONTEXT_DEPENDENT,,,,Croydon (1)
Accounts Payable Officer,1,Professional Finance / Accountancy,UNKNOWN,,,admin_service; finance_accounts,,Not Specified (1)
"Temp to Perm School Business Manager, immediate start",1,Education / Teaching,UNKNOWN,,,,,Bromley (1)
Conveyancing Fee Earner - Top Firm - Hybrid,1,Legal / Conveyancing,UNKNOWN,,,,,Not Specified (1)
Corporate Communications Lead,1,Marketing / Digital / Creative,UNKNOWN,,,,,Not Specified (1)
Accounts Receivable/Payable Officer,1,Professional Finance / Accountancy,UNKNOWN,,,admin_service; finance_accounts,,Not Specified (1)
Trusts Manager- CTA Qualified,1,Other / Unclassified,UNKNOWN,,,,,Not Specified (1)
Accounting Specialist,1,Other / Unclassified,UNKNOWN,,,finance_accounts,,Not Specified (1)
Working Denbighshire Employment Coordinator,1,Admin / Customer Service,UNKNOWN,,,admin_service,,Rhyl (1)
Invoicing Administrator,1,Admin / Customer Service,KNOWN,finance_accounts:HIGH_CONFIDENCE,finance_accounts,admin_service,,Newcastle (1)
HR Manager (Part-Time 3 / Days Per Week),1,HR / Recruitment,UNKNOWN,,,hr_recruitment,,Not Specified (1)
Senior Ecommerce Executive,1,Marketing / Digital / Creative,UNKNOWN,,,,,Mancot (1)
Interim Financial Services Manager,1,Other / Unclassified,UNKNOWN,,,,,Northallerton (1)
Junior Claims Technician - Marine,1,Engineering / Technical,UNKNOWN,,,,,Not Specified (1)
Finance Transactions Manager,1,Professional Finance / Accountancy,UNKNOWN,,,finance_accounts,,Preston (1)
Marine H&M Claims Broker,1,Other / Unclassified,UNKNOWN,,,,,Not Specified (1)
HR and Payroll Administrator,1,Professional Finance / Accountancy,UNKNOWN,,,admin_service; finance_accounts; hr_recruitment,,Dunmow (1)
People Officer,1,Other / Unclassified,UNKNOWN,,,admin_service,,Bradford (1)
Assistant Book Keeper,1,Other / Unclassified,UNKNOWN,,,,,Ealing (1)
Capital and Financial Accountant,1,Professional Finance / Accountancy,UNKNOWN,,,,,Not Specified (1)
Payroll Professional,1,Professional Finance / Accountancy,UNKNOWN,,,finance_accounts,,Beverley (1)
Collections / Recoveries Supervisor,1,Other / Unclassified,UNKNOWN,,,,,Bromley (1)
Private Client Senior Tax Manager,1,Professional Finance / Accountancy,UNKNOWN,,,,,Not Specified (1)
"Commercial Property Solicitor / CILEX Pubs, Leisure & Licensed Estates Major Clients",1,Legal / Conveyancing,UNKNOWN,,,,,Hull (1)
Solicitor Team Leader - Personal Injury / Contested Litigation - 4+ PQE,1,Legal / Conveyancing,UNKNOWN,,,,,Newcastle Upon Tyne (1)
Key Account Manager,1,Sales / Business Development,UNKNOWN,,,,,Sheffield (1)
Finance Support Officer - Credit Control,1,Professional Finance / Accountancy,UNKNOWN,,,admin_service; finance_accounts,,Loughborough (1)
Interim Financial Controller / Finance Manager,1,Professional Finance / Accountancy,UNKNOWN,,,finance_accounts,,Harrogate (1)
Group Internal Audit Manager,1,Professional Finance / Accountancy,UNKNOWN,,,,,Northampton (1)
Claims Administrator,1,Admin / Customer Service,UNKNOWN,,,admin_service,,Bristol (1)
Personal Injury Fee Earner,1,Legal / Conveyancing,UNKNOWN,,,,,Ellesmere Port (1)
Interim Assistant Accountant,1,Professional Finance / Accountancy,UNKNOWN,,,,,Hull (1)
Mandarin Speaker Auditor,1,Professional Finance / Accountancy,UNKNOWN,,,,,Not Specified (1)
Client Partner,1,Other / Unclassified,UNKNOWN,,,,,Not Specified (1)
Legal PA / Private Wealth / Famous UK firm / &;50k + 3:2!,1,Legal / Conveyancing,UNKNOWN,,,,,Not Specified (1)
Financial Lines Claims Adjuster,1,Other / Unclassified,UNKNOWN,,,,,Not Specified (1)
Casualty Loss Adjuster,1,Other / Unclassified,UNKNOWN,,,,,Not Specified (1)
Senior Personal Tax Director,1,Professional Finance / Accountancy,UNKNOWN,,,,,Cardiff (1)
Band 5 Community Nurse - Evening & District Nursing Night Service,1,Healthcare / Clinical,UNKNOWN,,,,,Gloucester (1)
Office and HR Manager,1,HR / Recruitment,UNKNOWN,,,admin_service; hr_recruitment,,Not Specified (1)
Content Marketing Executive,1,Marketing / Digital / Creative,UNKNOWN,,,,,Slough (1)
BMW New Sales Executive,1,Sales / Business Development,UNKNOWN,,,,,Warwick (1)
Legal Secretary - Claimant Litigation - &;40k - Hybrid 3:2,1,Legal / Conveyancing,UNKNOWN,,,admin_service,,Not Specified (1)
"Freelance, Social Account Manager",1,Sales / Business Development,UNKNOWN,,,,,Not Specified (1)
Real Estate Paralegal,1,Legal / Conveyancing,UNKNOWN,,,,,Not Specified (1)
Skilled Aircraft Fitter (Engineering/Manufacturing Experience),1,Engineering / Technical,UNKNOWN,,,,,Chester (1)
Skilled Aircraft Fitter (Vehicle Mechanic Experience),1,Engineering / Technical,UNKNOWN,,,,,Chester (1)
Commercial Property Solicitor (1-5 PQE),1,Legal / Conveyancing,UNKNOWN,,,,,Not Specified (1)
Agricultural Solicitor Rural Property & Agricultural Land Malton,1,Legal / Conveyancing,UNKNOWN,,,,,Malton (1)
Regulatory Finance Partnering Analyst,1,Professional Finance / Accountancy,UNKNOWN,,,finance_accounts,,Not Specified (1)
Property Litigation Solicitor (5 + PQE),1,Legal / Conveyancing,UNKNOWN,,,,,Not Specified (1)
Marine Claims Specialist,1,Other / Unclassified,UNKNOWN,,,,,Not Specified (1)
Associate/Principal Infrastructure engineer,1,IT / Data / Software,UNKNOWN,,,,,Not Specified (1)
Social Housing Solicitor / Associate (NQ-3 PQE),1,Legal / Conveyancing,UNKNOWN,,,,,Not Specified (1)
Solicitor - Private Client,1,Legal / Conveyancing,UNKNOWN,,,,,Aylesbury (1)
Purchase Ledger Assistant (4 or 5 days a week),1,Professional Finance / Accountancy,UNKNOWN,,,finance_accounts,,Bury St. Edmunds (1)
Solicitor or Conveyancer - Residential Property,1,Legal / Conveyancing,UNKNOWN,,,,,Amersham (1)
Property Litigation Solicitor (NQ-3 PQE),1,Legal / Conveyancing,UNKNOWN,,,,,Not Specified (1)
Commercial Property Solicitor (2 PQE +),1,Legal / Conveyancing,UNKNOWN,,,,,Not Specified (1)
Assistant Plant Controller,1,Other / Unclassified,UNKNOWN,,,,,Washington (1)
Real Estate Partner - Legal 500 Firm,1,Legal / Conveyancing,UNKNOWN,,,,,Not Specified (1)
Commercial Vehicle Bodyshop Technician,1,Engineering / Technical,UNKNOWN,,,,,Peterborough (1)
Head of Claims,1,Other / Unclassified,UNKNOWN,,,,,Not Specified (1)
Social Media Executive,1,Marketing / Digital / Creative,UNKNOWN,,,,,Warrington (1)
Senior Clinical Educator - RGN,1,Healthcare / Clinical,UNKNOWN,,,,,Not Specified (1)
"Personal Injury Solicitor (Claimant) Autonomy & Quality Work Nottingham &;35,000-&;60,000",1,Legal / Conveyancing,UNKNOWN,,,,,Nottingham (1)
Finance Manager (Newly qualified),1,Professional Finance / Accountancy,UNKNOWN,,,finance_accounts,,Canterbury (1)
North American Casualty Claims Lead,1,Other / Unclassified,UNKNOWN,,,,,Not Specified (1)
Reward Analyst,1,Other / Unclassified,UNKNOWN,,,,,Goole (1)
Senior Lawyer (Children and Families),1,Legal / Conveyancing,UNKNOWN,,,,,Manchester (1)
Mercedes-Benz Parts Advisor,1,Other / Unclassified,UNKNOWN,,,,,Sunderland (1)
Yard Operative/FLT Driver,1,Driving / Warehouse / Logistics,UNKNOWN,,,,,Not Specified (1)
Jaguar Land Rover Accounts Assistant,1,Professional Finance / Accountancy,UNKNOWN,,,finance_accounts,,Huddersfield (1)
Weekend Vascular Scientists,1,Other / Unclassified,UNKNOWN,,,,,Torquay (1)
Research and Analysis Associate,1,Other / Unclassified,UNKNOWN,,,,,Not Specified (1)
Reward Lead,1,Other / Unclassified,UNKNOWN,,,,,Solihull (1)
Mercedes-Benz Trainee Service Consultant,1,Other / Unclassified,UNKNOWN,,,,,Stockton-on-tees (1)
Commercial Property Paralegal Commercial Property Transactions Malton / York,1,Legal / Conveyancing,UNKNOWN,,,,,York (1)
Inventory & Cost Accountant,1,Professional Finance / Accountancy,UNKNOWN,,,,,Wirral (1)
Private Client Senior Tax Manager - Birmingham,1,Professional Finance / Accountancy,UNKNOWN,,,,,Not Specified (1)
Corporate Tax Senior - West Midlands,1,Professional Finance / Accountancy,UNKNOWN,,,,,Not Specified (1)
NEW Summer 2026 - US / UK Private Client Tax Assistant Manager / Manager - Hybrid,1,Professional Finance / Accountancy,UNKNOWN,,,,,Not Specified (1)
Finance Manager (Manufacturing),1,Professional Finance / Accountancy,UNKNOWN,,,finance_accounts,,Cambridge (1)
Senior Wealth Management Administrator,1,Admin / Customer Service,UNKNOWN,,,admin_service,,Not Specified (1)
Residential Property - Conveyancing Executive,1,Other / Unclassified,UNKNOWN,,,,,Sutton (1)
Senior NA Property Account handler / Technician,1,Engineering / Technical,UNKNOWN,,,,,Not Specified (1)
Account handler / Technician Open market,1,Engineering / Technical,UNKNOWN,,,,,Not Specified (1)
Senior Electrical Systems Engineer,1,IT / Data / Software,UNKNOWN,,,,,Leatherhead (1)
Assistant Property Accountant,1,Professional Finance / Accountancy,UNKNOWN,,,,,Norwich (1)
Systems Engineer,1,IT / Data / Software,UNKNOWN,,,,,Fareham (1)
General Practice Manager,1,Other / Unclassified,UNKNOWN,,,,,Plymouth (1)
Credit Control and AR Assistant,1,Professional Finance / Accountancy,UNKNOWN,,,finance_accounts,,Stevenage (1)
Residential Property Fee Earner,1,Legal / Conveyancing,UNKNOWN,,,,,Manchester (1)
Male SEND TA,1,Other / Unclassified,UNKNOWN,,,,,Not Specified (1)
English Teacher - Nottingham,1,Education / Teaching,UNKNOWN,,,,,Nottingham (1)
TA - Derby,1,Other / Unclassified,UNKNOWN,,,,,Derby (1)
TA - Mansfield,1,Other / Unclassified,UNKNOWN,,,,,Mansfield (1)
SEN Teaching Assistant - Wolverhampton,1,Education / Teaching,UNKNOWN,,,,,Not Specified (1)
SEN Teaching Assistant - Wednesbury,1,Education / Teaching,UNKNOWN,,,,,Wednesbury (1)
SEN Teaching Assistant - West Bromwich,1,Education / Teaching,UNKNOWN,,,,,West Bromwich (1)
Cyber Security Analyst,1,IT / Data / Software,UNKNOWN,,,,,Liverpool (1)
Supply Teachers Needed - Tipton,1,Other / Unclassified,UNKNOWN,,,,,Tipton (1)
Qualified Nursery Practitioner - Part Time,1,Other / Unclassified,UNKNOWN,,,,,Hounslow (1)
SEN Teaching Assistant - Bloxwich,1,Education / Teaching,UNKNOWN,,,,,Not Specified (1)
SEN Teaching Assistant - Walsall,1,Education / Teaching,UNKNOWN,,,,,Walsall (1)
Motor Vehicle Tutor Required,1,Education / Teaching,UNKNOWN,,,,,Not Specified (1)
Supply Teachers Needed - Walsall,1,Other / Unclassified,UNKNOWN,,,,,Walsall (1)
Warehouse & Logistics Manager,1,Driving / Warehouse / Logistics,UNKNOWN,,,warehouse_logistics,,Lydney (1)
Teaching Assistant - Primary,1,Education / Teaching,UNKNOWN,,,,,Ware (1)
SEN Teaching Assistants Wanted - Royston,1,Education / Teaching,UNKNOWN,,,,,Royston (1)
SEN Teaching Assistants Wanted - Thetford,1,Education / Teaching,UNKNOWN,,,,,Royston (1)
Supply Teachers Needed - Oldbury,1,Other / Unclassified,UNKNOWN,,,,,Oldbury (1)
Supply Teachers Needed - West Bromwich,1,Other / Unclassified,UNKNOWN,,,,,West Bromwich (1)
Supply Teachers Needed - Wolverhampton,1,Other / Unclassified,UNKNOWN,,,,,Not Specified (1)
Supply Teachers Needed - Wednesbury,1,Other / Unclassified,UNKNOWN,,,,,Wednesbury (1)
SEN Teaching Assistant - Smethwick,1,Education / Teaching,UNKNOWN,,,,,Smethwick (1)
Warehouse Forklift Driver,1,Driving / Warehouse / Logistics,UNKNOWN,,,warehouse_logistics,,Basildon (1)
Experienced KS2 Teacher,1,Education / Teaching,UNKNOWN,,,,,Southend-on-sea (1)
NIGHT EXPORT AIR ROAD CLERK,1,Other / Unclassified,UNKNOWN,,,,,Hounslow (1)
Senior IT Engineer,1,Engineering / Technical,UNKNOWN,,,,,Wandsworth (1)
Payroll Business/Systems Analyst,1,Professional Finance / Accountancy,UNKNOWN,,,finance_accounts,,Basildon (1)
Deputy Headteacher,1,Education / Teaching,UNKNOWN,,,,,Braintree (1)
Digital Platform Architect (power platform),1,Marketing / Digital / Creative,UNKNOWN,,,,,Not Specified (1)
Kong API Gateway Specialist,1,Other / Unclassified,UNKNOWN,,,,,Not Specified (1)
Validation Analyst,1,Other / Unclassified,UNKNOWN,,,,,Nottingham (1)
Technical Specialist,1,Other / Unclassified,UNKNOWN,,,,,Dudley (1)
Head of Year,1,Other / Unclassified,UNKNOWN,,,,,Slough (1)
Secondary - Pastoral Manager,1,Other / Unclassified,UNKNOWN,,,,,Slough (1)
Production Services Specialist - IP Services,1,Other / Unclassified,UNKNOWN,,,,,Not Specified (1)
Apprentice Administrator,1,Admin / Customer Service,KNOWN,admin_service:HIGH_CONFIDENCE,admin_service,admin_service,,Derby (1)
Functional Skills Maths Lecturer,1,Education / Teaching,UNKNOWN,,,,,Swindon (1)
Senior Education Recruitment Consultant,1,Education / Teaching,UNKNOWN,,,hr_recruitment,,Preston (1)
COUNTERBALANCE FLT DRIVER - IMMEDIATE START,1,Driving / Warehouse / Logistics,UNKNOWN,,,,,Milton Keynes (1)
Senior Data Engineer,1,IT / Data / Software,UNKNOWN,,,,,Not Specified (1)
Primary - Site Manager,1,Construction / Trades / Property,UNKNOWN,,,,,Slough (1)
Time critical night operations clerk - 4 on 4 off,1,Other / Unclassified,UNKNOWN,,,,,Feltham (1)
Cyber Data Engineer,1,IT / Data / Software,UNKNOWN,,,,,Reading (1)
SENCO,1,Other / Unclassified,UNKNOWN,,,,,Basildon (1)
Senior Network Engineer,1,IT / Data / Software,UNKNOWN,,,,,Leicester (1)
Catering Lecturer,1,Education / Teaching,UNKNOWN,,,,,Not Specified (1)
Primary Supply Teacher in Peacehaven with Hays Education,1,Education / Teaching,UNKNOWN,,,,,Peacehaven (1)
SEND Teaching Assistant - Bebington,1,Education / Teaching,UNKNOWN,,,,,Wirral (1)
Professional Services Engineer (4th Line),1,Engineering / Technical,UNKNOWN,,,,,Sheffield (1)
Supply Teacher in Bognor Regis with Hays Education,1,Education / Teaching,UNKNOWN,,,,,Bognor Regis (1)
HGV Class 1 - Days,1,Driving / Warehouse / Logistics,UNKNOWN,,,,,Hereford (1)
SIEM Engineer (SC Cleared),1,Engineering / Technical,UNKNOWN,,,,,Reading (1)
IT Teacher,1,Education / Teaching,UNKNOWN,,,,,Grimsby (1)
Primary Supply Teacher in Polegate with Hays Education,1,Education / Teaching,UNKNOWN,,,,,Polegate (1)
Early Years Lecturer,1,Education / Teaching,UNKNOWN,,,,,Eastbourne (1)
A Level Drama Teacher,1,Education / Teaching,UNKNOWN,,,,,Scarborough (1)
Course Team Leader - Beauty Therapy,1,Other / Unclassified,UNKNOWN,,,,,Hayes (1)
Toddler Room Lead,1,Other / Unclassified,UNKNOWN,,,,,Brighton (1)
Project Support Officer - SEND,1,Other / Unclassified,UNKNOWN,,,admin_service,,Birkenhead (1)
"PPA Teacher - Bootle, Sefton",1,Education / Teaching,UNKNOWN,,,,,Bootle (1)
Ordering Manager,1,Other / Unclassified,UNKNOWN,,,,,Newbridge (1)
Shipping Coordinator,1,Admin / Customer Service,UNKNOWN,,,admin_service,,Ipswich (1)
Head of Finance Business Partnering,1,Professional Finance / Accountancy,UNKNOWN,,,finance_accounts,,Not Specified (1)
Warehouse Team Leader MK070,1,Driving / Warehouse / Logistics,UNKNOWN,,,warehouse_logistics,,Hull (1)
SEN Teaching Assistant - Crawley,1,Education / Teaching,UNKNOWN,,,,,Crawley (1)
IT Support Technician Apprentice,1,IT / Data / Software,UNKNOWN,,,,,St. Albans (1)
Senior Full Stack Developer,1,IT / Data / Software,UNKNOWN,,,,,Not Specified (1)
Music Teacher,1,Education / Teaching,UNKNOWN,,,,,Barking (1)
Export Sea Freight Operator,1,Other / Unclassified,UNKNOWN,,,,,Purfleet (1)
Financial Accountant - Treasury,1,Professional Finance / Accountancy,UNKNOWN,,,,,Not Specified (1)
Senior Admin Officer - Basingstoke,1,Admin / Customer Service,UNKNOWN,,,admin_service,,Basingstoke (1)
Mid-Level Software Engineer,1,IT / Data / Software,UNKNOWN,,,,,Leeds (1)
Behaviour and Autism Support,1,Other / Unclassified,UNKNOWN,,,,,Harrogate (1)
Technology Technician - Food and Textiles,1,Engineering / Technical,UNKNOWN,,,,,Belper (1)
Beauty Lecturer,1,Education / Teaching,UNKNOWN,,,,,Derby (1)
Primary Supply Teacher in Heathfield with Hays Education,1,Education / Teaching,UNKNOWN,,,,,Heathfield (1)
Principal Full Stack Software Engineer,1,IT / Data / Software,UNKNOWN,,,,,Not Specified (1)
Maths and English Tutor needed,1,Education / Teaching,UNKNOWN,,,,,Southam (1)
Logistics Team Leader,1,Driving / Warehouse / Logistics,UNKNOWN,,,warehouse_logistics,,Heighington Village (1)
Primary Supply Teacher in Hailsham with Hays Education,1,Education / Teaching,UNKNOWN,,,,,Hailsham (1)
Science Technician,1,Engineering / Technical,UNKNOWN,,,,,Not Specified (1)
Primary Supply Teacher in Crowborough,1,Education / Teaching,UNKNOWN,,,,,Crowborough (1)
Functional Consultant - Supply Chain,1,Procurement / Buying / Supply Chain,UNKNOWN,,,,,Not Specified (1)
Drivers Mate,1,Other / Unclassified,UNKNOWN,,,,,Swindon (1)
Transport Supervisor,1,Other / Unclassified,UNKNOWN,,,,,Sutton-in-ashfield (1)
Primary Supply Teacher in East Grinstead with Hays,1,Education / Teaching,UNKNOWN,,,,,East Grinstead (1)
Business Systems & Project Manager,1,Operations / General Management,UNKNOWN,,,,,Not Specified (1)
Primary Supply Teacher in St Leonards-on-sea with Hays,1,Education / Teaching,UNKNOWN,,,,,St. Leonards-on-sea (1)
Mathematics Teacher (QTS) Needed for Long Term Maths Cover,1,Education / Teaching,UNKNOWN,,,,,Tunbridge Wells (1)
Class 1 Temp to Perm- Wednesbury,1,Other / Unclassified,UNKNOWN,,,,,Wednesbury (1)
Production Operator,1,Other / Unclassified,UNKNOWN,,,,,Manchester (1)
SailPoint Engineer (IDAM) - Manchester,1,Engineering / Technical,UNKNOWN,,,,,Manchester (1)
Stock Controller - 6 Months Fixed Term,1,Driving / Warehouse / Logistics,UNKNOWN,,,warehouse_logistics,,Banbury (1)
VP Full Stack Engineer - Solidity (smart contracts on Ethereum/blockchain) & Angular / Java,1,Engineering / Technical,UNKNOWN,,,,,Not Specified (1)
Head of Education Opportunity at DSM Foundation,1,Education / Teaching,UNKNOWN,,,,,Purley (1)
xVA Java Technical Lead / Delivery Manager,1,Other / Unclassified,UNKNOWN,,,,,Not Specified (1)
Education Recruitment Consultant - New Career for Teachers,1,Education / Teaching,UNKNOWN,,,hr_recruitment,,Not Specified (1)
Join HAYS Education as a Primary Supply Teacher in Horsham,1,Education / Teaching,UNKNOWN,,,,,Horsham (1)
AI Engineer,1,Engineering / Technical,UNKNOWN,,,,,Not Specified (1)
Primary ECT Opportunities in the Uckfield Area,1,Other / Unclassified,UNKNOWN,,,,,Uckfield (1)
Primary - SENCO,1,Other / Unclassified,UNKNOWN,,,,,Chatham (1)
EPoS Field Projects Engineer,1,Engineering / Technical,UNKNOWN,,,,,Not Specified (1)
High Level Teaching Assistant,1,Education / Teaching,UNKNOWN,,,,,Esher (1)
KS1 Teacher Stockport,1,Education / Teaching,UNKNOWN,,,warehouse_logistics,,Stockport (1)
Childcare Lecturer,1,Education / Teaching,UNKNOWN,,,,,Not Specified (1)
Year 4 Teacher - Prep School - South-West London,1,Education / Teaching,UNKNOWN,,,,,Kingston Upon Thames (1)
Legal Manager - Employment,1,Legal / Conveyancing,UNKNOWN,,,,,Not Specified (1)
Director of People and Delivery,1,Other / Unclassified,UNKNOWN,,,,,Not Specified (1)
Finance Assistant - Temporary,1,Professional Finance / Accountancy,UNKNOWN,,,finance_accounts,,Guildford (1)
Paralegal - Charging of Property,1,Legal / Conveyancing,UNKNOWN,,,,,Not Specified (1)
General Sales Manager - Motorcycles,1,Sales / Business Development,UNKNOWN,,,,,Christchurch (1)
Portfolio Accountant,1,Professional Finance / Accountancy,UNKNOWN,,,,,South Croydon (1)
Commercial Account Executive - Existing Book,1,Sales / Business Development,UNKNOWN,,,,,Rotherham (1)
Ledger Assistant,1,Other / Unclassified,UNKNOWN,,,finance_accounts,,Newcastle (1)
Junior Payroll Specialist,1,Professional Finance / Accountancy,UNKNOWN,,,finance_accounts,,Leicester (1)
"Business Development Manager, Nottingham (Office based)",1,Sales / Business Development,UNKNOWN,,,admin_service,,Nottingham (1)
Exciting Career Opportunities in Accountancy & Finance (East Sussex),1,Professional Finance / Accountancy,UNKNOWN,,,finance_accounts,,Not Specified (1)
Outsourcing Manager,1,Other / Unclassified,UNKNOWN,,,,,Liverpool (1)
Business Development Officer,1,Sales / Business Development,UNKNOWN,,,admin_service,,Not Specified (1)
Calling All Insurance & Financial Services Candidates (East Sussex),1,Other / Unclassified,UNKNOWN,,,,,Not Specified (1)
Marketing Manager - Events,1,Marketing / Digital / Creative,UNKNOWN,,,,,Not Specified (1)
Employment Solicitor (Head of Department),1,Legal / Conveyancing,UNKNOWN,,,,,Sudbury (1)
Deputy Payroll & Benefits Manager,1,Professional Finance / Accountancy,UNKNOWN,,,finance_accounts,,Welwyn Garden City (1)
Billing & Credit Controller,1,Other / Unclassified,UNKNOWN,,,finance_accounts,,Liverpool (1)
Service Administrator,1,Admin / Customer Service,KNOWN,admin_service:HIGH_CONFIDENCE; customer_service_contact_centre:ELASTIC_FIT; hr_recruitment:REVIEW_CONTEXT_DEPENDENT,admin_service; customer_service_contact_centre,admin_service,,Knutsford (1)
Senior HR Consultant,1,HR / Recruitment,UNKNOWN,,,hr_recruitment,,Oxford (1)
Leasing Account Manager,1,Sales / Business Development,UNKNOWN,,,,,Cheadle (1)
General Sales Manager,1,Sales / Business Development,UNKNOWN,,,,,Bolton (1)
Bookkeeper / Officer Manager,1,Other / Unclassified,UNKNOWN,,,admin_service; finance_accounts,,West Byfleet (1)
HGV/Plant Mechanic,1,Engineering / Technical,UNKNOWN,,,,,Leicester (1)
Trade & Brand Marketing Manager,1,Marketing / Digital / Creative,UNKNOWN,,,,,Stoke-on-trent (1)
Regional HR Advisor,1,HR / Recruitment,UNKNOWN,,,hr_recruitment,,Stanford-le-hope (1)
Management Accountant - Temp to Perm,1,Professional Finance / Accountancy,UNKNOWN,,,,,Poole (1)
Events Assistant,1,Other / Unclassified,UNKNOWN,,,,,Not Specified (1)
Group Financial Reporting Manager,1,Other / Unclassified,UNKNOWN,,,,,Not Specified (1)
"Conveyancer - Full-Time, Part-Time or Locum",1,Other / Unclassified,UNKNOWN,,,,,Tonbridge (1)
"Finance - Billings, Reconciliation, Credit Control",1,Professional Finance / Accountancy,UNKNOWN,,,finance_accounts,,Woking (1)
Accounts Assistant / Bookkeper,1,Professional Finance / Accountancy,UNKNOWN,,,finance_accounts,,Biggleswade (1)
Established Technician,1,Engineering / Technical,UNKNOWN,,,,,Cheltenham (1)
Outsourcing Supervisor,1,Other / Unclassified,UNKNOWN,,,,,Liverpool (1)
In-House Litigation Lawyer,1,Legal / Conveyancing,UNKNOWN,,,,,Wellingborough (1)
DB Pensions Implementation Manager Configuration,1,Other / Unclassified,UNKNOWN,,,,,Sheffield (1)
Locum Private Client Lawyer,1,Legal / Conveyancing,UNKNOWN,,,,,Wrexham (1)
HR and Operations Manager,1,HR / Recruitment,UNKNOWN,,,hr_recruitment,,Andover (1)
C# Software Engineer,1,IT / Data / Software,UNKNOWN,,,,,Luton (1)
Exciting Career Opportunities in Estate Agency & Property (West Sussex),1,Other / Unclassified,UNKNOWN,,,,,Not Specified (1)
Client Account Administrator,1,Admin / Customer Service,UNKNOWN,,,admin_service,,Daventry (1)
Band 6 ACT Pharmacy Technician,1,Engineering / Technical,UNKNOWN,,,,,Not Specified (1)
Exciting Career Opportunities in Estate Agency & Property (Hampshire),1,Other / Unclassified,UNKNOWN,,,,,Not Specified (1)
Band 6 MMT Pharmacy Technician,1,Engineering / Technical,UNKNOWN,,,,,Luton (1)
Solicitor Corporate Tax,1,Legal / Conveyancing,UNKNOWN,,,,,Lewisham (1)
Interim Lead - AIFMD Annex IV Regulatory Reporting,1,Other / Unclassified,UNKNOWN,,,,,Not Specified (1)
Founder Associate,1,Other / Unclassified,UNKNOWN,,,,,Not Specified (1)
Dispensing Assistant,1,Other / Unclassified,UNKNOWN,,,,,Irvine (1)
Exciting Career Opportunities in Estate Agency & Property,1,Other / Unclassified,UNKNOWN,,,,,Not Specified (1)
Senior Pensions Projects Administrator,1,Admin / Customer Service,KNOWN,finance_accounts:HARD_PASS; customer_service_contact_centre:REVIEW_CONTEXT_DEPENDENT; hr_recruitment:REVIEW_CONTEXT_DEPENDENT,,admin_service,,Redhill (1)
New Homes Sales Executive,1,Sales / Business Development,UNKNOWN,,,,,Maidenhead (1)
Lettings Branch Manager,1,Construction / Trades / Property,UNKNOWN,,,,,Portsmouth (1)
Portfolio Contract Manager,1,Other / Unclassified,UNKNOWN,,,,,Not Specified (1)
Research Analyst - Later Hours,1,Other / Unclassified,UNKNOWN,,,,,Not Specified (1)
Research Analyst - German-speaking,1,Other / Unclassified,UNKNOWN,,,,,Not Specified (1)
Client Accounts Assistant,1,Professional Finance / Accountancy,UNKNOWN,,,finance_accounts,,Richmond (1)
Sales Progressor (Part time),1,Sales / Business Development,UNKNOWN,,,,,Basildon (1)
Research Analyst APAC - Night Shift,1,Other / Unclassified,UNKNOWN,,,,,Not Specified (1)
Digital Transformation Manager 6-Month Fixed-Term Contract,1,Marketing / Digital / Creative,UNKNOWN,,,,,Not Specified (1)
Saturday Viewings Assistant / Sales / Lettings Negotiator,1,Construction / Trades / Property,UNKNOWN,,,,,Ealing (1)
Lister/ Sales Department Head,1,Sales / Business Development,UNKNOWN,,,,,Not Specified (1)
Property Management Administrator,1,Admin / Customer Service,UNKNOWN,,,admin_service,,Sutton (1)
Lettings & Sales Negotiator,1,Construction / Trades / Property,UNKNOWN,,,,,Oldham (1)
Commercial Asset Manager,1,Other / Unclassified,UNKNOWN,,,,,Wandsworth (1)
Property Facilities Manager,1,Construction / Trades / Property,UNKNOWN,,,,,Reigate (1)
Block Management Assistant,1,Other / Unclassified,UNKNOWN,,,,,Not Specified (1)
Intapp Systems Manager,1,Other / Unclassified,UNKNOWN,,,,,Ipswich (1)
Apprentice Estate Agent,1,Construction / Trades / Property,UNKNOWN,,,,,Plymouth (1)
Senior Sales Negotiator / Valuer,1,Sales / Business Development,UNKNOWN,,,,,Not Specified (1)
Marketing & Client Services Coordinator,1,Marketing / Digital / Creative,UNKNOWN,,,admin_service,,Not Specified (1)
Head of Assets & Estate,1,Other / Unclassified,UNKNOWN,,,,,Dagenham (1)
Dee Set - Business Insights Analyst,1,Other / Unclassified,UNKNOWN,,,,,Burntwood (1)
Senior Consultant,1,Other / Unclassified,UNKNOWN,,,,,Not Specified (1)
Sales Negotiator - Highworth,1,Sales / Business Development,UNKNOWN,,,,,Swindon (1)
Property Inspections Consultant,1,Other / Unclassified,UNKNOWN,,,,,Upminster (1)
Industry Affairs and Financial Protection Manager,1,Other / Unclassified,UNKNOWN,,,,,Twickenham (1)
Senior Portfolio Manager,1,Other / Unclassified,UNKNOWN,,,,,Wandsworth (1)
Senior Leadership position: Property Management,1,Other / Unclassified,UNKNOWN,,,,,Not Specified (1)
Property Compliance Officer,1,Other / Unclassified,UNKNOWN,,,admin_service,,Barnet (1)
Owner & Customer Experience Specialist,1,Other / Unclassified,UNKNOWN,,,,,Dartmouth (1)
Sales Negotiator / Property Sales Consultant,1,Sales / Business Development,UNKNOWN,,,,,Royston (1)
Programme Management Business Partner,1,Other / Unclassified,UNKNOWN,,,,,Cardiff (1)
Estates Transformation Lead,1,Other / Unclassified,UNKNOWN,,,,,Not Specified (1)
Business Data Analyst,1,IT / Data / Software,UNKNOWN,,,,,Not Specified (1)
Lettings Consultant,1,Construction / Trades / Property,UNKNOWN,,,,,Not Specified (1)
Sales Progression Manager,1,Sales / Business Development,UNKNOWN,,,,,Pontefract (1)
Property Co-Ordinator,1,Other / Unclassified,UNKNOWN,,,,,Romford (1)
New Home Sales Consultant,1,Sales / Business Development,UNKNOWN,,,,,Leatherhead (1)
Solution Architect,1,IT / Data / Software,UNKNOWN,,,,,Not Specified (1)
Property Portfolio Manager,1,Other / Unclassified,UNKNOWN,,,,,Reading (1)
Estate Agent - Trainee Sales Negotiator,1,Construction / Trades / Property,UNKNOWN,,,,,Ilford (1)
Mortgage & Protection Advisor,1,Financial Advice / Mortgages,UNKNOWN,,,,,Not Specified (1)
Tax Technology and Transformation Manager,1,Professional Finance / Accountancy,UNKNOWN,,,,,Not Specified (1)
Corporate Landlord Implementation Manager,1,Other / Unclassified,UNKNOWN,,,,,Liverpool (1)
Senior Property Manager - Stratford E15,1,Construction / Trades / Property,UNKNOWN,,,,,Not Specified (1)
Trainee Estate agent - Laindon Hills SS15,1,Construction / Trades / Property,UNKNOWN,,,,,Basildon (1)
Property Coordinator,1,Admin / Customer Service,UNKNOWN,,,admin_service,,Cleethorpes (1)
Property Manager Team Leader,1,Construction / Trades / Property,UNKNOWN,,,,,Birkenhead (1)
Lettings Negotiator - Wanstead E11,1,Construction / Trades / Property,UNKNOWN,,,,,Not Specified (1)
Sales negotiator - Laindon SS15,1,Sales / Business Development,UNKNOWN,,,,,Basildon (1)
Instructions Manager,1,Other / Unclassified,UNKNOWN,,,,,Southwold (1)
Senior Lettings Manager,1,Construction / Trades / Property,UNKNOWN,,,,,Yeovil (1)
Estate Manager,1,Other / Unclassified,UNKNOWN,,,,,Edgware (1)
Estates Assistant,1,Other / Unclassified,UNKNOWN,,,,,Watford (1)
Senior Block Manager,1,Other / Unclassified,UNKNOWN,,,,,Not Specified (1)
Business Development Manager - Property/Estate Agency,1,Sales / Business Development,UNKNOWN,,,,,Not Specified (1)
New Homes Sales Consultant - New Malden,1,Sales / Business Development,UNKNOWN,,,,,Not Specified (1)
Affordable Homes Consultant,1,Other / Unclassified,UNKNOWN,,,,,Leominster (1)
Part-Time Lettings Coordinator,1,Construction / Trades / Property,UNKNOWN,,,admin_service,,Barnet (1)
Property Management Coordinator,1,Admin / Customer Service,UNKNOWN,,,admin_service,,Not Specified (1)
Forensic Accounting Associate,1,Other / Unclassified,UNKNOWN,,,finance_accounts,,Not Specified (1)
Forensic Accounting - Assistant Manager or Manager,1,Other / Unclassified,UNKNOWN,,,finance_accounts,,Not Specified (1)
Transactions Associate,1,Other / Unclassified,UNKNOWN,,,,,Bolton (1)
Property Inspector Inventory Clerk,1,Other / Unclassified,UNKNOWN,,,,,Not Specified (1)
Centre Manager,1,Other / Unclassified,UNKNOWN,,,,,Chippenham (1)
Property Block Manager,1,Other / Unclassified,UNKNOWN,,,,,Hove (1)
Area Lettings Manager,1,Construction / Trades / Property,UNKNOWN,,,,,Bury St. Edmunds (1)
Property Finance Manager,1,Professional Finance / Accountancy,UNKNOWN,,,finance_accounts,,Not Specified (1)
Self-employed Estate Agent,1,Construction / Trades / Property,UNKNOWN,,,,,Watford (1)
New Homes Sales Negotiator,1,Sales / Business Development,UNKNOWN,,,,,Not Specified (1)
Compliance Assistant,1,Other / Unclassified,UNKNOWN,,,,,Manchester (1)
Business Development Executive 12-month FTC,1,Sales / Business Development,UNKNOWN,,,,,Not Specified (1)
Cyber Security Strategy Manager - Consulting,1,IT / Data / Software,UNKNOWN,,,,,Not Specified (1)
Forensic Accounting Manager,1,Other / Unclassified,UNKNOWN,,,finance_accounts,,Not Specified (1)
Estate Agent Partner,1,Construction / Trades / Property,UNKNOWN,,,,,Peterborough (1)
Change Lead (Charity),1,Other / Unclassified,UNKNOWN,,,,,St. Helens (1)
Procurement Consultant - Active SC clearance required,1,Procurement / Buying / Supply Chain,UNKNOWN,,,,,Not Specified (1)
Business Change Lead,1,Other / Unclassified,UNKNOWN,,,,,Derby (1)
Part-Time Property/Service Charge Accountant,1,Professional Finance / Accountancy,UNKNOWN,,,,,Not Specified (1)
"Principal Consultant, Digital Transformation",1,Marketing / Digital / Creative,UNKNOWN,,,,,Cheltenham (1)
"Officer, General Counsel & Risk",1,Other / Unclassified,UNKNOWN,,,admin_service,,Newcastle Upon Tyne (1)
"Manager, Pricing & Commercial Insights",1,Other / Unclassified,UNKNOWN,,,,,Not Specified (1)
Data Consultant,1,Other / Unclassified,UNKNOWN,,,,,Not Specified (1)
Business Development (Client Services) Consultant,1,Sales / Business Development,UNKNOWN,,,,,Not Specified (1)
Senior Sales Negotiator / Lister,1,Sales / Business Development,UNKNOWN,,,,,Fleet (1)
Digital Marketing & Social Media Executive,1,Marketing / Digital / Creative,UNKNOWN,,,,,Chelmsford (1)
Adjudicator - National Trading Standards Estate Agency Team -,1,Other / Unclassified,UNKNOWN,,,,,Llandrindod Wells (1)
New Home Sales Advisor,1,Sales / Business Development,UNKNOWN,,,,,Norwich (1)
Trainee Block Manager,1,Other / Unclassified,UNKNOWN,,,,,Brighton (1)
Lettings Associate,1,Construction / Trades / Property,UNKNOWN,,,,,Royston (1)
Estate Agent Floating Branch Manager,1,Construction / Trades / Property,UNKNOWN,,,,,Bexley (1)
Estate Agent Sales Negotiator / Senior Sales Negotiator,1,Construction / Trades / Property,UNKNOWN,,,,,Cambridge (1)
Estate Agent Assistant Branch Manager,1,Construction / Trades / Property,UNKNOWN,,,,,Bromley (1)
Estate Agent Assistant Sales Manager,1,Construction / Trades / Property,UNKNOWN,,,,,Cambridge (1)
Legal Technology Specialist,1,Legal / Conveyancing,UNKNOWN,,,,,Ipswich (1)
Experienced Sales & Letting Negotiator,1,Sales / Business Development,UNKNOWN,,,,,Not Specified (1)
Clinical Procurement Specialist (Healthcare),1,Healthcare / Clinical,UNKNOWN,,,,,Not Specified (1)
Tenancy Progressor / Property Manager,1,Construction / Trades / Property,UNKNOWN,,,,,Potters Bar (1)
"Viewing Guide, St Albans",1,Other / Unclassified,UNKNOWN,,,,,St. Albans (1)
New Homes Negotiator - Peckham,1,Other / Unclassified,UNKNOWN,,,,,Not Specified (1)
Sales Negotiator (part-time),1,Sales / Business Development,UNKNOWN,,,,,City (1)
Lettings & Property Manager,1,Construction / Trades / Property,UNKNOWN,,,,,Bedford (1)
Property Professionals,1,Other / Unclassified,UNKNOWN,,,,,Southend-on-sea (1)
(Government) Senior Technology Procurement Specialist,1,Procurement / Buying / Supply Chain,UNKNOWN,,,,,Not Specified (1)
Senior Lettings / Assistant Manager,1,Construction / Trades / Property,UNKNOWN,,,,,Reading (1)
Corporate Tax Manager - Creative Media,1,Professional Finance / Accountancy,UNKNOWN,,,,,Not Specified (1)
Management Accountant with Global Law Firm,1,Professional Finance / Accountancy,UNKNOWN,,,,,Not Specified (1)
Commercial Financial Controller,1,Professional Finance / Accountancy,UNKNOWN,,,,,Crewe (1)
Positions Specialist,1,Other / Unclassified,UNKNOWN,,,,,Northampton (1)
Electrical tutor,1,Education / Teaching,UNKNOWN,,,,,Stockport (1)
Personal Tax Assistant Manager,1,Professional Finance / Accountancy,UNKNOWN,,,,,Leicester (1)
Property Solicitor (NQ - Senior Associate),1,Legal / Conveyancing,UNKNOWN,,,,,Not Specified (1)
Project Manager - Business Change,1,Operations / General Management,UNKNOWN,,,,,Not Specified (1)
Mixed Tax Senior - Entertainment & Music Tax - London Hybrid,1,Professional Finance / Accountancy,UNKNOWN,,,,,Not Specified (1)
Junior PR Account Manager,1,Sales / Business Development,UNKNOWN,,,,,Not Specified (1)
PR Senior Account Manager / Account Director,1,Sales / Business Development,UNKNOWN,,,,,Not Specified (1)
Health and Benefits Business Development Director,1,Sales / Business Development,UNKNOWN,,,,,Not Specified (1)
"Planning & Environmental Lawyer - Associate to Director - Norwich - &;55,000-&;90,000+ DOE",1,Legal / Conveyancing,UNKNOWN,,,,,Norwich (1)
Management Accountant GLOBAL CONGLOMERATE,1,Professional Finance / Accountancy,UNKNOWN,,,,,Wandsworth (1)
Client Services Manager - Wealth Management,1,Other / Unclassified,UNKNOWN,,,,,Not Specified (1)
Junior Employment Solicitor,1,Legal / Conveyancing,UNKNOWN,,,,,Stockport (1)
Business Services Director,1,Other / Unclassified,UNKNOWN,,,,,Lochmaben (1)
Senior Commercial Finance Manager - Ecomm,1,Professional Finance / Accountancy,UNKNOWN,,,finance_accounts,,Not Specified (1)
Highly Specialist Speech and Language Therapist,1,Healthcare / Clinical,UNKNOWN,,,,,Markfield (1)
German-Speaking Freelance Social Media Manager,1,Marketing / Digital / Creative,UNKNOWN,,,,,Not Specified (1)
Billing Coordinator,1,Admin / Customer Service,UNKNOWN,,,admin_service; finance_accounts,,Not Specified (1)
Assistant Reporting Accountant,1,Professional Finance / Accountancy,UNKNOWN,,,,,Not Specified (1)
Legal Secretary - Family/Litigation,1,Legal / Conveyancing,UNKNOWN,,,admin_service,,Woodford Green (1)
Litigation Legal Assistant,1,Legal / Conveyancing,UNKNOWN,,,,,Bexleyheath (1)
"Freelance, PR Account Manager",1,Sales / Business Development,UNKNOWN,,,,,Not Specified (1)
Registered Mental Health Nurse (RMN/RNLD/RGN),1,Healthcare / Clinical,UNKNOWN,,,,,Hexham (1)
Finance Assistant Data Processor,1,Professional Finance / Accountancy,UNKNOWN,,,finance_accounts,,Tavistock (1)
Employment Solicitor (Associate),1,Legal / Conveyancing,UNKNOWN,,,,,Leeds (1)
Paraplanner Remote,1,Financial Advice / Mortgages,UNKNOWN,,,,,Not Specified (1)
Senior Property Lawyer,1,Legal / Conveyancing,UNKNOWN,,,,,Not Specified (1)
Legal PA - Real Estate - &;52k - Hybrid!,1,Legal / Conveyancing,UNKNOWN,,,,,Not Specified (1)
Trade Mark Records Specialist (Full Time or Part Time) - London,1,Other / Unclassified,UNKNOWN,,,,,Not Specified (1)
Temporary Accounts Payable Clerk,1,Professional Finance / Accountancy,UNKNOWN,,,finance_accounts,,Peterborough (1)
Syndicate Financial Controller,1,Professional Finance / Accountancy,UNKNOWN,,,,,Not Specified (1)
Conveyancing Assistant New Build,1,Other / Unclassified,UNKNOWN,,,,,Chelmsford (1)
Lead Legal Counsel - Commercial,1,Legal / Conveyancing,UNKNOWN,,,,,Coventry (1)
Motor Vehicle Teacher,1,Education / Teaching,UNKNOWN,,,,,Ashford (1)
Employment Lawyer: Senior Associate/Partner,1,Legal / Conveyancing,UNKNOWN,,,,,Manchester (1)
Senior Wealth Planning Administrator,1,Admin / Customer Service,KNOWN,finance_accounts:OUT_OF_SCOPE; customer_service_contact_centre:REVIEW_CONTEXT_DEPENDENT; hr_recruitment:REVIEW_CONTEXT_DEPENDENT,,admin_service,,Not Specified (1)
Financial Planning Account Manager,1,Sales / Business Development,UNKNOWN,,,,,Not Specified (1)
Paraplanner - 12 Month FTC,1,Financial Advice / Mortgages,UNKNOWN,,,,,Not Specified (1)
Operations Accountant,1,Professional Finance / Accountancy,UNKNOWN,,,,,Preston (1)
Senior Corporate Insolvency Associate,1,Other / Unclassified,UNKNOWN,,,,,Manchester (1)
HR and Systems Administrator - National Charity,1,HR / Recruitment,UNKNOWN,,,admin_service; hr_recruitment,,Not Specified (1)
Part Time Payroll Specialist,1,Professional Finance / Accountancy,UNKNOWN,,,finance_accounts,,Didcot (1)
Residential Conveyancing Solicitor / CILEx,1,Legal / Conveyancing,UNKNOWN,,,,,Not Specified (1)
Content and Video Executive,1,Marketing / Digital / Creative,UNKNOWN,,,,,Stafford (1)
Senior Accountant 6 month FTC to go permanent!,1,Professional Finance / Accountancy,UNKNOWN,,,,,Bicester (1)
Commercial Litigation Paralegal,1,Legal / Conveyancing,UNKNOWN,,,,,Manchester (1)
Corporate Insolvency Professionals-All levels,1,Other / Unclassified,UNKNOWN,,,,,Manchester (1)
Marketing and Content Executive,1,Marketing / Digital / Creative,UNKNOWN,,,,,Sheffield (1)
Senior Technical Accountant,1,Professional Finance / Accountancy,UNKNOWN,,,,,Ipswich (1)
Digital Communications Officer,1,Marketing / Digital / Creative,UNKNOWN,,,admin_service,,Not Specified (1)
Property Knowledge & Innovation Lawyer,1,Legal / Conveyancing,UNKNOWN,,,,,Not Specified (1)
School Finance Officer,1,Education / Teaching,UNKNOWN,,,admin_service; finance_accounts,,Tenterden (1)
PERSONAL LINES INSURANCE BROKER,1,Other / Unclassified,UNKNOWN,,,,,High Wycombe (1)
GP Accounts-Semi Senior,1,Professional Finance / Accountancy,UNKNOWN,,,finance_accounts,,Wilmslow (1)
Field Manager,1,Other / Unclassified,UNKNOWN,,,,,Corby (1)
Housing Disrepair Paralegal,1,Legal / Conveyancing,UNKNOWN,,,,,Liverpool (1)
Customer Experience Manager,1,Other / Unclassified,UNKNOWN,,,,,Bracknell (1)
Commercial Insurance Sales Executive,1,Sales / Business Development,UNKNOWN,,,,,Bishop's Stortford (1)
Manager Accountancy,1,Professional Finance / Accountancy,UNKNOWN,,,,,Sheffield (1)
Credit Administrator,1,Admin / Customer Service,UNKNOWN,,,admin_service,,Manchester (1)
Specialist / Highly Speech and Language Therapist,1,Healthcare / Clinical,UNKNOWN,,,,,Taunton (1)
Commercial & Civil Litigation Solicitor - NQ to 2 PQE,1,Legal / Conveyancing,UNKNOWN,,,,,Barnsley (1)
"Employment Paralegal - Nottingham Unique Culture &;24,000 to &;28,000",1,Legal / Conveyancing,UNKNOWN,,,,,Nottingham (1)
Finalist / Newly Qualified Management Accountant,1,Professional Finance / Accountancy,UNKNOWN,,,,,Dewsbury (1)
IFA Adminstrator,1,Financial Advice / Mortgages,UNKNOWN,,,admin_service,,Coventry (1)
Mercedes-Benz Star Expert,1,Other / Unclassified,UNKNOWN,,,,,Stockton-on-tees (1)
HR Advisor - 6 Month FTC,1,HR / Recruitment,UNKNOWN,,,hr_recruitment,,Shepton Mallet (1)
Purchase Ledger Clerk/Accounts Payable Clerk,1,Professional Finance / Accountancy,UNKNOWN,,,finance_accounts,,Berkhamsted (1)
Budgeting and Reporting Analyst,1,Other / Unclassified,UNKNOWN,,,,,Not Specified (1)
Financial Accountant - Reporting and Control,1,Professional Finance / Accountancy,UNKNOWN,,,,,Not Specified (1)
Solicitor - Debt recovery,1,Legal / Conveyancing,UNKNOWN,,,,,Not Specified (1)
Treasury Operations Manager,1,Professional Finance / Accountancy,UNKNOWN,,,,,Not Specified (1)
Client Manager (Senior Account Manager),1,Sales / Business Development,UNKNOWN,,,,,Not Specified (1)
Marketing Assistant/Analyst I,1,Marketing / Digital / Creative,UNKNOWN,,,,,Northwich (1)
Senior Client Partner (Account Director/ SAD),1,Other / Unclassified,UNKNOWN,,,,,Not Specified (1)
Principal litigation Lawyer,1,Legal / Conveyancing,UNKNOWN,,,,,Huddersfield (1)
Health and Wellbeing Practitioner - Part Time,1,Other / Unclassified,UNKNOWN,,,,,Not Specified (1)
Interim Reward Specialist,1,Other / Unclassified,UNKNOWN,,,,,Not Specified (1)
Protection Only,1,Other / Unclassified,UNKNOWN,,,,,Not Specified (1)
Client Service Manager - Motor Claims,1,Other / Unclassified,UNKNOWN,,,,,Worcester (1)
Head of Tax Advisory - Fully Remote,1,Professional Finance / Accountancy,UNKNOWN,,,,,Manchester (1)
Commercial Insurance Solicitor Retrain,1,Legal / Conveyancing,UNKNOWN,,,,,Not Specified (1)
Property Damage Solicitor,1,Legal / Conveyancing,UNKNOWN,,,,,Not Specified (1)
Property Accountant,1,Professional Finance / Accountancy,UNKNOWN,,,,,Not Specified (1)
Restructuring Solicitor,1,Legal / Conveyancing,UNKNOWN,,,,,Glasgow (1)
HR Advisor / HR Business Support,1,HR / Recruitment,UNKNOWN,,,admin_service; hr_recruitment,,Grays (1)
Buyer - IT,1,Procurement / Buying / Supply Chain,UNKNOWN,,,,,Cardiff (1)
Senior Hardware Engineer,1,Engineering / Technical,UNKNOWN,,,,,Ely (1)
Billings Manager,1,Other / Unclassified,UNKNOWN,,,finance_accounts,,City Of Westminster (1)
Vehicle Technician / MOT Tester,1,Engineering / Technical,UNKNOWN,,,,,Warrington (1)
Third Party Property Damage Handler,1,Other / Unclassified,UNKNOWN,,,,,Manchester (1)
Credit Control & Accounts Receivable Administrator,1,Professional Finance / Accountancy,UNKNOWN,,,admin_service; finance_accounts,,Not Specified (1)
"Interim HR Coordinator, 2 months",1,HR / Recruitment,UNKNOWN,,,admin_service; hr_recruitment,,Not Specified (1)
Junior Accountant - Remote,1,Professional Finance / Accountancy,UNKNOWN,,,,,Not Specified (1)
Office & HR Manager (Part-Time),1,HR / Recruitment,UNKNOWN,,,admin_service; hr_recruitment,,Not Specified (1)
QT Mortgage Advisor,1,Financial Advice / Mortgages,UNKNOWN,,,,,Not Specified (1)
Senior Embedded Software Engineer,1,IT / Data / Software,UNKNOWN,,,,,Ely (1)
Production Optical Technician,1,Engineering / Technical,UNKNOWN,,,,,City (1)
Residential Conveyancer - HNW Clients - Leading Property Law Firm - Manchester / Hybrid,1,Other / Unclassified,UNKNOWN,,,,,Not Specified (1)
Family Lawyer,1,Legal / Conveyancing,UNKNOWN,,,,,Doncaster (1)
Civil Litigation Solicitor,1,Legal / Conveyancing,UNKNOWN,,,,,Liverpool (1)
Corporate Financial Administrator,1,Admin / Customer Service,UNKNOWN,,,admin_service,,Southampton (1)
IVA Insolvency Practitioner,1,Other / Unclassified,UNKNOWN,,,,,Manchester (1)
Insolvency Practitioner-Corporate Appointments,1,Other / Unclassified,UNKNOWN,,,,,Manchester (1)
Insolvency Practitioners-Work Winners,1,Other / Unclassified,UNKNOWN,,,,,Manchester (1)
Corporate Insolvency Administrator,1,Admin / Customer Service,KNOWN,admin_service:HIGH_CONFIDENCE,admin_service,admin_service,,Manchester (1)
Insolvency Practitioner,1,Other / Unclassified,UNKNOWN,,,,,Manchester (1)
Insolvency Practitioner-IVA,1,Other / Unclassified,UNKNOWN,,,,,Manchester (1)
Claims Adjuster - Cyber & MedMal,1,IT / Data / Software,UNKNOWN,,,,,Not Specified (1)
Vehicle Technician - London,1,Engineering / Technical,UNKNOWN,,,,,Enfield (1)
Mortgage Administrators required top London Brokerage HYBRID/Remote,1,Financial Advice / Mortgages,UNKNOWN,,,admin_service,,Not Specified (1)
Legal Administrator - Compliance Team,1,Legal / Conveyancing,UNKNOWN,,,admin_service,,Northampton (1)
Accounts Junior,1,Professional Finance / Accountancy,UNKNOWN,,,finance_accounts,,Leighton Buzzard (1)
Finance Manager - 6 month FTC,1,Professional Finance / Accountancy,UNKNOWN,,,finance_accounts,,Solihull (1)
ERP Systems Officer,1,Other / Unclassified,UNKNOWN,,,admin_service,,Stafford (1)
Wills and Probate Paralegal,1,Legal / Conveyancing,UNKNOWN,,,,,Chesterfield (1)
Chery Sales Executive,1,Sales / Business Development,UNKNOWN,,,,,Cardiff (1)
Electronics Hardware Engineer,1,Engineering / Technical,UNKNOWN,,,,,Cambridge (1)
Financial Accountant - Property Company,1,Professional Finance / Accountancy,UNKNOWN,,,,,Not Specified (1)
Contract Credit Risk Modeller,1,Other / Unclassified,UNKNOWN,,,,,Not Specified (1)
Reporting Accountant,1,Professional Finance / Accountancy,UNKNOWN,,,,,Not Specified (1)
Global Benefits Senior Analyst,1,Other / Unclassified,UNKNOWN,,,,,Not Specified (1)
Internal and External Communications & PR Specialist,1,Marketing / Digital / Creative,UNKNOWN,,,,,Not Specified (1)
Temporary HR Advisor - Employee Relations,1,HR / Recruitment,UNKNOWN,,,hr_recruitment,,Bournemouth (1)
Event Team Lead - Automotive,1,Other / Unclassified,UNKNOWN,,,,,City Of Westminster (1)
Part-time Finance Manager (2/3 days per week),1,Professional Finance / Accountancy,UNKNOWN,,,finance_accounts,,Corby (1)
"Financial Administrator route to Paraplanner-Full-Time-Career Progression-Ipswich-&;30,000 - &;35,000",1,Financial Advice / Mortgages,UNKNOWN,,,admin_service,,Ipswich (1)
Reach FLT Driver,1,Driving / Warehouse / Logistics,UNKNOWN,,,,,Plymouth (1)
VAT Consultant Specialist Accountant,1,Professional Finance / Accountancy,UNKNOWN,,,,,Not Specified (1)
Interim Year End Accountant,1,Professional Finance / Accountancy,UNKNOWN,,,,,Romsey (1)
Systems Accountant (TechnologyONE),1,Professional Finance / Accountancy,UNKNOWN,,,,,Not Specified (1)
BMW Motorrad Brand Manager,1,Marketing / Digital / Creative,UNKNOWN,,,,,Warwick (1)
Affinity Partnership Executive,1,Other / Unclassified,UNKNOWN,,,,,Not Specified (1)
Demand Planner - FMCG,1,Procurement / Buying / Supply Chain,UNKNOWN,,,,,Northallerton (1)
Events Manager,1,Other / Unclassified,UNKNOWN,,,,,Not Specified (1)
Porsche SMART Technician,1,Engineering / Technical,UNKNOWN,,,,,Towcester (1)
"Locum Lawyer - Housing, Homelessness & Civil Litigation",1,Legal / Conveyancing,UNKNOWN,,,,,Chatham (1)
Transfer Agency Operating Model,1,Other / Unclassified,UNKNOWN,,,,,Not Specified (1)
Resource Planning Assistant,1,Other / Unclassified,UNKNOWN,,,,,Liverpool (1)
Audi Bodyshop Technician,1,Engineering / Technical,UNKNOWN,,,,,Leicester (1)
"Accounts Assistant, 12m FTC",1,Professional Finance / Accountancy,UNKNOWN,,,finance_accounts,,West Drayton (1)
Financial Controller - Moor Park Golf Club,1,Professional Finance / Accountancy,UNKNOWN,,,,,Rickmansworth (1)
BMW Assistant Accountant,1,Professional Finance / Accountancy,UNKNOWN,,,,,Not Specified (1)
Dayshift support worker,1,Care / Support Work,UNKNOWN,,,support_worker,,Dundee (1)
Payroll Co-ordinator - Leisure,1,Professional Finance / Accountancy,UNKNOWN,,,finance_accounts,,Grays (1)
Solicitor or Legal Executive - Children Law,1,Legal / Conveyancing,UNKNOWN,,,,,Boston (1)
Plot Sales Paralegal,1,Legal / Conveyancing,UNKNOWN,,,,,Altrincham (1)
Audit Manager - MK,1,Professional Finance / Accountancy,UNKNOWN,,,,,Milton Keynes (1)
Quality Operator (Built In Quality),1,Other / Unclassified,UNKNOWN,,,,,Peterlee (1)
Corporate Financial Planner,1,Financial Advice / Mortgages,UNKNOWN,,,,,Loughton (1)
Senior Paraplanner - Client Facing,1,Financial Advice / Mortgages,UNKNOWN,,,,,Not Specified (1)
Senior Employee Benefits Consultant,1,Other / Unclassified,UNKNOWN,,,,,Not Specified (1)
Financial Planner - Succession Opportunity,1,Financial Advice / Mortgages,UNKNOWN,,,,,Not Specified (1)
Wealth Planning Administrator,1,Admin / Customer Service,KNOWN,finance_accounts:OUT_OF_SCOPE; customer_service_contact_centre:REVIEW_CONTEXT_DEPENDENT; hr_recruitment:REVIEW_CONTEXT_DEPENDENT,,admin_service,,Not Specified (1)
Business Quality Manager,1,Other / Unclassified,UNKNOWN,,,,,Not Specified (1)
"Finance Director - Dorset - circa &;120,000 + bonus",1,Professional Finance / Accountancy,UNKNOWN,,,finance_accounts,,Not Specified (1)
Wealth Executive,1,Other / Unclassified,UNKNOWN,,,,,Not Specified (1)
Workshop LV Technician / MOT Tester,1,Engineering / Technical,UNKNOWN,,,,,Rotherham (1)
Technology Support Coordinator,1,Admin / Customer Service,UNKNOWN,,,admin_service,,Not Specified (1)
Junior Payroll Administrator,1,Professional Finance / Accountancy,UNKNOWN,,,admin_service; finance_accounts,,Canterbury (1)
Client Administrator - Financial Services,1,Admin / Customer Service,UNKNOWN,,,admin_service,,Northallerton (1)
Credit Hire Claims Handler,1,Other / Unclassified,UNKNOWN,,,,,Manchester (1)
Marketing and Sales Support,1,Sales / Business Development,UNKNOWN,,,,,Tamworth (1)
Senior Professional Liability Underwriter,1,Other / Unclassified,UNKNOWN,,,,,Not Specified (1)
IT Category Manager,1,Procurement / Buying / Supply Chain,UNKNOWN,,,,,Not Specified (1)
Car Sales Administrator,1,Sales / Business Development,UNKNOWN,,,admin_service,,Southend-on-sea (1)
Accounts Administrator & Cashier,1,Professional Finance / Accountancy,UNKNOWN,,,admin_service; finance_accounts,,Solihull (1)
Senior Content Marketing Manager,1,Marketing / Digital / Creative,UNKNOWN,,,,,Not Specified (1)
Underwriter - Casualty,1,Other / Unclassified,UNKNOWN,,,,,Not Specified (1)
Assistant Manager,1,Other / Unclassified,UNKNOWN,,,,,Not Specified (1)
Catastrophic Injury Associate/Senior Associate,1,Other / Unclassified,UNKNOWN,,,,,Manchester (1)
Warehouse Assistant,1,Driving / Warehouse / Logistics,UNKNOWN,,,warehouse_logistics,,Calne (1)
Self Employed Tax Consultant - Ad Hoc Projects,1,Professional Finance / Accountancy,UNKNOWN,,,,,Not Specified (1)
Pile Test Engineer,1,IT / Data / Software,UNKNOWN,,,,,Nottingham (1)
Care Team Leader - Nights,1,Other / Unclassified,UNKNOWN,,,,,Oxford (1)
Litigation & Debt Recovery Litigator,1,Legal / Conveyancing,UNKNOWN,,,,,Sheffield (1)
Pensions Administrator - SIPP,1,Admin / Customer Service,UNKNOWN,,,admin_service,,Edinburgh (1)
"Experienced Property Legal Secretary - Ilford, London",1,Legal / Conveyancing,UNKNOWN,,,admin_service,,Ilford (1)
Senior Client Advisor,1,Other / Unclassified,UNKNOWN,,,,,Harrow (1)
Growth Director,1,Other / Unclassified,UNKNOWN,,,,,Wimborne (1)
Accounts Senior/Assistant Manager,1,Professional Finance / Accountancy,UNKNOWN,,,finance_accounts,,Farnham (1)
Material Handler,1,Other / Unclassified,UNKNOWN,,,,,Stockton-on-tees (1)
Senior Accountant - Practice,1,Professional Finance / Accountancy,UNKNOWN,,,,,Middlesbrough (1)
Senior Insolvency Administrator,1,Admin / Customer Service,KNOWN,customer_service_contact_centre:REVIEW_CONTEXT_DEPENDENT; hr_recruitment:REVIEW_CONTEXT_DEPENDENT,,admin_service,,Glasgow (1)
Oracle Project Management,1,Other / Unclassified,UNKNOWN,,,,,Stevenage (1)
Management Accountant - Private Equity experience,1,Professional Finance / Accountancy,UNKNOWN,,,,,Not Specified (1)
Financial Controller Hospitality,1,Professional Finance / Accountancy,UNKNOWN,,,,,Not Specified (1)
Financial Accountant - SaaS experience,1,Professional Finance / Accountancy,UNKNOWN,,,,,Not Specified (1)
Internal Communications Manager,1,Marketing / Digital / Creative,UNKNOWN,,,,,Newport (1)
Interim Group Financial Controller Hardware Tech Business,1,Professional Finance / Accountancy,UNKNOWN,,,,,Not Specified (1)
"Business Management - Music, Film, TV & Sport Clients",1,Other / Unclassified,UNKNOWN,,,,,Not Specified (1)
Family Solicitor - Unique Position,1,Legal / Conveyancing,UNKNOWN,,,,,Manchester (1)
"Employment Paralegal, Birmingham, &;24,000 - &;28,000 DOE, Excellent training, Legal 500",1,Legal / Conveyancing,UNKNOWN,,,,,Not Specified (1)
Client Relationship Manager (SJP),1,Other / Unclassified,UNKNOWN,,,,,Cheltenham (1)
Office Supplies Category Manager,1,Procurement / Buying / Supply Chain,UNKNOWN,,,admin_service,,Winsford (1)
Credit Risk Manager,1,Other / Unclassified,UNKNOWN,,,,,Leeds (1)
Facilities Manager - London Law Firm - Ilford,1,Construction / Trades / Property,UNKNOWN,,,,,Ilford (1)
Head of FP&A and Reporting,1,Other / Unclassified,UNKNOWN,,,,,Not Specified (1)
"Private Client Solicitor - Leading Legal 500, Renowned for Progression",1,Legal / Conveyancing,UNKNOWN,,,,,Not Specified (1)
Senior Compensation Manager (6-month FTC),1,Other / Unclassified,UNKNOWN,,,,,Bicester (1)
Events Coordinator,1,Admin / Customer Service,UNKNOWN,,,admin_service,,Not Specified (1)
Commercial Insurance Manager,1,Other / Unclassified,UNKNOWN,,,,,Not Specified (1)
Women's Recovery Champion,1,Other / Unclassified,UNKNOWN,,,,,Southend-on-sea (1)
Financial Controller - Part-time,1,Professional Finance / Accountancy,UNKNOWN,,,,,Not Specified (1)
Interim Financial Controller - Europe,1,Professional Finance / Accountancy,UNKNOWN,,,,,Maidenhead (1)
"Part-Qualified Accountant - Verwood - &;30,000",1,Professional Finance / Accountancy,UNKNOWN,,,,,Verwood (1)
Head of Risk & Internal Audit,1,Other / Unclassified,UNKNOWN,,,,,Not Specified (1)
Duty Pharmacist Manager - Bourne,1,Other / Unclassified,UNKNOWN,,,,,Bourne End (1)
Assistant Accountant - Accounts Practice,1,Professional Finance / Accountancy,UNKNOWN,,,finance_accounts,,Colchester (1)
Housing Paralegal,1,Legal / Conveyancing,UNKNOWN,,,,,Manchester (1)
Purchase Ledger Supervisor,1,Professional Finance / Accountancy,UNKNOWN,,,finance_accounts,,Dartford (1)
Senior Claims Handler,1,Other / Unclassified,UNKNOWN,,,,,Bristol (1)
Trainee Parts Advisor,1,Other / Unclassified,UNKNOWN,,,,,Rochester (1)
Real Estate Associate Solicitor,1,Legal / Conveyancing,UNKNOWN,,,,,Southampton (1)
Self Employed CeMAP Mortgage Brokers,1,Financial Advice / Mortgages,UNKNOWN,,,,,Bushey (1)
"Family Solicitor, Head of Family",1,Legal / Conveyancing,UNKNOWN,,,,,Norwich (1)
Head of Processing - Transactional Finance,1,Professional Finance / Accountancy,UNKNOWN,,,finance_accounts,,Manchester (1)
Reinsurance Pricing Actuary,1,Other / Unclassified,UNKNOWN,,,,,Not Specified (1)
Demand Planner,1,Procurement / Buying / Supply Chain,UNKNOWN,,,,,Dewsbury (1)
Digital Marketing Manager - Agency Experience,1,Marketing / Digital / Creative,UNKNOWN,,,,,Not Specified (1)
Regulatory Accounting Analyst,1,Other / Unclassified,UNKNOWN,,,finance_accounts,,Warwick (1)
Trainee Solicitor,1,Legal / Conveyancing,UNKNOWN,,,,,Warwick (1)
Claims & Customer Service Advisor,1,Admin / Customer Service,UNKNOWN,,,customer_service_contact_centre,,Southend-on-sea (1)
MORTGAGE ADVISOR (LEADS PROVIDED!),1,Financial Advice / Mortgages,UNKNOWN,,,,,Not Specified (1)
Event Account Director,1,Other / Unclassified,UNKNOWN,,,,,Not Specified (1)
Paralegal Trade Marks,1,Legal / Conveyancing,UNKNOWN,,,,,Not Specified (1)
Paralegal Court of Protection,1,Legal / Conveyancing,UNKNOWN,,,,,Not Specified (1)
Family Team Legal Secretary,1,Legal / Conveyancing,UNKNOWN,,,admin_service,,Not Specified (1)
Private Client Lawyer NQ-2 PQE,1,Legal / Conveyancing,UNKNOWN,,,,,Chester (1)
Systmone Business Analyst,1,IT / Data / Software,UNKNOWN,,,,,Not Specified (1)
SEN Nursery Teaching Assistant - Hinckley,1,Education / Teaching,UNKNOWN,,,,,Hinckley (1)
SEN Nursery Teaching Assistant - Leicester,1,Education / Teaching,UNKNOWN,,,,,Leicester (1)
Autism Specialist Teaching Assistant,1,Education / Teaching,UNKNOWN,,,,,Not Specified (1)
SEN Teacher - Lewisham,1,Education / Teaching,UNKNOWN,,,,,Not Specified (1)
ICT - Computer Teacher,1,Education / Teaching,UNKNOWN,,,,,Not Specified (1)
Humanities Teacher - Mansfield,1,Education / Teaching,UNKNOWN,,,,,Nottingham (1)
Year 5 SEND additional class teacher - Druids Heath,1,Education / Teaching,UNKNOWN,,,,,Not Specified (1)
Unqualified SEND Teaching Assistant,1,Education / Teaching,UNKNOWN,,,,,Liverpool (1)
Modern Foreign Languages Teacher - Nottingham,1,Education / Teaching,UNKNOWN,,,,,Nottingham (1)
"Tech Lead (Golang, AWS)",1,Other / Unclassified,UNKNOWN,,,,,Oxford (1)
L4 Network Operations Engineer,1,Engineering / Technical,UNKNOWN,,,,,Gloucester (1)
Class Teacher for Primary School,1,Education / Teaching,UNKNOWN,,,,,Not Specified (1)
Modern Foreign Languages Teacher - Mansfield,1,Education / Teaching,UNKNOWN,,,,,Mansfield (1)
Modern Foreign Languages Teacher - Derby,1,Education / Teaching,UNKNOWN,,,,,Derby (1)
Behavioural Teaching Assistant,1,Education / Teaching,UNKNOWN,,,,,Not Specified (1)
Pastoral Support Officer - Boys' Upper & Middle Schools,1,Other / Unclassified,UNKNOWN,,,admin_service,,Barnet (1)
Service Management Consultant,1,Other / Unclassified,UNKNOWN,,,,,Not Specified (1)
Data Delivery Manager - HYBRID,1,Other / Unclassified,UNKNOWN,,,,,Not Specified (1)
IT Service Desk Manager,1,IT / Data / Software,UNKNOWN,,,,,Edinburgh (1)
Data Quality Manager,1,Other / Unclassified,UNKNOWN,,,,,Milton Keynes (1)
Business Process Analyst,1,Other / Unclassified,UNKNOWN,,,,,South Shields (1)
Teaching Assistant - SEN School - Coventry,1,Education / Teaching,UNKNOWN,,,,,Coventry (1)
Religious Studies Teacher,1,Education / Teaching,UNKNOWN,,,,,Leeds (1)
Complex Needs Assistant - Tilehurst,1,Other / Unclassified,UNKNOWN,,,,,Not Specified (1)
ATE Technical Lead,1,Other / Unclassified,UNKNOWN,,,,,Cambridge (1)
Youth Mentor - Thatcham,1,Other / Unclassified,UNKNOWN,,,,,Thatcham (1)
ECT - Early Career Teacher,1,Education / Teaching,UNKNOWN,,,,,Nottingham (1)
Science Teacher - Alternate Provision,1,Education / Teaching,UNKNOWN,,,,,Warrington (1)
Hospitality and Chef Assessor (Trainee or Qualified),1,Hospitality / Catering,UNKNOWN,,,,,Leicester (1)
Autism Support Assistant - Newbury,1,Other / Unclassified,UNKNOWN,,,,,Newbury (1)
Graduate Behaviour Mentor - Alternative Provision,1,Other / Unclassified,UNKNOWN,,,,,Reading (1)
Alternate Provision - Maths Teacher,1,Education / Teaching,UNKNOWN,,,,,Warrington (1)
Potato Grader,1,Other / Unclassified,UNKNOWN,,,,,Norwich (1)
PPA Teacher,1,Education / Teaching,UNKNOWN,,,,,Kingston Upon Thames (1)
Classroom Support Assistant - Bracknell,1,Other / Unclassified,UNKNOWN,,,,,Bracknell (1)
Dispatcher/Warehouse Assistant,1,Driving / Warehouse / Logistics,UNKNOWN,,,warehouse_logistics,,Harlow (1)
Class 1 Night drivers,1,Other / Unclassified,UNKNOWN,,,,,Rochester (1)
IT Support Technician (Enhanced DBS),1,IT / Data / Software,UNKNOWN,,,,,Manchester (1)
Cyber Security Operations Manager,1,IT / Data / Software,UNKNOWN,,,,,Stockport (1)
SEN Teaching Assistant - Rugby,1,Education / Teaching,UNKNOWN,,,,,Rugby (1)
HGV Driver Days - 10.30am Start,1,Driving / Warehouse / Logistics,UNKNOWN,,,,,Queenborough (1)
HGV Driver Days - 4am Start,1,Driving / Warehouse / Logistics,UNKNOWN,,,,,Queenborough (1)
Electrical Fitter,1,Engineering / Technical,UNKNOWN,,,,,Ealing (1)
Facilities Coordinator,1,Admin / Customer Service,UNKNOWN,,,admin_service,,Sheffield (1)
SEN English and Maths Tutor,1,Education / Teaching,UNKNOWN,,,,,Stevenage (1)
Multi-Skills HMP,1,Other / Unclassified,UNKNOWN,,,,,Maidstone (1)
Tech Advisor,1,Other / Unclassified,UNKNOWN,,,,,Gloucester (1)
Oxbridge Graduates - Aspiring Primary Teacher,1,Education / Teaching,UNKNOWN,,,,,Not Specified (1)
Aspiring Assistant Psychologist,1,Other / Unclassified,UNKNOWN,,,,,Not Specified (1)
Teaching Assistant - Russell Group Graduates Required,1,Education / Teaching,UNKNOWN,,,,,Not Specified (1)
2nd Line Support Analyst,1,Other / Unclassified,UNKNOWN,,,,,Bexley (1)
Special Educational Needs Teacher,1,Education / Teaching,UNKNOWN,,,,,Not Specified (1)
Salesforce Team Leader,1,Other / Unclassified,UNKNOWN,,,,,Warrington (1)
Technician - Electrical Installations,1,Engineering / Technical,UNKNOWN,,,,,Cambridge (1)
Automation Application Developer,1,IT / Data / Software,UNKNOWN,,,,,Not Specified (1)
Booking Coordinator Support,1,Admin / Customer Service,UNKNOWN,,,admin_service,,Ipswich (1)
FLT/Warehouse Operator,1,Driving / Warehouse / Logistics,UNKNOWN,,,warehouse_logistics,,Winsford (1)
Room Manager - Outdoor Nursery & Alternative Education,1,Education / Teaching,UNKNOWN,,,,,Tavistock (1)
Ocean imports handler,1,Other / Unclassified,UNKNOWN,,,,,Hounslow (1)
Science Tutor,1,Education / Teaching,UNKNOWN,,,,,Not Specified (1)
Export clerk / DG Packer,1,Driving / Warehouse / Logistics,UNKNOWN,,,warehouse_logistics,,Hounslow (1)
ASD Mentor,1,Other / Unclassified,UNKNOWN,,,,,Not Specified (1)
Independent Advocate (BSL),1,Other / Unclassified,UNKNOWN,,,,,Birmingham (1)
Solicitor (Support Through Court Advice Clinic),1,Legal / Conveyancing,UNKNOWN,,,,,Leeds (1)
Trustee - Programmes (voluntary role),1,Other / Unclassified,UNKNOWN,,,,,Not Specified (1)
Practice Consultant,1,Other / Unclassified,UNKNOWN,,,,,Cardiff (1)
Finance Trustee and Independent Director (cafe),1,Professional Finance / Accountancy,UNKNOWN,,,finance_accounts,,Richmond (1)
Level 3 Early Years Practitioner,1,Other / Unclassified,UNKNOWN,,,,,Deanshanger (1)
Import Clerk,1,Other / Unclassified,UNKNOWN,,,,,Southampton (1)
Senior US UK Tax Consultant,1,Professional Finance / Accountancy,UNKNOWN,,,,,Not Specified (1)
US UK Tax Associate Director,1,Professional Finance / Accountancy,UNKNOWN,,,,,Not Specified (1)
Deputy Pensions Administration Manager,1,Admin / Customer Service,UNKNOWN,,,admin_service,,Bristol (1)
Senior FX Dealer,1,Other / Unclassified,UNKNOWN,,,,,Tring (1)
Senior / Lead Systems Detail Specialist,1,Other / Unclassified,UNKNOWN,,,,,Farnborough (1)
Interim Commercial Accountant / Finance Analyst - Power BI,1,Professional Finance / Accountancy,UNKNOWN,,,finance_accounts,,Rugby (1)
Immediate Start Temp to Perm Purchase Ledger Assistant,1,Professional Finance / Accountancy,UNKNOWN,,,finance_accounts,,Redditch (1)
"Service Delivery Manager, UK",1,Other / Unclassified,UNKNOWN,,,,,Crewe (1)
PIP Registered Nurse,1,Healthcare / Clinical,UNKNOWN,,,,,York (1)
WCA Registered Nurse,1,Healthcare / Clinical,UNKNOWN,,,,,Carlisle (1)
WCA - Healthcare Practitioner - Nurse,1,Healthcare / Clinical,UNKNOWN,,,,,Lancaster (1)
PIP - Registered Nurse,1,Healthcare / Clinical,UNKNOWN,,,,,Crewe (1)
Healthcare Practitioner - Nurse Liverpool,1,Healthcare / Clinical,UNKNOWN,,,,,Liverpool (1)
Healthcare Practitioner - Nurse Barrow,1,Healthcare / Clinical,UNKNOWN,,,,,Barrow-in-furness (1)
"Healthcare Practitioner - Nurse, Liverpool",1,Healthcare / Clinical,UNKNOWN,,,,,Liverpool (1)
"WCA Nurse - Hybrid - £39,500",1,Healthcare / Clinical,UNKNOWN,,,,,Aberdeen (1)
OCT WCA Nurse - Hybrid UK,1,Healthcare / Clinical,UNKNOWN,,,,,Stoke-on-trent (1)
Client Manager - thriving autonomous firm with sound values,1,Other / Unclassified,UNKNOWN,,,,,Haverhill (1)
Client Manager - join an independent firm that truly values their people,1,Other / Unclassified,UNKNOWN,,,,,Ipswich (1)
Permanent Accounts Payable Assistant,1,Professional Finance / Accountancy,UNKNOWN,,,finance_accounts,,Nottingham (1)
Graduate estate agent - Putney - Full Training Provided,1,Construction / Trades / Property,UNKNOWN,,,,,Not Specified (1)
Audit Semi-Senior - career progression without the red tape,1,Professional Finance / Accountancy,UNKNOWN,,,,,Colchester (1)
"Audit Semi-Senior - independent, growing firm",1,Professional Finance / Accountancy,UNKNOWN,,,,,Halstead (1)
"Audit Semi-Senior - independent firm, don't get lost in the crowd!",1,Professional Finance / Accountancy,UNKNOWN,,,,,Ipswich (1)
Trainee estate agent - Clapham,1,Construction / Trades / Property,UNKNOWN,,,,,Not Specified (1)
Graduate estate agent - London,1,Construction / Trades / Property,UNKNOWN,,,,,Not Specified (1)
Interim Technical Accountant,1,Professional Finance / Accountancy,UNKNOWN,,,,,Bristol (1)
Employment Litigation Solicitor,1,Legal / Conveyancing,UNKNOWN,,,,,Manchester (1)
Helpline Counsellor,1,Other / Unclassified,UNKNOWN,,,,,Hinckley (1)
Sanctions & Screening Associate,1,Other / Unclassified,UNKNOWN,,,,,Not Specified (1)
Solicitor / Associate - Tax,1,Legal / Conveyancing,UNKNOWN,,,,,Guildford (1)
47588-1: Material Handler II - Heysham,1,Other / Unclassified,UNKNOWN,,,,,Morecambe (1)
Customer Support Expert,1,Admin / Customer Service,UNKNOWN,,,customer_service_contact_centre,,Croydon (1)
Head of Growth Enablement,1,Other / Unclassified,UNKNOWN,,,,,Not Specified (1)
Group Project Accountant,1,Professional Finance / Accountancy,UNKNOWN,,,,,Warrington (1)
Senior Bookkeeper - Part Time / Freelance,1,Other / Unclassified,UNKNOWN,,,finance_accounts,,Ealing (1)
Credit Controller - Temporary Assignment,1,Other / Unclassified,UNKNOWN,,,finance_accounts,,Bracknell (1)
Interim Group Financial Reporting Manager,1,Other / Unclassified,UNKNOWN,,,,,Not Specified (1)
Management Accountant (VAT),1,Professional Finance / Accountancy,UNKNOWN,,,,,Not Specified (1)
Accounts Assistant Verwood Temporary,1,Professional Finance / Accountancy,UNKNOWN,,,finance_accounts,,Verwood (1)
Interim Finance Manager - North West London,1,Professional Finance / Accountancy,UNKNOWN,,,finance_accounts,,Barnet (1)
Global Finance Process Owner,1,Professional Finance / Accountancy,UNKNOWN,,,finance_accounts,,Not Specified (1)
Management Accountant - PART TIME,1,Professional Finance / Accountancy,UNKNOWN,,,,,Hinckley (1)
Fibreglass Reworker ( IMMEDIATE START ),1,Other / Unclassified,UNKNOWN,,,,,Newport (1)
Financial Advisor -,1,Financial Advice / Mortgages,UNKNOWN,,,,,Not Specified (1)
Specialist Service Manager,1,Other / Unclassified,UNKNOWN,,,,,Not Specified (1)
Retirement Living Assistant,1,Other / Unclassified,UNKNOWN,,,,,Leicester (1)
Commercial Insurance Development Broker,1,Other / Unclassified,UNKNOWN,,,,,Colchester (1)
IFA,1,Financial Advice / Mortgages,UNKNOWN,,,,,Not Specified (1)
Lettings Administrator - Central London,1,Construction / Trades / Property,UNKNOWN,,,admin_service,,Not Specified (1)
Commercial SME Account Handler,1,Other / Unclassified,UNKNOWN,,,,,Croydon (1)
PPC Executive (Dutch Speaking),1,Marketing / Digital / Creative,UNKNOWN,,,,,Hemel Hempstead (1)
HR and Corporate Services Specialist,1,HR / Recruitment,UNKNOWN,,,hr_recruitment,,Not Specified (1)
Finance Manager (6 month FTC),1,Professional Finance / Accountancy,UNKNOWN,,,finance_accounts,,Not Specified (1)
Trainee Accounts Executive,1,Professional Finance / Accountancy,UNKNOWN,,,finance_accounts,,Tewkesbury (1)
Customer Service Development Consultant,1,Admin / Customer Service,UNKNOWN,,,customer_service_contact_centre,,Lutterworth (1)
Bookkeeper & Payroll Administrator,1,Professional Finance / Accountancy,UNKNOWN,,,admin_service; finance_accounts,,Hull (1)
Investment Administration Manager,1,Admin / Customer Service,UNKNOWN,,,admin_service,,Bristol (1)
Accounts & Audit Manager,1,Professional Finance / Accountancy,UNKNOWN,,,finance_accounts,,Not Specified (1)
Client Account Executive (IFA Administrator),1,Financial Advice / Mortgages,UNKNOWN,,,admin_service,,Colchester (1)
Management Accountant 3-6 month temp,1,Professional Finance / Accountancy,UNKNOWN,,,,,Canvey Island (1)
Legal PA / Team Leader - Disputes / Litigation,1,Legal / Conveyancing,UNKNOWN,,,,,Not Specified (1)
Communications & Policy Executive,1,Marketing / Digital / Creative,UNKNOWN,,,,,Not Specified (1)
French Speaking Accounts Payable,1,Professional Finance / Accountancy,UNKNOWN,,,finance_accounts,,Not Specified (1)
HR Business Partner - Technology,1,HR / Recruitment,UNKNOWN,,,hr_recruitment,,Solihull (1)
Financial Planning & Analyst,1,Other / Unclassified,UNKNOWN,,,,,Bath (1)
Dermatologist,1,Other / Unclassified,UNKNOWN,,,,,City (1)
Digital Analytics & Insights Manager - Bradford,1,Marketing / Digital / Creative,UNKNOWN,,,,,Bradford (1)
Senior Knowledge Lawyer,1,Legal / Conveyancing,UNKNOWN,,,,,Not Specified (1)
Marketing Automation Manager,1,Marketing / Digital / Creative,UNKNOWN,,,,,Milton Keynes (1)
Finance Business Partner (Projects/Bids),1,Professional Finance / Accountancy,UNKNOWN,,,finance_accounts,,Guildford (1)
Personal Tax Compliance Manager,1,Professional Finance / Accountancy,UNKNOWN,,,,,Manchester (1)
Finance and Accounts Manager,1,Professional Finance / Accountancy,UNKNOWN,,,finance_accounts,,Not Specified (1)
Social Media Manager - 12 month FTC,1,Marketing / Digital / Creative,UNKNOWN,,,,,Not Specified (1)
Company Secretary Manager,1,Admin / Customer Service,UNKNOWN,,,admin_service,,Not Specified (1)
Pensions Lawyers (Associate - 1-3 PQE),1,Other / Unclassified,UNKNOWN,,,,,Guildford (1)
Interim Senior Financial Controller,1,Professional Finance / Accountancy,UNKNOWN,,,,,Southampton (1)
CASS Manager,1,Other / Unclassified,UNKNOWN,,,,,Not Specified (1)
Purchasing & Logistics Coordinator,1,Driving / Warehouse / Logistics,UNKNOWN,,,admin_service; warehouse_logistics,,Stoke-on-trent (1)
HGV Driver - Non Bulk,1,Driving / Warehouse / Logistics,UNKNOWN,,,,,Shrewsbury (1)
ICT / Computer Science Teacher - Derby,1,Education / Teaching,UNKNOWN,,,,,Derby (1)
Flexible Supply Work in Loughborough,1,Other / Unclassified,UNKNOWN,,,,,Loughborough (1)
Primary Supply Teachers - Hinckley,1,Other / Unclassified,UNKNOWN,,,,,Hinckley (1)
Day-to-Day Qualified Teachers- Leicester,1,Other / Unclassified,UNKNOWN,,,,,Leicester (1)
Primary Teacher Warwickshire,1,Education / Teaching,UNKNOWN,,,,,Not Specified (1)
Primary School Teacher Rugby,1,Education / Teaching,UNKNOWN,,,,,Rugby (1)
Functional Skills Tutor (1:1 Support) - Luton,1,Education / Teaching,UNKNOWN,,,,,Luton (1)
SEND Tutors (1:1 Support) - Luton,1,Other / Unclassified,UNKNOWN,,,,,Luton (1)
Primary Teacher Leamington Spa,1,Education / Teaching,UNKNOWN,,,,,Leamington Spa (1)
Primary Teacher Nuneaton,1,Education / Teaching,UNKNOWN,,,,,Nuneaton (1)
Maths Teacher - Mansfield,1,Education / Teaching,UNKNOWN,,,,,Mansfield (1)
Primary Teacher Coventry,1,Education / Teaching,UNKNOWN,,,,,Coventry (1)
English Supply Teacher,1,Education / Teaching,UNKNOWN,,,,,Northampton (1)
History Teacher with Government and Politics Background,1,Education / Teaching,UNKNOWN,,,,,Chelmsford (1)
Warehouse Section Manager FTC,1,Driving / Warehouse / Logistics,UNKNOWN,,,warehouse_logistics,,Sheffield (1)
Information Security Officer (ISO27001) (Mandarin Speakers),1,Security / Emergency Services,UNKNOWN,,,admin_service,,Not Specified (1)
Workshop Foreman HGV & Commercial Vehicles,1,Driving / Warehouse / Logistics,UNKNOWN,,,,,Dursley (1)
Group Tax Accountant,1,Professional Finance / Accountancy,UNKNOWN,,,,,Lisburn (1)
"Network Security Architect - FortiGate, Palo Alto, Zero Trust",1,Other / Unclassified,UNKNOWN,,,,,Not Specified (1)
Stores & Facilities Coordinator (Part Time Hours),1,Admin / Customer Service,UNKNOWN,,,admin_service,,Deeside (1)
Part Time Income Manager,1,Other / Unclassified,UNKNOWN,,,,,Beckenham (1)
Specialist Pharmacist Older Persons Medicine Band 7,1,Other / Unclassified,UNKNOWN,,,,,Portsmouth (1)
Onboarding Coordinator,1,Admin / Customer Service,UNKNOWN,,,admin_service,,Worcester (1)
Specialist Pharmacist Respiratory,1,Other / Unclassified,UNKNOWN,,,,,Portsmouth (1)
Insurance Coach,1,Other / Unclassified,UNKNOWN,,,,,Manchester (1)
Systems Accountant (Finance Transformation),1,Professional Finance / Accountancy,UNKNOWN,,,finance_accounts,,Hereford (1)
Learning & Talent Development Specialist,1,Other / Unclassified,UNKNOWN,,,hr_recruitment,,Southampton (1)
Legal PA in Tax - Top UK Law Firm!,1,Legal / Conveyancing,UNKNOWN,,,,,Not Specified (1)
Temporary Finance Administrator,1,Professional Finance / Accountancy,KNOWN,finance_accounts:HIGH_CONFIDENCE,finance_accounts,admin_service; finance_accounts,,Exeter (1)
Learning & Development Assistant,1,Other / Unclassified,UNKNOWN,,,,,Not Specified (1)
Private Client Tax Semi Senior,1,Professional Finance / Accountancy,UNKNOWN,,,,,Chichester (1)
Tax Transformation Manager/Director,1,Professional Finance / Accountancy,UNKNOWN,,,,,Not Specified (1)
"TUPE Specialist, 6 month FTC",1,Other / Unclassified,UNKNOWN,,,,,Not Specified (1)
Bendi Driver,1,Driving / Warehouse / Logistics,UNKNOWN,,,,,Banbury (1)
3.5t Service / Delivery Driver,1,Driving / Warehouse / Logistics,UNKNOWN,,,,,Burford (1)
Class 2 Driver - Leicester,1,Driving / Warehouse / Logistics,UNKNOWN,,,,,Leicester (1)
Goods Inwards and Inspection Assistant,1,Other / Unclassified,UNKNOWN,,,warehouse_logistics,,Diss (1)
Visiting Scheme Manager,1,Other / Unclassified,UNKNOWN,,,,,Epsom (1)
Air Source Heat Pump S&R Engineer,1,Engineering / Technical,UNKNOWN,,,,,Yeovil (1)
Data Centre Operations Technician,1,Engineering / Technical,UNKNOWN,,,,,Newcastle Upon Tyne (1)
Regional QHSE Supervisor Birmingham VMO2,1,Other / Unclassified,UNKNOWN,,,,,Not Specified (1)
Service Manager (Mental Health),1,Other / Unclassified,UNKNOWN,,,,,Not Specified (1)
Field Supervisor,1,Other / Unclassified,UNKNOWN,,,,,Hackney (1)
Recovery in Community Worker (male only),1,Other / Unclassified,UNKNOWN,,,,,Manchester (1)
Philanthropy Lead,1,Other / Unclassified,UNKNOWN,,,,,Cambridge (1)
Head of Philanthropy (maternity Cover),1,Other / Unclassified,UNKNOWN,,,,,Not Specified (1)
Duty Manager,1,Other / Unclassified,UNKNOWN,,,,,Amersham (1)
Global Senior Mid-Level Giving Manager,1,Other / Unclassified,UNKNOWN,,,,,Not Specified (1)
"Assistant Accountant (Part-Time, 3 Days per Week)",1,Professional Finance / Accountancy,UNKNOWN,,,,,Southampton (1)
Senior Fund Controller - Real Estate,1,Other / Unclassified,UNKNOWN,,,,,Not Specified (1)
US/UK Tax Manager - Trusts,1,Professional Finance / Accountancy,UNKNOWN,,,,,Not Specified (1)
Floating Lettings Manager,1,Construction / Trades / Property,UNKNOWN,,,,,Canterbury (1)
Tax Disputes Senior / Assistant Manager,1,Professional Finance / Accountancy,UNKNOWN,,,,,Not Specified (1)
FAMILY LAW SOLICITOR - DIVORCE & MATRIMONIAL,1,Legal / Conveyancing,UNKNOWN,,,,,Nantwich (1)
"Trust Senior - Hybrid, Central London",1,Other / Unclassified,UNKNOWN,,,,,Not Specified (1)
Trust and Estate Tax Manager or Senior Manager,1,Professional Finance / Accountancy,UNKNOWN,,,,,Not Specified (1)
Tax Manager - Music and Entertainment,1,Professional Finance / Accountancy,UNKNOWN,,,,,Wandsworth (1)
Private Client Tax Senior Associate - Trusts and Family Office,1,Professional Finance / Accountancy,UNKNOWN,,,admin_service,,Not Specified (1)
Commerical Account Executive,1,Sales / Business Development,UNKNOWN,,,,,Northampton (1)
Residential Property Solicitor - Hybrid working,1,Legal / Conveyancing,UNKNOWN,,,,,Farnham (1)
Industrial Paint Sprayer,1,Other / Unclassified,UNKNOWN,,,,,Lancaster (1)
Court of Protection Paralegal - Competitive salary - Full or Part time,1,Legal / Conveyancing,UNKNOWN,,,,,Tunbridge Wells (1)
Litigation Solicitor - varied caseload - career progression,1,Legal / Conveyancing,UNKNOWN,,,,,Eastbourne (1)
Purchase & Sales Ledger Administrator,1,Professional Finance / Accountancy,UNKNOWN,,,admin_service; finance_accounts,,Brighouse (1)
Communications Account Executive,1,Sales / Business Development,UNKNOWN,,,,,Not Specified (1)
Insurance Training Design & Delivery London &;550d OUTSIDE IR35,1,Other / Unclassified,UNKNOWN,,,,,Not Specified (1)
HR Administrator / Specialist - Insurance,1,HR / Recruitment,UNKNOWN,,,admin_service; hr_recruitment,,Ipswich (1)
Motor Fleet Account Handler,1,Other / Unclassified,UNKNOWN,,,,,Liverpool (1)
"Financial Administrator (Wealth Management) Sutton, &;32,000-&;38,000 pa",1,Admin / Customer Service,UNKNOWN,,,admin_service,,Sutton (1)
Estate Agent Floating Sales Manager / Lister,1,Construction / Trades / Property,UNKNOWN,,,,,Bexley (1)
Finance Manager - Investment Properties,1,Professional Finance / Accountancy,UNKNOWN,,,finance_accounts,,Not Specified (1)
Part Time Marketing Manager,1,Marketing / Digital / Creative,UNKNOWN,,,,,Knaresborough (1)
Insurance Account Handler - Personal Lines,1,Other / Unclassified,UNKNOWN,,,,,Swansea (1)
Manager - Corporate Finance,1,Professional Finance / Accountancy,UNKNOWN,,,finance_accounts,,Bristol (1)
Senior Claims Handler EL/PL,1,Other / Unclassified,UNKNOWN,,,,,Stoke-on-trent (1)
Operations Manager Niche and DER,1,Operations / General Management,UNKNOWN,,,,,Preston (1)
New Business Lead - Marketplaces,1,Sales / Business Development,UNKNOWN,,,,,Not Specified (1)
HR Manager / HRBP Multi-Site,1,HR / Recruitment,UNKNOWN,,,hr_recruitment,,Watford (1)
Product Development Underwriter,1,Other / Unclassified,UNKNOWN,,,,,Not Specified (1)
Learning Support Assistants (Special Educational Needs),1,Education / Teaching,UNKNOWN,,,,,Not Specified (1)
SEN Daily Supply Teacher Assistants,1,Education / Teaching,UNKNOWN,,,,,Not Specified (1)
Nursery Assistant - Part-Time,1,Other / Unclassified,UNKNOWN,,,,,St. Albans (1)
SEN Classroom Support,1,Education / Teaching,UNKNOWN,,,,,Not Specified (1)
SEN Midday Meal Supervisor,1,Education / Teaching,UNKNOWN,,,,,Not Specified (1)
SEND Learning Support Assistant,1,Education / Teaching,UNKNOWN,,,,,Not Specified (1)
Materials Handler (Nights),1,Other / Unclassified,UNKNOWN,,,,,Plymouth (1)
Oracle Developer,1,IT / Data / Software,UNKNOWN,,,,,Not Specified (1)
Air Freight Imports Coordinator,1,Admin / Customer Service,UNKNOWN,,,admin_service,,Altrincham (1)
Ocean Import Freight Forwarder,1,Other / Unclassified,UNKNOWN,,,,,Altrincham (1)
SEN HLTA / Unqualified Teacher,1,Education / Teaching,UNKNOWN,,,,,Not Specified (1)
AI Product Analyst,1,Other / Unclassified,UNKNOWN,,,,,Not Specified (1)
Export Operator,1,Other / Unclassified,UNKNOWN,,,,,Manchester (1)
Export Coordinator,1,Admin / Customer Service,UNKNOWN,,,admin_service,,Manchester Airport (1)
Transport Operations Manager,1,Operations / General Management,UNKNOWN,,,,,Manchester (1)
Stoke - BSL Ta,1,Other / Unclassified,UNKNOWN,,,,,Stoke-on-trent (1)
SEMH Teaching Assistant Jobs Sheffield Up to &;120 Per Day,1,Education / Teaching,UNKNOWN,,,,,Sheffield (1)
Post 16 SEN TA,1,Education / Teaching,UNKNOWN,,,,,Edgware (1)
SEND Home Tutor Needed In Southam,1,Education / Teaching,UNKNOWN,,,,,Southam (1)
7.5 Tonne Driver (East Sussex),1,Driving / Warehouse / Logistics,UNKNOWN,,,,,Not Specified (1)
Employability Skills Tutor,1,Education / Teaching,UNKNOWN,,,,,Not Specified (1)
Early Years Childcare Tutor,1,Education / Teaching,UNKNOWN,,,,,Not Specified (1)
Early Years Educator 1:1 SEN Support,1,Education / Teaching,UNKNOWN,,,,,Bristol (1)
Pastoral Support Worker,1,Care / Support Work,KNOWN,support_worker:REVIEW_CONTEXT_DEPENDENT,,support_worker,,Trowbridge (1)
SEND HLTA,1,Other / Unclassified,UNKNOWN,,,,,Not Specified (1)
Horticulture Lecturer,1,Education / Teaching,UNKNOWN,,,,,Sheffield (1)
Learning Support Assistant - Further Education,1,Education / Teaching,UNKNOWN,,,,,Birkenhead (1)
HGV Class1 Night Drivers,1,Driving / Warehouse / Logistics,UNKNOWN,,,,,Worcester (1)
Transport Planning Coordinator,1,Admin / Customer Service,UNKNOWN,,,admin_service,,Lincoln (1)
SEND Home Tutor Needed In Rugby,1,Education / Teaching,UNKNOWN,,,,,Rugby (1)
SEND Home Tutor Needed In Coventry,1,Education / Teaching,UNKNOWN,,,,,Coventry (1)
Head of Alternative Provision,1,Other / Unclassified,UNKNOWN,,,,,Towcester (1)
Full-time teaching assistant,1,Education / Teaching,UNKNOWN,,,,,Stroud (1)
Early Career Teacher (Primary),1,Education / Teaching,UNKNOWN,,,,,Stoke-on-trent (1)
Supply Teacher jobs via GCA Framework,1,Education / Teaching,UNKNOWN,,,,,Manchester (1)
Class 2 HGV Multi Drop Driver,1,Driving / Warehouse / Logistics,UNKNOWN,,,,,Kettering (1)
Class 2 Moffett Driver,1,Driving / Warehouse / Logistics,UNKNOWN,,,,,Not Specified (1)
Class 1 HGV Driver - Store Deliveries & Trunking,1,Driving / Warehouse / Logistics,UNKNOWN,,,,,Leeds (1)
HGV 2 Drivers Ongoing Temporary contracts,1,Driving / Warehouse / Logistics,UNKNOWN,,,,,Slough (1)
HGV Class 1 (C+E) Driver,1,Driving / Warehouse / Logistics,UNKNOWN,,,,,Not Specified (1)
School Bus Driver - Renfrew,1,Education / Teaching,UNKNOWN,,,,,Not Specified (1)
Reach Truck Drivers,1,Other / Unclassified,UNKNOWN,,,,,Alfreton (1)
HGV 1 Drivers Weekdays/ Weeknights Ongoing,1,Driving / Warehouse / Logistics,UNKNOWN,,,,,Stanford-le-hope (1)
HGV Class 1 Driver (Days),1,Driving / Warehouse / Logistics,UNKNOWN,,,,,West Bromwich (1)
Forklift Driver PM,1,Driving / Warehouse / Logistics,UNKNOWN,,,warehouse_logistics,,Dunstable (1)
Class 2 Driver - 4 days work,1,Driving / Warehouse / Logistics,UNKNOWN,,,,,Northampton (1)
CE Driver Nights Open Day,1,Driving / Warehouse / Logistics,UNKNOWN,,,,,Leicester (1)
Class 2 ADR Tanker Driver - Southampton,1,Driving / Warehouse / Logistics,UNKNOWN,,,,,Southampton (1)
Class 2 ADR Tanker Driver - Nights - Southampton,1,Driving / Warehouse / Logistics,UNKNOWN,,,,,Southampton (1)
HGV Drivers 2 (PM),1,Driving / Warehouse / Logistics,UNKNOWN,,,,,Brighton (1)
HGV Refuse Drivers,1,Driving / Warehouse / Logistics,UNKNOWN,,,,,Brighton (1)
HGV Class 2 Driver (ASAP Start),1,Driving / Warehouse / Logistics,UNKNOWN,,,,,Aylesbury (1)
HGV Class 1 Driver - Dunstable,1,Driving / Warehouse / Logistics,UNKNOWN,,,,,Dunstable (1)
Cat C&E Driver Nights,1,Driving / Warehouse / Logistics,UNKNOWN,,,,,Bury St. Edmunds (1)
Fleet Control Senior,1,Other / Unclassified,UNKNOWN,,,,,Gloucester (1)
CNC Manufacturing NPI Manager,1,Engineering / Technical,UNKNOWN,,,,,Basildon (1)
Girls PE Teacher,1,Education / Teaching,UNKNOWN,,,,,Crewe (1)
Registered Manager EBD & LD,1,Other / Unclassified,UNKNOWN,,,,,Crewe (1)
Trustee & Chair of the Development Board,1,Other / Unclassified,UNKNOWN,,,,,Dagenham (1)
Outbound Telesales Advisor,1,Sales / Business Development,UNKNOWN,,,,,Skelmersdale (1)
Higher Level Teaching Assistant (HLTA),1,Education / Teaching,UNKNOWN,,,,,Rochester (1)
Commercial Account Executive - Insurance,1,Sales / Business Development,UNKNOWN,,,,,Not Specified (1)
School Nurse - Maternity Cover,1,Education / Teaching,UNKNOWN,,,,,Windsor (1)
Cost Controller,1,Other / Unclassified,UNKNOWN,,,,,Ipswich (1)
Secondary English Teacher,1,Education / Teaching,UNKNOWN,,,,,Chester (1)
Broker,1,Other / Unclassified,UNKNOWN,,,,,Southend-on-sea (1)
Customer/Technical Support - Electrical & Electronic Systems,1,IT / Data / Software,UNKNOWN,,,,,Beverley (1)
Audit Semi Senior,1,Professional Finance / Accountancy,UNKNOWN,,,,,Stockton-on-tees (1)
"Senior Vice President, DevOps Production Services",1,IT / Data / Software,UNKNOWN,,,,,Not Specified (1)
Strategic Finance Business Partner,1,Professional Finance / Accountancy,UNKNOWN,,,finance_accounts,,Poole (1)
"Reliability Maintenance Engineering Planner, Reliability Maintenance Engineering",1,Engineering / Technical,UNKNOWN,,,,,Bristol (1)
Interim Payroll Specialist,1,Professional Finance / Accountancy,UNKNOWN,,,finance_accounts,,Not Specified (1)
HR Operations Manager,1,HR / Recruitment,UNKNOWN,,,hr_recruitment,,Not Specified (1)
Children Law Solicitor,1,Legal / Conveyancing,UNKNOWN,,,,,Boston (1)
Event Team Leader,1,Other / Unclassified,UNKNOWN,,,,,Borehamwood (1)
Internal Recruitment Specialist,1,HR / Recruitment,UNKNOWN,,,hr_recruitment,,Guildford (1)
HR Specialist,1,HR / Recruitment,UNKNOWN,,,hr_recruitment,,Wokingham (1)
Legal Practice Manager,1,Legal / Conveyancing,UNKNOWN,,,,,Not Specified (1)
Interim Senior HR Advisor (6 months),1,HR / Recruitment,UNKNOWN,,,hr_recruitment,,Slough (1)
Locum Commercial Property Solicitor,1,Legal / Conveyancing,UNKNOWN,,,,,Not Specified (1)
Bids and Pursuits Manager,1,Other / Unclassified,UNKNOWN,,,,,Not Specified (1)
Legal PA to Head of Private Equity + Tax Partner - US Law Firm,1,Legal / Conveyancing,UNKNOWN,,,,,Not Specified (1)
Dispute Resolution Solicitor - In-house,1,Legal / Conveyancing,UNKNOWN,,,,,Not Specified (1)
Senior Events Executive - 12 month FTC,1,Other / Unclassified,UNKNOWN,,,,,Not Specified (1)
Senior Vehicle Technician,1,Engineering / Technical,UNKNOWN,,,,,Maidstone (1)
Exhibitor/Sponsorship Sales Manager,1,Sales / Business Development,UNKNOWN,,,,,Not Specified (1)
Mobile SMART Repairer,1,Other / Unclassified,UNKNOWN,,,,,Glasgow (1)
Polish/Danish Speaking Accounts Payable,1,Professional Finance / Accountancy,UNKNOWN,,,finance_accounts,,Heywood (1)
"BD Advisor, Energy & Infrastructure",1,IT / Data / Software,UNKNOWN,,,,,Not Specified (1)
Sales Ledger Team Leader,1,Professional Finance / Accountancy,UNKNOWN,,,finance_accounts,,Bristol (1)
Insight Operations Manager FTC,1,Operations / General Management,UNKNOWN,,,,,Not Specified (1)
"Digital Marketing Executive, Meta Ads, Google Ads, Oxford, COR7681",1,Marketing / Digital / Creative,UNKNOWN,,,,,Oxford (1)
Interim Democratic Services Manager / LGR Specialist,1,Other / Unclassified,UNKNOWN,,,,,Not Specified (1)
Strategic Finance Senior Manager,1,Professional Finance / Accountancy,UNKNOWN,,,finance_accounts,,Leeds (1)
Senior Business Analyst - TOM/Design/Digital - Asset Management,1,IT / Data / Software,UNKNOWN,,,,,Not Specified (1)
Part Time Bookkeeper/Administration,1,Admin / Customer Service,UNKNOWN,,,admin_service; finance_accounts,,Gloucester (1)
"Corporate Legal PA Up to &;45,000 3:2 Hybrid",1,Legal / Conveyancing,UNKNOWN,,,,,Not Specified (1)
Band 7 CBT Therapist - ASCEND Mental Health Sexual Assault Team,1,Healthcare / Clinical,UNKNOWN,,,,,Stoke-on-trent (1)
Senior Property Accountant,1,Professional Finance / Accountancy,UNKNOWN,,,,,Not Specified (1)
Head of Governance,1,Other / Unclassified,UNKNOWN,,,,,Burnley (1)
Network Engineer,1,IT / Data / Software,UNKNOWN,,,,,Stevenage (1)
Head of UK Compliance,1,Other / Unclassified,UNKNOWN,,,,,Not Specified (1)
Tax Client Manager - Trusts & Estates,1,Professional Finance / Accountancy,UNKNOWN,,,,,Shrewsbury (1)
Marketing & Social Media Coordinator,1,Marketing / Digital / Creative,UNKNOWN,,,admin_service,,Wandsworth (1)
Corporate Tax Solicitor,1,Legal / Conveyancing,UNKNOWN,,,,,Guildford (1)
Corporate Account Manager,1,Sales / Business Development,UNKNOWN,,,,,Not Specified (1)
Senior Marine Operations Technician,1,Engineering / Technical,UNKNOWN,,,,,Not Specified (1)
"Legal Secretary for US Giant - Asset Management - Up to &;50,000",1,Legal / Conveyancing,UNKNOWN,,,admin_service,,Not Specified (1)
Temporary Finance Assistant,1,Professional Finance / Accountancy,UNKNOWN,,,finance_accounts,,Not Specified (1)
Senior Events Executive,1,Other / Unclassified,UNKNOWN,,,,,Not Specified (1)
Publisher Services Executive,1,Other / Unclassified,UNKNOWN,,,,,Not Specified (1)
Interim Housing Solicitor - &;400-&;450 Day Rate (Umbrella),1,Legal / Conveyancing,UNKNOWN,,,,,High Wycombe (1)
Income & Admin Officer,1,Admin / Customer Service,UNKNOWN,,,admin_service,,Not Specified (1)
Senior Bookkeeper - Practice,1,Other / Unclassified,UNKNOWN,,,finance_accounts,,Not Specified (1)
Continuity of Care Coordinator,1,Care / Support Work,UNKNOWN,,,admin_service,,Not Specified (1)
Marketing & Business Development Manager,1,Sales / Business Development,UNKNOWN,,,,,Not Specified (1)
Senior Financial Statement Analyst,1,Other / Unclassified,UNKNOWN,,,,,Not Specified (1)
Senior Insight Executive,1,Other / Unclassified,UNKNOWN,,,,,Bradford (1)
Finance Analyst - Regulatory Reporting,1,Professional Finance / Accountancy,UNKNOWN,,,finance_accounts,,Not Specified (1)
Immediate Start Temporary Credit Controller,1,Other / Unclassified,UNKNOWN,,,finance_accounts,,Leatherhead (1)
Payroller - Six Months' Assignment,1,Other / Unclassified,UNKNOWN,,,finance_accounts,,Rochdale (1)
Lettings Negotiator / Senior Negotiator,1,Construction / Trades / Property,UNKNOWN,,,,,Worthing (1)
Residential Property/Shared Ownership Solicitor (Locum),1,Legal / Conveyancing,UNKNOWN,,,,,Bristol (1)
Audit and Accounts Senior/ Accounts Senior,1,Professional Finance / Accountancy,UNKNOWN,,,finance_accounts,,Brierley Hill (1)
Trainee Solicitor/Paralegal,1,Legal / Conveyancing,UNKNOWN,,,,,Crowborough (1)
Accounts Senior / Assistant Manager,1,Professional Finance / Accountancy,UNKNOWN,,,finance_accounts,,Leatherhead (1)
Senior Legal Counsel - FTC,1,Legal / Conveyancing,UNKNOWN,,,,,Not Specified (1)
Land Rover Vehicle Technician,1,Engineering / Technical,UNKNOWN,,,,,Knutsford (1)
Client Bookkeeper & Payroll Administrator,1,Professional Finance / Accountancy,UNKNOWN,,,admin_service; finance_accounts,,Marlborough (1)
Company Secretary (Interim),1,Admin / Customer Service,UNKNOWN,,,admin_service,,Manchester (1)
"Governance, Risk & Compliance Manager",1,Other / Unclassified,UNKNOWN,,,,,Hessle (1)
Locum Residential Property Solicitor / Fee Earner / Licensed Conveyancer,1,Legal / Conveyancing,UNKNOWN,,,,,Not Specified (1)
Senior Care Team Leader (DAYS),1,Other / Unclassified,UNKNOWN,,,,,Gloucester (1)
Customer Team Member - Home Delivery Driver,1,Driving / Warehouse / Logistics,UNKNOWN,,,,,Kirkwall (1)
Resourcing Coordinator (Maternity Cover),1,HR / Recruitment,UNKNOWN,,,admin_service,,Not Specified (1)
Senior Recovery Support Worker,1,Care / Support Work,UNKNOWN,,,support_worker,,Not Specified (1)
Senior Community & Events Fundraising Officer,1,Other / Unclassified,UNKNOWN,,,admin_service,,Chichester (1)
Intensive Housing Management Officer,1,Other / Unclassified,UNKNOWN,,,admin_service,,Romford (1)
Philanthropy and Partnerships Manager (Maternity cover),1,Other / Unclassified,UNKNOWN,,,,,Not Specified (1)
Guild Care Trustee,1,Other / Unclassified,UNKNOWN,,,,,Worthing (1)
Deputy Manager (FTC),1,Other / Unclassified,UNKNOWN,,,,,Taunton (1)
Rockinghorse Trustee,1,Other / Unclassified,UNKNOWN,,,,,Brighton (1)
Individual Giving and Legacies Manager,1,Other / Unclassified,UNKNOWN,,,,,Horley (1)
Homeless Support Worker,1,Care / Support Work,KNOWN,admin_service:HARD_PASS; support_worker:HARD_PASS,,support_worker,,Southampton (1)
Lead Energy Adviser,1,Other / Unclassified,UNKNOWN,,,,,Croydon (1)
Volunteer Coordinator (Independent Visitors),1,Admin / Customer Service,UNKNOWN,,,admin_service,,Not Specified (1)
Admin and Grants Officer,1,Admin / Customer Service,UNKNOWN,,,admin_service,,Winchester (1)
Lecturer Electrical Installation,1,Education / Teaching,UNKNOWN,,,,,Salisbury (1)
Commercial Marketing and Brand Partnership Manager,1,Marketing / Digital / Creative,UNKNOWN,,,,,Salisbury (1)
Senior Client Portfolio Manager - Practice,1,Other / Unclassified,UNKNOWN,,,,,Bristol (1)
Head of Finance and Risk,1,Professional Finance / Accountancy,UNKNOWN,,,finance_accounts,,Not Specified (1)
Regional Enterprise Manager - Insurance,1,Other / Unclassified,UNKNOWN,,,,,Bury St. Edmunds (1)
Finance & Compliance Manager - Legal Practice (onsite),1,Legal / Conveyancing,UNKNOWN,,,finance_accounts,,Windsor (1)
Criminal Advocate / Duty Solicitor,1,Legal / Conveyancing,UNKNOWN,,,,,Liverpool (1)
Head of Tax PE-Backed Healthcare Business,1,Healthcare / Clinical,UNKNOWN,,,,,Not Specified (1)
Group Financial Controller PEB International Life Sciences,1,Professional Finance / Accountancy,UNKNOWN,,,,,Not Specified (1)
COMMERCIAL INSURANCE ACCOUNT DIRECTOR,1,Other / Unclassified,UNKNOWN,,,,,Maidstone (1)
Payroll Governance Business Analyst Central,1,Professional Finance / Accountancy,UNKNOWN,,,finance_accounts,,Northampton (1)
Solicitor - Disease Team,1,Legal / Conveyancing,UNKNOWN,,,,,City (1)
EL/PL Liability Claims Handler,1,Other / Unclassified,UNKNOWN,,,,,Stoke-on-trent (1)
Solicitor Advocate / Barrister (Band 3),1,Legal / Conveyancing,UNKNOWN,,,,,Liverpool (1)
Legal Counsel - Trade & Sales 8PQE+,1,Legal / Conveyancing,UNKNOWN,,,,,Not Specified (1)
Demand Generation Manager,1,Other / Unclassified,UNKNOWN,,,,,Not Specified (1)
Communications & PR Associate,1,Marketing / Digital / Creative,UNKNOWN,,,,,Not Specified (1)
Part Time Financial Controller,1,Professional Finance / Accountancy,UNKNOWN,,,,,Not Specified (1)
Financial Lines Underwriter,1,Other / Unclassified,UNKNOWN,,,,,Not Specified (1)
ISQM1 Global Quality Manager - FTC,1,Other / Unclassified,UNKNOWN,,,,,Not Specified (1)
Property Underwriter,1,Other / Unclassified,UNKNOWN,,,,,Croydon (1)
Head of Commerical Analytics,1,Other / Unclassified,UNKNOWN,,,,,Not Specified (1)
PDI Technician,1,Engineering / Technical,UNKNOWN,,,,,Stratford-upon-avon (1)
Locum Property Lawyer,1,Legal / Conveyancing,UNKNOWN,,,,,Not Specified (1)
Accounts Junior - Practice,1,Professional Finance / Accountancy,UNKNOWN,,,finance_accounts,,Enfield (1)
Wealth Writer,1,Other / Unclassified,UNKNOWN,,,,,Not Specified (1)
Commercial FP&A Analyst,1,Other / Unclassified,UNKNOWN,,,,,Oldham (1)
Legal Secretary/Paralegal - Private Client,1,Legal / Conveyancing,UNKNOWN,,,admin_service,,York (1)
Paraplanner - Trainee Financial Advisor,1,Financial Advice / Mortgages,UNKNOWN,,,,,Lewes (1)
Accounts and Tax Business Services Director,1,Professional Finance / Accountancy,UNKNOWN,,,finance_accounts,,Exeter (1)
Insolvency Administrator,1,Admin / Customer Service,KNOWN,customer_service_contact_centre:REVIEW_CONTEXT_DEPENDENT; hr_recruitment:REVIEW_CONTEXT_DEPENDENT,,admin_service,,Not Specified (1)
Organisational Development,1,Other / Unclassified,UNKNOWN,,,,,Wallingford (1)
Management Accountant (Maternity Cover),1,Professional Finance / Accountancy,UNKNOWN,,,,,Not Specified (1)
Regulatory Change Analyst,1,Other / Unclassified,UNKNOWN,,,,,Not Specified (1)
Events & Marketing Campaign Manager,1,Marketing / Digital / Creative,UNKNOWN,,,,,Cheltenham (1)
Driver Trainer Class 1 Driver,1,Driving / Warehouse / Logistics,UNKNOWN,,,,,Leominster (1)
In-House Solicitor - Head of Legal Land Team - Exeter,1,Legal / Conveyancing,UNKNOWN,,,,,Exeter (1)
Accounts Payable Manager,1,Professional Finance / Accountancy,UNKNOWN,,,finance_accounts,,Warrington (1)
Software Engineer III - AI/ML Platform Reliability,1,IT / Data / Software,UNKNOWN,,,,,Bournemouth (1)
Team Manager - Children Disabilities Team,1,Other / Unclassified,UNKNOWN,,,,,Dudley (1)
Family Time Supervisor,1,Other / Unclassified,UNKNOWN,,,,,Gosport (1)
Consultant Psychiatrist - Hospital,1,Other / Unclassified,UNKNOWN,,,,,Mansfield (1)
Gardener - Care Home,1,Other / Unclassified,UNKNOWN,,,,,Knaresborough (1)
Employment Advisor/Paralegal,1,Legal / Conveyancing,UNKNOWN,,,,,Liverpool (1)
Finance Assistant (Part-Time),1,Professional Finance / Accountancy,UNKNOWN,,,finance_accounts,,Uttoxeter (1)
Tax Accountant/Analyst,1,Professional Finance / Accountancy,UNKNOWN,,,,,Wokingham (1)
Immunisation Nurse,1,Healthcare / Clinical,UNKNOWN,,,,,Huddersfield (1)
Engagement and Development Worker,1,Other / Unclassified,UNKNOWN,,,,,Wirral (1)
Activities and Dementia Coordinator,1,Admin / Customer Service,UNKNOWN,,,admin_service,,Not Specified (1)
Sexual Offence Examiner/Forensic Physician/Doctor-West Mids -PT,1,Healthcare / Clinical,UNKNOWN,,,,,Wednesbury (1)
Tax Investigations Senior Manager,1,Professional Finance / Accountancy,UNKNOWN,,,,,Manchester (1)
Dental Nurse,1,Healthcare / Clinical,KNOWN,admin_service:HARD_PASS,,,,Not Specified (1)
Principal Engineer,1,Engineering / Technical,UNKNOWN,,,,,Not Specified (1)
2-4PQE Disputes Solicitor (Digital Legal Delivery) 12 month FTC,1,Legal / Conveyancing,UNKNOWN,,,,,Not Specified (1)
HGV Class 1 Driver Retail Store Distribution,1,Driving / Warehouse / Logistics,UNKNOWN,,,,,Bristol (1)
FLT- Reach Driver Continental,1,Driving / Warehouse / Logistics,UNKNOWN,,,,,Corby (1)
Senior/ Principal Architect,1,Other / Unclassified,UNKNOWN,,,,,Not Specified (1)
Farm Trader,1,Other / Unclassified,UNKNOWN,,,,,Thatcham (1)
Quality Assurance Team Leader,1,Other / Unclassified,UNKNOWN,,,,,Cambridge (1)
"Markets Activation Manager - Consulting, Risk and Outsourcing",1,Other / Unclassified,UNKNOWN,,,,,Not Specified (1)
Class 2 Portbury,1,Other / Unclassified,UNKNOWN,,,,,Bristol (1)
HGV Class 1 Days,1,Driving / Warehouse / Logistics,UNKNOWN,,,,,Bedford (1)
Reach and Counterbalance Forklift Driver,1,Driving / Warehouse / Logistics,UNKNOWN,,,warehouse_logistics,,Stevenage (1)
HGV 1 Night Driver,1,Driving / Warehouse / Logistics,UNKNOWN,,,,,Bedford (1)
HGV Class 2 Jetvac Operator,1,Driving / Warehouse / Logistics,UNKNOWN,,,,,Cardiff (1)
Class 1 Driver - New Passes Welcome,1,Driving / Warehouse / Logistics,UNKNOWN,,,,,Tewkesbury (1)
HGV Class 1 Day Driv Job title er,1,Driving / Warehouse / Logistics,UNKNOWN,,,,,Not Specified (1)
C+E Day Driver,1,Driving / Warehouse / Logistics,UNKNOWN,,,,,Grays (1)
FLT Counterbalance,1,Driving / Warehouse / Logistics,UNKNOWN,,,,,Kettering (1)
HGV Driver - New Pass Welcome!,1,Driving / Warehouse / Logistics,UNKNOWN,,,,,Bury St. Edmunds (1)
6/7 Class 2 Refuse Driver,1,Driving / Warehouse / Logistics,UNKNOWN,,,,,Bristol (1)
Transport Planning Manager,1,Other / Unclassified,UNKNOWN,,,,,Ballymena (1)
"Board Member - Asset Management, Building Safety and Landlord Complian",1,Other / Unclassified,UNKNOWN,,,,,Maidstone (1)
Industry Placement Officer,1,Other / Unclassified,UNKNOWN,,,admin_service,,Brockenhurst (1)
International Regional Manager,1,Operations / General Management,UNKNOWN,,,,,Edinburgh (1)
Volkswagen Vehicle Technician (Monday to Friday),1,Engineering / Technical,UNKNOWN,,,,,Stratford-upon-avon (1)
Skoda Vehicle Technician (Monday to Friday),1,Engineering / Technical,UNKNOWN,,,,,Stratford-upon-avon (1)
Graduate Academic Mentor,1,Education / Teaching,UNKNOWN,,,,,Watford (1)
Programme Officer,1,Other / Unclassified,UNKNOWN,,,admin_service,,Brighton (1)
Activity Centre Assistant,1,Other / Unclassified,UNKNOWN,,,,,Alston (1)
Psychology Graduate Teaching Assistant - Wokingham,1,Education / Teaching,UNKNOWN,,,,,Wokingham (1)
Senior Palliative Care Nurse,1,Healthcare / Clinical,UNKNOWN,,,,,Wallingford (1)
Senior Principal Gifts Manager,1,Other / Unclassified,UNKNOWN,,,,,Not Specified (1)
Head of Finance AI Transformation Logistics Tech Scale-up,1,Professional Finance / Accountancy,UNKNOWN,,,finance_accounts; warehouse_logistics,,Not Specified (1)
Culture & Engagement Partner,1,Other / Unclassified,UNKNOWN,,,,,Manchester (1)
Aircraft Fitter,1,Engineering / Technical,UNKNOWN,,,,,Not Specified (1)
Property Management Assistant,1,Other / Unclassified,UNKNOWN,,,,,Sutton (1)
Technical Operations Specialist,1,Other / Unclassified,UNKNOWN,,,,,Not Specified (1)
Content Executive,1,Marketing / Digital / Creative,UNKNOWN,,,,,Norwich (1)
Property Account handler,1,Other / Unclassified,UNKNOWN,,,,,Not Specified (1)
Specialist Payroll Officer,1,Professional Finance / Accountancy,UNKNOWN,,,admin_service; finance_accounts,,Not Specified (1)
Billing & Collection Officer,1,Other / Unclassified,UNKNOWN,,,admin_service; finance_accounts,,Not Specified (1)
Commercial Assistant,1,Other / Unclassified,UNKNOWN,,,,,Not Specified (1)
Part Time Purchase Ledger Clerk,1,Professional Finance / Accountancy,UNKNOWN,,,finance_accounts,,Peterborough (1)
Financial Planning & Reporting Analyst,1,Other / Unclassified,UNKNOWN,,,,,Not Specified (1)
Class 1 Driver Newly Qualified Drivers Welcome,1,Driving / Warehouse / Logistics,UNKNOWN,,,,,Warrington (1)
HGV Class 1 Shunter Nights,1,Driving / Warehouse / Logistics,UNKNOWN,,,,,Chesterfield (1)
Solid Fuel Delivery Driver,1,Driving / Warehouse / Logistics,UNKNOWN,,,,,Duns (1)
Cat C&E Driver Twilights,1,Driving / Warehouse / Logistics,UNKNOWN,,,,,Bury St. Edmunds (1)
Driver HGV 18T plus,1,Driving / Warehouse / Logistics,UNKNOWN,,,,,Wishaw (1)
Field Sales Advisor,1,Sales / Business Development,UNKNOWN,,,,,Dundee (1)
Registered Manager - Supported Accomodation,1,Other / Unclassified,UNKNOWN,,,,,Plymouth (1)
Support Group Assistant,1,Other / Unclassified,UNKNOWN,,,,,Sherborne (1)
Systemic Family Therapist,1,Healthcare / Clinical,UNKNOWN,,,,,Hove (1)
Senior Tax Professional,1,Professional Finance / Accountancy,UNKNOWN,,,,,Ely (1)
Electrical Reliability & Asset Management,1,Engineering / Technical,UNKNOWN,,,,,Sittingbourne (1)
Lead Programmer - Unreal,1,IT / Data / Software,UNKNOWN,,,,,Portsmouth (1)
Radar Sector Chief Systems Engineer,1,IT / Data / Software,UNKNOWN,,,,,Edinburgh (1)
Performance and Coaching Manager,1,Other / Unclassified,UNKNOWN,,,,,Worcester (1)
"Independent Financial Adviser &;65,000 + Bonus, Kent & Sussex Remote / Hybrid",1,Financial Advice / Mortgages,UNKNOWN,,,,,Not Specified (1)
Management Accountant - Camberley + Hybrid / Home Based,1,Professional Finance / Accountancy,UNKNOWN,,,,,Camberley (1)
Audi Used Car Area Manager,1,Operations / General Management,UNKNOWN,,,,,Not Specified (1)
Audit Director - High Wycombe,1,Professional Finance / Accountancy,UNKNOWN,,,,,High Wycombe (1)
Tax Senior Manager / Director Designate,1,Professional Finance / Accountancy,UNKNOWN,,,,,Exeter (1)
Communications and Marketing Manager,1,Marketing / Digital / Creative,UNKNOWN,,,,,High Wycombe (1)
Group Financial Manager,1,Other / Unclassified,UNKNOWN,,,,,Not Specified (1)
Funds Paralegal,1,Legal / Conveyancing,UNKNOWN,,,,,Not Specified (1)
Product Coordinator,1,Admin / Customer Service,UNKNOWN,,,admin_service,,Dunstable (1)
AVP - Internal Audit,1,Other / Unclassified,UNKNOWN,,,,,Not Specified (1)
People Systems and Data Analyst,1,IT / Data / Software,UNKNOWN,,,,,Bedford (1)
Finance Data Migration Assistant,1,Professional Finance / Accountancy,UNKNOWN,,,finance_accounts,,City Of Westminster (1)
Finance Business Partner / FP&A Analyst,1,Professional Finance / Accountancy,UNKNOWN,,,finance_accounts,,Warrington (1)
PR & Communications Executive,1,Marketing / Digital / Creative,UNKNOWN,,,,,Edinburgh (1)
Accountant - Accountancy Practice,1,Professional Finance / Accountancy,UNKNOWN,,,,,Camberley (1)
Accounts Assistant - Accountancy Practice,1,Professional Finance / Accountancy,UNKNOWN,,,finance_accounts,,Camberley (1)
Corporate Tax Director - High Wycombe,1,Professional Finance / Accountancy,UNKNOWN,,,,,High Wycombe (1)
Director,1,Other / Unclassified,UNKNOWN,,,,,Not Specified (1)
Governance & Supplier Risk Analyst,1,Other / Unclassified,UNKNOWN,,,,,Not Specified (1)
Payroll implementation manager,1,Professional Finance / Accountancy,UNKNOWN,,,finance_accounts,,Manchester (1)
Senior Estates Officer,1,Other / Unclassified,UNKNOWN,,,admin_service,,Stevenage (1)
Head of Payroll - Remote Opportunity,1,Professional Finance / Accountancy,UNKNOWN,,,finance_accounts,,Warrington (1)
Principal Advisory Lawyer,1,Legal / Conveyancing,UNKNOWN,,,,,Not Specified (1)
Credit Controller - 6 month contract,1,Other / Unclassified,UNKNOWN,,,finance_accounts,,Poole (1)
Senior Hardware Engineer - Product Redesign & High Speed Digital (x86),1,Engineering / Technical,UNKNOWN,,,,,Colchester (1)
HR Advisor - Compliance Lead,1,HR / Recruitment,UNKNOWN,,,hr_recruitment,,Lichfield (1)
Financial Crime Compliance Risk Assessment Manager,1,Other / Unclassified,UNKNOWN,,,,,Not Specified (1)
Senior Accountant needed ASAP,1,Professional Finance / Accountancy,UNKNOWN,,,,,Bicester (1)
Automotive Technical Support BEDFORD,1,IT / Data / Software,UNKNOWN,,,,,Bedford (1)
IFA Administrator (Exclusive to Taylor James),1,Financial Advice / Mortgages,KNOWN,finance_accounts:OUT_OF_SCOPE; customer_service_contact_centre:REVIEW_CONTEXT_DEPENDENT; hr_recruitment:REVIEW_CONTEXT_DEPENDENT,,admin_service,,Manchester (1)
Human Resources manager - Fintech - Contract,1,HR / Recruitment,UNKNOWN,,,hr_recruitment,,Not Specified (1)
Data Scientist - BAU Analytics,1,IT / Data / Software,UNKNOWN,,,,,Not Specified (1)
Accounts and Tax Semi-Senior,1,Professional Finance / Accountancy,UNKNOWN,,,finance_accounts,,Haslemere (1)
Bookkeeper / Payroll & Accounts Assistant,1,Professional Finance / Accountancy,UNKNOWN,,,finance_accounts,,Marlborough (1)
Data Analyst - Customer Success,1,IT / Data / Software,UNKNOWN,,,,,Not Specified (1)
Employability Advisor,1,Other / Unclassified,UNKNOWN,,,,,Manchester (1)
Bilingual HR Manager (EMEA & Africa),1,HR / Recruitment,UNKNOWN,,,hr_recruitment,,Not Specified (1)
Investment Executive / Assistant Investment Executive,1,Other / Unclassified,UNKNOWN,,,,,Cardiff (1)
Accounts Payable Specialist - French or German Speaking,1,Professional Finance / Accountancy,UNKNOWN,,,finance_accounts,,Wandsworth (1)
Panel Technician,1,Engineering / Technical,UNKNOWN,,,,,Not Specified (1)
Billing Clerk,1,Other / Unclassified,UNKNOWN,,,finance_accounts,,Sale (1)
Senior Pensions Administrator -,1,Admin / Customer Service,UNKNOWN,,,admin_service,,Portsmouth (1)
Customer Success Management Associate (German Speaking),1,Other / Unclassified,UNKNOWN,,,,,Not Specified (1)
Trusts and Tax Accounts Administrator,1,Professional Finance / Accountancy,UNKNOWN,,,admin_service; finance_accounts,,York (1)
Lead CRO Developer,1,IT / Data / Software,UNKNOWN,,,,,Leeds (1)
Forward Deployed Engineer - Manager (Palantir),1,Engineering / Technical,UNKNOWN,,,,,Not Specified (1)
After School Club Assistant,1,Education / Teaching,UNKNOWN,,,,,Upminster (1)
Admissions Manager,1,Other / Unclassified,UNKNOWN,,,,,Coventry (1)
Fine Arts Driver & Installation Technician,1,Engineering / Technical,UNKNOWN,,,,,Sunbury-on-thames (1)
Accountant - General Ledger,1,Professional Finance / Accountancy,UNKNOWN,,,finance_accounts,,Craigavon (1)
Early Years Quality Manager,1,Other / Unclassified,UNKNOWN,,,,,Berkhamsted (1)
Estimator Industrial & Commercial Roofing,1,Construction / Trades / Property,UNKNOWN,,,,,Preston (1)
Construction Projects Coordinator - Sales (Manufacturing),1,Construction / Trades / Property,UNKNOWN,,,admin_service,,Maesteg (1)
Security Vetting Analyst,1,Other / Unclassified,UNKNOWN,,,,,Inverness (1)
Professional Services Manager,1,Other / Unclassified,UNKNOWN,,,,,Leicester (1)
HIAB Driver - Class 2 HGV,1,Driving / Warehouse / Logistics,UNKNOWN,,,,,Haverhill (1)
Senior Services Manager,1,Other / Unclassified,UNKNOWN,,,,,Aldershot (1)
Level 3 qualified Personal Trainer - Tunbridge Wells,1,Other / Unclassified,UNKNOWN,,,,,Tunbridge Wells (1)
Housing & Neighbourhood Manager,1,Other / Unclassified,UNKNOWN,,,,,Rushden (1)
Poppy Appeal Manager,1,Other / Unclassified,UNKNOWN,,,,,Not Specified (1)
Suicide Bereavement Specialist Manager,1,Other / Unclassified,UNKNOWN,,,,,Exmouth (1)
Legacy and In-Memory Manager,1,Other / Unclassified,UNKNOWN,,,,,Colchester (1)
Part-Time Driver,1,Driving / Warehouse / Logistics,UNKNOWN,,,,,Not Specified (1)
"Finance, HR & Office Manager",1,Professional Finance / Accountancy,UNKNOWN,,,admin_service; finance_accounts; hr_recruitment,,Bristol (1)
Registered Manager (Support & Care Coordinator),1,Care / Support Work,UNKNOWN,,,admin_service,,Ipswich (1)
Trusts & Foundations Manager,1,Other / Unclassified,UNKNOWN,,,,,Merton (1)
Office Coordinator - Estate Agency,1,Admin / Customer Service,UNKNOWN,,,admin_service,,Not Specified (1)
Management Accountant (hybrid),1,Professional Finance / Accountancy,UNKNOWN,,,,,Doncaster (1)
Governance & Assurance Manager,1,Other / Unclassified,UNKNOWN,,,,,Bristol (1)
Senior Financial Administrator,1,Admin / Customer Service,UNKNOWN,,,admin_service,,Not Specified (1)
Housing Litigation Team Leader,1,Legal / Conveyancing,UNKNOWN,,,,,Liverpool (1)
Sales Manager - Innovative Property Solution,1,Sales / Business Development,UNKNOWN,,,,,Not Specified (1)
International Financial Controller,1,Professional Finance / Accountancy,UNKNOWN,,,,,Not Specified (1)
Warehouse Manager (Live Events),1,Driving / Warehouse / Logistics,UNKNOWN,,,warehouse_logistics,,Not Specified (1)
Solicitor/Lawyer (COLP duties),1,Legal / Conveyancing,UNKNOWN,,,,,Not Specified (1)
Practice Manager / Operations & Compliance Manager (COLP & COFA),1,Other / Unclassified,UNKNOWN,,,,,Not Specified (1)
Early Careers and Apprenticeship Specialist,1,Other / Unclassified,UNKNOWN,,,,,Accrington (1)
Legal Accounts Manager / Finance Manager (COFA),1,Legal / Conveyancing,UNKNOWN,,,finance_accounts,,Not Specified (1)
Senior Commercial Account Handler,1,Other / Unclassified,UNKNOWN,,,,,Bradford (1)
Restructuring Director,1,Other / Unclassified,UNKNOWN,,,,,Not Specified (1)
Accounts and Payroll Assistant,1,Professional Finance / Accountancy,UNKNOWN,,,finance_accounts,,Altrincham (1)
Tax Associate Top Tier Law Firm Central London,1,Professional Finance / Accountancy,UNKNOWN,,,,,Not Specified (1)
Tax Adviser,1,Professional Finance / Accountancy,UNKNOWN,,,,,Leeds (1)
Technical Administrator,1,Admin / Customer Service,KNOWN,admin_service:HIGH_CONFIDENCE; customer_service_contact_centre:REVIEW_CONTEXT_DEPENDENT; hr_recruitment:REVIEW_CONTEXT_DEPENDENT,admin_service,admin_service,,Hailsham (1)
Accounts Payable Supervisor,1,Professional Finance / Accountancy,UNKNOWN,,,finance_accounts,,Northampton (1)
Hardware Engineer,1,Engineering / Technical,UNKNOWN,,,,,Colchester (1)
European Tax Manager,1,Professional Finance / Accountancy,UNKNOWN,,,,,Chester (1)
Mangagement Accountant,1,Professional Finance / Accountancy,UNKNOWN,,,,,Wakefield (1)
Regional GL Accountant,1,Professional Finance / Accountancy,UNKNOWN,,,,,Banbury (1)
Senior Finance Business Partner x2,1,Professional Finance / Accountancy,UNKNOWN,,,finance_accounts,,Not Specified (1)
Senior DA Credit Controller,1,Other / Unclassified,UNKNOWN,,,finance_accounts,,Not Specified (1)
Corporate Finance Manager (Technical Accounts),1,Professional Finance / Accountancy,UNKNOWN,,,finance_accounts,,Not Specified (1)
Part-time Financial Controller,1,Professional Finance / Accountancy,UNKNOWN,,,,,Andover (1)
Best Start Inclusion Practitioner,1,Other / Unclassified,UNKNOWN,,,,,Alton (1)
Team Manager - Independent Fostering Agency,1,Other / Unclassified,UNKNOWN,,,,,Not Specified (1)
Associate / Senior Associate,1,Other / Unclassified,UNKNOWN,,,,,Chelmsford (1)
Regional HR Generalist,1,HR / Recruitment,UNKNOWN,,,hr_recruitment,,Canvey Island (1)
Senior Manager - Major Complex Loss,1,Other / Unclassified,UNKNOWN,,,,,Worcester (1)
Junior Accountant,1,Professional Finance / Accountancy,UNKNOWN,,,,,Jarrow (1)
Assistant Manager - practice (medical accounts),1,Healthcare / Clinical,UNKNOWN,,,finance_accounts,,Chard (1)
Manager - Medical Accounts / Practice,1,Healthcare / Clinical,UNKNOWN,,,finance_accounts,,Chard (1)
AML & Safer Gambling Officer,1,Other / Unclassified,UNKNOWN,,,admin_service,,Nottingham (1)
Insolvency Practitioner-Part time,1,Other / Unclassified,UNKNOWN,,,,,Not Specified (1)
Sales Controller,1,Sales / Business Development,UNKNOWN,,,,,Warrington (1)
Fully Remote Working Conveyancer,1,Other / Unclassified,UNKNOWN,,,,,Guildford (1)
CT Radiographer,1,Other / Unclassified,KNOWN,admin_service:OUT_OF_SCOPE,,,,Kettering (1)
PR Account Executive - Senior Account Executive,1,Sales / Business Development,UNKNOWN,,,,,Congleton (1)
Partnership Tax Assistant (6 Months FTC),1,Professional Finance / Accountancy,UNKNOWN,,,,,Not Specified (1)
Band 6 Radiographer - Cath Lab,1,Other / Unclassified,UNKNOWN,,,,,Kettering (1)
CT/MRI Radiographer,1,Other / Unclassified,UNKNOWN,,,,,Rhyl (1)
Commercial Account Handler (Insurance),1,Other / Unclassified,UNKNOWN,,,,,Brighton (1)
Accounts Receivable Accountant,1,Professional Finance / Accountancy,UNKNOWN,,,finance_accounts,,Not Specified (1)
Senior FP&A - Financial Services,1,Other / Unclassified,UNKNOWN,,,,,Not Specified (1)
Master Agreement Negotiator,1,Other / Unclassified,UNKNOWN,,,,,Not Specified (1)
Radiographer - night shifts,1,Other / Unclassified,UNKNOWN,,,,,Not Specified (1)
Mammographers,1,Other / Unclassified,UNKNOWN,,,,,Guildford (1)
Conduct Risk Officer,1,Other / Unclassified,UNKNOWN,,,admin_service,,Not Specified (1)
Public Affairs Account Manager - Account Director,1,Sales / Business Development,UNKNOWN,,,,,Sheffield (1)
Construction Legal Director,1,Legal / Conveyancing,UNKNOWN,,,,,Bristol (1)
Service Technician Commercial Catering Equipment,1,Engineering / Technical,UNKNOWN,,,,,Peterborough (1)
Finance Office Manager,1,Professional Finance / Accountancy,UNKNOWN,,,admin_service; finance_accounts,,Newark (1)
Multi Skilled Forklift Driver,1,Driving / Warehouse / Logistics,UNKNOWN,,,warehouse_logistics,,Spalding (1)
Weekend Drivers,1,Other / Unclassified,UNKNOWN,,,,,Sittingbourne (1)
"VNA Driver Days, Afternoons, or Nights",1,Driving / Warehouse / Logistics,UNKNOWN,,,,,Corby (1)
LGV 1 Night Shunter - Preston,1,Driving / Warehouse / Logistics,UNKNOWN,,,,,Preston (1)
Newly Passed Class 1 Driver - LCH,1,Driving / Warehouse / Logistics,UNKNOWN,,,,,Durham (1)
HGV 1 and HGV 2 Drivers,1,Driving / Warehouse / Logistics,UNKNOWN,,,,,Not Specified (1)
Detop Operative - Counterbalance Driver Nights,1,Driving / Warehouse / Logistics,UNKNOWN,,,,,Corby (1)
Yard Shunter,1,Other / Unclassified,UNKNOWN,,,,,Newton Abbot (1)
HGV Driver?- Class 1 or Class 2,1,Driving / Warehouse / Logistics,UNKNOWN,,,,,Stonehouse (1)
Class 2 Driver Gloucester,1,Driving / Warehouse / Logistics,UNKNOWN,,,,,Gloucester (1)
HGV Class 1 & Class 2 Multidrop Drivers,1,Driving / Warehouse / Logistics,UNKNOWN,,,,,Tonbridge (1)
LGV 2 Driver Days,1,Driving / Warehouse / Logistics,UNKNOWN,,,,,Rochester (1)
Horticulture Resource Coordinator,1,Admin / Customer Service,UNKNOWN,,,admin_service,,Pulborough (1)
Community Services Lead,1,Other / Unclassified,UNKNOWN,,,,,Chester (1)
P.E Teacher,1,Education / Teaching,UNKNOWN,,,,,Newport (1)
Recruitment Consultant (Tech and Engineering),1,Engineering / Technical,UNKNOWN,,,hr_recruitment,,Bristol (1)
People Business Partner - 12 Month FTC,1,Other / Unclassified,UNKNOWN,,,,,Hereford (1)
Trainee Salesperson (Full Training),1,Other / Unclassified,UNKNOWN,,,,,Enniskillen (1)
Senior Commercial Insurance Broker,1,Other / Unclassified,UNKNOWN,,,,,Coventry (1)
Project Manager/Employer's Agent,1,Operations / General Management,UNKNOWN,,,,,Not Specified (1)
Pre-Sales Consultant,1,Sales / Business Development,UNKNOWN,,,,,Basingstoke (1)
Chinese Speaking Field Sales Representative,1,Sales / Business Development,UNKNOWN,,,,,Dagenham (1)
Newly Qualified Mortgage and Protection Adviser,1,Financial Advice / Mortgages,UNKNOWN,,,,,Colchester (1)
Solar PV Fitter (Commercial / Residential),1,Engineering / Technical,UNKNOWN,,,,,Penrith (1)
Facilities Manager - Fire & Security,1,Construction / Trades / Property,UNKNOWN,,,,,Norwich (1)
Building Services Course Leader and Lecturer,1,Education / Teaching,UNKNOWN,,,,,Newbury (1)
Registered Manager / Registered Manager Designate,1,Other / Unclassified,UNKNOWN,,,,,High Wycombe (1)
Electrical Test & Inspector,1,Engineering / Technical,UNKNOWN,,,,,Glasgow (1)
Commercial Property Solicitor 4 PQE,1,Legal / Conveyancing,UNKNOWN,,,,,City (1)
HV Electrical Auditor (NERS),1,Professional Finance / Accountancy,UNKNOWN,,,,,Not Specified (1)
BMS Account Manager,1,Sales / Business Development,UNKNOWN,,,,,Not Specified (1)
Solicitor Pensions 1 to 3 PQE,1,Legal / Conveyancing,UNKNOWN,,,,,Not Specified (1)
Trainee Automotive Instructor (A/C systems),1,Other / Unclassified,UNKNOWN,,,,,Gloucester (1)
Contract / Delivery Manager - Passive Fire Protection,1,Other / Unclassified,UNKNOWN,,,,,Sevenoaks (1)
Software Solution Architect,1,IT / Data / Software,UNKNOWN,,,,,Newcastle Upon Tyne (1)
DevOps Engineer eDV,1,IT / Data / Software,UNKNOWN,,,,,Cheltenham (1)
Technical Account Consultant,1,Other / Unclassified,UNKNOWN,,,,,Tewkesbury (1)
Alpha Senior Fundraising Manager,1,Other / Unclassified,UNKNOWN,,,,,City Of Westminster (1)
Downtime Controller,1,Other / Unclassified,UNKNOWN,,,,,Chippenham (1)
Construction Associate ( NQ-2 Year's PQE),1,Construction / Trades / Property,UNKNOWN,,,,,Not Specified (1)
HR / Employee Relations Advisor,1,HR / Recruitment,UNKNOWN,,,hr_recruitment,,Cleckheaton (1)
Finance Domain Industry Architect,1,Professional Finance / Accountancy,UNKNOWN,,,finance_accounts,,Farnborough (1)
Graduate assistant accountant,1,Professional Finance / Accountancy,UNKNOWN,,,,,Stoke-on-trent (1)
Senior Campaigns Officer,1,Other / Unclassified,UNKNOWN,,,admin_service,,Not Specified (1)
Mortgage Administrator,1,Financial Advice / Mortgages,KNOWN,admin_service:HIGH_CONFIDENCE; finance_accounts:ELASTIC_FIT; customer_service_contact_centre:REVIEW_CONTEXT_DEPENDENT; hr_recruitment:REVIEW_CONTEXT_DEPENDENT,admin_service; finance_accounts,admin_service,,Horsham (1)
AV Technician,1,Engineering / Technical,UNKNOWN,,,,,Not Specified (1)
Commercial Consultant,1,Other / Unclassified,UNKNOWN,,,,,Not Specified (1)
Private Dentist,1,Healthcare / Clinical,UNKNOWN,,,,,Chichester (1)
Account Director / Business Development Manager,1,Sales / Business Development,UNKNOWN,,,,,Kingston Upon Thames (1)
Interim Senior FP&A Analyst,1,Other / Unclassified,UNKNOWN,,,,,Not Specified (1)
Senior Data Scientist (Pricing),1,IT / Data / Software,UNKNOWN,,,,,Leicester (1)
Vehicle Damage Assessor,1,Other / Unclassified,UNKNOWN,,,,,South Croydon (1)
MET Technican,1,Other / Unclassified,UNKNOWN,,,,,Enfield (1)
Group Finance Director,1,Professional Finance / Accountancy,UNKNOWN,,,finance_accounts,,Not Specified (1)
Managemant Accountant,1,Professional Finance / Accountancy,UNKNOWN,,,,,Nottingham (1)
Lettings Property Valuer / Lister,1,Construction / Trades / Property,UNKNOWN,,,,,Not Specified (1)
Litigation Assistant,1,Legal / Conveyancing,UNKNOWN,,,,,Wigan (1)
Interim Integration Finance Manager,1,Professional Finance / Accountancy,UNKNOWN,,,finance_accounts,,Rotherham (1)
Management Accountant - Financial Services Experience,1,Professional Finance / Accountancy,UNKNOWN,,,,,Not Specified (1)
"Commercial Litigation Solicitor, Birmingham, National Legal 500 firm, excellent work",1,Legal / Conveyancing,UNKNOWN,,,,,Not Specified (1)
Employer Benefits Consultant,1,Other / Unclassified,UNKNOWN,,,,,Lincoln (1)
Senior People Services Administrator,1,Admin / Customer Service,UNKNOWN,,,admin_service,,Manchester (1)
Assistant Lettings Manager / Lettings Manager,1,Construction / Trades / Property,UNKNOWN,,,,,Not Specified (1)
Business Analyst Trainee,1,IT / Data / Software,UNKNOWN,,,,,Not Specified (1)
Trainee HR Generalist,1,HR / Recruitment,UNKNOWN,,,hr_recruitment,,Not Specified (1)
Trainee Digital Marketing Executive,1,Marketing / Digital / Creative,UNKNOWN,,,,,Not Specified (1)
HGV Class 2 Drivers Enfield,1,Driving / Warehouse / Logistics,UNKNOWN,,,,,Enfield (1)
HGV Class 2 driver - NEW PASS,1,Driving / Warehouse / Logistics,UNKNOWN,,,,,Barnsley (1)
HGV Tanker and Tipper Driver,1,Driving / Warehouse / Logistics,UNKNOWN,,,,,Ely (1)
HGV Drivers Needed,1,Driving / Warehouse / Logistics,UNKNOWN,,,,,Worksop (1)
Class 1 Driver (Artic),1,Driving / Warehouse / Logistics,UNKNOWN,,,,,Sittingbourne (1)
HGV2 Diver,1,Other / Unclassified,UNKNOWN,,,,,Bury St. Edmunds (1)
Recruitment Resourcer / Delivery Consultant,1,HR / Recruitment,UNKNOWN,,,hr_recruitment,,Bristol (1)
Senior Corporate FX Dealer,1,Other / Unclassified,UNKNOWN,,,,,City (1)
Regional Application Engineer - CNC,1,Engineering / Technical,UNKNOWN,,,,,Kettering (1)
FNOL Motor Claims Handler,1,Other / Unclassified,UNKNOWN,,,,,Manchester (1)
R&D Technical Consultant,1,Other / Unclassified,UNKNOWN,,,,,Manchester (1)
Senior Legal Support Officer,1,Legal / Conveyancing,UNKNOWN,,,admin_service,,Warrington (1)
Bookkeeper and Payroll Advisor,1,Professional Finance / Accountancy,UNKNOWN,,,finance_accounts,,Marlborough (1)
R&D Cost Consultant,1,Other / Unclassified,UNKNOWN,,,,,Manchester (1)
People and Culture Manager,1,Other / Unclassified,UNKNOWN,,,,,Not Specified (1)
"ER Specialist, 6 month FTC",1,Other / Unclassified,UNKNOWN,,,,,Not Specified (1)
Band 6 Specialist Haematology Biomedical Scientist (BMS) Locum Dorset,1,Science / Laboratory,UNKNOWN,,,,,Bournemouth (1)
Project Accounting Manager (Project Finance Function),1,Professional Finance / Accountancy,UNKNOWN,,,finance_accounts,,Ealing (1)
Pension Fund Accountant,1,Professional Finance / Accountancy,UNKNOWN,,,,,Not Specified (1)
Band 6 Specialist Haematology Biomedical Scientist (BMS) Locum North tees,1,Science / Laboratory,UNKNOWN,,,,,Stockton-on-tees (1)
Accounts and Office Manager,1,Professional Finance / Accountancy,UNKNOWN,,,admin_service; finance_accounts,,Runcorn (1)
Band 6 Specialist Biochemistry Biomedical Scientist (BMS) Locum North Tees,1,Science / Laboratory,UNKNOWN,,,,,Stockton-on-tees (1)
Legal Practice Manager/Office Manager,1,Legal / Conveyancing,UNKNOWN,,,admin_service,,York (1)
Marketing Specialist (Social Media),1,Marketing / Digital / Creative,UNKNOWN,,,,,Cheadle (1)
Conveyancing Paralegal / Fee Earner,1,Legal / Conveyancing,UNKNOWN,,,,,Wilmslow (1)
Business Services Manager,1,Other / Unclassified,UNKNOWN,,,,,Sevenoaks (1)
Marketing Account Executive - Kent - To &;30K,1,Sales / Business Development,UNKNOWN,,,,,Tunbridge Wells (1)
Project Accounting Manager,1,Other / Unclassified,UNKNOWN,,,finance_accounts,,Ealing (1)
Band 7 Specialist Histology Biomedical Scientist (BMS) Locum Wycombe,1,Science / Laboratory,UNKNOWN,,,,,High Wycombe (1)
Band 5 Specialist Biochemistry Biomedical Scientist (BMS) Locum Nottingham,1,Science / Laboratory,UNKNOWN,,,,,Sutton-in-ashfield (1)
Band 6 Specialist Biochemistry Biomedical Scientist (BMS) Locum Nottingham,1,Science / Laboratory,UNKNOWN,,,,,Sutton-in-ashfield (1)
Audit Professional,1,Professional Finance / Accountancy,UNKNOWN,,,,,Peterborough (1)
ADOS-2 Assessor - Children's Clinician,1,Other / Unclassified,UNKNOWN,,,,,Not Specified (1)
Band 6 Specialist Haematology Biomedical Scientist (BMS) Locum Poole,1,Science / Laboratory,UNKNOWN,,,,,Bournemouth (1)
Head of Accounts Payable,1,Professional Finance / Accountancy,UNKNOWN,,,finance_accounts,,Ashby-de-la-zouch (1)
Mixed Tax Senior Manager - Director Track,1,Professional Finance / Accountancy,UNKNOWN,,,,,Not Specified (1)
Cyber Underwriter,1,IT / Data / Software,UNKNOWN,,,,,Not Specified (1)
Accounts Manager(Senior Accountant)-pivotal role in thriving firm,1,Professional Finance / Accountancy,UNKNOWN,,,finance_accounts,,Saffron Walden (1)
Accounts Manager(Senior Accountant)-small firm big presence,1,Professional Finance / Accountancy,UNKNOWN,,,finance_accounts,,Not Specified (1)
Warehouse Supervisor (Production),1,Driving / Warehouse / Logistics,UNKNOWN,,,warehouse_logistics,,Manchester (1)
HR Business Partner in Education,1,Education / Teaching,UNKNOWN,,,hr_recruitment,,Liverpool (1)
Accounts Payable Assistant (Temp),1,Professional Finance / Accountancy,UNKNOWN,,,finance_accounts,,Not Specified (1)
Senior Negotiator / Valuer,1,Other / Unclassified,UNKNOWN,,,,,Nuneaton (1)
Aircraft Fitters,1,Other / Unclassified,UNKNOWN,,,,,Not Specified (1)
Marketing and Digital Assistant,1,Marketing / Digital / Creative,UNKNOWN,,,,,Wandsworth (1)
Recoveries Account Manager - 6 Month FTC,1,Sales / Business Development,UNKNOWN,,,,,Richmond (1)
Project Manager - Defence,1,Operations / General Management,UNKNOWN,,,,,Witney (1)
Group Cash Tranactions Manager - interim - Hybrid,1,Other / Unclassified,UNKNOWN,,,,,Hereford (1)
Business Partner Finance,1,Professional Finance / Accountancy,UNKNOWN,,,finance_accounts,,Bodmin (1)
Senior Performance Marketing Manager,1,Marketing / Digital / Creative,UNKNOWN,,,,,Cirencester (1)
Insurance Accounts Administrator,1,Professional Finance / Accountancy,UNKNOWN,,,admin_service; finance_accounts,,Cheltenham (1)
Private Client Solicitor - Potential for Head of Department,1,Legal / Conveyancing,UNKNOWN,,,,,Not Specified (1)
Experienced Conveyancer - Key Role - Great Firm,1,Other / Unclassified,UNKNOWN,,,,,Not Specified (1)
Family Solicitor (1-3 PQE) High Net Worth Family Law Manchester & Remote Legal 500,1,Legal / Conveyancing,UNKNOWN,,,,,Not Specified (1)
Management Accountant Digital Media Business,1,Professional Finance / Accountancy,UNKNOWN,,,,,Manchester (1)
Paralegal/PA,1,Legal / Conveyancing,UNKNOWN,,,,,Not Specified (1)
Technical/Sales Trainer,1,Sales / Business Development,UNKNOWN,,,,,Tadley (1)
Home 2 School Driver,1,Education / Teaching,UNKNOWN,,,,,Barnet (1)
Children and Young People's Independent Sexual Violence Advisor (ISVA),1,Other / Unclassified,UNKNOWN,,,,,Southampton (1)
Trustee (Communities and Enterprise),1,Other / Unclassified,UNKNOWN,,,,,Not Specified (1)
Receptionist / Administrator,1,Admin / Customer Service,KNOWN,admin_service:HIGH_CONFIDENCE,admin_service,admin_service,,Southampton (1)
Grants Manager (Trusts and Foundations),1,Other / Unclassified,UNKNOWN,,,,,Cobham (1)
Specialist Support Worker - Young People (Trauma-Informed Support),1,Care / Support Work,UNKNOWN,,,support_worker,,Gloucester (1)
Fundraising Manager (Part Time),1,Other / Unclassified,UNKNOWN,,,,,Forest Row (1)
Fundraising Manager (Trusts & Individual Giving),1,Other / Unclassified,UNKNOWN,,,,,Not Specified (1)
Senior Manager Indirect Tax,1,Other / Unclassified,UNKNOWN,,,,,Manchester (1)
Employment Tax Senior Manager,1,Professional Finance / Accountancy,UNKNOWN,,,,,Manchester (1)
"Audit Senior - career opportunities, attractive benefits",1,Professional Finance / Accountancy,UNKNOWN,,,,,Cambridge (1)
"Commercial Finance, Reporting & Analytics Manager",1,Professional Finance / Accountancy,UNKNOWN,,,finance_accounts,,Not Specified (1)
Tenancy Manager,1,Other / Unclassified,UNKNOWN,,,,,Not Specified (1)
Organisational Design and Change Lead (OD),1,Other / Unclassified,UNKNOWN,,,,,Not Specified (1)
Senior Commercial Litigation Solicitor,1,Legal / Conveyancing,UNKNOWN,,,,,Manchester (1)
Events Producer - Global Tech Brand,1,Other / Unclassified,UNKNOWN,,,,,Not Specified (1)
Director / Senior Manager - Global Financial Systems & ERP,1,Other / Unclassified,UNKNOWN,,,,,Not Specified (1)
Claims Against Public Authorities and Inquest Paralegal,1,Legal / Conveyancing,UNKNOWN,,,,,Not Specified (1)
Housing Solicitor Director (x2) - City of London,1,Legal / Conveyancing,UNKNOWN,,,,,Not Specified (1)
Housing Solicitors NQ (x3) - City of London,1,Other / Unclassified,UNKNOWN,,,,,Not Specified (1)
Senior Commercial Property Solicitor,1,Legal / Conveyancing,UNKNOWN,,,,,Liverpool (1)
Property Litigation Solicitor (x2) - Nationwide,1,Legal / Conveyancing,UNKNOWN,,,,,Not Specified (1)
Public Law Solicitor (x2) - City of London,1,Legal / Conveyancing,UNKNOWN,,,,,Not Specified (1)
Framework Administrator,1,Admin / Customer Service,UNKNOWN,,,admin_service,,Nottingham (1)
Family Solicitor & Accredited Mediator - Luton,1,Legal / Conveyancing,UNKNOWN,,,,,Not Specified (1)
Family Law Solicitor (3+ PQE) - City of London,1,Legal / Conveyancing,UNKNOWN,,,,,Not Specified (1)
Finance Director - Fintech,1,Professional Finance / Accountancy,UNKNOWN,,,finance_accounts,,Not Specified (1)
Personal Injury & Clinical Negligence Director - Manchester,1,Healthcare / Clinical,UNKNOWN,,,,,Manchester (1)
Children Law Solicitor (x3) - Nationwide,1,Legal / Conveyancing,UNKNOWN,,,,,Not Specified (1)
Personal Injury & Clinical Negligence Solicitor,1,Healthcare / Clinical,UNKNOWN,,,,,Not Specified (1)
Head of Rents and Service Charges,1,Other / Unclassified,UNKNOWN,,,,,Manchester (1)
Business / Law / Finance Graduate,1,Professional Finance / Accountancy,UNKNOWN,,,finance_accounts,,Manchester (1)
Part-Qualified Management Accountant,1,Professional Finance / Accountancy,UNKNOWN,,,,,Not Specified (1)
Immigration Caseworkers level 2 Accredited - City of London,1,Other / Unclassified,UNKNOWN,,,,,Not Specified (1)
Financial Controller - FTC,1,Professional Finance / Accountancy,UNKNOWN,,,,,Southampton (1)
Children Law Paralegal - Manchester,1,Legal / Conveyancing,UNKNOWN,,,,,Manchester (1)
Legal,1,Legal / Conveyancing,UNKNOWN,,,,,Cambridge (1)
Remote - Financial Planning & Reporting Analyst,1,Other / Unclassified,UNKNOWN,,,,,Not Specified (1)
Project Accounts Assistant,1,Professional Finance / Accountancy,UNKNOWN,,,finance_accounts,,Castleford (1)
Legal Cashier - Temporary,1,Legal / Conveyancing,UNKNOWN,,,,,Not Specified (1)
Children Law Paralegal - Birmingham,1,Legal / Conveyancing,UNKNOWN,,,,,Not Specified (1)
Interim Internal Auditor - Insurance,1,Professional Finance / Accountancy,UNKNOWN,,,,,Not Specified (1)
MANAGEMENT ACCOUNTANT-TV PRODUCTION,1,Professional Finance / Accountancy,UNKNOWN,,,,,Not Specified (1)
Senior Property Manager - Hertfordshire,1,Construction / Trades / Property,UNKNOWN,,,,,Borehamwood (1)
Accounts Manager - Accounting Firm,1,Professional Finance / Accountancy,UNKNOWN,,,finance_accounts,,Cambridge (1)
Housing Paralegal (x2) - Birmingham,1,Legal / Conveyancing,UNKNOWN,,,,,Not Specified (1)
Public Law Paralegal (x4) - City of London,1,Legal / Conveyancing,UNKNOWN,,,,,Not Specified (1)
Family Law Paralegals (x3) - City of London,1,Other / Unclassified,UNKNOWN,,,,,Not Specified (1)
Family Law Paralegals (x2) - Luton,1,Other / Unclassified,UNKNOWN,,,,,Luton (1)
Immigration Solicitor - Supervisor,1,Legal / Conveyancing,UNKNOWN,,,,,Not Specified (1)
Procurement & Logistics Coordinator,1,Driving / Warehouse / Logistics,UNKNOWN,,,admin_service; warehouse_logistics,,Not Specified (1)
Principal / Associate Town Planner,1,Other / Unclassified,UNKNOWN,,,,,Cardiff (1)
Registered Manager Childrens Residential Family Centre,1,Other / Unclassified,UNKNOWN,,,,,Plymouth (1)
SKODA Vehicle Technician,1,Engineering / Technical,UNKNOWN,,,,,Worcester (1)
Secondary Maths Teacher,1,Education / Teaching,UNKNOWN,,,,,Chester (1)
Marine Project Manager,1,Operations / General Management,UNKNOWN,,,,,Hornsea (1)
Tax Manager - Remote,1,Professional Finance / Accountancy,UNKNOWN,,,,,Stoke-on-trent (1)
Automation Technology Engineer,1,Engineering / Technical,UNKNOWN,,,,,Gloucester (1)
Lab Infrastructure Engineer (QA),1,IT / Data / Software,UNKNOWN,,,,,Ipswich (1)
Rail Systems Lead Design Manager,1,Other / Unclassified,UNKNOWN,,,,,Not Specified (1)
Small Claims RTA File Handler,1,Other / Unclassified,UNKNOWN,,,,,Liverpool (1)
MOJ/OIC File Handler,1,Other / Unclassified,UNKNOWN,,,,,Manchester (1)
Complex Injury Catastrophic Injury Lawyer - Senior Associate,1,Legal / Conveyancing,UNKNOWN,,,,,Newcastle Upon Tyne (1)
Transfer Pricing Senior Manager,1,Other / Unclassified,UNKNOWN,,,,,Manchester (1)
Employment Tax Director,1,Professional Finance / Accountancy,UNKNOWN,,,,,Manchester (1)
Mortgage Advisor - Banbury,1,Financial Advice / Mortgages,UNKNOWN,,,,,Banbury (1)
Retail Accountant,1,Professional Finance / Accountancy,UNKNOWN,,,,,Baldock (1)
Tax Partner Designate,1,Professional Finance / Accountancy,UNKNOWN,,,,,Gravesend (1)
Senior/ Principal Recruitment Consultant,1,HR / Recruitment,UNKNOWN,,,hr_recruitment,,Bristol (1)
Part Time Senior Practice Accountant,1,Professional Finance / Accountancy,UNKNOWN,,,,,Tonbridge (1)
Financial Reporting Senior Accountant,1,Professional Finance / Accountancy,UNKNOWN,,,,,Canterbury (1)
Not for Profit Audit Director,1,Professional Finance / Accountancy,UNKNOWN,,,,,Faversham (1)
Revenue Operations Coordinator,1,Admin / Customer Service,UNKNOWN,,,admin_service,,Not Specified (1)
Accounts Senior - Accounting Firm,1,Professional Finance / Accountancy,UNKNOWN,,,finance_accounts,,Cambridge (1)
Children Law Panel Member,1,Other / Unclassified,UNKNOWN,,,,,Not Specified (1)
Children Law Solicitor Director,1,Legal / Conveyancing,UNKNOWN,,,,,Not Specified (1)
HR Business Partner Maternity Cover,1,HR / Recruitment,UNKNOWN,,,hr_recruitment,,Not Specified (1)
Senior Internal Communications Manager,1,Marketing / Digital / Creative,UNKNOWN,,,,,Not Specified (1)
Childrens Centre Deputy Manager,1,Other / Unclassified,UNKNOWN,,,,,Liverpool (1)
Luxury Showoom Sales Advisor,1,Sales / Business Development,UNKNOWN,,,,,Redhill (1)
Senior HVAC Engineer - Commercial Chillers and Heat Pumps,1,Engineering / Technical,UNKNOWN,,,,,Not Specified (1)
Independent Living Maintenance Officer (Oxfordshire),1,Engineering / Technical,UNKNOWN,,,admin_service,,Abingdon (1)
Senior Mission System Architect Payload,1,Other / Unclassified,UNKNOWN,,,,,Portsmouth (1)
Senior Mission System Architect Network & Data Communications,1,Marketing / Digital / Creative,UNKNOWN,,,,,Portsmouth (1)
"South Cornwall Optometrist Needed- Independent - Up to £75,000 !",1,Other / Unclassified,UNKNOWN,,,,,Penzance (1)
Are you an Optometrist / DO / OA coming back from Maternity leave and looking for a flexibility?,1,Other / Unclassified,UNKNOWN,,,,,Not Specified (1)
"South West Wales Optometrist Needed- Independent - Up to £65,000 !",1,Other / Unclassified,UNKNOWN,,,,,Not Specified (1)
"Optical Assistant - Monday to Friday, Doncaster, South Yorkshire",1,Other / Unclassified,UNKNOWN,,,,,Doncaster (1)
"Optometrist, Andover",1,Other / Unclassified,UNKNOWN,,,,,Andover (1)
"Optical & Hearing Assistant, Cirencester",1,Other / Unclassified,UNKNOWN,,,,,Cirencester (1)
Optometrist Job in Milton Keynes - Up to 64K DOE,1,Other / Unclassified,UNKNOWN,,,,,Milton Keynes (1)
Part Time Dispensing Optician - Milton Keynes - Up to 35K,1,Other / Unclassified,UNKNOWN,,,,,Milton Keynes (1)
Audiologist - Milton Keynes - Premium Environment,1,Other / Unclassified,UNKNOWN,,,,,Milton Keynes (1)
Optometrist job in North London,1,Other / Unclassified,UNKNOWN,,,,,Not Specified (1)
"Optometrist job in Ealing, West London",1,Other / Unclassified,UNKNOWN,,,,,Not Specified (1)
Dispensing Optician job in North Manchester,1,Other / Unclassified,UNKNOWN,,,,,Not Specified (1)
Optical Assistant job in North Manchester,1,Other / Unclassified,UNKNOWN,,,,,Not Specified (1)
Optical Assistant job in North West London,1,Other / Unclassified,UNKNOWN,,,,,Not Specified (1)
Qualified Practice Manager - Dundee,1,Other / Unclassified,UNKNOWN,,,,,Not Specified (1)
"Independent Optometrist Opportunity, Winchester / £67,000 / 45 minute testing times / IP Funding",1,Other / Unclassified,UNKNOWN,,,,,Winchester (1)
"Optometrist Vacancy, Edinburgh / £65,000 / 35 minute testing times!",1,Other / Unclassified,UNKNOWN,,,,,City (1)
"Independant Clinical Optometrist Opportunity, Sudbury / £75,000 / 45 minute testing times / IP Fund",1,Healthcare / Clinical,UNKNOWN,,,,,Sudbury (1)
"Dispensing Optician Opportunity, Swords / €50,000",1,Other / Unclassified,UNKNOWN,,,,,Ireland (1)
"Optometrist Opportunity, Lytham St. Annes / £55,000",1,Other / Unclassified,UNKNOWN,,,,,Lytham St. Annes (1)
"Independent Optometrist Opportunity, Alresford / £67,000 / 45 minute testing times / IP Funding",1,Other / Unclassified,UNKNOWN,,,,,Alresford (1)
"Optometrist Opportunity, Edinburgh / £55,000",1,Other / Unclassified,UNKNOWN,,,,,City (1)
"Optometrist Opportunity, Portsmouth / £74,000 / 35 minute testing times / 8 - 15 Patients Per Day!",1,Other / Unclassified,UNKNOWN,,,,,Portsmouth (1)
"Optometrist Vacancy, Llandudno / £74,000 / 35 minute testing times!",1,Other / Unclassified,UNKNOWN,,,,,Conwy (1)
"Clinical Optometrist Opportunity, Truro / £75,000 / IP Funding available!",1,Healthcare / Clinical,UNKNOWN,,,,,Truro (1)
"Dispensing Optician Independant Opportunity, Bridgwater / £40,000",1,Other / Unclassified,UNKNOWN,,,,,Bridgwater (1)
"Optometrist Opportunity, New Romney / £75,000 / IP Funding / 40 minute testing times!",1,Other / Unclassified,UNKNOWN,,,,,New Romney (1)
"Optometrist / Dunfermline / £55,000",1,Other / Unclassified,UNKNOWN,,,,,Dunfermline (1)
"Optometrist / Maldon / £70,000",1,Other / Unclassified,UNKNOWN,,,,,Maldon (1)
Hearing Aid Audiologist (recruiting across the UK!),1,Other / Unclassified,UNKNOWN,,,,,Not Specified (1)
"Mobile Hearing Aid Audiologist, Plymouth",1,Other / Unclassified,UNKNOWN,,,,,Plymouth (1)
"Hearing Aid Audiologist, East & West Sussex",1,Other / Unclassified,UNKNOWN,,,,,Not Specified (1)
"Hearing Aid Audiologist, East Surrey",1,Other / Unclassified,UNKNOWN,,,,,Westerham (1)
"Hearing Aid Audiologist, South London",1,Other / Unclassified,UNKNOWN,,,,,Not Specified (1)
"Optometrist, Haslemere (Maternity Cover)",1,Other / Unclassified,UNKNOWN,,,,,Haslemere (1)
"Optical & Hearing Assistant, Marlow",1,Other / Unclassified,UNKNOWN,,,,,Marlow (1)
Branch Manager - Addlestone,1,Operations / General Management,UNKNOWN,,,,,Addlestone (1)
Branch Manager - Epsom,1,Operations / General Management,UNKNOWN,,,,,Epsom (1)
"Optometrist - Ashford, Kent - Independent - 4.5 Days a Week",1,Other / Unclassified,UNKNOWN,,,,,Ashford (1)
Optical Assistant - Merton - Premium Environment,1,Other / Unclassified,UNKNOWN,,,,,Not Specified (1)
Regional Trainer Ophthalmic Lenses Scotland,1,Other / Unclassified,UNKNOWN,,,,,Not Specified (1)
Optical Assistant job in West London,1,Other / Unclassified,UNKNOWN,,,,,Not Specified (1)
Optometrist / DO / Optical Assistant - New Roles Available Nationwide,1,Other / Unclassified,UNKNOWN,,,,,Not Specified (1)
Apprentice Sales Advisor - Uncapped Commission,1,Sales / Business Development,UNKNOWN,,,,,Aldbrough St. John (1)
Part Time Sales Advisor - Uncapped Commission,1,Sales / Business Development,UNKNOWN,,,,,Aldbrough St. John (1)
HGV Class 1 Driver Nights Store Deliveries,1,Driving / Warehouse / Logistics,UNKNOWN,,,,,Not Specified (1)
HGV Class 2 New Passes,1,Driving / Warehouse / Logistics,UNKNOWN,,,,,Southampton (1)
HGV Class 1 driver - no handball,1,Driving / Warehouse / Logistics,UNKNOWN,,,,,Nottingham (1)
Class 1 ADR Tramper,1,Other / Unclassified,UNKNOWN,,,,,Tamworth (1)
HGV Class 2 - 4 days on 4 days off,1,Driving / Warehouse / Logistics,UNKNOWN,,,,,Northampton (1)
HGV Class 2 Multi Drop Driver,1,Driving / Warehouse / Logistics,UNKNOWN,,,,,Hyde (1)
HGV Class 1 Driver - £21.57ph - Afternoons Monday to Friday,1,Driving / Warehouse / Logistics,UNKNOWN,,,,,Bristol (1)
Driver Category C - Powered Access,1,Driving / Warehouse / Logistics,UNKNOWN,,,,,Warrington (1)
ADR Driver - 4 On 4 Off,1,Driving / Warehouse / Logistics,UNKNOWN,,,,,Not Specified (1)
CE Driver Nights,1,Driving / Warehouse / Logistics,UNKNOWN,,,,,Leicester (1)
FLT Driver Nights,1,Driving / Warehouse / Logistics,UNKNOWN,,,,,Northampton (1)
Class 2 Driver (Category C) Manchester (M26 1GG),1,Driving / Warehouse / Logistics,UNKNOWN,,,,,Not Specified (1)
HGV ADR Class 1 Tramper,1,Driving / Warehouse / Logistics,UNKNOWN,,,,,Alfreton (1)
ADR Tramper Driver,1,Driving / Warehouse / Logistics,UNKNOWN,,,,,Alfreton (1)
HGV 2 Class 2 Driver - Waste & Recycling,1,Driving / Warehouse / Logistics,UNKNOWN,,,,,City (1)
HGV 1 Weekend Night Drivers,1,Driving / Warehouse / Logistics,UNKNOWN,,,,,Bristol (1)
CNC/Machinist Lecturer,1,Education / Teaching,UNKNOWN,,,,,Not Specified (1)
HGV Class 2 driver - Drayman,1,Driving / Warehouse / Logistics,UNKNOWN,,,,,Not Specified (1)
C+E Nights,1,Other / Unclassified,UNKNOWN,,,,,Hull (1)
Class 1 Day Driver Worksop,1,Driving / Warehouse / Logistics,UNKNOWN,,,,,Worksop (1)
Senior Forklift Driver - Nocton,1,Driving / Warehouse / Logistics,UNKNOWN,,,warehouse_logistics,,Lincoln (1)
Gopuff Delivery Bike Riders,1,Other / Unclassified,UNKNOWN,,,,,Not Specified (1)
HGV Class 1 Driver - Stevenage,1,Driving / Warehouse / Logistics,UNKNOWN,,,,,Stevenage (1)
"Vice President, POM Product Management",1,Other / Unclassified,UNKNOWN,,,,,Not Specified (1)
Home Care Registered Manager,1,Care / Support Work,UNKNOWN,,,,,Southampton (1)
Traffic Management Supervisors,1,Other / Unclassified,UNKNOWN,,,,,Totnes (1)
Resident Liaison Officer,1,Other / Unclassified,UNKNOWN,,,admin_service,,Cambridge (1)
Children's Home Residential Registered Manager,1,Other / Unclassified,UNKNOWN,,,,,Carlisle (1)
Sales Negotiator / Senior Sales Negotiator,1,Sales / Business Development,UNKNOWN,,,,,Hatfield (1)
Facilities Operative - Waste and External Areas,1,Other / Unclassified,UNKNOWN,,,,,Maidenhead (1)
Commercial Sales Development Manager,1,Sales / Business Development,UNKNOWN,,,,,Northampton (1)
Education Recruitment Consultant,1,Education / Teaching,UNKNOWN,,,hr_recruitment,,Southampton (1)
Employment Advisor (Mental Health),1,Other / Unclassified,UNKNOWN,,,,,New Milton (1)
Underwriting RDS Senior Assistant,1,Other / Unclassified,UNKNOWN,,,,,Not Specified (1)
"Registered Manager Community Mental Health, Autism & LD Services",1,Other / Unclassified,UNKNOWN,,,,,Brighton (1)
"Consultant Psychiatrist in Addictions, UK Wide",1,Other / Unclassified,UNKNOWN,,,,,Not Specified (1)
Clinical Psychologist - CYP ASD Service,1,Healthcare / Clinical,UNKNOWN,,,,,Newcastle (1)
Specialist Employment Consultant,1,Other / Unclassified,UNKNOWN,,,,,Not Specified (1)
Centre Fundraising Manager - Southampton,1,Other / Unclassified,UNKNOWN,,,,,Southampton (1)
Part Time Registered Veterinary Nurse (9 Month FTC),1,Healthcare / Clinical,UNKNOWN,,,,,Godmanchester (1)
Property Disputes Associate 2+ PQE - Leading International Firm,1,Other / Unclassified,UNKNOWN,,,,,Not Specified (1)
Management Accountant - CIMA/ ACCA / ACA - Fully qualified- Software - Central London - Hybrid,1,Professional Finance / Accountancy,UNKNOWN,,,,,Not Specified (1)
Private Aesthetic Nurse,1,Healthcare / Clinical,UNKNOWN,,,,,Not Specified (1)
Senior Internal Audit Manager,1,Professional Finance / Accountancy,UNKNOWN,,,,,Not Specified (1)
Class One Driver,1,Driving / Warehouse / Logistics,UNKNOWN,,,,,Warrington (1)
Class 1 HGV LGV Driver - Thursday to Monday Drivers Needed,1,Driving / Warehouse / Logistics,UNKNOWN,,,,,Derby (1)
HGV Class 2 Tanker Driver,1,Driving / Warehouse / Logistics,UNKNOWN,,,,,Southampton (1)
Commercial Driver,1,Driving / Warehouse / Logistics,UNKNOWN,,,,,Portsmouth (1)
HGV 1 and 2 ADR Multidrop Driver,1,Driving / Warehouse / Logistics,UNKNOWN,,,,,Basildon (1)
HGV Class 1 Night Driver ADR,1,Driving / Warehouse / Logistics,UNKNOWN,,,,,Leeds (1)
HGV Class 1 Drivers - Nights,1,Driving / Warehouse / Logistics,UNKNOWN,,,,,Tamworth (1)
HGV 1 Leicester - £17.50-£27.38,1,Driving / Warehouse / Logistics,UNKNOWN,,,,,Coventry (1)
HGV Driver class 1- Days - Permanent Role,1,Driving / Warehouse / Logistics,UNKNOWN,,,,,Coalville (1)
HGV Class 2 driver Recycling and Municiple Operations,1,Driving / Warehouse / Logistics,UNKNOWN,,,,,Tavistock (1)
Class 2 Driver - New Pass Welcome,1,Driving / Warehouse / Logistics,UNKNOWN,,,,,Southampton (1)
Employment Solicitor 8+ PQE,1,Legal / Conveyancing,UNKNOWN,,,,,City (1)
Logistics Supervisor,1,Driving / Warehouse / Logistics,UNKNOWN,,,warehouse_logistics,,Chichester (1)
Female Physical Education Teacher,1,Education / Teaching,UNKNOWN,,,,,Wokingham (1)
Registered Veterinary Nurse -Part Time,1,Healthcare / Clinical,UNKNOWN,,,,,Colchester (1)
Adult Learning - Partnerships & Engagement Officer,1,Other / Unclassified,UNKNOWN,,,admin_service,,Trowbridge (1)
Lifestyle Manager/ Activities coordinator,1,Admin / Customer Service,UNKNOWN,,,admin_service,,Not Specified (1)
Senior In Service Support Manager,1,Other / Unclassified,UNKNOWN,,,,,Not Specified (1)
Senior Media Relations Executive,1,Other / Unclassified,UNKNOWN,,,,,Tamworth (1)
Regional Canvass Manager,1,Other / Unclassified,UNKNOWN,,,,,Exeter (1)
Corporate Tax Consultant,1,Professional Finance / Accountancy,UNKNOWN,,,,,Chelmsford (1)
CMM Programmer / Inspector,1,IT / Data / Software,UNKNOWN,,,,,Banbury (1)
Asset Intelligence Manager,1,Other / Unclassified,UNKNOWN,,,,,Newport (1)
CMM Programmer (Composites),1,IT / Data / Software,UNKNOWN,,,,,Buckingham (1)
Markets Activation Senior Manager - Audit,1,Other / Unclassified,UNKNOWN,,,,,Not Specified (1)
Enterprise Middleware Platform Lead,1,Other / Unclassified,UNKNOWN,,,,,Sheffield (1)
Branch Commercial Sales Manager,1,Sales / Business Development,UNKNOWN,,,,,Glasgow (1)
Senior Client Manager - Accountancy Practice,1,Professional Finance / Accountancy,UNKNOWN,,,,,Reading (1)
Business Support Manager - Nursery Group,1,Admin / Customer Service,UNKNOWN,,,admin_service,,Leicester (1)
Funding Bid Specialist,1,Other / Unclassified,UNKNOWN,,,,,Exeter (1)
Registered Manager - Home Care,1,Care / Support Work,UNKNOWN,,,,,Weybridge (1)
Radar System Modelling Engineer,1,Engineering / Technical,UNKNOWN,,,,,Cambridge (1)
Case Management System Developer,1,IT / Data / Software,UNKNOWN,,,,,Liverpool (1)
Finance and Business Servises Manager,1,Professional Finance / Accountancy,UNKNOWN,,,finance_accounts,,Peterlee (1)
EMEA Product Experience Manager - Senior Associate,1,Other / Unclassified,UNKNOWN,,,,,Not Specified (1)
Systems Engineer - Radar Systems - All Levels,1,IT / Data / Software,UNKNOWN,,,,,Newcastle Upon Tyne (1)
Payroll Software Implementation Specialist,1,Professional Finance / Accountancy,UNKNOWN,,,finance_accounts,,Chorley (1)
Assistant Purchase Ledger,1,Professional Finance / Accountancy,UNKNOWN,,,finance_accounts,,Southwark (1)
Charity Accountant,1,Professional Finance / Accountancy,UNKNOWN,,,,,Cardiff (1)
Fire Security Engineer,1,IT / Data / Software,UNKNOWN,,,,,Not Specified (1)
Women's Support Worker,1,Care / Support Work,UNKNOWN,,,support_worker,,Harrogate (1)
Life Skills Coach,1,Other / Unclassified,UNKNOWN,,,,,Harrogate (1)
Specification Manager,1,Other / Unclassified,UNKNOWN,,,,,Not Specified (1)
Warehouse Operative - PPT DRIVER,1,Driving / Warehouse / Logistics,UNKNOWN,,,warehouse_logistics,,Northampton (1)
Private Client Tax Manager HNWI Advisory Hybrid Working Cambridge,1,Professional Finance / Accountancy,UNKNOWN,,,,,Huntingdon (1)
"Private Client Tax Manager- excellent culture, advisory role, independent firm",1,Professional Finance / Accountancy,UNKNOWN,,,,,Bury St. Edmunds (1)
Private Client Tax Manager- advisory role with inspiring clients,1,Professional Finance / Accountancy,UNKNOWN,,,,,Cambridge (1)
Marketing Assistant/Website Administrator,1,Marketing / Digital / Creative,UNKNOWN,,,admin_service,,Reigate (1)
Credit Controller - TEMP-PERM,1,Other / Unclassified,UNKNOWN,,,finance_accounts,,Not Specified (1)
HR Advisor - 8 Month Contract,1,HR / Recruitment,UNKNOWN,,,hr_recruitment,,Not Specified (1)
Team Leader 30 Hours York Outlet,1,Other / Unclassified,UNKNOWN,,,,,York (1)
Programme Manager Customer Marketing Transformation (FTC),1,Marketing / Digital / Creative,UNKNOWN,,,,,Not Specified (1)
HR Manager / ER Specialist,1,HR / Recruitment,UNKNOWN,,,hr_recruitment,,Portsmouth (1)
Lifeguard,1,Other / Unclassified,UNKNOWN,,,,,Bognor Regis (1)
Chief Digital Officer,1,Marketing / Digital / Creative,UNKNOWN,,,admin_service,,Not Specified (1)
"Senior Principal Gifts Manager - The British Museum - Location: London - Salary: £54,000",1,Other / Unclassified,UNKNOWN,,,,,Not Specified (1)
Finance Transformation Lead,1,Professional Finance / Accountancy,UNKNOWN,,,finance_accounts,,City Of Westminster (1)
Sales Negotiator - SW London,1,Sales / Business Development,UNKNOWN,,,,,Not Specified (1)
Customer Support Executive,1,Admin / Customer Service,UNKNOWN,,,customer_service_contact_centre,,Watford (1)
"Legal Secretary to MD - Poole - &;26,000",1,Legal / Conveyancing,UNKNOWN,,,admin_service,,Poole (1)
Graduate Sales Specialist (Marlow),1,Sales / Business Development,UNKNOWN,,,,,Marlow (1)
Managed Print Service Sales Specialist,1,Sales / Business Development,UNKNOWN,,,,,Normanton (1)
Senior Quality Analyst (Quality Assurance),1,Other / Unclassified,UNKNOWN,,,,,Market Drayton (1)
Sales Leader,1,Sales / Business Development,UNKNOWN,,,,,Basingstoke (1)
Apprentice 18t Driver,1,Driving / Warehouse / Logistics,UNKNOWN,,,,,Exeter (1)
FLT Reach,1,Driving / Warehouse / Logistics,UNKNOWN,,,,,Kettering (1)
Fork Lift Truck Driver - Construction,1,Construction / Trades / Property,UNKNOWN,,,,,Romsey (1)
HGV Class 1 Day Driver - New pass welcome,1,Driving / Warehouse / Logistics,UNKNOWN,,,,,Newtownabbey (1)
Reach Forklift Truck (FLT) Drivers,1,Driving / Warehouse / Logistics,UNKNOWN,,,warehouse_logistics,,Huntingdon (1)
HGV Weekend Driver,1,Driving / Warehouse / Logistics,UNKNOWN,,,,,Kettering (1)
Class 1 Nights Driver,1,Driving / Warehouse / Logistics,UNKNOWN,,,,,Loughborough (1)
HGV1 - 4 on 4 off,1,Other / Unclassified,UNKNOWN,,,,,Kettering (1)
HGV 1 Driver Earn over £1000 Per Week!,1,Driving / Warehouse / Logistics,UNKNOWN,,,,,Lichfield (1)
Counterbalance Forklift Driver / Yard Operative,1,Driving / Warehouse / Logistics,UNKNOWN,,,warehouse_logistics,,Cheltenham (1)
Class 1 Bulk Tipper Driver,1,Driving / Warehouse / Logistics,UNKNOWN,,,,,Sudbury (1)
Class 1 Driver CE,1,Driving / Warehouse / Logistics,UNKNOWN,,,,,St. Helens (1)
HGV Class 1 & Class 2 Drivers,1,Driving / Warehouse / Logistics,UNKNOWN,,,,,Cleckheaton (1)
Class 1 ADR Tramper Driver,1,Driving / Warehouse / Logistics,UNKNOWN,,,,,Alfreton (1)
Northwards - Class 2 Driver - Cumbernauld,1,Driving / Warehouse / Logistics,UNKNOWN,,,,,Glasgow (1)
Northwards - Class 2 Driver - Inverness,1,Driving / Warehouse / Logistics,UNKNOWN,,,,,Inverness (1)
Class 2 - Multidrop Driver,1,Driving / Warehouse / Logistics,UNKNOWN,,,,,Bellshill (1)
Class 2 ADR Tanker Driver - Days- Ellesmere Port,1,Driving / Warehouse / Logistics,UNKNOWN,,,,,Ellesmere Port (1)
forklift flexi bendi driver,1,Driving / Warehouse / Logistics,UNKNOWN,,,warehouse_logistics,,Corby (1)
Class 1 Driver Crane,1,Driving / Warehouse / Logistics,UNKNOWN,,,,,Nottingham (1)
HGV Class 2 Driver - Stevenage,1,Driving / Warehouse / Logistics,UNKNOWN,,,,,Hitchin (1)
Very Narrow Aisle Driver,1,Driving / Warehouse / Logistics,UNKNOWN,,,,,Norwich (1)
HGV Class 1 Driver - Leeds,1,Driving / Warehouse / Logistics,UNKNOWN,,,,,Leeds (1)
Fuel Tanker Driver,1,Driving / Warehouse / Logistics,UNKNOWN,,,,,Ellesmere Port (1)
Housing and Enforcement Specialist,1,Other / Unclassified,UNKNOWN,,,,,Not Specified (1)
Driving Recruitment Consultant,1,Driving / Warehouse / Logistics,UNKNOWN,,,hr_recruitment,,Not Specified (1)
Volkswagen Vehicle Technician,1,Engineering / Technical,UNKNOWN,,,,,Stratford-upon-avon (1)
QA Coordinator,1,Admin / Customer Service,UNKNOWN,,,admin_service,,Leominster (1)
Nucleonic Instrumentation Service (NIS) Team Leader,1,Other / Unclassified,UNKNOWN,,,,,Gosport (1)
Wealth Relationship Manager,1,Other / Unclassified,UNKNOWN,,,,,Not Specified (1)
VP Markets Operations,1,Other / Unclassified,UNKNOWN,,,,,Not Specified (1)
HGV Class 1 ADR Driver (Tramping),1,Driving / Warehouse / Logistics,UNKNOWN,,,,,Not Specified (1)
X6 Class 1 Drivers,1,Other / Unclassified,UNKNOWN,,,,,Sittingbourne (1)
HGV Class 2 ADR Tanker Driver,1,Driving / Warehouse / Logistics,UNKNOWN,,,,,Southampton (1)
Class 1 Driver Days or Nights Available,1,Driving / Warehouse / Logistics,UNKNOWN,,,,,Whitchurch (1)
Class 1 Driver Part Time Nights,1,Driving / Warehouse / Logistics,UNKNOWN,,,,,Grantham (1)
Reach Truck & Counterbalance Driver,1,Driving / Warehouse / Logistics,UNKNOWN,,,,,Newmarket (1)
Gopuff Delivery Drivers or Riders,1,Other / Unclassified,UNKNOWN,,,,,Not Specified (1)
HGV ADR Driver,1,Driving / Warehouse / Logistics,UNKNOWN,,,,,Not Specified (1)
Despatch Clerk,1,Driving / Warehouse / Logistics,UNKNOWN,,,,,Goole (1)
Director - Category Manager (EXM - LCO/Sterile),1,Procurement / Buying / Supply Chain,UNKNOWN,,,,,Harlow (1)
Sales Design Consultant,1,Sales / Business Development,UNKNOWN,,,,,Not Specified (1)
Consultant Emergency Medicine,1,Other / Unclassified,UNKNOWN,,,,,Not Specified (1)
Consultant Psychiatrist - Adult,1,Other / Unclassified,UNKNOWN,,,,,Not Specified (1)
Senior Social Worker - Locality,1,Care / Support Work,UNKNOWN,,,,,Chester (1)
Event Coordinator,1,Admin / Customer Service,UNKNOWN,,,admin_service,,Not Specified (1)
Event Marketing Manager,1,Marketing / Digital / Creative,UNKNOWN,,,,,Not Specified (1)
Conference Production Director,1,Other / Unclassified,UNKNOWN,,,,,Not Specified (1)
Mixed Tax Semi Senior,1,Professional Finance / Accountancy,UNKNOWN,,,,,Bolton (1)
Senior Group FP&A Analyst,1,Other / Unclassified,UNKNOWN,,,,,Not Specified (1)
Senior Account Manager,1,Sales / Business Development,UNKNOWN,,,,,Warrington (1)
Credit Controller (12-Month FTC),1,Other / Unclassified,UNKNOWN,,,finance_accounts,,Warrington (1)
Interim Part TIme Finance Officer,1,Professional Finance / Accountancy,UNKNOWN,,,admin_service; finance_accounts,,Bristol (1)
Commercial Pricing Manager,1,Other / Unclassified,UNKNOWN,,,,,Bristol (1)
Senior Broker - Real Estate Finance,1,Professional Finance / Accountancy,UNKNOWN,,,finance_accounts,,Not Specified (1)
Interim Accounting Technician (schools finance) - local authority,1,Professional Finance / Accountancy,UNKNOWN,,,finance_accounts,,Not Specified (1)
Tax Director - Financial Services Tax,1,Professional Finance / Accountancy,UNKNOWN,,,,,Leeds (1)
Vehicle Service Technician,1,Engineering / Technical,UNKNOWN,,,,,Bishop's Stortford (1)
Senior Tax Manager - Private Business,1,Professional Finance / Accountancy,UNKNOWN,,,,,Manchester (1)
Automotive Skills Coach IQA,1,Other / Unclassified,UNKNOWN,,,,,Not Specified (1)
Business Change Consultant (National Security),1,Other / Unclassified,UNKNOWN,,,,,Cheltenham (1)
Fostering Service Manager,1,Other / Unclassified,UNKNOWN,,,,,Ivybridge (1)
Mortgage Arrears Specialist,1,Financial Advice / Mortgages,UNKNOWN,,,,,Market Harborough (1)
Technical Sales Engineer HVAC Systems,1,Engineering / Technical,UNKNOWN,,,,,Southend-on-sea (1)
Proclaim Solutions Developer,1,IT / Data / Software,UNKNOWN,,,,,Liverpool (1)
Field Sales Executive - Fundraising,1,Sales / Business Development,UNKNOWN,,,,,Worthing (1)
Senior Funding Manager,1,Other / Unclassified,UNKNOWN,,,,,Leeds (1)
Technical Assurance Coordinator,1,Admin / Customer Service,UNKNOWN,,,admin_service,,Ipswich (1)
Field Sales Representative - Self Employed - Remote,1,Sales / Business Development,UNKNOWN,,,,,Biggleswade (1)
Service Manager (Controls / Vacuum / High Voltage),1,Other / Unclassified,UNKNOWN,,,,,Cambridge (1)
Senior Connectivity Engineer,1,Engineering / Technical,UNKNOWN,,,,,Wallingford (1)
Telecoms Specialist Engineer,1,Engineering / Technical,UNKNOWN,,,,,Bridgend (1)
Ruminant Account Manager- Trade (Southwest England) Devon,1,Sales / Business Development,UNKNOWN,,,,,Not Specified (1)
Registered Manager - 6-month FTC,1,Other / Unclassified,UNKNOWN,,,,,Glasgow (1)
Cost Manager - Civils,1,Other / Unclassified,UNKNOWN,,,,,Ipswich (1)
Quotations & Estimating Coordinator,1,Admin / Customer Service,UNKNOWN,,,admin_service,,Hull (1)
Head of Health Sciences,1,Other / Unclassified,UNKNOWN,,,,,Guildford (1)
Escort Fabric Operative,1,Other / Unclassified,UNKNOWN,,,,,Newmarket (1)
Group Risk Administrator,1,Admin / Customer Service,UNKNOWN,,,admin_service,,Not Specified (1)
ERP Finance Implementation Manager,1,Professional Finance / Accountancy,UNKNOWN,,,finance_accounts,,Swindon (1)
CFO / FD / FC - FT or Fractional / Portfolio or CXO - Divestment / Exits 4 the Baby boom,1,Other / Unclassified,UNKNOWN,,,,,Croydon (1)
CFO or FD or FC - FT or Fractional PT Portfolio - Divestment Exit Divest,1,Other / Unclassified,UNKNOWN,,,,,Altrincham (1)
Reward Specialist (Benefits) Inside IR35,1,Other / Unclassified,UNKNOWN,,,,,Not Specified (1)
Electronic Security Engineer,1,IT / Data / Software,UNKNOWN,,,,,Lymm (1)
Integrated Security Engineer,1,IT / Data / Software,UNKNOWN,,,,,Not Specified (1)
Sales Finance Business Partner,1,Professional Finance / Accountancy,UNKNOWN,,,finance_accounts,,Telford (1)
Senior Client Insights Lead,1,Other / Unclassified,UNKNOWN,,,,,Not Specified (1)
Site Security Systems Engineer Project Commissioning Manager,1,IT / Data / Software,UNKNOWN,,,,,Southwark (1)
Medical Records Analyst,1,Healthcare / Clinical,UNKNOWN,,,,,Manchester (1)
Interim Regional People Partner - till Aug 2027,1,HR / Recruitment,UNKNOWN,,,,,Stoke-on-trent (1)
Commercial Vehicles Administrator,1,Admin / Customer Service,UNKNOWN,,,admin_service,,Lisburn (1)
Sales Executive - Relocate to Dubai,1,Sales / Business Development,UNKNOWN,,,,,Not Specified (1)
PR and Media Officer,1,Other / Unclassified,UNKNOWN,,,admin_service,,Perth (1)
HLOP Driver,1,Driving / Warehouse / Logistics,UNKNOWN,,,,,Ripley (1)
FLT - Bendi Driver,1,Driving / Warehouse / Logistics,UNKNOWN,,,,,Leeds (1)
Healthcare Class 2 Service Driver,1,Healthcare / Clinical,UNKNOWN,,,,,Huntingdon (1)
Articulated Dump Truck Driver,1,Driving / Warehouse / Logistics,UNKNOWN,,,,,Crewkerne (1)
Class 2 (Category C) Driver,1,Driving / Warehouse / Logistics,UNKNOWN,,,,,Basildon (1)
2026 - GXO - Manchester - CLASS 2,1,Other / Unclassified,UNKNOWN,,,,,Not Specified (1)
HGV Class 1 Driver (Wellingborough),1,Driving / Warehouse / Logistics,UNKNOWN,,,,,Wellingborough (1)
Composite Reworker,1,Other / Unclassified,UNKNOWN,,,,,Newport (1)
Class 2 Driver - Manchester,1,Driving / Warehouse / Logistics,UNKNOWN,,,,,Not Specified (1)
Winter Maintenance Driver,1,Engineering / Technical,UNKNOWN,,,,,March (1)
ADR Fuel Tanker Driver,1,Driving / Warehouse / Logistics,UNKNOWN,,,,,Yeovil (1)
"Class 1 Drivers - Guaranteed Shifts, Weekly Pay",1,Other / Unclassified,UNKNOWN,,,,,Halifax (1)
Coach Driver,1,Driving / Warehouse / Logistics,UNKNOWN,,,,,Ashford (1)
HGV Class 1 Tramper Driver - Ongoing Work - Hereford,1,Driving / Warehouse / Logistics,UNKNOWN,,,,,Hereford (1)
Deputy ManagerCare Team Leader,1,Other / Unclassified,UNKNOWN,,,,,Helston (1)
Sourcing Coordinator,1,Admin / Customer Service,UNKNOWN,,,admin_service,,Bridlington (1)
Clinical Unit Manager,1,Healthcare / Clinical,UNKNOWN,,,,,Edinburgh (1)
SC Cleared Service Designer,1,Marketing / Digital / Creative,UNKNOWN,,,,,Not Specified (1)
Assistant House Manager,1,Other / Unclassified,UNKNOWN,,,,,Auchterarder (1)
Residential Deputy Manager,1,Other / Unclassified,UNKNOWN,,,,,Ely (1)
Senior Fundraising Manager,1,Other / Unclassified,UNKNOWN,,,,,City (1)
Social Worker - Family Help Pilot Team,1,Care / Support Work,UNKNOWN,,,,,Bournemouth (1)
Deputy Manager Complex care,1,Other / Unclassified,UNKNOWN,,,,,Hull (1)
Gas Service Technical Lead,1,Other / Unclassified,UNKNOWN,,,,,Cambridge (1)
Senior Systems Engineer (SI),1,IT / Data / Software,UNKNOWN,,,,,Falkirk (1)
Investment Manager,1,Other / Unclassified,UNKNOWN,,,,,Leeds (1)
Area Sales Manager Glass,1,Sales / Business Development,UNKNOWN,,,,,Glasgow (1)
Residential Property Lawyer,1,Legal / Conveyancing,UNKNOWN,,,,,Bristol (1)
Transaction Services Director (Lifesciences and Healthcare),1,Healthcare / Clinical,UNKNOWN,,,,,Not Specified (1)
Sales Development Representative (Surveying),1,Sales / Business Development,UNKNOWN,,,,,Not Specified (1)
Part-Time Group Tax Manager (3 days/week),1,Professional Finance / Accountancy,UNKNOWN,,,,,Not Specified (1)
Sales Coordinator (Agricultural),1,Sales / Business Development,UNKNOWN,,,admin_service,,Kirriemuir (1)
Trainee First Aid Trainer - Bristol,1,Other / Unclassified,UNKNOWN,,,,,Bristol (1)
Machine Learning Engineer,1,Engineering / Technical,UNKNOWN,,,,,Cambridge (1)
MOT Tester - Multi Franchise,1,Other / Unclassified,UNKNOWN,,,,,Stoke-on-trent (1)
Audit & Accounts Manager Assistant Manager,1,Professional Finance / Accountancy,UNKNOWN,,,finance_accounts,,Barnet (1)
People & Culture Manager,1,Other / Unclassified,UNKNOWN,,,,,Wetherby (1)
Accounts Payables Assistant,1,Professional Finance / Accountancy,UNKNOWN,,,finance_accounts,,Oldham (1)
Warehouse/Goods In Operative,1,Driving / Warehouse / Logistics,UNKNOWN,,,warehouse_logistics,,Redditch (1)
Tax Advisory Senior Manager / Associate Director,1,Professional Finance / Accountancy,UNKNOWN,,,,,Not Specified (1)
Mixed Tax Advisory Senior Manager,1,Professional Finance / Accountancy,UNKNOWN,,,,,Altrincham (1)
Private Client Tax Advisory Manager,1,Professional Finance / Accountancy,UNKNOWN,,,,,Manchester (1)
Remote Catastrophic Injury Solicitor,1,Legal / Conveyancing,UNKNOWN,,,,,Not Specified (1)
Conveyancing Title Checker,1,Other / Unclassified,UNKNOWN,,,,,Leeds (1)
Healthcare Solicitor,1,Healthcare / Clinical,UNKNOWN,,,,,Manchester (1)
Part Time lettings administrator,1,Construction / Trades / Property,UNKNOWN,,,admin_service,,Farnham (1)
Business Development Manager - Engineering,1,Engineering / Technical,UNKNOWN,,,,,Worcester (1)
Pension Scheme Actuary,1,Other / Unclassified,UNKNOWN,,,,,Not Specified (1)
Senior HR Senior Advisor,1,HR / Recruitment,UNKNOWN,,,hr_recruitment,,Cardiff (1)
Tax Advisory Manager,1,Professional Finance / Accountancy,UNKNOWN,,,,,Nantwich (1)
Associate - Real Estate,1,Other / Unclassified,UNKNOWN,,,,,Not Specified (1)
Private Client Paralegal Wills & LPAs Whitby / Driffield,1,Legal / Conveyancing,UNKNOWN,,,,,Driffield (1)
Content Strategist,1,Marketing / Digital / Creative,UNKNOWN,,,,,Bristol (1)
Event Operations Manager,1,Operations / General Management,UNKNOWN,,,,,Not Specified (1)
Technical Conveyancer,1,Other / Unclassified,UNKNOWN,,,,,Leeds (1)
Property Finance Paralegal,1,Legal / Conveyancing,UNKNOWN,,,finance_accounts,,Winchester (1)
Complex Injury Senior Associate,1,Other / Unclassified,UNKNOWN,,,,,Leeds (1)
Senior Liability Claims Adjuster,1,Other / Unclassified,UNKNOWN,,,,,Not Specified (1)
Licensed Aircraft Engineer,1,Engineering / Technical,UNKNOWN,,,,,Cardiff (1)
VAT Senior Manager,1,Other / Unclassified,UNKNOWN,,,,,Manchester (1)
"Private Client Solicitor Wills, LPAs & Rural Client Base Whitby / Driffield",1,Legal / Conveyancing,UNKNOWN,,,,,Whitby (1)
Senior Internal Communication and Engagement Manager,1,Other / Unclassified,UNKNOWN,,,,,Not Specified (1)
Professional Support Lawyer - Corporate,1,Legal / Conveyancing,UNKNOWN,,,,,Farnborough (1)
Professional Support Lawyer - Property,1,Legal / Conveyancing,UNKNOWN,,,,,Farnborough (1)
"Senior Accountant: Career Progression, collaborative team, latest technology",1,Professional Finance / Accountancy,UNKNOWN,,,,,Stowmarket (1)
Integration Coordinator,1,Admin / Customer Service,UNKNOWN,,,admin_service,,West Drayton (1)
Trading Underwriter,1,Other / Unclassified,UNKNOWN,,,,,Bristol (1)
Despatch Packing Assistant,1,Driving / Warehouse / Logistics,UNKNOWN,,,,,Verwood (1)
Senior Accountant Join a Modern & People-Focused Company,1,Professional Finance / Accountancy,UNKNOWN,,,,,Bury St. Edmunds (1)
"Senior Accountant Xero, Iris & Dext Experience Wanted Suffolk",1,Professional Finance / Accountancy,UNKNOWN,,,,,Ely (1)
"Senior Accountant: technology-drive company, independent business with development opportunities",1,Professional Finance / Accountancy,UNKNOWN,,,,,Thetford (1)
"Senior Accountant - outsourcing services, modern independent firm, great benefits",1,Professional Finance / Accountancy,UNKNOWN,,,,,Haverhill (1)
Senior Business Advisory,1,Other / Unclassified,UNKNOWN,,,,,Glasgow (1)
IFA Administrator - Financial Planning,1,Financial Advice / Mortgages,UNKNOWN,,,admin_service,,Not Specified (1)
Transformation Director (CIO / CTO),1,Other / Unclassified,UNKNOWN,,,,,Not Specified (1)
DB Pensions Administrator and Senior Pensions Administrator home based to 42k,1,Admin / Customer Service,UNKNOWN,,,admin_service,,Leeds (1)
"Urgently need DB Pensions Administrators, Implementation, Projects, Pensions Data 20-85k",1,Other / Unclassified,UNKNOWN,,,admin_service,,Leeds (1)
Class 1 Multidrop,1,Other / Unclassified,UNKNOWN,,,,,Not Specified (1)
HGV 1 Baginton - £17.50-£27.38,1,Driving / Warehouse / Logistics,UNKNOWN,,,,,Kenilworth (1)
X6 HGV Class 1 Weekend Drivers,1,Driving / Warehouse / Logistics,UNKNOWN,,,,,Sittingbourne (1)
LGV C+E Class 1 Tanker Drivers,1,Driving / Warehouse / Logistics,UNKNOWN,,,,,Market Drayton (1)
Project Implementation Manager,1,Other / Unclassified,UNKNOWN,,,,,St. Asaph (1)
Trials Conducting Officer,1,Other / Unclassified,UNKNOWN,,,admin_service,,Cranfield (1)
Management Accountant (Antrim),1,Professional Finance / Accountancy,UNKNOWN,,,,,Antrim (1)
Residential Property Manager,1,Construction / Trades / Property,UNKNOWN,,,,,Greenford (1)
Transactional Finance Manager,1,Professional Finance / Accountancy,UNKNOWN,,,finance_accounts,,Leeds (1)
Engineering Apprenticeship Assessor,1,Engineering / Technical,UNKNOWN,,,,,Colchester (1)
Senior HR Administrator,1,HR / Recruitment,KNOWN,hr_recruitment:ELASTIC_FIT,hr_recruitment,admin_service; hr_recruitment,,Littlehampton (1)
Senior Data Privacy Manager,1,Other / Unclassified,UNKNOWN,,,,,Not Specified (1)
Senior Manager - Global Ebilling,1,Other / Unclassified,UNKNOWN,,,finance_accounts,,Not Specified (1)
Marketing Automation Executive,1,Marketing / Digital / Creative,UNKNOWN,,,,,Hinckley (1)
HR Business Partner - ER specialist,1,HR / Recruitment,UNKNOWN,,,hr_recruitment,,Leeds (1)
Head of Business Partnering,1,Other / Unclassified,UNKNOWN,,,,,Not Specified (1)
Paraplanner - Senior Client Manager,1,Financial Advice / Mortgages,UNKNOWN,,,,,Warrington (1)
Mortgage Underwriter,1,Financial Advice / Mortgages,UNKNOWN,,,,,Manchester (1)
Auditor - Public Sector Audit,1,Professional Finance / Accountancy,UNKNOWN,,,,,Not Specified (1)
Band 6 Occupational Therapist,1,Healthcare / Clinical,KNOWN,admin_service:HARD_PASS,,,,Not Specified (1)
Sales Ledger Administrator,1,Professional Finance / Accountancy,KNOWN,admin_service:HIGH_CONFIDENCE; finance_accounts:HIGH_CONFIDENCE,admin_service; finance_accounts,admin_service; finance_accounts,,Winsford (1)
Marketing and Campaigns Officer - 6 month contract,1,Marketing / Digital / Creative,UNKNOWN,,,admin_service,,Not Specified (1)
Accounts Payable Co-ordinator,1,Professional Finance / Accountancy,UNKNOWN,,,finance_accounts,,Leicester (1)
Fixed Asset Accountant,1,Professional Finance / Accountancy,UNKNOWN,,,,,Not Specified (1)
Fleet Administrator,1,Admin / Customer Service,KNOWN,admin_service:HIGH_CONFIDENCE; customer_service_contact_centre:REVIEW_CONTEXT_DEPENDENT; hr_recruitment:REVIEW_CONTEXT_DEPENDENT,admin_service,admin_service,,Leatherhead (1)
"Global Brand Manager, Communications",1,Marketing / Digital / Creative,UNKNOWN,,,,,Not Specified (1)
Senior Independant Financial Adviser,1,Financial Advice / Mortgages,UNKNOWN,,,,,Worthing (1)
HSE Advisor,1,Other / Unclassified,UNKNOWN,,,,,Basingstoke (1)
Digital Brand Manager,1,Marketing / Digital / Creative,UNKNOWN,,,,,Not Specified (1)
"VAT & PSA Assistant Manager, PAYE Settlement Agreement, Gatwick, Crawley, West Sussex",1,Other / Unclassified,UNKNOWN,,,,,Crawley (1)
Mental Health Tribunal Paralegal,1,Legal / Conveyancing,UNKNOWN,,,,,Wirral (1)
Senior Case Worker,1,Other / Unclassified,UNKNOWN,,,,,Not Specified (1)
PMO Analyst (Change & Transformation),1,Other / Unclassified,UNKNOWN,,,,,Not Specified (1)
Purchase Ledger Clerk (Temp),1,Professional Finance / Accountancy,UNKNOWN,,,finance_accounts,,Cambridge (1)
Finance Process Manager,1,Professional Finance / Accountancy,UNKNOWN,,,finance_accounts,,Chelmsford (1)
Part Time New Homes Sales Negotiator,1,Sales / Business Development,UNKNOWN,,,,,Wisbech (1)
Mortgage Services Sales Manager,1,Financial Advice / Mortgages,UNKNOWN,,,,,Basildon (1)
Professional Indemnity Account Executive,1,Sales / Business Development,KNOWN,finance_accounts:OUT_OF_SCOPE,,,,Bristol (1)
Cook,1,Hospitality / Catering,UNKNOWN,,,,,Eastbourne (1)
Head of Litigation & Disputes (Permanent),1,Legal / Conveyancing,UNKNOWN,,,,,Plymouth (1)
Personal Injury Claims Handler,1,Other / Unclassified,UNKNOWN,,,,,Manchester (1)
Investment Support Administrator,1,Admin / Customer Service,KNOWN,finance_accounts:OUT_OF_SCOPE; customer_service_contact_centre:REVIEW_CONTEXT_DEPENDENT; hr_recruitment:REVIEW_CONTEXT_DEPENDENT,,admin_service,,Colchester (1)
Mortgage Advisor - North Norfolk - Abbotts,1,Financial Advice / Mortgages,UNKNOWN,,,,,Fakenham (1)
Senior Account Director,1,Other / Unclassified,UNKNOWN,,,,,Bristol (1)
Senior Digital Marketing Specialist,1,Marketing / Digital / Creative,UNKNOWN,,,,,Dereham (1)
IFA Co-Ordinator (Administrator),1,Financial Advice / Mortgages,UNKNOWN,,,admin_service,,Nottingham (1)
Credit Controller (SME Accounts),1,Professional Finance / Accountancy,UNKNOWN,,,finance_accounts,,High Wycombe (1)
Senior W&I Claims Advocate,1,Other / Unclassified,UNKNOWN,,,,,Not Specified (1)
Group Financial Operations Manager,1,Operations / General Management,UNKNOWN,,,,,Not Specified (1)
Pricing Manager (RV),1,Other / Unclassified,UNKNOWN,,,,,Not Specified (1)
Part-Time Payroll Clerk,1,Professional Finance / Accountancy,UNKNOWN,,,finance_accounts,,Nottingham (1)
Production Supervisor,1,Other / Unclassified,UNKNOWN,,,,,Lichfield (1)
SAP GRIR Analyst,1,Other / Unclassified,UNKNOWN,,,,,Nottingham (1)
"Permanent: Senior Operations Manager to &;75,000",1,Operations / General Management,UNKNOWN,,,,,Not Specified (1)
Digital Marketing Manager (FMCG),1,Marketing / Digital / Creative,UNKNOWN,,,,,Not Specified (1)
Presenter and Content Creator,1,Marketing / Digital / Creative,UNKNOWN,,,,,Warrington (1)
Paralegal (6-month FTC),1,Legal / Conveyancing,UNKNOWN,,,,,Not Specified (1)
Management Accountant (6-Month FTC),1,Professional Finance / Accountancy,UNKNOWN,,,,,Burton-on-trent (1)
Purchase Ledger Clerk / Finance Officer,1,Professional Finance / Accountancy,UNKNOWN,,,admin_service; finance_accounts,,Cardiff (1)
Head of Client Accounting Transformation,1,Other / Unclassified,UNKNOWN,,,finance_accounts,,Not Specified (1)
Ongoing Due Diligence Analyst,1,Other / Unclassified,UNKNOWN,,,,,Edinburgh (1)
Accounting Practice Manager,1,Other / Unclassified,UNKNOWN,,,finance_accounts,,Diss (1)
Part Time Finance Assistant (Temp),1,Professional Finance / Accountancy,UNKNOWN,,,finance_accounts,,Edinburgh (1)
Interim Head of FP&A,1,Other / Unclassified,UNKNOWN,,,,,Not Specified (1)
Used Car Area Sales Manager - Passenger Cars,1,Sales / Business Development,UNKNOWN,,,,,Not Specified (1)
HR & Payroll Assistant,1,Professional Finance / Accountancy,KNOWN,hr_recruitment:HIGH_CONFIDENCE,hr_recruitment,finance_accounts; hr_recruitment,,Rochdale (1)
Finance Transformation - Management Consulting - 12m contract,1,Professional Finance / Accountancy,UNKNOWN,,,finance_accounts,,Not Specified (1)
Lecturer in Plumbing,1,Education / Teaching,UNKNOWN,,,,,High Wycombe (1)
Cash Allocation/Credit Control,1,Professional Finance / Accountancy,UNKNOWN,,,finance_accounts,,Leicester (1)
Part-time Interim HR Manager,1,HR / Recruitment,UNKNOWN,,,hr_recruitment,,Not Specified (1)
Trade Plate Driver,1,Driving / Warehouse / Logistics,UNKNOWN,,,,,Northampton (1)
Reach Truck / VNA Driver,1,Driving / Warehouse / Logistics,UNKNOWN,,,,,Kettering (1)
PPT Driver Rotational,1,Driving / Warehouse / Logistics,UNKNOWN,,,,,Worksop (1)
LLOP Driver Nights,1,Driving / Warehouse / Logistics,UNKNOWN,,,,,Worksop (1)
Transport Manager,1,Driving / Warehouse / Logistics,UNKNOWN,,,,,Cardiff (1)
Internal Sales & Production Coordinator,1,Sales / Business Development,UNKNOWN,,,admin_service,,Rossendale (1)
Lecturer in Business Psychology,1,Education / Teaching,UNKNOWN,,,,,Not Specified (1)
Procurement Administrator,1,Procurement / Buying / Supply Chain,KNOWN,admin_service:HIGH_CONFIDENCE; customer_service_contact_centre:REVIEW_CONTEXT_DEPENDENT; hr_recruitment:REVIEW_CONTEXT_DEPENDENT,admin_service,admin_service,,Cranfield (1)
Post-Award Finance Manager,1,Professional Finance / Accountancy,UNKNOWN,,,finance_accounts,,Durham (1)
Early Intervention and Safeguarding Lead,1,Other / Unclassified,UNKNOWN,,,,,Guildford (1)
Head of Psychology,1,Other / Unclassified,UNKNOWN,,,,,Guildford (1)
Estimator - HGV Vehicle Repair & Refurbishment,1,Construction / Trades / Property,UNKNOWN,,,,,Dursley (1)
Lecturer / Instructor in Electrical Installation,1,Education / Teaching,UNKNOWN,,,,,Newcastle (1)
Lived Experience Facilitator,1,Other / Unclassified,UNKNOWN,,,,,Biggleswade (1)
Community Development Worker (Bradford),1,Other / Unclassified,UNKNOWN,,,,,Bradford (1)
New Corporate Partnerships Manager,1,Other / Unclassified,UNKNOWN,,,,,Not Specified (1)
Hull and East Riding - Family Engagement Officer,1,Other / Unclassified,UNKNOWN,,,admin_service,,Not Specified (1)
Senior Fundraising Compliance Officer,1,Other / Unclassified,UNKNOWN,,,admin_service,,Not Specified (1)
Board Treasurer,1,Other / Unclassified,UNKNOWN,,,,,Not Specified (1)
Trustee with SEND expertise,1,Other / Unclassified,UNKNOWN,,,,,Exeter (1)
Clinical Trustee,1,Healthcare / Clinical,UNKNOWN,,,,,Northampton (1)
"Senior Youth Worker, Employability and Enterprise",1,Care / Support Work,UNKNOWN,,,,,Not Specified (1)
Trustee (Chair of Trustees),1,Other / Unclassified,UNKNOWN,,,,,Bradford-on-avon (1)
Supporter Journey Executive - CRM,1,Other / Unclassified,UNKNOWN,,,,,Grantham (1)
Neo-Natal Support Worker - London and South East,1,Care / Support Work,UNKNOWN,,,support_worker,,Not Specified (1)
Mental Health Crisis Alternative Recovery Worker,1,Other / Unclassified,UNKNOWN,,,,,Hounslow (1)
Anti-Social Behaviour Officer,1,Other / Unclassified,UNKNOWN,,,admin_service,,Thatcham (1)
Supporter Experience and Journeys Lead,1,Other / Unclassified,UNKNOWN,,,,,Crawley (1)
Roving Human Resources Manager,1,HR / Recruitment,UNKNOWN,,,hr_recruitment,,Manchester (1)
Quality of Education Trustee,1,Education / Teaching,UNKNOWN,,,,,Not Specified (1)
Paralegal/Legal Operations Assistant/Legal Tech Assistant,1,Legal / Conveyancing,UNKNOWN,,,,,Not Specified (1)
Temporary Purchase Ledger Assistant 3 days a week,1,Professional Finance / Accountancy,UNKNOWN,,,finance_accounts,,Tenterden (1)
Junior Resident Service Manager,1,Other / Unclassified,UNKNOWN,,,,,Reading (1)
Technical Author,1,Other / Unclassified,UNKNOWN,,,,,Milton Keynes (1)
Sponsorship Sales Manager,1,Sales / Business Development,UNKNOWN,,,,,Not Specified (1)
Junior Paraplanner,1,Financial Advice / Mortgages,UNKNOWN,,,,,Sutton Coldfield (1)
Corporate Tax Associate,1,Professional Finance / Accountancy,UNKNOWN,,,,,Guildford (1)
VAT Manager - Reading,1,Other / Unclassified,UNKNOWN,,,,,Reading (1)
PDR Paintless Dent Removal,1,Other / Unclassified,UNKNOWN,,,,,Peterborough (1)
eBilling - Manchester,1,Other / Unclassified,UNKNOWN,,,finance_accounts,,Manchester (1)
Senior Digital Analyst - Bradford,1,Marketing / Digital / Creative,UNKNOWN,,,,,Bradford (1)
Senior Claims Advocate - Crisis Management,1,Other / Unclassified,UNKNOWN,,,,,Not Specified (1)
eBilling - Glasgow,1,Other / Unclassified,UNKNOWN,,,finance_accounts,,Glasgow (1)
HR Policies Assistant,1,HR / Recruitment,UNKNOWN,,,hr_recruitment,,Exeter (1)
Senior Independent Financial Adviser,1,Financial Advice / Mortgages,UNKNOWN,,,,,Not Specified (1)
eBilling Assistant - Birmingham,1,Other / Unclassified,UNKNOWN,,,finance_accounts,,Not Specified (1)
Head of Reward,1,Other / Unclassified,UNKNOWN,,,,,Not Specified (1)
Band 6 Physiotherapist,1,Other / Unclassified,UNKNOWN,,,,,Not Specified (1)
LCV Technician,1,Engineering / Technical,UNKNOWN,,,,,Carlisle (1)
eBilling Assistant - Leeds,1,Other / Unclassified,UNKNOWN,,,finance_accounts,,Leeds (1)
German Speaking Legal PA,1,Legal / Conveyancing,UNKNOWN,,,,,Not Specified (1)
Intermediate / Multi Track File Handler,1,Other / Unclassified,UNKNOWN,,,,,Liverpool (1)
Accounts Payable (Spanish Speaking),1,Professional Finance / Accountancy,UNKNOWN,,,finance_accounts,,Not Specified (1)
HR/Payroll Administrator,1,Professional Finance / Accountancy,UNKNOWN,,,admin_service; finance_accounts,,Motherwell (1)
Interim Head of Marketing,1,Marketing / Digital / Creative,UNKNOWN,,,,,Not Specified (1)
Mixed Tax Associate Director,1,Professional Finance / Accountancy,UNKNOWN,,,,,Swanley (1)
SENIOR BENEFITS ADVISOR,1,Other / Unclassified,UNKNOWN,,,,,Not Specified (1)
Alliance Configuration Management Engineer,1,Engineering / Technical,UNKNOWN,,,,,Not Specified (1)
Housing Standards Systems Manager,1,Other / Unclassified,UNKNOWN,,,,,Norwich (1)
Intensive Worker,1,Other / Unclassified,UNKNOWN,,,,,Southampton (1)
Social Worker (Fostering Recruitment and Assessment),1,Care / Support Work,UNKNOWN,,,hr_recruitment,,Swanwick (1)
HGV Class 2 Driver New Passes,1,Driving / Warehouse / Logistics,UNKNOWN,,,,,Bristol (1)
Visiting Scheme Manager - The Croft,1,Other / Unclassified,UNKNOWN,,,,,Epsom (1)
Ship Control Instructor (Warrant / Senior Navy Officer),1,Other / Unclassified,UNKNOWN,,,admin_service,,Helensburgh (1)
Technical Sales Representative,1,Sales / Business Development,UNKNOWN,,,,,Bristol (1)
Security Engineer - MOD/Defence - DV Cleared,1,IT / Data / Software,UNKNOWN,,,,,Farnborough (1)
Director - Debt Advisory,1,Other / Unclassified,UNKNOWN,,,,,Not Specified (1)
Temporary Legal Cashier,1,Legal / Conveyancing,UNKNOWN,,,,,Not Specified (1)
Commercial Brand Manager,1,Marketing / Digital / Creative,UNKNOWN,,,,,Manchester (1)
Tax Manager - Advisory,1,Professional Finance / Accountancy,UNKNOWN,,,,,Crawley (1)
Deputy Head of HR,1,HR / Recruitment,UNKNOWN,,,hr_recruitment,,Not Specified (1)
Payroll Supervisor/Manager,1,Professional Finance / Accountancy,UNKNOWN,,,finance_accounts,,Wakefield (1)
Mixed Tax Advisory Manager,1,Professional Finance / Accountancy,UNKNOWN,,,,,Tunbridge Wells (1)
Luxury Retail Brand Image Operations Coordinator,1,Retail / Store,UNKNOWN,,,admin_service,,Not Specified (1)
Systems Accountant (Agresso),1,Professional Finance / Accountancy,UNKNOWN,,,,,Not Specified (1)
Corporate Finance Executive,1,Professional Finance / Accountancy,UNKNOWN,,,finance_accounts,,Newcastle Upon Tyne (1)
Finance Planning & Analysis Analyst - SG&A,1,Professional Finance / Accountancy,UNKNOWN,,,finance_accounts,,Northampton (1)
Senior Manager or Director,1,Other / Unclassified,UNKNOWN,,,,,Not Specified (1)
Clinical Independent - New Romney ( Kent ),1,Healthcare / Clinical,UNKNOWN,,,,,New Romney (1)
"Optometrist Opportunity Killarney!/ Multiple practice/ €90,000!",1,Other / Unclassified,UNKNOWN,,,,,Ireland (1)
"Optometrist, Rhyl, North Wales",1,Other / Unclassified,UNKNOWN,,,,,Not Specified (1)
"Optometrist - Hythe, Southampton, Hampshire",1,Other / Unclassified,UNKNOWN,,,,,Hythe (1)
"Optical Assistant - Monday to Friday, Denton, Greater Manchester",1,Other / Unclassified,UNKNOWN,,,,,Not Specified (1)
Resident Optometrist - OPENING SEPTEMBER 2026!,1,Other / Unclassified,UNKNOWN,,,,,Doncaster (1)
Optometrist - Dorset,1,Other / Unclassified,UNKNOWN,,,,,Bournemouth (1)
Dispensing Optician Manager - Job share,1,Other / Unclassified,UNKNOWN,,,,,Boldon Colliery (1)
"Mobile Hearing Aid Audiologist, Nottinghamshire",1,Other / Unclassified,UNKNOWN,,,,,Not Specified (1)
Optical Assistant job in Walsall,1,Other / Unclassified,UNKNOWN,,,,,Walsall (1)
Dispensing Optician job in Coventry,1,Other / Unclassified,UNKNOWN,,,,,Coventry (1)
Dispensing Optician Manager job in Hertfordshire,1,Other / Unclassified,UNKNOWN,,,,,Not Specified (1)
Dispensing Optician job in Leiston,1,Other / Unclassified,UNKNOWN,,,,,Leiston (1)
Dispensing Optician job in Edinburgh,1,Other / Unclassified,UNKNOWN,,,,,Not Specified (1)
Optical Practice Manager job in Ipswich,1,Other / Unclassified,UNKNOWN,,,,,Ipswich (1)
Optical Assistant job in Leicester,1,Other / Unclassified,UNKNOWN,,,,,Leicester (1)
Dispensing Optician job in South Staffordshire,1,Other / Unclassified,UNKNOWN,,,,,Not Specified (1)
Optical Assistant job in Bristol,1,Other / Unclassified,UNKNOWN,,,,,Not Specified (1)
Optical Assistant job in Bexleyheath,1,Other / Unclassified,UNKNOWN,,,,,Bexleyheath (1)
Optical Assistant job in South East London,1,Other / Unclassified,UNKNOWN,,,,,Not Specified (1)
Optical Assistant job in Stafford,1,Other / Unclassified,UNKNOWN,,,,,Stafford (1)
Head of Major Donor Fundraising,1,Other / Unclassified,UNKNOWN,,,,,Not Specified (1)
Interim Head of Fundraising,1,Other / Unclassified,UNKNOWN,,,,,Not Specified (1)
"Reach Truck Driver, Afternoon",1,Driving / Warehouse / Logistics,UNKNOWN,,,,,Corby (1)
7.5t Night Delivery Driver,1,Driving / Warehouse / Logistics,UNKNOWN,,,,,Not Specified (1)
HGV Class 1 Driver - 45hrs Guaranteed Fri-Mon,1,Driving / Warehouse / Logistics,UNKNOWN,,,,,Kettering (1)
HGV 1 Shunter - Nights Fri to Monday,1,Driving / Warehouse / Logistics,UNKNOWN,,,,,Rugby (1)
HGV Class 2 ADR Cylinder Driver,1,Driving / Warehouse / Logistics,UNKNOWN,,,,,Thame (1)
HGV Class 1 Night Trunker,1,Driving / Warehouse / Logistics,UNKNOWN,,,,,Runcorn (1)
Class 1 Multidrop Driver,1,Driving / Warehouse / Logistics,UNKNOWN,,,,,Not Specified (1)
Class 2 Dustcart Driver,1,Driving / Warehouse / Logistics,UNKNOWN,,,,,Eastleigh (1)
Traffic Marshall Cornwall,1,Other / Unclassified,UNKNOWN,,,,,Exeter (1)
Logistics Manager,1,Driving / Warehouse / Logistics,UNKNOWN,,,warehouse_logistics,,Hull (1)
Territory Sales Consultant,1,Sales / Business Development,UNKNOWN,,,,,Newbury (1)
Senior Sales Advisor,1,Sales / Business Development,UNKNOWN,,,,,Portland (1)
Business Development Manager Construction & Agriculture,1,Construction / Trades / Property,UNKNOWN,,,,,Hinckley (1)
Relief Support Worker (Driver),1,Care / Support Work,UNKNOWN,,,support_worker,,Shipston-on-stour (1)
Consultant Clinical or Neuropsychologist - Part time,1,Healthcare / Clinical,UNKNOWN,,,,,Gloucester (1)
HRBP,1,Other / Unclassified,UNKNOWN,,,,,Harlow (1)
Tax Partner,1,Professional Finance / Accountancy,UNKNOWN,,,,,Manchester (1)
Senior Payroll Administrator,1,Professional Finance / Accountancy,UNKNOWN,,,admin_service; finance_accounts,,Swindon (1)
Plant Financial Controller,1,Professional Finance / Accountancy,UNKNOWN,,,,,Warrington (1)
Experienced Sales Negotiator,1,Sales / Business Development,UNKNOWN,,,,,Waltham Cross (1)
Personal Tax Senior - Leighton Buzzard,1,Professional Finance / Accountancy,UNKNOWN,,,,,Leighton Buzzard (1)
Associate - Planning,1,Other / Unclassified,UNKNOWN,,,,,Not Specified (1)
Managing Director,1,Operations / General Management,UNKNOWN,,,,,Newcastle Upon Tyne (1)
IT Project Manager,1,Operations / General Management,UNKNOWN,,,,,Not Specified (1)
IFA Admin,1,Financial Advice / Mortgages,UNKNOWN,,,admin_service,,Glasgow (1)
Temporary Senior HR Administrator,1,HR / Recruitment,UNKNOWN,,,admin_service; hr_recruitment,,Not Specified (1)
European Credit Manager,1,Other / Unclassified,UNKNOWN,,,,,Basingstoke (1)
Marketing Associate,1,Marketing / Digital / Creative,UNKNOWN,,,,,Leicester (1)
Tech Recruiter - 12 months contract,1,HR / Recruitment,UNKNOWN,,,hr_recruitment,,Not Specified (1)
Nurse Manager / Clinical Lead,1,Healthcare / Clinical,UNKNOWN,,,,,Southend-on-sea (1)
Account Executive,1,Sales / Business Development,UNKNOWN,,,,,Not Specified (1)
Second Charge Mortgage Broker,1,Financial Advice / Mortgages,UNKNOWN,,,,,Not Specified (1)
Accounts Payable Associate,1,Professional Finance / Accountancy,UNKNOWN,,,finance_accounts,,Warrington (1)
Bodyshop Manager / Controller,1,Other / Unclassified,UNKNOWN,,,,,Whitstable (1)
Property Litigation Fee Earner,1,Legal / Conveyancing,UNKNOWN,,,,,Chesterfield (1)
Senior Business Development Manager - Bridging Finance,1,Professional Finance / Accountancy,UNKNOWN,,,finance_accounts,,Not Specified (1)
Sales & Lettings Administrator,1,Construction / Trades / Property,UNKNOWN,,,admin_service,,Barnet (1)
Operational Pension Administrator,1,Admin / Customer Service,UNKNOWN,,,admin_service,,Liverpool (1)
"Corporate Tax Advisor - Hybrid, Milton Keynes",1,Professional Finance / Accountancy,UNKNOWN,,,,,Milton Keynes (1)
Complaints Team Leader,1,Admin / Customer Service,UNKNOWN,,,customer_service_contact_centre,,Not Specified (1)
Bridging Finance Broker,1,Professional Finance / Accountancy,UNKNOWN,,,finance_accounts,,Not Specified (1)
Non Medical Prescriber,1,Healthcare / Clinical,KNOWN,admin_service:OUT_OF_SCOPE,,,,Southend-on-sea (1)
Tax Supervisor,1,Professional Finance / Accountancy,UNKNOWN,,,,,Watford (1)
3 x Junior Legal PA - &;41k - Hybrid 3:2,1,Legal / Conveyancing,UNKNOWN,,,,,Not Specified (1)
ATT Qualified Tax Assistant,1,Professional Finance / Accountancy,UNKNOWN,,,,,Hitchin (1)
Junior Management Accountant,1,Professional Finance / Accountancy,UNKNOWN,,,,,Not Specified (1)
Immunisation Nurse - York,1,Healthcare / Clinical,UNKNOWN,,,,,Not Specified (1)
Financial Controller - Sports,1,Professional Finance / Accountancy,UNKNOWN,,,,,Ealing (1)
Interim Fixed Asset Accountant,1,Professional Finance / Accountancy,UNKNOWN,,,,,Not Specified (1)
Talent Acquisition Specialist,1,HR / Recruitment,UNKNOWN,,,hr_recruitment,,Not Specified (1)
Payroll Administrator - Part time,1,Professional Finance / Accountancy,UNKNOWN,,,admin_service; finance_accounts,,Knutsford (1)
Deputy Finance Business Partner,1,Professional Finance / Accountancy,UNKNOWN,,,finance_accounts,,Swindon (1)
Embedded Software Engineer,1,IT / Data / Software,UNKNOWN,,,,,Yeovil (1)
Program Controls Specialist I,1,Other / Unclassified,UNKNOWN,,,,,Yeovil (1)
Field Employee Relations Advisor,1,HR / Recruitment,UNKNOWN,,,,,Mancot (1)
LPC/SQE1 graduates,1,Other / Unclassified,UNKNOWN,,,,,Not Specified (1)
Senior Front Office Software Engineer,1,IT / Data / Software,UNKNOWN,,,admin_service,,Not Specified (1)
"Freelance, Integrated Account Director",1,Other / Unclassified,UNKNOWN,,,,,Not Specified (1)
"Freelance, Public Relations Account Director",1,Marketing / Digital / Creative,UNKNOWN,,,,,Not Specified (1)
Property and Casualty Underwriter,1,Other / Unclassified,UNKNOWN,,,,,Not Specified (1)
Porsche Vehicle Technician,1,Engineering / Technical,UNKNOWN,,,,,Towcester (1)
Trade Mark Attorney,1,Other / Unclassified,UNKNOWN,,,,,Not Specified (1)
Regulatory Disputes Associate,1,Other / Unclassified,UNKNOWN,,,,,Not Specified (1)
Porsche Tyre and Wheel Alignment Technician,1,Engineering / Technical,UNKNOWN,,,,,Towcester (1)
Inventory and Viewings Associate,1,Other / Unclassified,UNKNOWN,,,,,Nottingham (1)
Company Commercial Solicitor,1,Legal / Conveyancing,UNKNOWN,,,,,Not Specified (1)
Locum Senior Planning Solicitor,1,Legal / Conveyancing,UNKNOWN,,,,,Not Specified (1)
Porsche MOT Tester,1,Other / Unclassified,UNKNOWN,,,,,Towcester (1)
Domiciliary Registered Manager,1,Care / Support Work,KNOWN,admin_service:OUT_OF_SCOPE,,,,Kendal (1)
Field Debt Recovery Agent,1,Other / Unclassified,UNKNOWN,,,,,Scarborough (1)
Nuclear Engineering Instructor (Ex-Submariner / Watchkeeper),1,Engineering / Technical,UNKNOWN,,,,,Helensburgh (1)
Care Team Leader - Days,1,Other / Unclassified,UNKNOWN,,,,,Rochford (1)
Part-Time Clinical/Forensic Psychologist,1,Healthcare / Clinical,UNKNOWN,,,,,Reading (1)
Trust Tax Advisor,1,Professional Finance / Accountancy,UNKNOWN,,,,,Stamford (1)
AWS Architect,1,Other / Unclassified,UNKNOWN,,,,,Cheltenham (1)
HyperMill Programmer,1,IT / Data / Software,UNKNOWN,,,,,Chipping Norton (1)
Head of Conveyancing,1,Other / Unclassified,UNKNOWN,,,,,Brierley Hill (1)
Registered Manager Learning Disabilities,1,Other / Unclassified,UNKNOWN,,,,,Batley (1)
Manufacturing Cost & Inventory Accountant,1,Professional Finance / Accountancy,UNKNOWN,,,,,Chester (1)
Senior Safety Case Engineer,1,Engineering / Technical,UNKNOWN,,,,,Not Specified (1)
PCB Test Engineer Defence Manufacturing,1,IT / Data / Software,UNKNOWN,,,,,Not Specified (1)
Senior Firmware Engineer,1,Engineering / Technical,UNKNOWN,,,,,Cambridge (1)
Head of Asset Management - Performance & Risk,1,Other / Unclassified,UNKNOWN,,,,,Warrington (1)
Vehicle Systems Technician,1,Engineering / Technical,UNKNOWN,,,,,Guildford (1)
Sr Lead Software Engineer- Public Cloud,1,IT / Data / Software,UNKNOWN,,,,,Glasgow (1)
SEND Teacher- Maternity cover,1,Education / Teaching,UNKNOWN,,,,,Trimdon (1)
Bespoke Teacher,1,Education / Teaching,UNKNOWN,,,,,Hythe (1)
SEN teacher (with potential for subject responsibility),1,Education / Teaching,UNKNOWN,,,,,Calstock (1)
Primary SEN Teacher,1,Education / Teaching,UNKNOWN,,,,,Spencers Wood (1)
D&T Instructor/Teacher,1,Education / Teaching,UNKNOWN,,,,,Slinfold (1)
Maths Teacher (Maternity cover),1,Education / Teaching,UNKNOWN,,,,,Combe St. Nicholas (1)
SEN Teacher - Music and/or ICT,1,Education / Teaching,UNKNOWN,,,,,Calstock (1)
HR Business Partner in Contract to Perm role,1,HR / Recruitment,UNKNOWN,,,hr_recruitment,,Not Specified (1)
Trust Tax Manager - Thame,1,Professional Finance / Accountancy,UNKNOWN,,,,,Thame (1)
Sales Ledger Assistant (Hybrid),1,Professional Finance / Accountancy,UNKNOWN,,,finance_accounts,,Newport (1)
Commercial Vehicle Sales Manager,1,Sales / Business Development,UNKNOWN,,,,,Glasgow (1)
Legal Technologist,1,Legal / Conveyancing,UNKNOWN,,,,,Manchester (1)
Senior Business Change Project Manager,1,Operations / General Management,UNKNOWN,,,,,Leeds (1)
BMW Trainee Vehicle Technician,1,Engineering / Technical,UNKNOWN,,,,,Swansea (1)
Private Client Legal Secretary,1,Legal / Conveyancing,UNKNOWN,,,admin_service,,Farnham (1)
Locum Senior Information Governance Officer,1,Other / Unclassified,UNKNOWN,,,admin_service,,Not Specified (1)
Commercial Claims Handler (Personal Lines Handlers Considered!),1,Other / Unclassified,UNKNOWN,,,,,Leeds (1)
Packing Operative,1,Other / Unclassified,UNKNOWN,,,,,Harlow (1)
Claims Handler (Top Insurance Company),1,Other / Unclassified,UNKNOWN,,,,,Leeds (1)
Case Work & Referral Officer,1,Other / Unclassified,UNKNOWN,,,admin_service,,Not Specified (1)
Interim syndicate Advisory Lead,1,Other / Unclassified,UNKNOWN,,,,,Not Specified (1)
Director/Associate Director - Corporate Tax - Remote,1,Other / Unclassified,UNKNOWN,,,,,Bristol (1)
Graduate Reinsurance Analyst,1,Other / Unclassified,UNKNOWN,,,,,Not Specified (1)
Family Law Solictor,1,Other / Unclassified,UNKNOWN,,,,,Sutton (1)
Vehicle Sales Executive - Any Sales Exp. Main Dealer Group,1,Sales / Business Development,UNKNOWN,,,,,Stockport (1)
Barrister,1,Legal / Conveyancing,UNKNOWN,,,,,Not Specified (1)
Quality Inspector,1,Other / Unclassified,UNKNOWN,,,,,Not Specified (1)
Purchase Ledger Clerk (Temporary),1,Professional Finance / Accountancy,UNKNOWN,,,finance_accounts,,Maidstone (1)
Apprentice Payroll Administrator,1,Professional Finance / Accountancy,UNKNOWN,,,admin_service; finance_accounts,,Rayleigh (1)
Building Management System Engineer,1,Engineering / Technical,UNKNOWN,,,,,Tunbridge Wells (1)
Car Trimmer,1,Other / Unclassified,UNKNOWN,,,,,Corby (1)
"Legal Counsel, Business Banking",1,Legal / Conveyancing,UNKNOWN,,,,,Bristol (1)
Language Speaking Credit Controller,1,Other / Unclassified,UNKNOWN,,,finance_accounts,,Not Specified (1)
HR & Payroll Officer,1,Professional Finance / Accountancy,UNKNOWN,,,admin_service; finance_accounts; hr_recruitment,,Derby (1)
HGV Technician - Weekends,1,Engineering / Technical,UNKNOWN,,,,,Not Specified (1)
Senior Finance Analyst (Hospitality Industry),1,Professional Finance / Accountancy,UNKNOWN,,,finance_accounts,,Not Specified (1)
Financial Planning Admnistrator,1,Other / Unclassified,UNKNOWN,,,,,City (1)
HR Change Advisor,1,HR / Recruitment,UNKNOWN,,,hr_recruitment,,Wandsworth (1)
Commercial Lawyer,1,Legal / Conveyancing,UNKNOWN,,,,,Swindon (1)
ACA/ACCA Practice Accountant,1,Professional Finance / Accountancy,UNKNOWN,,,,,Verwood (1)
Financial Accountant 12 Month Fixed Term Contract,1,Professional Finance / Accountancy,UNKNOWN,,,,,Goole (1)
Photographer,1,Other / Unclassified,UNKNOWN,,,,,Nottingham (1)
Interim Strategic Finance Lead,1,Professional Finance / Accountancy,UNKNOWN,,,finance_accounts,,Not Specified (1)
"Property Litigation Solicitor - NQ-4 - Cambridge - &;45,000-&;60,000 DOE",1,Legal / Conveyancing,UNKNOWN,,,,,Cambridge (1)
FLT Operator,1,Driving / Warehouse / Logistics,UNKNOWN,,,,,Rochester (1)
Data Operations Manager,1,Operations / General Management,UNKNOWN,,,,,Not Specified (1)
"4281 Investment Manager, Climate & Nature Fund",1,Other / Unclassified,UNKNOWN,,,,,Not Specified (1)
PDI Technician - Grimsby,1,Engineering / Technical,UNKNOWN,,,,,Grimsby (1)
Cash Allocation Administrator,1,Admin / Customer Service,UNKNOWN,,,admin_service,,Warwick (1)
LES PMO,1,Other / Unclassified,UNKNOWN,,,,,Uxbridge (1)
Part Time Industrial HR Delivery Consultant,1,HR / Recruitment,UNKNOWN,,,hr_recruitment,,Leeds (1)
Contract Supervisor,1,Other / Unclassified,UNKNOWN,,,,,Teddington (1)
Tyre Fitter Grimsby,1,Engineering / Technical,UNKNOWN,,,,,Grimsby (1)
Material Handler / Hand Palletising Operator,1,Other / Unclassified,UNKNOWN,,,,,Newport (1)
Billing Operations Administrator,1,Admin / Customer Service,UNKNOWN,,,admin_service; finance_accounts,,Warwick (1)
Property Legal PA,1,Legal / Conveyancing,UNKNOWN,,,,,Mansfield (1)
International Senior Tax Manager,1,Professional Finance / Accountancy,UNKNOWN,,,,,Uxbridge (1)
Business Administration Apprentice,1,Admin / Customer Service,UNKNOWN,,,admin_service,,Kingston Upon Thames (1)
Senior Associate/Legal Director - Land & Real Estate,1,Legal / Conveyancing,UNKNOWN,,,,,Chelmsford (1)
Payroll & Accounts Payable Assistant,1,Professional Finance / Accountancy,UNKNOWN,,,finance_accounts,,Nottingham (1)
Customer Relationship Management Analyst - FTC,1,Other / Unclassified,UNKNOWN,,,,,Not Specified (1)
Music Catalogue & Royalties Manager - Music,1,Other / Unclassified,UNKNOWN,,,,,Not Specified (1)
OTC Lead,1,Other / Unclassified,UNKNOWN,,,,,Manchester (1)
Finance Assistant - Purchase Ledger,1,Professional Finance / Accountancy,UNKNOWN,,,finance_accounts,,Huddersfield (1)
Pensions Technical & Professional Standards Manager,1,Other / Unclassified,UNKNOWN,,,,,Croydon (1)
Chinese speaking Finance Manager,1,Professional Finance / Accountancy,UNKNOWN,,,finance_accounts,,Doncaster (1)
Marketing Executive (Content Creation / Adobe Creative Suite),1,Marketing / Digital / Creative,UNKNOWN,,,,,Grays (1)
Tax Associate,1,Professional Finance / Accountancy,UNKNOWN,,,,,Not Specified (1)
Employment & Partnerships Associate ( 2-4 year's PQE),1,Other / Unclassified,UNKNOWN,,,,,Not Specified (1)
Trainee Independent Financial Advisor,1,Financial Advice / Mortgages,UNKNOWN,,,,,Blackburn (1)
Employment Solicitor NQ-6 PQE,1,Legal / Conveyancing,UNKNOWN,,,,,Preston (1)
Claims Support,1,Other / Unclassified,UNKNOWN,,,,,Bedford (1)
Compliance Support Supervisor,1,Other / Unclassified,UNKNOWN,,,,,Cardiff (1)
Head of Company Commercial (Solicitor),1,Legal / Conveyancing,UNKNOWN,,,,,Leeds (1)
Accounts Receivable Manager,1,Professional Finance / Accountancy,UNKNOWN,,,finance_accounts,,Woking (1)
Partner,1,Other / Unclassified,UNKNOWN,,,,,Reading (1)
Occupational Therapist - Home first Team,1,Healthcare / Clinical,UNKNOWN,,,,,Not Specified (1)
Demand Generation Specialist,1,Other / Unclassified,UNKNOWN,,,,,Milton Keynes (1)
"Tax Manager (Global Tax Provision, US GAAP Reporting)",1,Professional Finance / Accountancy,UNKNOWN,,,,,Not Specified (1)
Semi Senior Accountant / Assistant Manager,1,Professional Finance / Accountancy,UNKNOWN,,,,,Bexhill-on-sea (1)
Probate Solicitor,1,Legal / Conveyancing,UNKNOWN,,,,,Woodstock (1)
Inclusion House Content Officer,1,Marketing / Digital / Creative,UNKNOWN,,,admin_service,,Not Specified (1)
Temporary Bookkeeper,1,Other / Unclassified,UNKNOWN,,,finance_accounts,,Knaresborough (1)
Part Time Website Content Coordinator,1,Marketing / Digital / Creative,UNKNOWN,,,admin_service,,Coventry (1)
Insurance Broker Support Consultant - Hybrid / Remote Working,1,Other / Unclassified,UNKNOWN,,,,,Not Specified (1)
Criminal Paralegal,1,Legal / Conveyancing,UNKNOWN,,,,,Reading (1)
Treasury Analyst (Fixed Term Contract),1,Professional Finance / Accountancy,UNKNOWN,,,,,Coventry (1)
Head of Expert Sourcing,1,Other / Unclassified,UNKNOWN,,,,,Not Specified (1)
Housing Solicitor,1,Legal / Conveyancing,UNKNOWN,,,,,Wigan (1)
Corporate Paralegal,1,Legal / Conveyancing,UNKNOWN,,,,,Swindon (1)
Part-time Bookkeeper (Newport - Pye Corner),1,Other / Unclassified,UNKNOWN,,,finance_accounts,,Newport (1)
Accounts Manager (Management Accountant),1,Professional Finance / Accountancy,UNKNOWN,,,finance_accounts,,Warrington (1)
PQ Accountant,1,Professional Finance / Accountancy,UNKNOWN,,,,,Not Specified (1)
EMEA Payroll Manager - Temp to Perm,1,Professional Finance / Accountancy,UNKNOWN,,,finance_accounts,,Not Specified (1)
Senior Tax Associate,1,Professional Finance / Accountancy,UNKNOWN,,,,,Not Specified (1)
Baggage Handler,1,Other / Unclassified,UNKNOWN,,,,,Berwick-upon-tweed (1)
Accounts & Business Advisory Manager,1,Professional Finance / Accountancy,UNKNOWN,,,finance_accounts,,Leeds (1)
Cost Manager,1,Other / Unclassified,UNKNOWN,,,,,Not Specified (1)
Higher Level Specialist Teaching Assistant,1,Education / Teaching,UNKNOWN,,,,,Isleworth (1)
Support Mentor,1,Other / Unclassified,UNKNOWN,,,,,Not Specified (1)
Senior Philanthropy Manager,1,Other / Unclassified,UNKNOWN,,,,,Not Specified (1)
Senior Trusts and Foundations Officer,1,Other / Unclassified,UNKNOWN,,,admin_service,,Fleet (1)
Senior legacy officer,1,Other / Unclassified,UNKNOWN,,,admin_service,,Peterborough (1)
Support Worker at Young People's 16+ Project - Gateshead,1,Care / Support Work,UNKNOWN,,,support_worker,,Gateshead (1)
Corporate Partnerships Lead,1,Other / Unclassified,UNKNOWN,,,,,Woodstock (1)
Corporate Partnerships Manager,1,Other / Unclassified,UNKNOWN,,,,,Woodstock (1)
Regional Partnerships & Fundraising Manager,1,Other / Unclassified,UNKNOWN,,,,,Worcester (1)
Retail Support Administrator,1,Retail / Store,UNKNOWN,,,admin_service,,Warrington (1)
Community Fundraising Officer,1,Other / Unclassified,UNKNOWN,,,admin_service,,Oxford (1)
Welfare Manager,1,Other / Unclassified,UNKNOWN,,,,,Not Specified (1)
Team Leader - Criminal Justice,1,Other / Unclassified,UNKNOWN,,,,,Taunton (1)
Falls Prevention Service Coordinator,1,Admin / Customer Service,UNKNOWN,,,admin_service,,Not Specified (1)
Supported Living Resource Manager (Learning Disability Services),1,Other / Unclassified,UNKNOWN,,,,,Oldham (1)
Veterinary Physiotherapist and Hydrotherapist,1,Healthcare / Clinical,UNKNOWN,,,,,Loughborough (1)
Housing Coordinator,1,Admin / Customer Service,UNKNOWN,,,admin_service,,City (1)
Crisis Recovery Worker,1,Other / Unclassified,KNOWN,support_worker:ELASTIC_FIT,support_worker,,,Milton Keynes (1)
Homeless Recovery Worker,1,Other / Unclassified,UNKNOWN,,,,,Bournemouth (1)
Solicitor/Cyfreithiwr,1,Legal / Conveyancing,UNKNOWN,,,,,Not Specified (1)
Trustee for China Plate Theatre,1,Other / Unclassified,UNKNOWN,,,,,Birmingham (1)
Legal Trustee,1,Legal / Conveyancing,UNKNOWN,,,,,Not Specified (1)
Shop Volunteer - Bermondsey,1,Other / Unclassified,UNKNOWN,,,,,Not Specified (1)
Shop Volunteer - Windsor,1,Other / Unclassified,UNKNOWN,,,,,Eton (1)
Early Literacy Teaching Assistant,1,Education / Teaching,UNKNOWN,,,,,Not Specified (1)
Outdoor Teacher,1,Education / Teaching,UNKNOWN,,,,,Stowmarket (1)
Supply Chain Solution Architect,1,IT / Data / Software,UNKNOWN,,,,,Not Specified (1)
"Employee Relations Director, Financial Services",1,HR / Recruitment,UNKNOWN,,,,,Not Specified (1)
Senior Associate - Insurance,1,Other / Unclassified,UNKNOWN,,,,,Leeds (1)
Interim Head of Service Charges,1,Other / Unclassified,UNKNOWN,,,,,Not Specified (1)
Senior HR Generalist,1,HR / Recruitment,UNKNOWN,,,hr_recruitment,,Cambridge (1)
Senior Property and Development Manager,1,Other / Unclassified,UNKNOWN,,,,,Haverfordwest (1)
EMEA Group Financial Controller,1,Professional Finance / Accountancy,UNKNOWN,,,,,Leeds (1)
Finance Director - PE / Multi Site - West Yorkshire,1,Professional Finance / Accountancy,UNKNOWN,,,finance_accounts,,Not Specified (1)
Acting Deputy S151 Finance Manager,1,Professional Finance / Accountancy,UNKNOWN,,,finance_accounts,,Not Specified (1)
Health & Safety Advisor,1,Other / Unclassified,UNKNOWN,,,,,Hatfield (1)
Senior Digital Marketer,1,Marketing / Digital / Creative,UNKNOWN,,,,,Rochdale (1)
"Director of Financial Planning, Performance & Strategy",1,Other / Unclassified,UNKNOWN,,,,,Not Specified (1)
Accounts Assistant (Part time),1,Professional Finance / Accountancy,UNKNOWN,,,finance_accounts,,Uttoxeter (1)
Legal Cashier/ Accounts Manager,1,Legal / Conveyancing,UNKNOWN,,,finance_accounts,,Chesterfield (1)
Banking & Finance Solicitor,1,Legal / Conveyancing,UNKNOWN,,,finance_accounts,,Manchester (1)
Multi drop driver/stores person,1,Driving / Warehouse / Logistics,UNKNOWN,,,,,Bacup (1)
Litigation Secretary,1,Legal / Conveyancing,UNKNOWN,,,admin_service,,Southport (1)
Accounts/Finance Administrator,1,Professional Finance / Accountancy,UNKNOWN,,,admin_service; finance_accounts,,Hatfield (1)
Brand Design Strategist,1,Other / Unclassified,UNKNOWN,,,,,Coventry (1)
Contract Paralegal,1,Legal / Conveyancing,UNKNOWN,,,,,Bristol (1)
Senior Marketing and Events Executive,1,Marketing / Digital / Creative,UNKNOWN,,,,,Not Specified (1)
Bridging & Finance Paralegal,1,Legal / Conveyancing,UNKNOWN,,,finance_accounts,,Not Specified (1)
Financial Accountant -12 Month FTC,1,Professional Finance / Accountancy,UNKNOWN,,,,,Weybridge (1)
Azets Bury - Private Client Tax Assistant Manager,1,Professional Finance / Accountancy,UNKNOWN,,,,,Bury St. Edmunds (1)
Royalties Manager - Film,1,Other / Unclassified,UNKNOWN,,,,,Wandsworth (1)
Resource Materials Manager,1,Other / Unclassified,UNKNOWN,,,,,Kingston Upon Thames (1)
Accommodation & International Admissions Administrative Assistant,1,Other / Unclassified,UNKNOWN,,,admin_service,,Chichester (1)
Global Portfolio Manager - Consumables,1,Other / Unclassified,UNKNOWN,,,,,Buckingham (1)
Global Portfolio Manager - Spirometry & Oscillometry,1,Other / Unclassified,UNKNOWN,,,,,Buckingham (1)
CNC Programming Engineer - Laser / Punch,1,Engineering / Technical,UNKNOWN,,,,,Milton Keynes (1)
Independent Reviewing Officer,1,Other / Unclassified,UNKNOWN,,,admin_service,,Not Specified (1)
Family Help Senior Social Worker/Social Worker,1,Care / Support Work,UNKNOWN,,,,,Stroud (1)
HGV Driver/Yard Operative,1,Driving / Warehouse / Logistics,UNKNOWN,,,,,Alfreton (1)
Asset Risk Manager,1,Other / Unclassified,UNKNOWN,,,,,Not Specified (1)
SC Cleared Storage engineer,1,Engineering / Technical,UNKNOWN,,,,,Telford (1)
Key Account Manager Plumbing & Heating Systems,1,Sales / Business Development,UNKNOWN,,,,,Hatfield (1)
Cyber Security Lead,1,IT / Data / Software,UNKNOWN,,,,,Cambridge (1)
Multi Skills Lecturer,1,Education / Teaching,UNKNOWN,,,,,Salisbury (1)
SAP HR - Payroll Consultant role,1,Professional Finance / Accountancy,UNKNOWN,,,finance_accounts; hr_recruitment,,Telford (1)
Senior AIT RF Communications Engineer,1,Engineering / Technical,UNKNOWN,,,,,Not Specified (1)
Servicenow Platform Architect,1,Other / Unclassified,UNKNOWN,,,,,Not Specified (1)
Solutions Architect,1,IT / Data / Software,UNKNOWN,,,,,Southampton (1)
Resident Insight and Improvement Officer,1,Other / Unclassified,UNKNOWN,,,admin_service,,York (1)
Claims Executive - CT Claims,1,Other / Unclassified,UNKNOWN,,,,,Poole (1)
2nd Charge Underwriter,1,Other / Unclassified,UNKNOWN,,,,,Watford (1)
Residential Underwriter,1,Other / Unclassified,UNKNOWN,,,,,Watford (1)
Head of Supply Chain Planning,1,Procurement / Buying / Supply Chain,UNKNOWN,,,,,Southampton (1)
Accounts Manager (4 days a week),1,Professional Finance / Accountancy,UNKNOWN,,,finance_accounts,,Warrington (1)
VAT Lead,1,Other / Unclassified,UNKNOWN,,,,,Slough (1)
Internal Auditor - first time mover,1,Professional Finance / Accountancy,UNKNOWN,,,,,Redditch (1)
Senior Credit & Collections Manager - 6 Month FTC,1,Other / Unclassified,UNKNOWN,,,,,Not Specified (1)
HR Consultant - Local Authority,1,HR / Recruitment,UNKNOWN,,,hr_recruitment,,Sheffield (1)
(Japanese Speaking) Head of Human Resources and Administration,1,HR / Recruitment,UNKNOWN,,,admin_service; hr_recruitment,,Hounslow (1)
Private Client Tax Senior - 4 Month Fixed term Contract,1,Professional Finance / Accountancy,UNKNOWN,,,,,Not Specified (1)
"Full or Part time Audiologist/Hearing Aid Dispenser - Kings Lynn, Norfolk",1,Other / Unclassified,UNKNOWN,,,,,Norwich (1)
"Optical Assistant - Monday to Friday, Oldham, Greater Manchester",1,Other / Unclassified,UNKNOWN,,,,,Not Specified (1)
"Trainee Hearing Care Assistant, Lancashire",1,Care / Support Work,KNOWN,support_worker:HIGH_CONFIDENCE,support_worker,support_worker,,Not Specified (1)
"Hearing Aid Audiologist, Peterborough",1,Other / Unclassified,UNKNOWN,,,,,Peterborough (1)
Optometrist - Andover,1,Other / Unclassified,UNKNOWN,,,,,Andover (1)
"Locum Optometrist - Sutton, London - New Store Opening (Late-2026)",1,Other / Unclassified,UNKNOWN,,,,,Sutton (1)
"Senior Optical Assistant - Clapham - £32,000+ Earning Potential",1,Other / Unclassified,UNKNOWN,,,,,Not Specified (1)
Dispensing Optician - Clapham - Exceptional Independent,1,Other / Unclassified,UNKNOWN,,,,,Not Specified (1)
Regional Trainer Education & Professional Services South East,1,Education / Teaching,UNKNOWN,,,,,Not Specified (1)
Digital Enablement Manager,1,Marketing / Digital / Creative,UNKNOWN,,,,,City (1)
Multi Drop Delivery Driver DBS3,1,Driving / Warehouse / Logistics,UNKNOWN,,,,,Bath (1)
Class 1 ADR Night Driver (Monday-Friday),1,Driving / Warehouse / Logistics,UNKNOWN,,,,,Not Specified (1)
Reach Truck Operator,1,Other / Unclassified,UNKNOWN,,,,,Corby (1)
Flexi Bendi Forklift Driver,1,Driving / Warehouse / Logistics,UNKNOWN,,,warehouse_logistics,,Rugby (1)
Reach Driver - Nights Sunday to Thursday,1,Driving / Warehouse / Logistics,UNKNOWN,,,,,Tarporley (1)
7.5t Multidrop Driver,1,Driving / Warehouse / Logistics,UNKNOWN,,,,,Not Specified (1)
Class 2 Driver Healthcare Contract,1,Healthcare / Clinical,UNKNOWN,,,,,Northampton (1)
7.5 Van Driver,1,Driving / Warehouse / Logistics,UNKNOWN,,,,,Leicester (1)
Class 1 Driver Mornings or Afternoons,1,Driving / Warehouse / Logistics,UNKNOWN,,,,,Bilston (1)
Class 2 Drivers - Wetherby,1,Other / Unclassified,UNKNOWN,,,,,Wetherby (1)
Class 1 Driver - York,1,Driving / Warehouse / Logistics,UNKNOWN,,,,,York (1)
Class 2 ADR Tanker Driver - Nights - Worcester,1,Driving / Warehouse / Logistics,UNKNOWN,,,,,Worcester (1)
HGV Class 2 26,1,Driving / Warehouse / Logistics,UNKNOWN,,,,,Not Specified (1)
HGV Class 1 Driver (Days) Cat C+E,1,Driving / Warehouse / Logistics,UNKNOWN,,,,,Northwich (1)
H-lop Or VNA Driver With Inventory Experience,1,Driving / Warehouse / Logistics,UNKNOWN,,,,,Not Specified (1)
HGV 1,1,Driving / Warehouse / Logistics,UNKNOWN,,,,,Pontefract (1)
Engineering Resource Planner,1,Engineering / Technical,UNKNOWN,,,,,Inverness (1)
Director - Category Manager EXM - Oral Solid Dose (OSD),1,Procurement / Buying / Supply Chain,UNKNOWN,,,,,Harlow (1)
Head of Procurement - Fresh Produce (12 Month FTC),1,Procurement / Buying / Supply Chain,UNKNOWN,,,,,Not Specified (1)
Inventory Manager - Complex Weapons,1,Other / Unclassified,UNKNOWN,,,,,Bristol (1)
Sports Coach,1,Other / Unclassified,UNKNOWN,,,,,Ware (1)
Estates Manager,1,Other / Unclassified,UNKNOWN,,,,,Nottingham (1)
Children's Home Registered Manager,1,Other / Unclassified,KNOWN,admin_service:OUT_OF_SCOPE,,,,Not Specified (1)
Registered Manager - Childrens Residential Home,1,Other / Unclassified,UNKNOWN,,,,,Newhaven (1)
Deputy House Manager,1,Other / Unclassified,UNKNOWN,,,,,Rochester (1)
Sales Manager B2B,1,Sales / Business Development,UNKNOWN,,,,,Colne (1)
CTW IPS Employment Specialist Bassetlaw,1,Other / Unclassified,UNKNOWN,,,,,Nottingham (1)
Recruitment Branch Manager,1,HR / Recruitment,UNKNOWN,,,hr_recruitment,,Exeter (1)
Barbering Teacher,1,Education / Teaching,UNKNOWN,,,,,Reading (1)
Learning & Skills Ops co-ordinator,1,Other / Unclassified,UNKNOWN,,,,,Leiston (1)
Biological Curator - Chemical Biology Resources,1,Other / Unclassified,UNKNOWN,,,,,Saffron Walden (1)
Assistant Corporate Controller,1,Other / Unclassified,UNKNOWN,,,,,Castleford (1)
Experienced Hair Stylists & Colour Technicians,1,Other / Unclassified,UNKNOWN,,,,,Not Specified (1)
Senior Planning Enforcement Officer,1,Other / Unclassified,UNKNOWN,,,admin_service,,Bridgwater (1)
Head of Nursing- Complex Care,1,Healthcare / Clinical,UNKNOWN,,,,,Croydon (1)
Child and Adolescent Mental Health Practitioner,1,Other / Unclassified,UNKNOWN,,,,,Not Specified (1)
Residential Child Care Worker,1,Care / Support Work,KNOWN,admin_service:HARD_PASS; support_worker:ELASTIC_FIT,support_worker,support_worker,,Carlisle (1)
Children's Support Worker - Driver,1,Care / Support Work,UNKNOWN,,,support_worker,,Bexhill-on-sea (1)
Male Bank Support Worker,1,Care / Support Work,UNKNOWN,,,support_worker,,Knighton (1)
Night Senior Nurse,1,Healthcare / Clinical,UNKNOWN,,,,,Forres (1)
Volunteering Executive,1,Other / Unclassified,UNKNOWN,,,,,Worcester (1)
Independent Advocate,1,Other / Unclassified,UNKNOWN,,,,,Not Specified (1)
IV Therapy Nurse-Newcastle,1,Healthcare / Clinical,UNKNOWN,,,,,Newcastle Upon Tyne (1)
Senior Commercial Property Solicitor (Permanent),1,Legal / Conveyancing,UNKNOWN,,,,,Taunton (1)
Bids Manager - Corporate,1,Other / Unclassified,UNKNOWN,,,,,Not Specified (1)
Marketing & BD Executive,1,Marketing / Digital / Creative,UNKNOWN,,,,,Not Specified (1)
Part time Assistant Accountant,1,Professional Finance / Accountancy,UNKNOWN,,,,,Not Specified (1)
"Senior HR Manager, International Law Firm, London, Agile",1,HR / Recruitment,UNKNOWN,,,hr_recruitment,,Not Specified (1)
Tax Manager / Senior Tax Manager,1,Professional Finance / Accountancy,UNKNOWN,,,,,Bristol (1)
Residential Conveyancer - 12 month FTC,1,Other / Unclassified,UNKNOWN,,,,,Not Specified (1)
"Senior Specialist, Corporate Actions",1,Other / Unclassified,UNKNOWN,,,,,Manchester (1)
French Speaking Junior Financial Controller,1,Professional Finance / Accountancy,UNKNOWN,,,,,Not Specified (1)
Claims Adjuster,1,Other / Unclassified,UNKNOWN,,,,,Leeds (1)
HR Advisor/Recruitment Admin,1,HR / Recruitment,KNOWN,hr_recruitment:ELASTIC_FIT,hr_recruitment,admin_service; hr_recruitment,,Bedford (1)
Client Advisor - Nottingham,1,Other / Unclassified,UNKNOWN,,,,,Nottingham (1)
Financial Research Analyst (ideal for financial services staff),1,Other / Unclassified,UNKNOWN,,,,,Norwich (1)
Insolvency Administrator (Newcastle),1,Admin / Customer Service,UNKNOWN,,,admin_service,,Newcastle Upon Tyne (1)
Health & Wellbeing Practitioner,1,Other / Unclassified,UNKNOWN,,,,,Hemel Hempstead (1)
Insolvency Administrator (Brentwood),1,Admin / Customer Service,UNKNOWN,,,admin_service,,Brentwood (1)
Broker Development Manager - Northern region Brokers,1,Other / Unclassified,UNKNOWN,,,,,Telford (1)
Commercial Litigation Lawyer: Partner Appointment,1,Legal / Conveyancing,UNKNOWN,,,,,Liverpool (1)
Learning and Development Manager,1,Other / Unclassified,UNKNOWN,,,,,Tipton (1)
Police Vehicle Technician,1,Engineering / Technical,UNKNOWN,,,,,Aylesbury (1)
Corporate Accountant - Venture Capital (Contract),1,Professional Finance / Accountancy,UNKNOWN,,,,,Not Specified (1)
Management Accountant - On-Site,1,Professional Finance / Accountancy,UNKNOWN,,,,,Warrington (1)
Business Tax Director,1,Professional Finance / Accountancy,UNKNOWN,,,,,Bristol (1)
Qualified Audit Senior,1,Professional Finance / Accountancy,UNKNOWN,,,,,Bristol (1)
Billings Temp - 3 months,1,Other / Unclassified,UNKNOWN,,,finance_accounts,,Not Specified (1)
Insolvency Administrator Coventry,1,Admin / Customer Service,UNKNOWN,,,admin_service,,Coventry (1)
Financial Reporting Senior Manager (contract),1,Other / Unclassified,UNKNOWN,,,,,Not Specified (1)
"Remote Conveyancer Remote &;30,000-&;45,000 Flexible Working with a Excellent Property Team",1,Other / Unclassified,UNKNOWN,,,,,Coventry (1)
Financial Controller - London Market MGA,1,Professional Finance / Accountancy,UNKNOWN,,,,,Not Specified (1)
Head of Life Science Underwriting,1,Other / Unclassified,UNKNOWN,,,,,Leeds (1)
Junior Automation Engineer,1,Engineering / Technical,UNKNOWN,,,,,Not Specified (1)
Power BI Developer,1,IT / Data / Software,UNKNOWN,,,,,Not Specified (1)
Accounts Associate Director,1,Professional Finance / Accountancy,UNKNOWN,,,finance_accounts,,Cheltenham (1)
Senior Tax Managert - Equity Rewards,1,Professional Finance / Accountancy,UNKNOWN,,,,,Bristol (1)
Corporate Tax and R&D Manager,1,Professional Finance / Accountancy,UNKNOWN,,,,,Bristol (1)
Audit Senior Manager,1,Professional Finance / Accountancy,UNKNOWN,,,,,Cheltenham (1)
Corporate Tax Manager - No Timesheets,1,Professional Finance / Accountancy,UNKNOWN,,,,,Bristol (1)
Senior HR / ER Advisor - 12+ months FTC,1,HR / Recruitment,UNKNOWN,,,hr_recruitment,,Southampton (1)
Internal Communications (REMOTE),1,Marketing / Digital / Creative,UNKNOWN,,,,,Peterborough (1)
NFP Audit Senior Associate,1,Professional Finance / Accountancy,UNKNOWN,,,,,Cheltenham (1)
Complaints Manager,1,Admin / Customer Service,UNKNOWN,,,customer_service_contact_centre,,Manchester (1)
Employers Liability and Public Liability Paralegal,1,Legal / Conveyancing,UNKNOWN,,,,,Manchester (1)
Health and Welfare Court of Protection Solicitor,1,Legal / Conveyancing,UNKNOWN,,,,,Not Specified (1)
Multi Track RTA Paralegal,1,Legal / Conveyancing,UNKNOWN,,,,,Manchester (1)
Corporate & Transactions Tax Manager,1,Professional Finance / Accountancy,UNKNOWN,,,,,Not Specified (1)
Credit Controller 6 Month FTC,1,Other / Unclassified,UNKNOWN,,,finance_accounts,,Gloucester (1)
Payroll and Credit Controller,1,Professional Finance / Accountancy,UNKNOWN,,,finance_accounts,,Bishop Auckland (1)
Health and Wellbeing Practitioner - HMP Brixton,1,Other / Unclassified,UNKNOWN,,,,,Not Specified (1)
Finance & Operations Manager (Interim),1,Professional Finance / Accountancy,UNKNOWN,,,finance_accounts,,City (1)
Interim Financial Controller World-Leading VC Fund London,1,Professional Finance / Accountancy,UNKNOWN,,,,,Not Specified (1)
Audit Director (RI),1,Professional Finance / Accountancy,UNKNOWN,,,,,Not Specified (1)
Legal Support Assistant - Commercial Property,1,Legal / Conveyancing,UNKNOWN,,,,,Oswestry (1)
M&A Tax Senior Manager,1,Professional Finance / Accountancy,UNKNOWN,,,,,Not Specified (1)
M&A Tax Assistant Manager,1,Professional Finance / Accountancy,UNKNOWN,,,,,Not Specified (1)
Assistant Manager London,1,Other / Unclassified,UNKNOWN,,,,,Not Specified (1)
Deeds Administrator,1,Admin / Customer Service,UNKNOWN,,,admin_service,,Not Specified (1)
Interim Risk & Compliance Manager,1,Other / Unclassified,UNKNOWN,,,,,Ipswich (1)
"Employment Solicitor (2-5 PQE) - Bath - 2 Days WFH - Up to &;70,000",1,Legal / Conveyancing,UNKNOWN,,,,,Bath (1)
Senior Technician - Outskirts of Chichester,1,Engineering / Technical,UNKNOWN,,,,,Chichester (1)
Group Head of Financial Planning and Analysis,1,Other / Unclassified,UNKNOWN,,,,,Cambridge (1)
Work From Home,1,Other / Unclassified,UNKNOWN,,,,,Exeter (1)
MSK Physiotherapist,1,Other / Unclassified,UNKNOWN,,,,,Wandsworth (1)
Physiotherapist - Acute Medicine,1,Other / Unclassified,UNKNOWN,,,,,Londonderry (1)
Occupational Therapist - South Wales,1,Healthcare / Clinical,UNKNOWN,,,,,Cardiff (1)
Occupational Therapist - Paediatrics,1,Healthcare / Clinical,UNKNOWN,,,,,Wandsworth (1)
Occupational Therapist - Acute Neuro,1,Healthcare / Clinical,UNKNOWN,,,,,Not Specified (1)
Locum Band 6 MSK Physiotherapist - Buckinghamshire,1,Other / Unclassified,UNKNOWN,,,,,Not Specified (1)
Locum Band 6 MSK Physiotherapist - Central London,1,Other / Unclassified,UNKNOWN,,,,,Not Specified (1)
Physiotherapist,1,Other / Unclassified,KNOWN,admin_service:HARD_PASS,,,,Leicester (1)
Band 7 Pharmacist - Scottish Islands,1,Other / Unclassified,UNKNOWN,,,,,Not Specified (1)
Financial Planner (Desk Based),1,Financial Advice / Mortgages,UNKNOWN,,,,,Wigan (1)
People Director,1,Other / Unclassified,UNKNOWN,,,,,Ashby-de-la-zouch (1)
Graduate Finance Assistant Accountant,1,Professional Finance / Accountancy,UNKNOWN,,,finance_accounts,,Milton Keynes (1)
Billing Controller,1,Other / Unclassified,UNKNOWN,,,finance_accounts,,Not Specified (1)
Query Resolution Administrator 6 Month FTC,1,Admin / Customer Service,UNKNOWN,,,admin_service,,Gloucester (1)
Pharmacist,1,Other / Unclassified,KNOWN,admin_service:OUT_OF_SCOPE,,,,Gloucester (1)
Part-Time Support Worker,1,Care / Support Work,UNKNOWN,,,support_worker,,Southampton (1)
Part Time Bookkeeper - Accountancy Practice,1,Professional Finance / Accountancy,UNKNOWN,,,finance_accounts,,Not Specified (1)
Bookkeeper - Accountancy Practice,1,Professional Finance / Accountancy,UNKNOWN,,,finance_accounts,,Not Specified (1)
Accounts Payable Lead,1,Professional Finance / Accountancy,UNKNOWN,,,finance_accounts,,City (1)
Finance Manager - Part Time,1,Professional Finance / Accountancy,UNKNOWN,,,finance_accounts,,Huntingdon (1)
"Commercial Property Solicitor - Bury St Edmunds - &;50,000-&;65,000 DOE - Hybrid",1,Legal / Conveyancing,UNKNOWN,,,,,Bury St. Edmunds (1)
Legal Personal Assistant,1,Legal / Conveyancing,KNOWN,admin_service:HARD_PASS,,support_worker,,Not Specified (1)
HGV 2 Water Tanker Driver ongoing Temp,1,Driving / Warehouse / Logistics,UNKNOWN,,,,,Crawley (1)
HGV Class 1 Driver Full Time,1,Driving / Warehouse / Logistics,UNKNOWN,,,,,Warrington (1)
Hiab Driver - HGV Class 2,1,Driving / Warehouse / Logistics,UNKNOWN,,,,,Bristol (1)
Reach Truck and VNA Driver,1,Driving / Warehouse / Logistics,UNKNOWN,,,,,Reading (1)
HGV class 1 Thursday to Sunday Nights / Lates,1,Driving / Warehouse / Logistics,UNKNOWN,,,,,Slough (1)
Class 2 Tilbury,1,Other / Unclassified,UNKNOWN,,,,,Not Specified (1)
Warehouse Department Manager,1,Driving / Warehouse / Logistics,UNKNOWN,,,warehouse_logistics,,Basingstoke (1)
HGV 1 Driver - New pass welcome,1,Driving / Warehouse / Logistics,UNKNOWN,,,,,Salford (1)
Class 2 Cylinder Services Driver,1,Driving / Warehouse / Logistics,UNKNOWN,,,,,Not Specified (1)
Road Freight Operator,1,Other / Unclassified,UNKNOWN,,,,,Cannock (1)
Senior Buyer,1,Procurement / Buying / Supply Chain,UNKNOWN,,,,,Cwmbran (1)
Housing Support Specialist,1,Other / Unclassified,UNKNOWN,,,,,Horsham (1)
Controls Systems Engineer,1,IT / Data / Software,UNKNOWN,,,,,Norwich (1)
Sales Advisor - Chipping Norton,1,Sales / Business Development,UNKNOWN,,,,,Chipping Norton (1)
Insurance Advisor (Commercial & Personal Lines),1,Other / Unclassified,UNKNOWN,,,,,Lisburn (1)
Slinger Signaller,1,Other / Unclassified,UNKNOWN,,,,,North Tawton (1)
Palliative Care Nurse,1,Healthcare / Clinical,UNKNOWN,,,,,Reading (1)
Female Support Worker - Driver,1,Care / Support Work,UNKNOWN,,,support_worker,,Shrewsbury (1)
HGV Class 1 Night Trunking,1,Driving / Warehouse / Logistics,UNKNOWN,,,,,Worcester (1)
Registered Manager - CQC,1,Other / Unclassified,UNKNOWN,,,,,Wakefield (1)
CQC Registered Manager,1,Other / Unclassified,UNKNOWN,,,,,Not Specified (1)
Level 3 Qualified Personal Trainer - Accrington,1,Other / Unclassified,UNKNOWN,,,,,Accrington (1)
Self Employed Personal Trainer - Nottingham Radford,1,Other / Unclassified,UNKNOWN,,,,,Nottingham (1)
Senior HVAC Sales Engineer - Commercial Chilllers,1,Engineering / Technical,UNKNOWN,,,,,Not Specified (1)
Area Sales Manager Porcelain Surfaces,1,Sales / Business Development,UNKNOWN,,,,,Luton (1)
Lecturer - Course Leader - Electrical Installation,1,Education / Teaching,UNKNOWN,,,,,Colchester (1)
Recruitment Consultant (Sales/Business Development) - AI & Automation,1,Sales / Business Development,UNKNOWN,,,hr_recruitment,,Towcester (1)
Rust Developer,1,IT / Data / Software,UNKNOWN,,,,,Cheltenham (1)
Technical Assurance Lead,1,Other / Unclassified,UNKNOWN,,,,,Reading (1)
Lecturer in Travel & Tourism,1,Education / Teaching,UNKNOWN,,,,,Chippenham (1)
Account Manager - Corporate,1,Sales / Business Development,UNKNOWN,,,,,City (1)
CAM Programmer,1,IT / Data / Software,UNKNOWN,,,,,Banbury (1)
Technical Sales Manager Roofing & Waterproofing Systems,1,Sales / Business Development,UNKNOWN,,,,,Oxford (1)
Food Retail Auditor,1,Professional Finance / Accountancy,UNKNOWN,,,,,Not Specified (1)
Senior Infrastructure Engineer (eDV),1,IT / Data / Software,UNKNOWN,,,,,Gloucester (1)
Senior Vehicle Security Engineer,1,IT / Data / Software,UNKNOWN,,,,,Reading (1)
Fire and Security Installation Manager,1,Other / Unclassified,UNKNOWN,,,,,Bristol (1)
Regional Marketing Executive - Swedish speaking,1,Marketing / Digital / Creative,UNKNOWN,,,,,Not Specified (1)
Senior SQL developer,1,IT / Data / Software,UNKNOWN,,,,,Stoke-on-trent (1)
"Assistant Client Director - Ferndown - £30,000",1,Other / Unclassified,UNKNOWN,,,,,Ferndown (1)
Business Development Manager (Chemicals & Hygiene),1,Sales / Business Development,UNKNOWN,,,,,Not Specified (1)
Quality Assurance Manager - Bespoke Joinery,1,Other / Unclassified,UNKNOWN,,,,,Ware (1)
Auto electrician,1,Engineering / Technical,UNKNOWN,,,,,Sandbach (1)
Customer Service Executive (12 Month FTC),1,Admin / Customer Service,UNKNOWN,,,customer_service_contact_centre,,Towcester (1)
Delivery & Collection Driver,1,Driving / Warehouse / Logistics,UNKNOWN,,,,,Tewkesbury (1)
Legal Secretary (Residential Conveyancing),1,Legal / Conveyancing,UNKNOWN,,,admin_service,,Southsea (1)
Conference Producer,1,Other / Unclassified,UNKNOWN,,,,,Not Specified (1)
Cyber Security Project Manager,1,IT / Data / Software,UNKNOWN,,,,,Not Specified (1)
Property & Commercial Litigation Solicitor 3-4yrs PQE,1,Legal / Conveyancing,UNKNOWN,,,,,Not Specified (1)
Commercial Property Solicitor (3-4 + Years PQE),1,Legal / Conveyancing,UNKNOWN,,,,,Not Specified (1)
Finance Manager 12 Month FTC,1,Professional Finance / Accountancy,UNKNOWN,,,finance_accounts,,Cannock (1)
Temp IFA Administrator!,1,Financial Advice / Mortgages,UNKNOWN,,,admin_service,,Not Specified (1)
Registered Nurse/Paramedic - Maidenhead - FT/PT,1,Healthcare / Clinical,UNKNOWN,,,,,Maidenhead (1)
Head of Financial Reporting,1,Other / Unclassified,UNKNOWN,,,,,Not Specified (1)
Financial Accountant - Polish Speaking,1,Professional Finance / Accountancy,UNKNOWN,,,,,Rochdale (1)
Activity Co-ordinator,1,Other / Unclassified,UNKNOWN,,,,,Smethwick (1)
Assistant Aftersales Manager,1,Other / Unclassified,UNKNOWN,,,,,Exeter (1)
HR Business Partner - Projects,1,HR / Recruitment,UNKNOWN,,,hr_recruitment,,Not Specified (1)
Personal Lines Insurance Account Handler,1,Other / Unclassified,UNKNOWN,,,,,Hull (1)
Employment Barrister,1,Legal / Conveyancing,UNKNOWN,,,,,Not Specified (1)
Payroll & Pension Manager,1,Professional Finance / Accountancy,UNKNOWN,,,finance_accounts,,Not Specified (1)
Accounts & Personal Tax Manager,1,Professional Finance / Accountancy,UNKNOWN,,,finance_accounts,,Not Specified (1)
Senior Java Developer,1,IT / Data / Software,UNKNOWN,,,,,Telford (1)
Client Services Executive - Financial Planning,1,Other / Unclassified,UNKNOWN,,,,,Sutton Coldfield (1)
Media Account Director,1,Other / Unclassified,UNKNOWN,,,,,Not Specified (1)
AI Creative Director,1,Marketing / Digital / Creative,UNKNOWN,,,,,Not Specified (1)
HR - People Administrator,1,HR / Recruitment,UNKNOWN,,,admin_service; hr_recruitment,,Egham (1)
Audit/Accounts Assistant,1,Professional Finance / Accountancy,UNKNOWN,,,finance_accounts,,Middlesbrough (1)
Part-time Bookkeeper (school hours),1,Education / Teaching,UNKNOWN,,,finance_accounts,,Hertford (1)
"Finance Manager, Part Time",1,Professional Finance / Accountancy,UNKNOWN,,,finance_accounts,,Guildford (1)
AML Advisor,1,Other / Unclassified,UNKNOWN,,,,,Leeds (1)
Accounts Manager / Senior Manager,1,Professional Finance / Accountancy,UNKNOWN,,,finance_accounts,,Derby (1)
Payroll Team Leader - 18 Months FTC,1,Professional Finance / Accountancy,UNKNOWN,,,finance_accounts,,Doncaster (1)
Post-Completions Assistant,1,Other / Unclassified,UNKNOWN,,,,,Not Specified (1)
Accountancy Practice Senior Manager,1,Professional Finance / Accountancy,UNKNOWN,,,,,Maidstone (1)
Inventory Controller,1,Other / Unclassified,UNKNOWN,,,,,Mancot (1)
Ecommerce Assistant - Luxury brand,1,Marketing / Digital / Creative,UNKNOWN,,,,,Not Specified (1)
Registered Nurse/Paramedic - Banbury - FT/PT,1,Healthcare / Clinical,UNKNOWN,,,,,Banbury (1)
Business Development and Marketing Executive,1,Sales / Business Development,UNKNOWN,,,,,Norwich (1)
Sales Ledger - Reconciliations,1,Professional Finance / Accountancy,UNKNOWN,,,finance_accounts,,Milton Keynes (1)
Private Client Solicitor - Exceptional Rewards & Enhanced Benefits,1,Legal / Conveyancing,UNKNOWN,,,,,Norwich (1)
Post Completions Executive,1,Other / Unclassified,UNKNOWN,,,,,Chelmsford (1)
Conveyancing - Fee Earner - Excellent Bonus & Flexible Working,1,Legal / Conveyancing,UNKNOWN,,,,,Bury St. Edmunds (1)
Conveyancing Assistant/Legal Secretary/Paralegal,1,Legal / Conveyancing,UNKNOWN,,,admin_service,,Brentwood (1)
Dispute Resolution Paralegal,1,Legal / Conveyancing,UNKNOWN,,,,,Norwich (1)
Medical Negligence Lawyer,1,Healthcare / Clinical,UNKNOWN,,,,,Norwich (1)
Conveyancing - Flexible Working - Fee Earner/Paralegal,1,Legal / Conveyancing,UNKNOWN,,,,,Billericay (1)
Wills & LPA Lawyer/Manager,1,Legal / Conveyancing,UNKNOWN,,,,,Ipswich (1)
Paralegal Litigation with SQE Support - Hybrid & Bonus,1,Legal / Conveyancing,UNKNOWN,,,,,Colchester (1)
Legal Secretary Part Time,1,Legal / Conveyancing,UNKNOWN,,,admin_service,,Ipswich (1)
Family Solicitor/Lawyer,1,Legal / Conveyancing,UNKNOWN,,,,,Lowestoft (1)
Residential Property Solicitor - Top 60 Firm,1,Legal / Conveyancing,UNKNOWN,,,,,Newmarket (1)
Senior Associate Family - Top 60 Firm,1,Other / Unclassified,UNKNOWN,,,,,Huntingdon (1)
Private Client Fee Earner/ Paralegal - Flexible Working,1,Legal / Conveyancing,UNKNOWN,,,,,Colchester (1)
Conveyancing - Fee Earner/Paralegal,1,Legal / Conveyancing,UNKNOWN,,,,,Westcliff-on-sea (1)
Legal Secretary - Residential Property,1,Legal / Conveyancing,UNKNOWN,,,admin_service,,Billericay (1)
Corporate & Commercial Property Solicitor,1,Legal / Conveyancing,UNKNOWN,,,,,Colchester (1)
Civil Litigation Fee Earner,1,Legal / Conveyancing,UNKNOWN,,,,,Colchester (1)
Paralegal - Property Litigation - Full or Part Time,1,Legal / Conveyancing,UNKNOWN,,,,,Ipswich (1)
Employment Solicitor / Associate,1,Legal / Conveyancing,UNKNOWN,,,,,Chelmsford (1)
Private Client Solicitor - Associate - Fully Remote,1,Legal / Conveyancing,UNKNOWN,,,,,Norwich (1)
Probate Solicitor - Varied Role,1,Legal / Conveyancing,UNKNOWN,,,,,Bury St. Edmunds (1)
Litigation Solicitor NQ +,1,Legal / Conveyancing,UNKNOWN,,,,,Ipswich (1)
Commercial Property Solicitor / Paralegal,1,Legal / Conveyancing,UNKNOWN,,,,,Ipswich (1)
Associate Solicitor - Partner Conveyancing,1,Legal / Conveyancing,UNKNOWN,,,,,Ipswich (1)
Legal Secretary - Full or Part Time,1,Legal / Conveyancing,UNKNOWN,,,admin_service,,Lowestoft (1)
Conveyancing Assistant/Paralegal Hybrid - Full or Part Time,1,Legal / Conveyancing,UNKNOWN,,,,,Great Yarmouth (1)
Legal Secretary - Private Client - Excellent Benefits & Environment,1,Legal / Conveyancing,UNKNOWN,,,admin_service,,Norwich (1)
Family Law Head of Department,1,Other / Unclassified,UNKNOWN,,,,,Harlow (1)
Paralegal/NQ Private Client - Excellent Rewards & Prospects,1,Legal / Conveyancing,UNKNOWN,,,,,Colchester (1)
Residential Property Solicitor / CILEx Conveyancer 3 PQE Hybrid working,1,Legal / Conveyancing,UNKNOWN,,,,,Chelmsford (1)
Commercial Property Solicitor NQ-5 PQE - Hybrid working,1,Legal / Conveyancing,UNKNOWN,,,,,Chelmsford (1)
Wills & Probate Paralegal,1,Legal / Conveyancing,UNKNOWN,,,,,Great Yarmouth (1)
Conveyancing - Paralegal /Fee Earner - Near Southend,1,Legal / Conveyancing,UNKNOWN,,,,,Southend-on-sea (1)
"Corporate Commercial Solicitor 2+ PQE Essex £50,000+",1,Legal / Conveyancing,UNKNOWN,,,,,Colchester (1)
Commercial & Residential Property Solicitor NQ+,1,Legal / Conveyancing,UNKNOWN,,,,,Ipswich (1)
Private Client Solicitor - Excellent Rewards & Prospects - Norwich,1,Legal / Conveyancing,UNKNOWN,,,,,Norwich (1)
Dispute Resolution Solicitor 3 + PQE,1,Legal / Conveyancing,UNKNOWN,,,,,Colchester (1)
Residential Property Solicitor / Paralegal,1,Legal / Conveyancing,UNKNOWN,,,,,Colchester (1)
Legal Secretary - Flexible Working - Excellent Benefits & Environment,1,Legal / Conveyancing,UNKNOWN,,,admin_service,,Ipswich (1)
Private Client Solicitor - Excellent Rewards & Prospects - Flexible working,1,Legal / Conveyancing,UNKNOWN,,,,,Ipswich (1)
Commercial Property Solicitor - Associate/Partner - Suffolk/Essex - Flexible Working,1,Legal / Conveyancing,UNKNOWN,,,,,Chelmsford (1)
Commercial Litigation Solicitor - PARTNERSHIP OPPORTUNITY - 5PQE - Flexible Working & Generous Bonus,1,Legal / Conveyancing,UNKNOWN,,,,,Colchester (1)
Commercial Conveyancing Fee Earner - Better your rewards & Prospects,1,Legal / Conveyancing,UNKNOWN,,,,,Colchester (1)
Commercial Property Solicitor - Associate/Partner - Suffolk/Essex - Hybrid & Generous Bonus,1,Legal / Conveyancing,UNKNOWN,,,,,Colchester (1)
Corporate Solicitor 1+ PQE,1,Legal / Conveyancing,UNKNOWN,,,,,Colchester (1)
Commercial Property Solicitor 1+ PQE,1,Legal / Conveyancing,UNKNOWN,,,,,Colchester (1)
Solicitor - Corporate Law - 2 years PQE - Ipswich & Chelmsford - Flexible working.,1,Legal / Conveyancing,UNKNOWN,,,,,Chelmsford (1)
Senior Residential Property Solicitor - Partner Opportunity,1,Legal / Conveyancing,UNKNOWN,,,,,Ipswich (1)
Fee Earner/Solicitor/Senior Solicitor - Conveyancing,1,Legal / Conveyancing,UNKNOWN,,,,,Colchester (1)
Commercial Property Solicitor/Associate Flexible Working,1,Legal / Conveyancing,UNKNOWN,,,,,Ipswich (1)
Associate/Partner Private Client Solicitor - Norfolk,1,Legal / Conveyancing,UNKNOWN,,,,,Not Specified (1)
FP&A Manager - Commercial Finance & Strategic Growth,1,Professional Finance / Accountancy,UNKNOWN,,,finance_accounts,,Not Specified (1)
Accounts & Credit Controller,1,Professional Finance / Accountancy,UNKNOWN,,,finance_accounts,,Slough (1)
Senior Business Analyst - Finance Function - Asset Management,1,Professional Finance / Accountancy,UNKNOWN,,,finance_accounts,,Not Specified (1)
Accounts Manager / Director,1,Professional Finance / Accountancy,UNKNOWN,,,finance_accounts,,Axminster (1)
Frontend Magento Developer,1,IT / Data / Software,UNKNOWN,,,,,Stockport (1)
Senior Programme & Peer Coordinator,1,Admin / Customer Service,UNKNOWN,,,admin_service,,Hemel Hempstead (1)
Interim OTC Cash Office Assistant,1,Admin / Customer Service,UNKNOWN,,,admin_service,,Leeds (1)
Insights and Analytics Manager,1,Other / Unclassified,UNKNOWN,,,,,Not Specified (1)
Wealth Planning Administrator - Step into Paraplanning,1,Admin / Customer Service,UNKNOWN,,,admin_service,,Leatherhead (1)
HR Transformation Lead(Central Gov),1,HR / Recruitment,UNKNOWN,,,hr_recruitment,,Not Specified (1)
Interim Assistant Accountant (6 month FTC),1,Professional Finance / Accountancy,UNKNOWN,,,,,Wakefield (1)
Vehicle Purchasing and Operations Executive,1,Procurement / Buying / Supply Chain,UNKNOWN,,,,,City (1)
Junior Paraplanner - Trainee adviser role,1,Financial Advice / Mortgages,UNKNOWN,,,,,Leatherhead (1)
Project Manager - Contract Management System CMS,1,Operations / General Management,UNKNOWN,,,,,Not Specified (1)
Supporting People on Probation Navigator,1,Other / Unclassified,UNKNOWN,,,,,Cambridge (1)
Family Lawyer 2+ PQE,1,Legal / Conveyancing,UNKNOWN,,,,,Chester (1)
Settlement Officer,1,Other / Unclassified,UNKNOWN,,,admin_service,,Not Specified (1)
Recruitment HR & Compliance Manager,1,HR / Recruitment,UNKNOWN,,,hr_recruitment,,Loughton (1)
Ad-hoc Occupational Health Technician,1,Engineering / Technical,UNKNOWN,,,,,Not Specified (1)
Finance Project Manager,1,Professional Finance / Accountancy,UNKNOWN,,,finance_accounts,,Borehamwood (1)
HR Adviser,1,HR / Recruitment,UNKNOWN,,,hr_recruitment,,Worcester (1)
Audit and Accounts Assistant Manager,1,Professional Finance / Accountancy,UNKNOWN,,,finance_accounts,,Harrow (1)
Digital Signage Manager,1,Marketing / Digital / Creative,UNKNOWN,,,,,Not Specified (1)
HR Business Partner Contract to December Ipswich &;250/d PAYE,1,HR / Recruitment,UNKNOWN,,,hr_recruitment,,Ipswich (1)
Commercial Property Litigation Solicitor,1,Legal / Conveyancing,UNKNOWN,,,,,Not Specified (1)
Vehicle Technician - Car & Van,1,Engineering / Technical,UNKNOWN,,,,,Wrexham (1)
Night Support Worker,1,Care / Support Work,KNOWN,support_worker:ELASTIC_FIT,support_worker,support_worker,,Sheffield (1)
Counterbalance Forklift Operative - Dayshift,1,Driving / Warehouse / Logistics,UNKNOWN,,,warehouse_logistics,,Falkirk (1)
Senior ER Manager,1,Other / Unclassified,UNKNOWN,,,,,Huntingdon (1)
HR Advisor / Generalist,1,HR / Recruitment,UNKNOWN,,,hr_recruitment,,Ringwood (1)
Contract FP&A Consultant,1,Other / Unclassified,UNKNOWN,,,,,Not Specified (1)
HR Advisor - 1-Year FTC,1,HR / Recruitment,UNKNOWN,,,hr_recruitment,,Not Specified (1)
Senior HR Adviser - Hampshire - 3 mnth FTC - &;40k FTE,1,HR / Recruitment,UNKNOWN,,,hr_recruitment,,Not Specified (1)
Static Data - Team Leader,1,Other / Unclassified,UNKNOWN,,,,,Not Specified (1)
Valuer,1,Other / Unclassified,UNKNOWN,,,,,Solihull (1)
Board Governance Manager,1,Other / Unclassified,UNKNOWN,,,,,Ashford (1)
Temporary School Finance Assistant,1,Education / Teaching,UNKNOWN,,,finance_accounts,,Tonbridge (1)
Senior Family Solicitor HNW Divorce & Financial Remedy North East,1,Legal / Conveyancing,UNKNOWN,,,,,Newcastle Upon Tyne (1)
Interim Payroll Supervisor,1,Professional Finance / Accountancy,UNKNOWN,,,finance_accounts,,Not Specified (1)
Senior Paralegal - Complex and Catastrophic Injury,1,Legal / Conveyancing,UNKNOWN,,,,,Liverpool (1)
Accounts Assistant - Media Startup,1,Professional Finance / Accountancy,UNKNOWN,,,finance_accounts,,Not Specified (1)
IFA Administrator/Trainee Paraplanner,1,Financial Advice / Mortgages,UNKNOWN,,,admin_service,,Reigate (1)
Delivery Driver 32t,1,Driving / Warehouse / Logistics,UNKNOWN,,,,,Crawley (1)
"Pilates Instructors, Kensington",1,Other / Unclassified,UNKNOWN,,,,,Not Specified (1)
Maths Lead Teacher,1,Education / Teaching,UNKNOWN,,,,,Leicester (1)
Digital Challenge Officer,1,Marketing / Digital / Creative,UNKNOWN,,,admin_service,,Not Specified (1)
Course Tutor,1,Education / Teaching,UNKNOWN,,,,,Not Specified (1)
Senior Public Fundraising Manager,1,Other / Unclassified,UNKNOWN,,,,,Not Specified (1)
Fundraiser (Trusts & Foundations),1,Other / Unclassified,UNKNOWN,,,,,Cardiff (1)
Head of Housing Development,1,Other / Unclassified,UNKNOWN,,,,,Not Specified (1)
Trustee Treasurer,1,Other / Unclassified,UNKNOWN,,,,,Not Specified (1)
Regional Fundraising Manager,1,Other / Unclassified,UNKNOWN,,,,,Whitby (1)
M13 Youth Project Trustee,1,Other / Unclassified,UNKNOWN,,,,,Manchester (1)
Financial Wellbeing Adviser,1,Other / Unclassified,UNKNOWN,,,,,Swindon (1)
Specialist Debt Advisor,1,Other / Unclassified,UNKNOWN,,,,,Not Specified (1)
Fundraising Development Manager,1,Other / Unclassified,UNKNOWN,,,,,Not Specified (1)
Employability Support Worker,1,Care / Support Work,UNKNOWN,,,support_worker,,Abingdon (1)
Night Young People Support Worker,1,Care / Support Work,UNKNOWN,,,support_worker,,Durham (1)
Head of Community Services,1,Other / Unclassified,UNKNOWN,,,,,Not Specified (1)
IPS Employment Specialist,1,Other / Unclassified,UNKNOWN,,,,,Not Specified (1)
Head of Philanthropy and Partnerships,1,Other / Unclassified,UNKNOWN,,,,,Middlesbrough (1)
Co-opted Trustee - Development,1,Other / Unclassified,UNKNOWN,,,,,Not Specified (1)
Landlord Partnership Asset and Compliance Manager,1,Other / Unclassified,UNKNOWN,,,,,Not Specified (1)
Trustee Opportunities at Llanhilleth Miners Institute,1,Other / Unclassified,UNKNOWN,,,,,Abertillery (1)
Buyer / Stock Controller,1,Driving / Warehouse / Logistics,UNKNOWN,,,warehouse_logistics,,Not Specified (1)
PA (12-month FTC),1,Admin / Customer Service,UNKNOWN,,,,,Edinburgh (1)
Leasing Associate,1,Other / Unclassified,UNKNOWN,,,,,Milton Keynes (1)
Head of Communications and Content - 3-4 month contract,1,Marketing / Digital / Creative,UNKNOWN,,,,,Not Specified (1)
Senior Marketing Manager - 3-4 month contract,1,Marketing / Digital / Creative,UNKNOWN,,,,,Not Specified (1)
Client Assistant Manager / Manager / Senior Manager,1,Other / Unclassified,UNKNOWN,,,,,Thornton-cleveleys (1)
Marketing Manager (part-time),1,Marketing / Digital / Creative,UNKNOWN,,,,,Chesterfield (1)
Financial Controller (SME),1,Professional Finance / Accountancy,UNKNOWN,,,,,Havant (1)
HR Manager - Maternity Contract,1,HR / Recruitment,UNKNOWN,,,hr_recruitment,,Chesterfield (1)
Temp HR / ER Advisor - initial 8 week project,1,HR / Recruitment,UNKNOWN,,,hr_recruitment,,Bath (1)
Accounting Advisory Manager,1,Other / Unclassified,UNKNOWN,,,finance_accounts,,Not Specified (1)
Reconciliations Manager,1,Other / Unclassified,UNKNOWN,,,,,Manchester (1)
Business Support Manager,1,Admin / Customer Service,KNOWN,admin_service:OUT_OF_SCOPE,,admin_service,,Pewsey (1)
Accounts Receivable Associate,1,Professional Finance / Accountancy,UNKNOWN,,,finance_accounts,,Not Specified (1)
Controls / Automation Engineer (Rockwell / Siemens),1,Engineering / Technical,UNKNOWN,,,,,Glasgow (1)
Intercompany Manager,1,Other / Unclassified,UNKNOWN,,,,,Not Specified (1)
Senior Service Charge Analyst,1,Other / Unclassified,UNKNOWN,,,,,Not Specified (1)
FBP / Commercial Finance Manager,1,Professional Finance / Accountancy,UNKNOWN,,,finance_accounts,,Leeds (1)
"Senior Manager, Transformation PMO",1,Other / Unclassified,UNKNOWN,,,,,Slough (1)
Head of US Tax Tech-Led Accountancy for Startups London,1,Professional Finance / Accountancy,UNKNOWN,,,,,Not Specified (1)
Performance and Analytics - Private Equity,1,Other / Unclassified,UNKNOWN,,,,,Not Specified (1)
Accounts Manager/Management Accountant,1,Professional Finance / Accountancy,UNKNOWN,,,finance_accounts,,Maldon (1)
Fractional CFO/Consultancy,1,Other / Unclassified,UNKNOWN,,,,,Birchington (1)
Adult Social Care Inspector - South Network,1,Other / Unclassified,UNKNOWN,,,,,Not Specified (1)
Chief Executive Officer,1,Operations / General Management,UNKNOWN,,,admin_service,,Workington (1)
"Team Leader (Specialist Intervention), Children",1,Other / Unclassified,UNKNOWN,,,,,Not Specified (1)
LGV 1 & 2 drivers,1,Driving / Warehouse / Logistics,UNKNOWN,,,,,Hemel Hempstead (1)
Delivery Driver 18t,1,Driving / Warehouse / Logistics,UNKNOWN,,,,,Inverness (1)
Scheme Manager,1,Other / Unclassified,KNOWN,admin_service:OUT_OF_SCOPE,,,,Mayfield (1)
Housing Estates Officer,1,Other / Unclassified,UNKNOWN,,,admin_service,,Chester (1)
Executive Search Consultant - Boutique Search Firm,1,Other / Unclassified,UNKNOWN,,,,,City (1)
Graduate Telemarketing Executive,1,Other / Unclassified,UNKNOWN,,,,,Macclesfield (1)
Mobile HVAC Engineer,1,Engineering / Technical,UNKNOWN,,,,,Shotts (1)
Unified Communications Engineer,1,Engineering / Technical,UNKNOWN,,,,,Not Specified (1)
Care Home Deputy Nurse Manager,1,Healthcare / Clinical,UNKNOWN,,,,,Glasgow (1)
Employment Lawyer: Senior Associate or Partner,1,Legal / Conveyancing,UNKNOWN,,,,,Liverpool (1)
Finance Manager - Capital Expenditure,1,Professional Finance / Accountancy,UNKNOWN,,,finance_accounts,,Slough (1)
Senior CRM Systems Executive,1,Other / Unclassified,UNKNOWN,,,,,Not Specified (1)
Learning & Development Advisor,1,Other / Unclassified,UNKNOWN,,,,,Maidenhead (1)
Registered Nurse/Paramedic - Loddon Valley - FT/PT,1,Healthcare / Clinical,UNKNOWN,,,,,Reading (1)
Panel Repair Technician,1,Engineering / Technical,UNKNOWN,,,,,Tunbridge Wells (1)
Legal Accounts Assistant,1,Legal / Conveyancing,UNKNOWN,,,finance_accounts,,Southsea (1)
Risk & Compliance Manager,1,Other / Unclassified,UNKNOWN,,,,,Not Specified (1)
Senior Resident Services Associate,1,Other / Unclassified,UNKNOWN,,,,,Leeds (1)
Finance Accountant (Industry Based),1,Professional Finance / Accountancy,UNKNOWN,,,finance_accounts,,Durham (1)
Warranties Administrator - Automotive,1,Admin / Customer Service,UNKNOWN,,,admin_service,,Hull (1)
"Optical Practice Manager - Ashby de la Zouch, Leicestershire",1,Other / Unclassified,UNKNOWN,,,,,Ashby-de-la-zouch (1)
"Optometrist - Witney, Oxfordshire",1,Other / Unclassified,UNKNOWN,,,,,Witney (1)
Qualified Hearing Care Assistant,1,Care / Support Work,UNKNOWN,,,support_worker,,Tunbridge Wells (1)
"Dispensing Optician - Battle, East Sussex - Independent",1,Other / Unclassified,UNKNOWN,,,,,Battle (1)
Dustcart Driver Class 2 HGV,1,Driving / Warehouse / Logistics,UNKNOWN,,,,,Harlow (1)
HGV Refuse Driver,1,Driving / Warehouse / Logistics,UNKNOWN,,,,,Not Specified (1)
Multi Drop Delivery Driver Class 2 (Lansdell Soft Drinks Ltd),1,Driving / Warehouse / Logistics,UNKNOWN,,,,,Whitstable (1)
HGV Class 1 Driver - Afternoon Shifts - £18.25ph to £22.34ph,1,Driving / Warehouse / Logistics,UNKNOWN,,,,,Bristol (1)
VNA Forklift Driver,1,Driving / Warehouse / Logistics,UNKNOWN,,,warehouse_logistics,,Norwich (1)
LGV C Driver,1,Driving / Warehouse / Logistics,UNKNOWN,,,,,Rotherham (1)
HGV Class 1 Driver - NEW PASS WELCOME!,1,Driving / Warehouse / Logistics,UNKNOWN,,,,,Kenilworth (1)
Class 2 Bin Lorry driver,1,Driving / Warehouse / Logistics,UNKNOWN,,,,,Oxford (1)
Postal Delivery Driver,1,Driving / Warehouse / Logistics,UNKNOWN,,,,,Pitlochry (1)
HGV Class 2 Water Tanker Driver,1,Driving / Warehouse / Logistics,UNKNOWN,,,,,Colchester (1)
HGV Class 2 Drayman,1,Driving / Warehouse / Logistics,UNKNOWN,,,,,Salford (1)
Telehandler Driver - CPCS,1,Driving / Warehouse / Logistics,UNKNOWN,,,,,North Tawton (1)
Class 1 Driver - Raw Milk Collection,1,Driving / Warehouse / Logistics,UNKNOWN,,,,,Bellshill (1)
Class 1 Driver - RDC Deliveries (Nights),1,Driving / Warehouse / Logistics,UNKNOWN,,,,,Bellshill (1)
Class 2 HIAB Driver Chesterfield,1,Driving / Warehouse / Logistics,UNKNOWN,,,,,Worksop (1)
eHGV Class 2 driver,1,Driving / Warehouse / Logistics,UNKNOWN,,,,,Selby (1)
Class 2 tyre collection driver,1,Driving / Warehouse / Logistics,UNKNOWN,,,,,Selby (1)
Class 1 driv,1,Other / Unclassified,UNKNOWN,,,,,Kettering (1)
Class 1 Driver - Motherwell,1,Driving / Warehouse / Logistics,UNKNOWN,,,,,Wishaw (1)
Fleet Maintenance Advisor,1,Engineering / Technical,UNKNOWN,,,,,Exeter (1)
Ward Manager,1,Other / Unclassified,KNOWN,admin_service:OUT_OF_SCOPE,,,,Clacton-on-sea (1)
Capacity / Demand Manager,1,Other / Unclassified,UNKNOWN,,,,,Not Specified (1)
NPI Manager (Process Manager),1,Other / Unclassified,UNKNOWN,,,,,Cambridge (1)
Co-pilot - Adoption Lead - Agentic AI,1,Other / Unclassified,UNKNOWN,,,,,Stevenage (1)
Club Manager,1,Other / Unclassified,UNKNOWN,,,,,Glasgow (1)
Domiciliary Care Manager,1,Care / Support Work,UNKNOWN,,,,,Leeds (1)
Lifeguard - Fixed Term Contract Available!,1,Other / Unclassified,UNKNOWN,,,,,Bognor Regis (1)
Transport Clerk,1,Other / Unclassified,UNKNOWN,,,,,Hatfield (1)
Early Years Practitioners,1,Other / Unclassified,UNKNOWN,,,,,Wakefield (1)
Pre Sales Solution Consultant,1,Sales / Business Development,UNKNOWN,,,,,Not Specified (1)
Russian Customer Service Advisor,1,Admin / Customer Service,UNKNOWN,,,customer_service_contact_centre,,Edinburgh (1)
Senior Underwriter - AI Liability,1,Other / Unclassified,UNKNOWN,,,,,City (1)
Syrup Room Administrator / Counterbalance FLT Driver,1,Driving / Warehouse / Logistics,UNKNOWN,,,admin_service,,Pontefract (1)
Sales Executive - French Speaking,1,Sales / Business Development,UNKNOWN,,,,,Blackpool (1)
Inside Sales - Telesales,1,Sales / Business Development,UNKNOWN,,,,,Aylesbury (1)
Customer Support Technician,1,Engineering / Technical,UNKNOWN,,,customer_service_contact_centre,,Weymouth (1)
Executive Driver & Commercial Support Representative,1,Driving / Warehouse / Logistics,UNKNOWN,,,,,Chatham (1)
Recruitment and Retention Officer,1,HR / Recruitment,UNKNOWN,,,admin_service; hr_recruitment,,Blackpool (1)
Community Gardening Coordinator,1,Admin / Customer Service,UNKNOWN,,,admin_service,,Weston-super-mare (1)
Interim Executive Assistant,1,Other / Unclassified,UNKNOWN,,,,,St. Austell (1)
Deputy Lead Social Worker,1,Care / Support Work,UNKNOWN,,,,,Reading (1)
Bank Support Worker - Driver,1,Care / Support Work,UNKNOWN,,,support_worker,,Burry Port (1)
Chemotherapy Nurse Specialist,1,Healthcare / Clinical,UNKNOWN,,,,,Nottingham (1)
Night Charge Nurse,1,Healthcare / Clinical,UNKNOWN,,,,,Aberdeen (1)
SOC Architect - SC Cleared,1,Other / Unclassified,UNKNOWN,,,,,Not Specified (1)
Bank Associate Lecturer in Animal Care,1,Education / Teaching,UNKNOWN,,,,,Pulborough (1)
Business Tax - Senior Manager,1,Other / Unclassified,UNKNOWN,,,,,City (1)
Team Leader - Complex Care,1,Other / Unclassified,UNKNOWN,,,,,St. Neots (1)
Workday Finance Lead Consultant,1,Professional Finance / Accountancy,UNKNOWN,,,finance_accounts,,Swindon (1)
Traffic Engineering Team Manager,1,Engineering / Technical,UNKNOWN,,,,,Gloucester (1)
Registered Manager - Learning Disabiltiy Service,1,Other / Unclassified,UNKNOWN,,,,,Liverpool (1)
Senior Safeguarding Nurse,1,Healthcare / Clinical,UNKNOWN,,,,,Grimsby (1)
Electrical Quality Systems Team Leader,1,Engineering / Technical,UNKNOWN,,,,,Abingdon (1)
Sample Dispatch Service Lead,1,Driving / Warehouse / Logistics,UNKNOWN,,,warehouse_logistics,,Cambridge (1)
Sliding Head CNC Programmer (Progression to Applications),1,IT / Data / Software,UNKNOWN,,,,,Stourbridge (1)
Senior Optical Systems Engineer,1,IT / Data / Software,UNKNOWN,,,,,Ilminster (1)
Room Leader,1,Other / Unclassified,UNKNOWN,,,,,Not Specified (1)
Sous Chef,1,Hospitality / Catering,UNKNOWN,,,,,Nottingham (1)
Automation Development Engineer,1,Engineering / Technical,UNKNOWN,,,,,Not Specified (1)
Product & Application Trainer - Field-based,1,Other / Unclassified,UNKNOWN,,,,,Milton Keynes (1)
Business Development Executive (Marine / Instrumentation),1,Sales / Business Development,UNKNOWN,,,,,Ashford (1)
Senior Security Engineering Consultant,1,Engineering / Technical,UNKNOWN,,,,,Basingstoke (1)
Financial Modeller,1,Other / Unclassified,UNKNOWN,,,,,Corsham (1)
Cost and Commercial Manager,1,Sales / Business Development,UNKNOWN,,,,,Bristol (1)
Risk Assessor,1,Other / Unclassified,UNKNOWN,,,,,City (1)
Business Development Manager - Freight Forwarding,1,Sales / Business Development,UNKNOWN,,,,,Folkestone (1)
Property Sales and Progression Manager,1,Sales / Business Development,UNKNOWN,,,,,Cheltenham (1)
"Regional Business Development Manager Timber, Stairs & Metalwork",1,Sales / Business Development,UNKNOWN,,,,,Blackburn (1)
SC Cleared Third Line Citrix SME,1,Other / Unclassified,UNKNOWN,,,,,Preston (1)
Commercial Assessor Trainer in Electrical (Bank),1,Engineering / Technical,UNKNOWN,,,,,Chichester (1)
Product Marketing Manager - Marine,1,Marketing / Digital / Creative,UNKNOWN,,,,,Bristol (1)
Community Engagement Facilitator (Mental Health),1,Other / Unclassified,UNKNOWN,,,,,Bradford (1)
Human Resources and People Officer,1,HR / Recruitment,UNKNOWN,,,admin_service; hr_recruitment,,Bradford (1)
Kinship Navigator - Newham,1,Other / Unclassified,UNKNOWN,,,,,Not Specified (1)
Corporate & Community Fundraising Manager,1,Other / Unclassified,UNKNOWN,,,,,Not Specified (1)
Treasurer Trustee,1,Other / Unclassified,UNKNOWN,,,,,Not Specified (1)
Site Finance Manager,1,Professional Finance / Accountancy,UNKNOWN,,,finance_accounts,,Lutterworth (1)
Events Executive,1,Other / Unclassified,UNKNOWN,,,,,Not Specified (1)
Vechicle Service Agent,1,Other / Unclassified,UNKNOWN,,,,,Swindon (1)
HR Manager (12 Month FTC),1,HR / Recruitment,UNKNOWN,,,hr_recruitment,,Not Specified (1)
Payroll Specialist - Temporary,1,Professional Finance / Accountancy,UNKNOWN,,,finance_accounts,,Portland (1)
Aftersales Performance Specialist,1,Other / Unclassified,UNKNOWN,,,,,Not Specified (1)
HR People Coordinator,1,HR / Recruitment,UNKNOWN,,,admin_service; hr_recruitment,,Not Specified (1)
Senior HR Manager (Fee Earner),1,Legal / Conveyancing,UNKNOWN,,,hr_recruitment,,Not Specified (1)
Commercial Analyst- hybrid,1,Other / Unclassified,UNKNOWN,,,,,Reading (1)
Finance Analyst (Local Government Pension),1,Professional Finance / Accountancy,UNKNOWN,,,finance_accounts,,Not Specified (1)
Group Tax Manager (in-house),1,Professional Finance / Accountancy,UNKNOWN,,,,,Bristol (1)
Real Estate Commercial Associate,1,Other / Unclassified,UNKNOWN,,,,,Not Specified (1)
Treasury Clerk,1,Professional Finance / Accountancy,UNKNOWN,,,,,Not Specified (1)
Trainee Patent Attorney - Engineering,1,Engineering / Technical,UNKNOWN,,,,,Bristol (1)
HR Operations Assistant,1,HR / Recruitment,UNKNOWN,,,hr_recruitment,,Hayes (1)
Revenue Assistant,1,Other / Unclassified,UNKNOWN,,,,,Not Specified (1)
Pre Litigation - Personal Injury Fee Earner,1,Legal / Conveyancing,UNKNOWN,,,,,Liverpool (1)
"Real Estate and Real Estate Finance Solicitor - Global Firm, Top Quality Work",1,Legal / Conveyancing,UNKNOWN,,,finance_accounts,,Not Specified (1)
Pre-Litigation - Legal Assistant (PLCT H),1,Legal / Conveyancing,UNKNOWN,,,,,Liverpool (1)
Probate Lawyer - High Value Estates - Excellent Benefits,1,Legal / Conveyancing,UNKNOWN,,,,,Knutsford (1)
Property Block Manager - Hove,1,Other / Unclassified,UNKNOWN,,,,,Hove (1)
ECOMMERCE VISUAL MERCHANDISER,1,Retail / Store,UNKNOWN,,,,,Street (1)
HEAD OF MARKETING UK ROI & EMEA,1,Marketing / Digital / Creative,UNKNOWN,,,,,Street (1)
Customer Service - Sales Executive,1,Sales / Business Development,UNKNOWN,,,customer_service_contact_centre,,Romford (1)
Residential Conveyancer 12 month Maternity Cover,1,Other / Unclassified,UNKNOWN,,,,,Not Specified (1)
Wills and Estates Legal Assistant,1,Legal / Conveyancing,UNKNOWN,,,,,Colchester (1)
Banking and Finance Paralegal,1,Legal / Conveyancing,UNKNOWN,,,finance_accounts,,Not Specified (1)
Senior Systems Engineer/Technical Lead,1,IT / Data / Software,UNKNOWN,,,,,Bristol (1)
Global Head of Communications and Marketing,1,Marketing / Digital / Creative,UNKNOWN,,,,,City Of Westminster (1)
Legal Assistant - MOJ Stage 3,1,Legal / Conveyancing,UNKNOWN,,,,,Liverpool (1)
Construction Legal Director (Non contentious),1,Legal / Conveyancing,UNKNOWN,,,,,Not Specified (1)
Legal Administrator/ Paralegal,1,Legal / Conveyancing,UNKNOWN,,,admin_service,,Manchester (1)
FRS102 Technical Accountant,1,Professional Finance / Accountancy,UNKNOWN,,,,,Not Specified (1)
Regional Business Development Manager,1,Sales / Business Development,UNKNOWN,,,,,Not Specified (1)
Senior Tax Consultant,1,Professional Finance / Accountancy,UNKNOWN,,,,,Leeds (1)
Autonomous Systems Engineer,1,IT / Data / Software,UNKNOWN,,,,,Farnborough (1)
HR Onboarding,1,HR / Recruitment,UNKNOWN,,,hr_recruitment,,Liverpool (1)
EA Construction Disputes,1,Construction / Trades / Property,UNKNOWN,,,,,Not Specified (1)
CAMB - Client Services Coordinator,1,Admin / Customer Service,UNKNOWN,,,admin_service,,Cambridge (1)
Head of Accounts Receivable,1,Professional Finance / Accountancy,UNKNOWN,,,finance_accounts,,Liverpool (1)
Head of Reporting and FP&A,1,Other / Unclassified,UNKNOWN,,,,,Solihull (1)
Credit Hire Litigator,1,Other / Unclassified,UNKNOWN,,,,,Liverpool (1)
Accounts & Personal Tax Senior,1,Professional Finance / Accountancy,UNKNOWN,,,finance_accounts,,Not Specified (1)
Senior Account Handler - Insurance,1,Other / Unclassified,UNKNOWN,,,,,East Grinstead (1)
Pre-Litigation Fee Earner - Credit Hire,1,Legal / Conveyancing,UNKNOWN,,,,,Liverpool (1)
Registered Mental Health Nurse (RMN/RNLD),1,Healthcare / Clinical,UNKNOWN,,,,,Weston-super-mare (1)
Systems Engineer - SP,1,IT / Data / Software,UNKNOWN,,,,,Not Specified (1)
Part Time Accounts and Business Coordinator,1,Professional Finance / Accountancy,UNKNOWN,,,admin_service; finance_accounts,,Not Specified (1)
Construction Paralegal,1,Legal / Conveyancing,UNKNOWN,,,,,Leeds (1)
Senior HR & Employee Relations Advisor,1,HR / Recruitment,UNKNOWN,,,hr_recruitment,,Runcorn (1)
Payroll / Bookkeeping,1,Professional Finance / Accountancy,UNKNOWN,,,finance_accounts,,Knaresborough (1)
Commercial Property Solicitor - &; DOE - Peterborough,1,Legal / Conveyancing,UNKNOWN,,,,,Peterborough (1)
Collections Advisor Executives - Full Time & Part Time,1,Other / Unclassified,UNKNOWN,,,,,Tamworth (1)
Head of Real Estate,1,Other / Unclassified,UNKNOWN,,,,,Not Specified (1)
New Office Lead - Family Solicitor/Legal Executive - Flexible Location - 8+ PQE,1,Legal / Conveyancing,UNKNOWN,,,admin_service,,Doncaster (1)
HGV Collection and Delivery Driver,1,Driving / Warehouse / Logistics,UNKNOWN,,,,,Hull (1)
"Graduate PR Assistant, Professional Services",1,Other / Unclassified,UNKNOWN,,,,,Not Specified (1)
Iba Accounts Assistant,1,Professional Finance / Accountancy,UNKNOWN,,,finance_accounts,,Not Specified (1)
Telephone Business Development Manager,1,Sales / Business Development,UNKNOWN,,,,,Not Specified (1)
Private Client Lawyer: Senior Associate or Partner,1,Legal / Conveyancing,UNKNOWN,,,,,Not Specified (1)
Residential Sales Manager / Valuer,1,Sales / Business Development,UNKNOWN,,,,,Tamworth (1)
Risk Co-ordinator,1,Other / Unclassified,UNKNOWN,,,,,Blackburn (1)
Employee Engagement Officer (HR Projects),1,HR / Recruitment,UNKNOWN,,,admin_service; hr_recruitment,,Not Specified (1)
Residential Conveyancing Fee Earners - Bradford & Wakefied,1,Other / Unclassified,UNKNOWN,,,,,Wakefield (1)
Senior Tax Adviser,1,Professional Finance / Accountancy,UNKNOWN,,,,,Not Specified (1)
Sales Negotiator (Estate Agents),1,Sales / Business Development,UNKNOWN,,,,,Maidstone (1)
"Business Analyst - Commodities, Platform, Process",1,IT / Data / Software,UNKNOWN,,,,,Not Specified (1)
Funding & Commercial Business Partner,1,Other / Unclassified,UNKNOWN,,,,,Leatherhead (1)
5+ PQE Family Solicitor - Flexible Yorkshire Practice,1,Legal / Conveyancing,UNKNOWN,,,,,Pontefract (1)
In House Employment Solicitor - Remote Working,1,Legal / Conveyancing,UNKNOWN,,,,,Martock (1)
Learning and Development Facilitator,1,Other / Unclassified,UNKNOWN,,,,,Not Specified (1)
Senior Paraplanner (Chartered),1,Financial Advice / Mortgages,UNKNOWN,,,,,Woking (1)
Family Solicitor - PQE Flexible - Doncaster Base,1,Legal / Conveyancing,UNKNOWN,,,,,Doncaster (1)
Probate Specialist - Huddersfield - HNW/Complex Estates,1,Legal / Conveyancing,UNKNOWN,,,,,Huddersfield (1)
10+ PQE - Private Client Solicitor - Huddersfield,1,Legal / Conveyancing,UNKNOWN,,,,,Huddersfield (1)
"Private Client Solicitor 4+ PQE - Flexible, High Quality Yorkshire Firm",1,Legal / Conveyancing,UNKNOWN,,,,,Pontefract (1)
Document Review Paralegal,1,Legal / Conveyancing,UNKNOWN,,,,,Not Specified (1)
NFP Audit Manager,1,Professional Finance / Accountancy,UNKNOWN,,,,,Cheltenham (1)
Accounts Manager - Farms/Rural,1,Professional Finance / Accountancy,UNKNOWN,,,finance_accounts,,Cardiff (1)
"Class 1 Driver, 4o4o Days",1,Driving / Warehouse / Logistics,UNKNOWN,,,,,Glasgow (1)
Class 2 Dust Cart Driver,1,Driving / Warehouse / Logistics,UNKNOWN,,,,,Norwich (1)
PCV Coach Driver - Peterborough,1,Driving / Warehouse / Logistics,UNKNOWN,,,,,Peterborough (1)
HGV Class 1 Drivers Wanted OL Postcode & North Manchester,1,Driving / Warehouse / Logistics,UNKNOWN,,,,,Not Specified (1)
Mobile Fleet Technician,1,Engineering / Technical,UNKNOWN,,,,,Maidstone (1)
Class 1 Multi-drop Driver,1,Driving / Warehouse / Logistics,UNKNOWN,,,,,Maidstone (1)
Class 1 Driver - New Pass Accepted!,1,Driving / Warehouse / Logistics,UNKNOWN,,,,,Crewe (1)
Trainee Motor Vehicle Mechanics Tutor - Vehicle Technician,1,Education / Teaching,UNKNOWN,,,,,Wishaw (1)
Driver - Class 1 and 2,1,Driving / Warehouse / Logistics,UNKNOWN,,,,,Tamworth (1)
PPT/GWO Drivers - Days,1,Other / Unclassified,UNKNOWN,,,,,Northampton (1)
7.5T / Class 2 Delivery Driver,1,Driving / Warehouse / Logistics,UNKNOWN,,,,,Leeds (1)
Linehaul Driver,1,Driving / Warehouse / Logistics,UNKNOWN,,,,,Bristol (1)
Despatch Operative,1,Driving / Warehouse / Logistics,UNKNOWN,,,,,Llanidloes (1)
Residential Conveyancer / Conveyancing Fee Earner,1,Legal / Conveyancing,UNKNOWN,,,,,Gloucester (1)
Residential Property Solicitor / Chartered Legal Executive,1,Legal / Conveyancing,UNKNOWN,,,,,Bristol (1)
Deputy Head Teacher,1,Education / Teaching,UNKNOWN,,,,,Braintree (1)
Assistant to the Executive Director,1,Other / Unclassified,UNKNOWN,,,,,Leatherhead (1)
Brand Ambassadors In-Store Food & Drink Sampling,1,Other / Unclassified,UNKNOWN,,,,,Cardigan (1)
Chief Accountant (Hybrid),1,Professional Finance / Accountancy,UNKNOWN,,,,,Chichester (1)
AR Technical Analyst,1,Other / Unclassified,UNKNOWN,,,,,Not Specified (1)
Senior Legal Counsel - Employment,1,Legal / Conveyancing,UNKNOWN,,,,,Isleworth (1)
Business Development Executive (Sussex/Kent),1,Sales / Business Development,UNKNOWN,,,,,Isleworth (1)
Digital Operations Controller,1,Marketing / Digital / Creative,UNKNOWN,,,,,Isleworth (1)
Driver / General Assistant,1,Driving / Warehouse / Logistics,UNKNOWN,,,,,Blandford Forum (1)
Class 1 (C+E ) Car Transporter Operator,1,Other / Unclassified,UNKNOWN,,,,,Gretna (1)
Operations Manager - Road Freight,1,Operations / General Management,UNKNOWN,,,,,Southall (1)
Telesales Agent,1,Sales / Business Development,UNKNOWN,,,,,Chigwell (1)
AutoDesk Forma / Construction Cloud Specialist,1,IT / Data / Software,UNKNOWN,,,,,Glasgow (1)
Mortgage Case Manager,1,Financial Advice / Mortgages,UNKNOWN,,,,,Manchester (1)
Talent Acquisition Partner,1,HR / Recruitment,UNKNOWN,,,hr_recruitment,,Leeds (1)
Senior Shipping Clerk,1,Other / Unclassified,UNKNOWN,,,,,Not Specified (1)
CRM Lead,1,Other / Unclassified,UNKNOWN,,,,,Aylesbury (1)
SAP Finance systems analyst,1,Professional Finance / Accountancy,UNKNOWN,,,finance_accounts,,Not Specified (1)
Corporate Associate (2-4 PQE),1,Other / Unclassified,UNKNOWN,,,,,Leeds (1)
Accounts Semi-Senior / Senior,1,Professional Finance / Accountancy,UNKNOWN,,,finance_accounts,,Not Specified (1)
Finance Manager/ Senior Management Accountant,1,Professional Finance / Accountancy,UNKNOWN,,,finance_accounts,,Stockport (1)
Consumer PR Account Director - Manchester/Hybrid,1,Other / Unclassified,UNKNOWN,,,,,Manchester (1)
Accounts Payable/Credit Control Consultant,1,Professional Finance / Accountancy,UNKNOWN,,,finance_accounts,,Leeds (1)
Ferrari Service Advisor,1,Admin / Customer Service,UNKNOWN,,,customer_service_contact_centre,,Egham (1)
Specialist Insurance Adviser,1,Other / Unclassified,UNKNOWN,,,,,Manchester (1)
Legal Assistant - Commercial Property,1,Legal / Conveyancing,UNKNOWN,,,,,Tunbridge Wells (1)
FTC- Biddable AD,1,Other / Unclassified,UNKNOWN,,,,,Not Specified (1)
Senior Traffic Engineer,1,Engineering / Technical,UNKNOWN,,,,,Halifax (1)
Employment Senior Associate (6+ PQE),1,Other / Unclassified,UNKNOWN,,,,,Newcastle Upon Tyne (1)
BMW Motorrad Sales Executive,1,Sales / Business Development,UNKNOWN,,,,,Stevenage (1)
Pensions Audit Senior,1,Professional Finance / Accountancy,UNKNOWN,,,,,Not Specified (1)
Pensions Audit Manager,1,Professional Finance / Accountancy,UNKNOWN,,,,,Not Specified (1)
Social Housing Audit Manager,1,Professional Finance / Accountancy,UNKNOWN,,,,,Not Specified (1)
Outsourcing Senior,1,Other / Unclassified,UNKNOWN,,,,,Wandsworth (1)
Senior Corporate Tax Advisor,1,Professional Finance / Accountancy,UNKNOWN,,,,,Not Specified (1)
Senior HR Change Consultant,1,HR / Recruitment,UNKNOWN,,,hr_recruitment,,King's Lynn (1)
IP (Brands) Associate,1,Other / Unclassified,UNKNOWN,,,,,Not Specified (1)
French-speaking Financial Controller,1,Professional Finance / Accountancy,UNKNOWN,,,,,Not Specified (1)
Digital Marketing Assistant,1,Marketing / Digital / Creative,UNKNOWN,,,,,Rochester (1)
Debt Recovery Officer - Leicester & Peterborough,1,Other / Unclassified,UNKNOWN,,,admin_service,,Leicester (1)
Contract- Content SEO,1,Marketing / Digital / Creative,UNKNOWN,,,,,Not Specified (1)
Paraplanner Team Leader,1,Financial Advice / Mortgages,UNKNOWN,,,,,Bristol (1)
"HRBP, International Law Firm, Flexible UK Location, Agile",1,Other / Unclassified,UNKNOWN,,,,,Not Specified (1)
Underwriting Admin Assistant,1,Admin / Customer Service,UNKNOWN,,,admin_service,,Chelmsford (1)
Residential Conveyancer Assistant,1,Other / Unclassified,UNKNOWN,,,,,Reading (1)
Managment Accountant,1,Professional Finance / Accountancy,UNKNOWN,,,,,Bristol (1)
Debt Recovery Officer - Gloucester,1,Other / Unclassified,UNKNOWN,,,admin_service,,Gloucester (1)
Senior CRM Manager,1,Other / Unclassified,UNKNOWN,,,,,Not Specified (1)
Family Office Accountant,1,Professional Finance / Accountancy,UNKNOWN,,,admin_service,,Leicester (1)
Consumer Social Media Account Director - Manchester/Hybrid,1,Marketing / Digital / Creative,UNKNOWN,,,,,Manchester (1)
Senior Cash Management (Treasury),1,Professional Finance / Accountancy,UNKNOWN,,,,,Not Specified (1)
Employee Relations Lead - Projects (FTC to 31 December 2027),1,HR / Recruitment,UNKNOWN,,,,,Reigate (1)
Assistant Accountant LUXURY / CREATIVE SECTOR,1,Professional Finance / Accountancy,UNKNOWN,,,,,Wandsworth (1)
Employee Relations Specialist - FTC to 31 December 2027,1,HR / Recruitment,UNKNOWN,,,,,Ipswich (1)
Not for Profit Audit RI,1,Professional Finance / Accountancy,UNKNOWN,,,,,Faversham (1)
PDU Power Infrastructure Manager,1,IT / Data / Software,UNKNOWN,,,,,Not Specified (1)
Residential Development Solicitor/Legal Executive,1,Legal / Conveyancing,UNKNOWN,,,,,Manchester (1)
Senior Procurement Officer,1,Procurement / Buying / Supply Chain,UNKNOWN,,,admin_service,,Middlesbrough (1)
Debt Recovery Officer - North London,1,Other / Unclassified,UNKNOWN,,,admin_service,,Not Specified (1)
Employment Associate (2-6 PQE),1,Other / Unclassified,UNKNOWN,,,,,Newcastle Upon Tyne (1)
Real Estate Operations Coordinator,1,Admin / Customer Service,UNKNOWN,,,admin_service,,City Of Westminster (1)
Finance Manager - Group Stock & Margin,1,Professional Finance / Accountancy,UNKNOWN,,,finance_accounts; warehouse_logistics,,Not Specified (1)
Finance Business Partner - Advertising / PR Agency,1,Professional Finance / Accountancy,UNKNOWN,,,finance_accounts,,Not Specified (1)
Senior Occupational Health Advisor,1,Other / Unclassified,KNOWN,admin_service:OUT_OF_SCOPE,,,,Ealing (1)
Assistant Nursery Manager,1,Other / Unclassified,UNKNOWN,,,,,Shoeburyness (1)
"Head of Business Development (M&A), Deal Origination",1,Sales / Business Development,UNKNOWN,,,,,Not Specified (1)
Business Development Manager ? Furniture,1,Sales / Business Development,UNKNOWN,,,,,Thurcaston (1)
RF & Microwave Business Development Manager,1,Sales / Business Development,UNKNOWN,,,,,Salisbury (1)
Pre Sales Team Lead,1,Sales / Business Development,UNKNOWN,,,,,Not Specified (1)
"Senior Corporate Counsel, Deputy Chief Privacy Officer",1,Other / Unclassified,UNKNOWN,,,admin_service,,Not Specified (1)
"Automation Engineer, EMA5 RME",1,Engineering / Technical,UNKNOWN,,,,,Kettering (1)
Music Teacher/Instructor,1,Education / Teaching,UNKNOWN,,,,,Shifnal (1)
Strategic Community Development Lead (Oldham),1,Other / Unclassified,UNKNOWN,,,,,Oldham (1)
People Partner and Service Lead,1,HR / Recruitment,UNKNOWN,,,,,Birmingham (1)
Executive Support Officer,1,Other / Unclassified,UNKNOWN,,,admin_service,,Blakeney (1)
Service Manager - Wigan Mental Health Crisis Space,1,Other / Unclassified,UNKNOWN,,,,,Wigan (1)
Educational Partnerships Manager (Dorset and South Coast of Hampshire),1,Other / Unclassified,UNKNOWN,,,,,Ringwood (1)
Community Outreach Worker (CSS Housing),1,Other / Unclassified,UNKNOWN,,,,,Hemel Hempstead (1)
Head of Fundraising and Events,1,Other / Unclassified,UNKNOWN,,,,,Not Specified (1)
Energy Community Champion,1,Other / Unclassified,UNKNOWN,,,,,Hounslow (1)
Community and Events Fundraising Manager,1,Other / Unclassified,UNKNOWN,,,,,Not Specified (1)
"Direct Marketing Executive, Legacy Marketing",1,Marketing / Digital / Creative,UNKNOWN,,,,,Not Specified (1)
Fundraising Operations and Impact Manager,1,Other / Unclassified,UNKNOWN,,,,,Leicester (1)
Senior Homelessness Prevention and Recovery Worker,1,Other / Unclassified,UNKNOWN,,,,,Not Specified (1)
Interim Income and Fulfilment Manager,1,Other / Unclassified,UNKNOWN,,,,,Not Specified (1)
Supporter Experience Officer VAC173,1,Other / Unclassified,UNKNOWN,,,admin_service,,Leeds (1)
Head of Fundraising and Business Development,1,Sales / Business Development,UNKNOWN,,,,,Not Specified (1)
Employment Coach - Northern Futures,1,Other / Unclassified,UNKNOWN,,,,,Ashington (1)
DiSSCo UK Head of the Technical Innovation Centre,1,Other / Unclassified,UNKNOWN,,,,,Not Specified (1)
SOC Volunteer Youth Worker - VYW-261,1,Care / Support Work,UNKNOWN,,,,,Not Specified (1)
Activities Assistant,1,Other / Unclassified,UNKNOWN,,,,,Not Specified (1)
Domestic Abuse Outreach Worker (Home Security Specialist),1,Other / Unclassified,UNKNOWN,,,,,Southampton (1)
Salesforce Platform Manager,1,Other / Unclassified,UNKNOWN,,,,,Not Specified (1)
Finance Assistant - Expenditure & Creditors (AP),1,Professional Finance / Accountancy,UNKNOWN,,,finance_accounts,,Norwich (1)
Communications and Marketing Manager - Fixed Term Contract 2 Years,1,Marketing / Digital / Creative,UNKNOWN,,,,,Birmingham (1)
Domestic Abuse Outreach Worker (Adults),1,Other / Unclassified,UNKNOWN,,,,,Southampton (1)
Lead MHST Supervisor (Mental Health Support Teams),1,Other / Unclassified,UNKNOWN,,,,,Not Specified (1)
Head of Credit & Operations,1,Other / Unclassified,UNKNOWN,,,,,Liverpool (1)
Business Development Manager Midlands,1,Sales / Business Development,UNKNOWN,,,,,Not Specified (1)
Business Development Manager Scotland,1,Sales / Business Development,UNKNOWN,,,,,Glasgow (1)
Part Time Finance Administrator,1,Professional Finance / Accountancy,KNOWN,finance_accounts:HIGH_CONFIDENCE; customer_service_contact_centre:REVIEW_CONTEXT_DEPENDENT; hr_recruitment:REVIEW_CONTEXT_DEPENDENT,finance_accounts,admin_service; finance_accounts,,Bath (1)
Interim Talent Acquisition Specialist,1,HR / Recruitment,UNKNOWN,,,hr_recruitment,,Not Specified (1)
"Agency Care Assistant - Halifax, Huddersfield",1,Care / Support Work,UNKNOWN,,,support_worker,,Halifax (1)
Head of Accounts,1,Professional Finance / Accountancy,UNKNOWN,,,finance_accounts,,Not Specified (1)
HR Manager - Production,1,HR / Recruitment,UNKNOWN,,,hr_recruitment,,Not Specified (1)
AP Clerk - 9 Month FTC,1,Other / Unclassified,UNKNOWN,,,,,Selby (1)
People Partner - SME Creative Agency,1,Marketing / Digital / Creative,UNKNOWN,,,,,Not Specified (1)
Sales Performance Manager - South England (Automotive OEM Experience Essential),1,Sales / Business Development,UNKNOWN,,,,,Oxford (1)
Sales Performance Manager - South England,1,Sales / Business Development,UNKNOWN,,,,,Isleworth (1)
Purchasing & Supply Chain Manager,1,Procurement / Buying / Supply Chain,UNKNOWN,,,,,Bolton (1)
Purchasing and Inventory Manager,1,Procurement / Buying / Supply Chain,UNKNOWN,,,,,St. Leonards-on-sea (1)
Data Engineer - AWS FINANCE ERP INTEGRATION,1,Professional Finance / Accountancy,UNKNOWN,,,finance_accounts,,City (1)
Territory Sales Representative,1,Sales / Business Development,UNKNOWN,,,,,City (1)
Air Conditioning Business Development Engineer,1,Engineering / Technical,UNKNOWN,,,,,Paignton (1)
MEP Bid Manager,1,Other / Unclassified,UNKNOWN,,,,,Not Specified (1)
Network Splunk Developer,1,IT / Data / Software,UNKNOWN,,,,,Chester (1)
SAP Sales & Operations Planner,1,Sales / Business Development,UNKNOWN,,,,,North Ferriby (1)
Solution Architect - Digital Applications,1,IT / Data / Software,UNKNOWN,,,,,Macclesfield (1)
Talent Development Specialist,1,Other / Unclassified,UNKNOWN,,,hr_recruitment,,Swindon (1)
Interim Tax Manager,1,Professional Finance / Accountancy,UNKNOWN,,,,,City (1)
Paediatric Nurse Manager (6mth contract),1,Healthcare / Clinical,UNKNOWN,,,,,Whitstable (1)
UNIX Engineer,1,Engineering / Technical,UNKNOWN,,,,,Not Specified (1)
Head of Development Delivery,1,Other / Unclassified,UNKNOWN,,,,,Bedford (1)
Python Engineer,1,Engineering / Technical,UNKNOWN,,,,,Glasgow (1)
Release Engineer,1,Engineering / Technical,UNKNOWN,,,,,Burgess Hill (1)
LGV Driver - Class 2,1,Driving / Warehouse / Logistics,UNKNOWN,,,,,Reading (1)
Ocean Freight Manager,1,Other / Unclassified,UNKNOWN,,,,,Ballyclare (1)
Airfreight Manager,1,Other / Unclassified,UNKNOWN,,,,,Ballyclare (1)
Class 2 (C) Enclosed Car Transporter Operator,1,Other / Unclassified,UNKNOWN,,,,,Doncaster (1)
Class 1 (C+E) Enclosed Car Transporter Operator,1,Other / Unclassified,UNKNOWN,,,,,Doncaster (1)
Talent Acquisition Intern,1,HR / Recruitment,UNKNOWN,,,hr_recruitment,,Bristol (1)
Manager - Accountancy Practice,1,Professional Finance / Accountancy,UNKNOWN,,,,,Glasgow (1)
Senior Cloud Systems Engineer,1,IT / Data / Software,UNKNOWN,,,,,Not Specified (1)
Trainee Insurance Technician (Entry Level),1,Engineering / Technical,UNKNOWN,,,,,Cheltenham (1)
Senior DUA Credit Control Analyst,1,Professional Finance / Accountancy,UNKNOWN,,,finance_accounts,,Not Specified (1)
Valuations Senior Consultant - Spanish speaker,1,Other / Unclassified,UNKNOWN,,,,,Not Specified (1)
Interim Senior Finance and Grants Officer,1,Professional Finance / Accountancy,UNKNOWN,,,admin_service; finance_accounts,,Not Specified (1)
International Accounts Officer,1,Professional Finance / Accountancy,UNKNOWN,,,admin_service; finance_accounts,,Not Specified (1)
Oracle Accounting Specialist,1,Other / Unclassified,UNKNOWN,,,finance_accounts,,Horsham (1)
Graduate Accountant,1,Professional Finance / Accountancy,UNKNOWN,,,,,Stoke-on-trent (1)
Risk and Compliance Manager,1,Other / Unclassified,UNKNOWN,,,,,Not Specified (1)
Collections team Leader,1,Other / Unclassified,UNKNOWN,,,,,Coventry (1)
AML Analyst,1,Other / Unclassified,UNKNOWN,,,,,Not Specified (1)
Intermediary in the Criminal and Family Courts,1,Other / Unclassified,UNKNOWN,,,,,Not Specified (1)
"Optical Practice Manager - Salford, Greater Manchester",1,Other / Unclassified,UNKNOWN,,,,,Salford (1)
"Mobile Hearing Aid Audiologist, Belfast",1,Other / Unclassified,UNKNOWN,,,,,City (1)
"Dispensing Optician Job - High-End Independent Opticians, Cambridge",1,Other / Unclassified,UNKNOWN,,,,,Cambridge (1)
"Optometrist - Melrose, Scottish Borders - Up to 60K",1,Other / Unclassified,UNKNOWN,,,,,Melrose (1)
"Dispensing Optician - Premium Independent Opticians - Harrow, North West London- Up to 38K",1,Other / Unclassified,UNKNOWN,,,,,Not Specified (1)
Mobile Optical Assistant - North West London,1,Other / Unclassified,UNKNOWN,,,,,Not Specified (1)
Optical Assistant job in wirral,1,Other / Unclassified,UNKNOWN,,,,,Wirral (1)
Dispensing Optician job in County Antrim,1,Other / Unclassified,UNKNOWN,,,,,Antrim (1)
Optical Assistant job in Gerrards Cross,1,Other / Unclassified,UNKNOWN,,,,,Gerrards Cross (1)
Optical Assistant job in Harrow,1,Other / Unclassified,UNKNOWN,,,,,Harrow (1)
Dispensing Optician job in Clapham Junction,1,Other / Unclassified,UNKNOWN,,,,,Not Specified (1)
Assistant Manager job in Buckinghamshire,1,Other / Unclassified,UNKNOWN,,,,,Not Specified (1)
Assistant Manager job in West Sussex,1,Other / Unclassified,UNKNOWN,,,,,Not Specified (1)
Optical Assistant job in Hampshire,1,Other / Unclassified,UNKNOWN,,,,,Not Specified (1)
Vehicle Collection & Delivery Trade Plate Driver,1,Driving / Warehouse / Logistics,UNKNOWN,,,,,High Wycombe (1)
7.5t / Class 2 Driver,1,Driving / Warehouse / Logistics,UNKNOWN,,,,,Lincoln (1)
FLT Reach Driver - Continental Days,1,Driving / Warehouse / Logistics,UNKNOWN,,,,,Corby (1)
LGV C+E Days,1,Driving / Warehouse / Logistics,UNKNOWN,,,,,Not Specified (1)
Forklift Driver / Yard Operative,1,Driving / Warehouse / Logistics,UNKNOWN,,,warehouse_logistics,,Chipping Campden (1)
HGV Class 1 Driver PAYE Appleton,1,Driving / Warehouse / Logistics,UNKNOWN,,,,,Warrington (1)
FLT VNA Driver,1,Driving / Warehouse / Logistics,UNKNOWN,,,,,Skelmersdale (1)
HGV Class 1 Driver Guaranteed 50 hours!,1,Driving / Warehouse / Logistics,UNKNOWN,,,,,Stafford (1)
Class 2 Agency Driver,1,Driving / Warehouse / Logistics,UNKNOWN,,,,,Warrington (1)
Avionics Fitter,1,Engineering / Technical,UNKNOWN,,,,,Holyhead (1)
HGV 1 Rugby - NEW PASS DRIVERS ACCEPTED!!,1,Driving / Warehouse / Logistics,UNKNOWN,,,,,Rugby (1)
HGV Class 1 Tramper Permanent Position,1,Driving / Warehouse / Logistics,UNKNOWN,,,,,Liverpool (1)
HGV Driver Class 2 Night Shift,1,Driving / Warehouse / Logistics,UNKNOWN,,,,,Not Specified (1)
HGV Class 1 Driver - Monday to Friday - New Rates!,1,Driving / Warehouse / Logistics,UNKNOWN,,,,,Burton-on-trent (1)
Class 2 Newly Qualified Driver,1,Driving / Warehouse / Logistics,UNKNOWN,,,,,Peterborough (1)
HGV 1 day driver,1,Driving / Warehouse / Logistics,UNKNOWN,,,,,Castleford (1)
Shunt Driver,1,Driving / Warehouse / Logistics,UNKNOWN,,,,,Exeter (1)
Reach and Counterbalance Truck Driver with D2 Licence,1,Driving / Warehouse / Logistics,UNKNOWN,,,,,Peterborough (1)
LGV HGV Class 1 Driver,1,Driving / Warehouse / Logistics,UNKNOWN,,,,,Derby (1)
HGV 2 Road Sweeper Driver,1,Driving / Warehouse / Logistics,UNKNOWN,,,,,Chippenham (1)
Class 1 & 2 Drivers,1,Other / Unclassified,UNKNOWN,,,,,Northampton (1)
FLT Reach Driver - Nights,1,Driving / Warehouse / Logistics,UNKNOWN,,,,,Wellingborough (1)
7.5 Ton Driver,1,Driving / Warehouse / Logistics,UNKNOWN,,,,,Not Specified (1)
"Postal Delivery Driver - Thornbury, RM",1,Driving / Warehouse / Logistics,UNKNOWN,,,,,Not Specified (1)
HGV Class 1 Driver Part time Flexible shifts Lockerbie,1,Driving / Warehouse / Logistics,UNKNOWN,,,,,Lockerbie (1)
HGV Class 1 driver 4 on 4 off Lockerbie,1,Driving / Warehouse / Logistics,UNKNOWN,,,,,Lockerbie (1)
Depot Driver / Shunter,1,Driving / Warehouse / Logistics,UNKNOWN,,,,,Goole (1)
Assistant Product Manager Oxygen & Aerosol Therapy,1,IT / Data / Software,UNKNOWN,,,,,Wokingham (1)
Property Negotiator,1,Other / Unclassified,UNKNOWN,,,,,Stamford (1)
Senior Residential Conveyancer / Solicitor,1,Legal / Conveyancing,UNKNOWN,,,,,Bristol (1)
IPS Employment Specialist - NRN,1,Other / Unclassified,UNKNOWN,,,,,Nottingham (1)
Graduate / Trainee Recruitment Consultant (Uncapped Commission),1,HR / Recruitment,UNKNOWN,,,hr_recruitment,,Bristol (1)
Estimator (Commercial Roofing),1,Construction / Trades / Property,UNKNOWN,,,,,Clitheroe (1)
Lifestyle Coordinator,1,Admin / Customer Service,UNKNOWN,,,admin_service,,Glasgow (1)
Senior Meeting and Events Sales Executive,1,Sales / Business Development,UNKNOWN,,,,,Milton Keynes (1)
Parts Advisor (Automotive / Transport),1,Other / Unclassified,UNKNOWN,,,,,Crawley (1)
Health Usage Monitoring System Aircraft Controller,1,Other / Unclassified,UNKNOWN,,,,,Yeovil (1)
ITSM Sales Executive - ServiceNow / Halo / Freshworks / Avanti,1,Sales / Business Development,UNKNOWN,,,,,Reading (1)
Asset Sales Co-ordinator,1,Sales / Business Development,UNKNOWN,,,,,Boston (1)
Operator / Administrator,1,Admin / Customer Service,UNKNOWN,,,admin_service,,Not Specified (1)
ABA Assistant- Bicester,1,Other / Unclassified,UNKNOWN,,,,,Bicester (1)
Nurse Functional Assessor,1,Healthcare / Clinical,KNOWN,admin_service:HARD_PASS,,,,Southampton (1)
Social Worker - 0-25 Disabilities,1,Care / Support Work,UNKNOWN,,,,,Conwy (1)
Care Coordinator,1,Care / Support Work,KNOWN,admin_service:ELASTIC_FIT; customer_service_contact_centre:REVIEW_CONTEXT_DEPENDENT; hr_recruitment:REVIEW_CONTEXT_DEPENDENT,admin_service,admin_service,,Wimborne (1)
Children's Support Worker,1,Care / Support Work,KNOWN,support_worker:HIGH_CONFIDENCE,support_worker,support_worker,,Redruth (1)
Deputy Manager,1,Other / Unclassified,UNKNOWN,,,,,Crowborough (1)
ASIC Architect,1,Other / Unclassified,UNKNOWN,,,,,Oxford (1)
Lead Hardware Engineer,1,Engineering / Technical,UNKNOWN,,,,,Not Specified (1)
HCM Technical Consultant - Integration/Data Migration,1,Other / Unclassified,UNKNOWN,,,,,Stevenage (1)
Designated Safeguarding Lead,1,Other / Unclassified,UNKNOWN,,,,,Not Specified (1)
Associate People Partner,1,HR / Recruitment,UNKNOWN,,,,,Not Specified (1)
"C# / .NET Developer - near Oxford (Wantage, Oxfordshire)",1,IT / Data / Software,UNKNOWN,,,,,Wantage (1)
Purchase Ledger Officer,1,Professional Finance / Accountancy,UNKNOWN,,,admin_service; finance_accounts,,Brighton (1)
Employment Managing Associate,1,Other / Unclassified,UNKNOWN,,,,,Not Specified (1)
HR Manager - term time only,1,HR / Recruitment,UNKNOWN,,,hr_recruitment,,Guildford (1)
Warranty Claims Specialist,1,Other / Unclassified,UNKNOWN,,,,,Not Specified (1)
Registered Nurse (RNLD)(RMN),1,Healthcare / Clinical,UNKNOWN,,,,,Middlesbrough (1)
Web Content Manager (remote),1,Marketing / Digital / Creative,UNKNOWN,,,,,Not Specified (1)
Child Care Solicitor,1,Legal / Conveyancing,UNKNOWN,,,,,Leicester (1)
Pharmacist - Hereford,1,Other / Unclassified,UNKNOWN,,,,,Hereford (1)
Finance Analyst (Part Time),1,Professional Finance / Accountancy,UNKNOWN,,,finance_accounts,,Ashford (1)
"Surveillance Roles (Associate, AVP & VP)",1,Other / Unclassified,UNKNOWN,,,,,Not Specified (1)
Account Manager - Work Place Pensions,1,Sales / Business Development,UNKNOWN,,,,,Not Specified (1)
Financial Advisor - Remote,1,Financial Advice / Mortgages,UNKNOWN,,,,,Solihull (1)
Compliance Administrator,1,Admin / Customer Service,KNOWN,admin_service:HIGH_CONFIDENCE; customer_service_contact_centre:REVIEW_CONTEXT_DEPENDENT; hr_recruitment:HIGH_CONFIDENCE,admin_service; hr_recruitment,admin_service,,Warrington (1)
Case Manager - Specialist Property Finance,1,Professional Finance / Accountancy,UNKNOWN,,,finance_accounts,,Not Specified (1)
Temporary to Permanent Purchase Ledger Clerk,1,Professional Finance / Accountancy,UNKNOWN,,,finance_accounts,,Grimsby (1)
Occupational Health Screening Nurse,1,Healthcare / Clinical,UNKNOWN,,,,,Newcastle Upon Tyne (1)
Banking Litigation Solicitor Secured Debt Recovery Varied Caseload,1,Legal / Conveyancing,UNKNOWN,,,,,Newcastle Upon Tyne (1)
EL/PL Solicitor (Casualty) NQ-2 years PQE,1,Legal / Conveyancing,UNKNOWN,,,,,Bristol (1)
Bookkeeper / Management Accountant,1,Professional Finance / Accountancy,UNKNOWN,,,finance_accounts,,Henley-on-thames (1)
OEM Marketing Specialist,1,Marketing / Digital / Creative,UNKNOWN,,,,,Not Specified (1)
Bi/GCP Analyst,1,Other / Unclassified,UNKNOWN,,,,,Not Specified (1)
Optical Assistant Apprentice,1,Other / Unclassified,KNOWN,admin_service:OUT_OF_SCOPE; hr_recruitment:REVIEW_CONTEXT_DEPENDENT,,,,Farnham (1)
Senior Trustee Executive,1,Other / Unclassified,UNKNOWN,,,,,Not Specified (1)
Assistant Conveyancing Solicitor,1,Legal / Conveyancing,UNKNOWN,,,,,Colchester (1)
Commercial Manager,1,Sales / Business Development,UNKNOWN,,,,,Oxford (1)
Principal Lawyer- Adult Social Care,1,Legal / Conveyancing,UNKNOWN,,,,,Not Specified (1)
Principa Lawyer- Adult Social Care,1,Legal / Conveyancing,UNKNOWN,,,,,Not Specified (1)
Underwriting Support Assistant,1,Other / Unclassified,UNKNOWN,,,,,Leeds (1)
Purchase Ledger Clerk Role,1,Professional Finance / Accountancy,UNKNOWN,,,finance_accounts,,Dereham (1)
Graphic Designer,1,Marketing / Digital / Creative,UNKNOWN,,,,,Ipswich (1)
Pharmacist Manager - Lincolnshire,1,Other / Unclassified,UNKNOWN,,,,,Boston (1)
Property Management Team Leader,1,Other / Unclassified,UNKNOWN,,,,,Not Specified (1)
German Speaking Graduate Project Executive,1,Other / Unclassified,UNKNOWN,,,,,Not Specified (1)
Underwriting Administrator,1,Admin / Customer Service,UNKNOWN,,,admin_service,,Chelmsford (1)
HR Manager / HR Lead,1,HR / Recruitment,UNKNOWN,,,hr_recruitment,,Leeds (1)
Quality Assurance Administrator,1,Admin / Customer Service,UNKNOWN,,,admin_service,,Not Specified (1)
Senior TA Specialist,1,Other / Unclassified,UNKNOWN,,,,,Not Specified (1)
Temporary Property Administrator,1,Admin / Customer Service,UNKNOWN,,,admin_service,,Greenford (1)
Head of Customer Success,1,Other / Unclassified,UNKNOWN,,,,,Not Specified (1)
Indirect Tax Accountant,1,Professional Finance / Accountancy,UNKNOWN,,,,,Not Specified (1)
Pharmacist - Wiltshire,1,Other / Unclassified,UNKNOWN,,,,,Melksham (1)
Junior People & Culture Partner,1,Other / Unclassified,UNKNOWN,,,,,Bristol (1)
Laboratory Chemist,1,Science / Laboratory,UNKNOWN,,,,,Aberdeen (1)
Customer Care Manager,1,Care / Support Work,UNKNOWN,,,,,Maidstone (1)
Temporary HR Advisor,1,HR / Recruitment,UNKNOWN,,,hr_recruitment,,Alfreton (1)
Legal Cashier - Glasgow/Edinburgh,1,Legal / Conveyancing,UNKNOWN,,,,,Glasgow (1)
Solicitor Team Leader Contested RTA & Personal Injury Newcastle,1,Legal / Conveyancing,UNKNOWN,,,,,Newcastle Upon Tyne (1)
Interim VAT Accountant (potential of temp to perm),1,Professional Finance / Accountancy,UNKNOWN,,,,,Not Specified (1)
COP8 / COP9 Tax Investigations Specialist,1,Professional Finance / Accountancy,UNKNOWN,,,,,Not Specified (1)
Mental health practitioner,1,Other / Unclassified,UNKNOWN,,,,,Not Specified (1)
Financial Adviser & Wealth Lead,1,Financial Advice / Mortgages,UNKNOWN,,,,,Leeds (1)
"Finance Business Partner, Hybrid, Thames Valley",1,Professional Finance / Accountancy,UNKNOWN,,,finance_accounts,,Reading (1)
Finance Business Partner (6 month contract),1,Professional Finance / Accountancy,UNKNOWN,,,finance_accounts,,Middlesbrough (1)
Royalties & Licensing Accountant,1,Professional Finance / Accountancy,UNKNOWN,,,,,Leicester (1)
Goods Stores Operative,1,Other / Unclassified,UNKNOWN,,,,,Brackley (1)
Administrative Officer,1,Other / Unclassified,KNOWN,admin_service:OUT_OF_SCOPE,,admin_service,,Milton Keynes (1)
Class 2 Cylinder Driver,1,Driving / Warehouse / Logistics,UNKNOWN,,,,,Bury St. Edmunds (1)
HGV Class 2 Driver - Driver Hire Manchester North & Oldham,1,Driving / Warehouse / Logistics,UNKNOWN,,,,,Not Specified (1)
HGV Class 2 Driver Driver Hire Manchester North & Oldham,1,Driving / Warehouse / Logistics,UNKNOWN,,,,,Not Specified (1)
HGV Class 1 Driver Produce Distribution,1,Driving / Warehouse / Logistics,UNKNOWN,,,,,Evesham (1)
HGV Class 1 - ADHOC,1,Driving / Warehouse / Logistics,UNKNOWN,,,,,Wakefield (1)
Roadside Recovery Driver - Blackpool/Preston Area,1,Driving / Warehouse / Logistics,UNKNOWN,,,,,Blackpool (1)
Roadside Recovery Driver - North Yorkshire,1,Driving / Warehouse / Logistics,UNKNOWN,,,,,Ripon (1)
HGV Class 1 Driver - Monday to Friday Days - Bristol,1,Driving / Warehouse / Logistics,UNKNOWN,,,,,Bristol (1)
FLT Flexi Driver,1,Driving / Warehouse / Logistics,UNKNOWN,,,,,Corby (1)
HGV class 1 Ad-Hoc drivers,1,Driving / Warehouse / Logistics,UNKNOWN,,,,,Bristol (1)
Cpcs/Npors Forklift Operative Plymouth,1,Driving / Warehouse / Logistics,UNKNOWN,,,warehouse_logistics,,Plymouth (1)
C+E (Class 1) Tanker Driver,1,Driving / Warehouse / Logistics,UNKNOWN,,,,,Not Specified (1)
Reach Truck Driver - Dispatch,1,Driving / Warehouse / Logistics,UNKNOWN,,,warehouse_logistics,,Lutterworth (1)
Senior New Product Introduction Manager (Engineering),1,Engineering / Technical,UNKNOWN,,,,,Glenrothes (1)
Recruitment Consultant - Industrial,1,HR / Recruitment,UNKNOWN,,,hr_recruitment,,Newcastle Upon Tyne (1)
Trainee Recruitment Consultant,1,HR / Recruitment,UNKNOWN,,,hr_recruitment,,Not Specified (1)
Van Driver Recruiter,1,Driving / Warehouse / Logistics,UNKNOWN,,,hr_recruitment,,Exeter (1)
Service Quality Specialist,1,Other / Unclassified,UNKNOWN,,,,,Hessle (1)
CYP Clinical Psychologist Autism Assessment Service,1,Healthcare / Clinical,UNKNOWN,,,,,Not Specified (1)
"Accounts & Tax Supervisor Film, TV & Media Clients",1,Professional Finance / Accountancy,UNKNOWN,,,finance_accounts,,City (1)
Private Client Tax Senior Manager (PW),1,Professional Finance / Accountancy,UNKNOWN,,,,,Not Specified (1)
Principal Hardware Design Lead,1,Other / Unclassified,UNKNOWN,,,,,Southampton (1)
Head of Knowledge Management,1,Other / Unclassified,UNKNOWN,,,,,Liverpool (1)
"E-Commerce Manager - Christchurch - £50,000",1,Marketing / Digital / Creative,UNKNOWN,,,,,Christchurch (1)
Neighbourhood Services Manager,1,Other / Unclassified,UNKNOWN,,,,,Blackpool (1)
Field Sales Specialist,1,Sales / Business Development,UNKNOWN,,,,,Leeds (1)
Sales and Marketing Executive,1,Sales / Business Development,UNKNOWN,,,,,Kendal (1)
"Enterprise Account Executive, Benelux (Enterprise Central Sales Team)",1,Sales / Business Development,UNKNOWN,,,,,Not Specified (1)
IT Solution Architect,1,IT / Data / Software,UNKNOWN,,,,,Not Specified (1)
Sales Manager (Automotive Dealership),1,Sales / Business Development,UNKNOWN,,,,,Bristol (1)
Customer Engagement Executive,1,Other / Unclassified,UNKNOWN,,,,,Bridgwater (1)
Student Support Assistant - Residential Care,1,Other / Unclassified,UNKNOWN,,,,,Alton (1)
Principal Auditor,1,Professional Finance / Accountancy,UNKNOWN,,,,,Leeds (1)
Business Development Manager Steel Roofing & Cladding,1,Sales / Business Development,UNKNOWN,,,,,Oxford (1)
Commercial Plant Senior Engineer,1,Engineering / Technical,UNKNOWN,,,,,Not Specified (1)
Raw Material Technologist,1,Other / Unclassified,UNKNOWN,,,,,Craigavon (1)
QA Inspector / Technical Assistant - Passive Fire,1,Other / Unclassified,UNKNOWN,,,,,Brentwood (1)
Graduate Trainee Product Manager Croatian Speaking,1,IT / Data / Software,UNKNOWN,,,,,Folkestone (1)
Unqualified English Teacher,1,Education / Teaching,UNKNOWN,,,,,Braintree (1)
Grower Settlement Analyst,1,Other / Unclassified,UNKNOWN,,,,,Dungannon (1)
SAP HR / Payroll Consultant,1,Professional Finance / Accountancy,UNKNOWN,,,finance_accounts; hr_recruitment,,Telford (1)
Clinical Psychologist -Specialist Education,1,Education / Teaching,UNKNOWN,,,,,Not Specified (1)
Lead Ophthalmology Scrub Practitioner,1,Other / Unclassified,UNKNOWN,,,,,Banbury (1)
Dynamics 365 CE Floorwalker Consultant,1,Other / Unclassified,UNKNOWN,,,,,Leeds (1)
Workday HCM Lead Consultant,1,Other / Unclassified,UNKNOWN,,,,,Swindon (1)
Automation Engineer (Siemens/Alley Bradley),1,Engineering / Technical,UNKNOWN,,,,,Plymouth (1)
Technical Architect,1,Other / Unclassified,UNKNOWN,,,,,Milton Keynes (1)
Enterprise Data Architect,1,Other / Unclassified,UNKNOWN,,,,,Burgess Hill (1)
Head of Finance & Corporate Services,1,Professional Finance / Accountancy,UNKNOWN,,,finance_accounts,,Swanage (1)
Java Software Engineer,1,IT / Data / Software,UNKNOWN,,,,,Blackpool (1)
Field Sales Executive (Industrial Cleaning / Technical Sales),1,Sales / Business Development,UNKNOWN,,,,,Not Specified (1)
HGV Rental Sales Manager,1,Driving / Warehouse / Logistics,UNKNOWN,,,,,Huddersfield (1)
TWE47095 - Solutions Architect - Salesforce,1,IT / Data / Software,UNKNOWN,,,,,City (1)
Business Development Manager - international freight,1,Sales / Business Development,UNKNOWN,,,,,Northampton (1)
Pension System Engineer,1,Engineering / Technical,UNKNOWN,,,,,Croydon (1)
Lead Security Risk Assurance Manager,1,Other / Unclassified,UNKNOWN,,,,,Newcastle Upon Tyne (1)
Shop Fit Out Senior Project Manager,1,Operations / General Management,UNKNOWN,,,,,Swindon (1)
Client Services Director,1,Other / Unclassified,UNKNOWN,,,,,Not Specified (1)
Customer Service Manager Building Products,1,Admin / Customer Service,UNKNOWN,,,customer_service_contact_centre,,Boston (1)
Sailpoint Engineer,1,Engineering / Technical,UNKNOWN,,,,,Not Specified (1)
Recruitment Account Co-ordinator,1,HR / Recruitment,UNKNOWN,,,hr_recruitment,,Tiverton (1)
Part-Time Supply Teachers,1,Other / Unclassified,UNKNOWN,,,,,Stoke-on-trent (1)
Marketing Automation Traffic Manager,1,Marketing / Digital / Creative,UNKNOWN,,,,,Glasgow (1)
Area Concessions Manager - Ladies Fashion Brand,1,Other / Unclassified,UNKNOWN,,,,,Not Specified (1)
Client Manager - Partner track,1,Other / Unclassified,UNKNOWN,,,,,Stratford-upon-avon (1)
Finance Systems Manager,1,Professional Finance / Accountancy,UNKNOWN,,,finance_accounts,,Liverpool (1)
Outdoor Education Lead Teacher,1,Education / Teaching,UNKNOWN,,,,,Ticehurst (1)
Consultant Psychiatrist- Eating Disorders,1,Other / Unclassified,UNKNOWN,,,,,Cottam (1)
HGV Class 1 Driver General Haulage,1,Driving / Warehouse / Logistics,UNKNOWN,,,,,Redditch (1)
HGV Class 2 Driver General Haulage,1,Driving / Warehouse / Logistics,UNKNOWN,,,,,Redditch (1)
Head of Facilities,1,Other / Unclassified,UNKNOWN,,,,,Nottingham (1)
Luxury Sales Associate,1,Sales / Business Development,UNKNOWN,,,,,Henley-on-thames (1)
Band 7 Practitioner Psychologist,1,Other / Unclassified,UNKNOWN,,,,,Not Specified (1)
Band 6 Specialist Haematology Biomedical Scientist (BMS) Locum Northern Ireland,1,Science / Laboratory,UNKNOWN,,,,,Londonderry (1)
Highly Specialist Occupational Therapist (Band 7),1,Healthcare / Clinical,UNKNOWN,,,,,Corwen (1)
CRM & Lifecycle Manager,1,Other / Unclassified,UNKNOWN,,,,,Bristol (1)
Band 5 Specialist Haematology Biomedical Scientist (BMS) Locum Glasgow,1,Science / Laboratory,UNKNOWN,,,,,Glasgow (1)
Band 5 Specialist Histology Biomedical Scientist (BMS) Locum Glasgow,1,Science / Laboratory,UNKNOWN,,,,,Glasgow (1)
Assistant Solicitor (Private Client),1,Legal / Conveyancing,UNKNOWN,,,,,Rushden (1)
Senior Compliance Manager,1,Other / Unclassified,UNKNOWN,,,,,Not Specified (1)
Technical Business Analyst,1,IT / Data / Software,UNKNOWN,,,,,Edinburgh (1)
Construction Solicitor - 6-Month FTC,1,Legal / Conveyancing,UNKNOWN,,,,,Not Specified (1)
Finance Transformation Manager,1,Professional Finance / Accountancy,UNKNOWN,,,finance_accounts,,City (1)
Billing Specialist - London,1,Other / Unclassified,UNKNOWN,,,finance_accounts,,Not Specified (1)
Band 6 Specialist Haematology Biomedical Scientist (BMS) Locum Watford,1,Science / Laboratory,UNKNOWN,,,,,Watford (1)
Band 4 Histology AP Locum,1,Other / Unclassified,UNKNOWN,,,,,Norwich (1)
Band 2/3 Phlebotomy Locum Luton,1,Other / Unclassified,UNKNOWN,,,,,Luton (1)
Band 2/3 Phlebotomy Locum Brighton,1,Other / Unclassified,UNKNOWN,,,,,Luton (1)
Power BI & Application Developer - AI,1,IT / Data / Software,UNKNOWN,,,,,Not Specified (1)
Accounts: Semi-Senior,1,Professional Finance / Accountancy,UNKNOWN,,,finance_accounts,,Barnstaple (1)
People Operations Manager,1,Operations / General Management,UNKNOWN,,,,,Princes Risborough (1)
Commercial Solicitor - Legal Counsel,1,Legal / Conveyancing,UNKNOWN,,,,,Lincoln (1)
Head of Finance and Contracts,1,Professional Finance / Accountancy,UNKNOWN,,,finance_accounts,,Not Specified (1)
Finance Admin - MK109,1,Professional Finance / Accountancy,UNKNOWN,,,admin_service; finance_accounts,,Hull (1)
Temporary HR Administrator - Part-Time,1,HR / Recruitment,UNKNOWN,,,admin_service; hr_recruitment,,Not Specified (1)
Commercial Litigation Lawyer NQ to Legal Director,1,Legal / Conveyancing,UNKNOWN,,,,,Manchester (1)
Fire Door Inspector,1,Other / Unclassified,UNKNOWN,,,,,Not Specified (1)
Tax Senior Manager,1,Professional Finance / Accountancy,UNKNOWN,,,,,Newbury (1)
Audit & Accounts Assistant Manager,1,Professional Finance / Accountancy,UNKNOWN,,,finance_accounts,,Newbury (1)
Audit Assistant or Semi-Senior,1,Professional Finance / Accountancy,UNKNOWN,,,,,Newbury (1)
Junior Document Review Paralegals,1,Other / Unclassified,UNKNOWN,,,,,Not Specified (1)
Temporary Credit Control and Sales Ledger,1,Professional Finance / Accountancy,UNKNOWN,,,finance_accounts,,Leeds (1)
Post Completions Clerk,1,Other / Unclassified,UNKNOWN,,,,,Bath (1)
Employment Lawyer (Senior Associate),1,Legal / Conveyancing,UNKNOWN,,,,,Southampton (1)
Clinical Development Lead,1,Healthcare / Clinical,UNKNOWN,,,,,Welwyn Garden City (1)
Fast Track Fee Earner,1,Legal / Conveyancing,UNKNOWN,,,,,Wakefield (1)
Strategic Development Manager - Private Clients,1,Other / Unclassified,UNKNOWN,,,,,Not Specified (1)
Financial Analyst - FP&A,1,Other / Unclassified,UNKNOWN,,,,,Not Specified (1)
Chief Engineer,1,Engineering / Technical,UNKNOWN,,,,,Worthing (1)
Interim Internal Controls Analyst,1,Other / Unclassified,UNKNOWN,,,,,Alfreton (1)
Moj Fee Earner,1,Legal / Conveyancing,UNKNOWN,,,,,Wakefield (1)
Electrical Trainer/Assessor (Full Training Provided),1,Engineering / Technical,UNKNOWN,,,,,Northolt (1)
Part Time Accounts Asisstant,1,Professional Finance / Accountancy,UNKNOWN,,,finance_accounts,,Oldham (1)
Traffic Engineer,1,Engineering / Technical,UNKNOWN,,,,,Not Specified (1)
Commercial Contracts Associate (2-6 PQE),1,Other / Unclassified,UNKNOWN,,,,,Leeds (1)
Trainee Finance Assistant,1,Professional Finance / Accountancy,UNKNOWN,,,finance_accounts,,Warwick (1)
Tanker Driver,1,Driving / Warehouse / Logistics,UNKNOWN,,,,,Leeds (1)
Temporary Assistant Conveyancer,1,Other / Unclassified,UNKNOWN,,,,,Witham (1)
Financial Planning Team Leader,1,Other / Unclassified,UNKNOWN,,,,,Marlow (1)
School Finance Manager,1,Education / Teaching,UNKNOWN,,,finance_accounts,,Not Specified (1)
Corporate Tax Senior - Crawley,1,Professional Finance / Accountancy,UNKNOWN,,,,,Reigate (1)
Payroll & Benefits Specialist,1,Professional Finance / Accountancy,UNKNOWN,,,finance_accounts,,Not Specified (1)
Planning Associate/Senior Associate,1,Other / Unclassified,UNKNOWN,,,,,Bristol (1)
Apprentice Manager,1,Other / Unclassified,UNKNOWN,,,,,Dunstable (1)
Finance & Administration Officer,1,Professional Finance / Accountancy,UNKNOWN,,,admin_service; finance_accounts,,Not Specified (1)
Creative Psychotherapist,1,Marketing / Digital / Creative,UNKNOWN,,,,,Chelmsford (1)
Court of Protection Solicitor/Lawyer,1,Legal / Conveyancing,UNKNOWN,,,,,Reading (1)
Band 7 Mental Health Pharmacist,1,Other / Unclassified,UNKNOWN,,,,,Beckenham (1)
Health & Nutrition Advisor,1,Other / Unclassified,UNKNOWN,,,,,Milton Keynes (1)
ER Meeting Lead,1,Other / Unclassified,UNKNOWN,,,,,Glasgow (1)
Graduate - Financial Planning,1,Other / Unclassified,UNKNOWN,,,,,Stirling (1)
Marketing Officer,1,Marketing / Digital / Creative,UNKNOWN,,,admin_service,,Reading (1)
Financial Services Assistant,1,Other / Unclassified,UNKNOWN,,,,,Falkirk (1)
Registered Nurse - RMN/RNLD,1,Healthcare / Clinical,UNKNOWN,,,,,Derby (1)
HR Documentation Manager,1,HR / Recruitment,UNKNOWN,,,hr_recruitment,,Hinckley (1)
Graduate Controls System Engineer,1,Engineering / Technical,UNKNOWN,,,,,Woking (1)
Band 5 MMT Pharmacy Technician,1,Engineering / Technical,UNKNOWN,,,,,Not Specified (1)
Inclusion Support Worker,1,Care / Support Work,UNKNOWN,,,support_worker,,Barking (1)
Early Language & Communication Support Worker,1,Care / Support Work,UNKNOWN,,,support_worker,,Barking (1)
Senior Commercial Analyst,1,Other / Unclassified,UNKNOWN,,,,,Manchester (1)
"HR Manager, Asset Management, London, Agile",1,HR / Recruitment,UNKNOWN,,,hr_recruitment,,Not Specified (1)
Estate Agent Account Manager,1,Construction / Trades / Property,UNKNOWN,,,,,Not Specified (1)
Technical Change & Delivery Manager,1,Other / Unclassified,UNKNOWN,,,,,Not Specified (1)
Data Scientist,1,IT / Data / Software,UNKNOWN,,,,,Not Specified (1)
Audit Semi-Senior or Senior,1,Professional Finance / Accountancy,UNKNOWN,,,,,Southampton (1)
Autopilot Software Engineer,1,IT / Data / Software,UNKNOWN,,,,,Not Specified (1)
Internal Auditor,1,Professional Finance / Accountancy,UNKNOWN,,,,,Not Specified (1)
Highly Specialist Speech & Language Therapist (Band 7 equivalent),1,Healthcare / Clinical,UNKNOWN,,,,,Corwen (1)
Performance Marketing Lead,1,Marketing / Digital / Creative,UNKNOWN,,,,,Not Specified (1)
Private Client Partner,1,Other / Unclassified,UNKNOWN,,,,,City Of Westminster (1)
Finance Operations Assistant,1,Professional Finance / Accountancy,UNKNOWN,,,finance_accounts,,Leeds (1)
External Audit Semi-Senior - Leeds,1,Professional Finance / Accountancy,UNKNOWN,,,,,Leeds (1)
Group Senior Finance Manager,1,Professional Finance / Accountancy,UNKNOWN,,,finance_accounts,,Sheffield (1)
Personal Tax/Private Client Role,1,Other / Unclassified,UNKNOWN,,,,,Chester (1)
Accounts Manager (Accountancy Practice),1,Professional Finance / Accountancy,UNKNOWN,,,finance_accounts,,Ealing (1)
Litigated EL/PL Claims Handler,1,Other / Unclassified,UNKNOWN,,,,,Bristol (1)
Accounts & Business Administrator,1,Professional Finance / Accountancy,UNKNOWN,,,admin_service; finance_accounts,,Milton Keynes (1)
Maritime Intelligence Analyst,1,Other / Unclassified,UNKNOWN,,,,,Not Specified (1)
Accounts Clerk,1,Professional Finance / Accountancy,KNOWN,finance_accounts:HIGH_CONFIDENCE,finance_accounts,finance_accounts,,Oldham (1)
Group Payroll Manager (UK & ROI),1,Professional Finance / Accountancy,UNKNOWN,,,finance_accounts,,Not Specified (1)
HR Advisor (18 month FTC),1,HR / Recruitment,UNKNOWN,,,hr_recruitment,,Not Specified (1)
Senior Revenue Controller,1,Other / Unclassified,UNKNOWN,,,,,Not Specified (1)
CIS Finance Manager,1,Professional Finance / Accountancy,UNKNOWN,,,finance_accounts,,Not Specified (1)
Junior HRIS Analyst,1,Other / Unclassified,UNKNOWN,,,,,Not Specified (1)
Payroll Specialist (part time),1,Professional Finance / Accountancy,UNKNOWN,,,finance_accounts,,Not Specified (1)
Property Manager / Trainee Property Manager,1,Construction / Trades / Property,UNKNOWN,,,,,Wandsworth (1)
Performance Media Manager,1,Other / Unclassified,UNKNOWN,,,,,Luton (1)
Pursuit & Proposal Senior Specialist,1,Other / Unclassified,UNKNOWN,,,,,Not Specified (1)
Planning Enforcement Lawyer,1,Legal / Conveyancing,UNKNOWN,,,,,Not Specified (1)
Trainee estate agent - Sheen - Full Training Provided,1,Construction / Trades / Property,UNKNOWN,,,,,Not Specified (1)
Head Of Nursing - Complex Care,1,Healthcare / Clinical,UNKNOWN,,,,,Croydon (1)
Trainee estate agent - London,1,Construction / Trades / Property,UNKNOWN,,,,,Not Specified (1)
Trainee estate agent - Notting Hill - Full Training Provided,1,Construction / Trades / Property,UNKNOWN,,,,,Not Specified (1)
Finance Transactions Manager - interim,1,Professional Finance / Accountancy,UNKNOWN,,,finance_accounts,,Hereford (1)
Occupational Therapist Band 5,1,Healthcare / Clinical,UNKNOWN,,,,,Dundee (1)
Fractional Fintech Backend Engineer,1,Engineering / Technical,UNKNOWN,,,,,Not Specified (1)
HR Partner (Senior),1,HR / Recruitment,UNKNOWN,,,hr_recruitment,,Not Specified (1)
Lettings Negotiator - Southend - &;30k base - Up to &;50k OTE,1,Construction / Trades / Property,UNKNOWN,,,,,Southend-on-sea (1)
Trainee estate agent - Wimbledon,1,Construction / Trades / Property,UNKNOWN,,,,,Not Specified (1)
ACA Graduate Trainee,1,Other / Unclassified,UNKNOWN,,,,,Camberley (1)
"Financial Adviser - Inherited Client Bank - London - &;50,000 - &;55,000 basic - OTE &;100,000+",1,Financial Advice / Mortgages,UNKNOWN,,,,,Not Specified (1)
Accounts Senior - Part time,1,Professional Finance / Accountancy,UNKNOWN,,,finance_accounts,,Leiston (1)
"Senior IFA Administrator - London Hybrid - Up to &;40,000 + Discretionary Bonus",1,Financial Advice / Mortgages,UNKNOWN,,,admin_service,,Not Specified (1)
Tax Apprentice,1,Professional Finance / Accountancy,UNKNOWN,,,,,Camberley (1)
Assistant Company Secretary,1,Admin / Customer Service,UNKNOWN,,,admin_service,,Solihull (1)
Hygiene Operative - Days,1,Other / Unclassified,UNKNOWN,,,,,Normanton (1)
Hygiene Operative - Nights,1,Other / Unclassified,UNKNOWN,,,,,Normanton (1)
Accounts Director,1,Professional Finance / Accountancy,UNKNOWN,,,finance_accounts,,Not Specified (1)
Hygiene Manager,1,Other / Unclassified,UNKNOWN,,,,,Normanton (1)
Corporate Credit Analyst,1,Other / Unclassified,UNKNOWN,,,,,Epsom (1)
Public Relations Manager (TV & Film Giant!),1,Marketing / Digital / Creative,UNKNOWN,,,,,Not Specified (1)
"Paraplanner - London Hybrid - Up to &;50,000 + Discretionary Bonus",1,Financial Advice / Mortgages,UNKNOWN,,,,,Not Specified (1)
Assistant Manger of Events,1,Other / Unclassified,UNKNOWN,,,,,Not Specified (1)
Band 8a Clinical Pharmacist,1,Healthcare / Clinical,UNKNOWN,,,,,Kettering (1)
Trainee Service Advisor,1,Admin / Customer Service,UNKNOWN,,,customer_service_contact_centre,,Southport (1)
Head of Property Accounts,1,Professional Finance / Accountancy,UNKNOWN,,,finance_accounts,,Not Specified (1)
Accounts & Audit Apprentice,1,Professional Finance / Accountancy,UNKNOWN,,,finance_accounts,,Camberley (1)
Head of HR / HR Manager / Senior HR Lead,1,HR / Recruitment,UNKNOWN,,,hr_recruitment,,Not Specified (1)
Insight Analyst,1,Other / Unclassified,UNKNOWN,,,,,Woking (1)
Lettings Administrator (Maternity Cover 1 Year),1,Construction / Trades / Property,UNKNOWN,,,admin_service,,Not Specified (1)
Learning and Development Trainer,1,Other / Unclassified,UNKNOWN,,,,,Chelmsford (1)
Property Litigation Solicitor - In-house,1,Legal / Conveyancing,UNKNOWN,,,,,Borehamwood (1)
New Business Consultant - Employee Benefits,1,Sales / Business Development,UNKNOWN,,,,,Manchester (1)
Meta Ads Manager,1,Other / Unclassified,UNKNOWN,,,,,Norwich (1)
Reward & Recognition Manager,1,Other / Unclassified,UNKNOWN,,,,,Sheffield (1)
Graduate Financial Consultant,1,Other / Unclassified,UNKNOWN,,,,,Not Specified (1)
Careers and Employability Adviser,1,Other / Unclassified,UNKNOWN,,,,,Not Specified (1)
Head of FPA,1,Other / Unclassified,UNKNOWN,,,,,Not Specified (1)
Specialist Intermediate Track File Handler,1,Other / Unclassified,UNKNOWN,,,,,Bolton (1)
Commercial Finance Business Partner,1,Professional Finance / Accountancy,UNKNOWN,,,finance_accounts,,Glossop (1)
Assistant Manager - Accounts,1,Professional Finance / Accountancy,UNKNOWN,,,finance_accounts,,Stowmarket (1)
Self Employed Trade Plate Driver,1,Driving / Warehouse / Logistics,UNKNOWN,,,,,Not Specified (1)
"Technical Paraplanner route to Financial Adviser Basildon Circa &;50,000 Wealth Management",1,Financial Advice / Mortgages,UNKNOWN,,,,,Basildon (1)
Occupational Health Manager,1,Other / Unclassified,UNKNOWN,,,,,Aberdeen (1)
CRM Executive FTC,1,Other / Unclassified,UNKNOWN,,,,,Leeds (1)
Financial Controller (FMCG),1,Professional Finance / Accountancy,UNKNOWN,,,,,Not Specified (1)
Process Control and Automation Engineer,1,Engineering / Technical,UNKNOWN,,,,,Port Talbot (1)
Cardiac Scrub Nurse,1,Healthcare / Clinical,UNKNOWN,,,,,Stoke-on-trent (1)
Case Officer,1,Other / Unclassified,UNKNOWN,,,admin_service,,Sunderland (1)
Cardiac Scrub Nurse / Operating Department Practitioner (ODP),1,Healthcare / Clinical,UNKNOWN,,,,,Stoke-on-trent (1)
Campaign Manager,1,Marketing / Digital / Creative,UNKNOWN,,,,,Not Specified (1)
Real Estate Senior Associate,1,Other / Unclassified,UNKNOWN,,,,,Leeds (1)
Part-Qualified Group Accountant FTC,1,Professional Finance / Accountancy,UNKNOWN,,,,,Castleford (1)
Website and Marketing Assistant,1,Marketing / Digital / Creative,UNKNOWN,,,,,Reigate (1)
Pricing Business Partner,1,Other / Unclassified,UNKNOWN,,,,,Epsom (1)
Entry level credit control / finance,1,Professional Finance / Accountancy,UNKNOWN,,,finance_accounts,,Woking (1)
Estate Agent - Tenancy Progressor,1,Construction / Trades / Property,UNKNOWN,,,,,Uxbridge (1)
New Business Account Executive,1,Sales / Business Development,UNKNOWN,,,,,Nottingham (1)
Video Game PR Internship,1,Other / Unclassified,UNKNOWN,,,,,Not Specified (1)
Fractional CFO - 2 days per week,1,Other / Unclassified,UNKNOWN,,,,,Leeds (1)
Financial Accountant - Projects & Investments,1,Professional Finance / Accountancy,UNKNOWN,,,,,Sherborne (1)
Enterprise Agile Coach,1,Other / Unclassified,UNKNOWN,,,,,Edinburgh (1)
FP&A Partner,1,Other / Unclassified,UNKNOWN,,,,,Kettering (1)
Mortgage Advisor - North Midlands,1,Financial Advice / Mortgages,UNKNOWN,,,,,Not Specified (1)
Tax Manager - Family Office & Private Client - Bristol,1,Professional Finance / Accountancy,UNKNOWN,,,admin_service,,Bristol (1)
Construction Solicitor (Partner),1,Legal / Conveyancing,UNKNOWN,,,,,Not Specified (1)
Human Resources Officer,1,HR / Recruitment,UNKNOWN,,,admin_service; hr_recruitment,,Not Specified (1)
Senior Internal Communications Executive,1,Marketing / Digital / Creative,UNKNOWN,,,,,Not Specified (1)
Senior Associate - Banking & Finance,1,Professional Finance / Accountancy,UNKNOWN,,,finance_accounts,,Not Specified (1)
BAND 5 RGNs - West & North Yorkshire,1,Other / Unclassified,UNKNOWN,,,,,Not Specified (1)
New and Used Car Sales Executive,1,Sales / Business Development,UNKNOWN,,,,,Wakefield (1)
Senior HR Partner,1,HR / Recruitment,UNKNOWN,,,hr_recruitment,,Not Specified (1)
"Financial Reporting Accountant, Festivals",1,Professional Finance / Accountancy,UNKNOWN,,,,,Not Specified (1)
Handyman/Maintenance,1,Engineering / Technical,KNOWN,admin_service:OUT_OF_SCOPE,,,,Rickmansworth (1)
Storage Team Leader,1,Other / Unclassified,UNKNOWN,,,,,Amersham (1)
Senior Business Analyst (Asset Management),1,IT / Data / Software,UNKNOWN,,,,,Not Specified (1)
Content & Customer Marketing Executive,1,Marketing / Digital / Creative,UNKNOWN,,,,,Stirling (1)
Pharmacist Manager - Somerset,1,Other / Unclassified,UNKNOWN,,,,,Bridgwater (1)
Head of Finance - Neighbourhoods & Regeneration and Finance & Resources,1,Professional Finance / Accountancy,UNKNOWN,,,finance_accounts,,Not Specified (1)
Estate Agent - Sales Negotiator,1,Construction / Trades / Property,UNKNOWN,,,,,Luton (1)
Employment Senior Associate,1,Other / Unclassified,UNKNOWN,,,,,Leeds (1)
Regional Aftersales Manager,1,Other / Unclassified,UNKNOWN,,,,,Glasgow (1)
Financial Consultant,1,Other / Unclassified,UNKNOWN,,,,,Not Specified (1)
Head Legal Cashier,1,Legal / Conveyancing,UNKNOWN,,,,,Littlehampton (1)
Bridging Underwriter,1,Other / Unclassified,UNKNOWN,,,,,Not Specified (1)
Residential Conveyancing Lawyer,1,Legal / Conveyancing,UNKNOWN,,,,,Haywards Heath (1)
Hygienist,1,Other / Unclassified,UNKNOWN,,,,,Sittingbourne (1)
"Financial Administrator- Wealth Management, Ipswich Wealth Management Career Development",1,Admin / Customer Service,UNKNOWN,,,admin_service,,Ipswich (1)
HR Advisor (12 month FTC),1,HR / Recruitment,UNKNOWN,,,hr_recruitment,,Crewe (1)
Commercial Property Solicitor 3-4yrs PQE,1,Legal / Conveyancing,UNKNOWN,,,,,Not Specified (1)
Senior Communications Manager,1,Marketing / Digital / Creative,UNKNOWN,,,,,Not Specified (1)
Sales Administrator/Negotiator,1,Sales / Business Development,UNKNOWN,,,admin_service,,Westbury (1)
Graduate HR Administrator,1,HR / Recruitment,UNKNOWN,,,admin_service; hr_recruitment,,Warrington (1)
Property Manager - PRS,1,Construction / Trades / Property,UNKNOWN,,,,,Not Specified (1)
Personal Tax Semi-Senior,1,Professional Finance / Accountancy,UNKNOWN,,,,,Witney (1)
Graduate - Investment,1,Other / Unclassified,UNKNOWN,,,,,Not Specified (1)
Finance Assistant - Manager,1,Professional Finance / Accountancy,UNKNOWN,,,finance_accounts,,Oldbury (1)
Personal Tax Supervisor,1,Professional Finance / Accountancy,UNKNOWN,,,,,Witney (1)
Administrator - Accounts Payable,1,Professional Finance / Accountancy,UNKNOWN,,,admin_service; finance_accounts,,Normanton (1)
Driver 3.5 - 7.5,1,Driving / Warehouse / Logistics,UNKNOWN,,,,,Not Specified (1)
"Practice Accounting: Client Manager - Hybrid Leeds Office - &;50,000",1,Other / Unclassified,UNKNOWN,,,admin_service; finance_accounts,,Leeds (1)
Financial Reporting Senior Manager,1,Other / Unclassified,UNKNOWN,,,,,Sheffield (1)
"Head of Management Accounting Build, Improve, Move into FP&A",1,Other / Unclassified,UNKNOWN,,,finance_accounts,,Not Specified (1)
Recoveries Account Manager 6 month Fixed Term contract,1,Sales / Business Development,UNKNOWN,,,,,Richmond (1)
Recoveries Account Manager 12 month Fixed Term contract,1,Sales / Business Development,UNKNOWN,,,,,Richmond (1)
Head of Litigation - Senior Solicitor / Partner Level,1,Legal / Conveyancing,UNKNOWN,,,,,Not Specified (1)
HR Change Specialist / Business Partner) - Part Time,1,HR / Recruitment,UNKNOWN,,,hr_recruitment,,Not Specified (1)
"Residential Conveyancer - Top-rated Employer, Flexible working",1,Other / Unclassified,UNKNOWN,,,,,Not Specified (1)
Commercial Property Solicitor (1 year PQE +) - Spinningfields,1,Legal / Conveyancing,UNKNOWN,,,,,Not Specified (1)
Head of Mental Health Nursing,1,Healthcare / Clinical,UNKNOWN,,,,,Croydon (1)
Marketing Assistant - 14 months fixed term,1,Marketing / Digital / Creative,UNKNOWN,,,,,Maidenhead (1)
Part Time Accountant,1,Professional Finance / Accountancy,UNKNOWN,,,,,Haywards Heath (1)
Days Registered Nurse,1,Healthcare / Clinical,UNKNOWN,,,,,Not Specified (1)
Property Legal Assistant,1,Legal / Conveyancing,UNKNOWN,,,,,Totnes (1)
Human Resources Assistant,1,HR / Recruitment,UNKNOWN,,,hr_recruitment,,Egham (1)
Simulation Technician,1,Engineering / Technical,UNKNOWN,,,,,Not Specified (1)
Trainee Panel Technician,1,Engineering / Technical,UNKNOWN,,,,,Doncaster (1)
Partner / Head of Commercial (Solictor),1,Other / Unclassified,UNKNOWN,,,,,Worthing (1)
Commercial Solictor (property),1,Other / Unclassified,UNKNOWN,,,,,Brighton (1)
Interim Head of People Development & Reward,1,Other / Unclassified,UNKNOWN,,,,,Southampton (1)
"QHSE (Quality, Health, Safety and Environmental) Advisor",1,Other / Unclassified,UNKNOWN,,,,,Not Specified (1)
Independent Financial Adviser - Established Client Bank,1,Financial Advice / Mortgages,UNKNOWN,,,,,Chelmsford (1)
Interim Litigation Lawyer - In-house,1,Legal / Conveyancing,UNKNOWN,,,,,High Wycombe (1)
Corporate Credit Analyst - 12-month fixed term contract,1,Other / Unclassified,UNKNOWN,,,,,Epsom (1)
Class 1 Driver/Tramper - Steel,1,Driving / Warehouse / Logistics,UNKNOWN,,,,,Scunthorpe (1)
Head of Account Management,1,Other / Unclassified,UNKNOWN,,,,,Not Specified (1)
Paralegal - Local Authority,1,Legal / Conveyancing,UNKNOWN,,,,,Reading (1)
Estate agent sales negotiator.,1,Construction / Trades / Property,UNKNOWN,,,,,Isleworth (1)
8hrs Customer Consultant,1,Other / Unclassified,UNKNOWN,,,,,Winchester (1)
Senior Finance Functional Analyst (Order to Cash),1,Professional Finance / Accountancy,UNKNOWN,,,finance_accounts,,Not Specified (1)
Pension Client Relationship Manager,1,Other / Unclassified,UNKNOWN,,,,,Not Specified (1)
Employee Benefits Associate Consultant,1,Other / Unclassified,UNKNOWN,,,,,Not Specified (1)
Interim Billing Assistant,1,Other / Unclassified,UNKNOWN,,,finance_accounts,,Bath (1)
Resident Services Associate,1,Other / Unclassified,UNKNOWN,,,,,Not Specified (1)
Entry-Level Commercial Finance Adviser / Consultant,1,Professional Finance / Accountancy,UNKNOWN,,,finance_accounts,,Not Specified (1)
Reconciliation Officer (Hybrid),1,Other / Unclassified,UNKNOWN,,,admin_service,,Cardiff (1)
Commercial Production Coordinator,1,Admin / Customer Service,UNKNOWN,,,admin_service,,Brighton (1)
Portfolio Data Migration Consultant (Contract),1,Other / Unclassified,UNKNOWN,,,,,Not Specified (1)
Interim Regulatory Reporting Controller,1,Other / Unclassified,UNKNOWN,,,,,Not Specified (1)
Senior Finane Business Partner,1,Other / Unclassified,UNKNOWN,,,,,Not Specified (1)
Entry-Level Assistant Accountant,1,Professional Finance / Accountancy,UNKNOWN,,,,,Not Specified (1)
Production Operative,1,Other / Unclassified,UNKNOWN,,,,,Pontypool (1)
Interim Litgiation Lawyer,1,Legal / Conveyancing,UNKNOWN,,,,,High Wycombe (1)
Structured Transactions Paralegal,1,Legal / Conveyancing,UNKNOWN,,,,,Not Specified (1)
Senior Customs and Trade Advisor,1,Other / Unclassified,UNKNOWN,,,,,Port Talbot (1)
Interim Project Finance Support,1,Professional Finance / Accountancy,UNKNOWN,,,finance_accounts,,Bath (1)
Interim Head of People - leading brand,1,Other / Unclassified,UNKNOWN,,,,,Not Specified (1)
Part Time Domiciliary Optical Assistant,1,Care / Support Work,UNKNOWN,,,,,Dereham (1)
Business Development Associate,1,Sales / Business Development,UNKNOWN,,,,,Dereham (1)
Pharmacist - Durham,1,Other / Unclassified,UNKNOWN,,,,,Durham (1)
Clinical Supervisor,1,Healthcare / Clinical,UNKNOWN,,,,,Dunfermline (1)
Contact Lens Optician,1,Other / Unclassified,KNOWN,admin_service:OUT_OF_SCOPE,,,,Chelmsford (1)
Dispensing Optician/Trainee CLO,1,Other / Unclassified,UNKNOWN,,,,,Perth (1)
Optometry Partner Opportunities,1,Other / Unclassified,UNKNOWN,,,,,Durham (1)
Optometrist International Applications Republic of Ireland,1,Other / Unclassified,UNKNOWN,,,,,Fareham (1)
Newly Qualifiied Optometrist,1,Other / Unclassified,KNOWN,admin_service:OUT_OF_SCOPE,,,,Chepstow (1)
Hearing Aid Dispenser,1,Other / Unclassified,UNKNOWN,,,,,Liverpool (1)
Home Visits Domiciliary Optical Assistant,1,Care / Support Work,KNOWN,admin_service:OUT_OF_SCOPE,,,,Not Specified (1)
Dispensing Optician Assistant Manager,1,Other / Unclassified,KNOWN,admin_service:OUT_OF_SCOPE,,,,Hoddesdon (1)
PT Optometrist,1,Other / Unclassified,UNKNOWN,,,,,Horncastle (1)
Audiology Partner,1,Other / Unclassified,UNKNOWN,,,,,Not Specified (1)
Tax Investigations Director,1,Professional Finance / Accountancy,UNKNOWN,,,,,Not Specified (1)
Pharmacist - Yeovil,1,Other / Unclassified,UNKNOWN,,,,,Yeovil (1)
Assistant Finance Officer,1,Professional Finance / Accountancy,UNKNOWN,,,admin_service; finance_accounts,,Not Specified (1)
Interim People Advisor,1,HR / Recruitment,UNKNOWN,,,,,Not Specified (1)
"Private Client Solicitor - Outstanding Regional Firm - Up to &;80,000 - Taunton",1,Legal / Conveyancing,UNKNOWN,,,,,Taunton (1)
Interim Internal Communications Lead,1,Marketing / Digital / Creative,UNKNOWN,,,,,Not Specified (1)
Senior Transfer Pricing Manager,1,Other / Unclassified,UNKNOWN,,,,,Leeds (1)
Application Engineer (Electrical),1,Engineering / Technical,UNKNOWN,,,,,Not Specified (1)
Senior Forensic Psychologist,1,Other / Unclassified,UNKNOWN,,,,,Bristol (1)
Marketing Lead,1,Marketing / Digital / Creative,UNKNOWN,,,,,Not Specified (1)
Talent Development Partner - 12mth FTC,1,Other / Unclassified,UNKNOWN,,,hr_recruitment,,Not Specified (1)
Residential Conveyancing Managing Associate,1,Other / Unclassified,UNKNOWN,,,,,Sheffield (1)
Interview Scheduler,1,Admin / Customer Service,UNKNOWN,,,admin_service,,Not Specified (1)
Mobility Claims Paralegal,1,Legal / Conveyancing,UNKNOWN,,,,,Leeds (1)
Treasury & Process Specialist,1,Professional Finance / Accountancy,UNKNOWN,,,,,Hayes (1)
Residential Conveyancer - Peterborough - &;,1,Other / Unclassified,UNKNOWN,,,,,Peterborough (1)
BTS Manager (Product Owner),1,Other / Unclassified,UNKNOWN,,,,,Maidenhead (1)
Trainee Financial Planner - Wigan,1,Financial Advice / Mortgages,UNKNOWN,,,,,Wigan (1)
Temporary Property Manager,1,Construction / Trades / Property,UNKNOWN,,,,,Wandsworth (1)
Sales Finance Manager,1,Professional Finance / Accountancy,UNKNOWN,,,finance_accounts,,Not Specified (1)
Property & Finance Officer,1,Professional Finance / Accountancy,UNKNOWN,,,admin_service; finance_accounts,,Not Specified (1)
Mental Health Pharmacist,1,Other / Unclassified,UNKNOWN,,,,,Ilford (1)
Finance Manager - Creative Agency,1,Professional Finance / Accountancy,UNKNOWN,,,finance_accounts,,Not Specified (1)
Sales Performance Manager - Midlands (Automotive OEM experience essential),1,Sales / Business Development,UNKNOWN,,,,,Coventry (1)
Lead Automation Engineer,1,Engineering / Technical,UNKNOWN,,,,,Huddersfield (1)
Senior Financial Accountant -6m Contract - Fintech/Lending,1,Professional Finance / Accountancy,UNKNOWN,,,,,Not Specified (1)
Independent Committee Member (SEND),1,Other / Unclassified,UNKNOWN,,,,,Gainsborough (1)
"Recruitment Advisor, Law Firm, London, Agile",1,HR / Recruitment,UNKNOWN,,,hr_recruitment,,Not Specified (1)
Conflicts Advisor - London,1,Other / Unclassified,UNKNOWN,,,,,Not Specified (1)
Branch Manager/ Senior Sales Negotiator,1,Sales / Business Development,UNKNOWN,,,,,Stirling (1)
Interim Finance Business Partner - 6 Months Contract,1,Professional Finance / Accountancy,UNKNOWN,,,finance_accounts,,Not Specified (1)
Bookkeeper - Part Time (Remote),1,Other / Unclassified,UNKNOWN,,,finance_accounts,,Not Specified (1)
Fleet Operations Project Coordinator,1,Admin / Customer Service,UNKNOWN,,,admin_service,,Not Specified (1)
Collections Advisor/Credit Control,1,Professional Finance / Accountancy,UNKNOWN,,,finance_accounts,,Not Specified (1)
Event Director,1,Other / Unclassified,UNKNOWN,,,,,Guildford (1)
Organisation Development Transformation Programme Manager,1,Operations / General Management,UNKNOWN,,,,,Lincoln (1)
Senior Finance Manager - Theatre Production,1,Professional Finance / Accountancy,UNKNOWN,,,finance_accounts,,Wandsworth (1)
Compliance QA Analyst,1,Other / Unclassified,UNKNOWN,,,,,Not Specified (1)
Treasury Analyst - Utilities,1,Professional Finance / Accountancy,UNKNOWN,,,,,Not Specified (1)
Property Litigation Senior Associate / Legal Director,1,Legal / Conveyancing,UNKNOWN,,,,,Manchester (1)
Finance & Operations Manager - Luxury Bespoke Furniture,1,Professional Finance / Accountancy,UNKNOWN,,,finance_accounts,,Mirfield (1)
Senior Global Mobility Advisor,1,Other / Unclassified,UNKNOWN,,,,,Newcastle Upon Tyne (1)
Litigation Lawyer - Regulatory & Enforcement,1,Legal / Conveyancing,UNKNOWN,,,,,Stockport (1)
Part Time Document Production Specialist,1,Other / Unclassified,UNKNOWN,,,,,Not Specified (1)
Head of Income Development,1,Other / Unclassified,UNKNOWN,,,,,Not Specified (1)
Customer Selections & Analytics Consultant,1,Other / Unclassified,UNKNOWN,,,,,Stratford-upon-avon (1)
Estate Agent - Property Auctions,1,Construction / Trades / Property,UNKNOWN,,,,,Not Specified (1)
Finance Transformation Project Manager / Business Analyst,1,Professional Finance / Accountancy,UNKNOWN,,,finance_accounts,,Crawley (1)
Corporate Tax Manager - Maidenhead,1,Professional Finance / Accountancy,UNKNOWN,,,,,Maidenhead (1)
Adult Social Care Lawyer,1,Legal / Conveyancing,UNKNOWN,,,,,Not Specified (1)
Cream Packing Operative L1,1,Other / Unclassified,UNKNOWN,,,,,Droitwich (1)
Strategic Workforce Planning and People Analytics Lead - SC Clearance,1,Other / Unclassified,UNKNOWN,,,,,Winterslow (1)
Senior Marketing Account Manager FTC,1,Sales / Business Development,UNKNOWN,,,,,Liverpool (1)
BD & Business Manager,1,Other / Unclassified,UNKNOWN,,,,,Not Specified (1)
Finance Assistant (MAT Cover),1,Professional Finance / Accountancy,UNKNOWN,,,finance_accounts,,Haywards Heath (1)
Technical Financial Accountant,1,Professional Finance / Accountancy,UNKNOWN,,,,,Liverpool (1)
Corporate Real Estate Associate - 6 Week Contract,1,Other / Unclassified,UNKNOWN,,,,,Not Specified (1)
Finance Manager- Temp-to-Perm,1,Professional Finance / Accountancy,UNKNOWN,,,finance_accounts,,Halifax (1)
Workshop Manager - Volkswagen Dartford,1,Other / Unclassified,UNKNOWN,,,,,Dartford (1)
Interim Commercial Finance Business Parter,1,Professional Finance / Accountancy,UNKNOWN,,,finance_accounts,,Chester (1)
Insurance Agent / Account Handler,1,Other / Unclassified,UNKNOWN,,,,,Manchester (1)
Part Time Accounts & Tax Senior,1,Professional Finance / Accountancy,UNKNOWN,,,finance_accounts,,Ashford (1)
Debt Recovery Officer - Glasgow,1,Other / Unclassified,UNKNOWN,,,admin_service,,Glasgow (1)
Workshop Controller - Volkswagen Van Centre Dartford,1,Other / Unclassified,UNKNOWN,,,,,Dartford (1)
Client Manager (Advisory & Business Partnering),1,Other / Unclassified,UNKNOWN,,,,,Manchester (1)
White Collar Crime Paralegal,1,Legal / Conveyancing,UNKNOWN,,,,,Not Specified (1)
Tax Assistant Manager - Advisory,1,Professional Finance / Accountancy,UNKNOWN,,,,,Leeds (1)
Financial Controller - South Leeds - SME,1,Professional Finance / Accountancy,UNKNOWN,,,,,Leeds (1)
Credit Control - Temp to Permanent - ASAP start!,1,Professional Finance / Accountancy,UNKNOWN,,,finance_accounts,,High Wycombe (1)
Trading Controller,1,Other / Unclassified,UNKNOWN,,,,,Willenhall (1)
FLOAT LEGAL SECRETARY,1,Legal / Conveyancing,UNKNOWN,,,admin_service,,Orpington (1)
Operational Due Diligence Analyst,1,Other / Unclassified,UNKNOWN,,,,,Not Specified (1)
Personal Assistant,1,Admin / Customer Service,KNOWN,admin_service:HARD_PASS; hr_recruitment:REVIEW_CONTEXT_DEPENDENT,,support_worker,,Not Specified (1)
Early Careers Assistant,1,Other / Unclassified,UNKNOWN,,,,,Not Specified (1)
Enforcement Paralegal - Debt Recovery,1,Legal / Conveyancing,UNKNOWN,,,,,Liverpool (1)
Customer Consultant Ashford Outlet,1,Other / Unclassified,UNKNOWN,,,,,Ashford (1)
Marketplace Manager,1,Other / Unclassified,UNKNOWN,,,,,Cheadle (1)
Litigation Executive - Complex & Catastrophic Injury,1,Legal / Conveyancing,UNKNOWN,,,,,Cardiff (1)
Semi Senior Tax,1,Other / Unclassified,UNKNOWN,,,,,Gloucester (1)
Company Secretary,1,Admin / Customer Service,KNOWN,admin_service:HIGH_CONFIDENCE,admin_service,admin_service,,Manchester (1)
HR Generalist (Part-time),1,HR / Recruitment,UNKNOWN,,,hr_recruitment,,Not Specified (1)
Finance Apprentice,1,Professional Finance / Accountancy,UNKNOWN,,,finance_accounts,,Newcastle Upon Tyne (1)
Senior Finance Manager Controls,1,Professional Finance / Accountancy,UNKNOWN,,,finance_accounts,,Not Specified (1)
Rolls Royce Head of Business,1,Other / Unclassified,UNKNOWN,,,,,Ascot (1)
VAT Consultant,1,Other / Unclassified,UNKNOWN,,,,,Bromsgrove (1)
HR Officer (People and Culture),1,HR / Recruitment,UNKNOWN,,,admin_service; hr_recruitment,,Not Specified (1)
Health & Safety Advisor 6 Month FTC,1,Other / Unclassified,UNKNOWN,,,,,St. Albans (1)
Corporate Finance Director (Business Services),1,Professional Finance / Accountancy,UNKNOWN,,,finance_accounts,,Not Specified (1)
Senior Pensions Consultant,1,Other / Unclassified,UNKNOWN,,,,,Not Specified (1)
Marketing Account Manager,1,Sales / Business Development,UNKNOWN,,,,,Telford (1)
Customer Relationship Officer,1,Other / Unclassified,UNKNOWN,,,admin_service,,Warrington (1)
Recruitment Officer,1,HR / Recruitment,UNKNOWN,,,admin_service; hr_recruitment,,Not Specified (1)
Billing Supervisor - Hybrid - Temp to Perm,1,Other / Unclassified,UNKNOWN,,,finance_accounts,,Coventry (1)
VP Data Engineer,1,IT / Data / Software,UNKNOWN,,,,,Not Specified (1)
File Auditor - Insurance Compliance,1,Professional Finance / Accountancy,UNKNOWN,,,,,Gateshead (1)
Pensions Consultant,1,Other / Unclassified,UNKNOWN,,,,,Not Specified (1)
ETD & LME Transaction Processing,1,Other / Unclassified,UNKNOWN,,,,,Not Specified (1)
Purchase Ledger Team Leader,1,Professional Finance / Accountancy,UNKNOWN,,,finance_accounts,,Westbury (1)
CBT Therapist,1,Healthcare / Clinical,UNKNOWN,,,,,Swindon (1)
Emerging Markets Portfolio Market Risk Analyst,1,Other / Unclassified,UNKNOWN,,,,,Not Specified (1)
Transformation Programme Accountant,1,Professional Finance / Accountancy,UNKNOWN,,,,,Crossways (1)
AI Conversion and Personalisation Specialist,1,Other / Unclassified,UNKNOWN,,,,,Not Specified (1)
AVP Data Engineer,1,IT / Data / Software,UNKNOWN,,,,,Not Specified (1)
Commercial Finance Business Partner - East Leeds,1,Professional Finance / Accountancy,UNKNOWN,,,finance_accounts,,Leeds (1)
Support Worker / Carer,1,Care / Support Work,UNKNOWN,,,support_worker,,Tamworth (1)
Trandformation Programme Accountant,1,Professional Finance / Accountancy,UNKNOWN,,,,,Not Specified (1)
Interim Workforce Change & ER Lead,1,Other / Unclassified,UNKNOWN,,,,,Bristol (1)
Plant Fitter,1,Engineering / Technical,UNKNOWN,,,,,Redruth (1)
"Intelligent Office / Dynamic Planner Technology training officer, IFA firm",1,Financial Advice / Mortgages,UNKNOWN,,,admin_service,,Horsham (1)
Registered Manager - RGN,1,Other / Unclassified,UNKNOWN,,,,,Sheffield (1)
First Move Out of Practice,1,Other / Unclassified,UNKNOWN,,,,,Ipswich (1)
Implementation Specialist (Insurtech),1,Other / Unclassified,UNKNOWN,,,,,Not Specified (1)
Fork Lift Truck Driver,1,Driving / Warehouse / Logistics,UNKNOWN,,,,,Kirkby Lonsdale (1)
Rheumatology ACP - Band 8a,1,Other / Unclassified,UNKNOWN,,,,,Not Specified (1)
"In-House Lawyer (O&M, EPC contracts) - 6 month contract",1,Legal / Conveyancing,UNKNOWN,,,,,Not Specified (1)
HRBP (12 Month FTC),1,Other / Unclassified,UNKNOWN,,,,,Leeds (1)
Commercial Head of Finance,1,Professional Finance / Accountancy,UNKNOWN,,,finance_accounts,,Maidstone (1)
Qualified Dental Nurse (Part-Time),1,Healthcare / Clinical,UNKNOWN,,,,,Moreton-in-marsh (1)
Van Mechanics,1,Other / Unclassified,UNKNOWN,,,,,Redruth (1)
Group Insurance Manager - REMOTE,1,Other / Unclassified,UNKNOWN,,,,,Not Specified (1)
Senior Residential Conveyancer - Legal 500 Law Firm,1,Legal / Conveyancing,UNKNOWN,,,,,Chester (1)
Client Manager / Accounts Manager - Accountancy,1,Professional Finance / Accountancy,UNKNOWN,,,finance_accounts,,Wilmslow (1)
Real Estate Broker,1,Other / Unclassified,UNKNOWN,,,,,Not Specified (1)
Dealership Accountant,1,Professional Finance / Accountancy,UNKNOWN,,,,,Not Specified (1)
Legal Cashier-Part time,1,Legal / Conveyancing,UNKNOWN,,,,,Potters Bar (1)
"Senior IFA Administrator/Junior Paraplanner - Tunbridge Wells &;35,000-&;42,000 DOE, Hybrid considered",1,Financial Advice / Mortgages,UNKNOWN,,,admin_service,,Tunbridge Wells (1)
CRM Executive,1,Other / Unclassified,UNKNOWN,,,,,Guildford (1)
Employment Counsel,1,Other / Unclassified,UNKNOWN,,,,,Leeds (1)
Employment Solicitor/Associate,1,Legal / Conveyancing,UNKNOWN,,,,,Manchester (1)
IFA/Manager (Player Coach combined role) Chartered IFA firm,1,Financial Advice / Mortgages,UNKNOWN,,,,,Hove (1)
"Employed Independent Financial Adviser, Great client bank",1,Financial Advice / Mortgages,UNKNOWN,,,,,Hove (1)
"Paraplanner required, Established IFA firm , HYBRID working option Base to £50000",1,Financial Advice / Mortgages,UNKNOWN,,,,,Horsham (1)
Chartered Financial Adviser City,1,Financial Advice / Mortgages,UNKNOWN,,,,,Not Specified (1)
Chartered Financial Advisers wanted,1,Other / Unclassified,UNKNOWN,,,,,Horsham (1)
Mortgage Adviser / Trainee Equity Release Broker,1,Financial Advice / Mortgages,UNKNOWN,,,,,Stockton-on-tees (1)
Accounts & Tax Senior - Film & TV Clients,1,Professional Finance / Accountancy,UNKNOWN,,,finance_accounts,,Not Specified (1)
Risk Analyst - Financial Services,1,Other / Unclassified,UNKNOWN,,,,,Leeds (1)
"Family Law Solicitor - Up to &;75,000 - Legal 500 - 2 Days WFH - Taunton",1,Legal / Conveyancing,UNKNOWN,,,,,Taunton (1)
Mobile Plant Fitter,1,Engineering / Technical,UNKNOWN,,,,,Exeter (1)
Interim Head of Reward and Payroll,1,Professional Finance / Accountancy,UNKNOWN,,,finance_accounts,,Not Specified (1)
Tax Controversy Director,1,Professional Finance / Accountancy,UNKNOWN,,,,,Not Specified (1)
Vehicle Service Agent,1,Other / Unclassified,UNKNOWN,,,,,Solihull (1)
Financial Accountant - real estate - 6 month FTC,1,Professional Finance / Accountancy,UNKNOWN,,,,,Not Specified (1)
Sales Performance - South England (Automotive OEM experience essential),1,Sales / Business Development,UNKNOWN,,,,,Bournemouth (1)
Tax Manager - 3 days,1,Professional Finance / Accountancy,UNKNOWN,,,,,Not Specified (1)
Legal Secretary Private Client - Ashford,1,Legal / Conveyancing,UNKNOWN,,,admin_service,,Ashford (1)
Financial Assistant,1,Other / Unclassified,UNKNOWN,,,,,Nottingham (1)
Care Home Deputy Manager,1,Other / Unclassified,KNOWN,admin_service:OUT_OF_SCOPE,,,,Bristol (1)
Commercial Contracts and Procurement Manager,1,Procurement / Buying / Supply Chain,UNKNOWN,,,,,Not Specified (1)
Communication Education Outreach Officer,1,Education / Teaching,UNKNOWN,,,admin_service,,Not Specified (1)
"Facilities, Health and Safety & Carbon Accounting Supervisor",1,Other / Unclassified,UNKNOWN,,,finance_accounts,,Sheffield (1)
IFA Senior Client Administrator,1,Financial Advice / Mortgages,KNOWN,admin_service:HIGH_CONFIDENCE,admin_service,admin_service,,Not Specified (1)
Sales Performance Manager (South England) Automotive OEM Experience Madatory,1,Sales / Business Development,UNKNOWN,,,,,Swindon (1)
Marketing Events Executive,1,Marketing / Digital / Creative,UNKNOWN,,,,,Stafford (1)
General Sales Manager - Mercedes-Benz Cambridge,1,Sales / Business Development,UNKNOWN,,,,,Cambridge (1)
Project Manager - Event Registration,1,Operations / General Management,UNKNOWN,,,,,Tamworth (1)
ER & Operations Lead,1,Other / Unclassified,UNKNOWN,,,,,Solihull (1)
Risk & Assurance Officer,1,Other / Unclassified,UNKNOWN,,,admin_service,,Not Specified (1)
Jaguar Land Rover Sales Executive,1,Sales / Business Development,UNKNOWN,,,,,Stockport (1)
VP- Credit Securitisation,1,Other / Unclassified,UNKNOWN,,,,,Not Specified (1)
Property Manager Remote,1,Construction / Trades / Property,UNKNOWN,,,,,Manchester (1)
Finance Business Partner - Operations & Manufacturing,1,Professional Finance / Accountancy,UNKNOWN,,,finance_accounts,,Sheffield (1)
Compliance Manager/Head of Compliance,1,Other / Unclassified,UNKNOWN,,,,,Cardiff (1)
ER ADVISOR - INTERIM,1,Other / Unclassified,UNKNOWN,,,,,Not Specified (1)
Interim Accounts Assistant Creative Agency London (On-site),1,Professional Finance / Accountancy,UNKNOWN,,,finance_accounts,,Not Specified (1)
Event and Marketing Manager,1,Marketing / Digital / Creative,UNKNOWN,,,,,Not Specified (1)
Mammographer,1,Other / Unclassified,KNOWN,admin_service:OUT_OF_SCOPE,,,,Not Specified (1)
Interim Senior Internal Communication Manager,1,Other / Unclassified,UNKNOWN,,,,,Liverpool (1)
Vascular Scientists,1,Other / Unclassified,UNKNOWN,,,,,Basildon (1)
Commercial Operations Manager,1,Operations / General Management,UNKNOWN,,,,,Orpington (1)
"Family Solicitor,  NQ-3 Years PQE Hinckley, Leicestershire &;35,000-&;55,000 Build Your Career",1,Legal / Conveyancing,UNKNOWN,,,,,Hinckley (1)
Senior Accountant/Assistant Manager; Join a firm where technical expertise matter,1,Professional Finance / Accountancy,UNKNOWN,,,,,Bury St. Edmunds (1)
Senior Accountant or Assistant Manager Technical Advisory Focus Hybrid or Remote,1,Professional Finance / Accountancy,UNKNOWN,,,,,Cambridge (1)
Finance Transformation Project Manager (Interim),1,Professional Finance / Accountancy,UNKNOWN,,,finance_accounts,,City (1)
Graduate Podiatrist,1,Other / Unclassified,UNKNOWN,,,,,Hayes (1)
Interim HR Advisor,1,HR / Recruitment,UNKNOWN,,,hr_recruitment,,Luton (1)
Risk Remediation and Infrastructure Project Manager,1,IT / Data / Software,UNKNOWN,,,,,Not Specified (1)
Recoveries Lawyer,1,Legal / Conveyancing,UNKNOWN,,,,,Not Specified (1)
Finance Billing Coordinator,1,Professional Finance / Accountancy,UNKNOWN,,,admin_service; finance_accounts,,Bristol (1)
Motor Fraud Technical Supervisor,1,Other / Unclassified,UNKNOWN,,,,,Bolton (1)
Temporary Events Operations Assistant,1,Other / Unclassified,UNKNOWN,,,,,Not Specified (1)
Resident Services Assocaite,1,Other / Unclassified,UNKNOWN,,,,,Bristol (1)
"Audi Alignment, Wheel & Tyre Repair Technician",1,Engineering / Technical,UNKNOWN,,,,,Llandudno (1)
Night Warehouse Operatives,1,Driving / Warehouse / Logistics,UNKNOWN,,,warehouse_logistics,,Maidstone (1)
Talent Acquisition Assistant,1,HR / Recruitment,UNKNOWN,,,hr_recruitment,,Not Specified (1)
PTP- Process Lead,1,Other / Unclassified,UNKNOWN,,,,,Manchester (1)
Financial Reporting Senior Manager (sheffield),1,Other / Unclassified,UNKNOWN,,,,,Not Specified (1)
Technical Support Specialist,1,IT / Data / Software,UNKNOWN,,,,,Bedford (1)
Payroll / Finance Assistant,1,Professional Finance / Accountancy,UNKNOWN,,,finance_accounts,,Reading (1)
People Partner - 3 month FTC,1,HR / Recruitment,UNKNOWN,,,,,Not Specified (1)
Architecture Lead (Principal Systems Engineer),1,IT / Data / Software,UNKNOWN,,,,,Bristol (1)
Sales Performance Manager (South England) Automotive OEM Experience Essential,1,Sales / Business Development,UNKNOWN,,,,,Exeter (1)
Senior HR Consultant (up to 25 hours),1,HR / Recruitment,UNKNOWN,,,hr_recruitment,,Didcot (1)
Head of Paraplanning,1,Other / Unclassified,UNKNOWN,,,,,Chipping Norton (1)
Part Time Xero Bookkeeper,1,Other / Unclassified,UNKNOWN,,,finance_accounts,,Stanmore (1)
IT Security Architect,1,Other / Unclassified,UNKNOWN,,,,,Not Specified (1)
Senior Bookkeeper - French/English Bilingual,1,Other / Unclassified,UNKNOWN,,,finance_accounts,,Not Specified (1)
Office Manager/ Sales Administrator,1,Sales / Business Development,UNKNOWN,,,admin_service,,Not Specified (1)
Client Manager with Audit,1,Other / Unclassified,UNKNOWN,,,,,Maidstone (1)
Financial Adviser: (IFA): Client Bank Provided,1,Financial Advice / Mortgages,UNKNOWN,,,,,Not Specified (1)
Senior Credit Controller/Accounts Receivable Specialist,1,Professional Finance / Accountancy,UNKNOWN,,,finance_accounts,,Not Specified (1)
Ultrasound Assistant,1,Other / Unclassified,UNKNOWN,,,,,Hemel Hempstead (1)
Management Accounts Associate,1,Professional Finance / Accountancy,UNKNOWN,,,finance_accounts,,Cheltenham (1)
Payments Assistant,1,Other / Unclassified,KNOWN,finance_accounts:HIGH_CONFIDENCE,finance_accounts,,,Cheltenham (1)
Sales Executive - Geely Peterborough,1,Sales / Business Development,UNKNOWN,,,,,Peterborough (1)
Account Assistant,1,Other / Unclassified,KNOWN,finance_accounts:HIGH_CONFIDENCE,finance_accounts,,,Wickford (1)
Senior Associate / Legal Director,1,Legal / Conveyancing,UNKNOWN,,,,,Sevenoaks (1)
Housing Disrepair Lawyer,1,Legal / Conveyancing,UNKNOWN,,,,,Stockport (1)
Dental Technician senior ceramist,1,Healthcare / Clinical,UNKNOWN,,,,,Brighton (1)
Customer Outcomes Analyst,1,Other / Unclassified,UNKNOWN,,,,,Not Specified (1)
Secretarial Administrator,1,Admin / Customer Service,UNKNOWN,,,admin_service,,Blackpool (1)
Stores Operative Excellent Pay Rates,1,Other / Unclassified,UNKNOWN,,,,,Scarborough (1)
Finance Assistant (6-Month Temporary Contract),1,Professional Finance / Accountancy,UNKNOWN,,,finance_accounts,,Not Specified (1)
Senior Director - Actuarial Non-Life (Re) Insurance Consulting,1,Other / Unclassified,UNKNOWN,,,,,Not Specified (1)
Senior Supply Chain Coordinator,1,Procurement / Buying / Supply Chain,UNKNOWN,,,admin_service,,Hartlepool (1)
Part-time Bookkeeper/Finance Assistant,1,Professional Finance / Accountancy,UNKNOWN,,,finance_accounts,,Corby (1)
Family Law Locum / Consultant Solicitor,1,Legal / Conveyancing,UNKNOWN,,,,,Wirral (1)
"Operational Risk Manager ( Technology, fraud & Cyber)",1,IT / Data / Software,UNKNOWN,,,,,Not Specified (1)
Business Development Specialist (Private Equity),1,Sales / Business Development,UNKNOWN,,,,,Not Specified (1)
In-House Head of Legal - Litigation,1,Legal / Conveyancing,UNKNOWN,,,,,Not Specified (1)
Fully Remote Dutch OR Turkish Speaking Credit Controller,1,Other / Unclassified,UNKNOWN,,,finance_accounts,,Not Specified (1)
Senior Business Development Manager (Private Equity),1,Sales / Business Development,UNKNOWN,,,,,Not Specified (1)
Senior FP&A Accountant,1,Professional Finance / Accountancy,UNKNOWN,,,,,Liverpool (1)
Income Project Officer,1,Other / Unclassified,UNKNOWN,,,admin_service,,Not Specified (1)
Systems Accountant - Interim,1,Professional Finance / Accountancy,UNKNOWN,,,,,City (1)
Cosmetic Oculoplastic Practice Nurse,1,Healthcare / Clinical,UNKNOWN,,,,,Not Specified (1)
Financial Accountant / Statutory Accountant,1,Professional Finance / Accountancy,UNKNOWN,,,,,Sheffield (1)
Claims Executive,1,Other / Unclassified,UNKNOWN,,,,,Manchester (1)
Display Operative,1,Other / Unclassified,UNKNOWN,,,,,Nottingham (1)
Audi Aftersales Consultant,1,Other / Unclassified,UNKNOWN,,,,,Llandudno (1)
Property Manager (12 month contract),1,Construction / Trades / Property,UNKNOWN,,,,,Loughton (1)
Court of Protection Solicitor - Deputyship Team,1,Legal / Conveyancing,UNKNOWN,,,,,Not Specified (1)
BMW Business Development Manager,1,Sales / Business Development,UNKNOWN,,,,,Coventry (1)
Administrator (Learning & Development),1,Admin / Customer Service,UNKNOWN,,,admin_service,,Bedford (1)
Credit Controller - Interim,1,Other / Unclassified,UNKNOWN,,,finance_accounts,,Not Specified (1)
Mortgage Advisor / Mortgage Broker,1,Financial Advice / Mortgages,UNKNOWN,,,,,Not Specified (1)
Employee Engagement Officer,1,Other / Unclassified,UNKNOWN,,,admin_service,,Not Specified (1)
Commissioning & Monitoring Officer,1,Other / Unclassified,UNKNOWN,,,admin_service,,Stevenage (1)
International Finance Offer,1,Professional Finance / Accountancy,UNKNOWN,,,finance_accounts,,Not Specified (1)
ER Partner - 12 month FTC,1,Other / Unclassified,UNKNOWN,,,,,Stonehouse (1)
Ecommerce Manager,1,Marketing / Digital / Creative,UNKNOWN,,,,,Ipswich (1)
Compliance Officer - Alternative Asset Management - Interim,1,Other / Unclassified,UNKNOWN,,,admin_service,,Not Specified (1)
Part-time Accounts Semi-Senior / Senior,1,Professional Finance / Accountancy,UNKNOWN,,,finance_accounts,,Fareham (1)
Governance Officer,1,Other / Unclassified,UNKNOWN,,,admin_service,,Basildon (1)
Senior FP&A Manager,1,Other / Unclassified,UNKNOWN,,,,,Not Specified (1)
BMW Head of Business,1,Other / Unclassified,UNKNOWN,,,,,High Wycombe (1)
Legal Tech Product Manager 12 Month FTC,1,Legal / Conveyancing,UNKNOWN,,,,,Not Specified (1)
Accounts and Operations Coordinator,1,Professional Finance / Accountancy,UNKNOWN,,,admin_service; finance_accounts,,Westerham (1)
Broker back up Technician,1,Engineering / Technical,UNKNOWN,,,,,Southend-on-sea (1)
Utilities & Finance Administrator - Hybrid,1,Professional Finance / Accountancy,UNKNOWN,,,admin_service; finance_accounts,,Not Specified (1)
Senior Manager - IFRS9 Accounting & Controls,1,Other / Unclassified,UNKNOWN,,,finance_accounts,,Not Specified (1)
"Dispute Resolution Solicitor Property, Partnership & Civil Litigation Newcastle",1,Legal / Conveyancing,UNKNOWN,,,,,Newcastle Upon Tyne (1)
Bookkeeper & Administrator,1,Admin / Customer Service,UNKNOWN,,,admin_service; finance_accounts,,Thetford (1)
"Senior Lawyer, Contracts and Commercial",1,Legal / Conveyancing,UNKNOWN,,,,,Not Specified (1)
Interim Payroll Manager,1,Professional Finance / Accountancy,UNKNOWN,,,finance_accounts,,Not Specified (1)
Executive Events Producer,1,Other / Unclassified,UNKNOWN,,,,,Not Specified (1)
HR & Administration Officer,1,HR / Recruitment,UNKNOWN,,,admin_service; hr_recruitment,,Not Specified (1)
Financial Director,1,Other / Unclassified,UNKNOWN,,,,,Harrogate (1)
Partnership Tax Contract (100% remote),1,Professional Finance / Accountancy,UNKNOWN,,,,,Not Specified (1)
Court of Protection PSL (Professional Support Lawyer),1,Legal / Conveyancing,UNKNOWN,,,,,Tunbridge Wells (1)
Safeguarding Lawyers ( Children's and Adults),1,Other / Unclassified,UNKNOWN,,,,,Not Specified (1)
Fleet Sales Administrator - Mercedes-Benz Kidlington,1,Sales / Business Development,UNKNOWN,,,admin_service,,Kidlington (1)
FP&A Manager - 12 month FTC,1,Other / Unclassified,UNKNOWN,,,,,Not Specified (1)
Accounts Trainee - Study Support & Career Development,1,Professional Finance / Accountancy,UNKNOWN,,,finance_accounts,,Cheltenham (1)
Financial Accountant- Weymouth - c&;50K + Good Benefits,1,Professional Finance / Accountancy,UNKNOWN,,,,,Weymouth (1)
School Nurse,1,Education / Teaching,UNKNOWN,,,,,Portsmouth (1)
Brand Marketing Lead,1,Marketing / Digital / Creative,UNKNOWN,,,,,Not Specified (1)
Category Manager,1,Procurement / Buying / Supply Chain,UNKNOWN,,,,,Manchester (1)
Interim Finance Transformation Director,1,Professional Finance / Accountancy,UNKNOWN,,,finance_accounts,,Not Specified (1)
Peripatetic Administrator,1,Admin / Customer Service,UNKNOWN,,,admin_service,,Lowestoft (1)
Digital Marketing Campaign Specialist (Language Skills),1,Marketing / Digital / Creative,UNKNOWN,,,,,Not Specified (1)
Senior Risk & Compliance Manager,1,Other / Unclassified,UNKNOWN,,,,,Not Specified (1)
Part Time Pharmacist Manager,1,Other / Unclassified,UNKNOWN,,,,,Wigan (1)
Corporate Associate (2-4 Year's PQE),1,Other / Unclassified,UNKNOWN,,,,,Not Specified (1)
Occupational Health Technician,1,Engineering / Technical,KNOWN,admin_service:HARD_PASS,,,,Not Specified (1)
Valuations Associate Partner,1,Other / Unclassified,UNKNOWN,,,,,Manchester (1)
Valuations Senior Manager,1,Other / Unclassified,UNKNOWN,,,,,Not Specified (1)
Customer Services Administrator,1,Admin / Customer Service,KNOWN,customer_service_contact_centre:HIGH_CONFIDENCE,customer_service_contact_centre,admin_service; customer_service_contact_centre,,Not Specified (1)
Registered Nurse/Paramedic Milton Keynes FT/PT,1,Healthcare / Clinical,UNKNOWN,,,,,Milton Keynes (1)
SQE Qualified Trainee Solicitor - Commercial Property,1,Legal / Conveyancing,UNKNOWN,,,,,Warwick (1)
Senior Management Accountant (Grants),1,Professional Finance / Accountancy,UNKNOWN,,,,,Harpenden (1)
Finance Manager - Continuous Improvement and Capex,1,Professional Finance / Accountancy,UNKNOWN,,,finance_accounts,,Derby (1)
Public Relations Executive (Part-Time),1,Marketing / Digital / Creative,UNKNOWN,,,,,Not Specified (1)
People Business Partner,1,Other / Unclassified,UNKNOWN,,,,,Not Specified (1)
Fraud/Financial Investigations Manager,1,Other / Unclassified,UNKNOWN,,,,,Not Specified (1)
Part Time Private Client Tax Manager,1,Professional Finance / Accountancy,UNKNOWN,,,,,Cambridge (1)
VAT Senior Manager - Advisory,1,Other / Unclassified,UNKNOWN,,,,,Not Specified (1)
Business Services Senior Manager,1,Other / Unclassified,UNKNOWN,,,,,Cardiff (1)
Audit Director,1,Professional Finance / Accountancy,UNKNOWN,,,,,Manchester (1)
Corporate Tax Manager - Advisory,1,Professional Finance / Accountancy,UNKNOWN,,,,,Coventry (1)
Senior Tax Investigations Manager,1,Professional Finance / Accountancy,UNKNOWN,,,,,Not Specified (1)
Practice Client Manager,1,Other / Unclassified,UNKNOWN,,,,,Coventry (1)
Parts Advisor - Automotive,1,Other / Unclassified,UNKNOWN,,,,,Portsmouth (1)
Financial Consultant/Financial Advisor,1,Financial Advice / Mortgages,UNKNOWN,,,,,Leicester (1)
FP&A Commercial Director - Entertainment,1,Other / Unclassified,UNKNOWN,,,,,Not Specified (1)
Outside IR35 Project Based Revenue Recognition Accountant,1,Professional Finance / Accountancy,UNKNOWN,,,,,Not Specified (1)
"Private Client Solicitor L500 & Chambers ranked, Top Regional Full Service",1,Legal / Conveyancing,UNKNOWN,,,,,Not Specified (1)
Banking & Finance Associate,1,Professional Finance / Accountancy,UNKNOWN,,,finance_accounts,,Not Specified (1)
Interim Accounts Assistant,1,Professional Finance / Accountancy,KNOWN,finance_accounts:HIGH_CONFIDENCE,finance_accounts,finance_accounts,,Not Specified (1)
Part time Standalone HR Manager,1,HR / Recruitment,UNKNOWN,,,hr_recruitment,,Not Specified (1)
"Oracle Payroll Specialist, FTC",1,Professional Finance / Accountancy,UNKNOWN,,,finance_accounts,,Leeds (1)
Temp / Contract Financial Accountant - Part or Full-Time,1,Professional Finance / Accountancy,UNKNOWN,,,,,Borehamwood (1)
Project Manager - Telecommunications,1,Operations / General Management,UNKNOWN,,,,,Horsham (1)
Tax Consultant,1,Professional Finance / Accountancy,UNKNOWN,,,,,Woking (1)
Management Accountant Industry,1,Professional Finance / Accountancy,UNKNOWN,,,,,Inverness (1)
Part-time Finance Assistant Legal Sector,1,Legal / Conveyancing,UNKNOWN,,,finance_accounts,,Pontypridd (1)
People Payroll Officer,1,Professional Finance / Accountancy,UNKNOWN,,,admin_service; finance_accounts,,Ealing (1)
Director of Finance,1,Professional Finance / Accountancy,UNKNOWN,,,finance_accounts,,East Molesey (1)
CC 8hr St James Edinburgh,1,Other / Unclassified,UNKNOWN,,,hr_recruitment,,Edinburgh (1)
Supervisor,1,Other / Unclassified,UNKNOWN,,,,,Nottingham (1)
Aviation Finance Paralegal,1,Legal / Conveyancing,UNKNOWN,,,finance_accounts,,Not Specified (1)
Finance Manager / Senior Finance Officer / Permanent,1,Professional Finance / Accountancy,UNKNOWN,,,admin_service; finance_accounts,,Wandsworth (1)
Marketplace Lead,1,Other / Unclassified,UNKNOWN,,,,,Not Specified (1)
Finance Manager (Qualified),1,Professional Finance / Accountancy,UNKNOWN,,,finance_accounts,,Liverpool (1)
Finance Specialist,1,Professional Finance / Accountancy,UNKNOWN,,,finance_accounts,,Reading (1)
New Homes Sales Assistant,1,Sales / Business Development,UNKNOWN,,,,,Exeter (1)
People & Culture Business Partner - Hybrid,1,Other / Unclassified,UNKNOWN,,,,,Not Specified (1)
HR Coordinator / Advisor,1,HR / Recruitment,UNKNOWN,,,admin_service; hr_recruitment,,Huddersfield (1)
Business Finance & Change Lead (Charity),1,Professional Finance / Accountancy,UNKNOWN,,,finance_accounts,,St. Helens (1)
International Payroll Advisor,1,Professional Finance / Accountancy,UNKNOWN,,,finance_accounts,,Slough (1)
B2B Proposition Manager (Employer),1,Other / Unclassified,UNKNOWN,,,,,Not Specified (1)
Integrated Planning Lead,1,Other / Unclassified,UNKNOWN,,,,,Not Specified (1)
Graduate Accounts Payable Associate,1,Professional Finance / Accountancy,UNKNOWN,,,finance_accounts,,Manchester (1)
HR - Systems Administrator,1,HR / Recruitment,UNKNOWN,,,admin_service; hr_recruitment,,Not Specified (1)
Human Resources Advisor,1,HR / Recruitment,UNKNOWN,,,hr_recruitment,,Not Specified (1)
Cash Allocation / Accounts Receivable Support,1,Professional Finance / Accountancy,UNKNOWN,,,finance_accounts,,Tilbury (1)
Post Completion Paralegal,1,Legal / Conveyancing,UNKNOWN,,,,,Spalding (1)
"Broking Account Executive - Storage, Removals and Haulage",1,Sales / Business Development,UNKNOWN,,,,,Not Specified (1)
HGV Technician Night Shift Supervisor,1,Engineering / Technical,UNKNOWN,,,,,Maidstone (1)
Commercial Property Administrative Assistant,1,Other / Unclassified,UNKNOWN,,,admin_service,,Bristol (1)
Category and Market Development Manager,1,Other / Unclassified,UNKNOWN,,,,,Basildon (1)
Head of Finance (Hertfordshire),1,Professional Finance / Accountancy,UNKNOWN,,,finance_accounts,,Hertford (1)
Case Worker - Personal Injuries Clinical Negligence,1,Healthcare / Clinical,UNKNOWN,,,,,Sandwich (1)
Garage Technician,1,Engineering / Technical,UNKNOWN,,,,,Northampton (1)
Forecourt Assistant,1,Other / Unclassified,UNKNOWN,,,,,Northampton (1)
Accounts & Personal Tax Assistant Manager,1,Professional Finance / Accountancy,UNKNOWN,,,finance_accounts,,Not Specified (1)
Network HR Assistant,1,HR / Recruitment,UNKNOWN,,,hr_recruitment,,Wellingborough (1)
Marketing Campaign Executive,1,Marketing / Digital / Creative,UNKNOWN,,,,,Pudsey (1)
Senior Pensions Technician,1,Engineering / Technical,UNKNOWN,,,,,Manchester (1)
Finance Business Partner - Devolution,1,Professional Finance / Accountancy,UNKNOWN,,,finance_accounts,,Not Specified (1)
Part-Time Marketing Manager,1,Marketing / Digital / Creative,UNKNOWN,,,,,West Byfleet (1)
Insurance Sales Advisor,1,Sales / Business Development,UNKNOWN,,,,,Liverpool (1)
People & Administration Coordinator,1,Admin / Customer Service,UNKNOWN,,,admin_service,,Glasgow (1)
Part Time School Finance Manager,1,Education / Teaching,UNKNOWN,,,finance_accounts,,Bracknell (1)
Temporary Medical Secretary,1,Healthcare / Clinical,UNKNOWN,,,admin_service,,Winchester (1)
Campaign Performance Manager,1,Other / Unclassified,UNKNOWN,,,,,City Of Westminster (1)
Senior Marketing Manager,1,Marketing / Digital / Creative,UNKNOWN,,,,,Coventry (1)
Completions Officer,1,Other / Unclassified,UNKNOWN,,,admin_service,,Not Specified (1)
Payroll Technician,1,Professional Finance / Accountancy,UNKNOWN,,,finance_accounts,,Leeds (1)
Independent Financial Adviser,1,Financial Advice / Mortgages,UNKNOWN,,,,,Cambridge (1)
Secured Mortgage Broker (2nd Charge),1,Financial Advice / Mortgages,UNKNOWN,,,,,Not Specified (1)
Semi Senior/ Senior Accountant,1,Professional Finance / Accountancy,UNKNOWN,,,,,Budleigh Salterton (1)
Senior Property Administrator,1,Admin / Customer Service,UNKNOWN,,,admin_service,,Barnet (1)
Legal Counsel (&;400 - &;550 per day),1,Legal / Conveyancing,UNKNOWN,,,,,Not Specified (1)
Head of Underwriting & Credit Operations,1,Other / Unclassified,UNKNOWN,,,,,Not Specified (1)
Internal Communications & Marketing Executive,1,Marketing / Digital / Creative,UNKNOWN,,,,,Slough (1)
Audi Front of House Manager,1,Hospitality / Catering,UNKNOWN,,,,,Huddersfield (1)
Interim Finance Manager - 12 month FTC,1,Professional Finance / Accountancy,UNKNOWN,,,finance_accounts,,Horley (1)
HR and Payroll Assistant (Maternity Cover),1,Professional Finance / Accountancy,UNKNOWN,,,finance_accounts; hr_recruitment,,Rugeley (1)
Financial & Compliance Accountant,1,Professional Finance / Accountancy,UNKNOWN,,,,,Gloucester (1)
Interim Group Treasury Manager,1,Professional Finance / Accountancy,UNKNOWN,,,,,Stafford (1)
Commercial Property Paralegal,1,Legal / Conveyancing,UNKNOWN,,,,,Eastbourne (1)
"Overseas Volunteer Accountant, Uganda",1,Professional Finance / Accountancy,UNKNOWN,,,,,Manchester (1)
"Overseas Volunteer Accountant, Indonesia",1,Professional Finance / Accountancy,UNKNOWN,,,,,Not Specified (1)
HGV Mechanic,1,Engineering / Technical,UNKNOWN,,,,,Bridgwater (1)
"Overseas Volunteer Accountant, Malawi",1,Professional Finance / Accountancy,UNKNOWN,,,,,Not Specified (1)
Charity Protecting Forests in Africa,1,Other / Unclassified,UNKNOWN,,,,,Oxford (1)
Justice Charity Improving Health & Wellbeing,1,Other / Unclassified,UNKNOWN,,,,,Not Specified (1)
Renewals Manager,1,Other / Unclassified,UNKNOWN,,,,,Not Specified (1)
Head of Production,1,Other / Unclassified,UNKNOWN,,,,,Not Specified (1)
HR & Learning Advisor,1,HR / Recruitment,UNKNOWN,,,hr_recruitment,,Bristol (1)
Competition Associate,1,Other / Unclassified,UNKNOWN,,,,,Not Specified (1)
Senior BI Analyst,1,Other / Unclassified,UNKNOWN,,,,,Ipswich (1)
"Wills, Trust and Estates Disputes Lawyer",1,Legal / Conveyancing,UNKNOWN,,,,,Not Specified (1)
Costs Lawyer - Remote,1,Legal / Conveyancing,UNKNOWN,,,,,Sheffield (1)
Accounts Payable Assistant Manager,1,Professional Finance / Accountancy,UNKNOWN,,,finance_accounts,,Milton Keynes (1)
Health Care Support Worker,1,Care / Support Work,UNKNOWN,,,support_worker,,Durham (1)
Audit & Accounts Junior,1,Professional Finance / Accountancy,UNKNOWN,,,finance_accounts,,Keighley (1)
Interim People Services Manager,1,Other / Unclassified,UNKNOWN,,,,,Ealing (1)
Finance Business Partner (Children's),1,Professional Finance / Accountancy,UNKNOWN,,,finance_accounts,,Oldbury (1)
Senior Electronics Hardware Engineer - RAS 168,1,Engineering / Technical,UNKNOWN,,,,,Yateley (1)
Professional Indemnity Solicitor (Partner),1,Legal / Conveyancing,UNKNOWN,,,,,Not Specified (1)
Family Solicitor or Legal Executive (Private Legal Aid),1,Legal / Conveyancing,UNKNOWN,,,,,Leamington Spa (1)
Training Lead - Financial and Wealth Advisor Training,1,Financial Advice / Mortgages,UNKNOWN,,,,,Swindon (1)
Junior Bookkeeper,1,Other / Unclassified,UNKNOWN,,,finance_accounts,,Leigh-on-sea (1)
Finance Business Partner (Adults),1,Professional Finance / Accountancy,UNKNOWN,,,finance_accounts,,Oldbury (1)
Interim People Partner,1,HR / Recruitment,UNKNOWN,,,,,Leeds (1)
Chartered Financial Adviser,1,Financial Advice / Mortgages,UNKNOWN,,,,,Bath (1)
Sales Ledger and Credit Control,1,Professional Finance / Accountancy,UNKNOWN,,,finance_accounts,,Manchester (1)
Part time Head of Finance,1,Professional Finance / Accountancy,UNKNOWN,,,finance_accounts,,Guildford (1)
E-commerce Merchandise Lead,1,Marketing / Digital / Creative,UNKNOWN,,,,,Milton Keynes (1)
Audit & Accounts Semi Senior,1,Professional Finance / Accountancy,UNKNOWN,,,finance_accounts,,Harrow (1)
Office Services Manager - Law - Manchester,1,Other / Unclassified,UNKNOWN,,,admin_service,,Manchester (1)
Employment Law Legal Secretary,1,Legal / Conveyancing,UNKNOWN,,,admin_service,,Crowthorne (1)
Commercial Property Partner Development & Investment,1,Other / Unclassified,UNKNOWN,,,,,Not Specified (1)
Specialist Nurse - Spinal Cord Injury,1,Healthcare / Clinical,UNKNOWN,,,,,Ashford (1)
Bridging Finance Administrator,1,Professional Finance / Accountancy,UNKNOWN,,,admin_service; finance_accounts,,Not Specified (1)
Interim Finance Analyst Global Media Entertainment Business,1,Professional Finance / Accountancy,UNKNOWN,,,finance_accounts,,Manchester (1)
"Senior Health care assistant - Leeds, Halifax and Newcastle",1,Care / Support Work,KNOWN,admin_service:HARD_PASS; support_worker:HARD_PASS,,support_worker,,Leeds (1)
Sales Manager - Estate Agency,1,Sales / Business Development,UNKNOWN,,,,,Not Specified (1)
"Remote Conveyancer Remote &;30,000-&;45,000 Flexible Working with an Excellent TeamProperty Te",1,Other / Unclassified,UNKNOWN,,,,,Not Specified (1)
Commercial Finance Administrator,1,Professional Finance / Accountancy,UNKNOWN,,,admin_service; finance_accounts,,Not Specified (1)
Senior Bids Executive - Energy,1,Other / Unclassified,UNKNOWN,,,,,Not Specified (1)
Senior HR Manager (12 month FTC),1,HR / Recruitment,UNKNOWN,,,hr_recruitment,,Rochdale (1)
Triage Specialist,1,Other / Unclassified,UNKNOWN,,,,,Not Specified (1)
Pensions Analyst,1,Other / Unclassified,UNKNOWN,,,,,Manchester (1)
Finance Accounts Assistant,1,Professional Finance / Accountancy,UNKNOWN,,,finance_accounts,,Truro (1)
Newly qualified ACA Forensics/Disputes conversion,1,Other / Unclassified,UNKNOWN,,,,,Not Specified (1)
Occupational Therapist Band 6,1,Healthcare / Clinical,UNKNOWN,,,,,Peterborough (1)
Brand Manager,1,Marketing / Digital / Creative,UNKNOWN,,,,,Norwich (1)
Head of Shared Service Transformation,1,Other / Unclassified,UNKNOWN,,,,,Sheffield (1)
Asset Lending Auditor,1,Professional Finance / Accountancy,UNKNOWN,,,,,Whitchurch (1)
Assistant People Business Partner,1,Other / Unclassified,UNKNOWN,,,,,Gillingham (1)
Finance Head of Housing & Independent Living,1,Professional Finance / Accountancy,UNKNOWN,,,finance_accounts,,Gillingham (1)
Motor Trade Insurance Advisor,1,Other / Unclassified,UNKNOWN,,,,,Stockport (1)
In-House Legal Counsel,1,Legal / Conveyancing,UNKNOWN,,,,,Newcastle Upon Tyne (1)
Events Sales Manager,1,Sales / Business Development,UNKNOWN,,,,,Maidenhead (1)
Physiotherapist Band 6,1,Other / Unclassified,UNKNOWN,,,,,Peterborough (1)
Business Analyst outside IR35 (Insurance experience required),1,IT / Data / Software,UNKNOWN,,,,,Not Specified (1)
Events Sales Executive,1,Sales / Business Development,UNKNOWN,,,,,Maidenhead (1)
Insolvency Administrator London,1,Admin / Customer Service,KNOWN,customer_service_contact_centre:REVIEW_CONTEXT_DEPENDENT; hr_recruitment:REVIEW_CONTEXT_DEPENDENT,,admin_service,,Not Specified (1)
Warehouse Operative-Nights,1,Driving / Warehouse / Logistics,UNKNOWN,,,warehouse_logistics,,Rochester (1)
Respiratory Physiotherapist Band 6,1,Other / Unclassified,UNKNOWN,,,,,Not Specified (1)
Senior Insolvency Administrator (Manchester),1,Admin / Customer Service,UNKNOWN,,,admin_service,,Manchester (1)
Finance Manager - Education - Part-Time (30 Hours per Week) Permanent,1,Education / Teaching,UNKNOWN,,,finance_accounts,,Wokingham (1)
MCL Desk Adjuster,1,Other / Unclassified,UNKNOWN,,,,,Worcester (1)
Rural Solicitor,1,Legal / Conveyancing,UNKNOWN,,,,,Aberdeen (1)
Part-time UK Tax Manager (4 days/week),1,Professional Finance / Accountancy,UNKNOWN,,,,,Not Specified (1)
Real Estate Insurance Due Diligence,1,Other / Unclassified,UNKNOWN,,,,,Not Specified (1)
Planning Solicitor,1,Legal / Conveyancing,UNKNOWN,,,,,Exeter (1)
"UK Tax Manager, FTSE 100, London",1,Professional Finance / Accountancy,UNKNOWN,,,,,Not Specified (1)
(Snr) IFA Administrator,1,Financial Advice / Mortgages,UNKNOWN,,,admin_service,,Leeds (1)
Audit & Accounts Senior / Experienced Accountant,1,Professional Finance / Accountancy,UNKNOWN,,,finance_accounts,,Keighley (1)
Child Abuse Solicitor,1,Legal / Conveyancing,UNKNOWN,,,,,Not Specified (1)
Property Management Accountant - BTR,1,Professional Finance / Accountancy,UNKNOWN,,,,,Manchester (1)
Junior Commercial Property Solicitor,1,Legal / Conveyancing,UNKNOWN,,,,,Leicester (1)
Yopa Local Estate Agent,1,Construction / Trades / Property,UNKNOWN,,,,,Lancaster (1)
EL/PL Lawyer,1,Legal / Conveyancing,UNKNOWN,,,,,Manchester (1)
Temp HR Administrator!,1,HR / Recruitment,UNKNOWN,,,admin_service; hr_recruitment,,Not Specified (1)
PMO Project Manager,1,Operations / General Management,UNKNOWN,,,,,Sheffield (1)
Part time Board Governance Manager Hybrid &;38.4k,1,Other / Unclassified,UNKNOWN,,,,,Ashford (1)
Senior Mortgage Administrator - Office Manager,1,Financial Advice / Mortgages,UNKNOWN,,,admin_service,,Uxbridge (1)
Audio Visual Warehouse Manager - Event Production,1,Driving / Warehouse / Logistics,UNKNOWN,,,warehouse_logistics,,Not Specified (1)
Payroll and Benefits Administrator,1,Professional Finance / Accountancy,UNKNOWN,,,admin_service; finance_accounts,,Warrington (1)
Commercial Operations Analyst - Mat Leave Cover,1,Other / Unclassified,UNKNOWN,,,,,Not Specified (1)
Temporary Head of Finance - Charity Experience Essential,1,Professional Finance / Accountancy,UNKNOWN,,,finance_accounts,,Oxford (1)
Group Finance Controller,1,Professional Finance / Accountancy,UNKNOWN,,,finance_accounts,,Manchester (1)
Part-Time Accounts Payable Specialist,1,Professional Finance / Accountancy,UNKNOWN,,,finance_accounts,,Not Specified (1)
Global Loans Senior Knowledge Lawyer,1,Legal / Conveyancing,UNKNOWN,,,,,Not Specified (1)
Corporate Tax Senior - ATT,1,Professional Finance / Accountancy,UNKNOWN,,,,,Harrow (1)
Personal Tax Senior - Compliance,1,Professional Finance / Accountancy,UNKNOWN,,,,,Not Specified (1)
"Corporate Tax Manager - Music, Entertainment & Sport",1,Professional Finance / Accountancy,UNKNOWN,,,,,Not Specified (1)
PERM FTC HR Consultant,1,HR / Recruitment,UNKNOWN,,,hr_recruitment,,Sheffield (1)
Senior Tax Manager - Real Estate - Top 10 firm,1,Professional Finance / Accountancy,UNKNOWN,,,,,Not Specified (1)
Senior VAT Manager - Big4 Practice,1,Other / Unclassified,UNKNOWN,,,,,Not Specified (1)
M&A Tax Manager - Top 50 Practice,1,Professional Finance / Accountancy,UNKNOWN,,,,,Not Specified (1)
Corporate Tax Assistant Manager - CTA,1,Professional Finance / Accountancy,UNKNOWN,,,,,Not Specified (1)
Private Client Tax - Senior Manager - Top 30 Firm,1,Other / Unclassified,UNKNOWN,,,,,Not Specified (1)
International Tax Senior Manager / Pillar 2 specialist,1,Professional Finance / Accountancy,UNKNOWN,,,,,Not Specified (1)
Private Senior Manager - Boutique - London West End,1,Other / Unclassified,UNKNOWN,,,,,Not Specified (1)
International Payroll Coordinator (FTC),1,Professional Finance / Accountancy,UNKNOWN,,,admin_service; finance_accounts,,Not Specified (1)
Group HR Co-ordinator,1,HR / Recruitment,UNKNOWN,,,hr_recruitment,,Redditch (1)
Event Operations Project Director,1,Other / Unclassified,UNKNOWN,,,,,Not Specified (1)
Senior Finance Manager (Financial Reporting),1,Professional Finance / Accountancy,UNKNOWN,,,finance_accounts,,Wirral (1)
Head of Compliance & COLP,1,Other / Unclassified,UNKNOWN,,,,,Not Specified (1)
Cash Prime Brokerage - Equity Middle Office,1,Other / Unclassified,UNKNOWN,,,admin_service,,Not Specified (1)
"Team Lead, UK",1,Other / Unclassified,UNKNOWN,,,,,Bootle (1)
Interim Marketing and Communications Manager,1,Marketing / Digital / Creative,UNKNOWN,,,,,Liverpool (1)
Temp HR Coordinator - Media,1,HR / Recruitment,UNKNOWN,,,admin_service; hr_recruitment,,Ealing (1)
Tax Manager Big4 - Banking & Capital Markets,1,Professional Finance / Accountancy,UNKNOWN,,,,,Not Specified (1)
Senior Tax Manager - Banking Capital Markets,1,Professional Finance / Accountancy,UNKNOWN,,,,,Not Specified (1)
GEO and Social Listening Consultant,1,Other / Unclassified,UNKNOWN,,,,,Not Specified (1)
HRBP - SME,1,Other / Unclassified,UNKNOWN,,,,,Not Specified (1)
P2P Specialist,1,Other / Unclassified,UNKNOWN,,,,,Manchester (1)
Service Advisor - Volkswagen Shrewsbury,1,Admin / Customer Service,UNKNOWN,,,customer_service_contact_centre,,Shrewsbury (1)
Legal Claim Handler,1,Legal / Conveyancing,UNKNOWN,,,,,Hertford (1)
Senior Payroll Officer,1,Professional Finance / Accountancy,UNKNOWN,,,admin_service; finance_accounts,,Preston (1)
Marketing Specialist - Paid Social & Content (Remote),1,Marketing / Digital / Creative,UNKNOWN,,,,,Liverpool (1)
Credit & Risk Analyst,1,Other / Unclassified,UNKNOWN,,,,,Leicester (1)
Legal Assistant / Paralegal,1,Legal / Conveyancing,UNKNOWN,,,,,Barnet (1)
Graduate Legal Opportunity,1,Legal / Conveyancing,UNKNOWN,,,,,Hertford (1)
Experienced Legal Assistant Commercial Property,1,Legal / Conveyancing,UNKNOWN,,,,,Northampton (1)
Temp HR Administrator - initial 8 week project,1,HR / Recruitment,UNKNOWN,,,admin_service; hr_recruitment,,Bath (1)
Marketing Executive (Events & Customer Engagement),1,Marketing / Digital / Creative,UNKNOWN,,,,,Stafford (1)
Band 7 Aseptic Pharmacist,1,Other / Unclassified,UNKNOWN,,,,,Lancaster (1)
Knowledge Director - Head of Corporate Transactions & Advisory,1,Other / Unclassified,UNKNOWN,,,,,Not Specified (1)
Compliance Officer - File Checker,1,Other / Unclassified,UNKNOWN,,,admin_service,,Edinburgh (1)
MLOps Engineer,1,Engineering / Technical,UNKNOWN,,,,,Not Specified (1)
Production & Packing Operative,1,Other / Unclassified,UNKNOWN,,,,,Horsham (1)
SIPP & SSAS Buisness Development Manager,1,Other / Unclassified,UNKNOWN,,,,,Not Specified (1)
Warehouse Operatives (Day Shift - Ad Hoc),1,Driving / Warehouse / Logistics,UNKNOWN,,,warehouse_logistics,,Skelmersdale (1)
Property Accounts Administrator,1,Professional Finance / Accountancy,UNKNOWN,,,admin_service; finance_accounts,,Leeds (1)
Balance Sheet and Finance Process Accountant (6-month FTC),1,Professional Finance / Accountancy,UNKNOWN,,,finance_accounts,,Not Specified (1)
Estates and Health & Safety Officer,1,Other / Unclassified,UNKNOWN,,,admin_service,,Salisbury (1)
Warehouse Operative - Counterbalance FLT Driver,1,Driving / Warehouse / Logistics,UNKNOWN,,,warehouse_logistics,,Mansfield (1)
Financial Analyst Senior - 19486BR,1,Other / Unclassified,UNKNOWN,,,,,Havant (1)
Compound Driver,1,Driving / Warehouse / Logistics,UNKNOWN,,,,,Grimsby (1)
Family Legal Secretary,1,Legal / Conveyancing,UNKNOWN,,,admin_service,,Newbury (1)
Democratic Services Team Leader,1,Other / Unclassified,UNKNOWN,,,,,Not Specified (1)
Graduate Risk Analyst,1,Other / Unclassified,UNKNOWN,,,,,Leeds (1)
UAV Pilot / Drone Operator,1,Other / Unclassified,UNKNOWN,,,,,Not Specified (1)
Finance Manager - Ecommerce,1,Professional Finance / Accountancy,UNKNOWN,,,finance_accounts,,Heywood (1)
Conveyancing Fee Earner - Top Quality Work - New Firm,1,Legal / Conveyancing,UNKNOWN,,,,,Accrington (1)
"Managing Associate Family Solicitor - Manchester - &;80,000 + Excellent Benefits",1,Legal / Conveyancing,UNKNOWN,,,,,Not Specified (1)
"Conveyancing Fee Earner - 6-Month Fixed-Term Contract Mostly Remote Manchester &;45,000",1,Legal / Conveyancing,UNKNOWN,,,,,Not Specified (1)
2 x Credit Controllers (contract to perm),1,Other / Unclassified,UNKNOWN,,,finance_accounts,,Gloucester (1)
London Market Claims Adjuster,1,Other / Unclassified,UNKNOWN,,,,,Leeds (1)
BMW SMART Repair Technician,1,Engineering / Technical,UNKNOWN,,,,,Oldbury (1)
Occupational Health Team Lead,1,Other / Unclassified,UNKNOWN,,,,,Preston (1)
NQ Family Solicitor,1,Legal / Conveyancing,UNKNOWN,,,,,Leicester (1)
Conveyancing Paralegal in Central London,1,Legal / Conveyancing,UNKNOWN,,,,,City Of Westminster (1)
"Finance/Accounts Assistant - Credit Control, Sales Ledger & Purchase Ledger",1,Professional Finance / Accountancy,UNKNOWN,,,finance_accounts,,Northampton (1)
Group HR Advisor,1,HR / Recruitment,UNKNOWN,,,hr_recruitment,,High Wycombe (1)
Interim Accounts Payable Assistant,1,Professional Finance / Accountancy,UNKNOWN,,,finance_accounts,,Cambridge (1)
Court of Protection Solicitor/Legal Executive - Health & Welfare & Property and Finance,1,Legal / Conveyancing,UNKNOWN,,,finance_accounts,,Warwick (1)
Underwriting Support Administrator,1,Admin / Customer Service,UNKNOWN,,,admin_service,,Bedford (1)
Fund Accountant - Private Credit,1,Professional Finance / Accountancy,UNKNOWN,,,,,Not Specified (1)
Private Client Solicitor (NQ),1,Legal / Conveyancing,UNKNOWN,,,,,Calne (1)
Insurance Broker / Account Handler - Remote / Hybrid Options Available,1,Other / Unclassified,UNKNOWN,,,,,Not Specified (1)
Operational Training Manager,1,Other / Unclassified,UNKNOWN,,,,,Bradford (1)
Head of Consultancy (D365 Business Central),1,Other / Unclassified,UNKNOWN,,,,,Not Specified (1)
Interim Group Accountant,1,Professional Finance / Accountancy,UNKNOWN,,,,,Derby (1)
Credit Controller (US HOURS),1,Other / Unclassified,UNKNOWN,,,finance_accounts,,Leeds (1)
Customer Service Advisors,1,Admin / Customer Service,KNOWN,customer_service_contact_centre:HIGH_CONFIDENCE,customer_service_contact_centre,customer_service_contact_centre,,Truro (1)
Immigration Caseworker,1,Other / Unclassified,UNKNOWN,,,,,City (1)
Marketing and Communications,1,Marketing / Digital / Creative,UNKNOWN,,,,,Maidstone (1)
Self employed Mortgage Broker - All leads HYBRID,1,Financial Advice / Mortgages,UNKNOWN,,,,,Barnet (1)
Head of Family Department,1,Other / Unclassified,UNKNOWN,,,,,Reading (1)
Head of Finance (Onsite),1,Professional Finance / Accountancy,UNKNOWN,,,finance_accounts,,Letchworth Garden City (1)
IV Therapy Nurse,1,Healthcare / Clinical,UNKNOWN,,,,,Not Specified (1)
Head Of Family,1,Other / Unclassified,UNKNOWN,,,,,Wokingham (1)
Locum Clinical Coding & Data Quality Supervisor,1,Healthcare / Clinical,UNKNOWN,,,,,Not Specified (1)
Private Client Tax Partner,1,Professional Finance / Accountancy,UNKNOWN,,,,,Not Specified (1)
Specialist Occupational Therapist (Band 6),1,Healthcare / Clinical,UNKNOWN,,,,,Coventry (1)
Care Assistant - Domiciliary Care,1,Care / Support Work,UNKNOWN,,,support_worker,,Maidenhead (1)
Subsidence Engineer,1,Engineering / Technical,UNKNOWN,,,,,Manchester (1)
TMT Audit Partner,1,Professional Finance / Accountancy,UNKNOWN,,,,,Not Specified (1)
Family Paralegal ( Part time/ School Hours),1,Education / Teaching,UNKNOWN,,,,,Chippenham (1)
Industrial Disease Paralegal,1,Legal / Conveyancing,UNKNOWN,,,,,Blackburn (1)
Paralegal - Conveyancing - Residential,1,Legal / Conveyancing,UNKNOWN,,,,,Blackburn (1)
Pre Litigation Fee Earner,1,Legal / Conveyancing,UNKNOWN,,,,,Preston (1)
Legal Accounts Manager,1,Legal / Conveyancing,UNKNOWN,,,finance_accounts,,Blackburn (1)
BMW and MINI Accessories Sales Expert,1,Sales / Business Development,UNKNOWN,,,,,Tamworth (1)
(Senior) Underwriter - Upstream/Midstream Energy,1,Other / Unclassified,UNKNOWN,,,,,Not Specified (1)
Brand Marketing Assistant,1,Marketing / Digital / Creative,UNKNOWN,,,,,Guildford (1)
Sales Executive - MINI Colchester,1,Sales / Business Development,UNKNOWN,,,,,Colchester (1)
Finance Manager - ERP experience,1,Professional Finance / Accountancy,UNKNOWN,,,finance_accounts,,Not Specified (1)
Management Accountant - Part Qualified/Finalist,1,Professional Finance / Accountancy,UNKNOWN,,,,,Sale (1)
Rolls-Royce Aftersales Manager,1,Other / Unclassified,UNKNOWN,,,,,Ascot (1)
Litigation Solicitor or Legal Executive,1,Legal / Conveyancing,UNKNOWN,,,,,Leamington Spa (1)
"Agricultural, Rural Property and Estates Paralegal / Legal Secretary",1,Legal / Conveyancing,UNKNOWN,,,admin_service,,Northampton (1)
BMW Alloy Wheel Repair Technician,1,Engineering / Technical,UNKNOWN,,,,,Oldbury (1)
HR Operations - Hi Bob Essential,1,HR / Recruitment,UNKNOWN,,,hr_recruitment,,Not Specified (1)
Paraplanner - 2 days in office,1,Financial Advice / Mortgages,UNKNOWN,,,admin_service,,Bath (1)
"HR Advisor, Maternity Cover",1,HR / Recruitment,UNKNOWN,,,hr_recruitment,,Not Specified (1)
Tenancy Administrator,1,Admin / Customer Service,UNKNOWN,,,admin_service,,Uxbridge (1)
Plumbing & Gas Trainer Assessor,1,Other / Unclassified,UNKNOWN,,,,,Cambridge (1)
BMW Used Sales Executive,1,Sales / Business Development,UNKNOWN,,,,,Oldbury (1)
MINI Brand Manager,1,Marketing / Digital / Creative,UNKNOWN,,,,,Not Specified (1)
Corporate/Mixed Tax Senior Manager,1,Professional Finance / Accountancy,UNKNOWN,,,,,Exeter (1)
Immunisation Nurse - Canterbury,1,Healthcare / Clinical,UNKNOWN,,,,,Canterbury (1)
Legal PA / Leading US firm / Finance / &;55k & 3:2 hybrid!,1,Legal / Conveyancing,UNKNOWN,,,finance_accounts,,Not Specified (1)
Accounts Team Manager,1,Professional Finance / Accountancy,UNKNOWN,,,finance_accounts,,Guildford (1)
Finance Business Partner - 2 days WFH,1,Professional Finance / Accountancy,UNKNOWN,,,finance_accounts,,Chester (1)
Fund Accounting Data Migration - Contract,1,Other / Unclassified,UNKNOWN,,,finance_accounts,,Not Specified (1)
Legal PA - International law firm - &;55k - Hybrid 3:2,1,Legal / Conveyancing,UNKNOWN,,,,,Not Specified (1)
Inventory Manager,1,Other / Unclassified,UNKNOWN,,,,,Chesterfield (1)
Group Senior Financial Accountant Entertainment Industry,1,Professional Finance / Accountancy,UNKNOWN,,,,,Woking (1)
Associate Project Manager - Events,1,Operations / General Management,UNKNOWN,,,,,Bourne End (1)
Band 6 Haematology and Morphology Biomedical Scientist (BMS) Locum Glasgow,1,Science / Laboratory,UNKNOWN,,,,,Glasgow (1)
Junior Legal Cashier,1,Legal / Conveyancing,UNKNOWN,,,,,Leicester (1)
FX Junior Broker,1,Other / Unclassified,UNKNOWN,,,,,Brentwood (1)
Assistant Financial Controller,1,Professional Finance / Accountancy,UNKNOWN,,,,,Manchester (1)
HR & Professional Development Manager,1,HR / Recruitment,UNKNOWN,,,hr_recruitment,,Not Specified (1)
Audit Senior - Banbury,1,Professional Finance / Accountancy,UNKNOWN,,,,,Banbury (1)
Jaguar Land Rover Vehicle Technician,1,Engineering / Technical,UNKNOWN,,,,,Coventry (1)
Therapeutic Radiographer,1,Other / Unclassified,KNOWN,admin_service:OUT_OF_SCOPE,,,,Poole (1)
Vascular Scientist,1,Science / Laboratory,UNKNOWN,,,,,Bournemouth (1)
Customer Experience Advisor,1,Other / Unclassified,KNOWN,customer_service_contact_centre:HIGH_CONFIDENCE,customer_service_contact_centre,,,Not Specified (1)
Part-Time Management Accountant,1,Professional Finance / Accountancy,UNKNOWN,,,,,Truro (1)
People Business Partner Field based North West and North East,1,Other / Unclassified,UNKNOWN,,,,,Derby (1)
Amazon PPC Executive,1,Marketing / Digital / Creative,UNKNOWN,,,,,Milton Keynes (1)
"Operations, Compliance & Projects Manager",1,Other / Unclassified,UNKNOWN,,,,,Guildford (1)
Senior Director - Transfer Pricing,1,Other / Unclassified,UNKNOWN,,,,,Manchester (1)
Partnership Operations Senior Manager / Director,1,Other / Unclassified,UNKNOWN,,,,,Not Specified (1)
Group Health & Wellbeing Services Lead,1,Other / Unclassified,UNKNOWN,,,,,Warwick (1)
Revenue Management Analyst,1,Other / Unclassified,UNKNOWN,,,,,Not Specified (1)
Commercial Real Estate Finance Broker,1,Professional Finance / Accountancy,UNKNOWN,,,finance_accounts,,Not Specified (1)
Protection Broker,1,Other / Unclassified,UNKNOWN,,,,,Not Specified (1)
Senior Executive / Junior Account Manager - Events & Ticketing,1,Sales / Business Development,UNKNOWN,,,,,Not Specified (1)
IFA Client Administrator,1,Financial Advice / Mortgages,UNKNOWN,,,admin_service,,Barnet (1)
Financial Contoller - Hybrid,1,Other / Unclassified,UNKNOWN,,,,,Not Specified (1)
Temporary Finance Officer,1,Professional Finance / Accountancy,UNKNOWN,,,admin_service; finance_accounts,,Tenterden (1)
New Car Sales Executive,1,Sales / Business Development,UNKNOWN,,,,,Brentford (1)
Manager - Accounting Services,1,Other / Unclassified,UNKNOWN,,,finance_accounts,,Not Specified (1)
Payroll Finance Co-ordinator,1,Professional Finance / Accountancy,UNKNOWN,,,finance_accounts,,Grays (1)
Finance Delivery & Operations Manager,1,Professional Finance / Accountancy,UNKNOWN,,,finance_accounts,,Canterbury (1)
Commercial Property Lawyer,1,Legal / Conveyancing,UNKNOWN,,,,,Nottingham (1)
Team Manager - Insurance,1,Other / Unclassified,UNKNOWN,,,,,Maidstone (1)
Legal Secretary - Conveyancing,1,Legal / Conveyancing,UNKNOWN,,,admin_service,,Whitstable (1)
Lead Senior Legal Cashier,1,Legal / Conveyancing,UNKNOWN,,,,,Not Specified (1)
"Senior Health care assistant - Leeds, Bradford, Huddersfield, Halifax",1,Care / Support Work,UNKNOWN,,,support_worker,,Leeds (1)
Remote Court of Protection Solicitor,1,Legal / Conveyancing,UNKNOWN,,,,,Bournemouth (1)
Estimator,1,Construction / Trades / Property,UNKNOWN,,,,,Stockport (1)
Deputy Director of Finance,1,Professional Finance / Accountancy,UNKNOWN,,,finance_accounts,,Leeds (1)
Oncology Pharmacist (on site),1,Other / Unclassified,UNKNOWN,,,,,Not Specified (1)
Wills & Probate Lawyer,1,Legal / Conveyancing,UNKNOWN,,,,,Nottingham (1)
Investigating Officer,1,Other / Unclassified,UNKNOWN,,,admin_service,,Not Specified (1)
Aftersales Manager - Automotive,1,Other / Unclassified,UNKNOWN,,,,,Hounslow (1)
Financial Risk Manager,1,Other / Unclassified,UNKNOWN,,,,,Not Specified (1)
HGV Mechanic - Trailers,1,Engineering / Technical,UNKNOWN,,,,,Felixstowe (1)
Money Laundering Reporting Officer (MLRO),1,Other / Unclassified,UNKNOWN,,,admin_service,,Not Specified (1)
Property Assistant,1,Other / Unclassified,UNKNOWN,,,,,Brent (1)
Organisational Development Partner,1,Other / Unclassified,UNKNOWN,,,,,Bexleyheath (1)
"Private Client Solicitor Top 50 UK Firm, No Targets & Strong Progression Path",1,Legal / Conveyancing,UNKNOWN,,,,,Barnet (1)
Corporate Administrator,1,Admin / Customer Service,KNOWN,admin_service:HIGH_CONFIDENCE,admin_service,admin_service,,Stevenage (1)
IT Internal Auditor,1,Professional Finance / Accountancy,UNKNOWN,,,,,Not Specified (1)
IP Administrator (Trade Marks) - London,1,Admin / Customer Service,UNKNOWN,,,admin_service,,Not Specified (1)
Senior IT Internal Auditor,1,Professional Finance / Accountancy,UNKNOWN,,,,,Not Specified (1)
Tax Director/Partner,1,Professional Finance / Accountancy,UNKNOWN,,,,,Altrincham (1)
Indirect Tax Senior Manager,1,Professional Finance / Accountancy,UNKNOWN,,,,,Manchester (1)
Assistant Clinical Psychologist,1,Healthcare / Clinical,UNKNOWN,,,,,Ipswich (1)
HNW Mortgage Broker,1,Financial Advice / Mortgages,UNKNOWN,,,,,Amersham (1)
Senior Associate Commercial Property,1,Other / Unclassified,UNKNOWN,,,,,Guildford (1)
Commercial Property Associate Solicitor,1,Legal / Conveyancing,UNKNOWN,,,,,Guildford (1)
Salaried Partner - Commercial Property,1,Other / Unclassified,UNKNOWN,,,,,Guildford (1)
Senior Mortgage Administrator,1,Financial Advice / Mortgages,UNKNOWN,,,admin_service,,Not Specified (1)
Probate Lawyer,1,Legal / Conveyancing,UNKNOWN,,,,,Bishop's Stortford (1)
Investment Portfolio Manager. Public Equities. Cyprus/London,1,Other / Unclassified,UNKNOWN,,,,,Not Specified (1)
Finance Administrator - 1 Day per week,1,Professional Finance / Accountancy,UNKNOWN,,,admin_service; finance_accounts,,Not Specified (1)
Experienced Senior Accountant,1,Professional Finance / Accountancy,UNKNOWN,,,,,Coventry (1)
Finance Officer - Accounts Receivable,1,Professional Finance / Accountancy,UNKNOWN,,,admin_service; finance_accounts,,Morden (1)
Band 7 Pharmacist,1,Other / Unclassified,KNOWN,admin_service:OUT_OF_SCOPE,,,,Not Specified (1)
Assistant Accountant - FTC,1,Professional Finance / Accountancy,UNKNOWN,,,,,Guildford (1)
Financial Controller - progression to Finance Director,1,Professional Finance / Accountancy,UNKNOWN,,,finance_accounts,,Not Specified (1)
Personal Tax,1,Other / Unclassified,UNKNOWN,,,,,Darlington (1)
Management Accountant (Fixed Term Contract),1,Professional Finance / Accountancy,UNKNOWN,,,,,Newry (1)
Protection Insurance Sales Manager,1,Sales / Business Development,UNKNOWN,,,,,Not Specified (1)
Temp Credit Controller,1,Other / Unclassified,UNKNOWN,,,finance_accounts,,Lincoln (1)
Reconciliation Clerk,1,Other / Unclassified,UNKNOWN,,,,,Haywards Heath (1)
Senior Group Financial Accountant,1,Professional Finance / Accountancy,UNKNOWN,,,,,Woking (1)
HRA Accountant,1,Professional Finance / Accountancy,UNKNOWN,,,,,Not Specified (1)
Mercedes-Benz Service Consultant,1,Other / Unclassified,UNKNOWN,,,,,Not Specified (1)
Paid Search Manager,1,Other / Unclassified,UNKNOWN,,,,,Not Specified (1)
Accounts Assistant - Purchase Ledger & Credit Control,1,Professional Finance / Accountancy,UNKNOWN,,,finance_accounts,,Manchester (1)
Senior Client Accountant,1,Professional Finance / Accountancy,UNKNOWN,,,,,Harrow (1)
Finance Manager (part time),1,Professional Finance / Accountancy,UNKNOWN,,,finance_accounts,,Kidlington (1)
Senior Administrator - Restructuring Advisory,1,Admin / Customer Service,UNKNOWN,,,admin_service,,Brentwood (1)
Administrator - Restructuring Advisory,1,Admin / Customer Service,UNKNOWN,,,admin_service,,Brentwood (1)
Head of Performance Marketing,1,Marketing / Digital / Creative,UNKNOWN,,,,,Not Specified (1)
Digital Creative Strategist,1,Marketing / Digital / Creative,UNKNOWN,,,,,Not Specified (1)
Breakdown Technician,1,Engineering / Technical,UNKNOWN,,,,,Glasgow (1)
Group Reporting Accountant,1,Professional Finance / Accountancy,UNKNOWN,,,,,Not Specified (1)
Temporary Credit Controller,1,Other / Unclassified,UNKNOWN,,,finance_accounts,,Uxbridge (1)
Finance & Operations Manager,1,Professional Finance / Accountancy,UNKNOWN,,,finance_accounts,,Not Specified (1)
BMW SMART Technician,1,Engineering / Technical,UNKNOWN,,,,,Not Specified (1)
"Health care assistant - Leeds, Bradford, Halifax, Huddersfiled",1,Care / Support Work,UNKNOWN,,,support_worker,,Leeds (1)
Tax Analyst,1,Professional Finance / Accountancy,UNKNOWN,,,,,Not Specified (1)
Construction Partner,1,Construction / Trades / Property,UNKNOWN,,,,,Manchester (1)
Accounts Executive,1,Professional Finance / Accountancy,UNKNOWN,,,finance_accounts,,Cheltenham (1)
Audit Manager (Mandarin Speaking),1,Professional Finance / Accountancy,UNKNOWN,,,,,Not Specified (1)
Head of Events,1,Other / Unclassified,UNKNOWN,,,,,Chippenham (1)
Temporary Finance Assistant - Treasury and Cash Management,1,Professional Finance / Accountancy,UNKNOWN,,,finance_accounts,,Not Specified (1)
Corporate/Commercial Legal Secretary/Assistant - York,1,Legal / Conveyancing,UNKNOWN,,,admin_service,,York (1)
HR Service Centre Manager,1,HR / Recruitment,UNKNOWN,,,hr_recruitment,,Manchester (1)
BMW MOT Tester,1,Other / Unclassified,UNKNOWN,,,,,Swansea (1)
Senior Project Accountant,1,Professional Finance / Accountancy,UNKNOWN,,,,,Chester (1)
Self-Employed Mortgage and Protection Adviser,1,Financial Advice / Mortgages,UNKNOWN,,,,,Reigate (1)
Motorcycle Technician,1,Engineering / Technical,UNKNOWN,,,,,Abingdon (1)
Corporate Lawyer: Partner Appointment,1,Legal / Conveyancing,UNKNOWN,,,,,Liverpool (1)
Plumbing & Gas Trainer/Assessor,1,Other / Unclassified,UNKNOWN,,,,,Doncaster (1)
DUA Specialist,1,Other / Unclassified,UNKNOWN,,,,,Not Specified (1)
Telematics Engineer (North West),1,Engineering / Technical,UNKNOWN,,,,,Not Specified (1)
Customer Platform Support and Implementation,1,Other / Unclassified,UNKNOWN,,,,,Market Harborough (1)
TEMP - Warehouse Operative,1,Driving / Warehouse / Logistics,UNKNOWN,,,warehouse_logistics,,Bishop's Stortford (1)
In-House Litigation Solicitor - NQ-2PQE,1,Legal / Conveyancing,UNKNOWN,,,,,Leeds (1)
HR Change Consultant,1,HR / Recruitment,UNKNOWN,,,hr_recruitment,,King's Lynn (1)
Part time Credit Controller,1,Other / Unclassified,UNKNOWN,,,finance_accounts,,Blackburn (1)
Private Client Tax Manager OMB,1,Professional Finance / Accountancy,UNKNOWN,,,,,Not Specified (1)
GP - Lifestyle Medicine,1,Other / Unclassified,UNKNOWN,,,,,Not Specified (1)
Tax & Accounts Manager,1,Professional Finance / Accountancy,UNKNOWN,,,finance_accounts,,Hailsham (1)
Legal Claims Advisor,1,Legal / Conveyancing,UNKNOWN,,,,,Huddersfield (1)
Part-time FP&A Manager,1,Other / Unclassified,UNKNOWN,,,,,Not Specified (1)
Accounts & Tax Director,1,Professional Finance / Accountancy,UNKNOWN,,,finance_accounts,,Sittingbourne (1)
Not for Profit Senior Tax Manager,1,Professional Finance / Accountancy,UNKNOWN,,,,,Not Specified (1)
Business Tax Manager,1,Professional Finance / Accountancy,UNKNOWN,,,,,Tunbridge Wells (1)
Executive Support and Correspondence Officer,1,Other / Unclassified,UNKNOWN,,,admin_service,,Manchester (1)
Junior Accounts Receivable Assistant,1,Professional Finance / Accountancy,UNKNOWN,,,finance_accounts,,Aylesbury (1)
Senior Purchase Ledger Clerk,1,Professional Finance / Accountancy,UNKNOWN,,,finance_accounts,,Chester (1)
Corporate Tax Assistant Director,1,Professional Finance / Accountancy,UNKNOWN,,,,,Guildford (1)
Accounts Administrator (6 month temp),1,Professional Finance / Accountancy,UNKNOWN,,,admin_service; finance_accounts,,Ormskirk (1)
Bank Mental Health Nurse (RMN),1,Healthcare / Clinical,KNOWN,admin_service:HARD_PASS,,,,City (1)
Corporate Tax Executive,1,Professional Finance / Accountancy,UNKNOWN,,,,,Not Specified (1)
Warehouse Team Member,1,Driving / Warehouse / Logistics,UNKNOWN,,,warehouse_logistics,,Barrow-in-furness (1)
Accounts Assistant - Looking for Your Next Step in Practice Accounting?,1,Professional Finance / Accountancy,UNKNOWN,,,finance_accounts,,Colchester (1)
Commercial Finance Lead - Revenue,1,Professional Finance / Accountancy,UNKNOWN,,,finance_accounts,,Uxbridge (1)
Senior Analyst,1,Other / Unclassified,UNKNOWN,,,,,Not Specified (1)
Digital Specialist,1,Marketing / Digital / Creative,UNKNOWN,,,,,Newcastle Upon Tyne (1)
Full Remote Credit Controller - Language Speaking,1,Other / Unclassified,UNKNOWN,,,finance_accounts,,Not Specified (1)
Solution Architect (Bloomreach SME),1,IT / Data / Software,UNKNOWN,,,,,Not Specified (1)
"Senior Legal Administrator - Up to &;35,000",1,Legal / Conveyancing,UNKNOWN,,,admin_service,,Leeds (1)
"Senior Payroll Manager, Home-Based / Hybrid",1,Professional Finance / Accountancy,UNKNOWN,,,finance_accounts,,Warrington (1)
Conference Producer - International Summits,1,Other / Unclassified,UNKNOWN,,,,,Not Specified (1)
Client Manager - General Practice,1,Other / Unclassified,UNKNOWN,,,,,Warrington (1)
Graduate Social Media Executive,1,Marketing / Digital / Creative,UNKNOWN,,,,,Epsom (1)
Interim Head of Tax,1,Other / Unclassified,UNKNOWN,,,,,Not Specified (1)
Corporate Tax; Senior Manager or Manager,1,Other / Unclassified,UNKNOWN,,,,,Norwich (1)
Accounts Assistant / Bookkeeper,1,Professional Finance / Accountancy,UNKNOWN,,,finance_accounts,,Liverpool (1)
Conference Producer - International B2B Conferences,1,Other / Unclassified,UNKNOWN,,,,,Not Specified (1)
Credit Controller - ASAP START,1,Other / Unclassified,UNKNOWN,,,finance_accounts,,Not Specified (1)
HR and Recruitment Manager,1,HR / Recruitment,UNKNOWN,,,hr_recruitment,,Not Specified (1)
Interim Head of Finance: Close Down,1,Professional Finance / Accountancy,UNKNOWN,,,finance_accounts,,Not Specified (1)
Senior Legal Counsel (6-month FTC),1,Legal / Conveyancing,UNKNOWN,,,,,Not Specified (1)
Residential Sales Manager,1,Sales / Business Development,UNKNOWN,,,,,Bath (1)
Financial Accounting Manager / Financial Controller,1,Professional Finance / Accountancy,UNKNOWN,,,finance_accounts,,Tamworth (1)
Legal Counsel (6-month FTC),1,Legal / Conveyancing,UNKNOWN,,,,,Not Specified (1)
PR Assistant,1,Other / Unclassified,UNKNOWN,,,,,Not Specified (1)
Assistant Business Assurance Manager,1,Other / Unclassified,UNKNOWN,,,,,Stratford-upon-avon (1)
Audit Manager - Mandarin Speaking,1,Professional Finance / Accountancy,UNKNOWN,,,,,City Of Westminster (1)
Language Speaking Credit Controller - Fully remote,1,Other / Unclassified,UNKNOWN,,,finance_accounts,,Edinburgh (1)
Part-Time Accounts Assistant for Yorkshire Design Group,1,Professional Finance / Accountancy,UNKNOWN,,,finance_accounts,,Leeds (1)
Revenue Manager,1,Other / Unclassified,UNKNOWN,,,,,Not Specified (1)
Assistant Director - Head of Finance & Operations,1,Professional Finance / Accountancy,UNKNOWN,,,finance_accounts,,Not Specified (1)
Band 6 Pharmacy Techncian,1,Other / Unclassified,UNKNOWN,,,,,Luton (1)
UI Designer,1,Marketing / Digital / Creative,UNKNOWN,,,,,Cheltenham (1)
Network Operations Manager (Automotive OEM Experience Mandatory),1,Operations / General Management,UNKNOWN,,,,,Not Specified (1)
Head of Legal - Insolvency,1,Legal / Conveyancing,UNKNOWN,,,,,Not Specified (1)
Sales Executive - Geely Watford,1,Sales / Business Development,UNKNOWN,,,,,Watford (1)
HR Advisor / Administrator,1,HR / Recruitment,UNKNOWN,,,admin_service; hr_recruitment,,Weybridge (1)
Band 5 Pharmacy Technician (MMT),1,Engineering / Technical,UNKNOWN,,,,,Not Specified (1)
Interim Senior Management Accountant,1,Professional Finance / Accountancy,UNKNOWN,,,,,Fareham (1)
"Clinical Negligence Solicitor - NQ-10 PQE - Hybrid - &;50,000-&;75,000+ DOE",1,Healthcare / Clinical,UNKNOWN,,,,,Cambridge (1)
Financial Reporting - Senior Manager,1,Other / Unclassified,UNKNOWN,,,,,Coventry (1)
Digital Paid Media Executive,1,Marketing / Digital / Creative,UNKNOWN,,,,,Derby (1)
Tax Senior / Assistant Manager- Practice,1,Professional Finance / Accountancy,UNKNOWN,,,,,Leeds (1)
Finance Trainee,1,Professional Finance / Accountancy,UNKNOWN,,,finance_accounts,,Norwich (1)
Construction Adjusting Head,1,Construction / Trades / Property,UNKNOWN,,,,,Not Specified (1)
Major Loss Adjusters,1,Other / Unclassified,UNKNOWN,,,,,Not Specified (1)
Clinical Community Nurse Manager - Bermuda Relocation,1,Healthcare / Clinical,UNKNOWN,,,,,Not Specified (1)
Construction Solicitor NQ+,1,Legal / Conveyancing,UNKNOWN,,,,,Not Specified (1)
Billings Clerk,1,Other / Unclassified,UNKNOWN,,,finance_accounts,,Feltham (1)
Liability Adjuster,1,Other / Unclassified,UNKNOWN,,,,,Not Specified (1)
Senior Knowledge Lawyer- Financial Services Regulation- 12 month FTC,1,Legal / Conveyancing,UNKNOWN,,,,,Not Specified (1)
Workday Functional Consultant,1,Other / Unclassified,UNKNOWN,,,,,Not Specified (1)
Senior Data Analyst,1,IT / Data / Software,UNKNOWN,,,,,Not Specified (1)
Billing and Credit Control Supervisor,1,Professional Finance / Accountancy,UNKNOWN,,,finance_accounts,,Reading (1)
Finance Assistant with AAT Study Support,1,Professional Finance / Accountancy,UNKNOWN,,,finance_accounts,,Bradford (1)
Senior Associate - Corporate Law Solicitor,1,Legal / Conveyancing,UNKNOWN,,,,,Guildford (1)
Assistant Manager - Restructuring Advisory,1,Other / Unclassified,UNKNOWN,,,,,Brentwood (1)
Finance Manager (Revenue & Billing),1,Professional Finance / Accountancy,UNKNOWN,,,finance_accounts,,Not Specified (1)
Accounts Payable Senior,1,Professional Finance / Accountancy,UNKNOWN,,,finance_accounts,,Stockport (1)
Business Insights Manager,1,Other / Unclassified,UNKNOWN,,,,,Reading (1)
Associate Solicitor - Pensions,1,Legal / Conveyancing,UNKNOWN,,,,,Guildford (1)
Trainee Vehicle Recovery & Transport Driver,1,Driving / Warehouse / Logistics,UNKNOWN,,,,,Perth (1)
Vehicle Technician - Ashford,1,Engineering / Technical,UNKNOWN,,,,,Ashford (1)
Part-time Payroll Assistant,1,Professional Finance / Accountancy,UNKNOWN,,,finance_accounts,,Doncaster (1)
Financial Lines Claims Manager,1,Other / Unclassified,UNKNOWN,,,,,Not Specified (1)
Part Time Finance & Administration Manager,1,Professional Finance / Accountancy,UNKNOWN,,,admin_service; finance_accounts,,Gloucester (1)
Associate Solicitor - Tax,1,Legal / Conveyancing,UNKNOWN,,,,,Guildford (1)
Transaction Manager,1,Other / Unclassified,UNKNOWN,,,,,Eastbourne (1)
Family Lawyer - Children & Domestic Abuse (Permanent),1,Legal / Conveyancing,UNKNOWN,,,,,Not Specified (1)
Underwriting Operations Assistant FTC,1,Other / Unclassified,UNKNOWN,,,,,Not Specified (1)
Reception & Clinic Administrator,1,Admin / Customer Service,UNKNOWN,,,admin_service,,Walton-on-thames (1)
Accounts Payable Assistant - Temporary,1,Professional Finance / Accountancy,UNKNOWN,,,finance_accounts,,Milton Keynes (1)
Semi-Skilled Aircraft Fitter,1,Engineering / Technical,UNKNOWN,,,,,Not Specified (1)
Sales Administrator- Central London,1,Sales / Business Development,UNKNOWN,,,admin_service,,Not Specified (1)
Delegated Underwriting Authority Specialist,1,Other / Unclassified,UNKNOWN,,,,,Not Specified (1)
Complaints Handler,1,Admin / Customer Service,KNOWN,customer_service_contact_centre:HIGH_CONFIDENCE,customer_service_contact_centre,customer_service_contact_centre,,Not Specified (1)
Senior Complaints Specialist,1,Admin / Customer Service,UNKNOWN,,,customer_service_contact_centre,,Not Specified (1)
Mortgage Administrator Horsham,1,Financial Advice / Mortgages,UNKNOWN,,,admin_service,,Horsham (1)
Warehouse & Goods In Operative,1,Driving / Warehouse / Logistics,UNKNOWN,,,warehouse_logistics,,Stevenage (1)
Jaguar Land Rover Alloy Wheel Repair Technician,1,Engineering / Technical,UNKNOWN,,,,,Northampton (1)
AUDIT & COMPLIANCE,1,Other / Unclassified,UNKNOWN,,,,,Hemel Hempstead (1)
Associate (Pensions) - Surrey,1,Other / Unclassified,UNKNOWN,,,,,Not Specified (1)
Financial Reporting Accountant (Renewable Energy),1,Professional Finance / Accountancy,UNKNOWN,,,,,Not Specified (1)
Credit Control - interim,1,Professional Finance / Accountancy,UNKNOWN,,,finance_accounts,,Leicester (1)
Implementation Lead,1,Other / Unclassified,UNKNOWN,,,,,Not Specified (1)
Cloud Bookkeeper,1,IT / Data / Software,UNKNOWN,,,finance_accounts,,Keighley (1)
Temporary Events Officer,1,Other / Unclassified,UNKNOWN,,,admin_service,,Not Specified (1)
Insolvency and Corporate Recovery Solicitor,1,Legal / Conveyancing,UNKNOWN,,,,,Manchester (1)
Part Time Accounts Administrator,1,Professional Finance / Accountancy,UNKNOWN,,,admin_service; finance_accounts,,Gloucester (1)
Credit Controller - Commercial Lending,1,Other / Unclassified,UNKNOWN,,,finance_accounts,,Not Specified (1)
Medical Events Project Co-ordinator,1,Healthcare / Clinical,UNKNOWN,,,,,Bourne End (1)
European Credit Control Manager,1,Professional Finance / Accountancy,UNKNOWN,,,finance_accounts,,Basingstoke (1)
F-Gas Trainer & Assessor (Full Training Provided),1,Other / Unclassified,UNKNOWN,,,,,Not Specified (1)
Electrical Installations Trainer / Assessor,1,Engineering / Technical,UNKNOWN,,,,,Not Specified (1)
Email Marketing Manager,1,Marketing / Digital / Creative,UNKNOWN,,,,,Pitlochry (1)
Barrister/Solicitor Advocate,1,Legal / Conveyancing,UNKNOWN,,,,,Manchester (1)
Credit Control Assistant,1,Professional Finance / Accountancy,UNKNOWN,,,finance_accounts,,Southend-on-sea (1)
"NQ-2 PQE Associate (Projects, Development, & Construction) - London Law Firm",1,Construction / Trades / Property,UNKNOWN,,,,,Not Specified (1)
Associate Solicitor (Tax) - Guildford,1,Legal / Conveyancing,UNKNOWN,,,,,Guildford (1)
Senior Account Manager - Creator Growth,1,Sales / Business Development,UNKNOWN,,,,,Not Specified (1)
Bentley Sales Executive,1,Sales / Business Development,UNKNOWN,,,,,Leicester (1)
Semi Senior Accountant - HYBRID working,1,Professional Finance / Accountancy,UNKNOWN,,,,,Ellesmere Port (1)
Accounts Assistant - Temporary,1,Professional Finance / Accountancy,UNKNOWN,,,finance_accounts,,Southampton (1)
File Handler - Military Deafness,1,Other / Unclassified,UNKNOWN,,,,,Not Specified (1)
Conveyancing Solicitor - Residential- Bristol Based,1,Legal / Conveyancing,UNKNOWN,,,,,Gloucester (1)
Senior Accountant - HYBRID working,1,Professional Finance / Accountancy,UNKNOWN,,,,,Ellesmere Port (1)
Home Manager - Neurorehabilitation Setting,1,Other / Unclassified,UNKNOWN,,,,,Chesterfield (1)
Part Time Finance Controller,1,Professional Finance / Accountancy,UNKNOWN,,,finance_accounts,,Bath (1)
Accounts & Operations Assistant,1,Professional Finance / Accountancy,UNKNOWN,,,finance_accounts,,Barnet (1)
HGV Mechanic / HGV Technician,1,Engineering / Technical,UNKNOWN,,,,,Grangemouth (1)
Group Finance Manager (Infrastructure),1,Professional Finance / Accountancy,UNKNOWN,,,finance_accounts,,Not Specified (1)
Part Time Clinical Assistant,1,Healthcare / Clinical,UNKNOWN,,,,,Horley (1)
Care Home Clinical Lead RGN/RMN,1,Healthcare / Clinical,KNOWN,admin_service:OUT_OF_SCOPE,,,,Eastbourne (1)
Automotive Repair Quality Specialist,1,Other / Unclassified,UNKNOWN,,,,,Milton Keynes (1)
Clinical Coding & Data Quality Supervisor,1,Healthcare / Clinical,UNKNOWN,,,,,South Croydon (1)
Family Law Associate,1,Other / Unclassified,UNKNOWN,,,,,Alfreton (1)
Accounts Payable (Language speaker from Nordic regions),1,Professional Finance / Accountancy,UNKNOWN,,,finance_accounts,,Heywood (1)
Subscription CRM Marketing Executive - Hubspot,1,Marketing / Digital / Creative,UNKNOWN,,,,,Not Specified (1)
Practice Accountant - Payroll & Bookkeeping,1,Professional Finance / Accountancy,UNKNOWN,,,finance_accounts,,Not Specified (1)
Forex Funded Trader - Remote,1,Other / Unclassified,UNKNOWN,,,,,Kings Langley (1)
Warehouse Operative - Porsche Distribution Centre (Didcot),1,Driving / Warehouse / Logistics,UNKNOWN,,,warehouse_logistics,,Didcot (1)
Executive Assistant Team Leader,1,Other / Unclassified,UNKNOWN,,,,,Not Specified (1)
Construction Liability Adjuster,1,Construction / Trades / Property,UNKNOWN,,,,,Not Specified (1)
Principal Accountant - Capital,1,Professional Finance / Accountancy,UNKNOWN,,,,,Not Specified (1)
Grants Accountant,1,Professional Finance / Accountancy,UNKNOWN,,,,,Bristol (1)
Interim Part time HR Officer,1,HR / Recruitment,UNKNOWN,,,admin_service; hr_recruitment,,Not Specified (1)
Recruitment Advisor - Brent Council,1,HR / Recruitment,UNKNOWN,,,hr_recruitment,,Not Specified (1)
Finance Regulatory Manager,1,Professional Finance / Accountancy,UNKNOWN,,,finance_accounts,,Glasgow (1)
Credit controler,1,Other / Unclassified,UNKNOWN,,,finance_accounts,,Milton Keynes (1)
Senior HR Consultant (Aberdeen)- Permanent,1,HR / Recruitment,UNKNOWN,,,hr_recruitment,,Aberdeen (1)
BD & Marketing Manager 12m FTC,1,Marketing / Digital / Creative,UNKNOWN,,,,,Not Specified (1)
B2B Campaign Manager,1,Marketing / Digital / Creative,UNKNOWN,,,,,Radstock (1)
Mechanical Fitter,1,Engineering / Technical,UNKNOWN,,,,,Manchester (1)
Software Engineer Consultant,1,IT / Data / Software,UNKNOWN,,,,,Not Specified (1)
People Assistant,1,Other / Unclassified,UNKNOWN,,,hr_recruitment,,Corby (1)
Mobile Body Repair Technician,1,Engineering / Technical,UNKNOWN,,,,,Gloucester (1)
Performance Improvement Specialist,1,Other / Unclassified,UNKNOWN,,,,,Not Specified (1)
Senior Competence & Standards Specialist,1,Other / Unclassified,UNKNOWN,,,,,Not Specified (1)
HR and Onboarding Officer,1,HR / Recruitment,UNKNOWN,,,admin_service; hr_recruitment,,Not Specified (1)
Junior Manager,1,Other / Unclassified,UNKNOWN,,,,,Newton Abbot (1)
Accounts Assistant 12month FTC to Permanent,1,Professional Finance / Accountancy,UNKNOWN,,,finance_accounts,,Horsham (1)
Finance Business Partner - Hybrid,1,Professional Finance / Accountancy,UNKNOWN,,,finance_accounts,,Not Specified (1)
Credit Controller - 12m FTC,1,Other / Unclassified,UNKNOWN,,,finance_accounts,,Grantham (1)
Accounts & Royalties Assistant,1,Professional Finance / Accountancy,UNKNOWN,,,finance_accounts,,Not Specified (1)
Interim Management Accountant- Temp-to-Perm Opportunity,1,Professional Finance / Accountancy,UNKNOWN,,,,,Bradford (1)
Interim Finance Manager (fixed assets) - Local authority,1,Professional Finance / Accountancy,UNKNOWN,,,finance_accounts,,Not Specified (1)
Content Specialist,1,Marketing / Digital / Creative,UNKNOWN,,,,,Not Specified (1)
Employment Solicitor (NQ-3 PQE),1,Legal / Conveyancing,UNKNOWN,,,,,Brighton (1)
Paraplanner / Junior Paraplanner,1,Financial Advice / Mortgages,UNKNOWN,,,,,Edinburgh (1)
Engineering Claims Adjuster,1,Engineering / Technical,UNKNOWN,,,,,Not Specified (1)
Part-time Finance Assistant - Education Sector,1,Education / Teaching,UNKNOWN,,,finance_accounts,,Buckingham (1)
Marketing & Communications Manager,1,Marketing / Digital / Creative,UNKNOWN,,,,,Doncaster (1)
Financial Accoutant,1,Other / Unclassified,UNKNOWN,,,,,Manchester (1)
"Financial Accountant - Aldenham Estate - Events, Leisure, Property, Agriculture",1,Professional Finance / Accountancy,UNKNOWN,,,,,Borehamwood (1)
Insurance Administrator - Hybrid Working + Career Progression!,1,Admin / Customer Service,UNKNOWN,,,admin_service,,Cheltenham (1)
Mortgage Advisor - North Norfolk - William H Brown,1,Financial Advice / Mortgages,UNKNOWN,,,,,Cromer (1)
Health & Safety Compliance Manager,1,Other / Unclassified,UNKNOWN,,,,,Not Specified (1)
HR Officer - Employee Relations,1,HR / Recruitment,UNKNOWN,,,admin_service; hr_recruitment,,Not Specified (1)
Head of Commerical Finance,1,Professional Finance / Accountancy,UNKNOWN,,,finance_accounts,,Not Specified (1)
IFA Administrator - Hybrid Working,1,Financial Advice / Mortgages,UNKNOWN,,,admin_service,,Bristol (1)
"Social Media Content Executive - TikTok, CapCut Social Agency",1,Marketing / Digital / Creative,UNKNOWN,,,,,Not Specified (1)
AP Assistant (Part-Time),1,Other / Unclassified,UNKNOWN,,,,,Milton Keynes (1)
"Residential Conveyancer - &;50,000",1,Other / Unclassified,UNKNOWN,,,,,Not Specified (1)
Audit Senior Semi-Senior,1,Professional Finance / Accountancy,UNKNOWN,,,,,Hitchin (1)
Conveyancing Assistant - Award-Winning Law Firm,1,Other / Unclassified,UNKNOWN,,,,,Chester (1)
Experienced Private Client Solicitor,1,Legal / Conveyancing,UNKNOWN,,,,,Warrington (1)
Class 2 HGV Driver - Casual Work,1,Driving / Warehouse / Logistics,UNKNOWN,,,,,Hertford (1)
Talent Acquisition/Recruiter,1,HR / Recruitment,UNKNOWN,,,hr_recruitment,,Ramsgate (1)
Puchase Ledger Clerk,1,Other / Unclassified,UNKNOWN,,,finance_accounts,,Newark (1)
Purchasing Assistant,1,Procurement / Buying / Supply Chain,UNKNOWN,,,,,Okehampton (1)
3+ PQE Private Client Solicitor - W Yorkshire Office Flexible,1,Legal / Conveyancing,UNKNOWN,,,admin_service,,Dewsbury (1)
Associate Business Analyst - Operating Model - Banking,1,IT / Data / Software,UNKNOWN,,,,,Not Specified (1)
International Arbitration Paralegal,1,Legal / Conveyancing,UNKNOWN,,,,,Not Specified (1)
BMW Used Car Sales Controller,1,Sales / Business Development,UNKNOWN,,,,,Not Specified (1)
Senior Account Manager - Experiential Marketing,1,Sales / Business Development,UNKNOWN,,,,,Maidenhead (1)
Financial Controller (Maternity Cover),1,Professional Finance / Accountancy,UNKNOWN,,,,,Marlow (1)
Reporting Finance Manager,1,Professional Finance / Accountancy,UNKNOWN,,,finance_accounts,,Milton Keynes (1)
Family Solicitor (In House),1,Legal / Conveyancing,UNKNOWN,,,,,Manchester (1)
Commercial Property Solicitor (Partner),1,Legal / Conveyancing,UNKNOWN,,,,,Shrewsbury (1)
CAMHS Consultant Psychiatrist,1,Other / Unclassified,UNKNOWN,,,,,Bury (1)
UK/US Tax Consultant (Oxford),1,Professional Finance / Accountancy,UNKNOWN,,,,,Oxford (1)
Senior Legal Cashier,1,Legal / Conveyancing,UNKNOWN,,,,,Peterborough (1)
Pensions opportunities - hybrid & home working Nationwide,1,Other / Unclassified,UNKNOWN,,,,,Leeds (1)
Technical Paraplaner,1,Other / Unclassified,UNKNOWN,,,,,Cheltenham (1)
Chief Artificial Intelligence Officer (CAIO),1,Other / Unclassified,UNKNOWN,,,admin_service,,Not Specified (1)
Paralegal Residential Property,1,Legal / Conveyancing,UNKNOWN,,,,,Not Specified (1)
Commercial Real Estate Paralegal,1,Legal / Conveyancing,UNKNOWN,,,,,Harrow (1)
Aquarius Relationship and Placement Coordinator,1,Admin / Customer Service,UNKNOWN,,,admin_service,,Ipswich (1)
Residential & Commercial Property Fee Earner,1,Legal / Conveyancing,UNKNOWN,,,,,Rotherham (1)
Account Executive Leader,1,Sales / Business Development,UNKNOWN,,,,,Bristol (1)
Account Handler/Team Leader,1,Other / Unclassified,UNKNOWN,,,,,Bristol (1)
Assistant Manager Audit,1,Other / Unclassified,UNKNOWN,,,,,Cardiff (1)
Interim Finance Assistant,1,Professional Finance / Accountancy,UNKNOWN,,,finance_accounts,,Harrogate (1)
Accounts Manager (French Speaking),1,Professional Finance / Accountancy,UNKNOWN,,,finance_accounts,,Ashford (1)
Paraplanner/Client Manager,1,Financial Advice / Mortgages,UNKNOWN,,,,,Bishop's Stortford (1)
Client Manager - Financial Services,1,Other / Unclassified,UNKNOWN,,,,,Not Specified (1)
Senior Administrator - Financial Planning,1,Admin / Customer Service,KNOWN,admin_service:HIGH_CONFIDENCE,admin_service,admin_service,,Not Specified (1)
Senior Financial Financial Accountant,1,Professional Finance / Accountancy,UNKNOWN,,,,,Not Specified (1)
Credit Control / Accounts Assistant,1,Professional Finance / Accountancy,UNKNOWN,,,finance_accounts,,Sheffield (1)
Clinical Negligence Fee Earner,1,Healthcare / Clinical,UNKNOWN,,,,,Oldham (1)
Commercial Construction Paralegal,1,Legal / Conveyancing,UNKNOWN,,,,,Not Specified (1)
Rewards Partner,1,Other / Unclassified,UNKNOWN,,,,,Peterborough (1)
Agricultural Property Solicitor,1,Legal / Conveyancing,UNKNOWN,,,,,Taunton (1)
Event Production Sales Director,1,Sales / Business Development,UNKNOWN,,,,,Not Specified (1)
Event Sales Director,1,Sales / Business Development,UNKNOWN,,,,,Not Specified (1)
Real Estate Lawyer: Partner Appointment,1,Legal / Conveyancing,UNKNOWN,,,,,Liverpool (1)
"Senior IFA Administrator Hitchin / Stevenage Up to &;35,000- &;40,000 Hybrid Excellent Benefits",1,Financial Advice / Mortgages,UNKNOWN,,,admin_service,,Hitchin (1)
"Paraplanner - Route to Manager or IFA, Hitchin / Stevenage Up to &;45,000 Hybrid Benefits",1,Financial Advice / Mortgages,UNKNOWN,,,,,Hitchin (1)
Senior Manager - Private Client Compliance,1,Other / Unclassified,UNKNOWN,,,,,Not Specified (1)
HR/ ER Policy Lead,1,HR / Recruitment,UNKNOWN,,,,,Not Specified (1)
Prototyping / Test Engineer (High Performance Vehicles),1,IT / Data / Software,UNKNOWN,,,,,Banbury (1)
Fraud Solicitor,1,Legal / Conveyancing,UNKNOWN,,,,,Manchester (1)
Conveyancing Executive,1,Other / Unclassified,UNKNOWN,,,,,Horsham (1)
EL/PL Solicitor,1,Legal / Conveyancing,UNKNOWN,,,,,Manchester (1)
Wealth Management Client Administrator,1,Admin / Customer Service,UNKNOWN,,,admin_service,,Altrincham (1)
Wealth Management Practice Administrator (IFA),1,Financial Advice / Mortgages,UNKNOWN,,,admin_service,,Brighton (1)
Casualty Field Adjuster - North East,1,Other / Unclassified,UNKNOWN,,,,,Leeds (1)
"College Nurse, South London, Locum, Band 6",1,Healthcare / Clinical,UNKNOWN,,,,,Not Specified (1)
residential paralegal,1,Legal / Conveyancing,UNKNOWN,,,,,Winchester (1)
IP Paralegal (12-Month Contract) - Cambridge,1,Legal / Conveyancing,UNKNOWN,,,,,Cambridge (1)
Court Presentation Officer,1,Other / Unclassified,UNKNOWN,,,admin_service,,Not Specified (1)
Residential Conveyancing Paralegal,1,Legal / Conveyancing,UNKNOWN,,,,,Milton Keynes (1)
HR Caseworker - Temporary,1,HR / Recruitment,UNKNOWN,,,hr_recruitment,,Not Specified (1)
Band 8a Clinical Psychologist,1,Healthcare / Clinical,UNKNOWN,,,,,Not Specified (1)
B6 Specialist MH Team- Duty Worker,1,Other / Unclassified,UNKNOWN,,,,,Ashton-under-lyne (1)
6-Month Interim Management Accountant/Finance Lead,1,Professional Finance / Accountancy,UNKNOWN,,,finance_accounts,,Bristol (1)
Recruitment & Assessment Assistant,1,HR / Recruitment,UNKNOWN,,,hr_recruitment,,Stevenage (1)
Junior Compliance Analyst,1,Other / Unclassified,UNKNOWN,,,,,Not Specified (1)
Commercial Property Fee Earner,1,Legal / Conveyancing,UNKNOWN,,,,,Worthing (1)
Commercial Adjuster,1,Other / Unclassified,UNKNOWN,,,,,Not Specified (1)
Junior Software Engineer,1,IT / Data / Software,UNKNOWN,,,,,Andover (1)
Motor Insurance Customer Care Team Leader,1,Other / Unclassified,UNKNOWN,,,,,Basildon (1)
Analyst - Asset Based Lending,1,Other / Unclassified,UNKNOWN,,,,,Leeds (1)
Accounts Assistant - Part-Time,1,Professional Finance / Accountancy,UNKNOWN,,,finance_accounts,,Weston-super-mare (1)
Engineering Chargehand,1,Engineering / Technical,UNKNOWN,,,,,Norwich (1)
Senior Compliance Monitoring Manager,1,Other / Unclassified,UNKNOWN,,,,,Not Specified (1)
Adobe Campaign Specialist,1,Other / Unclassified,UNKNOWN,,,,,Not Specified (1)
Transaction Services Associate Director,1,Other / Unclassified,UNKNOWN,,,,,Not Specified (1)
Internal Sales (Automotive & Parts),1,Sales / Business Development,UNKNOWN,,,,,Castleford (1)
PSV/HGV Mechanic,1,Engineering / Technical,UNKNOWN,,,,,Norwich (1)
Digital Analytics & Insights Manager - Leeds,1,Marketing / Digital / Creative,UNKNOWN,,,,,Leeds (1)
Maintenance Administrator,1,Engineering / Technical,UNKNOWN,,,admin_service,,Not Specified (1)
Interim Company Secretary,1,Admin / Customer Service,UNKNOWN,,,admin_service,,Manchester (1)
External Communications and Engagement Lead,1,Marketing / Digital / Creative,UNKNOWN,,,,,Not Specified (1)
VAT Assistant Manager,1,Other / Unclassified,UNKNOWN,,,,,Crawley (1)
Mechanic / Vehicle Technician,1,Engineering / Technical,UNKNOWN,,,,,Norwich (1)
Legal PA - Private Client,1,Legal / Conveyancing,UNKNOWN,,,,,Leatherhead (1)
Client Service Manager,1,Other / Unclassified,UNKNOWN,,,,,Banbury (1)
Personal Tax (in-house) - 6 months FTC,1,Other / Unclassified,UNKNOWN,,,,,Not Specified (1)
Assistant Accountant - Investments,1,Professional Finance / Accountancy,UNKNOWN,,,,,Not Specified (1)
Brand Ambassador,1,Other / Unclassified,UNKNOWN,,,,,Chertsey (1)
Audit and Accounts Senior - Top 40 Practice,1,Professional Finance / Accountancy,UNKNOWN,,,finance_accounts,,Peterborough (1)
Accounts & Tax Assistant Manager,1,Professional Finance / Accountancy,UNKNOWN,,,finance_accounts,,Farnham (1)
Band 7 CPN Lead,1,Other / Unclassified,UNKNOWN,,,,,Croydon (1)
Licensed Conveyancer / Conveyancing Solicitor,1,Legal / Conveyancing,UNKNOWN,,,,,Liverpool (1)
Banking Operations,1,Other / Unclassified,UNKNOWN,,,,,Not Specified (1)
Part-time Credit Controller - MK108,1,Other / Unclassified,UNKNOWN,,,finance_accounts,,Goole (1)
Completions Support Administrator,1,Admin / Customer Service,UNKNOWN,,,admin_service,,Milton Keynes (1)
Regulatory Lawyer,1,Legal / Conveyancing,UNKNOWN,,,,,Manchester (1)
Senior Payroll Manager,1,Professional Finance / Accountancy,UNKNOWN,,,finance_accounts,,Liverpool (1)
Company Secretary - 12 month FTC,1,Admin / Customer Service,UNKNOWN,,,admin_service,,Farnborough (1)
Senior Private Client Tax Manager,1,Professional Finance / Accountancy,UNKNOWN,,,,,Farnham (1)
Commercial / Mid Corporate Account Executive (Inherited Portfolio),1,Sales / Business Development,UNKNOWN,,,,,Halifax (1)
Senior Financial Analyst,1,Other / Unclassified,UNKNOWN,,,,,Cardiff (1)
Audit and Accounts Semi-Senior,1,Professional Finance / Accountancy,UNKNOWN,,,finance_accounts,,Tonbridge (1)
Financial Reporting Assistant,1,Other / Unclassified,UNKNOWN,,,,,Not Specified (1)
Public Sector Audit Assistant Manager,1,Professional Finance / Accountancy,UNKNOWN,,,,,Glasgow (1)
Principal Regulatory Compliance Lead,1,Other / Unclassified,UNKNOWN,,,,,Reading (1)
Graduate Corporate Development Analysis,1,Other / Unclassified,UNKNOWN,,,,,Canterbury (1)
Interim Part Time Finance Assistant,1,Professional Finance / Accountancy,UNKNOWN,,,finance_accounts,,Bristol (1)
Senior Analytics Consultant,1,Other / Unclassified,UNKNOWN,,,,,Not Specified (1)
FP&A / Finance & Business Analyst,1,Professional Finance / Accountancy,UNKNOWN,,,finance_accounts,,Kendal (1)
Liaison Psychiatry - Band 6 Senior Mental Health Practitioner,1,Other / Unclassified,UNKNOWN,,,,,Plymouth (1)
"Employment Solicitor - Ipswich - Senior Associate/Partner - &;75,000-&;95,000",1,Legal / Conveyancing,UNKNOWN,,,,,Ipswich (1)
Band 6 CPN - Community Care Coordinator,1,Care / Support Work,UNKNOWN,,,admin_service,,Croydon (1)
Payroll Co-ordinator,1,Professional Finance / Accountancy,UNKNOWN,,,finance_accounts,,Grays (1)
Band 7 CBT Therapist,1,Healthcare / Clinical,UNKNOWN,,,,,Oldham (1)
Risk Lawyer - Regulatory,1,Legal / Conveyancing,UNKNOWN,,,,,Not Specified (1)
Head Of Influencer,1,Other / Unclassified,UNKNOWN,,,,,Manchester (1)
Part -Time HR Manager - Christchurch - Up to &;45K pro rata,1,HR / Recruitment,UNKNOWN,,,hr_recruitment,,Christchurch (1)
Head of People Operations,1,Other / Unclassified,UNKNOWN,,,,,Newport (1)
SEND Lawyer,1,Legal / Conveyancing,UNKNOWN,,,,,Matlock (1)
Qualified Rural Accountant,1,Professional Finance / Accountancy,UNKNOWN,,,,,Exeter (1)
Deal Advisory Tax Manager - Corporates & Financial Services,1,Professional Finance / Accountancy,UNKNOWN,,,,,Bristol (1)
Warehouse Operations Manager,1,Driving / Warehouse / Logistics,UNKNOWN,,,warehouse_logistics,,Luton (1)
HR ER Meeting Lead,1,HR / Recruitment,UNKNOWN,,,hr_recruitment,,Manchester (1)
Polish Speaking Accounts Payable Assistant,1,Professional Finance / Accountancy,UNKNOWN,,,finance_accounts,,Heywood (1)
Senior Client Accounts Manager,1,Professional Finance / Accountancy,UNKNOWN,,,finance_accounts,,Wimborne (1)
EMEA Payroll Manager,1,Professional Finance / Accountancy,UNKNOWN,,,finance_accounts,,Not Specified (1)
Head of Group Financial Control,1,Other / Unclassified,UNKNOWN,,,,,Cheltenham (1)
Small Business Loan Advisor,1,Other / Unclassified,UNKNOWN,,,,,Reading (1)
Digital Growth Lead,1,Marketing / Digital / Creative,UNKNOWN,,,,,Newcastle Upon Tyne (1)
Private Client Tax Manager / Senior Manager - St Albans,1,Professional Finance / Accountancy,UNKNOWN,,,,,St. Albans (1)
Group Reporting Manager - 12 Month FTC,1,Other / Unclassified,UNKNOWN,,,,,Not Specified (1)
Control Systems & Automation Engineer,1,Engineering / Technical,UNKNOWN,,,,,Altrincham (1)
Accounts and Audit Manager,1,Professional Finance / Accountancy,UNKNOWN,,,finance_accounts,,Chester (1)
Pensions Solicitor,1,Legal / Conveyancing,UNKNOWN,,,,,Liverpool (1)
Payroll Administrator (Temporary),1,Professional Finance / Accountancy,UNKNOWN,,,admin_service; finance_accounts,,Not Specified (1)
Support Worker (Days),1,Care / Support Work,UNKNOWN,,,support_worker,,Southampton (1)
Junior Wealth Management Administrator,1,Admin / Customer Service,UNKNOWN,,,admin_service,,Nottingham (1)
HR Manager- Stand alone role within a growing SME,1,HR / Recruitment,UNKNOWN,,,hr_recruitment,,Stirling (1)
Senior Manager - Applications Go-to-Market,1,Other / Unclassified,UNKNOWN,,,,,Not Specified (1)
Contract Credit Controller,1,Other / Unclassified,UNKNOWN,,,finance_accounts,,Cambridge (1)
"Accounts Assistant Manager - Film, TV & Media Clients",1,Professional Finance / Accountancy,UNKNOWN,,,finance_accounts,,Not Specified (1)
Tax Assistant Manager - In house,1,Professional Finance / Accountancy,UNKNOWN,,,,,Not Specified (1)
Finance Assistat,1,Professional Finance / Accountancy,UNKNOWN,,,finance_accounts,,Cardiff (1)
Senior HRBP,1,Other / Unclassified,UNKNOWN,,,,,Sheffield (1)
Corporate & Commercial Solicitor Varied Corporate Transactions & Business Advisory York,1,Legal / Conveyancing,UNKNOWN,,,,,York (1)
UK Payroll Expert,1,Professional Finance / Accountancy,UNKNOWN,,,finance_accounts,,Not Specified (1)
Deal Advisory Tax Assistant Manager (PE),1,Professional Finance / Accountancy,UNKNOWN,,,,,Not Specified (1)
Billing Assistant,1,Other / Unclassified,UNKNOWN,,,finance_accounts,,Milton Keynes (1)
Part-Time Finance Assistant,1,Professional Finance / Accountancy,UNKNOWN,,,finance_accounts,,Nottingham (1)
Resource Consultant,1,Other / Unclassified,UNKNOWN,,,,,Corby (1)
Head of Block Management,1,Other / Unclassified,UNKNOWN,,,,,East Grinstead (1)
Strategic Partnerships Development Manager,1,Other / Unclassified,UNKNOWN,,,,,Not Specified (1)
Sales Development Representative (SDR),1,Sales / Business Development,UNKNOWN,,,,,Not Specified (1)
People Business Partner - HR,1,HR / Recruitment,UNKNOWN,,,hr_recruitment,,Not Specified (1)
Full Stack Engineer (AI Native),1,Engineering / Technical,UNKNOWN,,,,,Not Specified (1)
Band 6 Biochemistry Biomedical Scientist (BMS) Locum in Northern Ireland,1,Science / Laboratory,UNKNOWN,,,,,Not Specified (1)
Research Analyst - Portuguese Speaker,1,Other / Unclassified,UNKNOWN,,,,,Not Specified (1)
Payroll Assistant (Part Time - Temp),1,Professional Finance / Accountancy,UNKNOWN,,,finance_accounts,,Plymouth (1)
Periodontist,1,Other / Unclassified,UNKNOWN,,,,,Gravesend (1)
Financial Adviser (SJP),1,Financial Advice / Mortgages,UNKNOWN,,,,,Not Specified (1)
Pricing Development Manager,1,Other / Unclassified,UNKNOWN,,,,,Not Specified (1)
MSK Sonographer,1,Other / Unclassified,UNKNOWN,,,,,Thornton Heath (1)
Military Claims Solicitor,1,Legal / Conveyancing,UNKNOWN,,,,,Castleford (1)
Vasectomy Surgical Assistant (HCA) - Liverpool,1,Other / Unclassified,UNKNOWN,,,,,Liverpool (1)
Junior Accounts Administrator,1,Professional Finance / Accountancy,UNKNOWN,,,admin_service; finance_accounts,,Bury St. Edmunds (1)
Global Marketing Manager,1,Marketing / Digital / Creative,UNKNOWN,,,,,Lincoln (1)
Pensions Data Services Actuary,1,Other / Unclassified,UNKNOWN,,,,,Not Specified (1)
Vasectomy Surgical Assistant (HCA),1,Other / Unclassified,UNKNOWN,,,,,Liverpool (1)
Internal Auditor - Public Sector Services,1,Professional Finance / Accountancy,UNKNOWN,,,,,Cannock (1)
Assurance & Complaints Analyst,1,Admin / Customer Service,UNKNOWN,,,customer_service_contact_centre,,Cirencester (1)
Temp Talent Advisor,1,Other / Unclassified,UNKNOWN,,,hr_recruitment,,Doncaster (1)
Chartered Tax Advisor,1,Professional Finance / Accountancy,UNKNOWN,,,,,Not Specified (1)
Tax Solicitor,1,Legal / Conveyancing,UNKNOWN,,,,,Not Specified (1)
Interim In-house Conveyancer - &;300-&;350 per day (Umbrella),1,Other / Unclassified,UNKNOWN,,,,,Basingstoke (1)
Estate Agent - Valuer / Branch Manager,1,Construction / Trades / Property,UNKNOWN,,,,,Not Specified (1)
Finance Manager - 12 month fixed term contract,1,Professional Finance / Accountancy,UNKNOWN,,,finance_accounts,,Not Specified (1)
Temporary Legal Secretary,1,Legal / Conveyancing,UNKNOWN,,,admin_service,,Manchester (1)
Accounts Manager(Senior Accountant)-client facing role for independent firm,1,Professional Finance / Accountancy,UNKNOWN,,,finance_accounts,,Newmarket (1)
Accounts Manager(Senior Accountant)-join a high calibre team,1,Professional Finance / Accountancy,UNKNOWN,,,finance_accounts,,Haverhill (1)
Finance Assistant (Temp),1,Professional Finance / Accountancy,UNKNOWN,,,finance_accounts,,Not Specified (1)
Part-time Purchase Ledger Clerk,1,Professional Finance / Accountancy,UNKNOWN,,,finance_accounts,,Harpenden (1)
Mixed Tax Manager/Senior Manager,1,Professional Finance / Accountancy,UNKNOWN,,,,,Not Specified (1)
Mortgage & Protection Adviser - Wellesley,1,Financial Advice / Mortgages,UNKNOWN,,,,,Not Specified (1)
Mortgage and Protection adviser,1,Financial Advice / Mortgages,UNKNOWN,,,,,Not Specified (1)
Self Employed Mortgage and Protection Advisor,1,Financial Advice / Mortgages,UNKNOWN,,,,,Not Specified (1)
Mortgage and Protection,1,Financial Advice / Mortgages,UNKNOWN,,,,,Not Specified (1)
Trusts Assistant Manager / Manager London,1,Other / Unclassified,UNKNOWN,,,,,Not Specified (1)
Part Time Mixed Tax Senior,1,Professional Finance / Accountancy,UNKNOWN,,,,,Liverpool (1)
Sales Executive - Mercedes Benz Peterborough,1,Sales / Business Development,UNKNOWN,,,,,Peterborough (1)
HR Assistant (temporary),1,HR / Recruitment,UNKNOWN,,,hr_recruitment,,Not Specified (1)
Bendi Forklift Driver,1,Driving / Warehouse / Logistics,UNKNOWN,,,warehouse_logistics,,Thame (1)
Financial Planning and Analysis Manager,1,Other / Unclassified,UNKNOWN,,,,,Middlesbrough (1)
Property Litigation Solicitor (Contract - Fully Remote),1,Legal / Conveyancing,UNKNOWN,,,,,Not Specified (1)
Change Communications Specialist - Tech/Systems,1,Marketing / Digital / Creative,UNKNOWN,,,,,Not Specified (1)
Law Specialists - Teaching Opportunities,1,Education / Teaching,UNKNOWN,,,,,Newport (1)
Accountant - Semi-Senior to Senior Level,1,Professional Finance / Accountancy,UNKNOWN,,,,,Lutterworth (1)
People Advisor (Employee Relations Specialist),1,HR / Recruitment,UNKNOWN,,,,,Cambridge (1)
"HR ASSISTANT SPECIALIST LAW FIRM &;40,000 4:1 HYBRID",1,HR / Recruitment,UNKNOWN,,,hr_recruitment,,Not Specified (1)
Vehicle Preparation Technician,1,Engineering / Technical,KNOWN,admin_service:HARD_PASS,,,,Swindon (1)
Semi-Senior / Senior Auditor,1,Professional Finance / Accountancy,UNKNOWN,,,,,Northampton (1)
Catastrophic Injury Solicitors (6+ PQE),1,Other / Unclassified,UNKNOWN,,,,,Manchester (1)
Property Transaction Officer,1,Other / Unclassified,UNKNOWN,,,admin_service,,Bradford (1)
Commercial Litigation Solicitor - Legal 500 Firm,1,Legal / Conveyancing,UNKNOWN,,,,,Not Specified (1)
Recruitment Account Manager,1,Sales / Business Development,UNKNOWN,,,hr_recruitment,,Sheffield (1)
Group FP&A Manager,1,Other / Unclassified,UNKNOWN,,,,,Not Specified (1)
Management Accountant - Global Interior Design Brand,1,Professional Finance / Accountancy,UNKNOWN,,,,,Epping (1)
Corporate & Commercial Solicitor,1,Legal / Conveyancing,UNKNOWN,,,,,Trowbridge (1)
Assistant Fund Accountant,1,Professional Finance / Accountancy,UNKNOWN,,,,,Not Specified (1)
Senior Finance Analyst - Pricing & Modelling,1,Professional Finance / Accountancy,UNKNOWN,,,finance_accounts,,Leighton Buzzard (1)
Senior Legal Technologist,1,Legal / Conveyancing,UNKNOWN,,,,,Not Specified (1)
"Accounts Manager, Accountancy Practice",1,Professional Finance / Accountancy,UNKNOWN,,,finance_accounts,,Brighton (1)
HR Business Partner with International Scope in Finance!,1,Professional Finance / Accountancy,UNKNOWN,,,finance_accounts; hr_recruitment,,Not Specified (1)
RECONNECT Worker,1,Other / Unclassified,UNKNOWN,,,,,Milton Keynes (1)
Conveyancer - Team Leader,1,Other / Unclassified,UNKNOWN,,,,,Leicester (1)
Compliance Analyst,1,Other / Unclassified,UNKNOWN,,,,,Bath (1)
Paediatric Occupational Therapist,1,Healthcare / Clinical,UNKNOWN,,,,,Camberley (1)
"Senior IFA Paraplanner / Senior IFA Support, Hitchin / Stevenage Up to &;45,000 + Benefits Hybrid",1,Financial Advice / Mortgages,UNKNOWN,,,,,Not Specified (1)
Rural Client Manager,1,Other / Unclassified,UNKNOWN,,,,,Exeter (1)
Senior Copywriter & Content Marketing Manager,1,Marketing / Digital / Creative,UNKNOWN,,,,,Not Specified (1)
Part Time Marketing Executive,1,Marketing / Digital / Creative,UNKNOWN,,,,,Exeter (1)
Plant Operations & UK Logistics Finance Business Partner,1,Professional Finance / Accountancy,UNKNOWN,,,finance_accounts; warehouse_logistics,,Peterborough (1)
Complaints Resolution Partner,1,Admin / Customer Service,UNKNOWN,,,customer_service_contact_centre,,Peterborough (1)
Sales Ledger/Finance Assistant,1,Professional Finance / Accountancy,UNKNOWN,,,finance_accounts,,Manchester (1)
Mercedes-Benz Accounts Assistant,1,Professional Finance / Accountancy,UNKNOWN,,,finance_accounts,,Newcastle Upon Tyne (1)
Accounts Receivables,1,Professional Finance / Accountancy,UNKNOWN,,,finance_accounts,,Manchester (1)
Financial Controller / Financial Control Manager,1,Professional Finance / Accountancy,UNKNOWN,,,,,Lincoln (1)
Junior Data Scientist,1,IT / Data / Software,UNKNOWN,,,,,Trefor (1)
Accounts Analyst,1,Professional Finance / Accountancy,UNKNOWN,,,finance_accounts,,Liverpool (1)
Bloomreach Consultant,1,Other / Unclassified,UNKNOWN,,,,,Not Specified (1)
Project Management Support Specialist,1,Other / Unclassified,UNKNOWN,,,,,Not Specified (1)
Data Analyst Associate - no experience necessary,1,IT / Data / Software,UNKNOWN,,,,,Scarborough (1)
Trainee Data Engineer,1,IT / Data / Software,UNKNOWN,,,,,Scarborough (1)
Data Scientist No experience necessary - job guarantee,1,IT / Data / Software,UNKNOWN,,,,,Scarborough (1)
Trainee Data Entry Clerk,1,Other / Unclassified,UNKNOWN,,,,,Scarborough (1)
Assistant Financial Accountant,1,Professional Finance / Accountancy,UNKNOWN,,,,,Lincoln (1)
Accounts Receivable Specialist - Retail sector - Immediate start,1,Professional Finance / Accountancy,UNKNOWN,,,finance_accounts,,City Of Westminster (1)
SIPP Technical Specialist,1,Other / Unclassified,UNKNOWN,,,,,Not Specified (1)
"Financial Administrator - Boutique Wealth Management Practice, Hampton, Middlesex (office-based)",1,Admin / Customer Service,UNKNOWN,,,admin_service,,Hampton (1)
Interim Management Accountant - Full or Part time,1,Professional Finance / Accountancy,UNKNOWN,,,,,Goole (1)
BMW New Car Sales Executive,1,Sales / Business Development,UNKNOWN,,,,,Worcester (1)
"Paraplanner - Progression to Financial Adviser, Near Basildon &;40,000-&;55,000 DOE",1,Financial Advice / Mortgages,UNKNOWN,,,,,Basildon (1)
"Paraplanner - Progression to Financial Adviser, Ingatestone  &;40,000 - &;55,000 (DOE)",1,Financial Advice / Mortgages,UNKNOWN,,,,,Ingatestone (1)
Accounts and Finance Assistant,1,Professional Finance / Accountancy,UNKNOWN,,,finance_accounts,,Swindon (1)
Client Manager Senior Accountant,1,Professional Finance / Accountancy,UNKNOWN,,,,,Winchester (1)
Property & Assets Application Manager,1,Other / Unclassified,UNKNOWN,,,,,Not Specified (1)
Head of Integrated Marketing,1,Marketing / Digital / Creative,UNKNOWN,,,,,Not Specified (1)
Interim AP officer,1,Other / Unclassified,UNKNOWN,,,admin_service,,Not Specified (1)
Band 6 Histology Biomedical Scientist (BMS) Locum Glasgow,1,Science / Laboratory,UNKNOWN,,,,,Glasgow (1)
Band 3 Medical Laboratory Assistant Locum Manchester,1,Healthcare / Clinical,UNKNOWN,,,,,Manchester (1)
Band 6 Haematology and Blood Transfusion Biomedical Scientist (BMS) Locum Manchester,1,Science / Laboratory,UNKNOWN,,,,,Manchester (1)
Independent Financial Advisor (IFA),1,Financial Advice / Mortgages,UNKNOWN,,,,,Derby (1)
Marketing & Design Executive,1,Marketing / Digital / Creative,UNKNOWN,,,,,Slough (1)
Claims Administrator - Life and Pensions,1,Admin / Customer Service,UNKNOWN,,,admin_service,,Bristol (1)
Marketing Manager - B2B,1,Marketing / Digital / Creative,UNKNOWN,,,,,Newbury (1)
Alternatives Business Analyst - Asset Management,1,IT / Data / Software,UNKNOWN,,,,,Not Specified (1)
Office Manager & HR Coordinator,1,HR / Recruitment,UNKNOWN,,,admin_service; hr_recruitment,,Shoreham-by-sea (1)
Band 6 Biochemistry Biomedical Scientist (BMS) Locum in Manchester,1,Science / Laboratory,UNKNOWN,,,,,Manchester (1)
Band 7 Specialist Histology Biomedical Scientist (BMS) Locum London,1,Science / Laboratory,UNKNOWN,,,,,Not Specified (1)
Finance and Admin Assistant,1,Professional Finance / Accountancy,UNKNOWN,,,admin_service; finance_accounts,,Redhill (1)
Personal Tax Advisory Manager,1,Professional Finance / Accountancy,UNKNOWN,,,,,Yeovil (1)
Housing Litigation Lawyer,1,Legal / Conveyancing,UNKNOWN,,,,,Liverpool (1)
Interim Finance Analyst (regeneration) - Local authority,1,Professional Finance / Accountancy,UNKNOWN,,,finance_accounts,,Not Specified (1)
Commercial Account Executive/Handler,1,Sales / Business Development,UNKNOWN,,,,,Penzance (1)
Accounts & Finance Coordinator,1,Professional Finance / Accountancy,UNKNOWN,,,admin_service; finance_accounts,,Ludlow (1)
Probate Case Manager,1,Legal / Conveyancing,UNKNOWN,,,,,Kettering (1)
Solicitor or Paralegal - Contentious Probate Litigation - Part-time,1,Legal / Conveyancing,UNKNOWN,,,,,Crowborough (1)
Part-Qualified Accountant - Practice,1,Professional Finance / Accountancy,UNKNOWN,,,,,Tonypandy (1)
B2B/Corp PR Account Director - Senior Account Director,1,Other / Unclassified,UNKNOWN,,,,,Manchester (1)
Sonographers X2,1,Other / Unclassified,UNKNOWN,,,,,Bury St. Edmunds (1)
Mobile Technical Trainer,1,Other / Unclassified,UNKNOWN,,,,,Coventry (1)
IFA/Financial Adviser,1,Financial Advice / Mortgages,UNKNOWN,,,,,Not Specified (1)
AVP Liquidity reporting,1,Other / Unclassified,UNKNOWN,,,,,Not Specified (1)
HR / ER Advisor,1,HR / Recruitment,UNKNOWN,,,hr_recruitment,,Bromley (1)
HR Advisor - Consultancy,1,HR / Recruitment,UNKNOWN,,,hr_recruitment,,Bampton (1)
Scrum Master - Security Cleared,1,IT / Data / Software,UNKNOWN,,,,,Reading (1)
Temporary Recruitment Administrator,1,HR / Recruitment,UNKNOWN,,,admin_service; hr_recruitment,,Winchester (1)
Non-Medical Prescriber Substance Misuse,1,Healthcare / Clinical,KNOWN,admin_service:OUT_OF_SCOPE,,,,Sunderland (1)
Occupational Health Nurse,1,Healthcare / Clinical,KNOWN,admin_service:HARD_PASS,,,,Warrington (1)
Forensic Accounting Assistant Manager,1,Other / Unclassified,UNKNOWN,,,finance_accounts,,Manchester (1)
Children Law - Child Care Legal Assistant Pontypool,1,Legal / Conveyancing,UNKNOWN,,,,,Pontypool (1)
Property Manager -London,1,Construction / Trades / Property,UNKNOWN,,,,,Not Specified (1)
Temporary Purchase Ledger Administrator,1,Professional Finance / Accountancy,UNKNOWN,,,admin_service; finance_accounts,,Norwich (1)
Customer Service Manager,1,Admin / Customer Service,UNKNOWN,,,customer_service_contact_centre,,Stockport (1)
Junior HR Advisor,1,HR / Recruitment,KNOWN,hr_recruitment:ELASTIC_FIT,hr_recruitment,hr_recruitment,,Grimsby (1)
Payroll & HR Coordinator,1,Professional Finance / Accountancy,UNKNOWN,,,admin_service; finance_accounts; hr_recruitment,,Norwich (1)
Debt Recovery Officer,1,Other / Unclassified,UNKNOWN,,,admin_service,,Not Specified (1)
Costs Draftsman,1,Other / Unclassified,UNKNOWN,,,,,City (1)
Finance Lead,1,Professional Finance / Accountancy,UNKNOWN,,,finance_accounts,,Not Specified (1)
Preparation Technician,1,Engineering / Technical,UNKNOWN,,,,,Ipswich (1)
Non-contentious Construction Solicitor (Contract),1,Legal / Conveyancing,UNKNOWN,,,,,Not Specified (1)
Senior IT Auditor,1,Professional Finance / Accountancy,UNKNOWN,,,,,Manchester (1)
Sales Ledger & Credit Control Clerk,1,Professional Finance / Accountancy,UNKNOWN,,,finance_accounts,,Redruth (1)
Costs Team Leader,1,Other / Unclassified,UNKNOWN,,,,,City (1)
CRM Marketing Specialist,1,Marketing / Digital / Creative,UNKNOWN,,,,,Not Specified (1)
Van Technician,1,Engineering / Technical,UNKNOWN,,,,,Poole (1)
Senior Finance Regulatory Manager - Remote Role,1,Professional Finance / Accountancy,UNKNOWN,,,finance_accounts,,Middlesbrough (1)
1st Line Support Engineer,1,Engineering / Technical,UNKNOWN,,,,,Not Specified (1)
Patent Administrator,1,Admin / Customer Service,UNKNOWN,,,admin_service,,Cambridge (1)
Family Solicitor - Private Law Children & Divorce,1,Legal / Conveyancing,UNKNOWN,,,,,Liverpool (1)
In-House Employment Solicitor - Locum,1,Legal / Conveyancing,UNKNOWN,,,,,Not Specified (1)
Billing & Finance Assistant,1,Professional Finance / Accountancy,UNKNOWN,,,finance_accounts,,Leeds (1)
Finance Officer/Credit Controller,1,Professional Finance / Accountancy,UNKNOWN,,,admin_service; finance_accounts,,Cheltenham (1)
Stock and Logistics Manager,1,Driving / Warehouse / Logistics,UNKNOWN,,,warehouse_logistics,,Not Specified (1)
Driver Category C + Hiab + ADR,1,Driving / Warehouse / Logistics,UNKNOWN,,,,,Newport (1)
SC PAM Engineer CGEMJP,1,Engineering / Technical,UNKNOWN,,,,,Wokingham (1)
Roving Support Manager,1,Other / Unclassified,UNKNOWN,,,,,Slough (1)
Online Fundraising Manager - Innovation,1,Other / Unclassified,UNKNOWN,,,,,Cambridge (1)
Individual Giving Executive,1,Other / Unclassified,UNKNOWN,,,,,Leatherhead (1)
Senior Staff Nurse,1,Healthcare / Clinical,UNKNOWN,,,,,Esher (1)
Project Manager - London Marathon FTC,1,Operations / General Management,UNKNOWN,,,,,Rugby (1)
Independent Adoption Social Workers,1,Other / Unclassified,UNKNOWN,,,,,Milton Keynes (1)
Public Affairs and Campaigns Manager,1,Other / Unclassified,UNKNOWN,,,,,Wrexham (1)
Partnership Advisor (Scotland),1,Other / Unclassified,UNKNOWN,,,,,Not Specified (1)
Supported Housing Services Manager (FTC),1,Other / Unclassified,UNKNOWN,,,,,Not Specified (1)
Senior Fundraising Officer,1,Other / Unclassified,UNKNOWN,,,admin_service,,Not Specified (1)
"Campaign Manager, First Light",1,Marketing / Digital / Creative,UNKNOWN,,,,,Not Specified (1)
Caretaker and Facilities Assistant,1,Other / Unclassified,UNKNOWN,,,,,Middlesbrough (1)
Housing Scheme Manager,1,Other / Unclassified,UNKNOWN,,,,,Stowmarket (1)
Dementia Adviser (Rare Dementia Support),1,Other / Unclassified,UNKNOWN,,,,,Not Specified (1)
Events Lead,1,Other / Unclassified,UNKNOWN,,,,,Not Specified (1)
Assistant Verger and Precinct Officer - Maternity Cover,1,Other / Unclassified,UNKNOWN,,,admin_service,,Portsmouth (1)
Fundraising Manager - Trusts and Statutory,1,Other / Unclassified,UNKNOWN,,,,,Not Specified (1)
OUT Spoken Trauma Informed Therapist,1,Healthcare / Clinical,UNKNOWN,,,,,Leyland (1)
Returns Administrator,1,Admin / Customer Service,UNKNOWN,,,admin_service,,Wellingborough (1)
Power Systems Tender Manager,1,Other / Unclassified,UNKNOWN,,,,,Stafford (1)
Principal Engineer Control & Automation Systems,1,Engineering / Technical,UNKNOWN,,,,,Stafford (1)
Specialist Occupational Therapist,1,Healthcare / Clinical,UNKNOWN,,,,,Not Specified (1)
Secure Childrens Home Support Worker (Weekends),1,Care / Support Work,UNKNOWN,,,support_worker,,Swanwick (1)
Social Worker - Children In Care,1,Care / Support Work,KNOWN,admin_service:HARD_PASS,,,,Not Specified (1)
Registered Nurse/Paramedic - Workington - BANK,1,Healthcare / Clinical,UNKNOWN,,,,,Workington (1)
Learning & Development Manager,1,Other / Unclassified,UNKNOWN,,,,,Not Specified (1)
Registered Nurse/Paramedic - Barrow/Kendal Custody - BANK,1,Healthcare / Clinical,UNKNOWN,,,,,Carlisle (1)
Registered Nurse/Paramedic - Staines - BANK,1,Healthcare / Clinical,UNKNOWN,,,,,Not Specified (1)
"Full or Part time Optometrist - Milton Keynes, Buckinghamshire",1,Other / Unclassified,UNKNOWN,,,,,Milton Keynes (1)
"Full or Part time Optometrist - Royston, Hertfordshire",1,Other / Unclassified,UNKNOWN,,,,,Royston (1)
Dispensing Optician Manager - £45k,1,Other / Unclassified,UNKNOWN,,,,,City (1)
"Branch Manager - Christchurch (5,000 Welcome Bonus)",1,Operations / General Management,UNKNOWN,,,,,Christchurch (1)
"Dispensing Optician - Putney (5,000 welcome bonus!)",1,Other / Unclassified,UNKNOWN,,,,,Not Specified (1)
"Dispensing Optician - Haslemere (5,000 Welcome Bonus!)",1,Other / Unclassified,UNKNOWN,,,,,Haslemere (1)
"Dispensing Optician - Winchester (5,000 Welcome Bonus!",1,Other / Unclassified,UNKNOWN,,,,,Winchester (1)
"Optical & Hearing Assistant, Woodley",1,Other / Unclassified,UNKNOWN,,,,,Reading (1)
Part Time Dispensing Optician - Sidcup - South East London,1,Other / Unclassified,UNKNOWN,,,,,Sidcup (1)
Part Time Dispensing Optician - Knaresborough - Up to 31K,1,Other / Unclassified,UNKNOWN,,,,,Knaresborough (1)
"Part-Time Optometrist - Cricklade, Wiltshire - Independent - Up to 70K",1,Other / Unclassified,UNKNOWN,,,,,Not Specified (1)
Optical Assistant job in Slough,1,Other / Unclassified,UNKNOWN,,,,,Slough (1)
Optical Assistant job in Farnboough,1,Other / Unclassified,UNKNOWN,,,,,Farnborough (1)
Hearing Aid Dispenser/ Audiologist job in Liverpool,1,Other / Unclassified,UNKNOWN,,,,,City (1)
Assistant Manager job in Lincolnshire,1,Other / Unclassified,UNKNOWN,,,,,Not Specified (1)
"Clinical Independent / Alton / £70,000",1,Healthcare / Clinical,UNKNOWN,,,,,Alton (1)
Multi Skilled Forklift Driver FTC,1,Driving / Warehouse / Logistics,UNKNOWN,,,warehouse_logistics,,Spalding (1)
Reach Truck Drver,1,Other / Unclassified,UNKNOWN,,,,,Warrington (1)
Class 2 Driver - Dartford,1,Driving / Warehouse / Logistics,UNKNOWN,,,,,Dartford (1)
CLASS 1 DRIVER Days & Nights Opportunities,1,Driving / Warehouse / Logistics,UNKNOWN,,,,,Bedford (1)
Driver Shunter,1,Driving / Warehouse / Logistics,UNKNOWN,,,,,Gravesend (1)
Nights Warehouse Team Leader,1,Driving / Warehouse / Logistics,UNKNOWN,,,warehouse_logistics,,Carlisle (1)
Warehouse Administrator,1,Driving / Warehouse / Logistics,KNOWN,admin_service:HARD_PASS; customer_service_contact_centre:REVIEW_CONTEXT_DEPENDENT; hr_recruitment:REVIEW_CONTEXT_DEPENDENT; warehouse_logistics:ELASTIC_FIT,warehouse_logistics,admin_service; warehouse_logistics,,Wellingborough (1)
Warehouse Stock Controller,1,Driving / Warehouse / Logistics,UNKNOWN,,,warehouse_logistics,,Wellingborough (1)
?? CLASS 2 DRIVERS - MULTIPLE VACANCIES ??,1,Other / Unclassified,UNKNOWN,,,,,Southampton (1)
HGV Class 1 Driver - Weekends,1,Driving / Warehouse / Logistics,UNKNOWN,,,,,Chepstow (1)
Forklift Driver Days,1,Driving / Warehouse / Logistics,UNKNOWN,,,warehouse_logistics,,Worksop (1)
HGV Class 2 driver - Livingston,1,Driving / Warehouse / Logistics,UNKNOWN,,,,,Livingston (1)
Class 2 Driver Temp to Perm,1,Driving / Warehouse / Logistics,UNKNOWN,,,,,Not Specified (1)
Class Driver,1,Driving / Warehouse / Logistics,UNKNOWN,,,,,Farnham (1)
LGV Class 1 Drivers,1,Driving / Warehouse / Logistics,UNKNOWN,,,,,Motherwell (1)
Forklift / Telehandler,1,Driving / Warehouse / Logistics,UNKNOWN,,,warehouse_logistics,,Bristol (1)
Reach Truck FLT Driver / Line Feeder Jobs Belper,1,Driving / Warehouse / Logistics,UNKNOWN,,,,,Belper (1)
Class 1 - Days,1,Other / Unclassified,UNKNOWN,,,,,Derby (1)
Class 1 - Nights,1,Other / Unclassified,UNKNOWN,,,,,Derby (1)
HGV CLASS 1 AND 2 DRIVERS,1,Driving / Warehouse / Logistics,UNKNOWN,,,,,Bradford (1)
Class 2 ADR Cylinder Driver - Roaming,1,Driving / Warehouse / Logistics,UNKNOWN,,,,,Exeter (1)
Trainee Concrete Pump Operator (HGV Licence),1,Driving / Warehouse / Logistics,UNKNOWN,,,,,Wotton-under-edge (1)
Class 1 Wagon and Drag Day Driver Norwich,1,Driving / Warehouse / Logistics,UNKNOWN,,,,,Norwich (1)
HGV Class 1 Driver Nights Aylesbury,1,Driving / Warehouse / Logistics,UNKNOWN,,,,,Aylesbury (1)
HGV Class 1 Driver PM Hatfield,1,Driving / Warehouse / Logistics,UNKNOWN,,,,,Hatfield (1)
Class 2 ADR Driver (Tankers) - Newly Qualified Welcome!,1,Driving / Warehouse / Logistics,UNKNOWN,,,,,Leicester (1)
Class 2 ADR Tanker Driver - Nights - Stoney Stanton,1,Driving / Warehouse / Logistics,UNKNOWN,,,,,Leicester (1)
Class 1 ADR Driver - Immingham - Nights,1,Driving / Warehouse / Logistics,UNKNOWN,,,,,Immingham (1)
Class 1 ADR Tanker Driver (C+E) - Days - Stoney Stanton,1,Driving / Warehouse / Logistics,UNKNOWN,,,,,Leicester (1)
HGV II/LGV II/ Class 2 Dustcart Driver,1,Driving / Warehouse / Logistics,UNKNOWN,,,,,Braintree (1)
HGV Class 1 LTD Driver,1,Driving / Warehouse / Logistics,UNKNOWN,,,,,Northampton (1)
LGV / HGV Class 1 Drivers,1,Driving / Warehouse / Logistics,UNKNOWN,,,,,Not Specified (1)
FCL Import Supervisor Sea Freight,1,Other / Unclassified,UNKNOWN,,,,,Basildon (1)
Dispatch Operative FLT Counterbalance,1,Driving / Warehouse / Logistics,UNKNOWN,,,warehouse_logistics,,Stourport-on-severn (1)
Supplier Development and Engineering,1,Engineering / Technical,UNKNOWN,,,,,Prestwick (1)
Northern Logistics Engineer,1,Engineering / Technical,UNKNOWN,,,warehouse_logistics,,Not Specified (1)
DV Cleared Senior Service Architect,1,Other / Unclassified,UNKNOWN,,,,,Basingstoke (1)
Delivery Supervisor - Repair & Maintenance,1,Engineering / Technical,UNKNOWN,,,,,Normanton (1)
Property and Trusts Adviser,1,Other / Unclassified,UNKNOWN,,,,,St. Albans (1)
Fitness Instructor - Redhill,1,Other / Unclassified,UNKNOWN,,,,,Redhill (1)
Housing Repairs & Maintenance Manager,1,Engineering / Technical,UNKNOWN,,,,,Worcester (1)
Field Sales Representative - East Scotland,1,Sales / Business Development,UNKNOWN,,,,,Not Specified (1)
Trainee Recruitment Consultant - Uncapped Commission,1,HR / Recruitment,UNKNOWN,,,hr_recruitment,,Bristol (1)
Onboarding Specialist (German Speaking),1,Other / Unclassified,UNKNOWN,,,,,Brighton (1)
Interim Graduate Recruiter EMEA,1,HR / Recruitment,UNKNOWN,,,hr_recruitment,,Not Specified (1)
HR Administrative Assistant,1,HR / Recruitment,UNKNOWN,,,admin_service; hr_recruitment,,Worthing (1)
Sales Executive B2B,1,Sales / Business Development,UNKNOWN,,,,,Dunfermline (1)
"Conveyancing Manager, Office Based",1,Other / Unclassified,UNKNOWN,,,admin_service,,Not Specified (1)
Learning and Engagement Coordinator,1,Admin / Customer Service,UNKNOWN,,,admin_service,,Stoke-on-trent (1)
Commercial Manager (Container Transport),1,Sales / Business Development,UNKNOWN,,,,,Felixstowe (1)
Recruitment Consultant - Insurance & Risk,1,HR / Recruitment,UNKNOWN,,,hr_recruitment,,Not Specified (1)
Senior Business Central Support Consultant,1,Other / Unclassified,UNKNOWN,,,,,Edinburgh (1)
Butcher,1,Other / Unclassified,UNKNOWN,,,,,Lowestoft (1)
"Salon Technician - Hair, Beauty and Barbering",1,Engineering / Technical,UNKNOWN,,,,,Kingston Upon Thames (1)
Male Support Worker,1,Care / Support Work,KNOWN,support_worker:HIGH_CONFIDENCE,support_worker,support_worker,,Haverfordwest (1)
Specialist Nurse Spinal Cord Injury,1,Healthcare / Clinical,UNKNOWN,,,,,Crawley (1)
Clinical Psychologist,1,Healthcare / Clinical,KNOWN,admin_service:HARD_PASS,,,,Penrith (1)
Senior Psychotherapist,1,Other / Unclassified,UNKNOWN,,,,,Penrith (1)
Vulnerability Researcher,1,Other / Unclassified,UNKNOWN,,,,,Gloucester (1)
Deal Architect,1,Other / Unclassified,UNKNOWN,,,,,Not Specified (1)
Site Reliability Engineer Manchester,1,Engineering / Technical,UNKNOWN,,,,,Gloucester (1)
Mandarin Speaking Electrical Data Centre Engineer,1,Engineering / Technical,UNKNOWN,,,,,Slough (1)
Training Specialist - Marine Systems,1,Other / Unclassified,UNKNOWN,,,,,Fareham (1)
Service Manager - Homelessness and Support,1,Other / Unclassified,UNKNOWN,,,,,Loughborough (1)
Senior Hardware in the loop Engineer,1,Engineering / Technical,UNKNOWN,,,,,St. Neots (1)
Area Sales Manager Boilers & Renewables,1,Sales / Business Development,UNKNOWN,,,,,Crawley (1)
Principal RF Systems Engineer - HIL & Simulation,1,IT / Data / Software,UNKNOWN,,,,,St. Neots (1)
Shopper Marketing Executive,1,Marketing / Digital / Creative,UNKNOWN,,,,,Leeds (1)
Ada Software Engineer,1,IT / Data / Software,UNKNOWN,,,,,Bath (1)
Data Platform Manager,1,Other / Unclassified,UNKNOWN,,,,,Macclesfield (1)
Level 3 Qualified Personal Trainer - Burton upon Trent,1,Other / Unclassified,UNKNOWN,,,,,Not Specified (1)
Registered Manager (Adults),1,Other / Unclassified,UNKNOWN,,,,,Widnes (1)
Deputy Head of Legal Services,1,Legal / Conveyancing,UNKNOWN,,,,,Glasgow (1)
Service and Compliance Team Leader,1,Other / Unclassified,UNKNOWN,,,,,Not Specified (1)
Senior Cluster Revenue Manager,1,Other / Unclassified,UNKNOWN,,,,,Not Specified (1)
Junior Sales Engineer (Electrical Distributor),1,Engineering / Technical,UNKNOWN,,,,,Cardiff (1)
Combat Systems Architect Exports,1,Other / Unclassified,UNKNOWN,,,,,Portsmouth (1)
Specification Sales Manager Plumbing & Heating Products,1,Sales / Business Development,UNKNOWN,,,,,Southampton (1)
Interim Registered Manager,1,Other / Unclassified,KNOWN,admin_service:OUT_OF_SCOPE,,,,Liverpool (1)
Children?s Deputy Manager,1,Other / Unclassified,UNKNOWN,,,,,Sutton-in-ashfield (1)
Product Security Consultant,1,Other / Unclassified,UNKNOWN,,,,,Not Specified (1)
Senior Installation Technician,1,Engineering / Technical,UNKNOWN,,,,,Ipswich (1)
Residential Registered Manager,1,Other / Unclassified,UNKNOWN,,,,,Southampton (1)
Software Development Manager,1,IT / Data / Software,UNKNOWN,,,,,Not Specified (1)
Sales Developer,1,IT / Data / Software,UNKNOWN,,,,,Not Specified (1)
Senior Mission System Architect C2 & Infrastructure,1,IT / Data / Software,UNKNOWN,,,,,Portsmouth (1)
IT Senior Service Manager,1,Other / Unclassified,UNKNOWN,,,,,Ringwood (1)
Sales Executive - Finance,1,Professional Finance / Accountancy,UNKNOWN,,,finance_accounts,,Reading (1)
Blockchain Developer,1,IT / Data / Software,UNKNOWN,,,,,Not Specified (1)
"Software Team Leader, Firmware",1,IT / Data / Software,UNKNOWN,,,,,Northampton (1)
Family Law Solicitor/Head of Location - New Office Opening,1,Legal / Conveyancing,UNKNOWN,,,admin_service,,Not Specified (1)
Investment Portfolio Officer,1,Other / Unclassified,UNKNOWN,,,admin_service,,Aberdeen (1)
Finance Manager (Part-time),1,Professional Finance / Accountancy,UNKNOWN,,,finance_accounts,,Wallingford (1)
Lead Traffic Management System (TMS) Engineer,1,Engineering / Technical,UNKNOWN,,,,,Not Specified (1)
Cloud Platform Lead,1,IT / Data / Software,UNKNOWN,,,,,Glasgow (1)
Service Asset & Configuration Manager,1,Other / Unclassified,UNKNOWN,,,,,Corsham (1)
Curriculum Leader ICT,1,Education / Teaching,UNKNOWN,,,,,Yeovil (1)
e:Vision and Systems Developer,1,IT / Data / Software,UNKNOWN,,,,,Reading (1)
Systems Test Engineer (RF),1,IT / Data / Software,UNKNOWN,,,,,St. Neots (1)
Software / Firmware Engineer,1,IT / Data / Software,UNKNOWN,,,,,Glasgow (1)
Individual Giving and Legacy Manager,1,Other / Unclassified,UNKNOWN,,,,,Not Specified (1)
Drive Case Manager for Northamptonshire,1,Other / Unclassified,UNKNOWN,,,,,Northampton (1)
HGV CE Class 1 Driver Store Deliveries Days or Nights,1,Driving / Warehouse / Logistics,UNKNOWN,,,,,Redditch (1)
Van Multidrop Driver,1,Driving / Warehouse / Logistics,UNKNOWN,,,,,Exeter (1)
HGV Class 1 Driver - Northampton,1,Driving / Warehouse / Logistics,UNKNOWN,,,,,Northampton (1)
HGV Class 1 Driver - Early AM,1,Driving / Warehouse / Logistics,UNKNOWN,,,,,Stafford (1)
HGV Class 2 Multidrop Driver,1,Driving / Warehouse / Logistics,UNKNOWN,,,,,Leicester (1)
Class 2 Driver Bolton,1,Driving / Warehouse / Logistics,UNKNOWN,,,,,Not Specified (1)
Class 2 Driver Concrete Drum Mixer - Temp to Perm,1,Driving / Warehouse / Logistics,UNKNOWN,,,,,Not Specified (1)
Class 1 HGV Days Driver Plus night out,1,Driving / Warehouse / Logistics,UNKNOWN,,,,,Leeds (1)
Guest Experience Manager,1,Other / Unclassified,UNKNOWN,,,,,Rickmansworth (1)
Business Development Manager - Digital Forensics,1,Sales / Business Development,UNKNOWN,,,,,Not Specified (1)
"Product Manager, Agent Development - German speaking",1,IT / Data / Software,UNKNOWN,,,,,Not Specified (1)
Paediatric Registered Nurse,1,Healthcare / Clinical,UNKNOWN,,,,,Weymouth (1)
Accounts and Audit Accountant,1,Professional Finance / Accountancy,UNKNOWN,,,finance_accounts,,Wisbech (1)
Cost Controller - manufacturing sector,1,Other / Unclassified,UNKNOWN,,,,,Halstead (1)
Power Platform / D365 Technical Lead,1,Other / Unclassified,UNKNOWN,,,,,City (1)
Senior Systems Engineer - Wireless Communications,1,IT / Data / Software,UNKNOWN,,,,,Southampton (1)
Registered Nurse/Paramedic - Carlisle - BANK,1,Healthcare / Clinical,UNKNOWN,,,,,Carlisle (1)
Care Assistant (Nights),1,Care / Support Work,UNKNOWN,,,support_worker,,Taunton (1)
Alarm Optimisation Technical Assistant,1,Other / Unclassified,UNKNOWN,,,,,Exeter (1)
Senior Systems Engineer - Electronics,1,IT / Data / Software,UNKNOWN,,,,,Luton (1)
Mobile Generator Engineer Power,1,Engineering / Technical,UNKNOWN,,,,,Glasgow (1)
Class 2 Cargo Driver,1,Driving / Warehouse / Logistics,UNKNOWN,,,,,Slough (1)
HGV CLASS 1 DRIVER - DAYS/NIGHTS (must have 2 years experience),1,Driving / Warehouse / Logistics,UNKNOWN,,,,,Luton (1)
Class 2 LGV Driver,1,Driving / Warehouse / Logistics,UNKNOWN,,,,,Slough (1)
Graduate Recruitment Consultant (Uncapped Commission),1,HR / Recruitment,UNKNOWN,,,hr_recruitment,,Bristol (1)
Apprentice Residential Support Worker,1,Care / Support Work,UNKNOWN,,,support_worker,,Knutsford (1)
Lecturer in Digital Technologies,1,Education / Teaching,UNKNOWN,,,,,Not Specified (1)
Lecturer in Business & Digital Transformation - West London,1,Education / Teaching,UNKNOWN,,,,,Not Specified (1)
HGV Drivers - Class 1 and 2,1,Driving / Warehouse / Logistics,UNKNOWN,,,,,Bristol (1)
HGV1 Driver - All experiences welcome,1,Driving / Warehouse / Logistics,UNKNOWN,,,,,Spalding (1)
HGV Class 1 Driver - 4 on 4 off Weekly Pay,1,Driving / Warehouse / Logistics,UNKNOWN,,,,,Spalding (1)
FLT Driver- Temp to Perm,1,Driving / Warehouse / Logistics,UNKNOWN,,,,,Grimsby (1)
Compound Driver Grimsby,1,Driving / Warehouse / Logistics,UNKNOWN,,,,,Grimsby (1)
HGV Driver - Class 1,1,Driving / Warehouse / Logistics,UNKNOWN,,,,,York (1)
Class 1 ADR Tanker Driver - Heathrow,1,Driving / Warehouse / Logistics,UNKNOWN,,,,,Not Specified (1)
HGV Driver - Guaranteed Work,1,Driving / Warehouse / Logistics,UNKNOWN,,,,,Rugby (1)
HGV Class 2 Driver - Tues to Sat - New Rates!,1,Driving / Warehouse / Logistics,UNKNOWN,,,,,Burton-on-trent (1)
Class II Service Driver,1,Driving / Warehouse / Logistics,UNKNOWN,,,,,Sutton Coldfield (1)
Class 1 Driver - Cumbernauld,1,Driving / Warehouse / Logistics,UNKNOWN,,,,,Glasgow (1)
"VNA Drivers, Mornings, Days or Nights",1,Other / Unclassified,UNKNOWN,,,,,Corby (1)
Afternoon Shunter,1,Other / Unclassified,UNKNOWN,,,,,Spalding (1)
Evening/Night Class 1 Driver - Full Time,1,Driving / Warehouse / Logistics,UNKNOWN,,,,,Bristol (1)
HGV Class 1 Driver - Motherwell,1,Driving / Warehouse / Logistics,UNKNOWN,,,,,Wishaw (1)
Class 1 HGV Drivers,1,Driving / Warehouse / Logistics,UNKNOWN,,,,,Stoke-on-trent (1)
ELT 7.5T Driver,1,Driving / Warehouse / Logistics,UNKNOWN,,,,,Guildford (1)
LGV Tanker Driver,1,Driving / Warehouse / Logistics,UNKNOWN,,,,,Bridgwater (1)
HGV Delivery Driver,1,Driving / Warehouse / Logistics,UNKNOWN,,,,,Aylesford (1)
Winter Maintenance Driver - Salisbury area,1,Engineering / Technical,UNKNOWN,,,,,Salisbury (1)
Cylinder Driver - Class 2 ADR Driver - Bury Saint Edmunds,1,Driving / Warehouse / Logistics,UNKNOWN,,,,,Bury St. Edmunds (1)
Cylinder Driver - Class 2 ADR Driver - WIrral,1,Driving / Warehouse / Logistics,UNKNOWN,,,,,Birkenhead (1)
Cylinder Driver - Class 2 ADR Driver - Preston,1,Driving / Warehouse / Logistics,UNKNOWN,,,,,Preston (1)
Cylinder Driver - Class 2 ADR Driver - Stoke on Trent,1,Driving / Warehouse / Logistics,UNKNOWN,,,,,Stoke-on-trent (1)
Class 1 ADR Tanker Driver (C+E) - Nights - Stoney Stanton,1,Driving / Warehouse / Logistics,UNKNOWN,,,,,Leicester (1)
Class 2 ADR Tanker Driver - Days- Saxham,1,Driving / Warehouse / Logistics,UNKNOWN,,,,,Bury St. Edmunds (1)
Class 2 ADR Tanker Driver - Nights - Bury St Edmunds,1,Driving / Warehouse / Logistics,UNKNOWN,,,,,Bury St. Edmunds (1)
Class 2 ADR Tanker Driver - Days- Cranbrook,1,Driving / Warehouse / Logistics,UNKNOWN,,,,,Cranbrook (1)
Class 2 ADR Tanker Driver - Nights - Cranbrook,1,Driving / Warehouse / Logistics,UNKNOWN,,,,,Cranbrook (1)
Class 1 ADR Tanker Driver (C+E) - Nights - Southampton (Fawley),1,Driving / Warehouse / Logistics,UNKNOWN,,,,,Southampton (1)
Class 1 ADR Driver - Bury St Edmunds - Nights,1,Driving / Warehouse / Logistics,UNKNOWN,,,,,Bury St. Edmunds (1)
HGV C+E Class 1 Driver,1,Driving / Warehouse / Logistics,UNKNOWN,,,,,Morecambe (1)
PPT driver NIGHT Unit 1,1,Driving / Warehouse / Logistics,UNKNOWN,,,,,Not Specified (1)
PPT driver Afternoon Shift,1,Driving / Warehouse / Logistics,UNKNOWN,,,,,Not Specified (1)
Class 2 ADR Driver - Norwich,1,Driving / Warehouse / Logistics,UNKNOWN,,,,,Norwich (1)
Class 2 Driver Nights,1,Driving / Warehouse / Logistics,UNKNOWN,,,,,Worcester (1)
HGV Class 1 Driver - Belfast,1,Driving / Warehouse / Logistics,UNKNOWN,,,,,Newtownabbey (1)
HGV Class 1 Driver - Exeter,1,Driving / Warehouse / Logistics,UNKNOWN,,,,,Not Specified (1)
Class 1 ADR Driver - Trunking Cylinders - Stoney Stanton,1,Driving / Warehouse / Logistics,UNKNOWN,,,,,Leicester (1)
HGV Class 2 Driver - £15-£18ph - Immediate Start - Oxford,1,Driving / Warehouse / Logistics,UNKNOWN,,,,,Oxford (1)
LGV Class 2 Driver - Glasgow,1,Driving / Warehouse / Logistics,UNKNOWN,,,,,Glasgow (1)
Cylinder Driver - Class 2 ADR Driver - Stanford-le-Hope,1,Driving / Warehouse / Logistics,UNKNOWN,,,,,Stanford-le-hope (1)
Buyer - Fresh Produce,1,Procurement / Buying / Supply Chain,UNKNOWN,,,,,Tonbridge (1)
Procurement Engineer,1,Engineering / Technical,UNKNOWN,,,,,Witney (1)
International Product Manager - Pharmaceutical chemicals and solvents,1,IT / Data / Software,UNKNOWN,,,,,Not Specified (1)
Senior Delivery Supervisor,1,Other / Unclassified,UNKNOWN,,,,,Normanton (1)
Traffic Management Operative & Planner,1,Other / Unclassified,UNKNOWN,,,,,Peterborough (1)
Senior European Road Freight Operator,1,Other / Unclassified,UNKNOWN,,,,,Coalville (1)
Deputy Manager Care Home,1,Other / Unclassified,UNKNOWN,,,,,Haslemere (1)
Voids & Lettings Officer,1,Construction / Trades / Property,UNKNOWN,,,admin_service,,Cambridge (1)
Housing Services Manager,1,Other / Unclassified,KNOWN,admin_service:OUT_OF_SCOPE,,,,Rochester (1)
Registered Manager Childrens Home,1,Other / Unclassified,KNOWN,admin_service:OUT_OF_SCOPE,,,,Not Specified (1)
Rental Agent - Full Time,1,Other / Unclassified,UNKNOWN,,,,,Exeter (1)
Graduate Recruitment Consultant - No Experience Needed,1,HR / Recruitment,UNKNOWN,,,hr_recruitment,,Bristol (1)
Executive Recruitment Consultant,1,HR / Recruitment,UNKNOWN,,,hr_recruitment,,Bristol (1)
Workforce Manager,1,Other / Unclassified,UNKNOWN,,,,,Salisbury (1)
Placement Coordinator - Construction,1,Construction / Trades / Property,UNKNOWN,,,admin_service,,Poole (1)
Recruitment Specialist,1,HR / Recruitment,UNKNOWN,,,hr_recruitment,,Bedford (1)
Agent Maestro - Closed Book Pensions Transformation & Agentic Operations,1,Other / Unclassified,UNKNOWN,,,,,Edinburgh (1)
"Senior Associate Commercial Adviser, Major Water Infrastructure Projec",1,IT / Data / Software,UNKNOWN,,,,,Not Specified (1)
Senior FCL Operations Executive,1,Other / Unclassified,UNKNOWN,,,,,Hull (1)
Experienced Window & Door Sales Consultant,1,Sales / Business Development,UNKNOWN,,,,,Frome (1)
Client Loss Consultant,1,Other / Unclassified,UNKNOWN,,,,,Edinburgh (1)
FLT Driver/Farm hand,1,Driving / Warehouse / Logistics,UNKNOWN,,,,,Forres (1)
Community Paediatric Nurse,1,Healthcare / Clinical,UNKNOWN,,,,,Not Specified (1)
Open Evening - Childrens Residential Support Worker,1,Care / Support Work,UNKNOWN,,,support_worker,,Wigton (1)
CYP Clinical Psychologist ADHD Assessment Service,1,Healthcare / Clinical,UNKNOWN,,,,,Not Specified (1)
Clinical Psychologist Adult Autism,1,Healthcare / Clinical,UNKNOWN,,,,,Not Specified (1)
Regional Lead Psychologist,1,Other / Unclassified,UNKNOWN,,,,,Borehamwood (1)
Female Rehabilitation Support Companion,1,Other / Unclassified,UNKNOWN,,,,,Carlisle (1)
"Reliability Maintenance Engineering Technician , AMZL",1,Engineering / Technical,UNKNOWN,,,,,Maidstone (1)
"Reliability Maintenance Engineering Technician, AMZL - Southampton",1,Engineering / Technical,UNKNOWN,,,,,Southampton (1)
"Senior Reliability Maintenance Engineering Technician, EMA5 RME",1,Engineering / Technical,UNKNOWN,,,,,Kettering (1)
"Senior RME Technician, DSA6 RME Team",1,Engineering / Technical,UNKNOWN,,,,,Dewsbury (1)
"Reliability Maintenance Engineering Technician,",1,Engineering / Technical,UNKNOWN,,,,,Dunstable (1)
Maintenance Area Manager,1,Engineering / Technical,UNKNOWN,,,,,Kettering (1)
"Reliability Maintenance Engineering Technician, RMET",1,Engineering / Technical,UNKNOWN,,,,,Plymouth (1)
"Reliability Maintenance Engineering Technician , RME ENG2",1,Engineering / Technical,UNKNOWN,,,,,Birmingham (1)
"Reliability Maintenance Engineering Technician , RME",1,Engineering / Technical,UNKNOWN,,,,,Beverley (1)
"Reliability Maintenance Engineering Technician, BHX8-RME",1,Engineering / Technical,UNKNOWN,,,,,Redditch (1)
"Maintenance Team Lead, NCL2 RME",1,Engineering / Technical,UNKNOWN,,,,,Stockton-on-tees (1)
"RME Technician, RME",1,Engineering / Technical,UNKNOWN,,,,,Dunstable (1)
"Multi-skilled Technician - Daventry UK, RME",1,Engineering / Technical,UNKNOWN,,,,,Daventry (1)
"Reliability Maintenance Engineering Technician, STN8 RME",1,Engineering / Technical,UNKNOWN,,,,,Milton Keynes (1)
"Reliability Maintenance Engineering Technician, RME",1,Engineering / Technical,UNKNOWN,,,,,Daventry (1)
"Area Manager , Operations Lead",1,Operations / General Management,UNKNOWN,,,,,Hinckley (1)
"Area Manager, LCY3",1,Operations / General Management,UNKNOWN,,,,,Northfleet (1)
"Area Manager, DCR3, Amazon Logistics",1,Driving / Warehouse / Logistics,UNKNOWN,,,warehouse_logistics,,Croydon (1)
Military - Area Manager LCY2,1,Operations / General Management,UNKNOWN,,,,,Tilbury (1)
"Military Area Manager, LCY3",1,Operations / General Management,UNKNOWN,,,,,Northfleet (1)
"Area Manager, Night Shift",1,Operations / General Management,UNKNOWN,,,,,Bognor Regis (1)
"Area Manager, DDD1",1,Operations / General Management,UNKNOWN,,,,,Not Specified (1)
"Area Manager,",1,Operations / General Management,UNKNOWN,,,,,Tilbury (1)
"Area Manager, AMZL-Delivery Station",1,Operations / General Management,UNKNOWN,,,,,Cheltenham (1)
"Area Manager, FC Operations",1,Operations / General Management,UNKNOWN,,,,,Dewsbury (1)
"(P) Area Manager, UK Central Fulfillment",1,Operations / General Management,UNKNOWN,,,,,Woolston (1)
Church Engagement Manager,1,Other / Unclassified,UNKNOWN,,,,,Oxford (1)
Class 2 Multi drop,1,Other / Unclassified,UNKNOWN,,,,,Basingstoke (1)
HGV1 Class 1 Drivers,1,Other / Unclassified,UNKNOWN,,,,,Ashby-de-la-zouch (1)
Class 1 Driver 4 on 4 off,1,Driving / Warehouse / Logistics,UNKNOWN,,,,,Lutterworth (1)
HGV Driver Class 1,1,Driving / Warehouse / Logistics,UNKNOWN,,,,,Runcorn (1)
Registered Manager - Learning Disabilities,1,Other / Unclassified,UNKNOWN,,,,,Bordon (1)
Operations Manager - Night Shift,1,Operations / General Management,UNKNOWN,,,,,Not Specified (1)
Gas Auditor - Domestic Large Businesses,1,Professional Finance / Accountancy,UNKNOWN,,,,,Basildon (1)
Level 3 Qualified Personal Trainer - Hounslow,1,Other / Unclassified,UNKNOWN,,,,,Hounslow (1)
Technical Hub Coordinator,1,Admin / Customer Service,UNKNOWN,,,admin_service,,Loughborough (1)
Onsite Account Coordinator,1,Admin / Customer Service,UNKNOWN,,,admin_service,,Cannock (1)
Specification Sales Manager LED Lighting,1,Sales / Business Development,UNKNOWN,,,,,Leicester (1)
Field Care Coordinator,1,Care / Support Work,KNOWN,admin_service:ELASTIC_FIT,admin_service,admin_service,,St. Leonards-on-sea (1)
Account Manager Engineering,1,Engineering / Technical,UNKNOWN,,,,,Exeter (1)
Bridging BDM,1,Sales / Business Development,UNKNOWN,,,,,Warrington (1)
Customer Care Office Manager,1,Admin / Customer Service,UNKNOWN,,,admin_service,,Perth (1)
Private Client Tax Adviser,1,Professional Finance / Accountancy,UNKNOWN,,,,,Tring (1)
Site Installation Supervisor (Commercial),1,Other / Unclassified,UNKNOWN,,,,,Leeds (1)
Quality Assurance Team Leader Night Shift,1,Other / Unclassified,UNKNOWN,,,,,Lincoln (1)
Dual Residential Registered Manager,1,Other / Unclassified,UNKNOWN,,,,,Poole (1)
Junior Device Technologist,1,Other / Unclassified,UNKNOWN,,,,,Chipping Norton (1)
D365 Developer - Financial Services - York (hybrid / remote),1,IT / Data / Software,UNKNOWN,,,,,York (1)
Service Manager Residential Portfolio,1,Other / Unclassified,UNKNOWN,,,,,Barnsley (1)
Technical Consultant Python AWS SaaS,1,Other / Unclassified,UNKNOWN,,,,,Not Specified (1)
Sales Supervisor - flexible hours,1,Sales / Business Development,UNKNOWN,,,,,Wadebridge (1)
Internal Audit Lead,1,Professional Finance / Accountancy,UNKNOWN,,,,,Alfreton (1)
Golang Developer,1,IT / Data / Software,UNKNOWN,,,,,Burgess Hill (1)
Workday Finance Consultant,1,Professional Finance / Accountancy,UNKNOWN,,,finance_accounts,,City (1)
Tungsten Automation Consultant,1,Other / Unclassified,UNKNOWN,,,,,City (1)
Heat Network and Energy Lead,1,Other / Unclassified,UNKNOWN,,,,,Not Specified (1)
HR & Payroll Manager,1,Professional Finance / Accountancy,UNKNOWN,,,finance_accounts; hr_recruitment,,Bonnybridge (1)
Sales/Account Manager (Hybrid),1,Sales / Business Development,UNKNOWN,,,,,Salisbury (1)
Digital Fundraising and Campaign Lead,1,Marketing / Digital / Creative,UNKNOWN,,,,,Folkestone (1)
Business Development Manager - pallets,1,Sales / Business Development,UNKNOWN,,,,,Doncaster (1)
Senior Broadcast Systems Designer,1,Marketing / Digital / Creative,UNKNOWN,,,,,Not Specified (1)
"Tax Director, Northern Europe",1,Professional Finance / Accountancy,UNKNOWN,,,,,City (1)
QA Manager,1,Other / Unclassified,UNKNOWN,,,,,Bodmin (1)
Regional Workplace Experience & Performance Lead,1,Other / Unclassified,UNKNOWN,,,,,Windsor (1)
Fixed Asset Controller,1,Other / Unclassified,UNKNOWN,,,,,Lincoln (1)
Sales Manager Fabrics,1,Sales / Business Development,UNKNOWN,,,,,City (1)
Level 3 Qualified Personal Trainer - Manchester Ashton Old Road,1,Other / Unclassified,UNKNOWN,,,,,Not Specified (1)
IT Sales Admin,1,Sales / Business Development,UNKNOWN,,,admin_service,,Livingston (1)
Level 3 qualified Personal Trainer - Nuneaton,1,Other / Unclassified,UNKNOWN,,,,,Nuneaton (1)
Area Manager - Early Years,1,Operations / General Management,UNKNOWN,,,,,Leeds (1)
"VAT & PSA Assistant Manager, PAYE Settlement Agreement, Gatwick",1,Other / Unclassified,UNKNOWN,,,,,Crawley (1)
Door to Door Field Sales Executive,1,Sales / Business Development,UNKNOWN,,,,,Not Specified (1)
Business Manager - Highways & Transport Technology,1,Other / Unclassified,UNKNOWN,,,,,Newark (1)
Technical Sales Engineer / Business Development Manager,1,Engineering / Technical,UNKNOWN,,,,,Clydebank (1)
Business Development Representative - Join our Talent Pool,1,Sales / Business Development,UNKNOWN,,,hr_recruitment,,Cambridge (1)
Accountant Ellesmere Port Hybrid Role,1,Professional Finance / Accountancy,UNKNOWN,,,,,Ellesmere Port (1)
Road Logistics Business Development Manager,1,Driving / Warehouse / Logistics,UNKNOWN,,,warehouse_logistics,,Not Specified (1)
IT Technical Specialist,1,Other / Unclassified,UNKNOWN,,,,,Glasgow (1)
Product Business Development Manager,1,Sales / Business Development,UNKNOWN,,,,,Tewkesbury (1)
Senior Recruitment & Training Consultant,1,HR / Recruitment,UNKNOWN,,,hr_recruitment,,Not Specified (1)
Supplier Management Specialist - MRO,1,Other / Unclassified,UNKNOWN,,,,,Cwmbran (1)
BizTalk Developer; EDI & Middleware; Macclesfield; £45k-£50k,1,IT / Data / Software,UNKNOWN,,,,,Macclesfield (1)
People & Talent Partner,1,HR / Recruitment,UNKNOWN,,,hr_recruitment,,Not Specified (1)
Assistant Head (Director of Inclusion),1,Other / Unclassified,UNKNOWN,,,,,Lewisham (1)
Resourcer,1,Other / Unclassified,UNKNOWN,,,,,Wallingford (1)
Head of Corporate Fundraising,1,Other / Unclassified,UNKNOWN,,,,,Swindon (1)
Product Innovation Manager UK&I,1,Other / Unclassified,UNKNOWN,,,,,Not Specified (1)
Faculty Support Administrator,1,Admin / Customer Service,UNKNOWN,,,admin_service,,Cranfield (1)
Night Ambulance Crew - 6 Month Fixed Term Contract,1,Other / Unclassified,UNKNOWN,,,,,Bristol (1)
Senior PKI Engineer,1,Engineering / Technical,UNKNOWN,,,,,Hackney (1)
Service Manager - Children in Care Team,1,Other / Unclassified,UNKNOWN,,,,,Dudley (1)
Senior Case Worker (Adults' Mental Health Safeguarding Hub),1,Other / Unclassified,UNKNOWN,,,,,Winchester (1)
Social Care Practitioner (Adult Social Care),1,Other / Unclassified,UNKNOWN,,,,,Wokingham (1)
Children's Homes Support Worker,1,Care / Support Work,UNKNOWN,,,support_worker,,Romsey (1)
Senior Case Worker (Hospitals),1,Other / Unclassified,UNKNOWN,,,,,Winchester (1)
Area Sales Manager Scaffolding,1,Sales / Business Development,UNKNOWN,,,,,Bristol (1)
Senior Financial Services Administrator,1,Admin / Customer Service,KNOWN,finance_accounts:HARD_PASS; customer_service_contact_centre:REVIEW_CONTEXT_DEPENDENT; hr_recruitment:REVIEW_CONTEXT_DEPENDENT,,admin_service,,Leicester (1)
Senior QA Tester,1,Other / Unclassified,UNKNOWN,,,,,Newcastle Upon Tyne (1)
Senior DevOps Engineer,1,IT / Data / Software,UNKNOWN,,,,,Blackpool (1)
Business Development Director - Change and Transformation,1,Sales / Business Development,UNKNOWN,,,,,City (1)
C-CURE Engineer,1,Engineering / Technical,UNKNOWN,,,,,Not Specified (1)
Safety Management Systems (SMS) Manager,1,Other / Unclassified,UNKNOWN,,,,,Tring (1)
System Engineer,1,Engineering / Technical,UNKNOWN,,,,,Not Specified (1)
Principal Safety Case Engineer,1,Engineering / Technical,UNKNOWN,,,,,Warrington (1)
Field Support Engineer,1,Engineering / Technical,UNKNOWN,,,,,Paisley (1)
QA Team Leader,1,Other / Unclassified,UNKNOWN,,,,,Ilminster (1)
Consultant Surgeon (m/f/d) Specialist Centre For Lipedema Surgery London,1,Other / Unclassified,UNKNOWN,,,,,Not Specified (1)
"Optometrist / Hanley / £65,000",1,Other / Unclassified,UNKNOWN,,,,,Hanley (1)
"Durham Optometrist - Independent - Up to £65,000 !",1,Other / Unclassified,UNKNOWN,,,,,Consett (1)
"Dundee Clinical Optometrist Role - Up to £65,000 !",1,Healthcare / Clinical,UNKNOWN,,,,,City (1)
"Taunton Clinical Optometrist Role - Up to £70,000 !",1,Healthcare / Clinical,UNKNOWN,,,,,Taunton (1)
"Thurrock Optometrist Role - Up to £65,000 !",1,Other / Unclassified,UNKNOWN,,,,,Grays (1)
"Exeter Optometrist - Independent - Up to £65,000 !",1,Other / Unclassified,UNKNOWN,,,,,Exeter (1)
"Fraserburgh Optometrist - Independent - Up to £65,000 !",1,Other / Unclassified,UNKNOWN,,,,,Fraserburgh (1)
"Musselburgh Optometrist - Independent - Up to £70,000 !",1,Other / Unclassified,UNKNOWN,,,,,Musselburgh (1)
"Hemel Hempstead Optometrist - Independent - Up to £55,000 !",1,Other / Unclassified,UNKNOWN,,,,,Hemel Hempstead (1)
"Bishops Stortford Optometrist Role - Up to £65,000 !",1,Other / Unclassified,UNKNOWN,,,,,Bishop's Stortford (1)
HGV Class 2 Moffett Driver,1,Driving / Warehouse / Logistics,UNKNOWN,,,,,Not Specified (1)
Class 1 HGV LGV Driver - Day Shifts and Tramping Work Available,1,Driving / Warehouse / Logistics,UNKNOWN,,,,,Derby (1)
7.5T / Class 2 Driver - Wigan (WN5) - £15.50 per Hour,1,Driving / Warehouse / Logistics,UNKNOWN,,,,,Not Specified (1)
Class 1 HGV LGV Driver Tramping,1,Driving / Warehouse / Logistics,UNKNOWN,,,,,Nottingham (1)
2026 - Ikea - Dartford - Class 2,1,Other / Unclassified,UNKNOWN,,,,,Dartford (1)
HGV Class 1 Drivers - Fridge,1,Driving / Warehouse / Logistics,UNKNOWN,,,,,Corby (1)
Class 1 Driver Manchester - M26 1GG,1,Driving / Warehouse / Logistics,UNKNOWN,,,,,Not Specified (1)
Class1 Tramper,1,Other / Unclassified,UNKNOWN,,,,,Coventry (1)
PSV Driver,1,Driving / Warehouse / Logistics,UNKNOWN,,,,,Redditch (1)
Reach Truck Driver - Bridgwater (TA6),1,Driving / Warehouse / Logistics,UNKNOWN,,,,,Bridgwater (1)
Multi Drop Driver,1,Driving / Warehouse / Logistics,UNKNOWN,,,,,York (1)
Entry Level Trainer (Vehicles),1,Other / Unclassified,UNKNOWN,,,,,Luton (1)
HGV 2 HIAB concrete driver,1,Driving / Warehouse / Logistics,UNKNOWN,,,,,Dewsbury (1)
Class 1 Tanker - Temp to Perm,1,Other / Unclassified,UNKNOWN,,,,,Not Specified (1)
HGV Class 1 Drivers Days,1,Driving / Warehouse / Logistics,UNKNOWN,,,,,Leeds (1)
FLT Drivers,1,Driving / Warehouse / Logistics,UNKNOWN,,,,,Not Specified (1)
Shunter Driver (C/CE) Days Norwich,1,Driving / Warehouse / Logistics,UNKNOWN,,,,,Norwich (1)
Class 2 Driver - Faringdon,1,Driving / Warehouse / Logistics,UNKNOWN,,,,,Faringdon (1)
HGV Class 1 Driver Immediate Starts!,1,Driving / Warehouse / Logistics,UNKNOWN,,,,,Bathgate (1)
Cylinder Driver - Class 2 ADR Driver - Cranbrook,1,Driving / Warehouse / Logistics,UNKNOWN,,,,,Cranbrook (1)
Heavy and Bulky Delivery Driver,1,Driving / Warehouse / Logistics,UNKNOWN,,,,,Glasgow (1)
Class 1 Weekend Driver,1,Driving / Warehouse / Logistics,UNKNOWN,,,,,Bristol (1)
Forklift Technician,1,Engineering / Technical,UNKNOWN,,,warehouse_logistics,,Northampton (1)
Reach Truck FLT Driver - Night Shift,1,Driving / Warehouse / Logistics,UNKNOWN,,,,,Northampton (1)
Class 1 Night Shift,1,Other / Unclassified,UNKNOWN,,,,,Warrington (1)
Class 1 4on 4off Driver,1,Driving / Warehouse / Logistics,UNKNOWN,,,,,Warrington (1)
Despatch PPT Drivers,1,Driving / Warehouse / Logistics,UNKNOWN,,,,,Lincoln (1)
Incoming Quality Inspector,1,Other / Unclassified,UNKNOWN,,,,,Not Specified (1)
Assistant Buying Manager,1,Procurement / Buying / Supply Chain,UNKNOWN,,,,,Watford (1)
Family Engagement Manager,1,Other / Unclassified,UNKNOWN,,,,,Not Specified (1)
Logistics Operative,1,Driving / Warehouse / Logistics,UNKNOWN,,,warehouse_logistics,,Cambridge (1)
Female Team Leader - Supported Living,1,Other / Unclassified,UNKNOWN,,,,,Southend-on-sea (1)
Property Manager (Block),1,Construction / Trades / Property,UNKNOWN,,,,,Not Specified (1)
Children's Home Deputy Manager,1,Other / Unclassified,KNOWN,admin_service:OUT_OF_SCOPE,,,,Southampton (1)
Artwork Coordinator,1,Admin / Customer Service,UNKNOWN,,,admin_service,,Tipton (1)
Bid Engineer (Aerospace/Defence),1,Engineering / Technical,UNKNOWN,,,,,Not Specified (1)
Workday Recruitment Support Officer,1,HR / Recruitment,UNKNOWN,,,admin_service; hr_recruitment,,Sheffield (1)
"ECT's needed Crewe, Sandbach, Congleton & Macclesfield",1,Other / Unclassified,UNKNOWN,,,,,Sandbach (1)
Deputy Sendco,1,Other / Unclassified,UNKNOWN,,,,,Not Specified (1)
Sales Executive - UKI,1,Sales / Business Development,UNKNOWN,,,,,Edinburgh (1)
Outbound Sales Executive,1,Sales / Business Development,UNKNOWN,,,,,Wrexham (1)
Sales Executive (Building Services / Ventilation),1,Sales / Business Development,UNKNOWN,,,,,Southend-on-sea (1)
"Self-Employed Mortgage Adviser Your Business, Your Way, Fully Remote",1,Financial Advice / Mortgages,UNKNOWN,,,,,Ipswich (1)
Disease Claims Handler (3 - Month FTC),1,Other / Unclassified,UNKNOWN,,,,,Newcastle Upon Tyne (1)
Technical Salesperson (Office Based),1,Other / Unclassified,UNKNOWN,,,admin_service,,Kettering (1)
Intermediary Sales Adviser,1,Sales / Business Development,UNKNOWN,,,,,Newbury (1)
Service Controller,1,Other / Unclassified,UNKNOWN,,,,,Bromley (1)
Mobile Patrol Officer,1,Other / Unclassified,UNKNOWN,,,admin_service,,Guildford (1)
Social Worker - Safeguarding,1,Care / Support Work,UNKNOWN,,,,,Haverfordwest (1)
Psychology Graduate Teaching Assistant - Newbury,1,Education / Teaching,UNKNOWN,,,,,Newbury (1)
Female Healthcare Assistants,1,Healthcare / Clinical,UNKNOWN,,,support_worker,,St. Asaph (1)
Nurse Case Manager,1,Healthcare / Clinical,UNKNOWN,,,,,Esher (1)
Part-Time Supervising Social Worker - Fostering,1,Care / Support Work,UNKNOWN,,,,,Wisbech (1)
Support Worker Waking Nights,1,Care / Support Work,UNKNOWN,,,support_worker,,Warminster (1)
Specialist Care Support Worker Winchester,1,Care / Support Work,UNKNOWN,,,support_worker,,Winchester (1)
Home Care Team Leader,1,Care / Support Work,UNKNOWN,,,,,Hull (1)
Senior Night Carer,1,Care / Support Work,UNKNOWN,,,,,Tenterden (1)
Airbus - Systems Engineer - Nuclear Hardening,1,IT / Data / Software,UNKNOWN,,,,,Portsmouth (1)
Airbus - Systems Engineer - TEMPEST/EMC,1,IT / Data / Software,UNKNOWN,,,,,Portsmouth (1)
Senior Remediation Legal Compliance Manager,1,Legal / Conveyancing,UNKNOWN,,,,,Not Specified (1)
Remediation Legal Compliance Manager,1,Legal / Conveyancing,UNKNOWN,,,,,Not Specified (1)
Media & Partnerships Lead,1,Other / Unclassified,UNKNOWN,,,,,Chester (1)
Assistant Lecturer - Health,1,Education / Teaching,UNKNOWN,,,,,Not Specified (1)
"Eastbourne Optometrist Role - Up to £75,000 !",1,Other / Unclassified,UNKNOWN,,,,,Eastbourne (1)
"Sudbury - Independent - Up to £75,000 FTE!",1,Other / Unclassified,UNKNOWN,,,,,Sudbury (1)
"Eastleigh Optometrist Role - Up to £75,000 !",1,Other / Unclassified,UNKNOWN,,,,,Eastleigh (1)
"Winchester Independent Optometrist Role - Up to £70,000 !",1,Other / Unclassified,UNKNOWN,,,,,Winchester (1)
"Newcastle Optometrist - Independent - Up to £65,000 !",1,Other / Unclassified,UNKNOWN,,,,,City (1)
"Perth Optometrist Role - Up to £65,000 !",1,Other / Unclassified,UNKNOWN,,,,,Perth (1)
"Lincolnshire Optometrist Role - Up to £65,000",1,Other / Unclassified,UNKNOWN,,,,,Not Specified (1)
"Cardiff Optometrist Role - Up to £65,000 !",1,Other / Unclassified,UNKNOWN,,,,,Not Specified (1)
"Optometrist / £75,000 / Eastbourne",1,Other / Unclassified,UNKNOWN,,,,,Eastbourne (1)
Qualified Hearing Aid Dispenser job in Northampton,1,Other / Unclassified,UNKNOWN,,,,,Northampton (1)
"Optometrist / Truro / £72,000",1,Other / Unclassified,UNKNOWN,,,,,Truro (1)
"Optometrist / Edinburgh / £65,000",1,Other / Unclassified,UNKNOWN,,,,,City (1)
"Optometrist / Exeter / £65,000",1,Other / Unclassified,UNKNOWN,,,,,Exeter (1)
"Optometrist / Southampton / £70,000",1,Other / Unclassified,UNKNOWN,,,,,Southampton (1)
Dispensing Optician - Galway 50-55k,1,Other / Unclassified,UNKNOWN,,,,,Ireland (1)
Part Dispensing Optician - Bristol - Independent Opticians - Up to 35K Pro Rata,1,Other / Unclassified,UNKNOWN,,,,,Not Specified (1)
Optometrist - Bexhill-on-Sea - Independent,1,Other / Unclassified,UNKNOWN,,,,,Bexhill-on-sea (1)
Dispensing Optician - Weybridge - Independent,1,Other / Unclassified,UNKNOWN,,,,,Weybridge (1)
Lead Optometrist - Bristol - Up to £70K + Bonus + Relocation Package,1,Other / Unclassified,UNKNOWN,,,,,Not Specified (1)
"Dispensing Optician - Independent Opticians - Bishop's Stortford - £30,000-£36,000",1,Other / Unclassified,UNKNOWN,,,,,Bishop's Stortford (1)
Optical Assistant - Woodseats (Sheffield),1,Other / Unclassified,UNKNOWN,,,,,Not Specified (1)
Optical Assistant - Rickmansworth - Advanced Practice,1,Other / Unclassified,UNKNOWN,,,,,Rickmansworth (1)
Optical Assistant - Sheffield (Norton),1,Other / Unclassified,UNKNOWN,,,,,Not Specified (1)
Dispensing Optician - Nottingham - Bespoke Independent,1,Other / Unclassified,UNKNOWN,,,,,Nottingham (1)
Dispensing Optician Manager - Harlow - 100% Independent,1,Other / Unclassified,UNKNOWN,,,,,Harlow (1)
Dispensing Optician - Pinner - 100% Independent,1,Other / Unclassified,UNKNOWN,,,,,Pinner (1)
Optical Glazing Technician- Milton Keynes - Office Based - Up to 29K,1,Engineering / Technical,UNKNOWN,,,admin_service,,Milton Keynes (1)
Optical Technical Support Advisor - Milton Keynes - Office Based - Up to 29K,1,IT / Data / Software,UNKNOWN,,,admin_service,,Milton Keynes (1)
Dispensing Optician - Cambridge - Independent - Up to 38K,1,Other / Unclassified,UNKNOWN,,,,,Cambridge (1)
Optometrist - Brightlingsee Essex - Independent - Up to 65K,1,Other / Unclassified,UNKNOWN,,,,,Not Specified (1)
Optometrist - Consett - Independent - Salary up to 60K DOE,1,Other / Unclassified,UNKNOWN,,,,,Consett (1)
Optical Assistant job in Edinburgh,1,Other / Unclassified,UNKNOWN,,,,,Not Specified (1)
Optical Assistant job in South East England,1,Other / Unclassified,UNKNOWN,,,,,Not Specified (1)
Hearing Aid Dispenser/ Audiologist job in Cumbria,1,Other / Unclassified,UNKNOWN,,,,,Not Specified (1)
"Optometrist - Monday to Friday, York, North Yorkshire",1,Other / Unclassified,UNKNOWN,,,,,York (1)
"Optometrist - Monday to Friday, Basildon, Essex",1,Other / Unclassified,UNKNOWN,,,,,Basildon (1)
Practice Manager - Dudley / Old hill,1,Other / Unclassified,UNKNOWN,,,,,Dudley (1)
"Optometrist - Monday to Friday, Tottenham, Greater London",1,Other / Unclassified,UNKNOWN,,,,,Not Specified (1)
Optometrist Needed Cowdenbeath! Up to 77k Package!,1,Other / Unclassified,UNKNOWN,,,,,Cowdenbeath (1)
Optometrist Needed Folkestone! Up to 77k Package!,1,Other / Unclassified,UNKNOWN,,,,,Folkestone (1)
Optometrist Needed Hexham! Up to 77k Package!,1,Other / Unclassified,UNKNOWN,,,,,Hexham (1)
Optometrist Needed Greenock! Up to 77k Package!,1,Other / Unclassified,UNKNOWN,,,,,Greenock (1)
Optometrist Needed Guernsey! 90K Package! Relocation Spport!,1,Other / Unclassified,UNKNOWN,,,,,Guernsey (1)
"Optometrist - Monday to Friday, Sheffield, South Yorkshire",1,Other / Unclassified,UNKNOWN,,,,,Sheffield (1)
Dispensing Optician - Dudley / Old Hill,1,Other / Unclassified,UNKNOWN,,,,,Dudley (1)
"Optometrist - Monday to Friday, Coventry, Warwickshire",1,Other / Unclassified,UNKNOWN,,,,,Not Specified (1)
"Part time Optometrist - Monday to Friday - Brighton, East Sussex",1,Other / Unclassified,UNKNOWN,,,,,Brighton (1)
"Optical Assistant - Chipping Norton, Oxfordshire",1,Other / Unclassified,UNKNOWN,,,,,Chipping Norton (1)
"Full or Part time Optometrist - Alsager, Staffordshire",1,Other / Unclassified,UNKNOWN,,,,,Alsager (1)
Optical Assistant job in Somerset,1,Other / Unclassified,UNKNOWN,,,,,Not Specified (1)
Account Manager Ophthalmic Lenses West London,1,Sales / Business Development,UNKNOWN,,,,,Not Specified (1)
High End Dispensing Optician Required - Full time,1,Other / Unclassified,UNKNOWN,,,,,Not Specified (1)
Assistant Manager job in Bradford,1,Other / Unclassified,UNKNOWN,,,,,Bradford (1)
Hearing Aid Dispenser/ Audiologist job in South East London,1,Other / Unclassified,UNKNOWN,,,,,Not Specified (1)
Optometrist job in Suffolk,1,Other / Unclassified,UNKNOWN,,,,,Not Specified (1)
Optometrist job in Southampton,1,Other / Unclassified,UNKNOWN,,,,,Southampton (1)
Dispensing Optician job in Wandsworth,1,Other / Unclassified,UNKNOWN,,,,,Not Specified (1)
Optical Assistant Wanted - Independent Opticians in Streatham,1,Other / Unclassified,UNKNOWN,,,,,Lambeth (1)
"Twickenham Optometrist Needed- Independent - Up to £65,000 DOE!",1,Other / Unclassified,UNKNOWN,,,,,Twickenham (1)
"Domiciliary Optical Assistant Opportunity, London / £30,000 / Car Allowance!",1,Care / Support Work,UNKNOWN,,,,,Not Specified (1)
Optical Assistant job in Wandsworth,1,Other / Unclassified,UNKNOWN,,,,,Not Specified (1)
Optical Assistant job in South West London,1,Other / Unclassified,UNKNOWN,,,,,Not Specified (1)
Optometrist job in Bedfordshire,1,Other / Unclassified,UNKNOWN,,,,,Not Specified (1)
Optometrist job in Aberdeenshire,1,Other / Unclassified,UNKNOWN,,,,,Not Specified (1)
Optometrist job in Elgin,1,Other / Unclassified,UNKNOWN,,,,,Elgin (1)
Audiologist job in Cumbria,1,Other / Unclassified,UNKNOWN,,,,,Not Specified (1)
Qualified Practice Manager Part Time 3 Days- Mansfield,1,Other / Unclassified,UNKNOWN,,,,,Mansfield (1)
"Swindon Optometrist Role - Up to £70,000 !",1,Other / Unclassified,UNKNOWN,,,,,Swindon (1)
"Uckfield Optometrist Role - Up to £70,000 !",1,Other / Unclassified,UNKNOWN,,,,,Uckfield (1)
"Newcastle Clinical Optometrist Role - Up to £70,000 !",1,Healthcare / Clinical,UNKNOWN,,,,,City (1)
"Canterbury Optometrist Role - Up to £70,000 !",1,Other / Unclassified,UNKNOWN,,,,,Canterbury (1)
"Rhyl Optometrist Role - Up to £70,000 !",1,Other / Unclassified,UNKNOWN,,,,,Not Specified (1)
"Ipswich Optometrist Role - Up to £70,000 !",1,Other / Unclassified,UNKNOWN,,,,,Ipswich (1)
"Hailsham Optometrist Role - Up to £70,000 !",1,Other / Unclassified,UNKNOWN,,,,,Hailsham (1)
"Tunbridge Wells Optometrist Role - Up to £65,000 !",1,Other / Unclassified,UNKNOWN,,,,,Tunbridge Wells (1)
"Camberley Optometrist Role - £60,000",1,Other / Unclassified,UNKNOWN,,,,,Camberley (1)
"Swansea Optometrist Role - Up to £65,000 DOE !",1,Other / Unclassified,UNKNOWN,,,,,Not Specified (1)
"Bangor Optometrist Role - Up to £70,000 !",1,Other / Unclassified,UNKNOWN,,,,,Bangor (1)
"Crowborough Optometrist Role - Up to £70,000 !",1,Other / Unclassified,UNKNOWN,,,,,Crowborough (1)
Newly Qualified Optometrist looking for a new challenge? Nationwide Roles Available,1,Other / Unclassified,UNKNOWN,,,,,Not Specified (1)
"Darlington Optometrist Role - Up to £65,000",1,Other / Unclassified,UNKNOWN,,,,,Darlington (1)
"Bournemouth Optometrist Role - Up to £70,000 !",1,Other / Unclassified,UNKNOWN,,,,,Bournemouth (1)
"Norwich Clinical Optometrist Role - Up to £75,000 !",1,Healthcare / Clinical,UNKNOWN,,,,,Norwich (1)
"Inverness Optometrist Role - Up to £65,000",1,Other / Unclassified,UNKNOWN,,,,,Inverness (1)
"Hospital Optometrist wanted in Cornwall! Salary up to £66,000 FTE",1,Other / Unclassified,UNKNOWN,,,,,Truro (1)
"Optometrist / Carlisle / Independent / £65,000",1,Other / Unclassified,UNKNOWN,,,,,Carlisle (1)
"Optometrist / Folkestone / £70,000",1,Other / Unclassified,UNKNOWN,,,,,Folkestone (1)
"Optometrist / Southend / £65,000",1,Other / Unclassified,UNKNOWN,,,,,Southend-on-sea (1)
"Optometrist / Bishops Stortford / £65,000",1,Other / Unclassified,UNKNOWN,,,,,Bishop's Stortford (1)
"Optometrist / Dundee / £68,000",1,Other / Unclassified,UNKNOWN,,,,,City (1)
Independent Optician - Sheffield City Centre,1,Other / Unclassified,UNKNOWN,,,,,Sheffield (1)
"Assistant Optical Manager - Gosport, Hampshire",1,Other / Unclassified,UNKNOWN,,,,,Gosport (1)
"Optometrist / Bognor Regis / £80,000 package",1,Other / Unclassified,UNKNOWN,,,,,Bognor Regis (1)
"Optometrist / Elgin / £70,000 / Independent",1,Other / Unclassified,UNKNOWN,,,,,Not Specified (1)
"Swansea / Monday to Friday / £70,000",1,Other / Unclassified,UNKNOWN,,,,,Not Specified (1)
"Optometrist / £60,000 / Caernarfon",1,Other / Unclassified,UNKNOWN,,,,,Caernarfon (1)
"Full or Part time Optometrist - Monday to Friday, Colchester, Essex",1,Other / Unclassified,UNKNOWN,,,,,Colchester (1)
Full or Part time Optometrists - Oxfordshire Areas,1,Other / Unclassified,UNKNOWN,,,,,Witney (1)
"Part time Optometrist - Three and a half days a week, Hemel Hempstead, Hertfordshire",1,Other / Unclassified,UNKNOWN,,,,,Hemel Hempstead (1)
"Optometrist - Monday to Friday, Ipswich, Suffolk",1,Other / Unclassified,UNKNOWN,,,,,Ipswich (1)
"Mobile Optometrist, South East",1,Other / Unclassified,UNKNOWN,,,,,Not Specified (1)
"Hearing Aid Audiologist, Swindon",1,Other / Unclassified,UNKNOWN,,,,,Not Specified (1)
"Optical Assistant - Borehamwood - Up to £28,000 + Bonus",1,Other / Unclassified,UNKNOWN,,,,,Borehamwood (1)
Optical Assistant - Bury - Head Office Role - Luxury Online Eyewear Retailer,1,Other / Unclassified,UNKNOWN,,,admin_service,,Bury (1)
"Optometrist - New Romney, Kent - Up to £70,000 - Independent",1,Other / Unclassified,UNKNOWN,,,,,New Romney (1)
"Optometrist / Andover / £65,000 salary",1,Other / Unclassified,UNKNOWN,,,,,Andover (1)
"Optometrist / Swindon / £72,000",1,Other / Unclassified,UNKNOWN,,,,,Swindon (1)
HGV Class 1 - NEW PASS WELCOME,1,Driving / Warehouse / Logistics,UNKNOWN,,,,,Barnsley (1)
HGV Class 2 Multirop Driver,1,Driving / Warehouse / Logistics,UNKNOWN,,,,,Northampton (1)
HGV Recovery Driver,1,Driving / Warehouse / Logistics,UNKNOWN,,,,,Weston-super-mare (1)
HGV Class 1 driver Trunking,1,Driving / Warehouse / Logistics,UNKNOWN,,,,,Lutterworth (1)
Class 2 Hiab Driver (Temp to Perm),1,Driving / Warehouse / Logistics,UNKNOWN,,,,,Sheffield (1)
Forklift Driver - Reach 4 on 4 off,1,Driving / Warehouse / Logistics,UNKNOWN,,,warehouse_logistics,,Kettering (1)
Freight Forwarder - European Road Freight,1,Other / Unclassified,UNKNOWN,,,,,Coventry (1)
Materials Planner,1,Procurement / Buying / Supply Chain,UNKNOWN,,,,,Cheltenham (1)
Deputy Home Manager,1,Other / Unclassified,UNKNOWN,,,,,Surbiton (1)
Lifestyle Co-ordinator,1,Other / Unclassified,UNKNOWN,,,,,Whitby (1)
Restaurant Front of House Manager,1,Hospitality / Catering,UNKNOWN,,,,,Not Specified (1)
Commercial Sales Negotiator,1,Sales / Business Development,UNKNOWN,,,,,Inverness (1)
Adult Access/Front Door Social Worker,1,Care / Support Work,UNKNOWN,,,,,Bordon (1)
Nursery Assistant Practitioner L3 Qualified,1,Other / Unclassified,UNKNOWN,,,,,Upminster (1)
Technical Security Systems Manager,1,Other / Unclassified,UNKNOWN,,,,,Isleworth (1)
Analytics Lead,1,Other / Unclassified,UNKNOWN,,,,,Isleworth (1)
Market Research Field Interviewer Car Required,1,Other / Unclassified,UNKNOWN,,,,,Dorchester (1)
Registered Manager - Residential Children's Home,1,Other / Unclassified,UNKNOWN,,,,,Stroud (1)
Airbus - Lead Systems Engineer,1,IT / Data / Software,UNKNOWN,,,,,Portsmouth (1)
Senior Procurement Manager Care & Nursing Homes,1,Healthcare / Clinical,UNKNOWN,,,,,Not Specified (1)
V06318 Senior Procurement Professional,1,Procurement / Buying / Supply Chain,UNKNOWN,,,,,Not Specified (1)
Product Set Up Executive,1,Other / Unclassified,UNKNOWN,,,,,Folkestone (1)
Facilities Operative (Caretaker),1,Other / Unclassified,UNKNOWN,,,,,Kettering (1)
B2B Sales Agent,1,Sales / Business Development,UNKNOWN,,,,,Wooler (1)
Slinger / Signallers Belfast,1,Other / Unclassified,UNKNOWN,,,,,City (1)
Fullstack Engineer - HSBCJP,1,Engineering / Technical,UNKNOWN,,,,,Sheffield (1)
New! Private Client Solicitor 10+PQE,1,Legal / Conveyancing,UNKNOWN,,,,,Swansea (1)
HGV Class 1 Driver - Greenford,1,Driving / Warehouse / Logistics,UNKNOWN,,,,,Greenford (1)
HGV Class 1 Driver - Coventry,1,Driving / Warehouse / Logistics,UNKNOWN,,,,,Coventry (1)
Groundworker with Dumper ticket - SAFFRON WALDEN,1,Construction / Trades / Property,UNKNOWN,,,,,Saffron Walden (1)
Shipping / Logistic Coordinator,1,Admin / Customer Service,UNKNOWN,,,admin_service,,Ashford (1)
Head of Estates (SC Cleared),1,Other / Unclassified,UNKNOWN,,,,,Not Specified (1)
NetSuite Integration Consultant (Engineering Consultancy),1,Engineering / Technical,UNKNOWN,,,,,Darlington (1)
Enterprise Solutions Architect,1,IT / Data / Software,UNKNOWN,,,,,Bath (1)
Software Engineering Specialist,1,IT / Data / Software,UNKNOWN,,,,,Not Specified (1)
Lead RF Systems Engineer / Technical Lead,1,IT / Data / Software,UNKNOWN,,,,,Chelmsford (1)
Portfolio Manager London,1,Other / Unclassified,UNKNOWN,,,,,City (1)
M&A Acquisitions Specialist Freelance Ex Finance Director,1,Professional Finance / Accountancy,UNKNOWN,,,finance_accounts,,City (1)
PAM Support Lead,1,Other / Unclassified,UNKNOWN,,,,,Not Specified (1)
Business Development Manager Timber Windows & Doors,1,Sales / Business Development,UNKNOWN,,,,,Basingstoke (1)
"Accounts Semi Senior Film, TV & Media Clients",1,Professional Finance / Accountancy,UNKNOWN,,,finance_accounts,,City (1)
Kubernetes Engineer,1,Engineering / Technical,UNKNOWN,,,,,City (1)
Peripatetic Registered Manager,1,Other / Unclassified,UNKNOWN,,,,,Lymm (1)
IT / AV Engineers Llanelli,1,Other / Unclassified,UNKNOWN,,,,,Llanelli (1)
Senior Debt & Revenue Protection Officer,1,Other / Unclassified,UNKNOWN,,,admin_service,,Carlisle (1)
Internal Sales Account Manager,1,Sales / Business Development,UNKNOWN,,,,,Southampton (1)
Area Sales Manager Electrical Products,1,Engineering / Technical,UNKNOWN,,,,,Reading (1)
Network Support,1,Other / Unclassified,UNKNOWN,,,,,Chichester (1)
Sea Logistics Training Specialist,1,Driving / Warehouse / Logistics,UNKNOWN,,,warehouse_logistics,,Not Specified (1)
Technical Officer / Clerk of Works,1,Other / Unclassified,UNKNOWN,,,admin_service,,Ashington (1)
Senior Research HPC Engineer,1,Engineering / Technical,UNKNOWN,,,,,Not Specified (1)
Services Manager,1,Other / Unclassified,UNKNOWN,,,,,Perth (1)
Bindery Operator,1,Other / Unclassified,UNKNOWN,,,,,Melksham (1)
E-Commerce Sales / Marketing Executive,1,Sales / Business Development,UNKNOWN,,,,,Doncaster (1)
Senior Debt & Revenue Protection Officer - South West London & Kingston,1,Other / Unclassified,UNKNOWN,,,admin_service,,Not Specified (1)
Regional Account Executive,1,Sales / Business Development,UNKNOWN,,,,,Ipswich (1)
Associate Portfolio Manager,1,Other / Unclassified,UNKNOWN,,,,,Bournemouth (1)
Software Engineer C++ Swift MacOS,1,IT / Data / Software,UNKNOWN,,,,,Cambridge (1)
Mobile Hydraulic Hose Engineer,1,Engineering / Technical,UNKNOWN,,,,,Ellesmere Port (1)
Business Development Manager - Embedded Antennas,1,Sales / Business Development,UNKNOWN,,,,,Waterlooville (1)
Freight Sales Manager (Progression to Branch Manager),1,Sales / Business Development,UNKNOWN,,,,,Sunderland (1)
Head of Trading (Ambient),1,Other / Unclassified,UNKNOWN,,,,,Willenhall (1)
Territory Manager Surgical Medical Devices,1,Healthcare / Clinical,UNKNOWN,,,,,Hastings (1)
Level 3 Qualified Personal Trainer - Guildford,1,Other / Unclassified,UNKNOWN,,,,,Guildford (1)
Interim School Business Manager,1,Education / Teaching,UNKNOWN,,,,,Prenton (1)
"Talent Associate, Finance and Legal",1,Legal / Conveyancing,UNKNOWN,,,finance_accounts; hr_recruitment,,Not Specified (1)
Audit & Compliance Manager,1,Other / Unclassified,UNKNOWN,,,,,Kettering (1)
Field Sales Representative - Ferrero Grocery,1,Sales / Business Development,UNKNOWN,,,,,Galashiels (1)
Occupational Health Nurse/Advisor,1,Healthcare / Clinical,UNKNOWN,,,,,Cardiff (1)
Technical Sales Manager - Subsea,1,Sales / Business Development,UNKNOWN,,,,,Not Specified (1)
Heat Network Lead,1,Other / Unclassified,UNKNOWN,,,,,City (1)
Clinical Community Nurse Manager Bermuda Relocation,1,Healthcare / Clinical,UNKNOWN,,,,,Not Specified (1)
Account Manager - Remote,1,Sales / Business Development,UNKNOWN,,,,,City (1)
Specialist Tutor for Inclusion,1,Education / Teaching,UNKNOWN,,,,,Not Specified (1)
Principal Test Engineer,1,IT / Data / Software,UNKNOWN,,,,,Great Yarmouth (1)
Engineering Delivery Lead,1,Engineering / Technical,UNKNOWN,,,,,Stevenage (1)
Area Sales Manager Building Plastics,1,Sales / Business Development,UNKNOWN,,,,,Cambridge (1)
Primary School Learning Support Worker,1,Education / Teaching,UNKNOWN,,,support_worker,,Cheltenham (1)
Product Cybersecurity & Firmware Engineer,1,Engineering / Technical,UNKNOWN,,,,,Newark (1)
Senior Software Architect,1,IT / Data / Software,UNKNOWN,,,,,Royston (1)
Lead / Senior Software Engineer,1,IT / Data / Software,UNKNOWN,,,,,Cambridge (1)
Associate Director for Project Controls (Data Centres),1,Other / Unclassified,UNKNOWN,,,,,City (1)
Service Manager (Commercial Catering Equipment),1,Hospitality / Catering,UNKNOWN,,,,,Grimsby (1)
Facilities & Services Support Cell Tech Engineer,1,Engineering / Technical,UNKNOWN,,,,,Northampton (1)
Ai Integration Engineer,1,Engineering / Technical,UNKNOWN,,,,,Lanark (1)
Temporary Industrial Placement- HMI Engineer,1,Engineering / Technical,UNKNOWN,,,,,Hinckley (1)
Financial Controller (Manufacturing),1,Professional Finance / Accountancy,UNKNOWN,,,,,Cambridge (1)
Agricultural Machinery Sales Admin (Progression to Coordinator),1,Sales / Business Development,UNKNOWN,,,admin_service,,Kirriemuir (1)
Field Sales Representative - Base Rate + Uncapped Commission,1,Sales / Business Development,UNKNOWN,,,,,Edinburgh (1)
FP&A Specialist,1,Other / Unclassified,UNKNOWN,,,,,Not Specified (1)
National Account Manager - Foodservice,1,Sales / Business Development,UNKNOWN,,,,,Welwyn Garden City (1)
Trainee Driver,1,Driving / Warehouse / Logistics,UNKNOWN,,,,,Harlow (1)
Systems Engineer - TEMPEST/EMC,1,IT / Data / Software,UNKNOWN,,,,,Portsmouth (1)
Communications Officer (12-month maternity cover),1,Marketing / Digital / Creative,UNKNOWN,,,admin_service,,Toothill (1)
Social Prescriber,1,Other / Unclassified,UNKNOWN,,,,,Banstead (1)
Head of Alumni Engagement,1,Other / Unclassified,UNKNOWN,,,,,Southampton (1)
Individual and Legacy Assistant,1,Other / Unclassified,UNKNOWN,,,,,Liverpool (1)
Corporate Partnerships Officer,1,Other / Unclassified,UNKNOWN,,,admin_service,,Not Specified (1)
Church & Charity Lawyer (Maternity Cover),1,Legal / Conveyancing,UNKNOWN,,,,,Not Specified (1)
Highly Specialist Speech and Language Therapist School Therapy Team - 12 month fixed term contract,1,Education / Teaching,UNKNOWN,,,,,Tadworth (1)
New Business Manager - Corporate,1,Sales / Business Development,UNKNOWN,,,,,Tower Hamlets (1)
Head of Office,1,Other / Unclassified,UNKNOWN,,,admin_service,,Not Specified (1)
Applications and Integrations Lead,1,Other / Unclassified,UNKNOWN,,,,,Kemble (1)
Community Fundraising Manager (Scotland),1,Other / Unclassified,UNKNOWN,,,,,Not Specified (1)
Senior Programme Manager,1,Operations / General Management,UNKNOWN,,,,,Not Specified (1)
Funding Information Manager,1,Other / Unclassified,UNKNOWN,,,,,Not Specified (1)
Community Outreach and Volunteer Manager,1,Other / Unclassified,UNKNOWN,,,,,Not Specified (1)
Bank Supported Housing Support Worker,1,Care / Support Work,UNKNOWN,,,support_worker,,Worthing (1)
Finance Coordinator,1,Professional Finance / Accountancy,KNOWN,finance_accounts:HIGH_CONFIDENCE,finance_accounts,admin_service; finance_accounts,,Hornchurch (1)
Later Living Community Manager,1,Other / Unclassified,UNKNOWN,,,,,Not Specified (1)
Manager - Part Time,1,Other / Unclassified,UNKNOWN,,,,,Leicester (1)
Head of Digital and Operations,1,Marketing / Digital / Creative,UNKNOWN,,,,,Not Specified (1)
Senior Advocacy Officer,1,Other / Unclassified,UNKNOWN,,,admin_service,,Lambeth (1)
New Business Manager,1,Sales / Business Development,UNKNOWN,,,,,Princes Risborough (1)
Safehouse Caseworker,1,Other / Unclassified,UNKNOWN,,,,,Bristol (1)
Financial Case Officer,1,Other / Unclassified,UNKNOWN,,,admin_service,,Cardiff (1)
Volunteer Coordinator,1,Admin / Customer Service,UNKNOWN,,,admin_service,,Not Specified (1)
Conference and Events Administrator,1,Admin / Customer Service,UNKNOWN,,,admin_service,,Northampton (1)
Trustee Opportunities,1,Other / Unclassified,UNKNOWN,,,,,Bristol (1)
A&E and Custody Mentor (Community),1,Other / Unclassified,UNKNOWN,,,,,Birmingham (1)
Head of Fundraising & Philanthropy,1,Other / Unclassified,UNKNOWN,,,,,Broxbourne (1)
Events and Community Fundraising Manager,1,Other / Unclassified,UNKNOWN,,,,,Huddersfield (1)
Therapeutic Manager - Family Support (Maternity Cover),1,Other / Unclassified,UNKNOWN,,,,,Bristol (1)
Development Manager (Grants and Reporting),1,Other / Unclassified,UNKNOWN,,,,,Not Specified (1)
Adoption Support Social Worker,1,Care / Support Work,UNKNOWN,,,,,Leeds (1)
Chair of Trustees (Voluntary),1,Other / Unclassified,UNKNOWN,,,,,Bath (1)
Learning & Development Specialist: Somerset,1,Other / Unclassified,UNKNOWN,,,,,Taunton (1)
Communications & Campaigns Officer,1,Marketing / Digital / Creative,UNKNOWN,,,admin_service,,City (1)
Philanthropy Executive,1,Other / Unclassified,UNKNOWN,,,,,Poole (1)
Supporter Services Administrator,1,Admin / Customer Service,UNKNOWN,,,admin_service,,Not Specified (1)
Events & Community Manager,1,Other / Unclassified,UNKNOWN,,,,,Not Specified (1)
Fundraising Officer,1,Other / Unclassified,UNKNOWN,,,admin_service,,Staines (1)
Recovery Housing Manager,1,Other / Unclassified,UNKNOWN,,,,,Telford (1)
Family Support Coordinator,1,Admin / Customer Service,UNKNOWN,,,admin_service,,Hull (1)
"Equality, Diversity and Inclusion Manager (Maternity Cover)",1,Other / Unclassified,UNKNOWN,,,,,Not Specified (1)
Family Team Recovery Worker / Support Worker,1,Care / Support Work,UNKNOWN,,,support_worker,,Brighton (1)
Digital content & social media officer,1,Marketing / Digital / Creative,UNKNOWN,,,admin_service,,Nottingham (1)
Head of Compliance & Supporter Care (Maternity Cover),1,Other / Unclassified,UNKNOWN,,,,,Not Specified (1)
HR Administrator (Northampton Students Union Students Only),1,HR / Recruitment,UNKNOWN,,,admin_service; hr_recruitment,,Northampton (1)
Community Fundraising Executive - West Midlands,1,Other / Unclassified,UNKNOWN,,,,,Birmingham (1)
Cross Team Caseworker (Pan London),1,Other / Unclassified,UNKNOWN,,,,,Not Specified (1)
Senior Digital Marketing Officer,1,Marketing / Digital / Creative,UNKNOWN,,,admin_service,,Not Specified (1)
Community Fundraising Executive - North West,1,Other / Unclassified,UNKNOWN,,,,,Not Specified (1)
Psychotherapist/Counsellor,1,Other / Unclassified,UNKNOWN,,,,,Not Specified (1)
Night Care Practitioner,1,Other / Unclassified,UNKNOWN,,,,,Thetford (1)
Warehouse Assistant - Haverfordwest,1,Driving / Warehouse / Logistics,UNKNOWN,,,warehouse_logistics,,Haverfordwest (1)
HGV Class C / Fallen Stock Driver,1,Driving / Warehouse / Logistics,UNKNOWN,,,warehouse_logistics,,Keith (1)
Marine Engineering Submarine Specialist,1,Engineering / Technical,UNKNOWN,,,,,Wokingham (1)
HGV Class 1 Driver - Chelmsford,1,Driving / Warehouse / Logistics,UNKNOWN,,,,,Chelmsford (1)
HGV Class 1 Driver - Birmingham,1,Driving / Warehouse / Logistics,UNKNOWN,,,,,Not Specified (1)
HGV Class 1 Driver - Croydon,1,Driving / Warehouse / Logistics,UNKNOWN,,,,,Not Specified (1)
HGV Class 1 Driver - Neasden,1,Driving / Warehouse / Logistics,UNKNOWN,,,,,Not Specified (1)
"Postal Delivery Driver - Chippenham, RM",1,Driving / Warehouse / Logistics,UNKNOWN,,,,,Chippenham (1)
"Head of Export Compliance, Helicopters UK",1,Other / Unclassified,UNKNOWN,,,,,Yeovil (1)
Product Consultant (Healthcare),1,Healthcare / Clinical,UNKNOWN,,,,,City (1)
"Vice President, POM Product Owner I",1,Other / Unclassified,UNKNOWN,,,,,Not Specified (1)
Trainee Recruitment Consultant - No experience needed,1,HR / Recruitment,UNKNOWN,,,hr_recruitment,,Bristol (1)
Afro-Caribbean Hair Stylist,1,Other / Unclassified,UNKNOWN,,,,,Bournemouth (1)
Fire & Security Systems Engineer,1,IT / Data / Software,UNKNOWN,,,,,Kendal (1)
Female Support Practitioner (UK Driving Licence),1,Care / Support Work,KNOWN,admin_service:OUT_OF_SCOPE; support_worker:HARD_PASS,,,,Aviemore (1)
Workday Payroll Consultant,1,Professional Finance / Accountancy,UNKNOWN,,,finance_accounts,,Londonderry (1)
Tax Engineer,1,Professional Finance / Accountancy,UNKNOWN,,,,,City (1)
"Head of Customs Compliance, Helicopters UK",1,Other / Unclassified,UNKNOWN,,,,,Yeovil (1)
"Product Manager, Digital and Real Time Tax Reporting",1,Professional Finance / Accountancy,UNKNOWN,,,,,Newcastle Upon Tyne (1)
Principal Platform Engineer (PKI),1,Engineering / Technical,UNKNOWN,,,,,Yeovil (1)
Senior / Principal Systems Engineer,1,IT / Data / Software,UNKNOWN,,,,,Southampton (1)
Software Architect,1,IT / Data / Software,UNKNOWN,,,,,Basildon (1)
Senior Platform Engineer (VMWare Cloud Foundation),1,IT / Data / Software,UNKNOWN,,,,,Yeovil (1)
Senior Application Engineer (EDRMS),1,Engineering / Technical,UNKNOWN,,,,,Yeovil (1)
"Senior Specialist, Full-Stack Engineer",1,Engineering / Technical,UNKNOWN,,,,,Not Specified (1)
Senior Technical Specialist,1,Other / Unclassified,UNKNOWN,,,,,Edinburgh (1)
Electro Optic Systems Engineer,1,IT / Data / Software,UNKNOWN,,,,,Edinburgh (1)
Principal Platform Engineer (Privileged Access Management),1,Engineering / Technical,UNKNOWN,,,,,Yeovil (1)
Senior Application Security Engineer,1,IT / Data / Software,UNKNOWN,,,,,Cambridge (1)
"Vice President, Full-Stack Engineer Opportunities",1,Engineering / Technical,UNKNOWN,,,,,Not Specified (1)
Principal / Lead Systems Engineer - Naval,1,IT / Data / Software,UNKNOWN,,,,,Southampton (1)
Solution Architect - Land CEMA,1,IT / Data / Software,UNKNOWN,,,,,Basildon (1)
Principal Platform Engineer (Cross Domain),1,Engineering / Technical,UNKNOWN,,,,,Yeovil (1)
Senior Platform Engineer,1,Engineering / Technical,UNKNOWN,,,,,Yeovil (1)
"Senior Vice President, Full-Stack Engineer",1,Engineering / Technical,UNKNOWN,,,,,Not Specified (1)
Senior Platform Engineer (Cross Domain Gateway),1,Engineering / Technical,UNKNOWN,,,,,Yeovil (1)
"Vice President, AI / Machine Learning Software Engineer",1,IT / Data / Software,UNKNOWN,,,,,Not Specified (1)
Platform Software Engineer,1,IT / Data / Software,UNKNOWN,,,,,Edinburgh (1)
Principal Platform Engineer,1,Engineering / Technical,UNKNOWN,,,,,Gloucester (1)
Workday EDM Forward Deployed Engineer (HCM Consultant),1,Engineering / Technical,UNKNOWN,,,,,City (1)
Senior AI Engineer,1,Engineering / Technical,UNKNOWN,,,,,Not Specified (1)
AI Lead (Technical Pre-Sales),1,Sales / Business Development,UNKNOWN,,,,,City (1)
Principal Software Engineer,1,IT / Data / Software,UNKNOWN,,,,,Gloucester (1)
Lead Dynamics 365 Engineer,1,Engineering / Technical,UNKNOWN,,,,,City (1)
System Requirements Engineer,1,Engineering / Technical,UNKNOWN,,,,,Harlow (1)
Lead Platform Engineer (AWS),1,Engineering / Technical,UNKNOWN,,,,,Londonderry (1)
Technology Risk and Controls Lead - Compute Infrastructure Platforms,1,IT / Data / Software,UNKNOWN,,,,,Glasgow (1)
Finance Systems Architect (Oracle EPM),1,Professional Finance / Accountancy,UNKNOWN,,,finance_accounts,,Leeds (1)
HGV Cover Driver,1,Driving / Warehouse / Logistics,UNKNOWN,,,,,Woodbury (1)
E-Cargo rider,1,Other / Unclassified,UNKNOWN,,,,,Exeter (1)
HGV 1 Potential Earning £1300 per week,1,Driving / Warehouse / Logistics,UNKNOWN,,,,,Bristol (1)
HGV 1 Class Driver,1,Driving / Warehouse / Logistics,UNKNOWN,,,,,Bristol (1)
HGV Class 1 Driver - Southampton,1,Driving / Warehouse / Logistics,UNKNOWN,,,,,Southampton (1)
Traffic Planner,1,Other / Unclassified,UNKNOWN,,,,,Newmarket (1)
Traffic Manager,1,Other / Unclassified,UNKNOWN,,,,,East Grinstead (1)
Enterprise Account Executive DACH (German Speaker),1,Sales / Business Development,UNKNOWN,,,,,Not Specified (1)
Graduate Recruitment Consultant - Uncapped Commission,1,HR / Recruitment,UNKNOWN,,,hr_recruitment,,Bristol (1)
Trainee Recruitment Consultant - Coleshill,1,HR / Recruitment,UNKNOWN,,,hr_recruitment,,Not Specified (1)
Telephone Sales Executive,1,Sales / Business Development,UNKNOWN,,,,,Bury St. Edmunds (1)
Commercial Vehicle Sales Executive,1,Sales / Business Development,UNKNOWN,,,,,Ballymena (1)
Senior Children's Residential Support Worker,1,Care / Support Work,KNOWN,admin_service:HARD_PASS; support_worker:HARD_PASS,,support_worker,,Doncaster (1)
Aspiring Child Counsellor,1,Other / Unclassified,UNKNOWN,,,,,East Grinstead (1)
Chef de Partie,1,Hospitality / Catering,UNKNOWN,,,,,Burgess Hill (1)
"Part time Qualified Audiologist/ Hearing Aid Dispenser For Medical Centres - Darlington, N East",1,Healthcare / Clinical,UNKNOWN,,,,,Darlington (1)
"Hearing Aid Audiologist, Carlisle",1,Other / Unclassified,UNKNOWN,,,,,Carlisle (1)
"Mobile Hearing Aid Audiologist, Cambridgeshire",1,Other / Unclassified,UNKNOWN,,,,,Not Specified (1)
Dispensing Optician - Burnham-on-Sea (5000 Welcome Bonus!),1,Other / Unclassified,UNKNOWN,,,,,Not Specified (1)
Optical Assistant job in Surrey,1,Other / Unclassified,UNKNOWN,,,,,Not Specified (1)
Dispensing Optician job in Amersham,1,Other / Unclassified,UNKNOWN,,,,,Amersham (1)
Optical Assistant job in Nottingham,1,Other / Unclassified,UNKNOWN,,,,,Nottingham (1)
Optometrist job in Glasgow,1,Other / Unclassified,UNKNOWN,,,,,Not Specified (1)
Optometrist job in Tunbridge Wells,1,Other / Unclassified,UNKNOWN,,,,,Tunbridge Wells (1)
Optometrist job in Milton Keynes,1,Other / Unclassified,UNKNOWN,,,,,Milton Keynes (1)
Optical Assistant job in Dunstable,1,Other / Unclassified,UNKNOWN,,,,,Dunstable (1)
"Optical Assistant job in Newport, Wales",1,Other / Unclassified,UNKNOWN,,,,,Newport (1)
Optical Practice Manager job in Liverpool,1,Other / Unclassified,UNKNOWN,,,,,City (1)
