run_date,source,source_job_id,canonical_url,title,employer,location,postcode,salary_text,posted_date,closing_date,employment_type,description_excerpt,first_discovery_route,first_discovery_query,first_discovery_page,discovery_routes,discovery_occurrences,detail_fetch_status,factual_fingerprint
2026-08-23,Teaching Vacancies,260514r1-director-of-finance-chief-financial-officer,https://teaching-vacancies.service.gov.uk/jobs/260514r1-director-of-finance-chief-financial-officer,[260514R1] Director of Finance & Chief Financial Officer,Reach South Academy Trust,"Plymouth, PL1 4RL",PL1 4RL,"£90,000.00 - £114,225.00 Annually (Actual)",2026-07-31,2026-08-25T23:59:00+01:00,['FULL_TIME'],"Post: [260514R1] Director of Finance & Chief Financial Officer Location: Fully Remote Salary: £90,000 to £114,225 per annum, depending on experience, skills and knowledge pending 3.3% pay award. Contract Type: Permanent, Full-time Contract Hours: 37.5 Hours per week, Monday to Friday For more information about the role, please view our Applicant Pack -Director of Finance Applicant Pack Please note: We are not accepting applications via recruitment agencies or search firms for this vacancy. About the Role We are seeking an exceptional, strategic and values-driven leader to join Reach South Academy Trust as Director of Finance and Chief Financial Officer. This is a pivotal Executive Leadership Team role at a defining stage in the Trust's development, combining system-wide financial leadership with executive accountability for governance, assurance and organisational sustainability. This is far more than a finance leadership position. As CFO, you will be a key architect of the Trust's future, working alongside the CEO, Trustees and Executive colleagues to shape strategy, drive sustainable growth and ensure that every decision supports our mission to improve outcomes for children and y",administration-category,"Administration, HR, data and finance",6,"[{""page"": 6, ""query"": ""Administration, HR, data and finance"", ""route"": ""administration-category""}]",1,OK,91af3bcc92b0d7b2e7222ed891154f8422ef5d5153cbde0634ff913b0f3851fa
2026-08-23,Teaching Vacancies,260720a-office-manager,https://teaching-vacancies.service.gov.uk/jobs/260720a-office-manager,[260720A] Office Manager,SAIL (Salisbury Academy for Inspirational Learning),"Salisbury, South West, SP2 7EU",SP2 7EU,"£31,537.00 - £33,699.00 Annually (FTE) NJC Grade H pt 15 - 17",2026-07-15,2026-08-31T23:59:00+01:00,['FULL_TIME'],"Job Title: Office Manager Location: SAIL Academy, Salisbury, Wiltshire, SP2 9HS FTE Salary Range: £31,537 - £33,699 Actual Salary: £29,879 - £31,928 Job type: Full Time, Permanent - term time (including inset days) plus 3 weeks equating to 42 working weeks of the year Job overview We are looking for candidates who have excellent organisation and administrative skills and be able communicate effectively. To manage a busy school office including a team of administrators, working with financial and HR systems and processes, implementing and maintaining new office systems, taking minutes, handling correspondences and dealing with sensitive and confidential issues. Training will be available for key duties. The position would suit someone who is able to multi task and work accurately and efficiently under pressure in a fast-changing environment. Please see the attached job description for more information. Our school SAIL academy is an academy school (Reach South Academy Trust) for pupils aged 5-19 with SEMH, ASD, and complex needs, all with EHCPs. We take a therapeutic, relationship-based approach where behaviour is understood as communication. You will work in an immensely rewarding,",administration-category,"Administration, HR, data and finance",17,"[{""page"": 17, ""query"": ""Administration, HR, data and finance"", ""route"": ""administration-category""}, {""page"": 19, ""query"": ""Administration, HR, data and finance"", ""route"": ""administration-category""}]",2,OK,b173706373dcb1583f06b3e64bb8a03b1972034ab23c30b51992b29b5d836fa2
2026-08-23,Teaching Vacancies,260720b-administrator,https://teaching-vacancies.service.gov.uk/jobs/260720b-administrator,[260720B] Administrator,Hill View Primary Academy,"Bournemouth, South West, BH10 5BD",BH10 5BD,"£25,989.00 - £27,254.00 Annually (FTE) NJC Grade 4 Pt 6-9",2026-07-16,2026-08-23T23:59:00+01:00,['PART_TIME'],"Hill View Primary, Reach South Academy Trust is seeking to appoint an experienced Administrator to join the school 1st October 2026 Post: Administrator Location: Hill View Primary, Hill View Road, Bournemouth, BH10 5BD FTE Salary Range: NJC Grade 4 point 6 - point 9; £25,989 - £27,694 Actual Annual Salary: £18,752 - £19,665 Contract Type: Permanent Contract Hours: 32.5 hours per week, Monday to Friday, 9.00am - 4.30pm About the role We are seeking to appoint an excellent administrator to support the Office Manager in the management and delivery of all office and administrative services for Hill View Primary. About the successful candidate This is a great opportunity for a self-motivated, self-sufficient, dynamic ability to work well in a team and to use their own initiative and well organised with a can do attitude to be part of a fast-growing team. We are looking for people who have the following experience and qualities: GCSE mathematics and English - grade C and above or equivalent NVQ level 3 in administration or equivalent Good Knowledge of general computer packages, office equipment, Microsoft office, photocopiers, telephone systems etc Good keyboard and typing skills for the",administration-category,"Administration, HR, data and finance",2,"[{""page"": 2, ""query"": ""Administration, HR, data and finance"", ""route"": ""administration-category""}, {""page"": 1, ""query"": ""administrator"", ""route"": ""keyword:administrator""}]",2,OK,f72bf258a0002b822edcfbc421fe30725fec6747668fab2028bee7c89f6d8325
2026-08-23,Teaching Vacancies,260819-people-team-administrator,https://teaching-vacancies.service.gov.uk/jobs/260819-people-team-administrator,[260819] People Team Administrator,Reach South Academy Trust,"Plymouth, PL1 4RL",PL1 4RL,"£26,824.00 - £29,540.00 Annually (FTE) NJC Plymouth Grade D Pt 8-14",2026-08-19,2026-08-31T23:59:00+01:00,['FULL_TIME'],"Post: People Team Administrator Location: Plymouth Based (hybrid delivery model of home and site based according to business requirements) FTE Salary Range: NJC Grade D £26,824 rising to a maximum of £29,540 per annum Contract Type: Full time, Permanent Contract Hours: 37.5 per week, Monday to Friday (Alternative working patterns considered but core hours must be Monday to Friday) To learn more about Reach South Academy Trust, this vacancy and our employee benefits, view our detailed applicant pack here: People Team Administrator - Applicant Pack Please note: We are not accepting applications via recruitment agencies or search firms for this vacancy About the role An exciting opportunity has arisen within our rapidly developing Multi Academy Trust for a talented Administrator to join our team. Are you a customer focused, curious thinker with excellent administration, initiative, tenacity, and thrive in an environment where you can work on your own with minimal supervision? Are you committed to joining a passionate team that is dedicated to its (circa) 1400 employees and collaborative in nature with experience of managing a wide range of queries Do you enjoy variety within your job",administration-category,"Administration, HR, data and finance",15,"[{""page"": 15, ""query"": ""Administration, HR, data and finance"", ""route"": ""administration-category""}, {""page"": 18, ""query"": ""Administration, HR, data and finance"", ""route"": ""administration-category""}, {""page"": 5, ""query"": ""administrator"", ""route"": ""keyword:administrator""}]",3,OK,63801244f23b42a3bcabf6408e8d70cfbd109a767f3f447e30cb86d4f1782812
2026-08-23,Teaching Vacancies,260820c-administrator,https://teaching-vacancies.service.gov.uk/jobs/260820c-administrator,[260820C] Administrator,ACE Tiverton Special School,"Tiverton, South West, EX16 5HB",EX16 5HB,"£25,185.00 - £26,403.00 Annually (FTE) NJC Grade C Pt 5 - 7",2026-08-20,2026-08-31T23:59:00+01:00,['PART_TIME'],"Post: Administrator Location: ACE Tiverton School, Orchard Way, Tiverton, EX16 5HB FTE Salary Range: NJC Grade C £25,185 to £26,403 Actual Salary Range: £19,997 to £20,638 These salaries will increase once the NJC pay award is agreed. Contract Type: Permanent, part time, term time only (39 weeks per year) Contract Hours: 32.5 hours per week, Monday to Friday Are you an organised, professional, and friendly administrator looking for an opportunity to make a difference in a school environment? ACE Tiverton is seeking a dedicated Administrator to support the smooth day-to-day running of our school. Working closely with the Office Manager and wider school team, you will play a key role in providing high-quality administrative support while being one of the first points of contact for pupils, parents, staff, and visitors. About the role As our Administrator, you will help ensure the efficient operation of the school office by: Providing reception and front-of-house support, including greeting visitors and handling enquiries. Answering telephone calls and responding to routine enquiries. Maintaining accurate manual and electronic records. Supporting a range of administrative processes an",administration-category,"Administration, HR, data and finance",17,"[{""page"": 17, ""query"": ""Administration, HR, data and finance"", ""route"": ""administration-category""}]",1,OK,1df285a129f76ce523da74c8a8e5a5a8d7c6c48deba3b467a5322cd4b0b56526
2026-08-23,Teaching Vacancies,academy-administration-officer-the-priory-witham-academy-lincoln-lincolnshire,https://teaching-vacancies.service.gov.uk/jobs/academy-administration-officer-the-priory-witham-academy-lincoln-lincolnshire,Academy Administration Officer,The Priory Witham Academy,"Lincoln, East Midlands, LN6 7DT",LN6 7DT,"PPS 9 -10 £27,254 - £27,694 pro rata to £23,842 - £24,227 per annum",2026-08-21,2026-09-13T23:59:00+01:00,['FULL_TIME'],"The Priory Witham Academy is looking for an enthusiastic and motivated Academy Administration Officer to join a school that makes a genuine difference to its students and supports its staff to achieve their individual goals. We passionately believe there is something special about our Academy – a tangible sense of community and an unwavering commitment to fulfil our motto ‘Believe Together Achieve Together’. The Priory Witham Academy is an ‘all through’ (EYFS – 18) Academy in Lincoln that is central to the community it serves. Our dedicated team of staff are supportive and aspirant and in return benefit from a high trust, high accountability environment where our ‘open door’ policy values and celebrates the inputs of individuals to create our Academy vision. Applicants should be flexible, show initiative and be able to work closely within our team of support and academic staff. The post holder will have a welcoming and friendly approach to visitors; have excellent organisational skills, a proactive approach to changing circumstances, a willingness to work with others and the ability to think ‘outside of the box’. Candidates should have GCSE English and Mathematics grade A–C or equi",administration-category,"Administration, HR, data and finance",47,"[{""page"": 47, ""query"": ""Administration, HR, data and finance"", ""route"": ""administration-category""}]",1,OK,b93cc5f2d1dcb5583fb818422e6b64b0dc14b9cbf602bd0bb8f90010a492220b
2026-08-23,Teaching Vacancies,academy-administrator-2decb1eb-10bf-41ec-b839-97ff2b75324b,https://teaching-vacancies.service.gov.uk/jobs/academy-administrator-2decb1eb-10bf-41ec-b839-97ff2b75324b,Academy Administrator,The Adeyfield Academy,"Hemel Hempstead, East of England, HP2 4DE",HP2 4DE,"£23,939.00 - £25,947.00 Annually (Actual) Term time plus two weeks",2026-08-10,2026-08-23T23:59:00+01:00,['FULL_TIME'],"We are seeking to appoint an enthusiastic team player to assist in providing high-level administrative support across the school. The successful candidate will be very well organised, detail-oriented, and have the ability to work well as part of a team. Reporting to the PA to the Headteacher, you will deliver comprehensive administrative support across the academy, managing behaviour tracking, student recognition reports, meeting minutes, and document branding. You will act as a key contact for stakeholders by handling primary transition liaisons, supporting SLT diary management, and delivering exceptional face-to-face, phone, and email communication. Additionally, the role involves providing reliable main reception cover during peak times and assisting with the planning and delivery of whole-school events. There is scope for ongoing professional development within this role to reflect personal aspirations and skills. The Academy offers: * A friendly working environment with supportive and caring colleagues * Generous pension benefits * Onsite catering facilities * Excellent facilities with significant recent investment * All staff encouraged and supported in their professional dev",administration-category,"Administration, HR, data and finance",2,"[{""page"": 2, ""query"": ""Administration, HR, data and finance"", ""route"": ""administration-category""}, {""page"": 1, ""query"": ""administrator"", ""route"": ""keyword:administrator""}]",2,OK,3b93587acd81ca49c9bd5df2efbb03d2df55f660cb5a62b23611a06fbb5b88fc
2026-08-23,Teaching Vacancies,academy-administrator-chepping-view-primary-academy,https://teaching-vacancies.service.gov.uk/jobs/academy-administrator-chepping-view-primary-academy,Academy Administrator,Chepping View Primary Academy,"High Wycombe, South East, HP12 4PR",HP12 4PR,"£15,197.00 - £16,683.00 Annually (Actual) Bucks Pay Range 2-3 (dependent on experience). Salary is pro rata to hours and weeks worked. Actual estimated gross salary £15,197-£16,683 pro rata",2026-07-14,2026-08-28T23:59:00+01:00,['PART_TIME'],"Academy Administrator Job title: Academy Administrator Salary: Bucks Pay Range 2-3 (dependent on experience). Salary is pro rata to hours and weeks worked. Actual estimated gross salary £15,197-£16,683 pro rata Hours: 25 hours per week -Monday -Friday 8:00am-1:00pm Weeks 39 weeks per annum this includes INSET days as set by the Trust. Closing date: Friday 28th August 2026 - Midday Provisional Start date: October /November subject to satisfactory completion of all pre-employment checks Beneﬁts: Trustee Day (one well-being paid day oﬀ per year), Wrap Around Child Care available to staﬀ. Interviews: Week commencing 4th September 2026 Early applications are encouraged, we reserve the right to interview strong applicants before the closing date of this advert. Job Description: This Job Description is indicative of the role for the current status of the Trust, the role may vary as the Trust develops and grows. Job Purpose: To provide administrative support to the Principal to support in the efficient and effective operational functioning of the academy. Main Duties : The post-holder will be expected to carry out the following- please also refer to the attached recruitment pack for a full",administration-category,"Administration, HR, data and finance",9,"[{""page"": 9, ""query"": ""Administration, HR, data and finance"", ""route"": ""administration-category""}, {""page"": 3, ""query"": ""administrator"", ""route"": ""keyword:administrator""}]",2,OK,f7e66b255404cd81fe7ac61d43817525cae45c48cab4c64443a0fb381e4110ff
2026-08-23,Teaching Vacancies,academy-administrator-crowan-primary-school,https://teaching-vacancies.service.gov.uk/jobs/academy-administrator-crowan-primary-school,Academy Administrator,Crowan Primary School,"Camborne, South West, TR14 0LG",TR14 0LG,,2026-07-31,2026-08-31T23:59:00+01:00,['PART_TIME'],"We are seeking an Administrator who will be required to work 14 hours per week, on a permanent basis, term time plus 2 INSET days. The hours of work will be 08:30am to 12:00pm, Monday to Thursday. The successful candidate will have proficient organisation skills, competent IT knowledge in a range of applications and software systems. An excellent range of communication skills is also essential for this position. The interview date will be during the week commencing 7th September 2026",administration-category,"Administration, HR, data and finance",17,"[{""page"": 17, ""query"": ""Administration, HR, data and finance"", ""route"": ""administration-category""}, {""page"": 19, ""query"": ""Administration, HR, data and finance"", ""route"": ""administration-category""}, {""page"": 5, ""query"": ""administrator"", ""route"": ""keyword:administrator""}]",3,OK,08801c1f4e7544294776d85e04376057ea9306912e21f4a91d957c63cd382191
2026-08-23,Teaching Vacancies,academy-administrator-cubert-primary-school,https://teaching-vacancies.service.gov.uk/jobs/academy-administrator-cubert-primary-school,Academy Administrator,Cubert Primary School,"Newquay, South West, TR8 5HE",TR8 5HE,,2026-07-31,2026-09-06T23:59:00+01:00,['PART_TIME'],"We are seeking an organised and efficient Administrator to support the smooth day to day running of our school. This is a permanent position for 32.5 hours per week, term time plus 2 INSET days. The hours of work are 08:30am - 03:30pm, Monday to Friday. The proposed interview date is 11th September2026",administration-category,"Administration, HR, data and finance",37,"[{""page"": 37, ""query"": ""Administration, HR, data and finance"", ""route"": ""administration-category""}, {""page"": 9, ""query"": ""administrator"", ""route"": ""keyword:administrator""}]",2,OK,cb2a7751402e908aea6faa7bf1120e4c881a53d68c7cb860ec582d2db2c8cb85
2026-08-23,Teaching Vacancies,academy-administrator-l3-dixons-cottingley-academy,https://teaching-vacancies.service.gov.uk/jobs/academy-administrator-l3-dixons-cottingley-academy,Academy Administrator L3,Dixons Cottingley Academy,"Bingley, Yorkshire and the Humber, BD16 1TZ",BD16 1TZ,"DAT Level 3, SCP 18 - 25 (Actual Salary £24,422.78 - £28,695.35)",2026-08-10,2026-09-14T23:59:00+01:00,['FULL_TIME'],"Why choose Dixons Cottingley Academy? We believe that people, more than strategy, create value - we all belong and grow together Focus on feedback and professional growth Opportunities across our trust to develop and grow your career Supportive line management; one team focused on fairness Employer funded cash health plan to support wellbeing for all staff The right candidate will be totally aligned to our values of determination, integrity and trust and completely committed to our mission: the academy will ensure that all students achieve excellent outcomes and are empowered to lead happy, purposeful and successful lives.",administration-category,"Administration, HR, data and finance",49,"[{""page"": 49, ""query"": ""Administration, HR, data and finance"", ""route"": ""administration-category""}, {""page"": 12, ""query"": ""administrator"", ""route"": ""keyword:administrator""}]",2,OK,62ddf1c60bc77af3e8a2087e03ac48d1b6b265d251b75839b65bd7f52c4795ca
2026-08-23,Teaching Vacancies,accounts-payable-assistant-greenwood-academies-trust,https://teaching-vacancies.service.gov.uk/jobs/accounts-payable-assistant-greenwood-academies-trust,Accounts Payable Assistant,Greenwood Academies Trust,"Nottingham, NG4 2JY",NG4 2JY,"£26,403.00 - £28,142.00 Annually (Actual) GAT-5 52 Weeks Per Year 37 Hours Per Week",2026-07-29,2026-08-26T23:59:00+01:00,['FULL_TIME'],"We are looking for a proactive and organised Accounts Payable Assistant to join our Finance team and support the smooth and accurate delivery of our Procure‑to‑Pay processes. In this role, you’ll play an important part in ensuring our suppliers are paid on time, our financial records are maintained to the highest standard, and our academies receive an efficient and supportive service. Day‑to‑day, you’ll manage supplier invoices, maintain our AP mailbox, process payments, resolve queries, and liaise with colleagues across the Trust to ensure information is accurate and up to date. You’ll also support financial reconciliations, staff expense processing and contribute to the successful completion of year‑end activities. This is a varied and collaborative role where attention to detail, strong communication skills, and a proactive approach are key. You will work closely with both academy and central teams, helping to uphold our financial policies and contributing to ongoing improvements in our systems and processes. If you’re looking to develop your finance experience within a supportive and purpose‑driven organisation, we’d love to hear from you. In return we have multiple benefits fo",administration-category,"Administration, HR, data and finance",6,"[{""page"": 6, ""query"": ""Administration, HR, data and finance"", ""route"": ""administration-category""}]",1,OK,a210e6c54fdd5f8facf474e5b5cef0fbade7397e7bee796208c6286f36870a2f
2026-08-23,Teaching Vacancies,accounts-payable-officer,https://teaching-vacancies.service.gov.uk/jobs/accounts-payable-officer,Accounts Payable Officer,The Harmony Trust Ltd,"Oldham, OL4 1RR",OL4 1RR,"Between £25,989 - £28,142",2026-08-14,2026-09-04T12:00:00+01:00,['PART_TIME'],"Ideally have AAT Level 4 Diploma in Accounting or equivalent experience Have recent and relevant experience of working in a finance environment, ideally within the Education Sector Have an understanding of the account payable process Have knowledge of financial regulations/relevant policies/codes of practice and awareness of legislation relating to MATs and their academies. Have knowledge of the requirements of the ESFA Academies Trust Handbook and Annual Accounts Direction. Have excellent knowledge of financial management systems, spreadsheets and databases. Be able to work as part of a team and have effective written and verbal communication skill",administration-category,"Administration, HR, data and finance",34,"[{""page"": 34, ""query"": ""Administration, HR, data and finance"", ""route"": ""administration-category""}]",1,OK,410183ab5d1da6492954c4aad2152d5b3ec68af6b093414be8878fc00b0b1a3e
2026-08-23,Teaching Vacancies,admin-and-premises-assistant-9d6fefc7-aa4d-4843-a7f1-fb8860efc481,https://teaching-vacancies.service.gov.uk/jobs/admin-and-premises-assistant-9d6fefc7-aa4d-4843-a7f1-fb8860efc481,Admin and Premises Assistant,Drayton Community Primary School,"Abingdon, South East, OX14 4JF",OX14 4JF,"£25,185.00 - £25,584.00 Annually (FTE)",2026-07-30,2026-09-01T12:00:00+01:00,['PART_TIME'],"Administration Assistant Full-time | Term Time Only (plus 4 inset days). Start date September 26 or as soon as possible Working Hours: Monday to Friday, 8.00am - 4.00pm, with some flexibility required. Term Time Only plus 4 inset days. Salary: Grade 4.4, £25,185 per annum FTE (Term Time only £21,294). Pay rise pending. Location: Drayton Community Primary School, near Abingdon, South Oxfordshire We are seeking a reliable, highly organised, and proactive individual to join our friendly school team. This position involves administrative duties within the school office with practical support for general upkeep of the school premises. The successful candidate will play a key part in ensuring the smooth day-to-day running of the school, providing a warm welcome to pupils, parents, carers and visitors. About Us Drayton Community Primary School is a welcoming, one-form entry school situated just outside Abingdon in South Oxfordshire, with excellent transport links to the A34/M4, Oxford, Didcot, Wallingford and Wantage. We are proud of our strong community spirit, with an active parent group (FODSA), a dedicated team of staff, and children who are eager to learn and take pride in their achi",administration-category,"Administration, HR, data and finance",23,"[{""page"": 23, ""query"": ""Administration, HR, data and finance"", ""route"": ""administration-category""}]",1,OK,d7dd83513b2d5a8619dbadc6d811188fa79640dd4552aa22969b990233b44b39
2026-08-23,Teaching Vacancies,admin-and-reception-assistant-outwood-academy-brumby,https://teaching-vacancies.service.gov.uk/jobs/admin-and-reception-assistant-outwood-academy-brumby,Admin and Reception Assistant,Outwood Academy Brumby,"Scunthorpe, Yorkshire and the Humber, DN16 1NT",DN16 1NT,,2026-08-21,2026-09-03T09:00:00+01:00,['PART_TIME'],"Are you a highly organised, welcoming individual committed to providing exceptional administrative support? Join us as an Admin and Reception Assistant , a key role responsible for delivering a professional and efficient Reception service and being the first point of contact for the academy. You will provide crucial administrative assistance to the school, ensuring the main office runs smoothly. This role involves managing visitor safeguarding procedures , handling all post , and undertaking general office duties such as typing, filing, and assisting with meeting arrangements. You will be integral to the smooth running of the academy, taking responsibility for answering incoming communications and greeting and dealing with all visitors. A key duty is ensuring all visitors are properly recorded, sign-in procedures are followed, and lanyards are issued to meet safeguarding procedures. Duties also include supporting the Senior Leadership Team (SLT) with radio contact and assisting with internal and external meeting arrangements, which includes booking rooms and catering, preparing papers, and minute-taking as required. You will maintain up-to-date filing systems, handle post distribut",administration-category,"Administration, HR, data and finance",31,"[{""page"": 31, ""query"": ""Administration, HR, data and finance"", ""route"": ""administration-category""}]",1,OK,400d5de1e597278ba35cddac023f32696401b13c513fe62f4a392d4fa46cf998
2026-08-23,Teaching Vacancies,admin-and-reprographics-officer-b4fcc8c7-2a12-4494-bebd-e40569928970,https://teaching-vacancies.service.gov.uk/jobs/admin-and-reprographics-officer-b4fcc8c7-2a12-4494-bebd-e40569928970,Admin and Reprographics Officer,Alperton Community School,"Wembley, London, HA0 4JE",HA0 4JE,"£32,653.00 - £34,368.00 Annually (Actual)",2026-07-20,2026-08-27T23:59:00+01:00,['FULL_TIME'],"Job Title: Admin and Reprographics Officer Salary range: Scale SO 1and spinal point 23 £36, 735 to spinal point 25 £38, 664 Inc. London weighting per annum (Pro rata £32, 653 - £34, 368) Contract: Fixed term (1 Year) - Maternity Cover Start date: September 2026 Hours of work: 36 hours per week Working weeks: 40 weeks Location: Alperton, London Aspire | Commit | Succeed We are a split-site school, with a short walk of approximately 8 minutes between sites, and on-site parking is available. Alperton Community School is a large, mixed 11-18 academy, with over 350 students in our thriving Sixth Form. Due to our growing popularity and continued success, we have recently expanded our intake to 12 forms in each year group. We are a truly inclusive school, reflecting the wonderfully diverse and vibrant local community we serve. Our students are exceptionally well behaved, hardworking, and ambitious to succeed. In our most recent Ofsted inspection (March 2026), the school was graded Strong standard and Expected standard, with inspectors noting: “Pupils enjoy attending this diverse and inclusive school. They feel a strong sense of belonging, which is evident in the positive relationships the",administration-category,"Administration, HR, data and finance",7,"[{""page"": 7, ""query"": ""Administration, HR, data and finance"", ""route"": ""administration-category""}]",1,OK,121f8c99de466d2f9d9cfabdc9316218d9c1d028eedaa91493111bbc8081a1de
2026-08-23,Teaching Vacancies,admin-assistant-10329641-0e0b-41f7-ba37-1959636d06d8,https://teaching-vacancies.service.gov.uk/jobs/admin-assistant-10329641-0e0b-41f7-ba37-1959636d06d8,Admin Assistant,Yenton Primary School,"Birmingham, West Midlands, B24 0ED",B24 0ED,"£19,969.00 - £21,695.00 Annually (Actual) 37 hours per week Term Time only",2026-08-17,2026-09-01T12:00:00+01:00,['FULL_TIME'],"About This Role Yenton Primary School is seeking to appoint a warm, highly organised professional to join our vibrant and dedicated admin team as our Administrative Assistant. All staff at Yenton primary are committed to meeting the needs of all pupils and raising standards. As an Administrative Assistant, you will be supportive of our vision: “High Expectations Achieve Success.” This is an exciting opportunity for someone with a strong background in administration (ideally with experience in a school environment) to play a key front-facing role in the life of our school. You will be the first point of contact for all visitors, phone calls, and enquiries, helping us deliver an exceptional and welcoming experience to our pupils, parents, staff, and wider school community. Key Responsibilities: Act as the first point of contact for parents, visitors, pupils, and staff, ensuring a friendly, efficient and professional reception service; Support the smooth running of the school office by providing a wide range of administrative tasks to the Senior Office Manager and Senior Leadership Team, carrying out responsibilities and guidance issued from the Headteacher; Manage correspondence incl",administration-category,"Administration, HR, data and finance",24,"[{""page"": 24, ""query"": ""Administration, HR, data and finance"", ""route"": ""administration-category""}]",1,OK,9469291f767751dd4868efd9892086e147f7c94c5a30aa666b50bf309833203b
2026-08-23,Teaching Vacancies,admin-assistant-barry-primary-school,https://teaching-vacancies.service.gov.uk/jobs/admin-assistant-barry-primary-school,Admin Assistant,Barry Primary School,"Northampton, East Midlands, NN1 5JS",NN1 5JS,"£25,185.00 - £25,583.00 Annually (FTE) pay award pending",2026-08-18,2026-09-08T17:00:00+01:00,['PART_TIME'],"School Admin Assistant Permanent/Part Time Term Time Plus (term time plus 5 training days) 32.5 hours per week, Monday to Friday 08:30-15:30 Monday to Friday. A daily 30 mins lunch is unpaid. NJC Grade E, Points 4/5 - £19,028/£19328 actual per annum (£25,185/£25,583 FTE per annum). Annual pay award is pending. Holiday entitlement is built into the salary for term time plus workers. Salary is paid all year round across 12 months in equal instalments. The Role We are seeking a friendly, organised, and enthusiastic Receptionist/Admin Assistant to join our team. This is a key front-facing role within the school, providing a professional and welcoming first point of contact for students, staff, parents and visitors, while supporting the smooth day-to-day running of the school. As the school’s first point of contact, you will greet and assist all stakeholders and respond to enquiries in person, by telephone and via email. You will play an important role in ensuring the reception area operates efficiently, maintaining accurate records and communication systems, and always working in line with the school’s safeguarding procedures. In addition to core reception responsibilities, you will un",administration-category,"Administration, HR, data and finance",43,"[{""page"": 43, ""query"": ""Administration, HR, data and finance"", ""route"": ""administration-category""}]",1,OK,b62095106145be161528f0bdaf567d0ab9edee7ee080a0cb6407ca43f34eab15
2026-08-23,Teaching Vacancies,admin-assistant-chaffinch-brook-school,https://teaching-vacancies.service.gov.uk/jobs/admin-assistant-chaffinch-brook-school,Admin Assistant,Chaffinch Brook School,"Croydon, London, CR0 6NA",CR0 6NA,"19,807 FTE - £20,392 FTE. NJC Grade 5 SCP 13 - 15 (Outer London)",2026-07-27,2026-08-28T00:00:00+01:00,['PART_TIME'],"The Beckmead Trust is an expanding learning and nurturing community for young people with Educational Health Care Plans and various types of additional needs across various sites. We are seeking to recruit an experienced School Administrator to join the team at Chaffinch Brook School. The post will be for 3 days a week, Term time plus INSET days plus 1 week in the holidays. Chaffinch Brook is a special school for children with Autism and challenging behaviour. It is established on two separate sites, one for primary and the other for secondary aged students. As part of the Beckmead Trust, our ethos involves close collaboration with specialist and mainstream schools, outside specialist agencies with enhanced knowledge of our children’s needs and the private, voluntary and charity sectors within the communities in which we work. If you share our vision of Love, Flourishing, Community and Social Justice. and if you have a desire to make a real difference to the lives of children in Croydon, we would welcome an application from you. As part of the Beckmead Trust, our ethos involves close collaboration with specialist and mainstream schools, outside specialist agencies with enhanced kno",administration-category,"Administration, HR, data and finance",8,"[{""page"": 8, ""query"": ""Administration, HR, data and finance"", ""route"": ""administration-category""}]",1,OK,1818e1c39564cabfc400efe32810cc24877461bdfda04895b6e0668c45180a15
2026-08-23,Teaching Vacancies,admin-assistant-maternity-cover-peckover-primary-school-wisbech-cambridgeshire,https://teaching-vacancies.service.gov.uk/jobs/admin-assistant-maternity-cover-peckover-primary-school-wisbech-cambridgeshire,Admin Assistant (Maternity Cover),Peckover Primary School,"Wisbech, East of England, PE13 1PJ",PE13 1PJ,"£24,871.00 Annually (FTE)",2026-08-17,2026-09-02T12:00:00+01:00,['PART_TIME'],"Admin Assistant - 6.5 hours per day/5 days a week (Maternity Leave 9 months with the possibility of extending for a suitable candidate) Term time (plus 5 training days and an additional 5 days by arrangement) Salary: FTE £24,871 Grade 2 Point 4 Do you want to make a difference to children’s lives? Do you want to work as part of a supportive and ambitious team? Do you want to join a vibrant, happy office team? Do you have excellent customer service skills and a happy disposition? Are you able to work under pressure, using your own initiative? Peckover School is offering an excellent opportunity to join our amazing team! Peckover is an ‘exciting place for children to learn and for staff to teach’ -OFSTED We thrive on making a difference! We are looking to appoint an Admin Assistant who: Will welcome all visitors and professionals to Peckover School with a smile on their face and excellent interpersonal skills. Will have an excellent telephone manner and communication skills. Will always go the extra mile for children, families and colleagues. Has experience in administration tasks, using Microsoft Office (Word, Excel, Powerpoint, and Publisher) and has a full range of secretarial ski",administration-category,"Administration, HR, data and finance",28,"[{""page"": 28, ""query"": ""Administration, HR, data and finance"", ""route"": ""administration-category""}]",1,OK,18c773d8cae6ea3d386f3908f2cb86fe1cf109cab38ff589ae78239f7fc0b69d
2026-08-23,Teaching Vacancies,admin-assistant-st-luke-s-church-of-england-primary-school,https://teaching-vacancies.service.gov.uk/jobs/admin-assistant-st-luke-s-church-of-england-primary-school,Admin Assistant,St Luke's Church of England Primary School,"Northampton, East Midlands, NN5 4UL",NN5 4UL,"£26,016.00 Annually (FTE) £2654.57",2026-08-14,2026-08-28T12:00:00+01:00,['PART_TIME'],"We are seeking someone who: Can maintain a courteous, professional and welcoming manner, in person, writing and on the telephone, with key stakeholders, to reflect our key values. Can provide effective secretarial support to meet the school’s administrative daily requirements. Can work efficiently to maintain record keeping, maintaining compliance with data protection requirement. Takes accountability for the organisation and management of key school procedures, including, but not limited to, submission of relevant data to HR, Finance and Health and Safety teams, Admission procedures, Pupil Attendance, Pupil census submission, organisation of school trips and risk assessments, website maintenance and safeguarding protocol. Can make special contribution to our school community, as a Admin Assistant and a Team Member. Is supportive of the ethos of a Church and Trust school. Understands the importance of Child Protection and is committed to the safeguarding of children’s welfare- both at home and in school. We can offer you: A school that is committed to the importance of developing children’s creativity, imagination and love of learning. A forward thinking, creative school that pride",administration-category,"Administration, HR, data and finance",9,"[{""page"": 9, ""query"": ""Administration, HR, data and finance"", ""route"": ""administration-category""}]",1,OK,bc3045c9020ee97b63077b779dde29410782ed5063fa2a0afcdc5ef5e9278c2f
2026-08-23,Teaching Vacancies,admin-assistant-wellesbourne-cofe-primary-school,https://teaching-vacancies.service.gov.uk/jobs/admin-assistant-wellesbourne-cofe-primary-school,Admin Assistant,Wellesbourne CofE Primary School,"Warwick, West Midlands, CV35 9QG",CV35 9QG,£13.05 - £13.26 Hourly,2026-07-20,2026-08-26T12:00:00+01:00,['PART_TIME'],"Administrative Assistant The Administrative Assistant provides efficient, professional and friendly support that helps keep the school running smoothly every day. As a key member of the school office team, you will be at the heart of school life, welcoming visitors, supporting pupils, assisting staff and ensuring administrative processes are delivered accurately and effectively. This is an exciting and varied role that requires excellent organisational skills, a positive attitude and a commitment to providing outstanding customer service to the whole school community. Key Responsibilities Reception and Visitor Experience Create a welcoming, professional and organised reception area for pupils, parents, staff and visitors. Act as the first point of contact for all visitors, ensuring a positive experience and maintaining safeguarding and security procedures. Receive visitors, contractors and deliveries, managing associated administration including visitor badges and delivery documentation. Conduct tours of the school for prospective parents, visitors and external stakeholders when required. Respond confidently to enquiries in person, by telephone and email, providing accurate informa",administration-category,"Administration, HR, data and finance",6,"[{""page"": 6, ""query"": ""Administration, HR, data and finance"", ""route"": ""administration-category""}]",1,OK,1545bc65e9ff921bdae59d460ccf1ef6f107c6dddd3ccfb2cb086ff77389d964
2026-08-23,Teaching Vacancies,admin-officer-queen-s-crescent-school,https://teaching-vacancies.service.gov.uk/jobs/admin-officer-queen-s-crescent-school,Admin Officer,Queen's Crescent School,"Chippenham, South West, SN14 0QT",SN14 0QT,"£29,064.00 - £31,022.00 Annually (FTE) Actual Salary: £25,640 - £27,368 per annum",2026-07-20,2026-09-01T12:00:00+01:00,['PART_TIME'],"Admin Officer Queen’s Crescent School Salary: G12- G14, £29,064 - £31,022 FTE Actual Salary: £25,640 - £27,368 per annum Contract: Permanent, Part-time Working hours: 37 hours per week, working 40 weeks per year (Term time including TD days plus 5 days during summer holiday) Working pattern: Monday to Friday, 8.15am to 12.30pm plus 1.15pm to 4.30pm We’re happy to talk flexible working options in regards to all our roles Closing date: 12noon on Tuesday 1st September 2026 Interview Date : w/c 7th September 2026 Anticipated Start Date: As soon as possible Job summary: We are seeking a highly organised and proactive Admin Officer to provide efficient administrative support and help ensure the smooth day-to-day running of our school. The successful candidate will manage a range of administrative tasks, maintain accurate records, respond to enquiries, and provide excellent customer service to staff, pupils, parents, and visitors. They will work closely with the leadership team to support school operations while maintaining confidentiality and professionalism at all times. Strong communication, organisational, and IT skills are essential, along with the ability to prioritise workloads in",administration-category,"Administration, HR, data and finance",24,"[{""page"": 24, ""query"": ""Administration, HR, data and finance"", ""route"": ""administration-category""}]",1,OK,bae439fa258dd730bf3e81ecd3380d311521bf06699190ddf06e5a2503fc0955
2026-08-23,Teaching Vacancies,administration-and-attendance-support,https://teaching-vacancies.service.gov.uk/jobs/administration-and-attendance-support,Administration and Attendance Support,The Joseph Whitaker School,"Mansfield, East Midlands, NG21 0AG",NG21 0AG,,2026-08-18,2026-09-07T09:00:00+01:00,['PART_TIME'],"Ability to understand and apply Academy policies related to the Trust General knowledge of office procedures Experience of working within a school setting Ability to work unsupervised and be able to work as a member of a team Ability to relate well to staff, governors and students Ability to communicate effectively, verbally and in writing, with members of the public, colleagues, students and visitors Understanding of, and ability to provide, best practice in customer care Good organisational skills Excellent ICT skills Willingness to undertake personal development and training Flexible – able to meet deadlines against changing priorities An understanding of, and commitment to, Equal Opportunities Hard working, conscientious and detail orientated Understanding of the importance of confidentiality and discretion",administration-category,"Administration, HR, data and finance",41,"[{""page"": 41, ""query"": ""Administration, HR, data and finance"", ""route"": ""administration-category""}]",1,OK,220aff6a3dc55fb94f6d6b295fd59fe7d958646f3b890d3b48d2adcb8e561723
2026-08-23,Teaching Vacancies,administration-and-reception-assistant-wheatley-church-of-england-primary-school,https://teaching-vacancies.service.gov.uk/jobs/administration-and-reception-assistant-wheatley-church-of-england-primary-school,Administration and Reception Assistant,Wheatley Church of England Primary School,"Oxford, South East, OX33 1NN",OX33 1NN,"£25,185.00 - £25,583.00 Annually (FTE)",2026-08-09,2026-08-28T23:59:00+01:00,['PART_TIME'],"As a Reception & Administrative Assistant, you will be the face and voice of the school, serving as the first point of contact for students, parents and visitors, while keeping our office operations running efficientlyWe need a proactive professional with sharp organisation skills to help us maintain an efficient and welcoming environment. You will be the primary point of contact for our students and visitors, balancing a warm welcome with the fast-paced demands of school administration. The successful candidate will have outstanding interpersonal, communication and organisational skills and have a talent and passion for working within a setting such as ours. You will be required to ensure the office runs smoothly on a day to day basis. Knowledge of keyboard and ICT skills are essential, including being confident in the use of different operating systems. You will need personal resilience, an empathetic approach and be happy working flexibly and under pressure. Your desire to learn new skills and contribute to the wider development of the school will be welcomed. The weekly hours will be 20 as detailed below. Tuesday 8.15 - 14.00 Weds 8.15 - 13.00 Thurs 8.15 - 14.00 Friday 8.15 - 1",administration-category,"Administration, HR, data and finance",10,"[{""page"": 10, ""query"": ""Administration, HR, data and finance"", ""route"": ""administration-category""}]",1,OK,d1af7e24bed7db81be986895872f4641fe58db56a01b61366440488357e5c8ea
2026-08-23,Teaching Vacancies,administration-and-reprographics-assistant-the-ravensbourne-school-bromley-kent,https://teaching-vacancies.service.gov.uk/jobs/administration-and-reprographics-assistant-the-ravensbourne-school-bromley-kent,Administration and Reprographics Assistant,The Ravensbourne School,"Bromley, London, BR2 9EH",BR2 9EH,"£28,220.00 - £28,616.00 Annually (FTE) NJC Scale 1, points 2-3 FTE £28,220.00-£28,616.00 (actual: £24,680.32 – £25,026.65 per annum)",2026-06-04,2026-08-23T12:00:00+01:00,['FULL_TIME'],"Job Title: Administration and Reprographics Assistant Salary: NJC Scale 1, points 2-3 £28,220.00-£28,616.00 (actual: £24,680.32 - £25,026.65) Contract Type: Permanent Working Hours : 36 hours, 40 weeks (5 INSET days + 5 additional days) Monday-Friday 8-4pm Location: The Ravensbourne School Reporting To : Office Manager About this Role Orion Education is a values-led organisation, driven by a determination to create welcoming and open schools for the local community, where every person thrives, makes excellent progress, and succeeds. We are committed to improving outcomes and transforming lives, realising social mobility, and the transformative power of education. We value the difference in all our schools while seeking to bring them together around a framework that delivers an enriching experience and a great education for the young people within our care. We want the very best for all our young people. Our plan to ensure that we deliver great schools is underpinned by our shared values of trust, kindness, and endeavour. Our schools and our staff are collaborative, and we seek to create consistency and quality throughout. Our leaders create improvement in schools that is robust and",administration-category,"Administration, HR, data and finance",1,"[{""page"": 1, ""query"": ""Administration, HR, data and finance"", ""route"": ""administration-category""}]",1,OK,04e08ad967496102903795f6308e96e06157f215c8ca0df8fac3cbaed5c18f67
2026-08-23,Teaching Vacancies,administration-assistant-and-first-aider-carshalton-high-school-for-girls,https://teaching-vacancies.service.gov.uk/jobs/administration-assistant-and-first-aider-carshalton-high-school-for-girls,Administration Assistant and First Aider,Carshalton High School for Girls,"Carshalton, London, SM5 2QX",SM5 2QX,"£31,288.00 - £32,655.00 Annually (FTE) Actual salary - £14,567 - £15,203",2026-07-17,2026-08-26T10:00:00+01:00,['PART_TIME'],"We are recruiting for a friendly, proactive and organised Administration Assistant & First Aider to join our dedicated team in the main school office. Hours of work 38 weeks a year (inclusive of non-teaching days designated for professional duties) 20 hours per week Tuesday to Friday, working five hours a day. Working hours are 8.30am to 2pm (with a 30 minutes unpaid break) The successful candidate will Have strong administrative skills, with proficiency in Microsoft Excel and the production and analysis of database reports. Be first aid trained, or willing to undertake first aid training. Have ability to work independently, effectively prioritising workloads and using initiative to meet deadlines and objectives. Have excellent verbal and written communication skills, with the ability to communicate effectively with a range of stakeholders. Our School Carshalton High School for Girls, a member of the Girl’s Learning Trust, is a high achieving school in the suburbs of south London. Confirmed as “Good” by Ofsted in January 2023, we achieved our best exam results to date in Summer 2025. We offer An aspirational vision of education A continuous programme of CPD with the opportunity for",administration-category,"Administration, HR, data and finance",6,"[{""page"": 6, ""query"": ""Administration, HR, data and finance"", ""route"": ""administration-category""}]",1,OK,9ec1924eb8fac0f7f28e9a3cd39f5fbeeb1344084b34faf84da3890c773eee86
2026-08-23,Teaching Vacancies,administration-assistant-and-receptionist-king-edward-vii-school-sheffield-south-yorkshire,https://teaching-vacancies.service.gov.uk/jobs/administration-assistant-and-receptionist-king-edward-vii-school-sheffield-south-yorkshire,Administration Assistant and Receptionist,King Edward VII School,"Sheffield, Yorkshire and the Humber, S10 2PW",S10 2PW,,2026-07-16,2026-09-04T09:00:00+01:00,"['FULL_TIME', 'PART_TIME']","Administration Assistant and Receptionist 22.5 hours per week, 39 weeks per year Tuesday to Thursday Grade 3 Point 5 to 6 £25,583 to £25,989 per annum FTE (actual £13,382 to £13,594 per annum) Permanent contract Required start date: ASAP King Edward VII School is a thriving, over-subscribed School with a diverse intake. It is a stimulating place in which to work, offering many opportunities to students and staff alike. The School enjoys an excellent reputation and sees the calibre of its staff as a key strength. King Edward VII School has two sites within the S10 area, approximately 1.5 miles apart. At King Edward VII School we offer an excellent benefits package, including a pension, eye test vouchers and a wellbeing package. We also offer a full employee assistance programme (EAP). King Edward VII School is seeking to appoint a confident, enthusiastic and highly organised Administration Assistant and Receptionist to provide high-quality administrative and reception at the Lower School site This is an excellent opportunity for a professional and personable individual who enjoys working in a busy school environment and is committed to delivering an efficient and welcoming service t",administration-category,"Administration, HR, data and finance",32,"[{""page"": 32, ""query"": ""Administration, HR, data and finance"", ""route"": ""administration-category""}, {""page"": 3, ""query"": ""receptionist"", ""route"": ""keyword:receptionist""}]",2,OK,f05f5b5620e2086b8b92881d4ae44af58953c0ab2ed8bf162ff77662db723884
2026-08-23,Teaching Vacancies,administration-assistant-apprentice-catmose-college-oakham-rutland,https://teaching-vacancies.service.gov.uk/jobs/administration-assistant-apprentice-catmose-college-oakham-rutland,Administration Assistant Apprentice,Catmose College,"Oakham, East Midlands, LE15 6RP",LE15 6RP,,2026-06-24,2026-09-08T09:00:00+01:00,"['FULL_TIME', 'PART_TIME']","ADMINISTRATION ASSISTANT APPRENTICE We are looking for a friendly, reliable, and motivated Administration Assistant Apprentice to join our busy school administration team. This role is ideal for a school leaver aged 16 or over who is keen to gain valuable workplace experience while working towards a nationally recognised qualification. You will play an important role in supporting the day-to-day running of the Admin office and providing a welcoming first point of contact for students, parents, staff, and visitors. What will you be doing? With full training and support from our experienced administration team and an external apprenticeship provider, your duties will include: Welcoming visitors and providing a professional and friendly reception service Answering telephone calls and responding to routine enquiries in person Supporting communication with parents and carers, including sending letters and emails Producing documents using Microsoft Word and Excel Assisting with general office administration tasks Monitoring and maintaining stationery and office supplies Working closely with staff across the school to support daily operations Who is this role suitable for? This role is id",administration-category,"Administration, HR, data and finance",42,"[{""page"": 42, ""query"": ""Administration, HR, data and finance"", ""route"": ""administration-category""}]",1,OK,3dad201b29d72fd1d7e7f3dbb6b4d542927879752b508a92a75cd339eedcc334
2026-08-23,Teaching Vacancies,administration-assistant-attendance-level-1,https://teaching-vacancies.service.gov.uk/jobs/administration-assistant-attendance-level-1,Administration Assistant – Attendance (Level 1),Kingsmead Academy,"Taunton, South West, TA4 2NE",TA4 2NE,"£22,947 - £25,010 (Based on hours/working weeks)",2026-08-13,2026-08-30T23:59:59+01:00,"['FULL_TIME', 'PART_TIME']","Job Title: Administration Assistant – Attendance (Level 1) Actual Annual Salary: £22,947 - £25,010 (Based on hours and working weeks) Full Time Equivalent Salary: £26,798 - £29,208 (CLF Grade B, based on 37 hours per week, all year round) Contract Type: Permanent, Term Time Only + Inset Days Hours: Full-Time, 37 hours per week, Monday to Friday Provisional Start Date: 12 October 2026 An opportunity to make a meaningful impact in education by promoting student attendance, supporting academic achievement, and fostering a culture of punctuality and active engagement: We are looking for an Attendance Administration to join our supportive and talented team at Kingsmead Academy. Working alongside senior administrative staff, this role will provide general administrative and clerical support to the academy and the Attendance team. About you: You will have: excellent attention to detail and organisational skills, with the ability to accurately maintain legal attendance records and meet strict deadlines in a fast-paced educational environment. a proactive and analytical approach to monitoring student attendance, with the ability to identify patterns and initiate appropriate interventions in",administration-category,"Administration, HR, data and finance",12,"[{""page"": 12, ""query"": ""Administration, HR, data and finance"", ""route"": ""administration-category""}]",1,OK,06441a592219c2370fb60da94f5a6ed1225e4852a41a033acfe4fdcf31f40b3c
2026-08-23,Teaching Vacancies,administration-assistant-c2f65b3b-e84d-4148-98e6-f9f60ceb2d22,https://teaching-vacancies.service.gov.uk/jobs/administration-assistant-c2f65b3b-e84d-4148-98e6-f9f60ceb2d22,Administration Assistant,Ellesmere Park High School,"Manchester, North West, M30 9BP",M30 9BP,"£22,926.30 - £23,290.14 Annually (Actual) NJC Grade 3 (NJC Scale points 5 – 6 )",2026-08-20,2026-09-11T09:00:00+01:00,['FULL_TIME'],"Administration Assistant 📍 Location: Ellesmere Park High School 💰 Salary: £22,926.30 - £23,290.14 ⏳ Contract and Working Pattern: FTC - 1 year, 36 hours per week, Term Time plus 5 days 📅 Start Date: September 2026 Are you organised, approachable and passionate about providing excellent support within a busy school environment? Ellesmere Park High School, part of Consilium Academies, is looking to appoint a friendly and efficient Administration Assistant to join our dedicated team. This is a fantastic opportunity to become part of a vibrant, inclusive and supportive school community where staff wellbeing and professional development are highly valued. At Ellesmere Park, we are proud of our welcoming culture and strong relationships between staff, students and families. We are committed to helping every child be the best they can be — and our staff play a vital role in making this happen every day. About the Role As Administration Assistant, you will support the smooth day-to-day running of the school office and provide excellent customer service to staff, students, parents and visitors. Duties will include: Managing calls, emails and front desk enquiries Supporting school communicat",administration-category,"Administration, HR, data and finance",45,"[{""page"": 45, ""query"": ""Administration, HR, data and finance"", ""route"": ""administration-category""}]",1,OK,4f47a9b4fabd4982aca927926fb7e70c6d67b4cf0961d9dfb9d9cd10b70379fc
2026-08-23,Teaching Vacancies,administration-assistant-conyers-school-yarm-cleveland,https://teaching-vacancies.service.gov.uk/jobs/administration-assistant-conyers-school-yarm-cleveland,Administration Assistant,Conyers School,"Yarm, North East, TS15 9ET",TS15 9ET,"Grade F, SCP 7 to 8, pending job evaluation",2026-07-27,2026-09-01T12:00:00+01:00,['PART_TIME'],"We are seeking to appoint an experienced and committed Administration Assistant who will embrace an inclusive attitude to education, is looking for a new challenge and wants to be part of driving continued improvements in our school. The successful candidate will: Support HR administration within school Deliver efficient administrative and clerical support across the school. Maintain accurate records using school IT systems and databases. Communicate effectively with students, parents/carers, staff and external agencies. Handle confidential information in accordance with GDPR and school policies. Demonstrate strong organisational, ICT and customer service skills. Be committed to safeguarding, equality, health and safety, and promoting the welfare of children and young people.",administration-category,"Administration, HR, data and finance",24,"[{""page"": 24, ""query"": ""Administration, HR, data and finance"", ""route"": ""administration-category""}]",1,OK,f0c7d988ab42bc7dc694d98ec1966cdcd0721360c14b037c9ed05ec81b92b813
2026-08-23,Teaching Vacancies,administration-assistant-d18e39b3-4741-40c0-9bbf-2a5916965727,https://teaching-vacancies.service.gov.uk/jobs/administration-assistant-d18e39b3-4741-40c0-9bbf-2a5916965727,Administration Assistant,Jane Austen College,"Norwich, East of England, NR3 1DD",NR3 1DD,"Salary: Support Staff Pay Scale D: £22,374 to £22,729 pro-rata per annum (Actual) (£25,583 - £25,989 full time/full year equivalent)",2026-08-14,2026-09-10T01:00:00+01:00,['FULL_TIME'],"Salary: Support Staff Pay Scale D: £22,374 to £22,729 pro-rata per annum (Actual) (£25,583 - £25,989 full time/full year equivalent) Full Time: 37 hours per week, Monday to Friday Working Weeks: 39 weeks Start Date: October 2026 This role will be based at Jane Austen College, Claxton House, 46-48 Colegate, Norwich, NR3 1DD. Jane Austen College is seeking to appoint a dedicated Administration Assistant to join our team within our thriving, academic and inclusive school community. The successful candidate will provide high quality administrative and pastoral support, working collaboratively with senior leaders, office staff, teachers, pupils, and parents. This role requires an efficient, professional, and positive approach to ensure the smooth operation of key school functions. What You’ll Be Doing Serve as a visible and welcoming member of staff, greeting parents, visitors, and stakeholders in a professional manner. Respond promptly and effectively to telephone calls, emails, and general enquiries. Maintain office supplies, including the completion of purchase orders where required. Assist with the organisation and administration of school events such as parents’ evenings and open e",administration-category,"Administration, HR, data and finance",44,"[{""page"": 44, ""query"": ""Administration, HR, data and finance"", ""route"": ""administration-category""}]",1,OK,724efa9fa5ba790ea57c3e92f0bbaf91fa0cdd1a7fee7fcfe7787789684efa59
2026-08-23,Teaching Vacancies,administration-assistant-horizons-academy,https://teaching-vacancies.service.gov.uk/jobs/administration-assistant-horizons-academy,Administration Assistant,Horizons Academy,"Mansfield, East Midlands, NG18 2DP",NG18 2DP,"£25,588.00 (actual salary £21,848.22)",2026-08-13,2026-09-06T23:59:00+01:00,['FULL_TIME'],"The successful candidate will: Be a key part of the student services providing a range of administrative services to support the students and staff within the academy. Work to defined standard business processes in performing a wide and varied range of administrative tasks having due regard to confidentiality and safeguarding. Help resolve issues to ensure that effective business and educational services are maintained. Have good planning, prioritisation and organisational skills Contribute to the provision of an effective environment for learning and prioritise tasks that support pupils. Support the promotion of positive relationships with parents, carers and external agencies. Support team members to ensure that quality, performance, standards and deadlines are achieved.",administration-category,"Administration, HR, data and finance",36,"[{""page"": 36, ""query"": ""Administration, HR, data and finance"", ""route"": ""administration-category""}]",1,OK,f6f97a59ea42f0840efc57a6e42cc520715530761c895d780beea2269b8b20ba
2026-08-23,Teaching Vacancies,administration-assistant-kingswood-parks-primary-school,https://teaching-vacancies.service.gov.uk/jobs/administration-assistant-kingswood-parks-primary-school,Administration Assistant,Kingswood Parks Primary School,"Hull, Yorkshire and the Humber, HU7 3JQ",HU7 3JQ,"£25,185 - £25,583 FTE, £21,682 - £22,025 Actual",2026-07-17,2026-08-28T08:00:59+01:00,['FULL_TIME'],"KINGSWOOD PARKS PRIMARY SCHOOL ADMINISTRATION ASSISTANT Grade & Scale point: 3, SCP 4-5 Salary: £25,185 - £25,583 FTE, £21,682 - £22,025 Actual, £13.05 - £13.26/hr Hours of work: 37 hrs/week, Monday - Friday Contract: Permanent, Term time only (190 days) Start date: September 2026 Kingswood Parks Primary School are delighted to offer the opportunity for a skilled Administration Assistant to join our wonderful team. Having experience in all aspects of administrative duties you will be able to contribute to the development of the school’s administration, financial and support services, and be the first point of call for our parents/visitors on Reception. We are looking for a flexible, enthusiastic individual with strong organisational and prioritisation skills, a proactive approach, and a commitment to contributing positively to a busy and supportive school environment. At Kingswood Parks Primary School, we are proud to provide a happy, stimulating, and nurturing environment where every child is encouraged to flourish, achieve their best, and develop a lifelong love of learning. As part of Humber Education Trust, we are committed to maintaining high standards and continuous improveme",administration-category,"Administration, HR, data and finance",8,"[{""page"": 8, ""query"": ""Administration, HR, data and finance"", ""route"": ""administration-category""}]",1,OK,3bf4d52060418259f565058683b7707de2f46556a419a90fb41fac5e7bda0e9f
2026-08-23,Teaching Vacancies,administration-assistant-maple-court-academy,https://teaching-vacancies.service.gov.uk/jobs/administration-assistant-maple-court-academy,Administration Assistant,Maple Court Academy,"Stoke-on-Trent, West Midlands, ST2 0QD",ST2 0QD,"£17,861 - £18,725",2026-07-09,2026-09-01T09:00:00+01:00,['FULL_TIME'],"Maple Court Academy is seeking to appoint a committed and enthusiastic Administration Assistant to give support to an extremely busy and challenging Academy Reception/Office. You will need to have a calm and flexible attitude to work as well as being highly organised and able to effectively prioritise workloads. Experience of working with Microsoft Office and good skills in Excel and Word are desirable. Customer service skills along with a knowledge of Arbor would be highly beneficial. You will also be required to administer First Aid; training can be given for this. Our Academy is a happy and exciting place to be with lots of opportunities. The children are at the heart of everything that we do and the values in our Academy reflect this. We believe that all children have the right to learn in a safe, stimulating and caring environment that is supportive of learning and the development of the whole child. To create this environment, we need the very best people, who we will support to be outstanding practitioners. Do you want to be a part of this success? If you do, we would love to receive your application. The ability to converse at ease with members of the public, including staf",administration-category,"Administration, HR, data and finance",22,"[{""page"": 22, ""query"": ""Administration, HR, data and finance"", ""route"": ""administration-category""}]",1,OK,2cb410dfa298e2cc638ba20c2c7dd9caa99838ff6d160d87907fc344c1ae9b35
2026-08-23,Teaching Vacancies,administration-assistant-meadow-park-school,https://teaching-vacancies.service.gov.uk/jobs/administration-assistant-meadow-park-school,Administration Assistant,Meadow Park School,"Coventry, West Midlands, CV3 4BD",CV3 4BD,"£25,185.00 - £26,403.00 Annually (FTE) Grade 3, Actual Salary £21,854 - £22,911",2026-07-29,2026-09-01T09:00:00+01:00,['FULL_TIME'],"We are seeking to appoint a professional and enthusiastic Administrative Assistant to join our attendance team. You will have excellent communication and organisational skills; be able to prioritise and show initiative. You will provide effective administrative support to all areas of the school, with a particular focus on attendance and supporting our Education Welfare Officer. You will join a growing team of support staff who are committed to ensuring that Meadow Park students have the best educational experience possible. Finham Park Multi Academy Trust is a growing organisation, which is currently made up of eight schools across Coventry and Warwickshire, of which Meadow Park School is one. The Primary and Secondary schools in Finham Park MAT set out to pioneer, innovate and deliver a “World Class” education for all. At Meadow Park School we are committed to nurturing excellence, growing aspiration and thriving together. Meadow Park School strives to achieve excellent outcomes for young people, but also provides opportunities for them to be creative, innovative and to enjoy their learning. Meadow Park was recently inspected by Ofsted and graded ‘Good’ for Attitude to Learning,",administration-category,"Administration, HR, data and finance",21,"[{""page"": 21, ""query"": ""Administration, HR, data and finance"", ""route"": ""administration-category""}]",1,OK,1a0d0c1f2337c589a0fa852b868011fb58ff964e72f8ab95b9973df529eed5cd
2026-08-23,Teaching Vacancies,administration-assistant-receptionist-newton-bridge-academy,https://teaching-vacancies.service.gov.uk/jobs/administration-assistant-receptionist-newton-bridge-academy,Administration Assistant/Receptionist,Newton Bridge Academy,"Grantham, East Midlands, NG31 9AX",NG31 9AX,"£8,621.00 Annually (Actual) G3.6 £24,796 FTE",2026-07-22,2026-08-23T23:59:00+01:00,['PART_TIME'],"Newton Bridge Academy is an all-needs specialist school catering for over 260 fantastic children and young people aged 4-19 years, with a broad range of needs and abilities . All pupils have an Education, Health and Care Plan (EHCP). The school was legally formed as Grantham Additional Needs Fellowship (GANF) on 1st January 2024 following the merger of Ambergate Sports College and The Grantham Sandon School, two schools that were judged to be ‘outstanding’ by Ofsted prior to the merger. The school’s name was officially changed from GANF to Newton Bridge Academy on 1st September 2025 to reinforce and celebrate our identity as one school. Our two sites are known as ‘Newton East Site’ which is situated towards the east side of Grantham town, and ‘Newton West Site’ which is to the west. Newton Bridge Academy is proud to be part of CIT (Community Inclusive Trust), a Multi Academy Trust comprising of special and mainstream schools across Lincolnshire, Leicestershire and Nottinghamshire. Our school motto is ‘Unique learners. Limitless learning.’ We see every member of our school community as a ‘unique learner’ capable of ‘limitless learning’, through the acceptance and celebration of dive",administration-category,"Administration, HR, data and finance",2,"[{""page"": 2, ""query"": ""Administration, HR, data and finance"", ""route"": ""administration-category""}, {""page"": 1, ""query"": ""receptionist"", ""route"": ""keyword:receptionist""}]",2,OK,dd6e18981374ecf61ac2e16e9ca32d47303713a4efcdb7546013004d2b6af1b7
2026-08-23,Teaching Vacancies,administration-assistant-responsibility-for-attendance,https://teaching-vacancies.service.gov.uk/jobs/administration-assistant-responsibility-for-attendance,Administration Assistant - Responsibility for Attendance,Stifford Clays Primary School,"Grays, East of England, RM16 2ST",RM16 2ST,"£11,916.00 - £12,910.00 Annually (Actual)",2026-07-17,2026-09-03T12:00:00+01:00,['PART_TIME'],"Stifford Clays Primary School is an extremely happy and positive school, and we are seeking an Administration Assistant to undertake daily attendance monitoring and general administrative duties within the school office. Previous administrative experience in a school office or the public sector is highly desirable but not essential, as training will be provided as part of the induction process. This is a part-time position, working Monday to Friday, 8:00am to 11:45am, term time only. For this role you will: -Be organised and able to prioritise workload -Have excellent communication skills using all forms of communication (email, face to face, telephone, written letters) -Be confident and able to work on your own initiative -Work well with others and be calm under pressure -Have the best interests of children at the heart of the work that you do -Have good ICT skills and able to use all Microsoft packages (Word, Excel, Publisher, PowerPoint). -Sims desirable but not essential Why Stifford Clays Primary School? We are a community-focused school for 2 to 11 year olds, located centrally in the Stifford Clays ward of Thurrock. The original infant and junior schools were built in 1954 an",administration-category,"Administration, HR, data and finance",31,"[{""page"": 31, ""query"": ""Administration, HR, data and finance"", ""route"": ""administration-category""}]",1,OK,c02b65c767c492d4115348bb49bf3c18f641091dd853a298a6c986528b41be28
2026-08-23,Teaching Vacancies,administration-assistant-send-winterstoke-hundred-academy,https://teaching-vacancies.service.gov.uk/jobs/administration-assistant-send-winterstoke-hundred-academy,Administration Assistant (SEND),Winterstoke Hundred Academy,"Weston-Super-Mare, South West, BS24 8EE",BS24 8EE,"£8,062 - £8,787",2026-08-18,2026-08-31T23:59:59+01:00,"['FULL_TIME', 'PART_TIME']","Job Title: Administration Assistant (SEND) Actual Annual Salary: £8,062 - £8,787 (Based on part time hours, term time only) Full Time Equivalent Salary : £26,798 - £29,208 (CLF Grade B) Based on full-time hours, all year round. Contract Type : Permanent Hours: Part-time, 13 hours per week Term Time Only plus INSET Days – two days - to be discussed at interview Provisional Start Date : October 2026 An exciting opportunity for an Administrator to gain further skills We are looking for a SEN Administrator to provide highly effective and efficient administrative support to the SENDCo and SEND team to ensure the school provides excellent education for all students with SEND. Under the direction of the SENCO, the Administration Assistant will provide general administrative and clerical support to the SEN Department within the academy. They will be expected to undertake administrative tasks such as dealing with incoming and outgoing mail and ordering stationary as well as some targeted admin support for specific areas such as admissions, work experience etc This is a varied and busy role and will require the postholder to have sound organisation skills and be a confident communicator as l",administration-category,"Administration, HR, data and finance",19,"[{""page"": 19, ""query"": ""Administration, HR, data and finance"", ""route"": ""administration-category""}]",1,OK,588c894e22bc304271f29fa46890c9d5bc24802c912330c9619e2232c6d59e45
2026-08-23,Teaching Vacancies,administration-assistant-the-beacon-church-of-england-primary-school,https://teaching-vacancies.service.gov.uk/jobs/administration-assistant-the-beacon-church-of-england-primary-school,Administration Assistant,The Beacon Church of England Primary School,"Liverpool, North West, L5 3QG",L5 3QG,"£25,583.00 Annually (FTE)",2026-08-04,2026-09-01T23:59:00+01:00,"['FULL_TIME', 'PART_TIME']","Administration Assistant The Beacon CE Primary School, Everton, Liverpool 25 Hours per week (there may be the potential for additional hours for this role) Term time only, Permanent NJC Scale 3, Point 5 - £25,583 per annum, pro rata The Beacon CE Primary School is seeking a friendly, organised and professional Administration Assistant to join our dedicated team. This is an exciting opportunity to play a key role in supporting the smooth day-to-day running of our busy school office. The successful candidate will provide reception, administrative and financial support, work closely with staff, pupils and parents, and contribute to our welcoming and inclusive school community. Previous administrative experience and strong IT skills are essential, while experience in a school environment would be advantageous. We offer the opportunity to work within a successful and nurturing school, part of the Liverpool Diocesan Schools Trust, where our vision is to help every child and member of staff flourish. Closing Date: 1 September 2026 Start Date: September 2026 (or as soon as possible thereafter) To apply, please submit your application via MyNewTerm. The Beacon CE Primary School and Liverpoo",administration-category,"Administration, HR, data and finance",25,"[{""page"": 25, ""query"": ""Administration, HR, data and finance"", ""route"": ""administration-category""}, {""page"": 26, ""query"": ""Administration, HR, data and finance"", ""route"": ""administration-category""}]",2,OK,54413cf712ace5c00e8995fd5a654e609b1949c8e7962ad24fd09439785a3f4f
2026-08-23,Teaching Vacancies,administration-assistant-treeton-church-of-england-primary-school-rotherham-south-yorkshire,https://teaching-vacancies.service.gov.uk/jobs/administration-assistant-treeton-church-of-england-primary-school-rotherham-south-yorkshire,Administration Assistant,Treeton Church of England Primary School,"Rotherham, Yorkshire and the Humber, S60 5QS",S60 5QS,"£12,019.00 - £12,288.00 Annually (Actual) pay award pending",2026-07-16,2026-09-01T23:59:00+01:00,['PART_TIME'],"We are seeking a diligent and proactive school administrator with good interpersonal skills and high standards. In return, we can promise a school full of amazing children, a genuine staff team and a well-resourced environment. The School Administrator will be directly responsible to the Executive Headteacher and Head of School but will work closely with other school staff. We are seeking: Someone that is proactive and diligent At least 2 years experience of working in a busy office environment is desirable A conscientious person who sets high standards with attention to detail, Someone who can develop good relationships with staff, pupils and parents and has excellent communication skills A good team member, but able to work independently Someone who is good at multi-tasking In return we can offer you: The opportunity to work in a supportive and collaborative environment The opportunity to join a very enthusiastic and committed team Planned professional development Generous Employers Pension Scheme",administration-category,"Administration, HR, data and finance",25,"[{""page"": 25, ""query"": ""Administration, HR, data and finance"", ""route"": ""administration-category""}, {""page"": 26, ""query"": ""Administration, HR, data and finance"", ""route"": ""administration-category""}]",2,OK,a0e1e5cb5c53cbc2aaf6ed9a08e1718b411e0c4e35e42de7aa6cb86da7b78ce2
2026-08-23,Teaching Vacancies,administration-officer-f37ef22b-1633-4cb2-88b2-50a15505e865,https://teaching-vacancies.service.gov.uk/jobs/administration-officer-f37ef22b-1633-4cb2-88b2-50a15505e865,Administration Officer,Piper's Vale Primary - A Paradigm Academy,"Ipswich, East of England, IP3 0EW",IP3 0EW,"Support Staff Pay Scales, Scale 4 points 7-11 (National) £26,403 - £28,142",2026-08-06,2026-08-24T09:00:00+01:00,"['FULL_TIME', 'TEMPORARY']","We are looking for an Administration Officer to support the Office Manager in providing an efficient administrative service. The successful applicant will be a proactive, flexible, and enthusiastic individual who enjoys working in an environment where no two days are the same. The role requires accuracy, reliability, integrity, honesty, and an individual who is well organised.",administration-category,"Administration, HR, data and finance",4,"[{""page"": 4, ""query"": ""Administration, HR, data and finance"", ""route"": ""administration-category""}]",1,OK,29b435b0fec66331bb605dce300258a170e0de111de8a964e708d8b36a81b311
2026-08-23,Teaching Vacancies,administration-officer-joseph-rowntree-school,https://teaching-vacancies.service.gov.uk/jobs/administration-officer-joseph-rowntree-school,Administration Officer,Joseph Rowntree School,"York, Yorkshire and the Humber, YO32 4BZ",YO32 4BZ,"Grade 4, Level 1-4 (£25,948 to £26,319 p.a.) reduced pro rata to £22,280 to £22,598 *N.B. these figures do not include the Local Government pay offer, from 1 April 2026, that is currently under negotiation*",2026-08-17,2026-09-06T23:59:00+01:00,['FULL_TIME'],"We are looking to recruit a highly efficient, organised and committed Administrative Officer who possesses strong ICT skills (including Microsoft Office and Google Workspace applications), excellent word processing skills, a background of using databases and the ability to pick up various school systems. You will be a great team player, hardworking and able to thrive under pressure, maintaining organisation and discipline in the face of conflicting priorities. You will have an excellent telephone manner and be able to communicate effectively and efficiently both verbally and in writing. We can offer you a varied and challenging administrative role, well supported as part of a really strong and knowledgeable School Office administration team.",administration-category,"Administration, HR, data and finance",37,"[{""page"": 37, ""query"": ""Administration, HR, data and finance"", ""route"": ""administration-category""}]",1,OK,69c2aaad5e74a9a2048971738a3dd80c84e200d04b2847ec67eee61a2e78da98
2026-08-23,Teaching Vacancies,administration-officer-macaulay-primary-academy,https://teaching-vacancies.service.gov.uk/jobs/administration-officer-macaulay-primary-academy,Administration Officer,Macaulay Primary Academy,"Grimsby, Yorkshire and the Humber, DN31 2ES",DN31 2ES,"£25,185.00 - £25,989.00 Annually (FTE) Grade C Points 4 to 6 (£25,185 to £25,989 Full Time Equivalent) subject to pro rata. The minimum actual pro rata salary per annum for this job starts at £21,758.06.",2026-08-19,2026-09-02T23:59:00+01:00,['FULL_TIME'],"Macaulay Primary Academy are looking to appoint an Administration Officer to join our academy in September 2026 on a permanent, full time basis. Do you want to work for a Trust that is transforming educational outcomes for students in some of the most deprived areas in the North of England? If so, this could be the role for you. Your new role As an Administration Officer, you will provide routine clerical, administrative support and provide additional support in receptionist duties as required at the Academy. Hours: 37 hours per week / Term Time only plus 5 days (39 weeks) Please see the job description on our website for the essential criteria and more information. If you feel you have the necessary skills and experience required for this position, then we would very much like to hear from you. Your new school Macaulay Primary Academy serves the West Marsh area of Grimsby. It is a larger than average primary academy, with 430 pupils currently on roll, ranging from Nursery to Year 6. Macaulay Primary School is a great place to learn and work, for both children and staff alike. Our team at Macaulay is one of a large family, where everyone is supported and where we all share the same",administration-category,"Administration, HR, data and finance",29,"[{""page"": 29, ""query"": ""Administration, HR, data and finance"", ""route"": ""administration-category""}]",1,OK,a3ea0d2a35d1ceeb389c364c85759f57cb0dad649bdc73ddc62f659eabd90b86
2026-08-23,Teaching Vacancies,administration-officer-morley-place-academy-doncaster-south-yorkshire,https://teaching-vacancies.service.gov.uk/jobs/administration-officer-morley-place-academy-doncaster-south-yorkshire,Administration Officer,Morley Place Academy,"Doncaster, Yorkshire and the Humber, DN12 3LZ",DN12 3LZ,"£25,185.00 - £25,989.00 Annually (FTE) Grade C Points 4 to 6 (£25,185 to £25,989 Full Time Equivalent) subject to pro rata. The minimum actual pro rata salary per annum for this job starts at £19,481.25.",2026-07-21,2026-08-31T23:59:00+01:00,['PART_TIME'],"Morley Place Academy are looking to appoint an Administration Officer to join our academy in September 2026 on a permanent, part time basis. Do you want to work for a Trust that is transforming educational outcomes for students in some of the most deprived areas in the North of England? If so, this could be the role for you. Your new role As an Administration Officer, you will provide routine clerical, administrative support and provide additional support in receptionist duties as required at the Academy. Please see the job description on our website for the essential criteria and more information. If you feel you have the necessary skills and experience required for this position, then we would very much like to hear from you. Your new school We are a KS2 academy in Conisbrough, Doncaster, who really value the support of our whole school community and work relentlessly to ensure that every child reaches their full potential. We have a dedicated, friendly and welcoming staff team who are committed to providing the very best possible education for all of our pupils and are ambitious about the future of Morley Place. Our recent results have been our strongest ever and we are working",administration-category,"Administration, HR, data and finance",19,"[{""page"": 19, ""query"": ""Administration, HR, data and finance"", ""route"": ""administration-category""}]",1,OK,06e87aba9bdc1357dd33c352a7b35da755a1a14103f698df6eac5aba722d170e
2026-08-23,Teaching Vacancies,administration-officer-st-nicholas-church-of-england-primary-school-bromham,https://teaching-vacancies.service.gov.uk/jobs/administration-officer-st-nicholas-church-of-england-primary-school-bromham,Administration Officer,"St Nicholas Church of England Primary School, Bromham","Chippenham, South West, SN15 2EY",SN15 2EY,"£25,989 – £26,824 per annum pro rata | £19,027 - £20,727 per annum​",2026-07-24,2026-09-04T09:00:00+01:00,['PART_TIME'],"The working hours for this role are expected to be 32.5 hours per week, 39 weeks per year. The start date for this role is as soon as possible. St Nicholas C of E Primary School is seeking a highly organised and proactive Admin Officer to play a key role in the smooth day-to-day operation of our busy and welcoming school. Working as part of a supportive team, you will oversee a wide range of administrative, financial, HR, admissions and operational functions while providing line management support to administrative staff and working closely with school leaders to ensure efficient school systems and processes. The role includes responsibility for payroll administration, recruitment and safer recruitment procedures, maintaining the Single Central Record, and supporting staffing arrangements. You will coordinate school communications, including newsletters, website updates and information for parents, staff and the wider community. The successful candidate will also manage financial administration, process invoices, monitor budgets and help secure value for money across school purchases and services. In addition, you will support admissions, educational visits, extracurricular activit",administration-category,"Administration, HR, data and finance",32,"[{""page"": 32, ""query"": ""Administration, HR, data and finance"", ""route"": ""administration-category""}]",1,OK,e002310a26dcbe864b6732f5b29a7a4b7302d5d2f357d4c09bed83816d52daae
2026-08-23,Teaching Vacancies,administration-officer-the-greenwell-academy,https://teaching-vacancies.service.gov.uk/jobs/administration-officer-the-greenwell-academy,Administration Officer,The Greenwell Academy,"Harlow, East of England, CM18 7EZ",CM18 7EZ,"30,753 FTE - £31,751 FTE. NJC Grade 6 SCP 15 - 17 (Fringe)",2026-06-10,2026-08-31T00:00:00+01:00,['FULL_TIME'],"We are seeking to appoint an outstanding and energetic Administrator at our new purpose built school in Harlow. Applicants must be enthusiastic, with an understanding of and commitment to children with complex behavioural, social and emotional difficulties. Information about the School The Greenwell Academy will be offering a nurturing, inclusive environment for sixty four pupils with SEMH and associated needs with residential provision for fifteen pupils. We have high expectations for each child to leave as a confident young adult who is well prepared for the future. The school is sited in Harlow next to the Sir Frederick Gibberd secondary school.",administration-category,"Administration, HR, data and finance",12,"[{""page"": 12, ""query"": ""Administration, HR, data and finance"", ""route"": ""administration-category""}]",1,OK,26fcd850b8592458db64a0a05df0e861738504dde0c8d00dd9aa6851276dd08d
2026-08-23,Teaching Vacancies,administration-officer-vulnerable-students,https://teaching-vacancies.service.gov.uk/jobs/administration-officer-vulnerable-students,Administration Officer: Vulnerable Students,Wymondham College,"Wymondham, East of England, NR18 9SZ",NR18 9SZ,"£13,495 - £15,104 actual pa",2026-08-18,2026-10-18T01:00:00+01:00,['PART_TIME'],"Part of the Sapientia Education Trust Tel: 01953 609012 Email: hr@setrust.co.uk Websites: https://www.wymondhamcollege.org or https://www.se-trust.org Salary – £13,495-£15,104 actual pa (inc an allowance for hol pay) £25,583-£28,142 FTE Fixed term until August 2027 Part Time 25 hours per week Term Time only Required for September 2026 Wymondham College has over 400 staff dedicated to supporting World Class education. The College currently is one of the top State Schools in the Country and is recognised as one of the highest performing State Schools in the East of England, this is backed up by its most recent Ofsted inspections which rated the College as Outstanding in both Education and Boarding 2023. The College is focused on providing outstanding quality to their students and staff not only in education but also through its provision of exceptional facilities and accommodation on site across its 83-acre campus. We are looking for a hard-working and enthusiastic individual with high standards and the ability to communicate and interact effectively with others to join our school as an Administration Officer: Vulnerable Students . Working as part of the College Office team, you will",administration-category,"Administration, HR, data and finance",51,"[{""page"": 51, ""query"": ""Administration, HR, data and finance"", ""route"": ""administration-category""}]",1,OK,178dbcc3282a0d28dda9854cae10b7cea8a0370cbbc881b67834dff59f9b66ed
2026-08-23,Teaching Vacancies,administration-officer-wakefield-snapethorpe-primary-school,https://teaching-vacancies.service.gov.uk/jobs/administration-officer-wakefield-snapethorpe-primary-school,Administration Officer,Wakefield Snapethorpe Primary School,"Wakefield, Yorkshire and the Humber, WF2 8AA",WF2 8AA,"Grade 4, SCP 6-7, FTE £25,989 - £26,403. Actual starting salary £21,731",2026-08-17,2026-09-02T09:00:00+01:00,['FULL_TIME'],"Qualifications/ Training: NVQ 2 or equivalent qualification e.g. I.L.M. Certificate in Team Leading, OR; Support Work In Schools (SWiS) Level 2, OR; Experience in relevant discipline, OR; Level 2 Numeracy/ Literacy skills or willingness to work towards. Knowledge: Appropriate knowledge of First Aid; Effective use of ICT packages; Use of relevant equipment/ resources; Good keyboard skills; Knowledge of relevant polices/codes of practice & awareness of relevant legislation. Experience: General clerical/ administrative/ financial work. Physical Skills: General clerical skills involving use of keyboard and mouse. Competencies and other skills required: Ability to relate well to children and adults; Work constructively as part of a team, understanding school roles & responsibilities and your own position within these; Ability to identify own training & development needs & cooperate with means to address these; seek learning opportunities.",administration-category,"Administration, HR, data and finance",27,"[{""page"": 27, ""query"": ""Administration, HR, data and finance"", ""route"": ""administration-category""}]",1,OK,dde4640400b776dffb5f62d6ff78d94b4ce481326606666708d5a0754166448d
2026-08-23,Teaching Vacancies,administrative-assistant-8cc06080-4f90-4fa2-9942-346474e89b5e,https://teaching-vacancies.service.gov.uk/jobs/administrative-assistant-8cc06080-4f90-4fa2-9942-346474e89b5e,Administrative Assistant,Christ The King Voluntary Academy,"Nottingham, East Midlands, NG5 7JZ",NG5 7JZ,"£24,796.00 - £25,583.00 Annually (FTE) Salary will be paid pro rate based on term time weeks and hours worked",2026-07-21,2026-09-01T23:59:00+01:00,['PART_TIME'],"Working in our main school office you will come into daily contact with our parents and staff so, as well as having administrative experience, you will also possess excellent communication and customer service skills and have a friendly, outgoing manner. We are looking to appoint an Administrative Assistant to join our dedicated and successful school. You will play an active role in delivering efficient, effective administrative support, and you will come into contact with our parents and staff so you will possess excellent communication skills and have a friendly, outgoing manner. This is a permanent part-time role working 22.5 hours per week, on a term time only basis. About us Christ the King Voluntary Academy is a Secondary school and is located in Arnold, Nottingham. We are an Ofsted-rated Good. Our mission is “to provide the best education and care for all in a living faith community.” We believe this is achieved when every member of our community—staff, students, parents, and governors—works together, supports one another, and strives to reach their full potential. We are part of Our Lady of Lourdes Catholic Multi-Academy Trust, bringing together the 36 Catholic Primary and",administration-category,"Administration, HR, data and finance",26,"[{""page"": 26, ""query"": ""Administration, HR, data and finance"", ""route"": ""administration-category""}, {""page"": 2, ""query"": ""administrative"", ""route"": ""keyword:administrative""}]",2,OK,1596477af103822603c2aafed29b5a1894f36fef4c9e255a15fa6989155ccc1a
2026-08-23,Teaching Vacancies,administrative-assistant-dogsthorpe-academy,https://teaching-vacancies.service.gov.uk/jobs/administrative-assistant-dogsthorpe-academy,Administrative Assistant,Dogsthorpe Academy,"Peterborough, East of England, PE1 4LH",PE1 4LH,"£21,519.00 - £21,856.00 Annually (Actual) Grade 3",2026-08-10,2026-08-31T23:59:00+01:00,['FULL_TIME'],"We are looking for an admin assistant to join our team here at Dogsthorpe Academy! You can expect to support the office team in a range of administrative and clerical duties such as compiling data and creating and maintaining databases and other computerised systems. You will also be a point of contact for parent/carers, will deal with incoming and outgoing communications, handle messages and administer first aid. To be successful, you will be confident, able to multi task, ‘think on your feet’ and have experience of providing a professional administration service in an educational setting with a strong understanding of safeguarding procedures. You must possess excellent communication, customer service and literacy skills and be able to demonstrate an ability to quickly develop a working knowledge of policies and systems. You should be proficient in the use of Microsoft 365, have experience in working with data and have the ability to effectively organise, prioritise and remain calm under pressure. Working pattern: Monday to Friday 8:00 - 16:00 About us: We are a large junior academy, with a committed staff team, serving a wonderfully diverse community in Peterborough. The academy,",administration-category,"Administration, HR, data and finance",15,"[{""page"": 15, ""query"": ""Administration, HR, data and finance"", ""route"": ""administration-category""}, {""page"": 19, ""query"": ""Administration, HR, data and finance"", ""route"": ""administration-category""}, {""page"": 1, ""query"": ""administrative"", ""route"": ""keyword:administrative""}]",3,OK,a0e4466a11a4d73af50a8736b3a0b42cb369da28046c479487c87414f2b5beda
2026-08-23,Teaching Vacancies,administrative-assistant-grade-2-term-time-only,https://teaching-vacancies.service.gov.uk/jobs/administrative-assistant-grade-2-term-time-only,Administrative Assistant (Grade 2) - Term Time Only,Yorkswood Primary School,"Birmingham, West Midlands, B37 6DF",B37 6DF,"£25,185.00 - £27,254.00 Annually (FTE)",2026-07-14,2026-09-18T12:00:00+01:00,['FULL_TIME'],"Administrative Assistant (Grade 2) Required for: 2nd November 2026 (or sooner if possible) Contract Type: Fixed-Term, Temporary until Wednesday 21st July 2027 (Please note: While this post is initially temporary to meet immediate operational needs, there is potential for the role to become permanent in the future, subject to ongoing budgetary approval, staffing reviews, and satisfactory performance). Working Pattern: 37 hours per week, Term-Time Only (TTO) Shift Pattern: Monday to Thursday 8:00 AM - 4:00 PM, Friday 8:00 AM - 3:30 PM (includes a daily 30-minute unpaid lunch break) Salary Scale: Grade 2, £25,185 - £27,254 , e.g. Scale Points 4-9, £21,919.74 - £23,720.49 per annum, pro-rata Closing Date: 12:00 Friday 18th September 2026 About this Role Yorkswood Primary School is a vibrant, community-centered school on an ambitious journey of rapid transformation. For our children and their families, school is an essential community hub and a safe environment. We are seeking to appoint an Administrative Assistant who will serve as the friendly face and central focal point of our school office. We are intentionally building a staff culture rooted in professionalism, care, empathy, and",administration-category,"Administration, HR, data and finance",50,"[{""page"": 50, ""query"": ""Administration, HR, data and finance"", ""route"": ""administration-category""}, {""page"": 3, ""query"": ""administrative"", ""route"": ""keyword:administrative""}]",2,OK,24fc53290ed60d6573fa863747c2b7aaf7f99cc64e87ba56dbd9e23acb6c9f28
2026-08-23,Teaching Vacancies,administrative-assistant-james-rennie-school,https://teaching-vacancies.service.gov.uk/jobs/administrative-assistant-james-rennie-school,Administrative Assistant,James Rennie School,"Carlisle, North West, CA3 0BU",CA3 0BU,"£25,189.11 Annually (Actual)",2026-07-21,2026-09-04T12:00:00+01:00,['FULL_TIME'],"James Rennie School California Road Carlisle CA3 0BU Headteacher: Ms Kerry Dunbobbin Regional Director: Mr Kris Williams T: 01228 554280 E: adminoffice@jamesrennie.cumbria.sch.uk W: www.jamesrennie.cumbria.sch.uk Responsible To: Office Manager Grade: Job Family - Business Support - Level BS7 Grade 7 point 12-14 Hours of post: Full time post (37 hours per week). This is a term time only post We are looking to recruit an Administrative Assistant to work within our established team of practitioners in our school. James Rennie School is a well-established special school in the Kingstown area of Carlisle, with an additional Sixth Form site at St Edmunds Park. This post is based at our St Edmunds Sixth Form site. Please see full job description and person specification attached below. If you would like more information then please email Fiona.Ingledow@jamesrennie.cumbria.sch.uk or visit the vacancy section of our website (www.jamesrennie.cumbria.sch.uk) James Rennie School is committed to safeguarding and promoting the welfare of children and young people and expects all staff and volunteers to share this commitment. Therefore, an enhanced DBS check including the barred list will be requ",administration-category,"Administration, HR, data and finance",35,"[{""page"": 35, ""query"": ""Administration, HR, data and finance"", ""route"": ""administration-category""}, {""page"": 2, ""query"": ""administrative"", ""route"": ""keyword:administrative""}]",2,OK,02de3652526099f5eed520efbccf16da536c67771af9f7f6fc54600fcbbd0dd1
2026-08-23,Teaching Vacancies,administrative-assistant-level-3-sacred-heart-catholic-high-school,https://teaching-vacancies.service.gov.uk/jobs/administrative-assistant-level-3-sacred-heart-catholic-high-school,Administrative Assistant Level 3,Sacred Heart Catholic High School,"Newcastle-upon-Tyne, North East, NE4 9YH",NE4 9YH,"BB04 £26,403 - £27,254 per annum pro rata",2026-08-13,2026-09-03T09:00:59+01:00,['FULL_TIME'],"Salary: BB04 £26,403 - £27,254 per annum pro rata, actual £22,671 - £23,401 per annum 37 hours per week, term-time plus 5 additional days as confirmed by the school An enthusiastic administrative assistant is required to support our strong and supportive administration team. You will need to enjoy working in a very busy environment and have excellent organisational, communication and IT skills to give effective administrative support to the school. Experience of working in a school is not essential, applications from all office backgrounds are welcome. Sacred Heart Catholic High School is heavily oversubscribed. Recently graded outstanding in all categories by Ofsted in January 2025 for the fourth time in succession, we strive to nurture and empower our students to take their place in the world with purpose, enthusiasm and strength of character. The Local Governing Committee are committed to safeguarding and the protection of its students. The post is subject to an Enhanced DBS and social media check. Closing date: 9.00am Thursday 3rd September 2026 Interviews: Week commencing 7th September 2026",administration-category,"Administration, HR, data and finance",31,"[{""page"": 31, ""query"": ""Administration, HR, data and finance"", ""route"": ""administration-category""}, {""page"": 2, ""query"": ""administrative"", ""route"": ""keyword:administrative""}]",2,OK,efba484b296e0dc97829bab00fec8c13f328160365ba19a84a3dd7320934a011
2026-08-23,Teaching Vacancies,administrative-assistant-nene-park-academy,https://teaching-vacancies.service.gov.uk/jobs/administrative-assistant-nene-park-academy,Administrative Assistant,Nene Park Academy,"Peterborough, East of England, PE2 7EA",PE2 7EA,"£14,389.00 Annually (Actual)",2026-07-20,2026-09-01T09:00:00+01:00,['PART_TIME'],"VACANCY FOR ADMINISTRATIVE ASSISTANT Salary: Meridian Trust Support Staff, Grade 4 point 3 £14,389 (£24796FTE) Hours of work: 25 hours a week, Monday- Friday 08:00-13:00, 39 Weeks per year (Term-Time + Training days) We have an exciting vacancy to join our team as an Administrative Assistant. You will provide an efficient and effective general administrative service across the school. The Opportunity Provide clerical and administrative support, including scanning, photocopying, filing, faxing, and emailing, as appropriate to staff as necessary Assisting with various administrative tasks and duties, utilising word, excel, outlook email and the use of local Management Information Systems (where training will be given) Prepare and edit correspondence, presentations, and other documents, as instructed Maintain electronic and manual systems in an efficient and effective manner in line with the GDPR Retention Policy, as well as file and retrieve documents and reference materials Provide cover for the Academy Receptionist if required The ideal candidate Good educational background with GCSE or equivalent in English Language and MathS Experience in working in an administrative environment",administration-category,"Administration, HR, data and finance",21,"[{""page"": 21, ""query"": ""Administration, HR, data and finance"", ""route"": ""administration-category""}, {""page"": 2, ""query"": ""administrative"", ""route"": ""keyword:administrative""}]",2,OK,6c272f15e0ff933eae04681c17af0093cb543cfa8dc2e1e90d38262cbdff8191
2026-08-23,Teaching Vacancies,administrative-assistant-pathways-school,https://teaching-vacancies.service.gov.uk/jobs/administrative-assistant-pathways-school,Administrative Assistant,Pathways School,"Dagenham, London, RM9 6PH",RM9 6PH,"£25,514.00 Annually (Actual)",2026-06-24,2026-09-11T23:59:00+01:00,['FULL_TIME'],"School Administrative Assistant Apply by:11th September 2026 Grade: 4, Point 7 Actual salary-£25,514 Contract type: Full-time/ Permanent, 32.5 hours per week Hours: 8:30am to 3:30pm Start Date: November 2026 Location: Pathways School, Barking and Dagenham, RM10 9NH Pathways School is a specialist Social, Emotional and Mental Health school from Years 1 to 11. Pupils receive a sector leading education with access to the full national curriculum made accessible through the delivery of specialist adaptations. If you have an interest in learning how to lead and deliver an adapted and inclusive physical education and sports programme for pupils with SEMH needs. , then we’d be interested in your application. Pathways School is looking to recruit a full time Administrative Assistant to take responsibility for the smooth running of the office where your professionalism, initiative and office skills will be welcomed. You will have plenty of room to be creative and management is always open to new ideas that positively impact the running of our school liaising with the Office Manager and the Senior Operations Manager You will effectively support the running of the school office through a rang",administration-category,"Administration, HR, data and finance",47,"[{""page"": 47, ""query"": ""Administration, HR, data and finance"", ""route"": ""administration-category""}, {""page"": 3, ""query"": ""administrative"", ""route"": ""keyword:administrative""}]",2,OK,d4f0fcdc2eeb963913798ea0bea40d4bad32b3547b5c16bb487fc17d452e5198
2026-08-23,Teaching Vacancies,administrative-assistant-pear-tree-community-junior-school,https://teaching-vacancies.service.gov.uk/jobs/administrative-assistant-pear-tree-community-junior-school,Administrative Assistant,Pear Tree Community Junior School,"Derby, East Midlands, DE23 8PN",DE23 8PN,"£ 19,328.12 Actual salary per annum",2026-08-06,2026-09-04T12:00:00+01:00,['PART_TIME'],"School Administrative Officer Level 2 Required from September 2026 (or as soon as possible thereafter, subject to availability). Part time 32.5 hours per week, Term time only (39 weeks), Permanent We can offer flexibility around working hours, which will be agreed with the successful candidate. The role will require either a starting time before school starts or a finish time ending after the school day, together with a commitment to work until 4:00pm on Fridays. Grade C points 5-6 (£25,583-£25,989 FTE per annum) £ 19,328.12 Actual salary per annum (pay award pending) Pear Tree Community Junior School is seeking to appoint a Level 2 School Administrative Officer to support the Operations Manager to provide general clerical, administrative and financial support to the school. About Us Pear Tree Community Junior School is a welcoming and inclusive school where children are supported to flourish academically and personally. We are proud to be part of Transform Trust and are guided by our three core values: Trust – building strong, respectful relationships across our school community Care – supporting wellbeing, celebrating success and working with compassion Grow – investing in the de",keyword:administrative,administrative,3,"[{""page"": 3, ""query"": ""administrative"", ""route"": ""keyword:administrative""}]",1,OK,ac3ee6d728da681b84e86e0641d0e27114641be84396880c4d54dfad1fa761f6
2026-08-23,Teaching Vacancies,administrative-assistant-ranelagh-primary-school,https://teaching-vacancies.service.gov.uk/jobs/administrative-assistant-ranelagh-primary-school,Administrative Assistant,Ranelagh Primary School,"London, London, E15 3DN",E15 3DN,"Scaled 3 (dependent on experience) £25,524 Pro Rata",2026-07-03,2026-09-04T12:00:00+01:00,"['PART_TIME', 'TEMPORARY']","Has a sound knowledge of computer databases and spreadsheets such as within Google and Arbor Is friendly and personable and can work under pressure Can demonstrate excellent literacy and numeracy skills Is highly organised and can balance a varied workload, whilst responding to events throughout the day Has knowledge of the importance of pupil attendance and relevant procedures Has the ability to work with a wide range of staff, pupils, parents and external providers, developing productive and positive relationships with them",administration-category,"Administration, HR, data and finance",34,"[{""page"": 34, ""query"": ""Administration, HR, data and finance"", ""route"": ""administration-category""}, {""page"": 2, ""query"": ""administrative"", ""route"": ""keyword:administrative""}]",2,OK,e0392ecbc9151c14ff733a0a4a1b873316d5eb6767a8c9db6d6c5dd624dcf418
2026-08-23,Teaching Vacancies,administrative-assistant-receptionist-krishna-avanti-primary-school,https://teaching-vacancies.service.gov.uk/jobs/administrative-assistant-receptionist-krishna-avanti-primary-school,Administrative Assistant / Receptionist,Krishna Avanti Primary School,"Leicester, East Midlands, LE5 6HN",LE5 6HN,"Grade 3, £26,388 - £27,188 per annum, pro rata. Approximately £20,783 - £21,413 per annum (0.78758 FTE)",2026-08-20,2026-09-06T23:59:00+01:00,['PART_TIME'],"Grade: Grade 3, £26,388 - £27,188 per annum, pro rata. Approximately £20,783 - £21,413 per annum (0.78758 FTE) About us and the role We are seeking to appoint a highly organised Administrative Assistant/Receptionist, based at Krishna Avanti Primary School, Leicester, to join our friendly and dedicated team. This is a varied and important role at the heart of the school, acting as the first point of contact for pupils, parents and visitors and ensuring a warm, professional and welcoming experience at all times. You will combine front-of-house reception duties with a range of administrative and operational tasks that support the effective day-to-day running of the school, including basic reprographics such as photocopying and document preparation, alongside wider administrative support for staff and school activities. You will also play a key role in supporting school processes, events and communication, helping to maintain efficient systems and contribute to the wider organisation of the school. This is a fantastic opportunity to become part of a supportive school community with strong values and a shared commitment to providing the very best outcomes for children. School visits are",administration-category,"Administration, HR, data and finance",38,"[{""page"": 38, ""query"": ""Administration, HR, data and finance"", ""route"": ""administration-category""}, {""page"": 3, ""query"": ""administrative"", ""route"": ""keyword:administrative""}, {""page"": 4, ""query"": ""receptionist"", ""route"": ""keyword:receptionist""}]",3,OK,50886f798c3d43b595826d92fb49a4991abad95caed3d66fa83e8f5b942d7fee
2026-08-23,Teaching Vacancies,administrative-assistant-receptionist-wren-academy-enfield-enfield,https://teaching-vacancies.service.gov.uk/jobs/administrative-assistant-receptionist-wren-academy-enfield-enfield,Administrative Assistant - Receptionist,Wren Academy Enfield,"Enfield, London, EN2 8GH",EN2 8GH,"£24,459.00 - £25,583.00 Annually (Actual) NJC salary scale 6-9",2026-08-19,2026-09-02T09:00:00+01:00,['FULL_TIME'],"An exciting opportunity has arisen to work as part of a welcoming, talented and highly motivated team at Wren Academy Enfield. The successful candidate will provide administrative assistance in the smooth running of the Academy and be the first contact with parents contacting the school. Wren Academy Enfield is the second school of the Wren Academies Trust which is sponsored by the London Diocesan Board for Schools and Berkhamsted School. It was initially modelled on the successful Wren Academy Finchley, but every effort has been made to ensure that a distinctive ethos and approach is created which matches the needs and aspirations of the students who join the school. The successful candidate will demonstrate excellent communication skills, a keen desire to learn and the ability to be part of a team. Training will be given where appropriate but experience of working in a fast-paced administrative environment with excellent spreadsheet and analysis skills. The ability to work professionally and to deal with confidential and sensitive information is required. Relevant experience, together with the ability to interact appropriately across a number of levels, is also important. The suc",administration-category,"Administration, HR, data and finance",27,"[{""page"": 27, ""query"": ""Administration, HR, data and finance"", ""route"": ""administration-category""}, {""page"": 2, ""query"": ""administrative"", ""route"": ""keyword:administrative""}, {""page"": 3, ""query"": ""receptionist"", ""route"": ""keyword:receptionist""}]",3,OK,3b9ced21f1b4234457ceca8feb9559887adf5dea3fc1c1e0978761bbfe9d5e99
2026-08-23,Teaching Vacancies,administrative-assistant-sir-john-hunt-community-sports-college,https://teaching-vacancies.service.gov.uk/jobs/administrative-assistant-sir-john-hunt-community-sports-college,Administrative Assistant,Sir John Hunt Community Sports College,"Plymouth, South West, PL5 4AA",PL5 4AA,"£25,583",2026-07-20,2026-09-03T09:00:00+01:00,['PART_TIME'],"We are seeking to appoint an efficient Administrative Assistant to join our friendly and effective administration team. The post holder will be based in the student reception where they will assist in a variety of day-to-day administrative tasks supporting our students, including behaviour and attendance.",administration-category,"Administration, HR, data and finance",30,"[{""page"": 30, ""query"": ""Administration, HR, data and finance"", ""route"": ""administration-category""}, {""page"": 2, ""query"": ""administrative"", ""route"": ""keyword:administrative""}]",2,OK,9274255198beff82066953e7c05d39524f5b5f3f7d286bdcb5be2794d6705d2a
2026-08-23,Teaching Vacancies,administrative-assistant-sir-john-hunt-community-sports-college-plymouth-devon,https://teaching-vacancies.service.gov.uk/jobs/administrative-assistant-sir-john-hunt-community-sports-college-plymouth-devon,Administrative Assistant,Sir John Hunt Community Sports College,"Plymouth, South West, PL5 4AA",PL5 4AA,"£25,583",2026-07-20,2026-09-03T09:00:00+01:00,['PART_TIME'],"We are seeking to appoint an efficient Administrative Assistant to join our friendly and effective administration team. The post holder will be based in the student reception where they will assist in a variety of day-to-day administrative tasks supporting our students, including behaviour and attendance.",administration-category,"Administration, HR, data and finance",30,"[{""page"": 30, ""query"": ""Administration, HR, data and finance"", ""route"": ""administration-category""}, {""page"": 2, ""query"": ""administrative"", ""route"": ""keyword:administrative""}]",2,OK,9494f7b60d2da66a0947caa74256a0b71e5b87a872415fdb7b4b4c6176deb68e
2026-08-23,Teaching Vacancies,administrative-assistant-sixth-form-and-work-related-learning,https://teaching-vacancies.service.gov.uk/jobs/administrative-assistant-sixth-form-and-work-related-learning,Administrative Assistant - Sixth Form and Work-Related Learning,Christ The King Voluntary Academy,"Nottingham, East Midlands, NG5 7JZ",NG5 7JZ,"£25,989.00 - £27,254.00 Annually (FTE) Salary will be paid pro rate based on term time weeks and hours worked",2026-08-19,2026-09-02T23:59:00+01:00,['PART_TIME'],"Working in our main school office you will come into daily contact with our parents and staff so, as well as having administrative experience, you will also possess excellent communication and customer service skills and have a friendly, outgoing manner. We are looking to appoint an Administrative Assistant to join our dedicated and successful school. You will play an active role in delivering efficient, effective administrative support, and you will come into contact with our parents and staff so you will possess excellent communication skills and have a friendly, outgoing manner. This is a permanent, part-time role working 25 hours a week hours per week, on a term time only basis. About us Christ the King Voluntary Academy is a successful secondary school located in Arnold, Nottingham. We are an Ofsted rated Good School. We are part of Our Lady of Lourdes Catholic Multi-Academy Trust, and we bring together the 36 Catholic Primary and Secondary schools in Lincolnshire, Nottingham City and Nottinghamshire. About the role As Administrative Assistant you will: Have experience of working in a busy office. Have excellent personal, administrative, and organisational skills. Be able to p",administration-category,"Administration, HR, data and finance",29,"[{""page"": 29, ""query"": ""Administration, HR, data and finance"", ""route"": ""administration-category""}, {""page"": 2, ""query"": ""administrative"", ""route"": ""keyword:administrative""}]",2,OK,e2db5b2181a3e134f4f9d6d4987fb8b27642dfe8fe01c0674f6d8b33213e75f4
2026-08-23,Teaching Vacancies,administrative-assistant-st-joseph-s-catholic-primary-school,https://teaching-vacancies.service.gov.uk/jobs/administrative-assistant-st-joseph-s-catholic-primary-school,Administrative Assistant,St Joseph's Catholic Primary School,"Plymouth, South West, PL1 4DJ",PL1 4DJ,"Between £25,185 and £25,989",2026-07-20,2026-08-24T09:00:00+01:00,['PART_TIME'],"Organisational skills with the ability to set targets and meet deadlines, planning and prioritising individual workload. • Tactful and discreet, with the ability to maintain confidentiality at all times. • Able to provide customer service in a professional manner. • Ability to work from instruction, making some decisions involving the use of initiative, and to identify emerging problems and situations referring on to others as appropriate. • Experience of working co-operatively with others to deliver successful outcomes for Plymouth CAST. • A team player who has a positive approach to dealing with issues.Educated to GCSE level or equivalent qualification or experience. NVQ 2 or equivalent (desirable). Experience of working in a busy office providing efficient general administrative and finance administration, including ash handling. Experienced in using school IT systems such as SIMS and Excel (spreadsheets). Experience of using and maintain ICT hardware such as printers, faxes and photocopying machines. Experience of using financial management systems. Preferably experience of working within a School environment and as a result a knowledge of safeguarding practices, child protecti",administration-category,"Administration, HR, data and finance",3,"[{""page"": 3, ""query"": ""Administration, HR, data and finance"", ""route"": ""administration-category""}, {""page"": 1, ""query"": ""administrative"", ""route"": ""keyword:administrative""}]",2,OK,4cea7f1f9eab10a6cf4a5a83730f89d3095f9cdeb7aa062440398e7895413c16
2026-08-23,Teaching Vacancies,administrative-assistant-the-king-s-school-ottery-st-mary-devon,https://teaching-vacancies.service.gov.uk/jobs/administrative-assistant-the-king-s-school-ottery-st-mary-devon,Administrative Assistant,The King's School,"Ottery St Mary, South West, EX11 1RA",EX11 1RA,"Support Staff Grade C3-C6. Actual Pro Rated Salary: £21,363-£23,260.",2026-08-13,2026-09-07T09:00:00+01:00,['FULL_TIME'],"To start as soon as possible, we are seeking to appoint an Administrative Assistant to join our Support Staff Team. This is an exciting opportunity to join a well‑established, high-performing school where no two days are the same. Working at the heart of reception, whilst supporting departments, reporting, and the reprographics/resources room, the successful candidate will play a key role in shaping the experience of students, parents and visitors, while helping to showcase and celebrate the many achievements of our thriving school community. We are looking for an enthusiastic, organised and proactive individual who enjoys working with people, takes pride in delivering excellent service and is excited by the opportunity to contribute to the wide range of activities that make The King’s School such a vibrant and rewarding place to work.",administration-category,"Administration, HR, data and finance",41,"[{""page"": 41, ""query"": ""Administration, HR, data and finance"", ""route"": ""administration-category""}, {""page"": 3, ""query"": ""administrative"", ""route"": ""keyword:administrative""}]",2,OK,29c0449a16aa5f60b9ecc1eaa5d12a035dd6a760044a08d8e043b2ff179d7717
2026-08-23,Teaching Vacancies,administrative-assistants-cardinal-newman-catholic-school,https://teaching-vacancies.service.gov.uk/jobs/administrative-assistants-cardinal-newman-catholic-school,Administrative Assistants,Cardinal Newman Catholic School,"Hove, South East, BN3 6ND",BN3 6ND,"£29,064",2026-07-08,2026-09-01T09:00:00+01:00,"['FULL_TIME', 'PART_TIME']","The Governors wish to appoint motivated, enthusiastic and committed Administrative Assistants to join our friendly and supportive team. This is an exciting opportunity to become part of a busy administration function within our large and successful school. We have a range of permanent and fixed-term opportunities available across several areas of the school, including Reception, Student Administration, Visits Administration and SEN Administration. Both full-time and part-time positions are available. When applying, please specify your preferred working pattern (full-time or part-time), whether you are interested in permanent or fixed-term opportunities, and the area(s) you are interested in, together with any relevant experience.. The successful candidates will: Have demonstrable experience of working in an office-based administrative role. Possess excellent organisational, communication and numeracy skills, with the ability to deal with sensitive and confidential matters professionally. Have a high level of computer literacy, with a good working knowledge of Microsoft Office and Google applications. Demonstrate flexibility, initiative and the ability to prioritise a varied workloa",administration-category,"Administration, HR, data and finance",21,"[{""page"": 21, ""query"": ""Administration, HR, data and finance"", ""route"": ""administration-category""}, {""page"": 1, ""query"": ""administrative"", ""route"": ""keyword:administrative""}]",2,OK,e9368c3975f07e3495e72e1a0215cdabff51122f5721a2661b44367942d3ca77
2026-08-23,Teaching Vacancies,administrative-officer-water-leys-primary-school,https://teaching-vacancies.service.gov.uk/jobs/administrative-officer-water-leys-primary-school,Administrative Officer,Water Leys Primary School,"Wigston, East Midlands, LE18 1HG",LE18 1HG,Grade 6,2026-08-18,2026-09-04T09:00:00+01:00,['PART_TIME'],"Water Leys Primary School is seeking to appoint a School Administrator. This is a key role at the heart of our school’s daily operation. We are seeking a friendly, organised and highly professional Office Administrator to join our dedicated team. This is an exciting opportunity for someone who enjoys working with people, thrives in a busy environment and takes pride in providing an efficient and welcoming front-of-house service. The successful candidate will play a key role in the day-to-day running of the school office, supporting pupils, families and staff while ensuring administrative systems run smoothly and efficiently. You will be the welcoming face and voice of Water Leys, demonstrating professionalism, discretion and a genuine commitment to delivering excellent service. You will share our belief that every child deserves the very best and understand that the work of the school office plays an essential role in helping children feel safe, valued and ready to learn. We are looking for someone who has: Experience working in a similar administrative role. The ability to work collaboratively and positively with others. Excellent organisational and time‑management skills. Proven",administration-category,"Administration, HR, data and finance",33,"[{""page"": 33, ""query"": ""Administration, HR, data and finance"", ""route"": ""administration-category""}, {""page"": 2, ""query"": ""administrative"", ""route"": ""keyword:administrative""}]",2,OK,ed819a3dc6cdd5e17abbcbb9f1f2d714518601f944ce81f20855d92dc143b4be
2026-08-23,Teaching Vacancies,administrator-29a3a1df-9a3b-43db-97ba-8e6497b99ca1,https://teaching-vacancies.service.gov.uk/jobs/administrator-29a3a1df-9a3b-43db-97ba-8e6497b99ca1,Administrator,E-ACT Shenley Academy,"Birmingham, West Midlands, B29 4HE",B29 4HE,"£23,226.59 - £25,195.30 Annually (Actual) SCP 12-17",2026-07-20,2026-09-01T09:00:00+01:00,['PART_TIME'],"Job Title: Administrator E-ACT Shenley Academy | Building Futures, Changing Lives At E-ACT Shenley Academy, we believe in the transformative power of education. We see it as more than just a process; it's a journey that opens doors and has the potential to change lives. Our mission is to inspire students through a dynamic curriculum that consistently delivers good lessons, fostering an environment where learning is empowering and enriching. At E-ACT Shenley Academy, it is our daily mission are dedicated to these principles. We believe in creating an educational experience that not only imparts knowledge but also character, ensuring that our students leave with the skills, values, and aspirations needed to thrive in a changing world. Take the next steps in your career with E-ACT Shenley Academy - where the journey is not just about education; it's about building futures and changing lives. Find more information here: https://shenleyacademy.e-act.org.uk/about/our-ethos-and-values/ Want to make a difference to young people? Are you ready to embark on a rewarding journey within an educational community that values diversity, encourages collaboration, and celebrates excellence? We are l",administration-category,"Administration, HR, data and finance",21,"[{""page"": 21, ""query"": ""Administration, HR, data and finance"", ""route"": ""administration-category""}, {""page"": 6, ""query"": ""administrator"", ""route"": ""keyword:administrator""}]",2,OK,0b8ed5dd4f77a486471a06427a7083b2e4c7ff2cd7b0eef92c54d7df7f717afb
2026-08-23,Teaching Vacancies,administrator-466b2045-c1e3-4fa9-bf7e-e43eb5901ad7,https://teaching-vacancies.service.gov.uk/jobs/administrator-466b2045-c1e3-4fa9-bf7e-e43eb5901ad7,Administrator,Benton Park School,"Leeds, Yorkshire and the Humber, LS19 6LX",LS19 6LX,"£21,870.00 - £22,213.00 Annually (Actual) Full Time, Term time only plus 10 days",2026-08-21,2026-08-31T08:00:00+01:00,['FULL_TIME'],"Benton Park School is a thriving, inclusive comprehensive school located in Rawdon, on the outskirts of Leeds. With over 1,500 students—including a vibrant Sixth Form of over 200—we are proud to serve a diverse and supportive local community. Our recent move into a £28.5 million state-of-the-art building has created an inspiring environment for learning and working, underpinned by cutting-edge classroom technologies. We are looking for a highly motivated, positive colleague who can contribute to maintaining excellent standards in all areas of school life. A team player, you will have the ability to form high-quality relationships with staff, students, and families alike. This is an exciting opportunity for a talented colleague to join our vibrant and ambitious school as an Administrator. You would play a vital role in supporting our vibrant school community and helping to shape a strong, positive, and successful learning experience for all students. The successful candidate will be able to demonstrate the ability: To contribute to the delivery of high-performing, flexible and effective administrative services that meet the needs of the school; providing professional, confidential a",administration-category,"Administration, HR, data and finance",12,"[{""page"": 12, ""query"": ""Administration, HR, data and finance"", ""route"": ""administration-category""}, {""page"": 3, ""query"": ""administrator"", ""route"": ""keyword:administrator""}]",2,OK,68aa9cf7b6163d35229754cd1a615d924ea680f24abaa483a547cce8e3c418de
2026-08-23,Teaching Vacancies,administrator-clerk-to-the-school-board-5fd4211b-d8ff-4b96-b7e4-85c3843e5a8e,https://teaching-vacancies.service.gov.uk/jobs/administrator-clerk-to-the-school-board-5fd4211b-d8ff-4b96-b7e4-85c3843e5a8e,Administrator (Clerk) to the School Board,Onslow St Audrey's School,"Hatfield, East of England, AL10 8AB",AL10 8AB,"H7 19 to 23 - Actual starting salary - £2,387.80 per year including fringe",2026-07-29,2026-08-24T09:00:00+01:00,['PART_TIME'],"We are seeking an Administrator (Clerk) to the School Board to join the team at our Trust school - Onslow St Audrey. The post holder will be required to work flexibly in order to meet the needs of the School Board with some meetings being held in the evenings. Whilst the main School Board meetings are set a year in advance, you will also be supporting panels for complaints and exclusions, should the need arise at other schools within the Trust. This panel work will require flexibility in approach and times, with many panels being held in the evenings. The closing date for applications is 9.00am on Monday 24 August 2026 Interview date to be confirmed Full details of this opportunity are available here. The Trust is committed to safeguarding children and young people. All post holders are subject to a satisfactory Enhanced Disclosure and Barring Service (DBS) check.",administration-category,"Administration, HR, data and finance",4,"[{""page"": 4, ""query"": ""Administration, HR, data and finance"", ""route"": ""administration-category""}, {""page"": 1, ""query"": ""administrator"", ""route"": ""keyword:administrator""}]",2,OK,152c6578821bb1e17789081f16afb1f6dd8c70c7254ff2e15ab1798868d209c6
2026-08-23,Teaching Vacancies,administrator-clerk-to-the-school-board-the-beaconsfield-school-beaconsfield-buckinghamshire,https://teaching-vacancies.service.gov.uk/jobs/administrator-clerk-to-the-school-board-the-beaconsfield-school-beaconsfield-buckinghamshire,Administrator (Clerk) to the School Board,The Beaconsfield School,"Beaconsfield, South East, HP9 1SJ",HP9 1SJ,"H7 19 to 23 - Actual starting salary - £2,410.81 per year including fringe",2026-07-29,2026-08-24T09:00:00+01:00,['PART_TIME'],"We are seeking an Administrator (Clerk) to the School Board to join the team at our Trust school - The Beaconsfield School. The post holder will be required to work flexibly in order to meet the needs of the School Board with some meetings being held in the evenings. Whilst the main School Board meetings are set a year in advance, you will also be supporting panels for complaints and exclusions, should the need arise at other schools within the Trust. This panel work will require flexibility in approach and times, with many panels being held in the evenings. The closing date for applications is 9.00am on Monday 24 August 2026 Interview date to be confirmed Full details of this opportunity are available here. The Trust is committed to safeguarding children and young people. All post holders are subject to a satisfactory Enhanced Disclosure and Barring Service (DBS) check. The post holder will be required to work flexibly in order to meet the needs of the School Board with some meetings being held in the evenings.",administration-category,"Administration, HR, data and finance",4,"[{""page"": 4, ""query"": ""Administration, HR, data and finance"", ""route"": ""administration-category""}, {""page"": 1, ""query"": ""administrator"", ""route"": ""keyword:administrator""}]",2,OK,1ddff6aff8595beb33c9846fdced1c1aff34f063bcd638f6d282d66cd0a803b8
2026-08-23,Teaching Vacancies,administrator-d3689c09-b164-4585-b47e-b87553162134,https://teaching-vacancies.service.gov.uk/jobs/administrator-d3689c09-b164-4585-b47e-b87553162134,Administrator,Norwich Road Academy,"Thetford, East of England, IP24 2HT",IP24 2HT,,2026-08-12,2026-09-07T23:59:00+01:00,['PART_TIME'],"Are you an organised and proactive individual who thrives on keeping things running smoothly? We are looking for an Administrator to become a valued member of our team. This varied role offers the opportunity to make a real impact by supporting colleagues, coordinating administrative processes, and ensuring excellent service across the academy. If you are dependable, adaptable, and passionate about delivering great results, this could be the perfect opportunity for you. About You English and Maths qualifications to level 2 (GCSE A-C) or equivalent Excellent organisational and time management skills. Experience of working in customer services and/or an office environment. Strong communication and interpersonal skills. Calm under pressure, dealing with multiple deadlines. Confidence in using IT systems and software relevant to the role. particularly Microsoft Office A commitment to safeguarding and supporting the wellbeing of pupils.",administration-category,"Administration, HR, data and finance",42,"[{""page"": 42, ""query"": ""Administration, HR, data and finance"", ""route"": ""administration-category""}, {""page"": 10, ""query"": ""administrator"", ""route"": ""keyword:administrator""}]",2,OK,e1f164c22924df512d2cf596c8607892fbd2e99dbf5c1103784644564de02e7b
2026-08-23,Teaching Vacancies,administrator-first-aider,https://teaching-vacancies.service.gov.uk/jobs/administrator-first-aider,Administrator & First Aider,Launceston College,"Launceston, South West, PL15 9JR",PL15 9JR,"£13.45 - £13.97 Hourly Term Time + 10 additional days, Grade C",2026-08-11,2026-08-25T09:00:00+01:00,['PART_TIME'],"Join Athena - Inspiring World-Class Education together! At Athena, we are a passionate and forward-looking educational organisation committed to providing world-class education and helping individuals lead great lives. Our core values of ""Dream Big, Take Responsibility, and Be Kind"" guide our mission to create a supportive and inclusive learning environment where everyone can excel and grow. About Us: At Athena, we believe in the power of education to transform lives and shape a brighter future. We are dedicated to fostering a strong sense of community, where students, educators, and parents collaborate to achieve academic excellence and personal growth. Our commitment to ""Dream Big, Take Responsibility, and Be Kind"" underpins everything we do, inspiring our students to aim high, take ownership of their learning, and treat each other with respect and compassion. We are inspired by wisdom, creativity and learning. Determined to create a world where all children get to go to great schools, our mission is to provide the knowledge and education to bring opportunities, choices and freedom. If you want to be part of an inspirational team of big thinkers who will support you to develop yo",administration-category,"Administration, HR, data and finance",5,"[{""page"": 5, ""query"": ""Administration, HR, data and finance"", ""route"": ""administration-category""}, {""page"": 2, ""query"": ""administrator"", ""route"": ""keyword:administrator""}]",2,OK,09157be9e09515264e158313ca671a02675152c74681ee385fff4095acb45d77
2026-08-23,Teaching Vacancies,administrator-foxfields-academy,https://teaching-vacancies.service.gov.uk/jobs/administrator-foxfields-academy,Administrator,Foxfields Academy,"Blaby, East Midlands, LE8 4FE",LE8 4FE,"£23,375.00 - £25,751.00 Annually (Actual)",2026-07-23,2026-08-23T23:59:00+01:00,['FULL_TIME'],"Foxfields Academy is a specialist all-through school for pupils aged 4-16 with Social, Emotional and Mental Health (SEMH) needs. At Foxfields, we provide a tailored curriculum designed to prepare pupils to be confident, successful and resilient individuals who make outstanding progress and are prepared for life after school. Furthermore, we offer a wide range of therapies and extra-curricular activities to provide outstanding personal development opportunities and outcomes. The school is part of CIT (Community Inclusive Trust), a Multi Academy Trust comprising of special and mainstream primary schools across Lincolnshire, Leicestershire and Nottinghamshire. We are looking to appoint an Administrator as Maternity Cover for 1 year Please refer to attached Job Description and Person Specification for more information about this role and to ensure your suitability for this role. The benefits we can offer: An outstanding induction process A large, friendly, supportive and enthusiastic team A personalised CPD Programme and Career Progression and Development Opportunities The opportunity to make a real difference to the lives of young people An opportunity to be involved in the developmen",administration-category,"Administration, HR, data and finance",1,"[{""page"": 1, ""query"": ""Administration, HR, data and finance"", ""route"": ""administration-category""}, {""page"": 1, ""query"": ""administrator"", ""route"": ""keyword:administrator""}]",2,OK,83d6e5c6466b99c69fe7cccf1a8d12f153b9c947756b9680288fd9ef20dc1d85
2026-08-23,Teaching Vacancies,administrator-guilsborough-church-of-england-primary-school,https://teaching-vacancies.service.gov.uk/jobs/administrator-guilsborough-church-of-england-primary-school,Administrator,Guilsborough Church of England Primary School,"Northampton, East Midlands, NN6 8PT",NN6 8PT,"£26,846.00 Annually (FTE) £ 8217.92 actual salary",2026-07-28,2026-08-24T23:59:00+01:00,['PART_TIME'],"Guilsborough C of E Primary School are seeking to appoint an efficient, caring and enthusiastic Administrator to join our committed team to work for 2 days a week, 13.5 hours, which is 6.75 each day from 8.45- 3.30 with a half hour lunch. The contract will be for 38 weeks a year, however you will be required to annually work the INSET day in September, which can fall on any day of the week each year. You will receive overtime for the hours worked on this day. Guilsborough C of E Primary School is an established primary school at the heart of the community, which seeks to provide the highest quality education for each and every child, through an engaging, responsive and tailored curriculum, enabling all to achieve their full potential. By working with children, staff, parents, governors and trust members, the role of the administrator will be involved in all aspects of school life, and will work with a focused and conscientious attitude, committed to providing an effective service that prioritises communication, management, and confidentiality. The role of an administrator is an essential and valued position, to ensure local, Trust and statutory deadlines are met, facilitating the m",administration-category,"Administration, HR, data and finance",5,"[{""page"": 5, ""query"": ""Administration, HR, data and finance"", ""route"": ""administration-category""}, {""page"": 2, ""query"": ""administrator"", ""route"": ""keyword:administrator""}]",2,OK,eda4a9a4cbf4d70eed8f84ede52861ba447d70f7514790924e009f1f647df4c9
2026-08-23,Teaching Vacancies,administrator-inc-finance,https://teaching-vacancies.service.gov.uk/jobs/administrator-inc-finance,Administrator (inc Finance),Benton Park School,"Leeds, Yorkshire and the Humber, LS19 6LX",LS19 6LX,"£25,337.00 - £26,601.00 Annually (Actual) Term time only plus 10 days",2026-08-17,2026-08-31T09:00:00+01:00,['FULL_TIME'],"Benton Park School is a thriving, inclusive comprehensive school located in Rawdon, on the outskirts of Leeds. With over 1,500 students—including a vibrant Sixth Form of over 200—we are proud to serve a diverse and supportive local community. Our recent move into a £28.5 million state-of-the-art building has created an inspiring environment for learning and working, underpinned by cutting-edge classroom technologies. We are looking for a highly motivated, positive colleague who can contribute to maintaining excellent standards in all areas of school life. A team player, you will have the ability to form high-quality relationships with staff, students, and families alike. This is an exciting opportunity for a talented colleague to join our vibrant and ambitious school as an Administrator (inc Finance). You would play a vital role in supporting our vibrant school community and helping to shape a strong, positive, and successful learning experience for all students. The successful candidate will be able to demonstrate the ability to: Provide a consistently professional, welcoming and solution-focused service to students, staff, parents/carers and visitors, responding to enquiries and",keyword:administrator,administrator,4,"[{""page"": 4, ""query"": ""administrator"", ""route"": ""keyword:administrator""}]",1,OK,2637683a3b809a8f7e8cb6d22e2918670880d11fb710f8be7c7e91e54c39d32e
2026-08-23,Teaching Vacancies,administrator-receptionist-john-henry-newman-catholic-college,https://teaching-vacancies.service.gov.uk/jobs/administrator-receptionist-john-henry-newman-catholic-college,Administrator / Receptionist,John Henry Newman Catholic College,"Birmingham, West Midlands, B37 5GA",B37 5GA,"£26,824.00 - £29,540.00 Annually (FTE) Salary Band C £26,824 to £29,540 (FTE)",2026-07-17,2026-08-31T12:00:00+01:00,['PART_TIME'],"Our Lady and All Saints Catholic Multi Academy Administrator / Receptionist Grade C £26,824 to £29,540 (FTE) Part Time : 20 hours per week, Term time including inset days John Henry Newman Catholic College Chelmsley Road, Birmingham B37 5GA Our Lady and All Saints Catholic Multi Academy Company (“the MAC”) was formed in April 2021 and comprises of 12 Catholic Primary Schools and 2 Catholic Secondary Schools across the Birmingham, Solihull, and Warwickshire areas. Key Responsibilities and Duties Undertake varied administrative tasks for College staff as required, ensuring high standards of accuracy. Input, retrieve, and update data using the College’s Management Information Systems (e.g., SIMS, ClassCharts, Google Forms). Maintain up-to-date and accurate records for students, handling highly sensitive information. Provide admin support for the Year 7 September admissions process and peak transition periods. Provide cross-cover and operational support to other members of the administrative team during peak workloads, high-demand periods, or staff absences. Ensure the reception desk is consistently manned during designated hours. Greet all visitors, parents, and callers in a pleasant,",administration-category,"Administration, HR, data and finance",14,"[{""page"": 14, ""query"": ""Administration, HR, data and finance"", ""route"": ""administration-category""}, {""page"": 4, ""query"": ""administrator"", ""route"": ""keyword:administrator""}, {""page"": 2, ""query"": ""receptionist"", ""route"": ""keyword:receptionist""}]",3,OK,f08c85e658c8ebd109837f38dfa3aeb6c829253ea7afe93ce4f57a23650c59a3
2026-08-23,Teaching Vacancies,administrator-sen-and-careers,https://teaching-vacancies.service.gov.uk/jobs/administrator-sen-and-careers,Administrator (SEN and Careers),Marshland High School,"Wisbech, East of England, PE14 7HA",PE14 7HA,"Scale D, Pt 6-7, £13.47 - £13.68/hour (FTE £25,989 - £26,403 per year, based on a 37hr week) Please note this salary will be paid pro rata",2026-07-16,2026-08-31T01:00:00+01:00,['PART_TIME'],"Marshland High School are looking to appoint an Administrator (SEN and Careers) to join their team. Providing administration support to specialist areas within Marshland High School including Special Education Needs (SEN) Team and Careers support under the direction of the Assistant Trust SENCo and Assistant Head Teacher with careers responsibility. Start Date: Sept 2026 Hours: 37hrs per week. 39 weeks per year (term time +3 weeks) Salary: Scale D, Pt 6-7, £13.47 - £13.68/hour (FTE £25,989 - £26,403 per year, based on a 37hr week) Please note this salary will be paid pro rata Email: recruitment@westnorfolkacademiestrust.co.uk Marshland High School: https://www.marshlandhigh.co.uk/ Purpose of the Job To provide high quality, proactive and accurate administration support to specialist areas within Marshland High School including Special Education Needs (SEN) Team and Careers support under the direction of the Assistant Trust SENCo and Assistant Head Teacher with careers responsibility. In addition, you will supply administrative support across the school as/when required to support events and activities including cover for reception. The post holder will need to possess a great deal",administration-category,"Administration, HR, data and finance",12,"[{""page"": 12, ""query"": ""Administration, HR, data and finance"", ""route"": ""administration-category""}, {""page"": 3, ""query"": ""administrator"", ""route"": ""keyword:administrator""}]",2,OK,8725e616e5191b7fb654d748e74620ef5e081c840208f744a89c38cc58c2191f
2026-08-23,Teaching Vacancies,admissions-and-attendance-officer-oakwood-primary-academy,https://teaching-vacancies.service.gov.uk/jobs/admissions-and-attendance-officer-oakwood-primary-academy,Admissions and Attendance Officer,Oakwood Primary Academy,"Eastbourne, South East, BN22 0SS",BN22 0SS,"FTE: £27,712.00 to £28,608.00 (actual salary: £19,821.22 to £20,462.09)",2026-07-29,2026-09-01T00:00:00+01:00,['PART_TIME'],"Oakwood Primary Academy is seeking to appoint an experienced, enthusiastic and highly organised Admissions and Attendance Officer to join our friendly and dedicated team on a permanent basis. This is a fantastic opportunity to play a key role in supporting our pupils and families, helping to ensure every child has the best possible start to their educational journey. The role is 8.00am to 2.00pm Monday to Friday, 40 weeks per year (term-time only, including INSET days, plus one week) We would love to hear from you if: you have experience of managing admissions and attendance in schools you have excellent organisational skills and are able to manage competing priorities effectively you are committed to promoting excellence attendance and supporting children and families to achieve the best outcome You are enthusiastic, proactive and enjoy working as part of a collaborative team You share our commitment to safeguarding and promoting the welfare of children and young people You possess strong communication and interpersonal skills and enjoy building positive relationships with pupils, families, colleagues and external partners In return for your passion and commitment, we offer: A sup",administration-category,"Administration, HR, data and finance",20,"[{""page"": 20, ""query"": ""Administration, HR, data and finance"", ""route"": ""administration-category""}]",1,OK,f807be4b57a42eb397172fe3ff39c219a22104519d8ce1307af4af48d3b3f381
2026-08-23,Teaching Vacancies,admissions-and-attendance-officer-st-matthew-s-primary-school-luton-bedfordshire,https://teaching-vacancies.service.gov.uk/jobs/admissions-and-attendance-officer-st-matthew-s-primary-school-luton-bedfordshire,Admissions and Attendance Officer,St Matthew's Primary School,"Luton, East of England, LU2 0NJ",LU2 0NJ,"£23,113.00 - £25,620.00 Annually (Actual) L4",2026-07-09,2026-08-31T23:59:00+01:00,['FULL_TIME'],"Whilst St Matthew’s is one of the largest primary schools in Luton, it has a calm, personal and happy atmosphere. We are a big school with small community habits and pride ourselves on everyone’s personal, academic and professional well-being and this is a cornerstone of our ethos. The sense of being in an ambitious, supportive family is often commented on by children, parents, staff and visitors alike. Finding the right people to work with our children is paramount. So if you want children to feel safe, be happy, be excited, love coming to school and to progress each and every day and you want to work with a wholly child centred leadership team, please apply. From our new Admissions and Attendance Officer we would ask you to: Have experience of administration systems possibly within a school environment Have excellent communication and interpersonal skills to communicate with a wide range of stakeholders Understand the need for high levels of confidentiality, discretion and integrity in the school environment Demonstrate professionalism and accuracy in all aspects of the role Have the ability to build productive and collaborative relationships Have excellent IT skills Be organised",administration-category,"Administration, HR, data and finance",16,"[{""page"": 16, ""query"": ""Administration, HR, data and finance"", ""route"": ""administration-category""}]",1,OK,a73062f8e3c52bf597d25201bca57a1ccb1c71adc8e8b37a594de8460d6c1a07
2026-08-23,Teaching Vacancies,admissions-coordinator,https://teaching-vacancies.service.gov.uk/jobs/admissions-coordinator,Admissions Coordinator,Philip Morant School and College,"Colchester, East of England, CO3 4QS",CO3 4QS,"£26,571.00 - £28,367.00 Annually (Actual) Local Government Pay Scale 6, Point 14-18",2026-07-16,2026-09-09T23:59:00+01:00,['PART_TIME'],"Join a Community Where Everyone Feels They Belong at Philip Morant School and College Are you a passionate individual who holds high expectations and aims for excellence? Are you ready to use your skills to contribute to a community where everyone feels they belong? Are you wanting to work as a part of a team whose purpose is to enable every member of the community to feel they belong? Do you have the skills to contribute to a learning environment that enables staff and students to be the best they can be? Philip Morant School and College was judged as “Good” in all areas by Ofsted in September 2023. We are looking for an Admissions Coordinator who can be a key part in our ongoing improvement journey. Our school is a calm and orderly place. We work hard to ensure everyone feels welcome. As the largest school in Colchester we have exceptional facilities. Through the Sigma Trust there are many opportunities to work with staff in other schools and to have opportunities for development. Living and breathing our vision and values starts from interview day, with every applicant welcomed by the Headteacher. From there every member of staff is part of a strong team and support and opportun",administration-category,"Administration, HR, data and finance",44,"[{""page"": 44, ""query"": ""Administration, HR, data and finance"", ""route"": ""administration-category""}]",1,OK,afe08b4681d61b2506769f5e27ff4a9178cec19f06b91b32e7a63c6b7e983a35
2026-08-23,Teaching Vacancies,admissions-manager-lord-williams-s-school,https://teaching-vacancies.service.gov.uk/jobs/admissions-manager-lord-williams-s-school,Admissions Manager,Lord Williams's School,"Thame, South East, OX9 2AQ",OX9 2AQ,"£31,537.00 - £34,434.00 Annually (FTE) Actual Starting Salary £22,816 based on 30 hrs per week, term time plus 2 weeks",2026-07-15,2026-09-04T09:00:00+01:00,['PART_TIME'],"To manage and coordinate all aspects of the school admissions process, including the normal admissions round, in-year admissions, appeals, waiting lists, transition activities and statutory admissions compliance. The postholder will ensure admissions arrangements are administered fairly, transparently and in accordance with the School Admissions Code 2021, School Admission Appeals Code 2022, SEND legislation, Data Protection legislation and Local Authority requirements, whilst providing an excellent service to prospective and current families. For further information on the role, please see the attached job details.",administration-category,"Administration, HR, data and finance",32,"[{""page"": 32, ""query"": ""Administration, HR, data and finance"", ""route"": ""administration-category""}]",1,OK,30d264d9342f2bdd742e2c1384d6a207ce237cf3e96cc91d3e7b560bcdb1b8ea
2026-08-23,Teaching Vacancies,admissions-officer-the-westgate-school,https://teaching-vacancies.service.gov.uk/jobs/admissions-officer-the-westgate-school,Admissions Officer,The Westgate School,"Slough, South East, SL1 5AH",SL1 5AH,"£24,523.00 - £26,907.00 Annually (Actual) NJC Level 4 Points 8-12",2026-08-20,2026-09-21T23:59:00+01:00,['PART_TIME'],"Admissions Officer 37 hours per week - term time plus 2 weeks We are looking to appoint a motivated and proactive individual to join our Admin Team to manage and administer our school admissions for both new Year 7 intake and in-year transfers across the school. You will be responsible for ensuring that whole school admissions are carried out according to deadlines. Please read the job description for full details. The ideal candidate will be able to work independently and as part of a team. The ability to prioritise workload is essential in what can be a demanding role. Efficient, clear and accurate communication, both in writing and orally with all stakeholders is required. You will ideally be confident in using various IT programmes (Word/Excel/Outlook) and knowledge of SIMS would be advantageous but not necessary as training will be available. You will be required to work one week at the end of the summer break to ensure all new student data is correct ready for the start of term. If you feel that you would be a great addition to our team, we look forward to hearing from you. Further information can be found in the detailed job description and person specification below. Tours",administration-category,"Administration, HR, data and finance",50,"[{""page"": 50, ""query"": ""Administration, HR, data and finance"", ""route"": ""administration-category""}]",1,OK,54e3609401caefa3994767441c85b6c84cf6ecd083e9e3cee5a525dd209de92a
2026-08-23,Teaching Vacancies,alternative-provision-lead-f55092f9-5821-4bdd-a2e6-b1feeda615db,https://teaching-vacancies.service.gov.uk/jobs/alternative-provision-lead-f55092f9-5821-4bdd-a2e6-b1feeda615db,Alternative Provision Lead,SGS Forest High School,"Cinderford, South West, GL14 2AZ",GL14 2AZ,"£29,064 per annum",2026-08-19,2026-09-02T09:00:00+01:00,['FULL_TIME'],Safeguarding experience,administration-category,"Administration, HR, data and finance",27,"[{""page"": 27, ""query"": ""Administration, HR, data and finance"", ""route"": ""administration-category""}]",1,OK,e649aeaba3bbdff781f524109410824837ae1bfd961d62efb07b7311ea104333
2026-08-23,Teaching Vacancies,apprentice-administrator-braeburn-primary-and-nursery-academy,https://teaching-vacancies.service.gov.uk/jobs/apprentice-administrator-braeburn-primary-and-nursery-academy,Apprentice Administrator,Braeburn Primary and Nursery Academy,"Scarborough, Yorkshire and the Humber, YO11 3LG",YO11 3LG,"£19,292.00 - £24,404.00 Annually (FTE)",2026-07-20,2026-09-07T09:00:00+01:00,['FULL_TIME'],"Apprentice Administrator Braeburn Primary and Nursery Academy Monday - Friday, 35 hours per week, 8.00am - 3.30pm, to be worked during the school term time £19,292 - £24,404 Actual salary £15,792 - £19,977 This is a fixed term position throughout the duration of the apprenticeship About the Trust Ebor Academy Trust is a family of schools located across North and East Yorkshire, York and the Humber region. We think of ourselves as being one school across many sites, working collaboratively to deliver high quality, rich and engaging education in our diverse communities. Our aims are to enable all our learners to flourish and to open doors for their very best futures. We genuinely seek to live by our values of Excellence, Belonging, Opportunity and Respect; these underpin how we work and how we relate to each other. We have high ambitions for our learners and staff and aim to deliver this through a culture of continuous development, support, kindness and understanding. We are a friendly trust that puts people first. About the role Braeburn Primary and Nursery Academy have an exciting opportunity to welcome an Apprentice Business Administrator in to their friendly and dedicated team. W",administration-category,"Administration, HR, data and finance",39,"[{""page"": 39, ""query"": ""Administration, HR, data and finance"", ""route"": ""administration-category""}, {""page"": 10, ""query"": ""administrator"", ""route"": ""keyword:administrator""}]",2,OK,a655379499a2c939350bd7a6dd1df624f4e919ff6e00823e5fee762de875c76b
2026-08-23,Teaching Vacancies,apprentice-administrator-brookhaven-school,https://teaching-vacancies.service.gov.uk/jobs/apprentice-administrator-brookhaven-school,Apprentice Administrator,Brookhaven School,"Bury, North West, BL9 8LP",BL9 8LP,£12.71 p/h (National Living Wage),2026-08-10,2026-08-28T09:00:59+01:00,['FULL_TIME'],"We are looking for a motivated and enthusiastic Administration Apprentice to join our dedicated team at Brookhaven! This is an exciting opportunity for someone eager to begin their career in administration while gaining valuable experience in a dynamic and supportive school environment. As part of the school office, you’ll play a key role in supporting the day-to-day operations, handling tasks such as data entry, and general administrative duties. Brookhaven is an innovative, forward-thinking school based in Bury where all learners are empowered to achieve their dreams. Where we believe everyone has the potential to be extraordinary! We have a world class team that work relentlessly to make every day a magical day of learning; to suit every child's needs, to ensure they make rapid gains not only as learners across the whole curriculum but as an individuals prepared for next century living as well as the world that we live in today. It is our duty and privilege as a school and community to make a difference every day. Everything we do at Brookhaven is underpinned by our vision, values and ethos: We believe that all children should have the opportunity to be successful, whatever thei",administration-category,"Administration, HR, data and finance",8,"[{""page"": 8, ""query"": ""Administration, HR, data and finance"", ""route"": ""administration-category""}, {""page"": 2, ""query"": ""administrator"", ""route"": ""keyword:administrator""}]",2,OK,217c1e21dd319fc6cf58454ce8b98403c4154d5c32e688a08ae65c239b6f2fa0
2026-08-23,Teaching Vacancies,assistant-administrator-bc00604f-24a2-4741-bbd7-1135c9c18070,https://teaching-vacancies.service.gov.uk/jobs/assistant-administrator-bc00604f-24a2-4741-bbd7-1135c9c18070,Assistant Administrator,St Thomas CofE Primary Academy,"Boston, East Midlands, PE21 7RZ",PE21 7RZ,"£21,362.70 - £22,390.52 Annually (Actual)",2026-08-17,2026-09-06T23:59:00+01:00,['FULL_TIME'],"About this Role St Thomas C of E Primary Academy is a thriving and successful school within the Infinity Academies Trust, with a community of curious, kind and motivated children who are a pleasure to teach. We are an outstanding school with high expectations and a clear commitment to ensuring every child achieves their potential, academically, socially and emotionally, regardless of starting point. Our pupils learn and play together in a supportive and inclusive environment, showing respect for one another and a genuine enthusiasm for learning. The school is well resourced and purposeful, with a positive atmosphere that reflects strong relationships and the enjoyment our children take in school life. Hours: 37 hours per week, Monday - Thursday 08:30am- 4:30pm and Friday 8:30am-4:00pm Contract Type: Fixed term maternity cover (up to 12 months, but could end earlier if the substantive post holder returns earlier) Pay Scale G3 6 to G 3 9 Term time plus 5 training days The successful candidates will: be a team player with initiative, great interpersonal skills and be committed to bringing the school and trust visions to life. have a cheerful, warm, and welcoming personality with the a",administration-category,"Administration, HR, data and finance",37,"[{""page"": 37, ""query"": ""Administration, HR, data and finance"", ""route"": ""administration-category""}, {""page"": 9, ""query"": ""administrator"", ""route"": ""keyword:administrator""}]",2,OK,9a9c646b13ddf6ac455156904f9f5bd223fd3eb3ffac61a7ad4c6dab887eebf9
2026-08-23,Teaching Vacancies,assistant-business-manager-part-time,https://teaching-vacancies.service.gov.uk/jobs/assistant-business-manager-part-time,Assistant Business Manager (Part Time),St Joseph's Catholic Primary School,"Barking, London, IG11 7AR",IG11 7AR,"£38,752 - £40,681 FTE",2026-07-14,2026-09-04T12:00:00+01:00,['PART_TIME'],Have experience of academy/primary school finance Have experience of managing and supporting a small team Have excellent office and IT skills Have the ability to think creatively and strategically Have a flexible and positive nature and the ability to work well under pressure Have the ability to maintain confidentiality Have excellent communication skills.,administration-category,"Administration, HR, data and finance",34,"[{""page"": 34, ""query"": ""Administration, HR, data and finance"", ""route"": ""administration-category""}]",1,OK,8b5f553587bbc30309dc177678152c8964169c2b01b2be162ec08c97eae07958
2026-08-23,Teaching Vacancies,assistant-operations-manager-8e287efa-6467-481b-8c80-56f74d927bdb,https://teaching-vacancies.service.gov.uk/jobs/assistant-operations-manager-8e287efa-6467-481b-8c80-56f74d927bdb,Assistant Operations Manager,The Manor Academy,"Mansfield, East Midlands, NG19 8QA",NG19 8QA,"£27,006.00 - £28,858.00 Annually (Actual) Grade 5: £27,006 - £28,858 actual salary per annum (£31,537 - £33,699 FTE)",2026-08-17,2026-09-06T23:59:00+01:00,['FULL_TIME'],"Grade and Salary: Grade 5: £27,006 - £28,858 actual salary per annum (£31,537 - £33,699 FTE) Working pattern: 37 hours per week / 39 weeks per year (term time only plus INSET days) Contract term: Permanent The School: The Manor Academy has an excellent reputation for its high standards of teaching, student behaviour and academic achievement. Ofsted recognised the journey we have been on when grading us as a “good” school, citing that the quality of education has been transformed since the previous inspection. The role: The Assistant Operations Manager role offers a varied workload with a broad range of responsibilities across the school. The successful candidate will play a key role in ensuring the efficient and professional delivery of reception services, office administration, and customer service. In addition, they will provide support to the Operations Manager and Headteacher contributing to the overall effective operation of the school. The person: The successful candidate will be highly organised, have excellent verbal and written communication skills along with strong administrative and good line management skills. They will be flexible and able to both lead by example and d",administration-category,"Administration, HR, data and finance",37,"[{""page"": 37, ""query"": ""Administration, HR, data and finance"", ""route"": ""administration-category""}]",1,OK,e9bdad4a8c64d476edd76e65f04544afdb22296b9574ea0f2bd6e51be33f7c7e
2026-08-23,Teaching Vacancies,assistant-operations-manager-finham-park-school-coventry-west-midlands,https://teaching-vacancies.service.gov.uk/jobs/assistant-operations-manager-finham-park-school-coventry-west-midlands,Assistant Operations Manager,Finham Park School,"Coventry, West Midlands, CV3 6EA",CV3 6EA,"£28,598.00 - £34,434.00 Annually (FTE) Grade 5 (Actual Salary: £24,816 - £29,880)",2026-08-19,2026-09-03T09:00:00+01:00,['FULL_TIME'],"The Assistant Operations Manager plays a key role in supporting the Operations Manager in the smooth running of our large, complex organisation. A core part of the work is managing the administration team, but the role also encompasses a wide variety of other responsibilities including finance, HR, events management, marketing and health & safety. The role is based in the operations office alongside the Operations Manager and the Headteacher’s PA. The postholder is therefore immersed in the core running of the school and has direct insight into the strategic planning of the organisation. As such, it provides great opportunities for continual professional development in the context of a consistently high performing secondary school. The successful candidate will have access to established systems and processes but will also be able to bring their own professional expertise into the role, tweaking things as required to maximise efficiency and communication. It would also be desirable to have someone with marketing experience to help develop our school brand and relationships with key stakeholders. If you are passionate about making a profound difference, enjoy being part of a dynamic",administration-category,"Administration, HR, data and finance",30,"[{""page"": 30, ""query"": ""Administration, HR, data and finance"", ""route"": ""administration-category""}]",1,OK,e029e49d429df46f9e70e55a91a9cefe9e52223edc110c6e20ec5fc58014702f
2026-08-23,Teaching Vacancies,assistant-school-business-manager-dame-alice-owen-s-school-potters-bar-hertfordshire,https://teaching-vacancies.service.gov.uk/jobs/assistant-school-business-manager-dame-alice-owen-s-school-potters-bar-hertfordshire,Assistant School Business Manager,Dame Alice Owen's School,"Potters Bar, East of England, EN6 2DU",EN6 2DU,"H8/25 - H9/29 depending on experience, pro-rata actual annual salary range from £33,822 to £37,077 (based on salary range from £36,363 - £39,862 for the full-time equivalent post, pay award pending)",2026-08-17,2026-09-04T09:00:00+01:00,['FULL_TIME'],"The Governors of this highly successful, partially selective, mixed school wish to invite applications for the post of Assistant School Business Manager, with responsibility for the Finance function. Experience gained in a large secondary school/academy would be useful although experience of working in any busy accounting office would be acceptable. We reserve the right to make an appointment before the closing date, so early applications are encouraged.",administration-category,"Administration, HR, data and finance",33,"[{""page"": 33, ""query"": ""Administration, HR, data and finance"", ""route"": ""administration-category""}]",1,OK,67e84b52987a7710edb0548249ca11a1db19965e82f841c1df489d34604eeea6
2026-08-23,Teaching Vacancies,assistant-to-the-senco-wellfield-academy,https://teaching-vacancies.service.gov.uk/jobs/assistant-to-the-senco-wellfield-academy,Assistant to the SENCo,Wellfield Academy,"Leyland, North West, PR25 2TP",PR25 2TP,"£23,761.75 - £27,070.76 Annually (Actual) Grade 6 SCP 11-19 FTE £28,142 - £32,061",2026-07-29,2026-09-01T09:00:00+01:00,"['FULL_TIME', 'PART_TIME']","Join Our Team at Wellfield Academy. Are you looking for a role where each day is different, filled with experiences that are both challenging, enjoyable and fulfilling? A role where you go home with a sense of reward and achievement? Wellfield Academy is looking for an enthusiastic and passionate Assistant to the SENCo to join our established team on a permanent, term-time only basis. This role is ideal for a candidate with a good understanding of Special Educational Needs and Disabilities (SEND) who is looking for a rewarding role in a supportive and ambitious school. The role is to support our SENCo with administrative processes, parent communication and multi-agency involvement, helping to release time for the SENCo to focus on developing inclusive practices across the classroom. It is an exciting time to join our team as we continue to strengthen and develop our SEND provision, including our Thrive enhanced provision. Thrive provides a tailored, nurturing educational environment for students who require a more personalised approach to learning, enabling them to thrive both academically and socially. The successful candidate will play an important part in supporting the coordina",administration-category,"Administration, HR, data and finance",21,"[{""page"": 21, ""query"": ""Administration, HR, data and finance"", ""route"": ""administration-category""}]",1,OK,d01158b63ba935a7c2d3b3c942ecebce0a4b5fccb990003c5d6ba2b65f6e3d65
2026-08-23,Teaching Vacancies,attendance-administration-assistant-south-axholme-academy,https://teaching-vacancies.service.gov.uk/jobs/attendance-administration-assistant-south-axholme-academy,Attendance Administration Assistant,South Axholme Academy,"Doncaster, Yorkshire and the Humber, DN9 1BY",DN9 1BY,"£25,269.00 Annually (FTE) £21,424 pro-rata",2026-08-12,2026-08-25T09:00:00+01:00,['PART_TIME'],"The role is to work alongside the Attendance and Welfare Officer to promote excellent attendance, reduce the level of absence and work with children and families to promote high levels of attendance through accurate record keeping. Located in the historic market town of Epworth, North Lincolnshire, between Doncaster and Scunthorpe and within easy commuting distance of Rotherham, Sheffield, Leeds, East Yorkshire and Lincoln, South Axholme Academy draws students from over 25 primary schools across North Lincolnshire, Nottinghamshire, and Doncaster. We are regularly oversubscribed, which reflects the confidence families place in us. Our academic outcomes consistently exceed the national average, reflecting our strong commitment to excellence. Equally important is nurturing the whole child by developing not only academic potential but also confidence, character, and wellbeing. Beyond the classroom, our vibrant calendar offers a wide range of events and enrichment opportunities, from sponsored walks and drama productions to sports clubs, educational visits, and community celebrations like Christmas carol concerts and senior citizens parties. Central to our ethos is the South Axholme Min",administration-category,"Administration, HR, data and finance",5,"[{""page"": 5, ""query"": ""Administration, HR, data and finance"", ""route"": ""administration-category""}]",1,OK,191386417dfbee32b21e6c37cb99af75ec4b1567c6be9076640ccb86d4fd3cd1
2026-08-23,Teaching Vacancies,attendance-administrator-d9c8d521-d886-4881-ad29-ebd6ebb9ffa5,https://teaching-vacancies.service.gov.uk/jobs/attendance-administrator-d9c8d521-d886-4881-ad29-ebd6ebb9ffa5,Attendance Administrator,St Peter's School,"Huntingdon, East of England, PE29 7DD",PE29 7DD,"£25,583.00 - £25,989.00 Annually (FTE) NJC Scale 3, Points 5 to 6. Actual salary £ 21,942.34 per annum on point 5.",2026-07-15,2026-09-04T09:00:00+01:00,['FULL_TIME'],"ATTENDANCE ADMINISTRATOR Salary: NJC Scale 3, Points 5 to 6 (£25,583 to £25,989 per annum FTE). Actual salary £ 21,942.34 per annum on point 5. Contract: Permanent. 37 hours per week, Monday to Thursday 08.00 to 16.00 and Friday 08.00 to 15.30. Term Time plus 5 training days (39 weeks per year) Start date: As soon as possible Place of work : : St Peters School, Huntingdon Place of work St Peter’s School, as part of The Cam Academy Trust, is seeking to employ an Attendance Administrator to work 37 hours per week working with our Attendance Officer. As an Administrator at St Peter’s School, it is essential that you have a strong telephone manner with good communication skills. It is imperative that you remain composed under pressure and operate in an organised and structured manner. A can-do attitude with a proactive and positive approach, including flexibility and adaptability is vital in this role. Primary responsibilities will be to monitor absenteeism and promote full attendance by liaison with students, staff, parents and external agencies, to identify attendance issues, and to support the processes to deal with the issues. Part of the role will also be to support with home visi",administration-category,"Administration, HR, data and finance",33,"[{""page"": 33, ""query"": ""Administration, HR, data and finance"", ""route"": ""administration-category""}, {""page"": 8, ""query"": ""administrator"", ""route"": ""keyword:administrator""}]",2,OK,ea803d181c7f1651aec8c46862b758e363e9c4d93d198629c0ab3b5976f0ff2f
2026-08-23,Teaching Vacancies,attendance-administrator-marlwood-school,https://teaching-vacancies.service.gov.uk/jobs/attendance-administrator-marlwood-school,Attendance Administrator,Marlwood School,"Bristol, South West, BS35 3LA",BS35 3LA,"CSET 10 £26,403 FTE, £15,217 prorated",2026-08-06,2026-09-01T09:00:59+01:00,"['FULL_TIME', 'PART_TIME']","Job title: Attendance Administrator Salary : CSET 10 £26,403 FTE, £15,217 prorated Hours : 24 hours per week, 39 weeks of the year (term time only + INSET) Contract type : Permanent Marlwood School is seeking a proactive and personable Attendance Administrator to join our dedicated support team. You will play a vital part in maintaining a positive learning environment by ensuring students are present, supported, and ready to succeed. About the Role As the Attendance Administrator your primary focus will be to ensure attendance records are meticulously maintained to minimise disruption to the school curriculum. Key responsibilities include: Implementing the school’s attendance policies and providing administrative support to the Senior Leadership Team. Monitoring attendance data for vulnerable groups, producing detailed reports and preparing evidence for potential prosecutions regarding poor attendance. Liaising with parents, carers, and Education Welfare Officers, including initiating contact when attendance issues arise and attending formal School Attendance Panel meetings. Providing direct support for vulnerable students and assisting with the school’s behavior management system,",administration-category,"Administration, HR, data and finance",23,"[{""page"": 23, ""query"": ""Administration, HR, data and finance"", ""route"": ""administration-category""}, {""page"": 7, ""query"": ""administrator"", ""route"": ""keyword:administrator""}]",2,OK,f3a4bf4abd173dfb4d8cc2797977d1885a92bc7d6e8c2dbfea1fc2d08ec8ee06
2026-08-23,Teaching Vacancies,attendance-administrator-william-harding-school-aylesbury-buckinghamshire,https://teaching-vacancies.service.gov.uk/jobs/attendance-administrator-william-harding-school-aylesbury-buckinghamshire,Attendance Administrator,William Harding School,"Aylesbury, South East, HP21 9TJ",HP21 9TJ,"£26,522 - £28,742 FTE (Actual salary £19,271 - £20,844)",2026-08-14,2026-09-11T12:00:00+01:00,['FULL_TIME'],"Please see Job description for further details. Experience in admin processes and procedures and ability to adapt them for Attendance Experience of supporting children and families Of data and analysis A role in being proactive Experience of providing support, guidance and problem-solving to families Awareness of policies relating to equal opportunities, confidentiality and data protection Awareness of pastoral support and parental engagement programmes with visible impact Awareness of the importance of attendance at school Awareness of the interrelationship between safeguarding and attendance GCSE English Language Grade C or above or equivalent GCSE English Literacy Grade C or above or equivalent GCSE Maths Grade C or above or equivalent Ability to; Support the school’s vision and aims Plan, resource and deliver a set programmes of work Monitor and evaluate approaches of support Advise and support parents in the delivery of programmes at home Co-ordinate record keeping systems and processes in line with school policy Support pupils with attendance needs To communicate effectively Proactive and timely working The ability to work independently and as part of a team High expectations",keyword:administrator,administrator,11,"[{""page"": 11, ""query"": ""administrator"", ""route"": ""keyword:administrator""}]",1,OK,2e33d1c0600d42e6202fe86ee2056ed0bbef47b23ab8f35ed48e84e7533f0800
2026-08-23,Teaching Vacancies,attendance-and-admin-officer-shirley-warren-primary-nursery-school,https://teaching-vacancies.service.gov.uk/jobs/attendance-and-admin-officer-shirley-warren-primary-nursery-school,Attendance and Admin Officer,Shirley Warren Primary & Nursery School,"Southampton, South East, SO16 6AY",SO16 6AY,"£28,792 FTE - £24,750 Pro-rata for TTO",2026-08-16,2026-09-04T12:00:00+01:00,"['FULL_TIME', 'TEMPORARY']","ABOUT THE ROLE We are looking to appoint a dedicated and enthusiastic Attendance and Admin Officer to lead on attendance management and monitoring systems within our school. You will track student attendance, analyse data, and work directly with students, parents, and staff to improve attendance rates as well as overseeing school administrative tasks. This role is vital in the administrative team supporting the senior team, staff, pupils and wider school community. You will work as part of a team providing excellent customer service to all visitors and enquires to our school. You will need to be motivated and enjoy working within a busy environment. Candidates will be expected to demonstrate a high level of competency in IT and excellent organisational skills. Experience of working in a similar environment is desirable but training will be provided.",administration-category,"Administration, HR, data and finance",35,"[{""page"": 35, ""query"": ""Administration, HR, data and finance"", ""route"": ""administration-category""}]",1,OK,e36e92f2676f9f0fb0e92700ae34b0b40db172f5e5f27b2ef1f0d31a95bdca6c
2026-08-23,Teaching Vacancies,attendance-and-admissions-manager-westfield-school-sheffield,https://teaching-vacancies.service.gov.uk/jobs/attendance-and-admissions-manager-westfield-school-sheffield,Attendance and Admissions Manager,Westfield School,"Sheffield, Yorkshire and the Humber, S20 1HQ",S20 1HQ,"£38,220.00 - £41,771.00 Annually (FTE) Grade 7 SCP 27 to 31 (Actual salary £33,717 - £36,850)",2026-08-19,2026-09-13T23:59:00+01:00,['FULL_TIME'],"We are seeking an organised, proactive, and experienced Attendance and Admissions Manager to join our school team. This is a key role responsible for overseeing pupil attendance, managing admissions processes, and ensuring accurate student records in line with school policies and statutory requirements. The successful candidate will work closely with senior leaders, pastoral teams, parents/carers, and external agencies to promote excellent attendance and support smooth pupil admissions and transitions. The key areas of responsibility will be: Attendance Monitor and manage daily student attendance records. Identify attendance concerns and follow up with parents/carers promptly Produce attendance reports and analyse data to identify trends. Work with pastoral staff and external agencies to improve student attendance. Implement interventions to improve attendance Ensure compliance with safeguarding and statutory attendance requirements. Coordinate response procedures for absent pupils. Admissions Manage the end-to-end admissions process, including applications, offers, and enrolment. Maintain accurate pupil records and admissions data. Act as the main point of contact for admissions e",administration-category,"Administration, HR, data and finance",47,"[{""page"": 47, ""query"": ""Administration, HR, data and finance"", ""route"": ""administration-category""}]",1,OK,4cc888ba310fbad5f2be9b87be3abe5c48fe0939ba4f0d5a04caec0d9c738e0c
2026-08-23,Teaching Vacancies,attendance-and-pastoral-support-worker-northwood-school,https://teaching-vacancies.service.gov.uk/jobs/attendance-and-pastoral-support-worker-northwood-school,Attendance and Pastoral Support Worker,Northwood School,"Northwood, London, HA6 1QN",HA6 1QN,"£28,790.00 - £30,000.00 Annually (Actual)",2026-07-06,2026-09-04T23:59:00+01:00,"['FULL_TIME', 'PART_TIME']","Job Purpose: Responsible for providing attendance, student and administrative support. This enables the school to achieve a high standard of effective services to the leadership group, teachers, support staff colleagues, pupils, parents and other members of the school community. To develop systems that will enable the school to raise the attendance levels of students. To support the Pastoral Team in delivering excellent pastoral provision guiding and supporting students in their personal, social and educational development to help them reach their full potential. DUTIES & RESPONSIBILITIES: Attendance: To use MIS (BromCom) in daily role and be one of the key contacts for all attendance issues in school Years 7-11. Including students who are educated off-site (alternative provision), reduced timetable and long-term illness To support and produce daily absence reports in the case of emergency/evacuation of school with wider attendance team To support and co-ordinate registers and student count during an emergency evacuation of the school To support day to day systems and processes relating to the school attendance targets Work alongside the attendance officer to ensure that the school",administration-category,"Administration, HR, data and finance",36,"[{""page"": 36, ""query"": ""Administration, HR, data and finance"", ""route"": ""administration-category""}]",1,OK,dd3cf44058bb3d29d7301d044fca8eaeaef2d6c0c9bec52a9f522147f89ac119
2026-08-23,Teaching Vacancies,attendance-and-send-administrator-unity-primary-academy,https://teaching-vacancies.service.gov.uk/jobs/attendance-and-send-administrator-unity-primary-academy,Attendance and SEND Administrator,Unity Primary Academy,"Colchester, East of England, CO4 3QJ",CO4 3QJ,"£24,796.00 - £25,989.00 Annually (FTE) Attendance and SEND Administrator NJC SCP 3-6 FTE £24,796 - £25,989, 27.5 hours per week, Midday Assistant 2.5 hours per week NJC SCP 3 FTE £24,796",2026-07-29,2026-08-31T12:00:00+01:00,['PART_TIME'],"To improve school attendance through the effective working with pupils, families, pastoral support teams and other agencies, analysing data to guide interventions and evaluating their impact. To assist in managing SEND administration through using the school’s agreed processes for Special Educational Needs. The role includes 2.5 hours per week of midday assistant duties. The general duties for this role are to: Be responsible for the daily oversight of all attendance, absence and lateness Monitor and track attendance across the academy, including identified pupils who are of concern Support parents with attendance strategies (this may include home visits to support positive attendance) Attend review meetings with the Assistant Headteacher for Behaviour and Attitudes to review whole-school attendance and identify strategies to improve this. Carry out parent contract meetings where pupils are persistently absent Support pupils with medical needs and other issues which prevent full-time attendance by liaising with staff, parents/carers and other professionals to provide pupils with missed schoolwork. Attend relevant meetings regarding the wellbeing of specific pupils Cover a lunch dut",administration-category,"Administration, HR, data and finance",14,"[{""page"": 14, ""query"": ""Administration, HR, data and finance"", ""route"": ""administration-category""}, {""page"": 4, ""query"": ""administrator"", ""route"": ""keyword:administrator""}]",2,OK,c7be68ff481e3d927e89aeaf9debff1f84063b20eb96164201e6520039628992
2026-08-23,Teaching Vacancies,attendance-assistant-ormiston-sir-stanley-matthews-academy,https://teaching-vacancies.service.gov.uk/jobs/attendance-assistant-ormiston-sir-stanley-matthews-academy,Attendance Assistant,Ormiston Sir Stanley Matthews Academy,"Stoke-on-Trent, West Midlands, ST3 3JD",ST3 3JD,"£24,206.37 - £25,408.86 Annually (Actual) Salary Range OAT Grade 4, Point 11 - 14 (£28142 - £29540 FTE)",2026-08-11,2026-09-01T09:00:00+01:00,['PART_TIME'],"Be part of a team where passion meets purpose, as we work together where the challenge is greatest to change the lives and build the futures of children and young people. At Ormiston Sir Stanley Matthews Academy, we are seeking a proactive, compassionate and resilient Attendance Assistant to join our dedicated Attendance Team. Working closely with the Attendance Officer, Assistant Principal for Attendance and wider pastoral teams, you will play a key role in promoting excellent attendance, reducing persistent absence and ensuring every student has the opportunity to access the education they deserve. You will help build positive relationships with students and families, carrying out welfare checks and home visits, supporting first-day response procedures and working collaboratively to identify and overcome barriers to attendance. Through your work, you will help create a culture where attendance is valued, expectations are high and every child feels supported to attend, engage and succeed. The successful candidate will possess strong literacy, numeracy, communication and IT skills, together with excellent organisational skills and the ability to maintain accurate records. You will",administration-category,"Administration, HR, data and finance",22,"[{""page"": 22, ""query"": ""Administration, HR, data and finance"", ""route"": ""administration-category""}]",1,OK,a3c1ec846f5b02dfa4b6105e6789bbec60819690a0edc8d14ff7edc6fb0f36b7
2026-08-23,Teaching Vacancies,attendance-lead-fred-nicholson-school,https://teaching-vacancies.service.gov.uk/jobs/attendance-lead-fred-nicholson-school,Attendance Lead,Fred Nicholson School,"Swaffham, East of England, PE37 7BB",PE37 7BB,"£29,064-£31,022 FTE",2026-08-13,2026-09-07T01:00:00+01:00,['FULL_TIME'],"Tel: 01760 693915 Email: hr@frednicholson.norfolk.sch.uk Website: https://www.frednicholson.norfolk.sch.uk Headteacher: Heidi Philpott Salary – Scale F, £29,064-£31,022 FTE Permanent Full Time 37 hours per week Term Time plus 2 weeks Join the Team at Fred Nicholson School Make a real difference in the lives of amazing young people. Are you ready for an opportunity that truly matters? We are looking for dedicated Attendance Lead to join our friendly, supportive, and imaginative team. Whether you’re an experienced educator or someone with a passion for SEN looking to start a new career, we’d love to hear from you. To lead and drive a whole-school approach to attendance and inclusion, ensuring that all pupils, particularly the most vulnerable, attend regularly, feel included and are fully able to access learning and achieve. The postholder will work both strategically and operationally to identify and remove barriers to attendance, promote an inclusive culture and ensure that no child is overlooked. To champion, manage, and improve pupil attendance and engagement across the school. In a complex needs environment, barriers to attendance are rarely simple. The Attendance Lead will take",administration-category,"Administration, HR, data and finance",38,"[{""page"": 38, ""query"": ""Administration, HR, data and finance"", ""route"": ""administration-category""}]",1,OK,bcc9dad6af0f670b95cc4ec04f7a0049256e0abd87d8eeae1e63818cdfd28556
2026-08-23,Teaching Vacancies,attendance-officer-1cc7b9ae-114c-4858-8cb8-4caae38307df,https://teaching-vacancies.service.gov.uk/jobs/attendance-officer-1cc7b9ae-114c-4858-8cb8-4caae38307df,Attendance Officer,Harlington School,"Hayes, London, UB3 1PB",UB3 1PB,"Scale 3, £29,436 fte (subject to pro rata)",2026-07-06,2026-08-26T23:59:00+01:00,['FULL_TIME'],"We are seeking a proactive, organised and approachable Attendance Officer to join our dedicated pastoral team. This is a key role within the school, helping to ensure every student has the best opportunity to succeed through excellent attendance and punctuality. Working closely with students, families, staff and external agencies, you will monitor attendance daily, identify emerging concerns, provide early intervention and support, and contribute to improving attendance across the school. You will build positive relationships with parents and carers, maintain accurate attendance records, and ensure that attendance concerns are addressed promptly, recognising the vital link between attendance, safeguarding, wellbeing and academic achievement. Alongside attendance responsibilities, you will also support the school's admissions processes, including student admissions, transition arrangements and maintaining accurate records. This role would suit someone who is highly organised, confident communicating with a wide range of people, able to work effectively under pressure, and committed to making a positive difference to the lives of young people. If you thrive in a fast-paced environmen",administration-category,"Administration, HR, data and finance",7,"[{""page"": 7, ""query"": ""Administration, HR, data and finance"", ""route"": ""administration-category""}]",1,OK,147afe7051579a352ca13e6f15910ad5a58302da3d6d214bbdefd209effaf9c0
2026-08-23,Teaching Vacancies,attendance-officer-4efd19d4-57e0-4ca7-b2db-17e1d24f0087,https://teaching-vacancies.service.gov.uk/jobs/attendance-officer-4efd19d4-57e0-4ca7-b2db-17e1d24f0087,Attendance Officer,Prince Albert Junior and Infant School,"Birmingham, West Midlands, B6 5NH",B6 5NH,"£10,887.00 - £12,048.00 Annually (Actual)",2026-08-13,2026-09-06T23:59:00+01:00,['PART_TIME'],"ATTENDANCE OFFICER GRADE 2, SCALE POINT 3-8 £10,887 - £12,048 12 Months Fixed Term 18.25 hours per week Start time between 7.30am and 8am (exact start time to be agreed at interview) Term Time Only The Prince Albert Community Trust (PACT) is seeking to appoint a committed, motivated and passionate Attendance Officer to join our dedicated team on a fixed‑term basis at Prince Albert Junior and Infant School. This is an exciting opportunity to become part of a forward‑thinking and innovative Multi Academy Trust (MAT) that places children, community and professional growth at the centre of everything we do. PACT is a thriving and ambitious family of schools consisting of Prince Albert Primary School, Heathfield Primary School, Highfield J&I School, Birchfield Primary School, Lakey Lane, Sutton Park Primary, and Prince Albert High School. We are proud of our fantastic pupils, supportive governors, dedicated Trustees and strong community partnerships. As a developing and steadily growing MAT, we offer real opportunities for professional development and internal promotion. The Role As our Attendance Officer, you will play a vital role in championing excellent attendance across our school",administration-category,"Administration, HR, data and finance",38,"[{""page"": 38, ""query"": ""Administration, HR, data and finance"", ""route"": ""administration-category""}]",1,OK,eaad972636101473ea20c68fefdda4dc644a5aa3dc4c3a5fede74521be5f7ab1
2026-08-23,Teaching Vacancies,attendance-officer-af35235c-b4c2-4ef0-9706-890c839e4f10,https://teaching-vacancies.service.gov.uk/jobs/attendance-officer-af35235c-b4c2-4ef0-9706-890c839e4f10,Attendance Officer,Walton High,"Milton Keynes, South East, MK7 7WH",MK7 7WH,"£27,693.00 - £31,021.00 Annually (FTE)",2026-08-21,2026-09-03T23:59:00+01:00,['PART_TIME'],"5 Dimensions Trust is currently advertising for the following exciting position to start at Walton High Attendance Officer To commence ASAP Permanent Part Time -Term time only Salary: 5DT Grade 5 £27,693 - £31,021 pro rata, £24,032 - £26,920 actual 37 hours per week, term time plus training days (39 weeks per year) Mon - Thurs 8.00am - 4.00pm and Fri 8.00am - 3.30pm An excellent opportunity has arisen for a highly efficient and organised person to become the Attendance Officer for the school. You will be responsible for processing and monitoring the attendance of students. You will work closely with the Pastoral team to escalate persistent and concerning issues so that support can be offered to students. Attention to detail is essential as is the ability to work to tight deadlines. Although not essential, experience dealing with attendance within an education setting would be advantageous but full training will be given. The ideal candidate will: - need to be a proficient IT user with the ability to work efficiently with a high degree of accuracy. be highly organised have excellent communication skills that allows you to inform and advise others want to make a difference to the chi",administration-category,"Administration, HR, data and finance",32,"[{""page"": 32, ""query"": ""Administration, HR, data and finance"", ""route"": ""administration-category""}]",1,OK,cc1ea49c19cce27da7e766345dac4a736c92817c95e63199775f32e344ef5e4c
2026-08-23,Teaching Vacancies,attendance-officer-coombe-girls-school,https://teaching-vacancies.service.gov.uk/jobs/attendance-officer-coombe-girls-school,Attendance Officer,Coombe Girls' School,"New Malden, London, KT3 3TU",KT3 3TU,"£21,039.00 - £22,270.00 Annually (Actual) Outer London Grade D5 to D9",2026-07-17,2026-09-02T23:59:00+01:00,['FULL_TIME'],"Coombe Girls’ School and Sixth Form is a comprehensive girls’ state secondary school, with a co-educational Sixth Form. The school is heavily oversubscribed and is committed to providing an excellent education to children in the local area. We are proud of the progress our students make from their starting points during their time with us: the school’s GCSE Progress 8 score in 2024 was +0.7, and the progress of our 2025 cohort was in the top 25% of the country. The school is proud to be part of the Coombe Academy Trust. Our school is vibrant and diverse, serving the local area of New Malden. We value every individual and the rich wealth of experience, knowledge, values and beliefs they bring to our school. The experience and talent you will bring to our school will ensure we continue to provide the best education for our students and further increase the breadth of opportunity for the next generation. We particularly encourage applications from colleagues in underrepresented groups and welcome conversations about flexible working opportunities. We are looking for an organised, proactive and approachable individual to join our School Office team as an Attendance Officer. The success",administration-category,"Administration, HR, data and finance",29,"[{""page"": 29, ""query"": ""Administration, HR, data and finance"", ""route"": ""administration-category""}]",1,OK,1ca0db19fc3c43e9e4cc41bb0682f9e50231436fe5d808f061be42e81ba394f2
2026-08-23,Teaching Vacancies,attendance-officer-diss-church-of-england-junior-academy-diss,https://teaching-vacancies.service.gov.uk/jobs/attendance-officer-diss-church-of-england-junior-academy-diss,Attendance Officer,Diss Church of England Junior Academy,"Diss, East of England, IP22 4NT",IP22 4NT,"£9,168 - £9,772 actual pa",2026-08-20,2026-09-04T01:00:00+01:00,['PART_TIME'],"Part of the Diocese of Norwich St Benet’s MAT and the Diss and Scole Primary Academy Partnership Primary location Diss CE Junior Academy, but will be required to work at Diss Infant Academy and Nursery and Scole CE Primary Academy Tel: 01379 642675 Email: sbm@dissandscole.stbenets.org Salary - Support Staff, Pay Points: 7-11, £9,168 - £9,772 actual pa (£26,403 - £28,142 FTE) Permanent Part time 15 hours per week Term time plus one week Required for 11 September 2026 (or as soon after as possible) Are you a people person with great organizational skills? Join our team as an Attendance Officer and become the supportive bridge between our schools, pupils, and families! You will work closely with parents and school leaders to encourage high attendance, build strong relationships, and help every child thrive in their education. We are a partnership of three schools in Diss and Scole who work closely together to provide a caring environment for our children to achieve their best. What You’ll Do Build warm, positive relationships with parents, offering guidance and conducting home visits when needed. Meet with parents to offer support and challenge to address attendance issues Keep accura",administration-category,"Administration, HR, data and finance",32,"[{""page"": 32, ""query"": ""Administration, HR, data and finance"", ""route"": ""administration-category""}]",1,OK,143b7a8d39f562c4fbb73c37bf1ced97141434d5d5480a6c8bf6dc17b1631113
2026-08-23,Teaching Vacancies,attendance-officer-level-4-longford-primary-academy,https://teaching-vacancies.service.gov.uk/jobs/attendance-officer-level-4-longford-primary-academy,Attendance Officer - Level 4,Longford Primary Academy,"Cannock, West Midlands, WS11 1PD",WS11 1PD,"£25,185.00 - £26,403.00 Annually (FTE) Mornings, Monday to Friday - pro rata, term time",2026-07-14,2026-09-10T12:00:00+01:00,['PART_TIME'],"The St Bart's Multi Academy Trust, in partnership with Governors, staff and children of Longford Primary Academy are seeking to appoint a highly motivated and enthusiastic individual to join our hard working and committed team. At Longford Primary Academy our children come first. High expectations, mutual trust and respect are underpinned by a warm, supportive ethos. In the best interests of our children we work very closely with our partner Academies. The successful candidate will be working alongside a team of caring, enthusiastic, dedicated staff, who are well-supported by their Senior Leadership Team. St Bart’s Multi Academy Trust is committed to safeguarding and promoting the welfare of children and young people and expect all staff and volunteers to share this commitment. This position is subject to an Enhanced Disclosure check under the Rehabilitation of Offenders Act 1974. Further details regarding this check are available from schools. More information on St Bart’s Multi Academy Trust including our Prospectus and Safeguarding Policy can be found on our website https://sbmat.org. Job Purpose: To manage refurbishment, expansion and other building advancements in terms of bid",administration-category,"Administration, HR, data and finance",45,"[{""page"": 45, ""query"": ""Administration, HR, data and finance"", ""route"": ""administration-category""}]",1,OK,f4455e989e4688917fb04cf60d807f41123d5838dd0489c9c68ac8053e655aee
2026-08-23,Teaching Vacancies,attendance-officer-okehampton-college-okehampton-devon,https://teaching-vacancies.service.gov.uk/jobs/attendance-officer-okehampton-college-okehampton-devon,Attendance Officer,Okehampton College,"Okehampton, South West, EX20 1PW",EX20 1PW,"£23,560.00 - £25,119.00 Annually (Actual) NJC Grade D. Range 8 to 12",2026-07-31,2026-09-09T12:00:00+01:00,['PART_TIME'],"Okehampton College are seeking an enthusiastic and committed attendance officer to support students being in school more often The Oke Way: At Okehampton College, we believe in the power of education to transform lives. We are dedicated to creating a strong sense of belonging, where students, staff and families work together to achieve academic excellence and personal growth. The Oke Way underpins everything we do: inspiring our students to care about themselves and others, take ownership of their learning, and treat each other with care and compassion. Our Trust comprises of 19 schools, 3 Colleges, 15 Primaries, and one All Through SEMH Special school. Established in 2018. We are situated in beautiful Devon on the out the outskirts of the stunning Dartmoor National Park. The schools vary in size and are all unique. Our schools are a large part of their local communities, and we value those relationships with families and locals. The Trust was created to enable schools and staff to work closely together in providing the best education possible for our children. We achieve this through meaningful collaboration both within our schools and beyond our Trust to ensure schools are able t",administration-category,"Administration, HR, data and finance",44,"[{""page"": 44, ""query"": ""Administration, HR, data and finance"", ""route"": ""administration-category""}]",1,OK,1d1911698055c7b815976a7bcebfacce22076b5e63e0d1a6aa4fc8fadd94b9aa
2026-08-23,Teaching Vacancies,attendance-officer-studfall-infant-academy,https://teaching-vacancies.service.gov.uk/jobs/attendance-officer-studfall-infant-academy,Attendance Officer,Studfall Infant Academy,"Corby, East Midlands, NN17 2BP",NN17 2BP,"£25,583.00 - £25,989.00 Annually (FTE) salary grade - GAT 4, hours per week - 31, weeks per year - 39",2026-08-05,2026-09-04T23:59:00+01:00,['FULL_TIME'],"We are looking for an Attendance Officer to join our team here at Studfall Infants! Monday to Thursday hours - 08:30 - 15:00 Friday 08:00 - 15:30 Hours to be confirmed as changes maybe needed. In return we have multiple benefits for our talented and highly valued people: Alongside nationally agreed terms and conditions, we offer a generous benefits package. Here's a selection of what's on offer to our people in recognition of the huge difference they make to our children, their families and the communities we serve. Access to Benefit Hub - the world’s largest discount marketplace A free Wellbeing Gateway platform and mobile app A free, 24/7 Employee Assistance Programme - confidential & compassionate support when you need it Lease a brand‑new or pre‑loved hybrid vehicle through our Salary Sacrifice Car Scheme Train & qualify as a Mental Health First Aider. We aim to have a qualified Mental Health First Aider in each academy Supporting your professional development through CPD, Apprenticeships, Upskilling and Professional Review Generous public sector pension schemes for everyone Eye tests & Spectacles Discount Family friendly policies and time off for dependants Dedicated ECT suppo",administration-category,"Administration, HR, data and finance",36,"[{""page"": 36, ""query"": ""Administration, HR, data and finance"", ""route"": ""administration-category""}]",1,OK,c0bebdbecc75f67eead992acddb4bef3f818090c26a3a43fc6b8a897324bf396
2026-08-23,Teaching Vacancies,attendance-officer-trinity-academy,https://teaching-vacancies.service.gov.uk/jobs/attendance-officer-trinity-academy,Attendance Officer,Trinity Academy,"Doncaster, Yorkshire and the Humber, DN8 5BY",DN8 5BY,"£25,230.00 Annually (Actual) Scale point 11, Actual Annual Salary £25,230.38 (0.87% FTE, Full Time Equivalent)",2026-08-10,2026-08-24T09:00:00+01:00,['FULL_TIME'],"Attendance Officer Term Time Plus 5 Additional Days, Monday - Friday, 8.00am to 4.00pm, 37.5 Hours Per Week Salary Scale 11, Actual Annual Salary: £25,230.38 (0.87% FTE, Full Time Equivalent) Trinity Academy have an exciting opportunity for an enthusiastic and motivated individual to join our attendance team to help us deliver an even better service to the staff and students. This is a key post within the school which requires dedication and a highly efficient and responsible approach, providing support and guidance to the staff, students and parents and carers on a range of attendance and administration functions. We are looking for a team member who: has a strong work ethic, high personal work standards and an attention to detail; is able to work as a member of a team in order to deliver the team’s objectives, with good interpersonal skills; has a positive attitude and embraces change leading to improvement; experience of and/or is willing to working in a fast paced environment . We have high expectations for our students as they grow and develop and all our staff provide important role models to them in terms of positive attitude, work ethic and diligence. Further information is",administration-category,"Administration, HR, data and finance",3,"[{""page"": 3, ""query"": ""Administration, HR, data and finance"", ""route"": ""administration-category""}]",1,OK,4ff32272562a7eba5ade77fe1f598be5039464453ead764598454781da908091
2026-08-23,Teaching Vacancies,attendance-support-officer-st-gabriel-s-rc-high-school-a-voluntary-academy,https://teaching-vacancies.service.gov.uk/jobs/attendance-support-officer-st-gabriel-s-rc-high-school-a-voluntary-academy,Attendance Support Officer,"St Gabriel's RC High School, a Voluntary Academy","Bury, North West, BL9 0TZ",BL9 0TZ,"Grade 4, scp 7-11 £22,911 - £24,420 (£26,403-£28,142 FTE)",2026-08-20,2026-09-11T23:59:00+01:00,"['FULL_TIME', 'TEMPORARY']","Main Duties & Responsibilities: To be responsible for the administration of student attendance within Arbor, ensuring all registers are completed. Check registers every morning and contact parents/guardians on the first day of absence or as soon as possible thereafter. Liaise with parents/ guardians for updates on student’s attendance – including making and receiving phone calls/ voicemails/ text messages. To record and monitor late arrivals – including signing in late pupils on InVentry system and importing data into Arbor. To attend and participate in administration and pastoral meetings as required. To liaise with the early intervention team, social workers, or other professionals as required. Liaise directly with the appropriate Heads of Year or pastoral care officers, updating them with information and causes for concern. To attend home visits for poor attendance. To manage school correspondence in respect of attendance, issuing letters and liaising with staff as appropriate. To provide relevant reports / analysis in preparation for meetings. To provide accurate attendance reports and statistics, thereby ensuring that information is available for internal and external use. To",administration-category,"Administration, HR, data and finance",46,"[{""page"": 46, ""query"": ""Administration, HR, data and finance"", ""route"": ""administration-category""}]",1,OK,f109cdcfbd5dffa499a04f28d536a2e598795cbc8a02f682b136ca1bed56eaae
2026-08-23,Teaching Vacancies,behaviour-support-administrator-the-douay-martyrs-catholic-school,https://teaching-vacancies.service.gov.uk/jobs/behaviour-support-administrator-the-douay-martyrs-catholic-school,Behaviour Support Administrator,The Douay Martyrs Catholic School,"Uxbridge, London, UB10 8QY",UB10 8QY,£27.752 pa,2026-08-20,2026-08-31T23:59:00+01:00,['FULL_TIME'],"The Behaviour Support Administrator is a key member of the Pastoral Team, responsible for the day-to-day operation of the Blessed Anthony Page Hub (Referral Room). The postholder will provide behavioural, pastoral, and administrative support to students and staff, ensuring that the Hub provides a calm, structured, and purposeful environment where students can reflect on their behaviour, remain engaged in learning, and develop positive attitudes towards school life. The role combines student supervision, behaviour administration, intervention support, and safeguarding responsibilities, contributing directly to the school's commitment to high standards of behaviour, attendance, achievement, and student wellbeing. At The Douay Martyrs Catholic Secondary School, we are committed to delivering quality education rooted in our Catholic ethos. Our mission is to provide a supportive environment that inspires and challenges students to reach their full potential. We believe that alongside excellent teaching, dedicated support staff play a vital role in nurturing our students’ spiritual, emotional, and social development. Through teamwork and professionalism, our support staff ensure that the",keyword:administrator,administrator,5,"[{""page"": 5, ""query"": ""administrator"", ""route"": ""keyword:administrator""}]",1,OK,55c4732c3d888fec3c5dedc2ad5ff6b84ee00c763477cdc2c3ef2386d540c3ce
2026-08-23,Teaching Vacancies,business-administration-apprentice-st-regis-church-of-england-academy-wolverhampton-west-midlands,https://teaching-vacancies.service.gov.uk/jobs/business-administration-apprentice-st-regis-church-of-england-academy-wolverhampton-west-midlands,Business Administration Apprentice,St Regis Church of England Academy,"Wolverhampton, West Midlands, WV6 8XG",WV6 8XG,National Apprenticeship Wage,2026-07-08,2026-08-31T09:00:00+01:00,['FULL_TIME'],"St Regis is Growing! St Regis Church of England Academy joined Three Spires Trust in April 2023 and offers families a first-class education whilst promoting values of love and respect. Upon our partnership with St Peter’s Collegiate Academy through joining Three Spires, we launched a joint sixth form provision. In addition, there are many other exciting developments taking place at the academy which will see it go from strength to strength. Because of these developments, St Regis is growing and therefore looking for exceptional and passionate individuals to join its established staff body. The is an excellent opportunity to join a thriving academy in an exciting part of its journey towards becoming a City-leading school. Applicants must complete the application form via My New Term - we cannot accept CVs. When applying, please complete all sections of the application form and ensure that you do not leave any gaps in your qualifications/work history and that you give details of any periods not accounted for by full time employment, education or training. Forms with missing sections and/or gaps may not be considered. We strongly encourage all candidates to take the opportunity of vis",administration-category,"Administration, HR, data and finance",13,"[{""page"": 13, ""query"": ""Administration, HR, data and finance"", ""route"": ""administration-category""}]",1,OK,71e70d74998bca7cce0293fa0a9c95eb6d6eacb612b46b8da32ddeb515514f75
2026-08-23,Teaching Vacancies,business-and-administration-apprentice,https://teaching-vacancies.service.gov.uk/jobs/business-and-administration-apprentice,Business and Administration Apprentice,Glenmoor Academy,"Bournemouth, South West, BH10 4EX",BH10 4EX,"£13,461.00 - £18,054.00 Annually (Actual) Term time only",2026-07-16,2026-08-31T23:59:00+01:00,['FULL_TIME'],"Business and Administration Apprentice Hours : 37.5 hours per week - Term Time Only Contract: Duration of apprenticeship Salary : TBC - Apprenticeship Rates (Depending on Age) £13,461 - £18,054 pro rata, per annum (full-time equivalent between £15,600 and £20,923 per annum) Start date :ASAP Glenmoor & Winton Academies are looking to appoint an enthusiastic, versatile and reliable person to join our Teaching School Hub team, working 37.5 hours per week, 08.00 to 16.00hrs Monday to Friday, term time only. You will report to and assist the Teaching School Hub Director; the role will initially be offered on an apprenticeship basis. However, there may be opportunity for this to extend and become permanent. The main responsibilities will be running the website and social media sites for the TSH, meeting and greeting visitors, and undertaking a range of clerical and administrative support tasks which will vary from day to day. Applicants should be flexible, conscientious and able to work with minimum supervision once trained. Confidence communicating on the phone and face to face with visitors is imperative, undertaking administrative duties is also essential. The successful candidate wil",administration-category,"Administration, HR, data and finance",17,"[{""page"": 17, ""query"": ""Administration, HR, data and finance"", ""route"": ""administration-category""}, {""page"": 19, ""query"": ""Administration, HR, data and finance"", ""route"": ""administration-category""}]",2,OK,c9bafd0c46b726ea184b41cbdb29ec00a259b1ed3800d08ed0d77ec8d8c90d94
2026-08-23,Teaching Vacancies,business-manager-st-anthony-s-girls-catholic-academy,https://teaching-vacancies.service.gov.uk/jobs/business-manager-st-anthony-s-girls-catholic-academy,Business Manager,St Anthony's Girls' Catholic Academy,"Sunderland, North East, SR2 7JN",SR2 7JN,"£37,280.00 - £40,777.00 Annually (Actual)",2026-08-04,2026-09-07T12:00:00+01:00,['FULL_TIME'],"At St Anthony’s Girls’ Catholic Academy we look to inspire and develop all members of our community on a journey through faith and learning. We strive to achieve excellence and overcome challenges through mutual respect and consideration. Our workload charter sets the tone for what we stand for as a Trust and sets out our commitment in relation to staff workload and wellbeing. This supports our overall mission of creating: Better Schools, Better Communities and Better Futures in Christ. St Anthony’s Girls’ Catholic Academy is part of Bishop Chadwick Catholic Education Trust which is one of four Trusts in the Diocese of Hexham and Newcastle. The Trust includes five Secondary and twenty-five Primary Schools across South Tyneside, Sunderland and East Durham. Bishop Chadwick Catholic Education Trust safeguards and protects its students and staff by being committed to respond in accordance with South Tyneside Child Protection Procedures. Enhanced DBS checks are mandatory for all school staff. All application documents should be fully completed and submitted by email to recruitment@staga.co.uk by Monday 7th September 2026. Applications are required and CV’s will not be accepted. For enqu",administration-category,"Administration, HR, data and finance",41,"[{""page"": 41, ""query"": ""Administration, HR, data and finance"", ""route"": ""administration-category""}]",1,OK,f3190bafb10425ccdeb4bcfbd2ec67e7eccac189d20b0143d58d50af53679da0
2026-08-23,Teaching Vacancies,business-manager-the-chalk-hills-academy-luton-bedfordshire,https://teaching-vacancies.service.gov.uk/jobs/business-manager-the-chalk-hills-academy-luton-bedfordshire,Business Manager,The Chalk Hills Academy,"Luton, East of England, LU4 0NE",LU4 0NE,"£40,172.00 - £45,401.00 Annually (Actual) AS 29-34 £40,172-£45,401 dependent on experience",2026-07-17,2026-09-01T08:00:00+01:00,['FULL_TIME'],"Business Manager JOB PURPOSE Responsible for planning, monitoring and managing the day-to-day operations and prioritising needs of the school. Additionally, responsible for managing relationships and contracts with Advantage School’s suppliers. This includes designing and implementing supplier processes and policies, leading quality assurance, and leading outsourced suppliers in ensuring excellent customer service and value for money is achieved. Understanding that the Business Manager role is responsible to creating excellent conditions for students to learn and for staff members to thrive. Learning takes priority over all other matters - the role of the Business Manager is ensuring the building is optimised to enable this. Helping create the right conditions for learning throughout the school for both staff and students. MAIN DUTIES AND RESPONSIBILITIES: Operational Monitoring and managing the day-to-day operational performance of the school, ensuring that systems and processes are working effectively, addressing any issues or escalating them to the relevant person as required. Responsible for the creation, monitoring and testing of the school’s business continuity planning arran",administration-category,"Administration, HR, data and finance",20,"[{""page"": 20, ""query"": ""Administration, HR, data and finance"", ""route"": ""administration-category""}]",1,OK,998eb0060bacea6ebcbad09a893aa959c290839e7f2cae0c9b349aa0129ce82e
2026-08-23,Teaching Vacancies,business-operations-compliance-officer,https://teaching-vacancies.service.gov.uk/jobs/business-operations-compliance-officer,Business Operations & Compliance Officer,Little Way Catholic Educational Trust,"Cheltenham, GL51 6SH",GL51 6SH,"£37,820.00 - £40,777.00 Annually (FTE) + Inflationary Pay Increases",2026-07-20,2026-09-11T23:59:00+01:00,['FULL_TIME'],"The role where organisation meets impact, and no two days are ever the same! Are you the kind of person who thrives on variety, loves solving problems, enjoys building relationships, and somehow manages to keep multiple plates spinning without breaking a sweat? Do you believe that compliance isn't about ticking boxes….it's about creating safe, successful environments where people can flourish? If so, we might have just found your next adventure! Why This Role Matters At Little Way Catholic Educational Trust, we're on a mission to create exceptional schools where children, staff and communities can thrive. Behind every successful school is a strong operational foundation, and that's where you come in. As our Business Compliance & Operations Officer, you'll be at the heart of the Trust, helping ensure our schools remain safe, compliant and ready for whatever comes next. You'll work closely with school business leaders, administrators and our Chief Finance Officer, acting as a trusted advisor, problem solver, critical friend and champion of continuous improvement. This isn't a role for someone who likes every day to look the same. One morning you could be supporting a Headteacher with",administration-category,"Administration, HR, data and finance",46,"[{""page"": 46, ""query"": ""Administration, HR, data and finance"", ""route"": ""administration-category""}]",1,OK,06f9190294b58ff8982ebbc2da2caaa1301554cbcae9d79798881b3714856cbd
2026-08-23,Teaching Vacancies,business-operations-manager-413517e7-030b-4c0b-a449-aa50a5c7fe51,https://teaching-vacancies.service.gov.uk/jobs/business-operations-manager-413517e7-030b-4c0b-a449-aa50a5c7fe51,Business Operations Manager,St Matthew's Church of England Primary Academy,"Preston, North West, PR1 5XB",PR1 5XB,"£36,363.00 - £39,152.00 Annually (FTE) NJC Scalepoint 25 to 28",2026-08-10,2026-09-03T12:00:00+01:00,['FULL_TIME'],"Business Operations Manager 37 hours per week, Full Time Permanent All Year Round, 52.13 weeks per year St Matthew's Church of England Primary Academy are seeking to appoint a Business Operations Manager who will play a key role in supporting the academy’s strategic and operational objectives by ensuring administrative, site, ICT and financial systems are efficient, compliant and responsive to need. The postholder will contribute towards strong organisational practice, support senior leaders in meeting statutory and Trust requirements, and helps maintain effective communication, data management and service delivery across the school. The role supports continuous improvement by promoting consistency, accuracy and professionalism in all administrative functions, both within the academy and, where required, across the Trust. This role is vital in providing the Trust with assurance at a local Academy level that all appropriate business and operations functions are being delivered in a compliant and statutory manner. Whilst reporting directly to the Headteacher, this role will work closely with Trust officers and the wider School Business Professional's team to ensure the Trust's statut",administration-category,"Administration, HR, data and finance",31,"[{""page"": 31, ""query"": ""Administration, HR, data and finance"", ""route"": ""administration-category""}]",1,OK,4b2acec3cb93b9471a4d4168ba750ba8b74a67fbcccf4885c4cb67bbe7129e75
2026-08-23,Teaching Vacancies,business-operations-manager-baines-endowed-church-of-england-primary-academy-blackpool-lancashire,https://teaching-vacancies.service.gov.uk/jobs/business-operations-manager-baines-endowed-church-of-england-primary-academy-blackpool-lancashire,Business Operations Manager,Baines' Endowed Church of England Primary Academy,"Blackpool, North West, FY4 4DJ",FY4 4DJ,"£36,363.00 - £39,152.00 Annually (FTE) NJC Scalepoint 25 to 28",2026-07-23,2026-09-04T23:59:00+01:00,['FULL_TIME'],"Business Operations Manager 37 hours per week, Full Time Permanent Term Time plus 4 weeks, 48.11 weeks per year Baines' Endowed Church of England Primary Academy are seeking to appoint a Business Operations Manager, who will play a key role in supporting the academy’s strategic and operational objectives by ensuring administrative, site, ICT and financial systems are efficient, compliant and responsive to need. The postholder will contribute towards strong organisational practice, support senior leaders in meeting statutory and Trust requirements, and help maintain effective communication, data management and service delivery across the school. The role supports continuous improvement by promoting consistency, accuracy and professionalism in all administrative functions, both within the academy and, where required, across the Trust. This role is vital in providing the Trust with assurance at a local Academy level that all appropriate business and operations functions are being delivered in a compliant and statutory manner. Whilst reporting directly to the Headteacher, this role will work closely with Trust Officers and the wider School Business Professionals Team to ensure the Trus",administration-category,"Administration, HR, data and finance",35,"[{""page"": 35, ""query"": ""Administration, HR, data and finance"", ""route"": ""administration-category""}]",1,OK,dbc769551fa62e861189495827ce3e3f2fee7e7e30b1f56ab10249809c4a8cc4
2026-08-23,Teaching Vacancies,business-support-glebe-farm-school,https://teaching-vacancies.service.gov.uk/jobs/business-support-glebe-farm-school,Business Support,Glebe Farm School,"Milton Keynes, South East, MK17 8XY",MK17 8XY,"£26,824.00 Annually (FTE)",2026-07-24,2026-09-07T12:00:00+01:00,['PART_TIME'],"Business Support Part time, Permanent 37 hours per week, 41 weeks per year Grade D (£26,824 FTE) Glebe Farm School is a newly established, purpose-built all-through school located in the thriving community of Glebe Farm. Once fully operational, the school will accommodate up to 1,569 pupils. As part of the Inspiring Futures through Learning Multi-Academy Trust, we are committed to delivering an outstanding 21st-century curriculum to all our pupils. We are seeking a highly organised and motivatedAdministrator to join our busy and supportive school environment. This is an exciting opportunity for an experienced administrator who thrives in a fast-paced setting and enjoys providing exceptional support to colleagues, pupils, parents, and visitors. Key responsibilities: Deliver effective and efficient administrative support across the school, ensuring processes, records, and communications are managed accurately and professionally. Provide administrative assistance for HR, admissions, meetings, educational visits, and other key operational activities that contribute to the smooth running of the school Manage and update electronic and manual information systems, ensuring records are accu",administration-category,"Administration, HR, data and finance",41,"[{""page"": 41, ""query"": ""Administration, HR, data and finance"", ""route"": ""administration-category""}]",1,OK,9121eb4b3d52299570d0fdc8e37e96fb4b4c2f9fcc6541df4df09a8fa67ead85
2026-08-23,Teaching Vacancies,business-support-manager-81894eca-540a-4c37-9aa9-e636b35a6199,https://teaching-vacancies.service.gov.uk/jobs/business-support-manager-81894eca-540a-4c37-9aa9-e636b35a6199,Business Support Manager,Grange Primary Academy,"Kettering, East Midlands, NN16 0PL",NN16 0PL,"£30,000.00 Annually (Actual)",2026-08-10,2026-09-06T23:59:00+01:00,['FULL_TIME'],"At Grange Primary Academy, we are looking for a Business Support Manager to support our wonderful staff and children. We have a great reputation for having a forward-thinking philosophy and a vibrant, positive culture. In a friendly and welcoming school, with supportive colleagues, you will be able to make a real impact on our academy, and on the lives of children across our community. To join us, you’ll need to be an outstanding, experienced and ambitious practitioner, committed to wellbeing, safeguarding and the achievement of all. Your enthusiastic approach and excellent communication skills set you apart. In return we’ll offer you: A small one form entry family orientated school Great staff team ethos who are prepared to go the extra mile for our children An enhanced benefits package through Westfield Benefits Medical Cash Plan through Westfield Health On average a 10% higher salary than LA and academy schools 8 INSET days per year, 3 or which are solely dedicated for staff to plan Great CPD all year round and opportunities for career development Since becoming an academy in 2013 Grange Primary Academy has seen many exciting changes, going from strength to strength, while still",administration-category,"Administration, HR, data and finance",37,"[{""page"": 37, ""query"": ""Administration, HR, data and finance"", ""route"": ""administration-category""}]",1,OK,d5e2081aad135edd074618539d5351432162d52e68ff74124d31e5660312657b
2026-08-23,Teaching Vacancies,business-support-manager-beck-primary-school,https://teaching-vacancies.service.gov.uk/jobs/business-support-manager-beck-primary-school,Business Support Manager,Beck Primary School,"Sheffield, Yorkshire and the Humber, S5 0GG",S5 0GG,"£36,246 - £39,614 per annum (pending NJC Pay award)",2026-07-16,2026-09-10T23:59:00+01:00,['FULL_TIME'],"Beck Primary School is seeking an exceptional Business Support Manager to join our dedicated team. This is a fantastic opportunity for an organised, proactive and highly motivated professional to play a key role in the smooth and successful operation of our school. As part of Cascade Multi Academy Trust, you will contribute to our vision of transforming the life chances of children, providing safe and inspiring learning environments and making a positive impact within our local communities. The Role You will lead and manage the school's business and administrative functions, ensuring effective systems, processes and support services are in place to enable pupils and staff to succeed. Key responsibilities include: Leading and developing administrative systems and procedures. Managing support staff, including recruitment, induction, appraisal and training. Supporting financial planning, budgeting and expenditure monitoring. Managing payroll administration and key reporting processes. Overseeing facilities, premises, lettings, contracts, licences and insurance. Providing advice and support to school leaders and governors. Ensuring compliance with health and safety, data protection and",administration-category,"Administration, HR, data and finance",45,"[{""page"": 45, ""query"": ""Administration, HR, data and finance"", ""route"": ""administration-category""}]",1,OK,c88cc7bd7ba850d5c1269aaf61d30932a98e688fd08c92990eb7f0b13899544e
2026-08-23,Teaching Vacancies,business-support-officer-2ea7277a-9574-40f3-acf2-2f61fc716fd1,https://teaching-vacancies.service.gov.uk/jobs/business-support-officer-2ea7277a-9574-40f3-acf2-2f61fc716fd1,Business Support Officer,Springwell Special Academy,"Barnsley, Yorkshire and the Humber, S71 2AY",S71 2AY,"£9,289.00 - £9,901.00 Annually (Actual) Grade 4 Term time plus 5 days",2026-07-22,2026-08-26T23:59:00+01:00,['PART_TIME'],"Business Support Officer Barnsley, South Yorkshire £9,289 - £9,901 Grade 4 15 hours p/w term time ONLY + 2 inset days ABOUT US Springwell Learning Community is the umbrella name for Springwell Special Academy and Springwell Alternative Academy. Springwell Special Academy provides cross-phase education for Barnsley children with social, emotional and mental health difficulties SEMH. Our school is proud to offer a supportive team; high quality personalised training and an opportunity to work with utterly fabulous children as outlined in our VALUES - KINDNESS - COURAGE - CURIOSITY - PRIDE THE ROLE As a Business Support Officer you will be a part of an amazing team. You need to be a good communicator, have administration experience, strong IT skills and the ability to be flexible and proactive across our large special school. This role covers a diverse range of tasks and will suit someone who enjoys variety in a busy demanding environment. Your role will include: Working as an integral part of the Business Support Team. Supporting the smooth day-to-day running of the school(s) Process and update data on the schools systems Produce documents and reports to a high standard Liaise with a",administration-category,"Administration, HR, data and finance",6,"[{""page"": 6, ""query"": ""Administration, HR, data and finance"", ""route"": ""administration-category""}]",1,OK,52a6c6e89c44357f9c83245674551b8e6ca8b0d144b832ed04e067909e884393
2026-08-23,Teaching Vacancies,business-support-officer-attendance-3ce0d54f-db0c-49af-b00c-ddcf690bf636,https://teaching-vacancies.service.gov.uk/jobs/business-support-officer-attendance-3ce0d54f-db0c-49af-b00c-ddcf690bf636,Business Support Officer - Attendance,All Saints Catholic College,"Huddersfield, Yorkshire and the Humber, HD2 2JT",HD2 2JT,"£20,663.00 - £20,991.00 Annually (Actual) Kirklees Grade 5",2026-07-27,2026-09-01T09:00:00+01:00,['PART_TIME'],"We are looking to recruit a knowledgeable and committed individual to become a Business Support Officer working in the attendance department at All Saints Catholic College. Applicants must have a sound knowledge of an administration role and be able to handle a variety of tasks quickly, efficiently, and calmly, and be able to work to tight deadlines, having excellent organisational, administrative and IT skills. The successful candidate will work alongside the Attendance Officer, undertaking tasks relating to data input, customer service and reporting. Please see the context sheet for more information. Training will be given for the attendance aspects of this role, if needed. As part of the role, you will be responsible for providing a comprehensive and highly efficient service dealing with enquiries from staff, students and external agencies in a courteous, efficient and professional manner. This role is 35 hours per week during term time. Monday - Friday 8am-3.30pm. You will also work one additional day at the start of September, to attend whole school training. What we can offer you: At All Saints Catholic College, we aim to create a happy workplace culture through promoting a h",administration-category,"Administration, HR, data and finance",23,"[{""page"": 23, ""query"": ""Administration, HR, data and finance"", ""route"": ""administration-category""}]",1,OK,092d86b32fdc738d9cecf5792fb7428abc901c2cf7aa7358fc1e1af4f5690356
2026-08-23,Teaching Vacancies,business-support-officer-attendance-dc9edb4f-b36d-4bc3-be46-6508d1a2b957,https://teaching-vacancies.service.gov.uk/jobs/business-support-officer-attendance-dc9edb4f-b36d-4bc3-be46-6508d1a2b957,Business Support Officer – Attendance,King Edward VII School,"Sheffield, Yorkshire and the Humber, S10 2PW",S10 2PW,"Grade 4 Point 7 to 12 £26,403 to £28,598 pro rata (£22,709 to £24,597 actual)",2026-07-03,2026-09-01T09:00:00+01:00,['FULL_TIME'],"Business Support Officer – Attendance 37 hours per week, 39 weeks per year Grade 4 Point 7 to 12 £26,403 to £28,598 pro rata (£22,709 to £24,597 actual) King Edward VII School is a vibrant, high‑performing and over‑subscribed school with a diverse and ambitious student community. Spread across two sites in the S10 area, we are proud of our strong reputation, our inclusive ethos and the commitment of our staff team. Colleagues join us because they want to make a difference — and they stay because they feel valued, supported and part of something meaningful. We offer a comprehensive benefits package including a generous pension, wellbeing support, eye‑care vouchers and access to a full Employee Assistance Programme (EAP). We are seeking a confident, proactive and highly organised Business Support Officer – Attendance to join our Lower School team. This is a key role at the heart of our pastoral and administrative operations, supporting excellent attendance and ensuring our students are set up to succeed. If you enjoy working with young people, thrive in a busy environment and take pride in accuracy and efficiency, this role offers variety, purpose and the chance to make a real impact",administration-category,"Administration, HR, data and finance",22,"[{""page"": 22, ""query"": ""Administration, HR, data and finance"", ""route"": ""administration-category""}]",1,OK,905df4ea5d57eb22742005fca2b24f22ee35193b18abe96e521c664fdebd1f57
2026-08-23,Teaching Vacancies,business-support-officer-data-and-assessments-oulder-hill-leadership-academy,https://teaching-vacancies.service.gov.uk/jobs/business-support-officer-data-and-assessments-oulder-hill-leadership-academy,Business Support Officer - Data and Assessments,Oulder Hill Leadership Academy,"Rochdale, North West, OL11 5EF",OL11 5EF,"£26,824.00 to £28,142.00 per annum (pro rata £23,663.85 to £24,826.57 per annum)",2026-08-21,2026-09-13T23:59:00+01:00,['FULL_TIME'],"Who we’re looking for We’re looking for a talented individual to provide an exceptional business support service to our pupils, teachers and wider stakeholders. As a key member of our school’s business support team, your expertise will help to deliver an outstanding learning environment for our young people. The successful candidate will be a committed team player with excellent organisational and specialist technical skills. You will have extensive experience of delivering outstanding customer service and possess the ability to develop relationships across our school and the Star community. You will have: 5 GCSEs including English and Maths at grade 9-4/A*- C. Experience of working in an administrative setting. Experience of data and assessment administration. The ability to use MS Office software packages such as Word, Excel and Outlook, as well as Explorer and databases. The ability to prioritise, work efficiently and accurately, particularly under pressure, to deadlines and using own initiative.",administration-category,"Administration, HR, data and finance",48,"[{""page"": 48, ""query"": ""Administration, HR, data and finance"", ""route"": ""administration-category""}]",1,OK,257eff66bd80df4d4ba9846cbeee3a187cd43d817bdf5e0d6b9f7683e2863294
2026-08-23,Teaching Vacancies,business-support-officer-receptionist-admissions-eden-boys-school-birmingham-birmingham-west-midlands,https://teaching-vacancies.service.gov.uk/jobs/business-support-officer-receptionist-admissions-eden-boys-school-birmingham-birmingham-west-midlands,Business Support Officer - Receptionist & Admissions,"Eden Boys' School, Birmingham","Birmingham, West Midlands, B42 2SY",B42 2SY,"£26,824.00 to £28,142.00 per annum (pro rata £24,847.04 to £26,067.90 per annum)",2026-07-24,2026-08-27T23:59:00+01:00,['FULL_TIME'],"Who we’re looking for We’re looking for a talented individual to provide an exceptional business support service to our pupils, teachers and wider stakeholders. As a key member of our school’s business support team, your expertise will help to deliver an outstanding learning environment for our young people. The successful candidate will be a committed team player with excellent organisational and specialist technical skills. You will have extensive experience of delivering outstanding customer service and possess the ability to develop relationships across our school and the Star community. You will have: 5 GCSEs including English and Maths at grade 9-4/A*- C. Experience of working in an administrative setting. The ability to use MS Office software packages such as Word, Excel and Outlook, as well as Explorer and databases. The ability to prioritise, work efficiently and accurately, particularly under pressure, to deadlines and using own initiative. The ability to address sensitive matters with a caring manner and maintaining confidentiality at all times.",administration-category,"Administration, HR, data and finance",7,"[{""page"": 7, ""query"": ""Administration, HR, data and finance"", ""route"": ""administration-category""}, {""page"": 1, ""query"": ""receptionist"", ""route"": ""keyword:receptionist""}]",2,OK,f677e893c935dd9284410ebc02d518a47051bdbea43dd8aa86c108b783eccfd2
2026-08-23,Teaching Vacancies,business-support-officer-student-services-a6b016b2-0cf8-4c1f-9ae0-103ce7f8ce62,https://teaching-vacancies.service.gov.uk/jobs/business-support-officer-student-services-a6b016b2-0cf8-4c1f-9ae0-103ce7f8ce62,Business Support Officer - Student Services,All Saints Catholic College,"Huddersfield, Yorkshire and the Humber, HD2 2JT",HD2 2JT,"£21,843.00 - £22,190.00 Annually (Actual) Kirklees Grade 5",2026-07-27,2026-09-01T09:00:00+01:00,['PART_TIME'],"We are looking to recruit a knowledgeable and committed individual to become a Business Support Officer working in the Student Services department at All Saints Catholic College. Applicants must have a sound knowledge of an administration role and be able to handle a variety of tasks quickly, efficiently, and calmly, and be able to work to tight deadlines, having excellent organisational, administrative and IT skills. The successful candidate will be the first point of contact in the school’s Student Services office. Training will be available to enable you to provide first aid support as part of the role. You will provide main reception duties at times and be responsible for providing a comprehensive and highly efficient customer service including dealing with enquiries from staff, students, parents, and external agencies in a courteous and professional manner. This role is 37 hours per week during term time. Monday - Thursday 8.30am-4.30pm, Friday 8.30am-4pm. You will also work one additional day at the start of September, to attend whole school training. What we can offer you: At All Saints Catholic College, we aim to create a happy workplace culture through promoting a healthy",administration-category,"Administration, HR, data and finance",22,"[{""page"": 22, ""query"": ""Administration, HR, data and finance"", ""route"": ""administration-category""}]",1,OK,fe74a58053c1d2c62aa7aaa1888b2acf2f93a6e2005d86ba2dda7c6fe2ee495b
2026-08-23,Teaching Vacancies,business-support-officer-tong-leadership-academy-bradford-west-yorkshire,https://teaching-vacancies.service.gov.uk/jobs/business-support-officer-tong-leadership-academy-bradford-west-yorkshire,Business Support Officer,Tong Leadership Academy,"Bradford, Yorkshire and the Humber, BD4 6NR",BD4 6NR,"£25,989 to £26,403 per annum (pro rata £22,927.22 to £23.292.45 per annum)",2026-07-17,2026-08-23T23:59:00+01:00,['FULL_TIME'],"Who we’re looking for We’re looking for a talented individual to provide an exceptional business support service to our pupils, teachers and wider stakeholders. As a key member of our school’s business support team, your expertise will help to deliver an outstanding learning environment for our young people. The successful candidate will be a committed team player with excellent organisational and specialist technical skills. You will have extensive experience of delivering outstanding customer service and possess the ability to develop relationships across our school and the Star community. You will have: 5 GCSEs including English and Maths at grade 9-4/A*- C. Experience of working in an administrative setting. Experience of student administration (desirable). The ability to use MS Office software packages such as Word, Excel and Outlook, as well as Explorer and databases. The ability to prioritise, work efficiently and accurately, particularly under pressure, to deadlines and using own initiative.",administration-category,"Administration, HR, data and finance",2,"[{""page"": 2, ""query"": ""Administration, HR, data and finance"", ""route"": ""administration-category""}]",1,OK,5c0238a553c79cf069cbbb901a1373a65a103c9c915f3c4b2cf27fa859a22d51
2026-08-23,Teaching Vacancies,capital-projects-manager-girls-learning-trust-sutton-not-recorded,https://teaching-vacancies.service.gov.uk/jobs/capital-projects-manager-girls-learning-trust-sutton-not-recorded,Capital Projects Manager,Girls' Learning Trust,"Sutton, SM3 8AB",SM3 8AB,"£41,678.00 - £45,157.00 Annually (Actual) SO4 points 36 - 40",2026-07-28,2026-09-03T08:00:00+01:00,['PART_TIME'],"The opportunity This new role will provide project management capacity for the Girls’ Learning Trust in the delivery of our ambitious capital plan. The plan is comprised of multiple projects of various scales across all areas of capital and infrastructure development. Working alongside the Chief Infrastructure Officer, the Capital Projects Manager will join the Infrastructure team and support the Trust with: Capital project delivery: from initial scoping and feasibility through to completion, ensuring quality projects are delivered safely, on time, and within budget. Capital bids and funding: supporting and coordinating high standard submissions for external funding. Infrastructure improvement: supporting projects that improve the Trust estate, facilities, and IT infrastructure across multiple sites What we offer: An excellent working environment that prioritises the wellbeing of it's staff and students. Benefits that include: generous annual leave allowance BHSF Health and Wellbeing Plan free tea/coffee and milk available in the staff room on site parking, where available The role offers flexibility - you will be required to work 29 hours per week but you can choose whether this i",administration-category,"Administration, HR, data and finance",30,"[{""page"": 30, ""query"": ""Administration, HR, data and finance"", ""route"": ""administration-category""}]",1,OK,5e2eeb4e3686f07e4feab68405661fb7f43d4ca03aa8523cb205eaf5e0900adc
2026-08-23,Teaching Vacancies,careers-administrator-1c0a6851-3e9c-4719-8774-31c627db4f71,https://teaching-vacancies.service.gov.uk/jobs/careers-administrator-1c0a6851-3e9c-4719-8774-31c627db4f71,Careers Administrator,Three Rivers Academy,"Walton-on-Thames, South East, KT12 5EJ",KT12 5EJ,"£25,111.00 - £27,318.00 Annually (FTE) £7,165 to £7,795 actual amount based on 12hours a week, 39 weeks a year",2026-06-02,2026-09-18T23:59:00+01:00,['PART_TIME'],"We are seeking a dedicated and organised Careers Administrator to support our students' career education, information, advice, and guidance (CEIAG) efforts. The Careers Administrator will be responsible for scheduling career appointments, supporting the administration process for work experience, assisting with the organising of additional careers events, talks, and assemblies, and updating the Unifrog platform as required. This is a part time role, 12 hours a week. Key Responsibilities: 1. Careers Appointments: To coordinate and schedule individual career advice and guidance appointments for students. To liaise with careers advisor, Inclusion, student services, year teams and tutors as required. 2. Work Experience Administration: To support the administrative process for student work experience placements including filing of key documents (Year 10 and Year 12). To update records as required. 3. Careers Events: To assist with the organisation of careers related events and themed weeks (National Careers Week). 4. Unifrog Platform: To update the Unifrog platform with relevant career information, opportunities, and resources. 5. General Administration: To support the Assistant Princip",administration-category,"Administration, HR, data and finance",50,"[{""page"": 50, ""query"": ""Administration, HR, data and finance"", ""route"": ""administration-category""}, {""page"": 12, ""query"": ""administrator"", ""route"": ""keyword:administrator""}]",2,OK,261161c8304145df89c9772082b01fafa85d5d0ea7746b10a6208fede5eb1c6a
2026-08-23,Teaching Vacancies,careers-lead-the-castle-school-taunton-somerset,https://teaching-vacancies.service.gov.uk/jobs/careers-lead-the-castle-school-taunton-somerset,Careers Lead,The Castle School,"Taunton, South West, TA1 5AU",TA1 5AU,"£28,598 - £32,061",2026-08-17,2026-09-07T09:00:00+01:00,['FULL_TIME'],"37 hours per week 40 weeks per year (Term time plus INSET days and one week in the holidays) Grade 12 NJC points 12-19 – FTE £28,598 - £32,061 Actual starting salary - £25,117 Start date – October 2026 The Castle School are seeking an enthusiastic, organised, and forward-thinking Careers Lead to join our secondary school team. This is an exciting opportunity for a passionate individual to develop and lead a high-quality careers education programme that inspires students and prepares them for successful futures. The successful candidate will play a key role in helping students make informed decisions about their education, training, and career pathways. Working closely with senior leaders, teaching staff, employers, colleges, universities, and external agencies, you will ensure that all students receive outstanding careers guidance and meaningful encounters with the world of work. Level 6 Diploma in Careers Leadership will be provided if the successful candidate is not already qualified. We require someone who is good at planning, has proven knowledge and experience of data analysis and the production of accurate data. Knowledge of Excel is essential. In addition, you should be proa",administration-category,"Administration, HR, data and finance",41,"[{""page"": 41, ""query"": ""Administration, HR, data and finance"", ""route"": ""administration-category""}]",1,OK,5913bf741958fab1fa58008946ee3c9227f4b2b11248ce3e3af120326bc0ebc4
2026-08-23,Teaching Vacancies,casual-lettings-assistant-maiden-erlegh-chiltern-edge,https://teaching-vacancies.service.gov.uk/jobs/casual-lettings-assistant-maiden-erlegh-chiltern-edge,Casual Lettings Assistant,Maiden Erlegh Chiltern Edge,"Reading, South East, RG4 9LN",RG4 9LN,£15.60 Hourly,2026-08-17,2026-09-13T23:59:00+01:00,"['FULL_TIME', 'PART_TIME']","Are you practical, reliable and looking for flexible casual work? Maiden Erlegh Chiltern Edge is seeking a Casual Site Lettings Assistant to support the smooth running of our community lettings programme outside normal school hours. This is an excellent opportunity for someone who enjoys working independently, takes pride in maintaining high standards, and is committed to providing excellent customer service. As a Disability Confident employer , we want to ensure everyone can perform at their best when applying to work with us. If you need any support with your application or adjustments during the selection process, please contact our People Team by emailing hr@maidenerleghtrust.org or calling 0118 929 6020. About the Role As a Casual Site Lettings Assistant, you will help ensure our facilities are safe, secure and ready for use by community groups hiring our premises. You will act as a key holder, opening and closing the site, assisting users, responding to health and safety matters, and carrying out minor site-related tasks. Key responsibilities include: Opening and securing the school premises for lettings Welcoming and assisting hirers and visitors Setting up and putting away",administration-category,"Administration, HR, data and finance",47,"[{""page"": 47, ""query"": ""Administration, HR, data and finance"", ""route"": ""administration-category""}]",1,OK,c48448adaf9d729130b3ac9aab3b4dcd200b42a61a1749fef77a756162a0bd80
2026-08-23,Teaching Vacancies,chief-finance-and-operations-officer-cfoo-create-partnership-trust,https://teaching-vacancies.service.gov.uk/jobs/chief-finance-and-operations-officer-cfoo-create-partnership-trust,Chief Finance and Operations Officer (CFOO),Create Partnership Trust,"Birmingham, B11 3ND",B11 3ND,"Circa £ 85,000.00 -negotiable dependent on candidate experience and qualifications.",2026-06-25,2026-09-07T09:00:00+01:00,['FULL_TIME'],"We are standing at the threshold of an extraordinary new chapter; one that will redefine what our Trust can achieve and the impact we can have on children’s lives for generations to come. To help lead this ambitious journey, we are seeking an inspiring, future shaping Chief Financial & Operations Officer who sees possibility where others see limits, and who is energised by the opportunity to build a legacy of excellence from the ground up. This role is more than stewardship; it is a launchpad for innovation. Working as part of a united and forward thinking leadership team, the CFOO will help design the systems, culture, and strategic direction that will power our Trust into the future. With children’s opportunities and outcomes guiding every decision, you will help create a central engine that is agile, modern, and relentlessly focused on impact. Whether full time or hybrid, this is a rare opportunity to shape a growing organisation at a pivotal moment — bringing vision, pace, and creativity to a Trust ready to accelerate into its next era. *The CFOO role is designed as a full time position. However, for an exceptional candidate, we are open to structuring it as a part time or frac",administration-category,"Administration, HR, data and finance",41,"[{""page"": 41, ""query"": ""Administration, HR, data and finance"", ""route"": ""administration-category""}]",1,OK,2f51774e9a6ca79c52bc5cd52f7f754dfbc83d36c5dd77e029014ba57f682258
2026-08-23,Teaching Vacancies,chief-financial-officer-cfo-torquay-boys-grammar-school-torquay-devon,https://teaching-vacancies.service.gov.uk/jobs/chief-financial-officer-cfo-torquay-boys-grammar-school-torquay-devon,Chief Financial Officer (CFO),Torquay Boys' Grammar School,"Torquay, South West, TQ2 7EL",TQ2 7EL,£97620,2026-08-21,2026-09-02T12:00:00+01:00,['PART_TIME'],"Are you ready to lead with vision and precision? Join our trust leadership team as Chief Financial Officer and play a pivotal role in shaping the financial future of our trust of two schools: Torquay Boys' Grammar School and Torquay Academy. This is more than a numbers role: it’s about strategy, stewardship, and impact to improve education in Torquay. You will: Drive financial planning and ensure long-term sustainability; Identify opportunities to maximise resources to support educational excellence; Lead on budgeting, forecasting, and compliance with statutory requirements; Provide clear, actionable insights to inform strategic decisions; Build strong relationships across the school community and with external partners; Champion best practice in financial governance and risk management; Contribute to major projects and capital developments. We’re looking for: A qualified finance professional (ACA, ACCA, CIMA or equivalent); Proven experience in senior financial leadership; Exceptional analytical and problem-solving skills; A proactive, collaborative approach with the ability to influence at all levels; Commitment to safeguarding and the ethos of the TBGS Multi-Academy Trust. If yo",administration-category,"Administration, HR, data and finance",28,"[{""page"": 28, ""query"": ""Administration, HR, data and finance"", ""route"": ""administration-category""}]",1,OK,55e9f9d9bbe46b9b33e44d3d470313b7ec7a4a218611e6c68d0fd46b5e480ba7
2026-08-23,Teaching Vacancies,chief-financial-officer-cfo-triumph-learning-trust,https://teaching-vacancies.service.gov.uk/jobs/chief-financial-officer-cfo-triumph-learning-trust,Chief Financial Officer (CFO),Triumph Learning Trust,"Rugby, CV22 5PE",CV22 5PE,"£63,070.00 - £73,105.00 Annually (FTE)",2026-07-10,2026-09-04T23:59:00+01:00,['FULL_TIME'],"Chief Financial Officer (CFO) Triumph Learning Trust Salary: Competitive salary to attract the right candidate (Leadership Scale 9-15 £63,070-£73,105 FTE, by agreement) Contract: Permanent, Full Time (37 hours per week, 52 weeks per year) Start Date: 1st October 2026 (or by arrangement) Location: Trust-wide. You will be based across Triumph Learning Trust schools and other Trust locations as required/Hybrid. The Trust may establish a central office in the future, at which point your principal place of work may change following appropriate consultation. Lead the financial future of a growing and ambitious Multi-Academy Trust. Triumph Learning Trust is seeking an exceptional Chief Financial Officer to join our Executive Leadership Team at an exciting stage in our development. Formed through the merger of two successful trusts and now comprising five schools across Rugby and Coventry, we are committed to collaboration, innovation and aspiration, ensuring every child flourishes and succeeds. As we continue to grow, we are looking for an inspirational finance leader to help shape the next chapter of our journey. Reporting directly to the Chief Executive Officer and working closely with",administration-category,"Administration, HR, data and finance",36,"[{""page"": 36, ""query"": ""Administration, HR, data and finance"", ""route"": ""administration-category""}]",1,OK,922a3e324e1ff34514a993758f7f57a737cc44a778704f3d470982f5971cad07
2026-08-23,Teaching Vacancies,chief-financial-officer-lord-williams-s-school-thame-oxfordshire,https://teaching-vacancies.service.gov.uk/jobs/chief-financial-officer-lord-williams-s-school-thame-oxfordshire,Chief Financial Officer,Lord Williams's School,"Thame, South East, OX9 2AQ",OX9 2AQ,"£63,576.00 - £65,857.00 Annually (Actual)",2026-07-15,2026-09-04T09:00:00+01:00,"['FULL_TIME', 'PART_TIME']","Context Lord Williams’s School is a thriving and popular comprehensive school. The annual delegated budget is in excess of £15m and there is an additional £0.5m turnover from lettings income, sales and fundraising. The prime responsibility of the Chief Financial Officer (CFO) is to provide strategic management and leadership of the financial and commercial operations and performance of the Trust and to undertake the role of CFO as outlined in the Academies Trust Handbook and other documents from the DfE. The CFO leads, operates, maintains and develops the financial procedures and systems within the Trust in consultation with the Senior Leadership Team (SLT) and Trustees, ensuring that legal requirements are met. The school is split site, some two miles apart and converted to Academy status on 1st September 2012. It is a single school within a multi-academy Trust. There are 2,200 students on roll. The post supports the delivery of the highest quality teaching and learning and the fulfilment of the school’s aims and objectives. Teamwork is a key feature of our work. The CFO is line managed by the Headteacher and has a key role in briefing and advising the SLT and Trustees. The CFO is",administration-category,"Administration, HR, data and finance",33,"[{""page"": 33, ""query"": ""Administration, HR, data and finance"", ""route"": ""administration-category""}]",1,OK,871366325efb7659afd27b4a5d4f041040d69f3fd357f4e326d4623909d5298b
2026-08-23,Teaching Vacancies,chief-financial-officer-st-clare-catholic-multi-academy-trust,https://teaching-vacancies.service.gov.uk/jobs/chief-financial-officer-st-clare-catholic-multi-academy-trust,Chief Financial Officer,St Clare Catholic Multi Academy Trust,"Sheffield, S9 3WU",S9 3WU,"£80,000.00 - £90,000.00 Annually (Actual)",2026-08-04,2026-10-06T23:59:00+01:00,['FULL_TIME'],"The CFO is the Trust's strategic lead for financial management, sustainability and resource planning and will provide professional leadership and advice to the CEO, Board of Directors and school leaders. The successful candidate will fulfil the statutory CFO function required by the Academy Trust Handbook and ensure the Trust maintains robust financial control, effective governance and long-term financial sustainability. Key Responsibilities Lead the Trust's financial strategy and long-term financial planning. Oversee annual budgets, forecasting and financial performance monitoring. Ensure compliance with Academy Trust Handbook requirements and all relevant financial regulations. Lead statutory accounts preparation, audit processes and regulatory returns. Maintain effective risk management and internal control frameworks. Drive value-for-money initiatives and operational efficiencies. Support Trust growth opportunities including due diligence and academy onboarding. Lead and develop the finance team and promote financial accountability across the Trust. About You Applicants should have: Essential Qualified accountant (ACA, ACCA, CIMA, CIPFA or equivalent). Significant senior leader",administration-category,"Administration, HR, data and finance",51,"[{""page"": 51, ""query"": ""Administration, HR, data and finance"", ""route"": ""administration-category""}]",1,OK,78c77f7af39060c16d56351f1b273d636f04ec09322b37f24d18a8bc0b8b15d4
2026-08-23,Teaching Vacancies,clerical-assistant-attendance-administrator-arnold-academy,https://teaching-vacancies.service.gov.uk/jobs/clerical-assistant-attendance-administrator-arnold-academy,Clerical Assistant & Attendance Administrator,Arnold Academy,"Bedford, East of England, MK45 4JZ",MK45 4JZ,"£19,812.00 - £20,447.00 Annually (Actual) NJC Grade 3A (Points 5-7)",2026-07-22,2026-09-01T08:00:00+01:00,"['FULL_TIME', 'PART_TIME']","Clerical Assistant & Attendance Administrator Fixed Term for the 2026/27 Academic Year Level 3A Points 5 - 7 £19812 - £20447 per annum (actual salary - pay award pending) Monday & Tuesday: 8:30am - 4.00pm and Wednesday to Friday: 8:30am to 3:30pm 33.5 hours per week, term time only plus 5 training days Required for September/October 2026 Thank you for your interest in the post of Clerical Assistant & Attendance Administrator at Arnold Academy, a middle school within the Pyramid Schools Trust. The successful candidate will ideally have school administration/office experience and complement a team of hard-working, dedicated, efficient, and friendly staff. This is a temporary role, established to provide cover for a long-term sickness absence. Full details regarding the role and its requirements can be found in the enclosed applicant pack. We are looking for someone who has: Excellent interpersonal skills. Excellent organisational and time management skills. The ability to relate well to children and adults. The ability to work as part of a team and to use initiative when required. Arnold Academy is a great school to be part of, and as part of the wider Pyramid Schools Trust, we offer",administration-category,"Administration, HR, data and finance",20,"[{""page"": 20, ""query"": ""Administration, HR, data and finance"", ""route"": ""administration-category""}, {""page"": 6, ""query"": ""administrator"", ""route"": ""keyword:administrator""}]",2,OK,b87df8eb56b1c558f241443c4304f406868998194760bc77a41c423b33c8d71d
2026-08-23,Teaching Vacancies,clerical-assistant-whaplode-church-of-england-primary-school,https://teaching-vacancies.service.gov.uk/jobs/clerical-assistant-whaplode-church-of-england-primary-school,Clerical Assistant,Whaplode Church of England Primary School,"Spalding, East Midlands, PE12 6TS",PE12 6TS,"Grade 3 Points 6 – 9, £25,615 – 26,847 FTE",2026-07-23,2026-08-31T12:00:00+01:00,['PART_TIME'],"Core Purpose The successful candidate will provide clerical support to the school. Key Tasks and Responsibilities To be the first point of contact at the school by welcoming pupils, parents and visitors; answering the telephone, dealing with incoming and outgoing mail and other deliveries. To carry out data input- word processing/spreadsheets. To carry out filing, photocopying, absence reporting. To liaise with suppliers of school meals, milk, uniform and stationery, ensuring the school’s requirements are in place. To assist with the arrangement of routines in school activities such as medical/dental examinations, school photographs, induction evenings etc. To assist with the general administration of school trips and assist with collecting money from students. Day to day contact with parents/ carers, staff and external bodies on routine matters. To present a positive personal image, contributing to a welcoming school environment which supports equal opportunities for all. To perform, in accordance with any directions, which may reasonably be given to you by your Line Manager or Headteacher from time to time, such particular duties as may reasonably be assigned. Other The duties an",administration-category,"Administration, HR, data and finance",15,"[{""page"": 15, ""query"": ""Administration, HR, data and finance"", ""route"": ""administration-category""}]",1,OK,e5e7e599b65db6773dcbce7b2c0b4599093c5e0f4555cd4779c7b1e60ea52f74
2026-08-23,Teaching Vacancies,clerical-officer-mossbrook-school,https://teaching-vacancies.service.gov.uk/jobs/clerical-officer-mossbrook-school,Clerical Officer,Mossbrook School,"Sheffield, Yorkshire and the Humber, S8 8JR",S8 8JR,£26403 - £28598,2026-07-14,2026-09-03T23:59:00+01:00,['PART_TIME'],"Admin & Clerical Level 2 PERMANENT – to start as soon as possible Monday to Friday 8am –4pm (3.30pm on Friday) Are you keen to take on a new challenge, and have a ‘positive can-do attitude’ which will enhance our dynamic admin team? Mossbrook School is a split site school which educates and cares for primary aged pupils who have a range of learning difficulties and disabilities including Autism. We are looking for a clerical officer who is up for working in a challenging, forward-thinking school. This post will predominantly be based at our main site however you may be required to work at our Hub site which is only five minutes away; Chancet Wood Drive, Sheffield, S8 7JR. The successful candidate will be our receptionist, and the first contact for pupils, parents and staff. We are looking for a friendly, polite, caring individual who will promote our nurturing ethos in their approach. The role will involve undertaking administrative tasks such as typing up annual review paperwork, inputting data into the school’s pupil database (Sims), text and emails to parents, incident recording, and creating letters to go home to parents. In addition, the role includes maintaining our school we",administration-category,"Administration, HR, data and finance",31,"[{""page"": 31, ""query"": ""Administration, HR, data and finance"", ""route"": ""administration-category""}]",1,OK,a0001f6ee54520d34849d123c5d0dfca2e6d8d77e49d88e8d9c0e77f663f70a1
2026-08-23,Teaching Vacancies,clerk-82945d82-8f4b-461e-afa7-8d80f9437591,https://teaching-vacancies.service.gov.uk/jobs/clerk-82945d82-8f4b-461e-afa7-8d80f9437591,Clerk,Epping Forest Schools Partnership Trust,"Loughton, IG10 3HE",IG10 3HE,The clerking fee is determined by the Governing Body and you will be paid up to £283 (incl holiday pay) per Local Governing Body Meeting depending on experience. This sum is inclusive of travelling and subsistence costs.,2026-08-03,2026-09-01T23:59:00+01:00,['PART_TIME'],"The Epping Forest Schools Partnership Trust (EFSPT) wishes to appoint a well-organised, efficient Clerk to provide support and guidance to our schools' Local Governing Committees. The EFSPT Clerking Team is briefed and supported by the Head of Governance. Previous clerking experience is desirable, along with knowledge of the education sector, although training and support will be provided. This flexible, part-time role is term-time only and primarily home-based with a requirement to travel to school for Governors’ meetings when required. The ability to work flexible hours is important, including attendance at evening meetings which may be held virtually or at our schools. There is the requirement to clerk approximately six Governing Body meetings per year per school. You may also be asked to clerk any ad hoc committees or panels the Governing Committee is required to convene. The clerking fee is determined by the Governing Body and you will be paid up to £283 (incl holiday pay) per Local Governing Body Meeting depending on experience. This sum is inclusive of travelling and subsistence costs. You will be allocated to particular schools with whom you will have the opportunity to to",administration-category,"Administration, HR, data and finance",26,"[{""page"": 26, ""query"": ""Administration, HR, data and finance"", ""route"": ""administration-category""}]",1,OK,7c32d554a419cef4dcb2dccfe8238aa7547a694cf1da4c29e7eae7cadd0d0617
2026-08-23,Teaching Vacancies,clerk-to-governing-body-wickham-common-primary-school,https://teaching-vacancies.service.gov.uk/jobs/clerk-to-governing-body-wickham-common-primary-school,Clerk to Governing Body (Wickham Common Primary School),Mosaic Schools Learning Trust,"Orpington, BR5 1EL",BR5 1EL,"£30,463.00 - £32,858.00 Annually (FTE) Bromley Localised Pay Grade BR7 SP 22-25 Hourly Rate",2026-07-22,2026-09-02T23:59:00+01:00,['PART_TIME'],"Hours & Pay Part-time, 2 hours per week; term time only 38 weeks per year Hourly Rate from £16.23 About the Role As Clerk to LGB for Wickham Common Primary School you will play a pivotal role in ensuring the smooth running of meetings, maintaining accurate records, and advising on legal and procedural matters. This is a term-time-only role that offers the opportunity to contribute meaningfully to the strategic direction of the school. Key Responsibilities: To liaise with the Chair of Governors and Headteacher to set agendas for six meetings per year. To circulate documentation prior to each meeting. To attend six LGB meetings per academic year - approx. 2 hours in duration. To produce accurate, concise and timely minutes. To support the board with ad hoc meetings. To provide advice on governance, procedural and constitutional matters. The successful candidate will: Display a high standard of verbal and written communication. Be capable of minuting discussions effectively, accurately and appropriately and be mindful of the sensitive nature of some discussions. Be organised, flexible and able to work well under pressure. Be competent in the use of ICT. About the Trust Mosaic Schools",administration-category,"Administration, HR, data and finance",29,"[{""page"": 29, ""query"": ""Administration, HR, data and finance"", ""route"": ""administration-category""}]",1,OK,bf06ad7d1d54ba79e74cb6a85c81ce45ae2297bd02ef74d82f3c455668d5b614
2026-08-23,Teaching Vacancies,clerk-to-governors-1d324093-5397-42e1-b835-18ab44a4bceb,https://teaching-vacancies.service.gov.uk/jobs/clerk-to-governors-1d324093-5397-42e1-b835-18ab44a4bceb,Clerk to Governors,Shropshire Church Of England Academies Trust,"Bridgnorth, WV15 5EQ",WV15 5EQ,£13.69 - £13.69 Hourly,2026-05-18,2026-09-07T09:00:00+01:00,['PART_TIME'],"Shropshire Church of England Academies Trust provides a professional governor clerking service to a number of primary schools in Shropshire. Established in 2018 and formerly known as ‘The Trinity Federation Clerking Service’, the service has built a reputation for high quality clerking, governance expertise and effectiveness. We are now seeking to expand our team of clerks with the appointment of a suitably skilled, enthusiastic and highly motivated clerk. This is a unique and exciting opportunity to work as part of our clerking team in a role that can often fit around other work or family commitments. Role: Clerk to a Governing Body We are looking for a clerk to provide clerking to a minimum of two schools in the Shrewsbury/Shifnal/Bridgnorth areas. Salary: Grade 5, point 7 (£13.69 per hour) Hours: Casual - To prepare for, attend and minute, a minimum of 3 x Full Governing Body meetings per school year (typical commitment of 3 to 6 Full Governing Body meetings per school year). The successful candidate must have previous experience of working effectively as a minute taker in board meetings or similar (or as a school leader working closely with a governing body) and be able to demo",administration-category,"Administration, HR, data and finance",39,"[{""page"": 39, ""query"": ""Administration, HR, data and finance"", ""route"": ""administration-category""}]",1,OK,8b750c07215556b6445d529594383056bc403763a77f7ed91218299951663d6d
2026-08-23,Teaching Vacancies,clerk-to-school-governing-body-ebor-academy-trust,https://teaching-vacancies.service.gov.uk/jobs/clerk-to-school-governing-body-ebor-academy-trust,Clerk to School Governing Body,Ebor Academy Trust,"York, YO10 3PR",YO10 3PR,£14.36 - £15.31 Hourly 45 hours per academic school year per school,2026-07-20,2026-09-07T12:00:00+01:00,['PART_TIME'],"Job details Hours of work: 45 hours per academic school year per school Position type: Flexible role, split between the schools and working from home. We have a vacancy for one school in the Hull area and one at Tockwith, York. Salary: £14.36 - £15.31 per hour The role is to attend Local Governing Body meetings for schools. Applicants can choose to work for one or both schools. You will be part of a team of clerks who all work remotely. The meetings usually take place on a late afternoon/early evening and your role will be to organise and share the agenda and paperwork for the meeting, attend the meeting and take minutes. Minutes will then be typed up, possibly using AI. A majority of the role can be done whilst working from home. The job requirements Excellent communication skills (written and oral) Strong time management and organisational skills The ability to work well within a team Genuine care towards children Experience and a relevant qualification would be beneficial but are not essential to the role, full training and support will be provided to the successful candidate Access to transport The role would suit someone looking for occasional or additional hours to develop th",administration-category,"Administration, HR, data and finance",41,"[{""page"": 41, ""query"": ""Administration, HR, data and finance"", ""route"": ""administration-category""}]",1,OK,b44d54461074d21cd40af943c0b2cb29c3eb3e1ae8224c9a930fdaeb07a51d33
2026-08-23,Teaching Vacancies,clerk-to-the-board-central-team-post-office-based,https://teaching-vacancies.service.gov.uk/jobs/clerk-to-the-board-central-team-post-office-based,Clerk to the Board (Central Team Post - Office Based),"St Cuthberts Catholic Primary School, Carlisle","Carlisle, North West, CA1 2UE",CA1 2UE,,2026-04-20,2026-09-01T12:00:00+01:00,['PART_TIME'],"This is an exciting opportunity for someone who is dedicated, professional, and motivated to make a meaningful contribution to the life of the Trust by enabling effective governance in service of children, families, and communities. We are looking for someone who: Has strong organisational skills Is confident working at a senior level Has strong understanding of governance or a willingness to develop expertise in this area Understands and is committed to the values and purpose of Catholic Education Essential Qualifications: Educated to degree level or equivalent profession experience Recognised governance qualification or working towards one (e.g. ICSA/CGI, NGA, equivalent) Strong working knowledge of charity and company governance",keyword:office,office,2,"[{""page"": 2, ""query"": ""office"", ""route"": ""keyword:office""}]",1,OK,138e6b872391eb6f46a436c943b38e310fbc9a3118f6ae164b33cdbc33921295
2026-08-23,Teaching Vacancies,clerk-to-the-governing-body-elson-junior-school,https://teaching-vacancies.service.gov.uk/jobs/clerk-to-the-governing-body-elson-junior-school,Clerk to the Governing Body,Elson Junior School,"Gosport, South East, PO12 4EX",PO12 4EX,,2026-07-24,2026-09-04T12:00:00+01:00,['PART_TIME'],"We are looking to appoint a reliable, efficient and flexible individual to provide a comprehensive administrative service and procedural advice to our Governing Body. The post holder will work closely with the Chair of Governors and Headteacher to ensure the effective operation of the Board. Main Responsibilities Meeting support: Prepare and circulate agendas and associated paperwork at least 10 working days in advance of meetings. Attend approximately12meetings per year(including Full Governing Body and Committee meetings) to take accurate minutes. Procedural advice: Provide guidance to the governing body on procedural and constitutional matters, taking up unresolved issues with the Local Education Authority or Governor Services as appropriate. Membership management: Maintain accurate records of governing body membership, record attendance and manage the administrative process for governor elections and vacancies. Record keeping: Maintain a comprehensive filing system at the school for minutes, correspondence and statutory policies. Communication: Act as a correspondent for the governing body and follow up on decisions and actions agreed during meetings. Candidate Requirements Exp",administration-category,"Administration, HR, data and finance",35,"[{""page"": 35, ""query"": ""Administration, HR, data and finance"", ""route"": ""administration-category""}]",1,OK,a3223e2eb825baa9d140a28bd77fdb44b2c51219c0a41661027fc59a20f78345
2026-08-23,Teaching Vacancies,clerk-to-the-local-governing-boards,https://teaching-vacancies.service.gov.uk/jobs/clerk-to-the-local-governing-boards,Clerk to the Local Governing Boards,Burrowmoor Primary Academy,"March, East of England, PE15 9RP",PE15 9RP,"£27,063.00 Annually (FTE) £14.03 per hour",2026-07-13,2026-09-01T23:59:00+01:00,['PART_TIME'],"Purpose of the Role To provide high-quality clerking and administrative support to Local Governing Boards (LGBs), ensuring that governance is well-organised, compliant, and effective across the Trust’s schools. Responsible to: Trust Governance Manager Start Date: Autumn 2026 Location: Across multiple school sites (mix of face-to-face and online meetings) Salary - Scale 4 - Point 7 Hours - 33 per term Key Responsibilities Clerking Duties Prepare and distribute agendas in consultation with the Chair and Headteacher Collation of LGB paperwork and upload onto Governor Hub seven days before meeting Attend Local Governing Board meetings and take accurate minutes Produce clear, concise, and timely minutes within seven days Track and follow up on actions arising from meetings Meeting Support Support five Local Governing Boards: Burrowmoor Primary School Thomas Eaton Primary Academy Glebelands Primary Academy Gorefield & Murrow Primary Academies Leverington Primary Academy Attend one LGB meeting per term for each school (three meetings per year per school) Meetings will be held as a mix of face-to-face and virtual sessions in the evening Trust Engagement Attend a termly Trust-wide LGB brief",administration-category,"Administration, HR, data and finance",25,"[{""page"": 25, ""query"": ""Administration, HR, data and finance"", ""route"": ""administration-category""}]",1,OK,5acc3a4c567d81fda00c499b50fb9a9482e622278923774fec612824bf2c3918
2026-08-23,Teaching Vacancies,communications-admin-officer,https://teaching-vacancies.service.gov.uk/jobs/communications-admin-officer,Communications Admin Officer,Singlegate Primary School,"London, London, SW19 2NT",SW19 2NT,ME5,2026-07-15,2026-08-24T12:00:00+01:00,['FULL_TIME'],"MAIN PURPOSE to contribute to the planning, development and organisation of communication service systems and procedures to assist in the implementation of the school’s communications strategies, marketing communications and public relations activities both internal and external to maintain accurate record keeping systems, and ensure that Parentmail and Parentpay are updated with leavers and joiners to be responsible for all extra-curricular bookings and related communication To offer a warm and welcoming approach to all visitors, families, staff and children when contacting and communicating with the office MAIN DUTIES Administration to word process and complete complex IT based tasks to prepare and collate all information that supports the better organisation of any curricular activity for both staff and families to communicate First Aid incidents via Parent Mail to families to be responsible for all communication regarding extra-curricular activities and educational visits to families to book transport tickets through TFL School Party Scheme for planned educational visits to chase parental consent and payments and run relevant reports from ParentMail and ParentPay to be responsi",administration-category,"Administration, HR, data and finance",4,"[{""page"": 4, ""query"": ""Administration, HR, data and finance"", ""route"": ""administration-category""}]",1,OK,d13ec808a1f638ff299e1d5874e69c68df9366b2628c478ac08c5e88e6f4c1b3
2026-08-23,Teaching Vacancies,communications-and-administration-manager,https://teaching-vacancies.service.gov.uk/jobs/communications-and-administration-manager,Communications and Administration Manager,Neat Academy Trust,"Newcastle Upon Tyne, NE6 4NU",NE6 4NU,"N7 £36,363 - £39,862 per annum (subject to moderation)",2026-08-19,2026-09-09T23:59:00+01:00,"['FULL_TIME', 'TEMPORARY']","We are looking for a colleague who has: Broad, generalist understanding of Multi Academy Trusts or educational settings Ongoing commitment to professional development Experience in a professional administrative, marketing, or project coordination role—ideally within the wider education, local authority, non-profit, or training sector. Experience using digital communication platforms (e.g., Mailchimp, Canva, website CMS, and video conferencing tools like Zoom/Teams). Excellent communication and inter-personal skills. Attention to detail to ensure accuracy.",administration-category,"Administration, HR, data and finance",44,"[{""page"": 44, ""query"": ""Administration, HR, data and finance"", ""route"": ""administration-category""}]",1,OK,f04da963de5c6590c7f9ffb82b4f03280a10c6990fc08bae9fbda3c454974817
2026-08-23,Teaching Vacancies,communications-engagement-manager,https://teaching-vacancies.service.gov.uk/jobs/communications-engagement-manager,Communications & Engagement Manager,Ormiston Sandwell Community Academy,"Oldbury, West Midlands, B69 2HE",B69 2HE,"£28,757.00 - £32,079.00 Annually (Actual)",2026-07-17,2026-09-04T09:00:00+01:00,['FULL_TIME'],"Work where it matters most, achieve what matters more. Be part of a team where passion meets purpose, as we work together where the challenge is greatest to change lives and build the futures of children and young people. We are seeking an enthusiastic, creative and highly organised Engagement and Communications Manager to join our academy team. This is an exciting opportunity for someone who enjoys building relationships, creating engaging content and making a positive impact within a school community. As a key member of our support staff team, you will play a vital role in strengthening connections with families, local organisations and stakeholders, while ensuring every visitor experiences a warm and professional welcome. You will lead our communications and community engagement activities, oversee reception services and help showcase the incredible achievements of our students and staff. You will be a confident, organised and creative professional with excellent communication skills and a passion for building positive relationships. Comfortable working in a busy environment, you will be able to manage competing priorities, engage effectively with a wide range of stakeholders an",administration-category,"Administration, HR, data and finance",34,"[{""page"": 34, ""query"": ""Administration, HR, data and finance"", ""route"": ""administration-category""}]",1,OK,110c9292a4d8232e772c4251203bfd5aec3d22d0467c2e60395606cee08a1e4f
2026-08-23,Teaching Vacancies,community-development-assistant,https://teaching-vacancies.service.gov.uk/jobs/community-development-assistant,Community Development Assistant,Glossopdale School and Sixth Form,"Glossop, East Midlands, SK13 2DA",SK13 2DA,"£25,185.00 - £25,583.00 Annually (FTE)",2026-08-07,2026-09-04T12:00:00+01:00,['FULL_TIME'],"Thank you for your interest in joining Glossopdale School & Sixth Form. Our school is an oversubscribed 11-18 comprehensive secondary school which serves the Glossop and wider community. We are a warm and caring school that has the highest expectations of students and ourselves, where every student is expected to work hard, behave well and contribute positively to the school community. We are looking for a proactive, customer-focused and highly organised individual who is passionate about supporting the local community and creating positive experiences for all users of our facilities. We are looking for an individual who works well as part of a team, with a flexible, can-do attitude, capable of building strong relationships with customers, colleagues and community partners. A commitment to high standards of customer service, health and safety, safeguarding, delivery and site presentation is essential, along with the ability to work evenings and weekends as part of a busy community programme. We exist to empower our students to find their purpose, develop high aspirations and thrive, both academically and personally. We provide a knowledge-rich curriculum which exposes students to p",administration-category,"Administration, HR, data and finance",35,"[{""page"": 35, ""query"": ""Administration, HR, data and finance"", ""route"": ""administration-category""}]",1,OK,d05a6ba241ecaf5dcbe7c4436c03e1df8ce9210e6fcef12125c50b58a22def9e
2026-08-23,Teaching Vacancies,compliance-officer-delta-academies-trust,https://teaching-vacancies.service.gov.uk/jobs/compliance-officer-delta-academies-trust,Compliance Officer,Delta Academies Trust,"Knottingley, WF11 0EP",WF11 0EP,"£25,989.00 - £26,824.00 Annually (Actual) Grade D points 6 to 8 (£25,989 to £26,824)",2026-08-19,2026-09-02T23:59:00+01:00,['FULL_TIME'],"At Delta Academies Trust, our mission is “improving lives”. If you share our values and are proud of a job well done, collaborative in working well with others and ambitious to make things better, then we would like to hear from you. We are currently looking for a Compliance Officer to join our friendly team based at our Head Office in Knottingley, West Yorkshire, on a full time, permanent basis, for 37 hours per week, all year round. As a Compliance Officer, you will provide accurate and timely support to Academy and Trust stakeholders as part of the wider Compliance Team. You will also provide administrative and clerical support including updating relevant management information systems to ensure the Team can meet statutory and internal deadlines in a professional manner. This role reports into the Information Governance Manager. We offer an extensive range of opportunities, incentives and benefits with this post including: Holiday Entitlement, minimum 35 days (subject to pro rata if working part time and dependent upon salary and continuous service) including statutory Bank Holidays. Financial, offering unlimited access to a huge range of discounts on holidays, days out, retaile",administration-category,"Administration, HR, data and finance",28,"[{""page"": 28, ""query"": ""Administration, HR, data and finance"", ""route"": ""administration-category""}]",1,OK,f3adf4c018bfc0c136f0c919ed37030a2c7f4b23c54e72dd84ce81c265f91be4
2026-08-23,Teaching Vacancies,course-administrator,https://teaching-vacancies.service.gov.uk/jobs/course-administrator,Course Administrator,The Letta Trust,"London, E14 6DN",E14 6DN,"Scale 3 £31,086 to £31,530",2026-07-16,2026-08-31T09:00:00+01:00,['FULL_TIME'],"At the LETTA Trust we believe that a high-quality education has the power to combat social inequality and to change lives. Our School Improvement Team trains over 50 new teachers and 100 apprentices each year, and our excellent retention rates ensure great educators are making a big, long-term difference in local schools. Our provision has been graded Outstanding by Ofsted. We have been a provider of Initial Teacher Training for over 14 years and have strong and long-standing relationships with local partners. We work with a diverse range of settings for primary and secondary placements: mainstream, multi-academy trusts, free schools, SEND, nursery and faith schools, and have strong partnerships with local and national organisations. Our dedicated staff team is the key to our success; building strong relationships, working together, and looking after each other are important. Are you committed to excellence for the schools and children in East London and beyond? Do you want to be a part of shaping teaching into the future? Do you enjoy autonomy and seek to improve your own practice? Yes? Then your future is with The LETTA Trust.",administration-category,"Administration, HR, data and finance",14,"[{""page"": 14, ""query"": ""Administration, HR, data and finance"", ""route"": ""administration-category""}, {""page"": 3, ""query"": ""administrator"", ""route"": ""keyword:administrator""}, {""page"": 4, ""query"": ""administrator"", ""route"": ""keyword:administrator""}]",3,OK,a95b86ac347161d1775fcc35009a6c5487afd24dc3145286a3b1edc2923aee1a
2026-08-23,Teaching Vacancies,cover-manager-and-sixth-form-assistant-hayes-school,https://teaching-vacancies.service.gov.uk/jobs/cover-manager-and-sixth-form-assistant-hayes-school,Cover Manager and Sixth Form Assistant,Hayes School,"Bromley, London, BR2 7DB",BR2 7DB,"£27,823.00 - £29,486.00 Annually (Actual)",2026-07-02,2026-08-31T09:00:00+01:00,['PART_TIME'],"Cover Manager and Sixth Form Assistant required for September 2026 Part time 35h/ week over 41 weeks (Term time + 2 weeks) Scale 5 p.11-15 (Outer London) with actual pay £27,823- £29,486 gross per annum We are looking to recruit a Cover Manager and Sixth form Assistant to arrange teacher cover for short-term absence of teaching staff and provide support to the Sixth Form Administrator with a range of school administration. Our school benefits from and actively contributes to a range of partnerships and we are the lead school for the Bromley Schools’ Collegiate, a School Centred Initial Teacher Training (SCITT) provider for primary and secondary teacher training. Hayes School is a high achieving, oversubscribed school, which provides excellent education for its students as well as exciting opportunities for professional and career development for staff. The school benefits from its proximity to central London and excellent transport links whilst bordering the beautiful Kent countryside. “Pupils enjoy school and achieve highly.” (Ofsted) “The curriculum is especially well thought out.” (Ofsted) “All who work in the school understand and share these values. This is the Hayes Way” (Ofs",administration-category,"Administration, HR, data and finance",13,"[{""page"": 13, ""query"": ""Administration, HR, data and finance"", ""route"": ""administration-category""}]",1,OK,45592fef007436398ca6e353d25f5e6789d81b23cb24956ca9777b90aec1cda0
2026-08-23,Teaching Vacancies,cover-supervisor-manager-whitefriars-school,https://teaching-vacancies.service.gov.uk/jobs/cover-supervisor-manager-whitefriars-school,Cover Supervisor Manager,Whitefriars School,"Harrow, London, HA3 5RQ",HA3 5RQ,"£24,030.00 - £25,048.00 Annually (Actual)",2026-08-21,2026-08-27T23:59:00+01:00,['FULL_TIME'],"Cover Supervisor - Whitefriars School Dear Candidate, Whitefriars School is a fully integrated committed to providing an exceptional educational experience for every pupil. We are seeking to appoint a reliable, positive and motivated Cover Supervisor to join our secondary school team. The successful candidate will play an important role in maintaining high standards of teaching, learning and behaviour by providing effective cover across KS3 and GCSE . We are looking for someone who is organised, resilient and confident in working with young people, with a strong commitment to safeguarding, inclusion and pupil achievement. If you share our commitment to high expectations and want to contribute positively to the life of our school, we would be delighted to receive your application.",administration-category,"Administration, HR, data and finance",8,"[{""page"": 8, ""query"": ""Administration, HR, data and finance"", ""route"": ""administration-category""}]",1,OK,f629aed33cd345da4b4bcb4dda1664e8ae3f3623cc81df07a69424254367549a
2026-08-23,Teaching Vacancies,customer-relations-manager,https://teaching-vacancies.service.gov.uk/jobs/customer-relations-manager,Customer Relations Manager,Reading School,"Reading, South East, RG1 5LW",RG1 5LW,"£33,143.00 - £44,075.00 Annually (Actual) Full-Time Equivalent:",2026-07-21,2026-09-21T23:59:00+01:00,['FULL_TIME'],"Working as part of a dedicated and collaborative team within FSCE Ltd, we have an exciting opportunity for a CRM Manager to play a key role in supporting schools across the UK. Reporting to the Director of Operations, you will take ownership of our customer relationship management processes, ensuring that customer data, communications and service delivery are efficient, effective and customer-focused. You will work closely with schools, partners and colleagues to maintain excellent customer relationships, support business development activities and help drive continuous improvement across the organisation. We are looking for someone who: Has exceptional organisational and relationship-management skills. Is confident using CRM systems and data to support decision-making. Can manage multiple priorities and projects effectively. Has strong communication skills and enjoys working with a wide range of stakeholders. Is proactive, solutions-focused and committed to delivering excellent customer service. Enjoys identifying opportunities to improve systems, processes and customer experience. At FSCE, we work with grammar and selective schools throughout the UK to deliver admissions testing",administration-category,"Administration, HR, data and finance",50,"[{""page"": 50, ""query"": ""Administration, HR, data and finance"", ""route"": ""administration-category""}]",1,OK,3441a434ebcfecffe15ce754ef6e4e4a24f57e04b7e7c6b1b2406f32b5b194b9
2026-08-23,Teaching Vacancies,data-and-examinations-manager-park-view-school,https://teaching-vacancies.service.gov.uk/jobs/data-and-examinations-manager-park-view-school,Data and Examinations Manager,Park View School,"London, London, N15 3QR",N15 3QR,"£52,194",2026-08-04,2026-09-07T15:00:00+01:00,['FULL_TIME'],"Data & Examinations Manager Grade: PO5 Starting Salary: £52,194 36 Hours per week, All Year Round (52 Weeks) Required: September/October 2026 This is a great opportunity for an enthusiastic and talented individual to take on this important role. The successful candidate will provide strategic leadership, management and cost effective first line support on and within the Whole School Examinations, Data, Assessment and Management Information Systems, ensuring the preparation of accurate and timely data analysis reports as required and reporting directly to SLT and Governors as required. To lead and manage the whole school processes for all public and internal examinations. To ensure the school meets the statutory requirements as an examinations centre. You will be confident and competent in knowledge of and experience in the use of Bromcom and Reporting platforms and supporting staff in how to identify key data trends using relevant software packages and project management. The successful candidate will also support all parts of the school in meeting its short and longer term objectives. The role will require working across the main Park View School site where required, however the c",administration-category,"Administration, HR, data and finance",42,"[{""page"": 42, ""query"": ""Administration, HR, data and finance"", ""route"": ""administration-category""}]",1,OK,07e9280860bc8bc4637a1383a3e84ac49aa936be93e7a12c186c405351b3ca3f
2026-08-23,Teaching Vacancies,data-and-exams-assistant-queensbury-academy,https://teaching-vacancies.service.gov.uk/jobs/data-and-exams-assistant-queensbury-academy,Data and Exams Assistant,Queensbury Academy,"Dunstable, East of England, LU6 3BU",LU6 3BU,"£21,588.00 - £21,588.00 Annually (Actual) NJC Point 11 | £28,143 FTE | £21,588 actual salary (pay award pending)",2026-08-20,2026-09-16T23:59:00+01:00,['FULL_TIME'],"Great schools run on great people, great systems and getting the detail right. We are looking for a brilliant Data and Exams Assistant to join our team at Queensbury Academy. This is not simply a data-entry role. You will be right at the heart of some of the most important moments in school life, helping us make sure student information is accurate, examinations run smoothly and young people receive the results they have worked incredibly hard to achieve. One day you might be producing reports and checking student data in Bromcom. The next, you could be preparing examination information, supporting students through an exam series or helping everything come together for results day. Accuracy matters. Deadlines matter. And the work you do will matter. We are looking for someone who: loves organisation and takes pride in getting the detail right; is confident using IT, spreadsheets and systems; spots when something does not look right and wants to find out why; can juggle competing deadlines without losing accuracy; communicates brilliantly with students, families and colleagues; handles sensitive information with professionalism and discretion; and stays calm when things get busy. Ex",administration-category,"Administration, HR, data and finance",49,"[{""page"": 49, ""query"": ""Administration, HR, data and finance"", ""route"": ""administration-category""}]",1,OK,f93d6d7650dc84ee6c66e957938d9c3983502ecf1d3ff65f99223329edf24ca0
2026-08-23,Teaching Vacancies,data-and-mis-manager-ormiston-new-academy-wolverhampton-west-midlands,https://teaching-vacancies.service.gov.uk/jobs/data-and-mis-manager-ormiston-new-academy-wolverhampton-west-midlands,Data and MIS Manager,Ormiston NEW Academy,"Wolverhampton, West Midlands, WV10 6SE",WV10 6SE,"£32,597.00 - £36,363.00 Annually (Actual) OAT Grade 6, Scale Point 20-25",2026-07-08,2026-08-31T12:00:00+01:00,['FULL_TIME'],"Work where it matters most, achieve what matters more Be part of a team where passion meets purpose, as we work together where the challenge is greatest to change the lives and build the futures of children and young people. Ormiston NEW Academy is looking for a Data and MIS Manager to lead the effective management and continual development of the academy's Management Information System (MIS), ensuring the integrity, security and accuracy of student, curriculum and assessment data. About the Academy Ormiston NEW Academy caters for 11- to 19-year-olds, with 1,088 students on roll. We provide a vibrant learning environment with first-class facilities, and we have been graded Ofsted 'Good'. We are a school based on a clear and defined pedagogical model and explicitly taught behavioural norms. This is creating a place of joy, industry and excellence that is rapidly growing. The latest inspection report praises the school’s leaders for creating a ""culture where positive behaviour and discipline are celebrated"". It says that NEW Academy is a “vibrant school”, that students “enjoy coming to” and where they are “safe”. Students at NEW Academy understand that they must try their best and al",administration-category,"Administration, HR, data and finance",15,"[{""page"": 15, ""query"": ""Administration, HR, data and finance"", ""route"": ""administration-category""}]",1,OK,32222bb8e2142ad8cd207d3527aea7c6f7bee8b6c863754373be6abe73319ecf
2026-08-23,Teaching Vacancies,data-and-systems-lead-acer-trust,https://teaching-vacancies.service.gov.uk/jobs/data-and-systems-lead-acer-trust,Data and Systems Lead,Acer Trust,"Oxford, OX2 9JE",OX2 9JE,"£16,751.00 - £18,136.00 Annually (Actual)",2026-08-05,2026-09-02T12:00:00+01:00,['PART_TIME'],"Job title: Data and Systems Lead Team: Central Team Reporting to: Chief Operations and Finance Officer (COFO) Contract: 52 weeks or Term time only + 2 Grade: 9 Hours/week: 18 or 20 Location: Based at one of the schools in the Trust, with occasional travel to other school sites (hybrid working option available) Main purpose of the role Acer Trust is seeking an experienced Data & Systems Lead to help develop the effective use of data and information systems across our family of nine schools. This is a key role within the Trust's central team, working with school and Trust leaders to ensure that our systems and reporting support school improvement, strategic decision-making and organisational effectiveness. Working closely with the Chief Operations and Finance Officer and the Trust's educational leaders, you will act as the Trust's lead practitioner for its Management Information System and wider data platforms. Alongside maintaining and developing these systems, you will identify opportunities to improve processes, reporting and the way information is used across the Trust. You will lead the development of Trust-wide dashboards, produce ad hoc data analysis, advise colleagues on the",administration-category,"Administration, HR, data and finance",28,"[{""page"": 28, ""query"": ""Administration, HR, data and finance"", ""route"": ""administration-category""}]",1,OK,c38e665300a0e57a6d19b01d60df89769e5a50669dd381afc94056d972f6dc2d
2026-08-23,Teaching Vacancies,data-and-systems-manager-st-francis-catholic-multi-academy-trust,https://teaching-vacancies.service.gov.uk/jobs/data-and-systems-manager-st-francis-catholic-multi-academy-trust,Data and Systems Manager,St Francis Catholic Multi Academy Trust,"Rotherham, S60 2EN",S60 2EN,"£47,181 - £50.269",2026-07-27,2026-09-21T09:00:00+01:00,"['FULL_TIME', 'PART_TIME']","The Trust Data and Systems Manager will lead on the strategic management, analysis, and optimisation of student, staff, and organisational data across all academies within the Trust. The successful candidate will ensure that high-quality, compliant data systems (such as Arbor) and analytical tools (such as Power BI) are utilised effectively to drive school improvement, secure statutory compliance, and support executive decision-making. Crucially, the postholder will perform their duties in a manner that supports and promotes the distinctive Catholic mission, values, and ethos of the Trust and its constituent schools. Key Responsibilities 1. Ethos and Mission Support and actively contribute to the Catholic vision, values, and distinct character of the Trust. Maintain positive, collaborative, and respectful working relationships with all stakeholders, including the Executive Team, the Central Team, Headteachers, local governors, and the Diocese. Ensure data handling policies and practices reflect the ethical standards and pastoral care essential to a Catholic educational community. 2. Strategic System Management & Integration Oversee the administration, development, and standardisati",administration-category,"Administration, HR, data and finance",50,"[{""page"": 50, ""query"": ""Administration, HR, data and finance"", ""route"": ""administration-category""}]",1,OK,8c41c8dec4e0e218affa8b2dc23969a5dbdb7c1d9f05a79be45f4fe1a7bcfc7b
2026-08-23,Teaching Vacancies,data-assessment-cover-manager,https://teaching-vacancies.service.gov.uk/jobs/data-assessment-cover-manager,"Data, Assessment & Cover Manager",Hampton College,"Peterborough, East of England, PE7 8BF",PE7 8BF,"£32,061.00 - £35,412.00 Annually (FTE) Grade 8 - actual salary from £28,864 to £31,881 per annum, based on 37 hours per week, term time plus 3 weeks. Support Staff Pay Award pending",2026-08-14,2026-09-04T09:00:00+01:00,"['FULL_TIME', 'PART_TIME']","Required - As soon as possible Data, Assessment & Cover Manager Hampton College is seeking an exceptional Data, Assessment & Cover Manager to lead and develop our data, assessment and reporting systems while overseeing the daily management of staff cover arrangements. This is an exciting opportunity for an experienced data professional who thrives on using information to drive improvement. Working closely with senior leaders, you will provide strategic and operational leadership across data management, assessment tracking, reporting, admissions information and management information systems. You will also line manage the Cover Supervisor team and ensure the effective co-ordination of staff cover across the school. The successful candidate will play a pivotal role in supporting teaching, learning and school improvement through the provision of high-quality, accurate and timely data. Using data to drive improvement, support student success and help shape the future of Hampton College. What You’ll Be Doing As our Data, Assessment & Cover Manager, you will: Lead the school's data, assessment and reporting functions. Manage and develop Bromcom, ClassCharts and other school data systems.",administration-category,"Administration, HR, data and finance",33,"[{""page"": 33, ""query"": ""Administration, HR, data and finance"", ""route"": ""administration-category""}]",1,OK,ce19eba92c5c6d8073d5e41b2fcc12ab9136ddc13dc4ec749e5356c850e77d0c
2026-08-23,Teaching Vacancies,data-assistant-eec862cb-7829-4bfd-9435-a191b7aa5a85,https://teaching-vacancies.service.gov.uk/jobs/data-assistant-eec862cb-7829-4bfd-9435-a191b7aa5a85,Data Assistant,Kents Hill Park all-through school,"Milton Keynes, South East, MK7 6BZ",MK7 6BZ,"£24,473.00 Annually (Actual)",2026-08-05,2026-09-03T12:00:00+01:00,['FULL_TIME'],"Data Assistant 37 hours per week 41 weeks per year (term time plus inset days plus 2 weeks) Salary (c£24,473) Actual annually Kents Hill Park School is an ‘all-through’ school in Milton Keynes that opened to 30 pupils in Year 3 and 120 in Year 7 in September 2018. There are now over 1000 pupils from Foundation to Year 11. Part of the Kingsbridge Educational Trust, this is an outstanding and rare opportunity for an excellent data assistant with outstanding attention to detail, to play a key role in our all-through school. We are looking for an innovative, passionate and committed individual to join our dedicated team. Flexibility and the desire to take part in all aspects of the school will be required. This is a superb opportunity to work with us and the confident, independent and forward-thinking pupils who we inspire each day. We are looking for a hardworking, highly motivated and flexible individual to join our administration team: To provide excellent customer service To provide an efficient data and administrative service which supports the school To be keen to support colleagues in all areas of support functions across the office and administration team To be an ambassador fo",administration-category,"Administration, HR, data and finance",31,"[{""page"": 31, ""query"": ""Administration, HR, data and finance"", ""route"": ""administration-category""}]",1,OK,6bf4598ae5332fad29865323818a5a2aa52b56efde9e9a803b8b812291c4fbe9
2026-08-23,Teaching Vacancies,data-manager-glenmoor-academy,https://teaching-vacancies.service.gov.uk/jobs/data-manager-glenmoor-academy,Data Manager,Glenmoor Academy,"Bournemouth, South West, BH10 4EX",BH10 4EX,"£35,377.00 - £35,377.00 Annually (Actual)",2026-07-27,2026-08-31T23:59:00+01:00,['FULL_TIME'],"Data Manager Salary: Actual salary is £35,377 per annum, pro rata to the full-time equivalent salary of £39,000 per annum, for working Term Time plus 2 weeks (41 weeks per year) Start Date: ASAP The academies are seeking to appoint an experienced, organised and analytical Data Manager to work with the Data Director and Data Protection Lead. This is a key role responsible for the management, analysis and reporting of student, curriculum and school performance data. The successful candidate will work closely with the Senior Leadership Team to provide accurate information that supports strategic decision-making, ensures compliance, and drives student achievement. Closing date : Midnight, Monday 31 August 2026 Interviews : Dates to be confirmed - early applications can be called to interview before the closing date (we strongly recommend that candidates submit their application as soon as possible). For further information and to apply please visit: www.glenmoorandwinton.org.uk https://www.unitedlearningcareers.org.uk More Information about the academies and united learning: To summarise, united learning offers the following: We offer flexible working, including at least one personal d",administration-category,"Administration, HR, data and finance",18,"[{""page"": 18, ""query"": ""Administration, HR, data and finance"", ""route"": ""administration-category""}]",1,OK,31115442f66b2f384cd26643d64dd83b0734c37e9f38641569c8bbeecbae90fb
2026-08-23,Teaching Vacancies,data-manager-kingsmead-academy,https://teaching-vacancies.service.gov.uk/jobs/data-manager-kingsmead-academy,Data Manager,Kingsmead Academy,"Taunton, South West, TA4 2NE",TA4 2NE,"£12,046 – 13,138",2026-08-17,2026-09-06T23:59:59+01:00,"['FULL_TIME', 'PART_TIME']","Job Title: Data Manager Actual Annual Salary: £12,046 – 13,138 (Based on hours and working weeks) Full Time Equivalent Salary: £33,009 - £36,011 (CLF Grade D). Based on 37 hours per week, all year round. Contract Type: Permanent Hours: Part time, 15 hours per week (2 or 3 days per week) / Term Time Only Plus INSETS and 10 additional days in line with working pattern. Additional role info: This post is for 15 hours per week, to be worked over 2 or 3 days, with the specific working pattern to be agreed with the successful candidate. The stated hours are indicative and may be worked on any days Monday to Friday, subject to operational requirements. The role is based at Kingsmead Academy, Wiveliscombe, Somerset. Provisional Start Date: 12 October 2026 (Subject to completion of pre employment checks) Use data to enable great education and help our school communities thrive. We’re looking for an experienced, detail-driven Data Manager to join Cabot Learning Federation’s Central Data Team on a permanent basis, physically based at Kingsmead Academy, Wiveliscombe, Somerset. Reporting to the Senior Data Manager, you will work within the Central Team as part of a Cluster Data Team, providing",administration-category,"Administration, HR, data and finance",38,"[{""page"": 38, ""query"": ""Administration, HR, data and finance"", ""route"": ""administration-category""}]",1,OK,75a8f2e94a4b9e6fcb6ece1f0cf10c4892803a75b04b96fe99f6daf1eb697699
2026-08-23,Teaching Vacancies,data-manager-st-josephs-catholic-high-school-workington,https://teaching-vacancies.service.gov.uk/jobs/data-manager-st-josephs-catholic-high-school-workington,Data Manager,"St Josephs Catholic High School, Workington","Workington, North West, CA14 3EE",CA14 3EE,"£32,061.00 - £32,597.00 Annually (FTE) Pro rata salary",2026-07-31,2026-08-31T23:59:00+01:00,"['FULL_TIME', 'PART_TIME']","Turn data into insight and help shape better outcomes for every student. St Joseph’s Catholic High School is seeking an organised, analytical and highly capable Data Manager to lead the effective management and use of student data across our school. This is a key role at the heart of school improvement. You will ensure that our data systems are accurate, reliable and used effectively, providing leaders and staff with the information they need to evaluate performance, identify priorities and support every student to achieve their best. About the role As Data Manager, you will take responsibility for the administration, development and quality assurance of our Management Information System, Arbor, alongside key platforms including SISRA. Working closely with senior and middle leaders, you will coordinate whole-school assessment and data collection cycles, produce clear reports and analysis, and ensure that accurate information is available to support strategic decision-making. The role will also oversee statutory returns, student records, reporting to parents and the effective transfer of data for new starters and leavers. The successful candidate will: Manage and develop Arbor, SISR",administration-category,"Administration, HR, data and finance",16,"[{""page"": 16, ""query"": ""Administration, HR, data and finance"", ""route"": ""administration-category""}]",1,OK,f8993d06b7a9d8a6bb958b592cd1d716abfd8177d3f0fe689d473e639c5e161a
2026-08-23,Teaching Vacancies,data-officer-st-peter-and-st-paul-catholic-voluntary-academy-lincoln-lincolnshire,https://teaching-vacancies.service.gov.uk/jobs/data-officer-st-peter-and-st-paul-catholic-voluntary-academy-lincoln-lincolnshire,Data Officer,"St Peter and St Paul, Catholic Voluntary Academy","Lincoln, East Midlands, LN6 7SX",LN6 7SX,"£14,432.00 - £16,317.00 Annually (Actual) Band 4, SCP 11 - 17",2026-07-16,2026-09-07T23:59:00+01:00,['PART_TIME'],"St Peter and St Paul are looking to recruit a new Data Officer with the passion and enthusiasm to make a positive impact on the young people at our school. The Data Officer is responsible for ensuring the accuracy, integrity, and effective use of all student and school data to support teaching, learning, and strategic decision-making. This role oversees the collection, management, and analysis of data across key systems (such as MIS, assessment platforms, and statutory returns) to enable compliance with statutory requirements and provide actionable insights that drive school improvement. The postholder will work collaboratively with senior leaders, teaching staff, and administrative teams to ensure data is timely, reliable, and used effectively to enhance outcomes for pupils. Applications will not be accepted from previous applicants. Our perfect candidate will: Be experienced in school data management and understand the importance of data accuracy and compliance Have strong ICT skills, particularly in Microsoft Excel, with the ability to analyse and present data effectively Be equipped with excellent interpersonal and organisational skills to collaborate across teams and meet dead",administration-category,"Administration, HR, data and finance",42,"[{""page"": 42, ""query"": ""Administration, HR, data and finance"", ""route"": ""administration-category""}]",1,OK,dca197f864df2ba40b1537d3caf44a0a3a47a49f4643001faac65ea9c3219b64
2026-08-23,Teaching Vacancies,development-officer-norwich-city-college-of-further-and-higher-education,https://teaching-vacancies.service.gov.uk/jobs/development-officer-norwich-city-college-of-further-and-higher-education,Development Officer,Norwich City College of Further and Higher Education,"Norwich, East of England, NR2 2LJ",NR2 2LJ,,2026-08-20,2026-09-13T23:59:00+01:00,['PART_TIME'],"The purpose of the job role is to manage NTTC’s office and systems to support the effective delivery of the programme. The role involves working closely with internal colleagues, the wider college community, and regional partners to ensure smooth programme operations and high-quality stakeholder engagement. Main Duties and Responsibilities Manage the day-to-day operation of the NTTC office, including overseeing Development Officer work and liaising with programme colleagues as required. Lead on maintaining accurate programme records, including reporting to statutory bodies. Act as the first point of contact for the programme, handling all incoming enquiries to NTTC in a professional and timely manner. Support the maintenance of strong, high-quality relationships with partner schools and key stakeholders. Coordinate and manage the flow of information between NTTC and programme partners, ensuring all requirements are communicated effectively. Oversee and implement arrangements to support daily programme activities, including room bookings, travel, interviews, meetings, and conferences. Lead on the recruitment and onboarding of applicants to the programme, ensuring a positive candidat",administration-category,"Administration, HR, data and finance",47,"[{""page"": 47, ""query"": ""Administration, HR, data and finance"", ""route"": ""administration-category""}]",1,OK,3213b4ed2f9af8e46b0115e20312448bec645eee60589d9e4cb656b379aad850
2026-08-23,Teaching Vacancies,digital-marketing-administrator-filton-avenue-primary-school,https://teaching-vacancies.service.gov.uk/jobs/digital-marketing-administrator-filton-avenue-primary-school,Digital Marketing Administrator,Filton Avenue Primary School,"Bristol, South West, BS7 9RP",BS7 9RP,"£25,989.00 - £26,403.00 Annually (FTE)",2026-07-20,2026-09-01T09:00:00+01:00,['FULL_TIME'],"Grade: BG6 N6-N7 £25,989-£26,403 FTE (£23,226.27-£23,596.26 Actual Salary) Contract: 37 Hours a week. TT Plus Inset Days + 1 week Hours: 8:00-4:00 Monday to Friday Closing date: 1st of August 9:00am Interview date: TBC Purpose: To help maximise our online presence and reach, to streamline and modernise our internal and external communications and to help develop and implement our marketing plan. Provide administrative support for the completion of effective support services in the running of the school. Duties (further details in the attached application pack): Manage the school website and app Manage all social media platforms (currently Facebook, Instagram and Twitter), including seeking out content Produce termly newsletters Create posters and other media for events Oversee all communications with partners (internal and external), including schools, clubs, parents, and pupils Online booking for parents’ evenings Work with our contractors to update the image/brand on a regular basis. Establish working relationships with key organisations and individuals within local organisations and the media at local and city level Assist in the development and implementation of a marketing pla",administration-category,"Administration, HR, data and finance",21,"[{""page"": 21, ""query"": ""Administration, HR, data and finance"", ""route"": ""administration-category""}, {""page"": 22, ""query"": ""Administration, HR, data and finance"", ""route"": ""administration-category""}, {""page"": 6, ""query"": ""administrator"", ""route"": ""keyword:administrator""}]",3,OK,70c29abe8caf12fd84911969c88a07acaf02b5adfa868d4eea9992311b4a74d6
2026-08-23,Teaching Vacancies,director-of-finance-rise-multi-academy-trust,https://teaching-vacancies.service.gov.uk/jobs/director-of-finance-rise-multi-academy-trust,Director of Finance,Rise Multi Academy Trust,"Syston, LE7 1HR",LE7 1HR,"£63,027.00 - £69,342.00 Annually (FTE)",2026-08-06,2026-09-07T12:00:00+01:00,['FULL_TIME'],"At Rise Multi Academy Trust, we believe that strong schools change lives and strong leadership makes that possible. We are seeking an exceptional Director of Finance to join our Extended Leadership Team and play a pivotal role in shaping the future of our organisation. This is an exciting opportunity for an experienced and visionary finance leader to provide strategic financial direction across a successful and ambitious Trust. Working closely with our Co-CEOs, Trustees, Headteachers and senior leaders, you will ensure that financial strategy, educational priorities and organisational ambitions are aligned to deliver the very best outcomes for children and young people. As Director of Finance, you will lead all aspects of the Trust's financial strategy, planning, governance and compliance. You will provide expert advice and challenge at the highest level, ensuring that resources are used effectively, sustainably and in ways that maximise impact. You will oversee financial planning and reporting, audit and risk management, payroll and pensions, capital investment and financial systems, while leading and developing a high-performing finance team. You will also play a key role in supp",administration-category,"Administration, HR, data and finance",42,"[{""page"": 42, ""query"": ""Administration, HR, data and finance"", ""route"": ""administration-category""}]",1,OK,c17fe70482478437b27d9cd4aa1c2d98b5f3f29e31ab8c40eaac8be8df095bd3
2026-08-23,Teaching Vacancies,early-years-stronger-practice-hub-manager,https://teaching-vacancies.service.gov.uk/jobs/early-years-stronger-practice-hub-manager,Early Years Stronger Practice Hub Manager,Equa Mead Learning Trust,"Devizes, SN10 4EB",SN10 4EB,"£39,862 - £41,771 per annum pro rata | £36,045 - £38,628 per annum",2026-07-16,2026-08-28T17:00:00+01:00,['FULL_TIME'],"The working hours for this role are expected to be 37 hours per week, 41 weeks per year. The start date for this role is as soon as possible. This advert is scheduled to close at 17:00 on Friday, 28 August 2026. The Early Years Stronger Practice Hub Manager will lead the coordination and delivery of a high-profile, DfE-funded programme designed to improve outcomes for young children through the promotion of evidence-informed early years practice. The role involves managing project delivery against key performance indicators, building and maintaining strong partnerships across the education and early years sector, overseeing monitoring and evaluation activities, and ensuring high-quality professional learning opportunities and resources are accessible to providers across the region. The postholder will also lead stakeholder engagement, develop networks of early years professionals, provide strategic support and guidance, and work closely with partners and funders to maximise the Hub’s impact and achieve programme objectives. As a member of staff within our Trust, you will contribute to a collaborative working environment and play a key role in supporting the learning and development",administration-category,"Administration, HR, data and finance",9,"[{""page"": 9, ""query"": ""Administration, HR, data and finance"", ""route"": ""administration-category""}]",1,OK,eefdb4f4cccb7a3fd2fec2bfbd3f1b20bd0dbdf56d9b78904578404cbbd86b0e
2026-08-23,Teaching Vacancies,educational-visits-administrator-faringdon-community-college-faringdon-oxfordshire,https://teaching-vacancies.service.gov.uk/jobs/educational-visits-administrator-faringdon-community-college-faringdon-oxfordshire,Educational Visits Administrator,Faringdon Community College,"Faringdon, South East, SN7 7LB",SN7 7LB,"£26,824.00 - £29,065.00 Annually (FTE) Support Staff NJC grade 6, SCP 8-13. 30 hours per week/38 weeks per year. Actual annual salary in the region of £18,235.86 - £19,759.37",2026-08-03,2026-09-02T12:00:00+01:00,['PART_TIME'],"Due to the expansion of our professional support staff team, we are recruiting a number of professional support staff roles. Faringdon Community College is seeking to appoint an experienced, skilled, and effective Administrator to join our team. We are looking for someone who is of a professional and positive nature, who will strive to ensure we offer a first-class service to all stakeholders. The ideal candidate will be someone who is computer literate with good experience on a variety of Microsoft Office packages and will have been educated to a high standard with a minimum GCSE grade C in English and mathematics (or equivalent qualifications) and have a strong background in administration. You will need to be confident working on your own and be self-motivated with excellent time management skills. The successful candidate will have a friendly and welcoming disposition, excellent communication skills, outstanding administrative skills, and a flexible and pro-active attitude and able to take direction where needed. You will be able to demonstrate working with confidentiality and discretion. The successful candidate will have the ability to relate well and communicate effectively",administration-category,"Administration, HR, data and finance",28,"[{""page"": 28, ""query"": ""Administration, HR, data and finance"", ""route"": ""administration-category""}, {""page"": 7, ""query"": ""administrator"", ""route"": ""keyword:administrator""}]",2,OK,1536b7c65ef7138e688413e80eb8234b0339f2bbba3384bbfb2ddc81f790c83f
2026-08-23,Teaching Vacancies,ehcp-administrator-lime-academy-ravensbourne,https://teaching-vacancies.service.gov.uk/jobs/ehcp-administrator-lime-academy-ravensbourne,EHCP Administrator,Lime Academy Ravensbourne,"Romford, London, RM3 8HN",RM3 8HN,"£28,939.00 - £31,144.00 Annually (Actual) NJC Points 14-19, 36 hours per week, 39 weeks per year (term time only plus inset)",2026-08-06,2026-09-03T23:59:00+01:00,['FULL_TIME'],"Lime Trust is a Multi Academy Trust formed of 9 schools over 11 locations across Peterborough, the London Boroughs of Havering and Waltham Forest and Luton. We have grown to include four primary schools, four all-through special schools and one secondary special school, with 2588 pupils and over 750 employees. In our academies we strive to ensure that: Our EHCP Administrator is a key member of the school’s support staff team. They are part of a team responsible for ensuring there is efficient, effective organisation and administration of school business processes, procedures, and policies. They are responsible for supporting their team to deliver the best possible service to all stakeholders to facilitate efficient and effective service and teaching and learning across the school. The Administrative team are the main and first point of contact for visitors/callers to the school and as such are pivotal in projecting the schools positive, welcoming ethos and values. They are therefore expected to demonstrate exemplary service and a can-do approach to both internal and external customers. A key part of the administration officer’s role will be to coordinate students’ Annual Reviews in",administration-category,"Administration, HR, data and finance",31,"[{""page"": 31, ""query"": ""Administration, HR, data and finance"", ""route"": ""administration-category""}, {""page"": 8, ""query"": ""administrator"", ""route"": ""keyword:administrator""}]",2,OK,1768ee67b617ddb85ce33113edcea0815d31a2441e6d901987a47e115fbad74b
2026-08-23,Teaching Vacancies,exam-invigilator-leeds-city-academy-leeds-west-yorkshire,https://teaching-vacancies.service.gov.uk/jobs/exam-invigilator-leeds-city-academy-leeds-west-yorkshire,Exam Invigilator,Leeds City Academy,"Leeds, Yorkshire and the Humber, LS6 2LG",LS6 2LG,,2026-03-02,2027-03-31T09:00:00+01:00,['PART_TIME'],"Post Reference: 2777 Academy: Leeds City Academy Job Title: Exam Invigilator Grade B3 £13.69 per hour Hours: Casual, term time only This is an extremely exciting time to be joining Leeds City Academy, one of the most rapidly improving schools within the Leeds area and county of West Yorkshire. We are an 11-16academy and one of four schools within White Rose Academies Trust, a trust recognised nationally for its ground-breaking and transformational impact on the lives of the young people it serves. The academy had a Section 5 Inspection in May 2019 achieving an overall Good judgement with Leadership and Management judged as Outstanding. Our highly motivated and talented students are at the very centre of everything we do and the shared mission of all our stakeholders is to work ‘In Partnership’ in securing the aspirations and ambitions of every one of our young people. Our academy is a unique and truly inspirational place to work, enhanced by our wonderful students who come from a diverse range of cultures, heritage and experiences; a significant proportion of students speak English as an additional language. Please apply if you wish to work for a Multi Academy Trust which values an",administration-category,"Administration, HR, data and finance",51,"[{""page"": 51, ""query"": ""Administration, HR, data and finance"", ""route"": ""administration-category""}]",1,OK,7f5d6388fd530b98c458ef6b4bd430c76b527e4c2dcd8492084c7007174d7a07
2026-08-23,Teaching Vacancies,examinations-and-data-officer-dyson-perrins-cofe-academy-malvern-worcestershire,https://teaching-vacancies.service.gov.uk/jobs/examinations-and-data-officer-dyson-perrins-cofe-academy-malvern-worcestershire,Examinations and Data Officer,Dyson Perrins CofE Academy,"Malvern, West Midlands, WR14 1WD",WR14 1WD,"£28,598.00 - £31,022.00 Annually (FTE)",2026-08-19,2026-09-02T23:59:00+01:00,['FULL_TIME'],"You will be responsible for organisation and smooth delivery of all external examinations and internal assessments, ensuring full compliance with JCQ and awarding body regulations, requiring working in close partnership with members of the school’s leadership team, and SENDCo. Your approach will also require confidence and empathy in managing our students, providing support and encouragement. You will need to be solution-focussed, strong at problem-solving and able to meet deadlines, all while able to work flexibly within the context of a busy school environment. You may have experience of a similar role in a school or education environment or may have relevant administrative skills from other sectors. You will be supported through a full induction and training programme. The successful candidate will be: Ambitious for all young people Committed to inclusion and supporting young people to overcome any barriers to learning Committed to professional development and continual improvement Willing to uphold our Christian values of trust, belief, challenge and resilience.",administration-category,"Administration, HR, data and finance",29,"[{""page"": 29, ""query"": ""Administration, HR, data and finance"", ""route"": ""administration-category""}]",1,OK,fa6f89684111e0102db412e3c9dff8d25fb12323967e36d9dd8e6fc4f53aae05
2026-08-23,Teaching Vacancies,examinations-officer-de-aston-school,https://teaching-vacancies.service.gov.uk/jobs/examinations-officer-de-aston-school,Examinations Officer,De Aston School,"Market Rasen, East Midlands, LN8 3RF",LN8 3RF,,2026-08-18,2026-09-02T09:00:00+01:00,['PART_TIME'],"Do you want to make a real difference to young people's futures? Are you looking for more than just a job? At De Aston School, we are seeking a highly organised, proactive and detail-oriented Examinations Officer to lead the administration and delivery of all internal and external examinations. This is a pivotal role that directly supports students at some of the most important moments in their educational journey. We are looking for someone who: Has at least five GCSEs (or equivalent), including English and Mathematics at Grade 4/C or above. Has excellent communication, organisational, administrative and ICT skills. Can manage multiple priorities, work accurately under pressure and consistently meet deadlines. Has exceptional attention to detail and a commitment to maintaining confidentiality. Is able to work independently whilst building positive relationships with students, colleagues, invigilators, parents and external agencies. Has experience of examinations administration, JCQ regulations or awarding body procedures, although this is desirable rather than essential. Most importantly, we are looking for someone who shares our commitment to excellence, integrity and helping eve",administration-category,"Administration, HR, data and finance",27,"[{""page"": 27, ""query"": ""Administration, HR, data and finance"", ""route"": ""administration-category""}]",1,OK,7133ff5f3274a90487e60f44a60522cddd1759e44ebdb7f3b29c656f0b897a12
2026-08-23,Teaching Vacancies,examinations-officer-f64f071c-e84a-4dd7-afab-fb7ac4c7e56e,https://teaching-vacancies.service.gov.uk/jobs/examinations-officer-f64f071c-e84a-4dd7-afab-fb7ac4c7e56e,Examinations Officer,The Adeyfield Academy,"Hemel Hempstead, East of England, HP2 4DE",HP2 4DE,"£28,837.00 - £30,971.00 Annually (Actual) H7.19-23 Depending on Experience",2026-08-13,2026-08-31T23:59:00+01:00,['FULL_TIME'],"Examinations Officer Full Time - 37 hours per week H7 - £28,837 - £30,971 (depending upon experience and additional responsibilities) Term Time plus 3 weeks We are seeking to appoint an enthusiastic Examinations Officer to be responsible for the organisation and smooth running of both internal and external examinations. The officer acts as the primary liaison between the school and external examination bodies. They will be familiar with the requirements and regulations placed on schools by both awarding bodies and the Joint Council for Qualifications (JCQ), and will ensure that the school is compliant with these before, during, and after examination periods. The successful candidate will be very well organised and have the ability to work well as part of a team. The Academy offers: A friendly working environment with supportive and caring colleagues Generous pension benefits Onsite catering facilities Excellent facilities All staff encouraged and supported in their professional development Desirable location to live or work with great transport links and perfectly located for job seekers from Herts, Beds, Bucks and North and West London The Adeyfield Academy is set in the heart of",administration-category,"Administration, HR, data and finance",17,"[{""page"": 17, ""query"": ""Administration, HR, data and finance"", ""route"": ""administration-category""}]",1,OK,744660dec25be90bb10ed083bcdba61b4d2c1c8c21534a3a6c23d49a36b6d083
2026-08-23,Teaching Vacancies,exams-access-arrangements-eaa-assessor,https://teaching-vacancies.service.gov.uk/jobs/exams-access-arrangements-eaa-assessor,Exams Access Arrangements (EAA) Assessor,St Mary's College Voluntary Catholic Academy,"Hull, Yorkshire and the Humber, HU6 7TN",HU6 7TN,Grade 7 or Grade 8,2026-07-27,2026-09-02T09:00:00+01:00,"['FULL_TIME', 'PART_TIME']","Exams Access Arrangements (EAA) Assessor Term time only plus 5 additional days Full time (35 hours) or part time (flexible options available). Grade 7 SCP 20 - 24 (FTE £33,673 - £36,581) or Grade 8 SCP 25 - 28 (FTE £37,563 - £40,445) dependent on experience and qualification. We are seeking to appoint a specialist Exams Access Arrangements (EAA) Assessor to join our experienced SEND and Examinations teams at St Mary’s College. This is a key professional role requiring a highly skilled and qualified practitioner who meets the JCQ requirements for specialist assessors, including holding a Level 7 postgraduate qualification in individual specialist assessment, SpLD Assessment Practising Certificate (APC), or HCPC registration as a psychologist. As the EAA Assessor, you will be responsible for leading compliant and high quality specialist assessments for Exam Access Arrangements, ensuring that all decisions are evidence-based, robust and aligned with JCQ regulations and Chapter 7 requirements. You will work closely with the SENCo, Exams Officer and teaching staff to ensure accurate identification of student need, high quality documentation, and readiness for JCQ inspection. As part of",administration-category,"Administration, HR, data and finance",27,"[{""page"": 27, ""query"": ""Administration, HR, data and finance"", ""route"": ""administration-category""}]",1,OK,2d55dcb20fe5c7b3913f1e725f6a38da46873a623d201ebe33237848ac9cc171
2026-08-23,Teaching Vacancies,exams-admin-officer,https://teaching-vacancies.service.gov.uk/jobs/exams-admin-officer,Exams & Admin Officer,Wyndham Park Infants' School,"Salisbury, South West, SP1 3BL",SP1 3BL,"£19,026.54 - £21,301.04 per annum",2026-05-21,2026-09-06T23:59:00+01:00,['FULL_TIME'],"Melksham House School, part of Brunel Education, is a specialist provision that provides education for children and young people with complex social, emotional and/or mental health or medical needs which have prevented them from successfully engaging in or attending school. We are dedicated to providing a safe, supportive, and inclusive learning environment for all our pupils, aged 4 to 18. Our focus is on children and young people who present with an Emotional Based School Avoidance (EBSA) profile, and we understand that everyone is unique, with their own strengths, challenges, and needs. We are now looking for a confident and approachable Exams & Admin Officer to be a vital part of our support team. We would prefer someone with experience of administering exams in an education setting, but if you have strong administration skills, full training will be given to the right candidate. We’re looking for people who have: · Previous experience in a school or busy office environment · Excellent communication and interpersonal skills · Strong IT skills and confidence using Microsoft Office and school management systems (desirable) · A calm, friendly, and professional manner – especially",administration-category,"Administration, HR, data and finance",38,"[{""page"": 38, ""query"": ""Administration, HR, data and finance"", ""route"": ""administration-category""}, {""page"": 1, ""query"": ""exams officer"", ""route"": ""keyword:exams officer""}]",2,OK,94901c296687e86cc147c162c0c11e5edc7e623e22c87d85b3df2452d1e534bd
2026-08-23,Teaching Vacancies,exams-and-admissions-manager-leeds-city-academy-leeds-west-yorkshire,https://teaching-vacancies.service.gov.uk/jobs/exams-and-admissions-manager-leeds-city-academy-leeds-west-yorkshire,Exams and Admissions Manager,Leeds City Academy,"Leeds, Yorkshire and the Humber, LS6 2LG",LS6 2LG,"£31,273.00 - £35,558.00 Annually (Actual) 37 hours per week, term time only plus 15 days",2026-08-11,2026-09-04T09:00:00+01:00,['FULL_TIME'],"Leeds City Academy is seeking to appoint an organised, proactive and detail-focused Exams and Admissions Manager to lead the effective, accurate and secure delivery of our examinations and admissions processes. This is a key role within the academy, requiring strong communication, data management and organisational skills, alongside the ability to work confidently with students, families, staff, examination boards and external partners. The successful candidate will have experience of working within a secondary school environment, a strong understanding of public examination processes and school management information systems, and a clear commitment to safeguarding, inclusion and improving outcomes for young people. This is an exciting opportunity for someone who takes pride in ensuring that important academy systems run smoothly, accurately and in the best interests of students. White Rose Academies Trust is a local trust dedicated to raising and fulfilling the ambitions of young people. Our academies throughout Leeds are at the heart of the communities they serve, which is why we are committed to delivering an outstanding education to every one of our students. The trust employs",administration-category,"Administration, HR, data and finance",32,"[{""page"": 32, ""query"": ""Administration, HR, data and finance"", ""route"": ""administration-category""}]",1,OK,8a71a43c05ec291d4a06263673210f9b5f3d154d09ff9158f5019748280a0313
2026-08-23,Teaching Vacancies,exams-and-data-officer-macintyre-academies,https://teaching-vacancies.service.gov.uk/jobs/exams-and-data-officer-macintyre-academies,Exams and Data Officer,Macintyre Academies,"Milton Keynes, MK5 8FR",MK5 8FR,,2026-07-08,2026-08-23T12:00:00+01:00,['PART_TIME'],"MacIntyre Academies' mission is to become a leading Special Academy Trust that provides outstanding outcome-focused state education by promoting high aspirations, empowering parents as partners and successfully equipping every child for adult life. We currently have 4 Academies. Endeavour Academy in Oxford opened in 2014 and is a residential academy for children and young people with autism and associated severe Learning difficulties aged from 9 to 19 years old. In 2015 we opened Discovery Academy in Nuneaton, for children with social, emotional and mental health needs and /or autism. In 2017 we opened Quest Academy also catering for children with SEMH and/or autism. Finally, in September 2020, Venture Academy based in Henley-in-Arden joined the Trust catering for pupils in years 5-11 (ages 9-16) who may have Social, Emotional and Mental Health Difficulties and/or Diagnoses of Autism or an associated condition. MacIntyre Academies benefits greatly from its sponsor MacIntyre, which over the last 50 years, has developed a strong reputation nationally, as a high quality, person centred organisation. The Role We are currently recruiting an Exams Officer to join this exciting school; th",keyword:exams officer,exams officer,1,"[{""page"": 1, ""query"": ""exams officer"", ""route"": ""keyword:exams officer""}]",1,OK,ddf351b1f7bdc68091e80522bc72a26bbf8d9e1c68dd730676bcf0dde6d6046a
2026-08-23,Teaching Vacancies,exams-assistant-south-nottinghamshire-academy,https://teaching-vacancies.service.gov.uk/jobs/exams-assistant-south-nottinghamshire-academy,Exams Assistant,South Nottinghamshire Academy,"Nottingham, East Midlands, NG12 2FQ",NG12 2FQ,"Redhill Academy Trust Pay Scale, Band 6, Scale point 29 - 32",2026-07-29,2026-09-04T12:00:00+01:00,['PART_TIME'],Now recruiting for a Exams Assistant to provide full administrative support to the Exams Officer.,administration-category,"Administration, HR, data and finance",35,"[{""page"": 35, ""query"": ""Administration, HR, data and finance"", ""route"": ""administration-category""}]",1,OK,2059b5f28707065dcde8e6a20e0d67d79efdcb20998b8680d0c65534749909e0
2026-08-23,Teaching Vacancies,exams-office-manager,https://teaching-vacancies.service.gov.uk/jobs/exams-office-manager,Exams Office Manager,Bishop Stopford School,"Kettering, East Midlands, NN15 6BJ",NN15 6BJ,"£31,537.00 - £33,699.00 Annually (FTE)",2026-07-13,2026-09-07T12:00:00+01:00,['FULL_TIME'],"This is a rare and exciting opportunity to join Bishop Stopford School as our new Exams Office Manager. The main purpose of this role is the efficient and accurate management of the examinations process for the school and to ensure that all examinations run smoothly, in accordance with all relevant regulations, to maximise the success of students in their examinations. We offer a supportive environment in which your talent and commitment will be encouraged, nurtured and rewarded an opportunity to be part of a highly collaborative team Employee recognition and rewards Membership with a health benefits provider which includes access to a GP service. Annual flu vaccination Two-week October half term holiday Free on-site parking Staff gym and Cycle to Work scheme Please check out our amazing review in The Good Schools Guide and our fantastic Ofsted Report from April 2025.",keyword:office,office,3,"[{""page"": 3, ""query"": ""office"", ""route"": ""keyword:office""}]",1,OK,cd95e01f62429af29aac0f44347dbf2a20e8d6a542e556c57bc9fe9c4cd83e54
2026-08-23,Teaching Vacancies,exams-officer-a0e6b270-9f8e-4c55-b68b-38b5e9214d1b,https://teaching-vacancies.service.gov.uk/jobs/exams-officer-a0e6b270-9f8e-4c55-b68b-38b5e9214d1b,Exams Officer,Lavington School,"Devizes, South West, SN10 4EB",SN10 4EB,"£31,537 - £33,699 per annum pro rata | £28,517 - £30,472 per annum",2026-07-13,2026-08-31T09:00:00+01:00,['PART_TIME'],"The working hours for this role are expected to be 37 hours per week, 41 weeks per year. The start date for this role is as soon as possible after 01 September 2026. The expected timetable for this role is 08:00 - 16:00. Lavington School is seeking to appoint a committed and highly motivated Exams Officer to join their team. As a member of staff within our Trust, you will contribute to a collaborative working environment and play a key role in supporting the learning and development of all pupils. As an Exams Officer within our trust, you will be responsible for the effective and secure administration of all external examinations, ensuring full compliance with JCQ regulations and awarding body requirements to maintain the integrity of the assessment process. You will act as the main point of contact for examination matters, liaising with staff, students, parents, and external organisations to ensure processes are followed and key deadlines are consistently met. The role involves planning and coordinating all aspects of the exams cycle, including maintaining systems, managing candidate entries, and ensuring accurate data submission using internal and external IT systems. You will or",keyword:exams officer,exams officer,1,"[{""page"": 1, ""query"": ""exams officer"", ""route"": ""keyword:exams officer""}]",1,OK,460365023d6ab139fecd4358703c22b87ef7c986560dab375cba19fa51e756bb
2026-08-23,Teaching Vacancies,exams-officer-alperton-community-school-wembley-middlesex,https://teaching-vacancies.service.gov.uk/jobs/exams-officer-alperton-community-school-wembley-middlesex,Exams Officer,Alperton Community School,"Wembley, London, HA0 4JE",HA0 4JE,"£38,689.00 - £41,134.00 Annually (Actual)",2026-07-15,2026-08-23T23:59:00+01:00,['FULL_TIME'],"Job Title: Exams Officer Salary range: Scale PO1 and spinal point 28 £41, 453 to spinal point 31 £44, 072 Inc. London weighting per annum (Pro rata £38, 689 - £41, 134) Contract: Permanent Start date: September 2026 Hours of work: 36 hours per week Working weeks: 42 weeks Location: Alperton, London Aspire | Commit | Succeed We are a split-site school, with a short walk of approximately 8 minutes between sites, and on-site parking is available. Alperton Community School is a large, mixed 11-18 academy, with over 350 students in our thriving Sixth Form. Due to our growing popularity and continued success, we have recently expanded our intake to 12 forms in each year group. We are a truly inclusive school, reflecting the wonderfully diverse and vibrant local community we serve. Our students are exceptionally well behaved, hardworking, and ambitious to succeed. In our most recent Ofsted inspection (March 2026), the school was graded Strong standard and Expected standard, with inspectors noting: “Pupils enjoy attending this diverse and inclusive school. They feel a strong sense of belonging, which is evident in the positive relationships they have with staff and with each other.” “Pupil",administration-category,"Administration, HR, data and finance",2,"[{""page"": 2, ""query"": ""Administration, HR, data and finance"", ""route"": ""administration-category""}, {""page"": 1, ""query"": ""exams officer"", ""route"": ""keyword:exams officer""}]",2,OK,fc4edc51b8a535d7190c051abe113178b8b35ea451aced09e31614c0dda80f4a
2026-08-23,Teaching Vacancies,exams-officer-bingley-grammar-school,https://teaching-vacancies.service.gov.uk/jobs/exams-officer-bingley-grammar-school,Exams Officer,Bingley Grammar School,"Bingley, Yorkshire and the Humber, BD16 2RS",BD16 2RS,"£31,537-£33,699",2026-08-12,2026-08-28T09:00:00+01:00,['FULL_TIME'],"The role and responsibilities include (but are not limited to): ● Ensure the school strictly adheres to all Joint Council for Qualifications (JCQ) and individual exam board regulations. ● Coordinate and submit accurate student entries and estimated grades to exam boards for GCSE, A-Level, and vocational qualifications ahead of deadlines to avoid late fees. ● Manage the school’s Management Information System (Arbor) to process entries, and results. ● Create and distribute comprehensive exam timetables for both staff and students, resolving any scheduling or rooming conflicts, and seating plans in conjunction with the schools Data Officer. ● Maintain the absolute security of exam papers and confidential materials in accordance with strict national guidelines, including handling deliveries, secure storage, and safe dispatch of completed scripts. ● Work closely with the SENCo (Special Educational Needs Coordinator) to ensure students with Access Arrangements (e.g., extra time, readers, scribes, separate rooms) are fully accommodated and that evidence is documented. ● Assist with recruitment, training, and scheduling of a team of external exam invigilators. Ensure they are fully briefed",administration-category,"Administration, HR, data and finance",8,"[{""page"": 8, ""query"": ""Administration, HR, data and finance"", ""route"": ""administration-category""}, {""page"": 1, ""query"": ""exams officer"", ""route"": ""keyword:exams officer""}]",2,OK,bc966ff7bd226288b38e3bbcf6b96cdb528138252df1856946d03346f993e0e0
2026-08-23,Teaching Vacancies,exams-officer-cottenham-village-college-cambridge-cambridgeshire,https://teaching-vacancies.service.gov.uk/jobs/exams-officer-cottenham-village-college-cambridge-cambridgeshire,Exams Officer,Cottenham Village College,"Cambridge, East of England, CB24 8UA",CB24 8UA,"£31,537.00 - £33,699.00 Annually (FTE) Pro rata salary - £29,044 - £31,035",2026-08-03,2026-08-28T23:59:00+01:00,['FULL_TIME'],"Exams Officer Cottenham Village College Full Time | Permanent | Start Date: September 2026 Actual Salary: £29,044 - £31,035 per annum Be a vital part of student success at Cottenham Village College We are seeking an organised, detail-oriented and highly professional Exams Officer to join our dedicated support staff team at Cottenham Village College. This is a fantastic opportunity for an individual who thrives on accuracy, enjoys working with data and systems, and takes pride in ensuring that every student has the opportunity to achieve their full potential. About Cottenham Village College Cottenham Village College is a thriving and inclusive secondary school located just north of Cambridge. Proudly part of Astrea Academy Trust, we are committed to providing an exceptional education that enables every student to achieve their ambitions. Our staff are united by a shared belief that all young people can succeed, and we work collaboratively to create a culture of high expectations, strong relationships and continual improvement. As a member of our team, you will be joining a supportive and forward-thinking school community where your contribution will make a real difference to student",administration-category,"Administration, HR, data and finance",10,"[{""page"": 10, ""query"": ""Administration, HR, data and finance"", ""route"": ""administration-category""}, {""page"": 1, ""query"": ""exams officer"", ""route"": ""keyword:exams officer""}]",2,OK,fe1b0769334cd8efdb0418b15efced8d9c1544ac5ee62b402c683e95049d665f
2026-08-23,Teaching Vacancies,exams-officer-david-nieper-academy,https://teaching-vacancies.service.gov.uk/jobs/exams-officer-david-nieper-academy,Exams Officer,David Nieper Academy,"Alfreton, East Midlands, DE55 7JA",DE55 7JA,"£32,347.00 - £34,317.00 Annually (FTE) Actual Salary £29,249.58 - £31,030.94) Pay award pending",2026-08-19,2026-09-11T09:00:00+01:00,"['FULL_TIME', 'PART_TIME']","MAIN DUTIES AND RESPONSIBILITIES: In liaison with the Senior Leadership Team (SLT) operate, manage, and coordinate whole academy Examinations. Working closely with the Data Officer and Exams and Data assistant. Examinations To be responsible for the smooth running and administration of all internal and public examinations and to liaise with teachers, students, parents and examination boards in respect of examination requirements, entries, results and communications, ensuring that the Academy adheres to all Awarding Bodies’ regulations. Liaising with the Leadership Team, Curriculum Leaders and other relevant staff regarding examination entries, coursework, and assessment procedures and protocols, and ensuring the smooth running of the examination cycle at all key stages both internal and external exams. Creating exams schedules for internal and external exams ensuring all relevant room bookings and liaison with relevant staff Downloading all relevant base data (exam boards) into SIMs Exams Management system Ensuring that all required information, including that for external candidates, is obtained and submitted accurately within set deadlines in relation to examination entries, chan",administration-category,"Administration, HR, data and finance",45,"[{""page"": 45, ""query"": ""Administration, HR, data and finance"", ""route"": ""administration-category""}, {""page"": 1, ""query"": ""exams officer"", ""route"": ""keyword:exams officer""}]",2,OK,639bcbecd1d587695e7793913ac03e796593a1dfff23e5746dea9c2c2a1f7e5d
2026-08-23,Teaching Vacancies,exams-officer-ernulf-academy,https://teaching-vacancies.service.gov.uk/jobs/exams-officer-ernulf-academy,Exams Officer,Ernulf Academy,"St. Neots, East of England, PE19 2SH",PE19 2SH,"£31,537.00 - £33,699.00 Annually (FTE) Pro rata salary - £29,044 - £31,035",2026-07-28,2026-08-31T23:59:00+01:00,['FULL_TIME'],"JOIN OUR MISSION TO BE ONE OF THE BEST SCHOOLS IN THE COUNTRY! Ernulf Academy is building a team of exceptional and highly skilled staff, committed to driving excellence and continuous improvement across our school. Last year, we improved outcomes by over 10% across multiple measures, and our ambition is to build on this success again this year. As an Exams Officer, you will play a vital role in ensuring the smooth, efficient and compliant administration of all internal and external examinations. Working closely with senior leaders, curriculum teams, awarding bodies and support staff, you will help ensure that every aspect of the examination process is delivered to the highest standard, enabling pupils to demonstrate their achievements in a fair and well-organised environment. You will be a highly organised and detail-oriented professional, capable of managing multiple priorities and working effectively under pressure. Through meticulous planning, excellent communication and a strong understanding of regulations and procedures, you will ensure the academy remains compliant with awarding body requirements while providing outstanding support to pupils and staff throughout the examina",keyword:exams officer,exams officer,1,"[{""page"": 1, ""query"": ""exams officer"", ""route"": ""keyword:exams officer""}]",1,OK,c80439bcbbfd2aff0f1641ff51d771a7b8449e27815fce5af53b1c1ce51fca3f
2026-08-23,Teaching Vacancies,exams-officer-falmouth-school,https://teaching-vacancies.service.gov.uk/jobs/exams-officer-falmouth-school,Exams Officer,Falmouth School,"Falmouth, South West, TR11 4LH",TR11 4LH,"Salary range - £27,665 - £30,366 per annum",2026-08-19,2026-09-10T09:00:00+01:00,['PART_TIME'],"We are looking to appoint an organised, meticulous and highly professional Exams Officer to join our team at Falmouth School. This is a pivotal role within the school, responsible for the successful administration, organisation and delivery of all internal and external examinations, while also supporting the effective management and analysis of student data. Working closely with senior leaders, teaching staff, examination boards and invigilators, you will ensure that all examinations are conducted in accordance with Joint Council for Qualifications (JCQ) regulations and awarding body requirements. The successful candidate will oversee all aspects of the examination cycle, including entries, timetabling, access arrangements, invigilation, results processing, post-results services and certification. They will also play an important role in supporting the school's use of student data through Bromcom and other systems, producing accurate reports and analyses to support school improvement and student achievement. We are seeking an individual with exceptional organisational skills, excellent attention to detail and the ability to manage competing priorities and deadlines. You will be con",administration-category,"Administration, HR, data and finance",45,"[{""page"": 45, ""query"": ""Administration, HR, data and finance"", ""route"": ""administration-category""}, {""page"": 1, ""query"": ""exams officer"", ""route"": ""keyword:exams officer""}]",2,OK,a54d235d3c7da3b9641a602dd2c92e9bdfdbc46c5ac2ab78d27a2d544523647a
2026-08-23,Teaching Vacancies,exams-officer-west-somerset-college-minehead-somerset,https://teaching-vacancies.service.gov.uk/jobs/exams-officer-west-somerset-college-minehead-somerset,Exams Officer,West Somerset College,"Minehead, South West, TA24 6AY",TA24 6AY,,2026-08-18,2026-08-31T23:59:00+01:00,['PART_TIME'],"About You We are seeking an individual who: Has excellent ICT skills and is confident using school systems. Is highly organised, adaptable, and capable of working under pressure with exceptional attention to detail. Demonstrates strong interpersonal skills and the ability to communicate clearly and effectively. Is committed to safeguarding and promoting the wellbeing of children and young people. Brings experience in managing examination processes (experience with Arbor is desirable).",keyword:exams officer,exams officer,1,"[{""page"": 1, ""query"": ""exams officer"", ""route"": ""keyword:exams officer""}]",1,OK,5e772cdbf5f405f2e08898f826c66ba28c930ba532ea51d3e39596a23c4edef9
2026-08-23,Teaching Vacancies,executive-assistant-data-protection-information-governance,https://teaching-vacancies.service.gov.uk/jobs/executive-assistant-data-protection-information-governance,Executive Assistant – Data Protection & Information Governance,"Ealing, Hammersmith and West London College","London, London, W14 9BL",W14 9BL,"£35,827 – £38,754 per annum",2026-08-19,2026-09-04T12:00:00+01:00,['FULL_TIME'],"About the Role We are looking for an organised, proactive and highly capable Executive Assistant to join our Executive Services team at West London College. Working closely with the Data Protection Officer and Chief Operating Officer, you will provide executive and administrative support while coordinating key data protection and information governance activities. This is an excellent opportunity for someone who enjoys working with confidential information, managing competing priorities and ensuring work is completed accurately and on time. Responsibilities Data Protection & Information Governance: Coordinate and administer Freedom of Information (FOI) requests and data protection rights requests, including Subject Access Requests (SARs), ensuring statutory and internal deadlines are met. Manage shared information-rights inboxes, liaising with colleagues across the College to gather information and support accurate, timely responses. Handle personal, confidential and sensitive information with discretion and in line with College policies and legal requirements. Support the Data Protection Officer with the administration of the College's data protection responsibilities. Support the",administration-category,"Administration, HR, data and finance",35,"[{""page"": 35, ""query"": ""Administration, HR, data and finance"", ""route"": ""administration-category""}]",1,OK,aa89cc00ad21024a41eef760e8ed75681e66a7a7f176369ea91d96b366a0fd7f
2026-08-23,Teaching Vacancies,executive-assistant-slt-operations-officer,https://teaching-vacancies.service.gov.uk/jobs/executive-assistant-slt-operations-officer,Executive Assistant & SLT Operations Officer,"St Josephs Catholic High School, Workington","Workington, North West, CA14 3EE",CA14 3EE,"£32,061.00 - £32,597.00 Annually (FTE) Pro rata salary for term time plus working [Pay Award pending]",2026-07-31,2026-08-31T23:59:00+01:00,"['FULL_TIME', 'PART_TIME']","Be at the heart of our school St Joseph’s Catholic High School is looking for a highly organised, proactive and professional individual to join us as our Executive Assistant & SLT Operations Officer. This is a varied and influential role, providing high-level executive support to the Headteacher while helping the Senior Leadership Team coordinate key priorities, projects, communications and whole-school processes. You will work at the centre of school life, helping to ensure that decisions are followed through, deadlines are met and the school continues to operate smoothly and effectively. No two days will be the same. One day you may be coordinating an important meeting or school event; the next, managing communications, supporting a cross-school project or ensuring that key actions are progressed. About the role Working closely with the Headteacher and Senior Leadership Team, you will: Provide confidential, proactive and professional executive support. Manage diaries, meetings, correspondence and competing priorities. Coordinate agreed projects, actions, deadlines and school events. Prepare agendas, minutes, briefing notes, presentations and professional communications. Act as a",administration-category,"Administration, HR, data and finance",16,"[{""page"": 16, ""query"": ""Administration, HR, data and finance"", ""route"": ""administration-category""}]",1,OK,e3af3644cbe5facaa99c31162baecc42315ba140bef3c4f8391cc36c8fca7ff2
2026-08-23,Teaching Vacancies,executive-assistant-to-head-of-school,https://teaching-vacancies.service.gov.uk/jobs/executive-assistant-to-head-of-school,Executive Assistant to Head of School,Conyers School,"Yarm, North East, TS15 9ET",TS15 9ET,"£32,061 to £33,699, pending job evaluation",2026-07-27,2026-09-01T12:00:00+01:00,['FULL_TIME'],"We are looking to appoint a highly motivated individual who will provide efficient and effective support to the Head of School as well as provide excellent support and guidance on a range of administration tasks. The successful candidate will: Provide high-level executive and administrative support to the Head of School, including proactive management of the Head of School’s diary, priorities and correspondence. Lead and oversee HR administration and workforce processes within the school, working in partnership with the Trust HR Team. Coordinate governance, complaints, data protection and sensitive records on behalf of the Head of School.",administration-category,"Administration, HR, data and finance",24,"[{""page"": 24, ""query"": ""Administration, HR, data and finance"", ""route"": ""administration-category""}]",1,OK,b5181d942440617f0f8c36aeed8375efed53cb7b66f98500507d8280f536705d
2026-08-23,Teaching Vacancies,executive-assistant-to-the-senior-leadership-team-glebe-farm-school,https://teaching-vacancies.service.gov.uk/jobs/executive-assistant-to-the-senior-leadership-team-glebe-farm-school,Executive Assistant to the Senior Leadership Team,Glebe Farm School,"Milton Keynes, South East, MK17 8XY",MK17 8XY,"£32,061.00 Annually (FTE) Grade F, £32, 061 full time equivalent",2026-07-24,2026-09-07T12:00:00+01:00,['PART_TIME'],"Executive Assistant to the Senior Leadership Team Part time, Permanent 37 hours per week, 39 weeks per year Grade F (£32,061 FTE) Glebe Farm School is a newly established, purpose-built all-through school located in the thriving community of Glebe Farm. Once fully operational, the school will accommodate up to 1,569 pupils. As part of the Inspiring Futures through Learning Multi-Academy Trust, we are committed to delivering an outstanding 21st-century curriculum to all our pupils. We are looking for an experienced, highly organised, and professional Executive Assistant to provide confidential administrative and executive support to our Senior Leadership Team. This is an excellent opportunity for someone who thrives in a fast-paced environment. Key responsibilities: Provide high-level executive and administrative support, including diary management and minute taking. Act as the first point of contact for enquiries, managing communications professionally and confidentially. Coordinate meetings, projects, and follow-up actions to ensure deadlines and priorities are achieved. Prepare and manage documentation to support compliance with DfE, ESFA, Ofsted, and Trust requirements. The posi",administration-category,"Administration, HR, data and finance",42,"[{""page"": 42, ""query"": ""Administration, HR, data and finance"", ""route"": ""administration-category""}]",1,OK,1a1016e6b6cb5039308bf2157b9ff5de96f0877f853545ac58425f61e512267e
2026-08-23,Teaching Vacancies,extended-services-club-manager-exs031bc,https://teaching-vacancies.service.gov.uk/jobs/extended-services-club-manager-exs031bc,Extended Services Club Manager (EXS031BC),Sileby Redlands Community Primary School,"Loughborough, East Midlands, LE12 7LZ",LE12 7LZ,"£26,832.00 - £28,146.00 Annually (FTE) Actual Starting Salary Approx £20,164.58 per annum",2026-06-29,2026-08-31T23:59:00+01:00,"['FULL_TIME', 'PART_TIME']","Extended Services Club Manager Salary: Grade 7 Pay Point 11-14 (£26,832 per annum to £28,146 per annum) Approximate starting salary of £20,164.58 per annum Hours: 32.5 Hours per week; 39 Weeks per year (Term time plus INSET days) Contract Type: Permanent Working Pattern: Monday to Friday 07:00am to 10:00am and 14:45pm to 18:15pm About the Role: Sileby Redlands Community Primary School is looking for an enthusiastic and dedicated Extended Services Club Manager to join our Extended Services Team. In this role, you will be responsible for supporting the care, education, and wellbeing of children within our Discovery Extended Services Provision, including Wraparound Care and Holiday Camps. You will work collaboratively to deliver high-quality provision, provide cover and support across Discovery Primary Schools within the cluster, and adopt a flexible approach to meeting the needs of our Extended Services programmes in a variety of settings. This is an exciting opportunity to make a positive impact on children's experiences while contributing to a safe, engaging, and nurturing environment. Why Choose Sileby Redlands Community Primary School? At Redlands we believe in putting the childr",administration-category,"Administration, HR, data and finance",16,"[{""page"": 16, ""query"": ""Administration, HR, data and finance"", ""route"": ""administration-category""}]",1,OK,dea87ae5129d3a82557c1fafdc6739189deee8945d8c5d3911cc10ef30618463
2026-08-23,Teaching Vacancies,finance-administrator-apprentice-manor-hall-academy-trust,https://teaching-vacancies.service.gov.uk/jobs/finance-administrator-apprentice-manor-hall-academy-trust,Finance Administrator Apprentice,Manor Hall Academy Trust,"Stoke-On-Trent, ST4 2LW",ST4 2LW,"£15,434.00 Annually (Actual) Salary review pending",2026-08-20,2026-09-07T09:00:00+01:00,['FULL_TIME'],"Responsible to and line managed by the Head of Finance, the Apprentice Finance Administrator will be part of a supportive team providing a consistent and high-quality financial service to the academies within Manor Hall Academy Trust. This role offers an excellent opportunity to gain practical experience in finance and administration while working towards a recognised apprenticeship qualification. The Apprentice Finance Administrator will support the day-to-day finance function of the Trust, assisting with financial transactions, record keeping, data entry, and general administrative duties. The post holder will develop an understanding of financial systems, procedures, and best practice, while contributing to the effective operation of the Trust's finance service. As part of the apprenticeship programme, the successful candidate will attend Newcastle College for one day each week to study towards an AAT Level 2 qualification . Candidates who already hold an AAT Level 2 qualification will have the opportunity to work towards an AAT Level 3 qualification . Subject to successful completion and achievement, there may be the opportunity to progress onto a further level of AAT study dur",administration-category,"Administration, HR, data and finance",41,"[{""page"": 41, ""query"": ""Administration, HR, data and finance"", ""route"": ""administration-category""}, {""page"": 9, ""query"": ""administrator"", ""route"": ""keyword:administrator""}]",2,OK,b6de7879489dec7e35f1768b336790c7724cf0511d262f05bd784d1ae1790aa9
2026-08-23,Teaching Vacancies,finance-administrator-beecholme-primary-school,https://teaching-vacancies.service.gov.uk/jobs/finance-administrator-beecholme-primary-school,Finance Administrator,Beecholme Primary School,"Mitcham, London, CR4 2HZ",CR4 2HZ,"£13,007 (FTE Salary is £29,436)",2026-07-31,2026-08-30T23:59:59+01:00,['PART_TIME'],"Deadline for applications: 31st August 2026 11:59am About the role We are looking for a school administrator (including financial administration) for Beecholme Primary School in Mitcham. We are looking for someone who is personable, self-motivated and enjoys working with children and adults. You will already have administrative experience, ideally in a school and are comfortable handling financial administration such as the processing of invoices. You have good attention to detail and are able to remain calm even on a busy day. This is a part-time role comprising 17.5 hours per week term time, including INSET days, working all day Wednesdays 8.30-3.30. The days and times of the remaining 11 hours are subject to agreement and discussion with the Headteacher. This is a term time role plus one week of hours to be worked flexibly in the school holidays in agreement with the Headteacher. You will be paid for 7.4 weeks of holiday, to be taken in the school holidays. The salary for this role is £13,007. This is based on the Full Time Equivalent (FTE) salary of £29,436. The pay range is NJC spinal points 5-7, salary £29,436 - £30,288 FTE. There is a national pay rise pending which will be",administration-category,"Administration, HR, data and finance",12,"[{""page"": 12, ""query"": ""Administration, HR, data and finance"", ""route"": ""administration-category""}, {""page"": 3, ""query"": ""administrator"", ""route"": ""keyword:administrator""}]",2,OK,6a0603ac9d36f3f4025fcbef57d39258a7ac3358fd536e145d7e0ae8e43991c7
2026-08-23,Teaching Vacancies,finance-and-hr-administrator-cranborne-church-of-england-first-school-wimborne-dorset,https://teaching-vacancies.service.gov.uk/jobs/finance-and-hr-administrator-cranborne-church-of-england-first-school-wimborne-dorset,Finance and HR Administrator,Cranborne Church of England First School,"Wimborne, South West, BH21 5QB",BH21 5QB,"£12,963.00 - £13,603.00 Annually (Actual)",2026-06-18,2026-08-27T09:00:00+01:00,['PART_TIME'],"About this Role The Priory Hub are seeking a Finance and HR Officer who is highly motivated to join our office hub team. The successful candidate will be a key member of the team, meeting new challenges and supporting the Hub Business Manager with HR administration and keeping our financial systems up to date. There is no requirement for applicants to have gained formal HR qualifications. We are looking for someone to work 21 hours per week, term time only as follows: Wednesday to Friday (7 hours per day) or Tuesday to Friday (5.25 hours per day) - Please note Friday is essential. The Priory Hub is a group of 4 schools and this role is to support 3 of those schools, Wimborne St Giles First School, Cranborne First School and Trinity First School. The role will be based across the three schools and travel between the schools is expected . This role provides an exciting opportunity to play a key part in the Priory Hub supporting their schools with the HR and Finance Administration, working together with Office administrators across the hub aswell as the Hub Business Manager. This person will also form part of a wider Finance and HR team for the Trust. You will need to have: Maths GCSE",administration-category,"Administration, HR, data and finance",7,"[{""page"": 7, ""query"": ""Administration, HR, data and finance"", ""route"": ""administration-category""}, {""page"": 2, ""query"": ""administrator"", ""route"": ""keyword:administrator""}]",2,OK,cd33c06cd70221cfb10166fa57f0b8631b9cfa7aabcb3ffa4712c982c0bb554a
2026-08-23,Teaching Vacancies,finance-apprentice-st-joseph-catholic-multi-academy-trust,https://teaching-vacancies.service.gov.uk/jobs/finance-apprentice-st-joseph-catholic-multi-academy-trust,Finance Apprentice,St Joseph Catholic Multi Academy Trust,"Liverpool, L3 1BY",L3 1BY,"£24,796 to £25,185 per annum",2026-08-06,2026-08-24T09:00:00+01:00,"['FULL_TIME', 'TEMPORARY']","GCSE Maths Grade 4/C or above (or equivalent). GCSE English Grade 4/C or above (or equivalent). Willingness to undertake and successfully complete the Level 3 AAT Assistant Accountant Apprenticeship qualification. Good numeracy and literacy skills. Strong attention to detail and accuracy. Good written and verbal communication skills. Ability to organise and prioritise workload effectively. Good ICT skills and confidence using digital systems. Experience using Microsoft Office applications, particularly Excel. Ability to follow instructions, procedures and policies. Ability to work both independently and as part of a team. Positive attitude and willingness to learn and develop new skills. Professional approach when dealing with colleagues, suppliers and stakeholders. Customer-focused with a commitment to delivering excellent service. Ability to maintain confidentiality and handle sensitive information appropriately. Excellent attendance, punctuality and reliability. Previous experience in an administrative, customer service or office environment (desirable). Basic understanding of finance or accounting processes (desirable). Interest in finance, accounting or business administration",administration-category,"Administration, HR, data and finance",3,"[{""page"": 3, ""query"": ""Administration, HR, data and finance"", ""route"": ""administration-category""}]",1,OK,5bda04f7f30d6257465cc8ec4e2d6aef9a73115da73902741f496a4a2b93ee29
2026-08-23,Teaching Vacancies,finance-apprentice-westcountry-schools-trust,https://teaching-vacancies.service.gov.uk/jobs/finance-apprentice-westcountry-schools-trust,Finance Apprentice,Westcountry Schools Trust,"Ivybridge, PL21 0JA",PL21 0JA,"£25,583.00 - £26,403.00 Annually (Actual) WeST Payscale C, Scale 5 - 7",2026-08-13,2026-08-31T09:00:00+01:00,['FULL_TIME'],"Finance Apprentice (based at Ivybridge Community College) - Join the WeST Family Westcountry Schools Trust (WeST) is a tight-knit family of 31 schools - 8 secondary and 23 primaries - working together across the Southwest. We are ambitious for every child and committed to delivering excellence through collaboration, innovation and shared values. We are seeking a motivated and organised Finance Apprentice to join our finance team based at Ivybridge Community College. The post is offered on a permanent basis. However, the role is designed around the completion of a finance apprenticeship pathway and candidates will be expected to fully engage with and successfully complete the required training and qualifications to progress within the position. This is an exciting opportunity for someone who is looking to begin or develop a career in finance while gaining practical experience across a busy and supportive Trust environment. The role will support specific WeST schools and the Trust as a whole, working within the Academy Trust Handbook and WeST Financial Procedures and Regulations to help ensure financial processes, deadlines and audit requirements are met. About This Role As Finance A",administration-category,"Administration, HR, data and finance",12,"[{""page"": 12, ""query"": ""Administration, HR, data and finance"", ""route"": ""administration-category""}, {""page"": 13, ""query"": ""Administration, HR, data and finance"", ""route"": ""administration-category""}]",2,OK,f04ea7e373f1c57e60dc1e91a74aa579f34dd2df8f99db2fb207b893572f9f4e
2026-08-23,Teaching Vacancies,finance-apprentice-westcountry-schools-trust-ivybridge-not-recorded,https://teaching-vacancies.service.gov.uk/jobs/finance-apprentice-westcountry-schools-trust-ivybridge-not-recorded,Finance Apprentice,Westcountry Schools Trust,"Ivybridge, PL21 0JA",PL21 0JA,"£25,583.00 - £26,403.00 Annually (Actual) WeST Payscale C, Scale 5 -7",2026-08-13,2026-08-31T09:00:00+01:00,['FULL_TIME'],"Finance Apprentice (based at Woodford Primary School) - Join the WeST Family Westcountry Schools Trust (WeST) is a tight-knit family of 31 schools - 8 secondary and 23 primaries - working together across the Southwest. We are ambitious for every child and committed to delivering excellence through collaboration, innovation, and shared values. We are seeking a motivated and organised Finance Apprentice to join our finance team based at Woodford Primary School. The post is offered on a permanent basis. However, the role is designed around the completion of a finance apprenticeship pathway and candidates will be expected to fully engage with and successfully complete the required training and qualifications to progress within the position. This is an exciting opportunity for someone who is looking to begin or develop a career in finance while gaining practical experience across a busy and supportive Trust environment. The role will support specific WeST schools and the Trust as a whole, working within the Academy Trust Handbook and WeST Financial Procedures and Regulations to help ensure deadlines, audit requirements and financial processes are met. About This Role As Finance Apprenti",administration-category,"Administration, HR, data and finance",13,"[{""page"": 13, ""query"": ""Administration, HR, data and finance"", ""route"": ""administration-category""}]",1,OK,7719b2f1984ae0b008429718fff8be37dda65586614599d0f4751ac3d1771774
2026-08-23,Teaching Vacancies,finance-assistant-cabot-learning-federation-bristol-not-recorded,https://teaching-vacancies.service.gov.uk/jobs/finance-assistant-cabot-learning-federation-bristol-not-recorded,Finance Assistant,Cabot Learning Federation,"Bristol, BS15 4JT",BS15 4JT,"£29,812 - £32,138",2026-08-03,2026-08-23T23:59:59+01:00,['FULL_TIME'],"Job Title : Finance Assistant Salary: £29,812 - £32,138 (CLF Grade C). Based on 37 hours per week, all year round. Contract Type : Permanent Hours : Full Time, Monday to Friday / All year-round Additional role info : Hybrid role - A mixture of working from home, the finance office in Kingswood - with an expectation to be in the office on Mondays and Tuesdays each week. Provisional Start Date: End of September/beginning of October – pending pre-employment checks Your opportunity to support financial operations and make a difference in education We are looking for a highly organised and detail-oriented individual to join our Central Finance Team as a Central Finance Assistant. This role is essential in supporting the day-to-day financial operations of the trust, ensuring accuracy, compliance, and efficiency across a range of transactional finance activities. You’ll work closely with colleagues across our academies and central teams, contributing to the smooth running of financial processes that underpin the success of our educational mission. About you: You will have: Strong numeracy and literacy skills, with qualifications equivalent to GCSE Maths and English at grade C or above. Ex",administration-category,"Administration, HR, data and finance",2,"[{""page"": 2, ""query"": ""Administration, HR, data and finance"", ""route"": ""administration-category""}]",1,OK,8ec7f6239d945225df5995e10dfd484a8189e6d14d5944ee9ab717464dc4c3af
2026-08-23,Teaching Vacancies,finance-assistant-great-western-academy-swindon,https://teaching-vacancies.service.gov.uk/jobs/finance-assistant-great-western-academy-swindon,Finance Assistant,Great Western Academy,"Swindon, South West, SN25 2PP",SN25 2PP,"£24,654.00 - £25,472.00 Annually (Actual) NJC Scale 13 - 15, £15.06 - £15.56 per hour (Pay award pending)",2026-08-21,2026-09-07T09:00:00+01:00,['FULL_TIME'],"Great Western Academy are looking to recruit a Finance Assistant to join our Finance team. Are you a positive and hard-working person with high aspirations for yourself and others? Do you want to work in an environment that seeks to bring out the best in staff and students? Are you well organised with strong finance and administrative skills? Great Western Academy is seeking to find someone like you to join our Finance team. The successful candidate will support our Finance Manager in ensuring the smooth running of the day-to-day financial function of the Academy. Great Western Academy uses SAGE for Education as it’s accounting package, experience of this software would be an advantage, but not essential. Further details of the role can be found in the Job Description and Information for Applicants attachments. You will join a vibrant and effective office environment of nine staff, who share a large and well-resourced front office. This team contributes significantly to the success of Great Western Academy, whose students have achieved excellent outcomes at GCSE and A-level since opening. Our school is built around Achievement, Care and Excellence, and this applies to staff and stu",administration-category,"Administration, HR, data and finance",40,"[{""page"": 40, ""query"": ""Administration, HR, data and finance"", ""route"": ""administration-category""}]",1,OK,dcec55ec7040158b834909c8a6c9ade858358fb4c52c5ae7bedf7260baaff9ea
2026-08-23,Teaching Vacancies,finance-assistant-halton-lodge-nursery-primary-school,https://teaching-vacancies.service.gov.uk/jobs/finance-assistant-halton-lodge-nursery-primary-school,Finance Assistant,Halton Lodge Nursery & Primary School,"Runcorn, North West, WA7 5LU",WA7 5LU,,2026-08-19,2026-09-02T08:00:00+01:00,['PART_TIME'],"Input orders onto the Trust ‘PS Online’ System; Receive and check goods when these are delivered; Process and raise invoices, using the Trust finance system, to ensure that bills are paid on time and accurately; Ensure up to date financial records are maintained; Administer the finances associated with school activities, including online payment systems, before and after school club fees, trips and residential visits, and (potentially, in the future) nursery fees – and ensuring that necessary information is readily available to the school, parents and other stakeholders. Maintain oversight of the school budget records – to ensure accuracy of information. Collect and count any cash (or cheques) received, including snack money, lunch money, charity donations, etc – and maintain accurate records of all monies received (to ensure that all monies are accounted for). Undertake debt recovery, with a firm, but sensitive approach. Liaise with other stakeholders (including members of the Trust’s Central Team), work colleagues, parents, visitors and contractors in a polite, professional and courteous manner.",administration-category,"Administration, HR, data and finance",26,"[{""page"": 26, ""query"": ""Administration, HR, data and finance"", ""route"": ""administration-category""}]",1,OK,517a03f1caeee860154aa0d181017eae1f4f5f5c602ecda7a48855e0942d86a7
2026-08-23,Teaching Vacancies,finance-assistant-hitchin-boys-school-hitchin-hertfordshire,https://teaching-vacancies.service.gov.uk/jobs/finance-assistant-hitchin-boys-school-hitchin-hertfordshire,Finance Assistant,Hitchin Boys' School,"Hitchin, East of England, SG5 1JB",SG5 1JB,"£24,514.00 - £26,570.00 Annually (Actual) Grade H5 £27,254 - £29,540 (FTE) depending on qualification/experience",2026-08-10,2026-09-02T09:00:00+01:00,['PART_TIME'],"FINANCE ASSISTANT 37 Hours per Week, Mon-Fri 8:30am - 4:30pm 41 weeks per year (term time + 15 days) Grade: H5 FTE salary: £27,254 - £29,540 Actual salary: £24,514 - £26,570 (depending on qualification/experience) Hitchin Boys’ School (HBS) is an outstanding and over-subscribed comprehensive school with a mixed sixth form. We have a history that stretches back nearly 400 years, but embrace fresh thinking and a modern, vibrant curriculum. We have high expectations, excellent standards of behaviour and pride in our extra-curricular activities that lead to academically successful and well-rounded students who are well equipped for life beyond school. We are now seeking a Finance Assistant to support the Finance Manager in managing the day-to-day finances and financial administration of the school. Excellent interpersonal and communication skills are essential as are the ability to work under pressure, meet deadlines and plan priorities effectively. Experience of working in a finance office is essential as well as confidence in using computerised finance systems. Key duties will include: assisting with the control of the school budgets and accounts, implementing and operating effective",administration-category,"Administration, HR, data and finance",27,"[{""page"": 27, ""query"": ""Administration, HR, data and finance"", ""route"": ""administration-category""}]",1,OK,e8321c3de5e87090e0861bb3abcfd93ec6ee54f6875cbd2f1f7be7967da34652
2026-08-23,Teaching Vacancies,finance-assistant-learning-academies-trust-plymouth-not-recorded,https://teaching-vacancies.service.gov.uk/jobs/finance-assistant-learning-academies-trust-plymouth-not-recorded,Finance Assistant,Learning Academies Trust,"Plymouth, PL4 8QZ",PL4 8QZ,"£25,948.00 - £26,403.00 Annually (Actual)",2026-08-11,2026-09-14T09:00:00+01:00,['FULL_TIME'],"We are seeking an enthusiastic and proactive Finance Assistant to join our busy and supportive Central Finance Team. This is an exciting opportunity for someone with finance experience, strong attention to detail and a passion for delivering excellent customer service. Reporting to the Trust Management Accountant, you will play an important role in supporting the Trust's financial operations, helping to ensure the financial health and sustainability of our schools and central services. About the Role As a Finance Assistant, you will provide high-quality transactional processing and financial support across the Trust. Your responsibilities will include: Processing purchase orders, invoices and supplier payments Setting up new suppliers and maintaining accurate records Reconciling supplier statements and resolving queries Monitoring and managing the finance inbox Processing staff expenses and credit card transactions Supporting month-end and year-end financial processes Assisting with audit preparation and financial compliance activities Supporting schools with financial administration and queries Processing sales invoice requests and educational trip costings Building positive worki",administration-category,"Administration, HR, data and finance",48,"[{""page"": 48, ""query"": ""Administration, HR, data and finance"", ""route"": ""administration-category""}]",1,OK,0ae045276130974799f9486614dea463e0339ec1779ba1e4dbe44e1695da86a3
2026-08-23,Teaching Vacancies,finance-assistant-severn-bridges-multi-academy-trust,https://teaching-vacancies.service.gov.uk/jobs/finance-assistant-severn-bridges-multi-academy-trust,Finance Assistant,Severn Bridges Multi Academy Trust,"Shrewsbury, SY1 2SZ",SY1 2SZ,"£23,958.00 - £25,535.00 Annually (Actual) Final pay award pending",2026-08-20,2026-09-03T09:00:00+01:00,['FULL_TIME'],"Finance Assistant Grade 6 (7-11) £23,958-£25,535 final pay award pending Full Time - 37 hours a week, Monday to Friday Term Time plus 2 weeks, Permanent Contract About Our Trust: Building Connections, Nurturing Success Severn Bridges Multi-Academy Trust is a growing family of six schools with more than 350 dedicated staff members serving over 2,000 children. We are a stable, high-performing Trust built on the foundations of collaboration, connection, and community. Much like the historic bridges spanning the River Severn in Shrewsbury, our Trust acts as a vital link between schools, staff, pupils, and families. Guided by our Trust values, we provide a holistic education that ensures every child has the tools to thrive academically, socially, and personally. At Severn Bridges, every voice matters, and we pride ourselves on a deeply embedded ethos of shared learning and mutual support. The Role: Finance Assistant You will work closely with the Finance Manager and Chief Finance and Operating Officer to ensure all the income and expenditure of the Trust is correctly accounted for and reconciled. This will include bank reconciliation, coding of income and expenditure and monitoring actu",administration-category,"Administration, HR, data and finance",30,"[{""page"": 30, ""query"": ""Administration, HR, data and finance"", ""route"": ""administration-category""}]",1,OK,ef8675a43f5539c295f5a6914e47b928220d02743016836cc07ab0b81daf1f5a
2026-08-23,Teaching Vacancies,finance-assistant-st-benedict-s-catholic-high-school,https://teaching-vacancies.service.gov.uk/jobs/finance-assistant-st-benedict-s-catholic-high-school,Finance Assistant,St Benedict's Catholic High School,"Alcester, West Midlands, B49 6PX",B49 6PX,"£18,969.00 - £23,964.00 Annually (Actual) Band F - SCP6 - SCP 11 (Pay Award Pending)",2026-08-05,2026-08-23T12:00:00+01:00,['PART_TIME'],"St Raphael the Archangel CMAT are looking to appoint Finance Assistant on a fixed term basis until 31st August 2027 to support the Central Finance Team. This part time role working 30 - 35 hours per week for 41 weeks per year, will be based at St Benedict’s Catholic High School, Alcester, but occasionally work may be required in other schools. Finance is a happy, supportive and loyal team and we look forward to welcoming a new team member. The successful candidate will: Load transactions onto accounting software for all 29 CMAT schools Be a point of contact for enquiries and queries by email and telephone internally and externally Support with processing new supplier forms following set protocols Look to add value for money for all schools ensuring cost savings across the CMAT Process income transactions and other nominal account journals Any other duties including tasks to support audit and other compliance work Work with other team members to ensure tight deadlines are achieved Be supportive of our Catholic ethos of the school Have high expectations of all children Have energy and enthusiasm with a positive attitude As we strive to become an employer of choice, not only will you",administration-category,"Administration, HR, data and finance",1,"[{""page"": 1, ""query"": ""Administration, HR, data and finance"", ""route"": ""administration-category""}]",1,OK,7f8a9a6f146dbfd94a1e41125bf6cd113dca745a64a49dc0fa2792b327fd6ecc
2026-08-23,Teaching Vacancies,finance-assistant-st-cuthbert-s-roman-catholic-academy-trust,https://teaching-vacancies.service.gov.uk/jobs/finance-assistant-st-cuthbert-s-roman-catholic-academy-trust,Finance Assistant,St Cuthbert's Roman Catholic Academy Trust,"Hull, HU6 7TN",HU6 7TN,"£26,428.00 - £27,275.00 Annually (FTE) Grade 4 SCP 5-7",2026-08-18,2026-08-28T09:00:00+01:00,['FULL_TIME'],"We are seeking to appoint a Finance Assistant to join our Central Finance Team at St Cuthbert’s RC Academy Trust. This is an exciting opportunity for an organised, proactive and customer-focused individual to contribute to the delivery of an effective and efficient central finance service across the Trust. Working closely with the Senior Finance Assistant and Finance Management Team, the successful candidate will provide a range of transactional finance support, ensuring that financial processes are completed accurately, efficiently and in accordance with Trust policies, procurement procedures and statutory requirements. The role will involve working with academies, budget holders, Trust colleagues, suppliers and other external stakeholders, providing a professional and responsive finance service. Working Hours & Schedule: We anticipate this role will be offered on a 37 hour per week basis. However, for the right candidate, we are open to discussing flexible on site working arrangements, including the possibility of term-time only or all-year-round working, subject to the needs of the Trust and the requirements of the role. We are happy to have an informal conversation with prospec",administration-category,"Administration, HR, data and finance",8,"[{""page"": 8, ""query"": ""Administration, HR, data and finance"", ""route"": ""administration-category""}]",1,OK,1d9df17019340255e0ce1211d1567ae98d26075849ae3df4ad9ad4acbeed19bb
2026-08-23,Teaching Vacancies,finance-business-partner-14f46ec6-e5ba-405f-b55a-4226d3823fc3,https://teaching-vacancies.service.gov.uk/jobs/finance-business-partner-14f46ec6-e5ba-405f-b55a-4226d3823fc3,Finance Business Partner,Academy Transformation Trust,"Sutton Coldfield, B73 6AZ",B73 6AZ,"£46,142.00 - £53,460.00 Annually (FTE) NJC Point 35 – 42",2026-08-04,2026-08-24T09:00:00+01:00,['FULL_TIME'],"Finance Business Partner 37 hours per week, All Year Round NJC Point 35 - 42 (£46,142 - £53,460) Home based with travel Start Date: As soon as possible Are you looking for a fantastic new opportunity? An exciting opportunity has arisen to join the Academy Transformation Trust’s Finance team as a Finance Business Partner. As a School Finance Business Partner, you will play a pivotal role in supporting academy leaders across the Trust, providing high-quality financial advice, challenge and support to enable informed decision-making. You will be responsible for overseeing the financial performance of a portfolio of academies, ensuring accurate financial reporting, robust budget management and strong financial controls. Acting as a key liaison with Principals and senior leaders, you will support workforce planning, resource allocation and the delivery of sustainable financial strategies. The role will also be instrumental in driving the implementation and ongoing development of Integrated Curriculum and Financial Planning (ICFP) across the Trust, helping academies align educational priorities with financial sustainability. Our ATT2030 Vision means we meet our young people where they ar",administration-category,"Administration, HR, data and finance",3,"[{""page"": 3, ""query"": ""Administration, HR, data and finance"", ""route"": ""administration-category""}]",1,OK,54c084257924d704e7e206a3bd4e138afa287944a5b895bd6c564aef74b915c1
2026-08-23,Teaching Vacancies,finance-business-partner-57d3025b-f701-43b4-bf16-13498ff4c547,https://teaching-vacancies.service.gov.uk/jobs/finance-business-partner-57d3025b-f701-43b4-bf16-13498ff4c547,Finance Business Partner,St Francis Catholic Multi Academy Trust,"Rotherham, S60 2EN",S60 2EN,"Band K Points 36 - 39 £47,181 - £50,269",2026-08-21,2026-09-21T09:00:00+01:00,['FULL_TIME'],"The successful candidate will: Be self-motivated and have the ambition to develop as a leader with the support from the Trust. Have good interpersonal skills that ensure organisational communication is effective and ensuring our schools feel fully supported. Work in liaison with the Finance Director to ensure the accuracy and sound control of financial transactions in line with the Trust Finance Policy and statutory frameworks. Have experience of educational financial management including funding streams, performing month end procedures and preparation of accounts to trial balance, reconciliations, administration of income and expenditure and support for budget management and monitoring processes Have a good understanding of current financial rules and regulations. Be able to work with Trust Central Team and School Finance colleagues to contribute to the management of workloads and help develop them grow as individuals. Be able to work with Headteachers to assist them in the administration of budget planning and preparation along with monthly budget monitoring meetings. Have a sound working knowledge of Education Finance For full details please see the recruitment pack",administration-category,"Administration, HR, data and finance",50,"[{""page"": 50, ""query"": ""Administration, HR, data and finance"", ""route"": ""administration-category""}]",1,OK,fb0b0c11c36faadfe9d724c9de2c9b88b884281c1d5312fa1d9278df78810d8f
2026-08-23,Teaching Vacancies,finance-business-partner-91c235c5-da46-4798-9b1d-e61f74a63da1,https://teaching-vacancies.service.gov.uk/jobs/finance-business-partner-91c235c5-da46-4798-9b1d-e61f74a63da1,Finance Business Partner,The Consortium Academy Trust,"Cottingham, HU16 5PX",HU16 5PX,"£44,075.00 - £47,181.00 Annually (FTE) Band 11 - SCP33-36 - Actual pro rata salary £26,802 - £28,691 - All year round",2026-08-21,2026-09-09T23:59:00+01:00,['PART_TIME'],"Shared Services is seeking to appoint a Finance Business Partner to join our Finance team. Shared Services is part of The Consortium Academy Trust. We are ambitious about the future - creating learning environments and excellence in teaching and learning that provide our children and young people with the best chance at a successful future. Coupled with this is the commitment, care and investment in our people, who we believe are our greatest asset. If you are a team player who is looking for a varied and interesting new career opportunity within Finance, then we want to hear from you! As a Finance Business Partner, you will provide financial planning, monitoring and budget advice for designated academies. You will be responsible for maintaining strong financial controls within the schools, providing reporting and insight to stakeholders and support key decision makers on financial matters. About You The successful candidate will have experience of working with budgets including budget setting, planning, forecasting and monitoring. The ability to extract, interpret and analyse large quantities of data using different IT packages is required. Candidates will also be educated to GCSE",administration-category,"Administration, HR, data and finance",44,"[{""page"": 44, ""query"": ""Administration, HR, data and finance"", ""route"": ""administration-category""}]",1,OK,e968bc5a8a23f219c02c2aeeea3f676f53080a644e4cdc499679687d9e2f456f
2026-08-23,Teaching Vacancies,finance-business-partner-st-clare-catholic-multi-academy-trust,https://teaching-vacancies.service.gov.uk/jobs/finance-business-partner-st-clare-catholic-multi-academy-trust,Finance Business Partner,St Clare Catholic Multi Academy Trust,"Sheffield, S9 3WU",S9 3WU,"£39,482.00 - £45,530.00 Annually (Actual) NJC 27-33",2026-08-19,2026-09-09T23:59:00+01:00,['FULL_TIME'],"Are you looking for a fantastic new opportunity? We're creating a brand-new Finance Business Partner role to strengthen the connection between Finance and Operations—and we're looking for someone who wants to help shape it. We believe financial insight should empower our school leaders to make informed decisions that maximise resources and improve outcomes for young people. About the Role As Finance Business Partner, you'll become the dedicated finance lead for a portfolio of schools, working closely with Headteachers and operational leaders to understand financial performance, identify risks and opportunities, and provide meaningful commercial insight. You'll review management accounts, investigate variances, support budgeting and forecasting, and help school leaders understand how financial decisions impact operational performance. Rather than simply reporting the numbers, you'll help explain them—and work collaboratively to improve them. What You'll Bring We're looking for someone who combines strong financial knowledge with excellent communication and relationship-building skills. You'll have experience in management accounting or finance business partnering, be comfortable ana",administration-category,"Administration, HR, data and finance",44,"[{""page"": 44, ""query"": ""Administration, HR, data and finance"", ""route"": ""administration-category""}]",1,OK,e365ceb8edb1356cd1db0c510985e9cff8eb1eabef4ee72207131f15e6ddb0ca
2026-08-23,Teaching Vacancies,finance-data-admin-officer,https://teaching-vacancies.service.gov.uk/jobs/finance-data-admin-officer,Finance & Data Admin Officer,Pendle Vale College,"Nelson, North West, BB9 8LF",BB9 8LF,"£24,404.00 - £25,183.00 Annually (FTE) Pro-Rata",2026-08-20,2026-09-18T09:00:00+01:00,['FULL_TIME'],"The college is looking for an organised, logical and hardworking individual to take on the role of Finance & Data admin officer. Under the supervision of the Business Manager and Assistant Business Manager the role will include undertaking a range of financial processes including purchase orders, and invoice processing. In addition, the role will include supporting the school’s assessment, reporting and data functions, ensuring that information is accurate, timely and meaningful for monitoring progress and informing decision, as well as supporting the exams process including processing of reports and results. The role will also include other administrative functions around reception and telephone duties as and when required as well as undertaking generic administrative responsibilities and duties at student social times. To be successful, you will have excellent organisational and numeracy skills, be confident using Microsoft Office applications and enjoy building positive working relationships. We are looking for someone with strong organisational and multitasking skills, excellent communication and interpersonal abilities and experience of working under pressure and dealing with",administration-category,"Administration, HR, data and finance",49,"[{""page"": 49, ""query"": ""Administration, HR, data and finance"", ""route"": ""administration-category""}]",1,OK,ebbcf6e3ef058e35076425be81d180f33aa4bdb3d681792eb04c9181980eb1fa
2026-08-23,Teaching Vacancies,finance-data-protection-administrator,https://teaching-vacancies.service.gov.uk/jobs/finance-data-protection-administrator,Finance & Data Protection Administrator,St Cuthbert Mayne School,"Torquay, South West, TQ1 4RN",TQ1 4RN,"£22,889.00 - £24,396.00 Annually (Actual)",2026-07-20,2026-09-01T09:00:00+01:00,['FULL_TIME'],"The purpose of this role is to provide efficient and accurate financial and administrative support, ensuring the smooth operation of the school’s finance function. Working as part of a busy finance team, you will support a wide range of financial processes, including purchase ordering, invoice processing, supplier payments, banking, budget reporting, ParentPay administration and income reconciliation. The role also supports the school’s data protection responsibilities by assisting with UK GDPR administration, coordinating Subject Access Requests (SARs), supporting data breach processes, maintaining data protection records and liaising with the school’s Data Protection Officer (DPO). The successful candidate will have experience and knowledge of: Financial administration, including purchase ordering, invoice processing and payment of suppliers. Processing financial transactions accurately and maintaining detailed financial records. Working with computerised financial management systems and other applications. Excellent organisational skills, with the ability to prioritise work and meet deadlines. Providing excellent customer service and building positive working relationships with",administration-category,"Administration, HR, data and finance",21,"[{""page"": 21, ""query"": ""Administration, HR, data and finance"", ""route"": ""administration-category""}, {""page"": 6, ""query"": ""administrator"", ""route"": ""keyword:administrator""}]",2,OK,211aa822b561a4afacad5d6dbea8d4eba8f57aed8a8bf1c5c716fad1943cb071
2026-08-23,Teaching Vacancies,finance-director-pathfinder-multi-academy-trust,https://teaching-vacancies.service.gov.uk/jobs/finance-director-pathfinder-multi-academy-trust,Finance Director,Pathfinder Multi Academy Trust,"York, YO10 5ZA",YO10 5ZA,"Grade L19 (£80,655 FTE)",2026-08-21,2026-09-11T12:00:00+01:00,['FULL_TIME'],"We have an exciting opportunity for an experienced Finance Director, or an ambitious and suitably qualified individual, to join the Central Executive Team of our thriving Multi Academy Trust. The Finance Director will provide leadership and management of all aspects of finance, as well as being a key member of the Trust’s Strategic Leadership Team. The role will fulfil the Chief Financial Officer function (CFO) when representing the Trust. You will also have responsibility for financial management, providing technical leadership and support in all accounting matters across the Trust. The role will include regular reporting and the production of high-quality reports in a timely manner enabling informed decisions to be made. The Finance Director will keep ahead of funding and legislative changes that apply to the education sector and will provide the Board of Trustees with strategic financial information to enable them to make informed financial decisions. You also will be responsible for the operational line management of the finance function, managing all financial accounting and transactional finance for the Trust. The Finance Director will monitor financial performance and drive",administration-category,"Administration, HR, data and finance",46,"[{""page"": 46, ""query"": ""Administration, HR, data and finance"", ""route"": ""administration-category""}]",1,OK,ad435acaca72d86651eeb5a52d9cd690b46d05fc67e990f717fac97e458aad3b
2026-08-23,Teaching Vacancies,finance-manager-30-hrs-p-w-term-time-only-5-inset-days-4-weeks,https://teaching-vacancies.service.gov.uk/jobs/finance-manager-30-hrs-p-w-term-time-only-5-inset-days-4-weeks,"Finance Manager (30 hrs p/w, term time only + 5 inset days + 4 weeks)",The Cherwell School,"Oxford, South East, OX2 7EE",OX2 7EE,"£46,142.00 - £49,282.00 Annually (FTE) Actual Annual Gross Salary: £36,211 - £38,676",2026-07-22,2026-09-01T09:00:00+01:00,['PART_TIME'],"The Cherwell School are seeking to appoint an enthusiastic, organised and highly motivated Finance Manager. The successful candidate should have a sound understanding of finance and be committed to providing an excellent and efficient service to all stakeholders. Previous experience of working in a school is desirable but not essential as full training will be given to the successful candidate. This pivotal role involves working in close partnership with the Headteacher and Governors to support school development. About our school:- We are a high performing and oversubscribed comprehensive school in Oxford with approximately 2,000 students on roll, including 680 in the Sixth Form. We are delighted that we were judged ‘Outstanding’ by Ofsted (October 2022), as we feel this is a fair reflection of the school, not least as we recognize that we have the capacity to develop and improve further. We consider ourselves to be a school which has at its heart “opportunity, responsibility, excellence” and we aim to make this a deeper reality for all of our students and staff in the years to come. If you would like to have a conversation about the role, prior to application, please contact our",administration-category,"Administration, HR, data and finance",23,"[{""page"": 23, ""query"": ""Administration, HR, data and finance"", ""route"": ""administration-category""}]",1,OK,99d6d25b78dd13b2d94d0a68e22ab94fbc459de4f309d008cba9814d00d7faa9
2026-08-23,Teaching Vacancies,finance-manager-bishop-stopford-school,https://teaching-vacancies.service.gov.uk/jobs/finance-manager-bishop-stopford-school,Finance Manager,Bishop Stopford School,"Kettering, East Midlands, NN15 6BJ",NN15 6BJ,"£42,839.00 - £46,142.00 Annually (FTE)",2026-07-21,2026-09-07T12:00:00+01:00,['FULL_TIME'],"This is a rare and exciting opportunity to join Bishop Stopford School as our new Finance Manager. The main purpose of this role is to lead and manage the financial operations, ensuring robust financial control, compliance with academy trust and statutory requirements, and the provision of high-quality financial information to support strategic decision-making. The Finance Manager will work closely with the Headteacher, Senior Leadership Team, Trustees and external auditors to ensure the effective stewardship of public funds and the long-term financial sustainability of the School. We offer: a supportive environment in which your talent and commitment will be encouraged, nurtured and rewarded an opportunity to be part of a highly collaborative team Employee recognition and rewards Membership with a health benefits provider which includes access to a GP service. Annual flu vaccination Two-week October half term holiday Free on-site parking Staff gym and Cycle to Work scheme Please check out our amazing review in The Good Schools Guide and our fantastic Ofsted Report from April 2025.",administration-category,"Administration, HR, data and finance",42,"[{""page"": 42, ""query"": ""Administration, HR, data and finance"", ""route"": ""administration-category""}]",1,OK,5b0a94d26ca53d8012a93a5cd348403ed5f7e32dbdc6656b0a1e263f5cb3e53e
2026-08-23,Teaching Vacancies,finance-manager-discovery-schools-academies-trust-ltd-leicester-not-recorded,https://teaching-vacancies.service.gov.uk/jobs/finance-manager-discovery-schools-academies-trust-ltd-leicester-not-recorded,Finance Manager,Discovery Schools Academies Trust Ltd,"Leicester, LE4 1EZ",LE4 1EZ,"£35,451.00 - £39,165.00 Annually (Actual)",2026-08-11,2026-08-24T23:59:00+01:00,['FULL_TIME'],"Finance Manager Discovery Schools Trust Salary: Grade 10, Pay Point Range 23-26, £35,451 - £39,165* Hours: 37 hours per week, 52 weeks per year Contract Type: Permanent *Pending Pay Award Salary Uplift for Support Staff*We are seeking an exceptional Finance Manager to lead our finance operations, systems and financial controls across our growing Trust. This is a pivotal role that combines operational finance leadership with the opportunity to improve processes, develop systems and help shape how financial services are delivered across our academies and central services. Working closely with the Director of Finance, school leaders and colleagues across the Trust, you will ensure our finance function operates efficiently, compliantly and to the highest professional standards, enabling our schools to focus on what matters most: delivering an outstanding education for our pupil As Finance Manager, you will: Lead the Trust's finance operations, systems and financial controls. Oversee transactional finance functions, including purchase ledger, sales ledger, bank reconciliations and VAT processes. Ensure compliance with the Academy Trust Handbook, Trust Financial Regulations and statutory",administration-category,"Administration, HR, data and finance",5,"[{""page"": 5, ""query"": ""Administration, HR, data and finance"", ""route"": ""administration-category""}]",1,OK,da6c05b195f5b5096b93bb825649c482f6d0351f58ccbe6296583084393f9d72
2026-08-23,Teaching Vacancies,finance-manager-mercia-learning-trust-sheffield-not-recorded,https://teaching-vacancies.service.gov.uk/jobs/finance-manager-mercia-learning-trust-sheffield-not-recorded,Finance Manager,Mercia Learning Trust,"Sheffield, S7 1RB",S7 1RB,"Grade 9 (£48,738 to £53,052)",2026-08-21,2026-09-17T08:00:59+01:00,['FULL_TIME'],"Salary: Grade 9 (£48,738 to £53,05) Contract term: 37 hours, 52 weeks, permanent Start date: October 2026 Closing date: 8am Thursday 17 September 2026 Mercia Learning Trust Mercia Learning Trust is a successful partnership of four primary and three secondary schools located in Sheffield, and will soon be joined by our eighth school, Mercia Northridge. Established in 2012, with one secondary school, our trust has grown to serving over 5000 pupils, with 650 staff. Why do we exist? To empower everyone in our communities, especially the most disadvantaged, to succeed. How do we behave? We are kind - showing care and supporting each other. We have integrity - doing the right thing and always putting children first. We work with diligence - overcoming obstacles and having no excuses. What do we do? We run schools that focus on academic excellence, cultural capital and the development of character. How will we succeed? A culture of excellence – high standards shaped by clarity, not control. Academic focus – empowering all children through an exceptional curriculum. Purposeful collaboration – relationships built on trust, reducing sub-optimisation and driving collective success. Our staff",administration-category,"Administration, HR, data and finance",49,"[{""page"": 49, ""query"": ""Administration, HR, data and finance"", ""route"": ""administration-category""}]",1,OK,292a9a7b7a3396e9a9c31e837331708a839b61ba0392c36487adc18d6c13732d
2026-08-23,Teaching Vacancies,finance-manager-wolverley-cofe-secondary-school,https://teaching-vacancies.service.gov.uk/jobs/finance-manager-wolverley-cofe-secondary-school,Finance Manager,Wolverley CofE Secondary School,"Kidderminster, West Midlands, DY11 5XQ",DY11 5XQ,"£34,434 - £36,363",2026-07-17,2026-09-02T12:00:00+01:00,['FULL_TIME'],"Are you an experienced finance professional looking for an opportunity to make a real impact in education? We are seeking a talented and motivated Finance Manager to join our team and help shape the financial future of our successful and ambitious school. Working closely with the School Business Manager and Senior Leadership Team, you will lead on financial planning, budgeting and reporting, ensuring the school's long-term financial sustainability. This senior role includes developing multi-year budgets, undertaking scenario planning, providing financial advice to leaders and governors, and supporting compliance with financial regulations. You will also oversee day-to-day financial operations, support income-generating activities, manage finance staff and deputise for the Business Director on financial matters when required. About You We are looking for someone who has: A Level 5 qualification (or equivalent) in finance, or substantial relevant experience. Experience of budget setting, financial management and reporting. Advanced Excel and financial systems skills. Strong analytical, organisational and communication skills. The ability to influence and build positive working relati",administration-category,"Administration, HR, data and finance",28,"[{""page"": 28, ""query"": ""Administration, HR, data and finance"", ""route"": ""administration-category""}]",1,OK,60451522d59d9115f616cd473a46b83f2aad986214c87daadaff5456cc8cd080
2026-08-23,Teaching Vacancies,finance-officer-cams-hill-school,https://teaching-vacancies.service.gov.uk/jobs/finance-officer-cams-hill-school,Finance Officer,Cams Hill School,"Fareham, South East, PO16 8AH",PO16 8AH,"£28,696.00 - £31,572.00 Annually (FTE) Grade D1 - D5",2026-08-13,2026-08-30T23:59:00+01:00,['FULL_TIME'],"Finance Officer The Gateway Trust Location: Cams Hill School, with occasional travel to other Trust schools Salary: Grade D1 - D5 (£28,696 - £31,572 FTE) Hours: 37 hours per week (Mon-Thu 8.00am-4.00pm, Fri 8.00am-3.30pm); part-time considered for the right candidate Weeks per year: 52 The Gateway Trust is looking for an organised and numerate Finance Officer to join our central finance team, based at Cams Hill School. You'll work closely with the Finance Director to provide day-to-day financial administration across the Trust's schools — from management accounts and invoicing to bank reconciliations, payroll support and VAT returns. It's a varied, hands-on role at the heart of a Trust that's genuinely invested in the schools and communities it serves. What you'll be doing: Supporting the Finance Director with budgeting, monthly management accounts and end-of-month reporting Administering purchasing, invoicing and payment arrangements, including coding invoices and raising credit notes Assisting with supplier payment runs via BACS and checking supplier statements Reconciling bank accounts, control accounts and the trial balance on a monthly basis Maintaining the fixed asset registe",administration-category,"Administration, HR, data and finance",10,"[{""page"": 10, ""query"": ""Administration, HR, data and finance"", ""route"": ""administration-category""}]",1,OK,df3911364b997b6ef95c12f580c3e0730cedc7fda493d719ed4696c933a42e96
2026-08-23,Teaching Vacancies,finance-officer-our-lady-of-the-wayside-catholic-primary-school,https://teaching-vacancies.service.gov.uk/jobs/finance-officer-our-lady-of-the-wayside-catholic-primary-school,Finance Officer,Our Lady of the Wayside Catholic Primary School,"Solihull, West Midlands, B90 4AY",B90 4AY,"£26,824.00 - £29,540.00 Annually (FTE)",2026-07-10,2026-09-04T09:00:00+01:00,['PART_TIME'],"Our Lady and All Saints Catholic Multi Academy Finance Officer Band C £26,824 - £29,540 (Actual salary £13,850 - £15,252) Permanent 21.75 hours a week, 40 weeks per year (additional weeks to be worked in the summer holidays as defined by the Headteacher) Our Lady of the Wayside Catholic Primary School Start Date: ASAP Our Lady and All Saints Catholic Multi Academy Company (“the MAC”) was formed in April 2021 and currently comprises of 12 Catholic Primary Schools and 2 Catholic Secondary Schools across the Birmingham, Solihull, and Warwickshire areas. Applications are invited from enthusiastic and committed professionals to join the hardworking, dedicated and friendly staff in our successful school. We can offer: A school which places Jesus Christ at the heart of our school. A welcoming, supportive school family who work closely with parents and parish. The commitment of a highly professional team who are friendly, dedicated and supportive, and who share a passion for primary education. A dedicated school leadership team who are committed in creating a loving environment where children and staff can learn and grow together. Happy, delightful children who respond to challenge and are",administration-category,"Administration, HR, data and finance",33,"[{""page"": 33, ""query"": ""Administration, HR, data and finance"", ""route"": ""administration-category""}]",1,OK,b4b220915ba7ab642a361f45d9830b6d89b3efbe7c43304ade0f474ff37d794f
2026-08-23,Teaching Vacancies,finance-officer-st-matthew-s-primary-school,https://teaching-vacancies.service.gov.uk/jobs/finance-officer-st-matthew-s-primary-school,Finance Officer,St Matthew's Primary School,"Luton, East of England, LU2 0NJ",LU2 0NJ,"£23,113.00 - £25,620.00 Annually (Actual) L4",2026-08-09,2026-09-06T23:59:00+01:00,['FULL_TIME'],"St Matthew’s Primary School are looking for a Finance Officer to work closely with the Business and Resource Manager to give effective financial support. As a large and ever growing school, St Matthew’s can offer you a team to work in, whilst also recognising that you will have experience and skills to share with us. Whilst St Matthew’s is a large primary school, it has a calm, personal and happy atmosphere. We are a big school with small community habits and pride ourselves on everyone’s personal, academic and professional well-being and this is a cornerstone of our ethos. The sense of being in an ambitious, supportive family is often commented on by children, parents, staff and visitors alike. From our new Finance Officer we would ask you to: Have experience of financial procedures and reporting Be able to work under pressure whilst meeting deadlines Have a high level of numeracy skills Have excellent communication and interpersonal skills to communicate with a wide range of stakeholders Understand the need for high levels of confidentiality, discretion and integrity in the school environment Demonstrate professionalism and accuracy in all aspects of the role Have the ability to",administration-category,"Administration, HR, data and finance",38,"[{""page"": 38, ""query"": ""Administration, HR, data and finance"", ""route"": ""administration-category""}]",1,OK,c7c8d864bffb3797587881dcf39a9951fcd60fad277f3c1b75b7ca7ddba8757d
2026-08-23,Teaching Vacancies,finance-officer-st-raphael-the-archangel-catholic-multi-academy-trust,https://teaching-vacancies.service.gov.uk/jobs/finance-officer-st-raphael-the-archangel-catholic-multi-academy-trust,Finance Officer,St Raphael The Archangel Catholic Multi Academy Trust,"Leamington Spa, CV32 6NB",CV32 6NB,"£28,736.00 - £31,215.00 Annually (Actual) Band H SCP 17 - 22 ( pay award pending)",2026-08-05,2026-08-23T12:00:00+01:00,['FULL_TIME'],"St Raphael the Archangel CMAT are looking to appoint a Finance Officer to support the Central Finance Team. This full time role, working 42 weeks per year (term time plus inset plus 3 additional weeks) will be based at Trinity Catholic School, but some work will be required in other schools. Finance is a happy, supportive and loyal team and we look forward to welcoming a new team member. The successful candidate will: Produce monthly management accounts for a group of schools within the Trust. Support with month end procedures. Produce regular forecasts and budgets using IMP software. Payroll reconciliations. Assist with the annual audit processes and produce reports as necessary. Work with other team members to ensure tight deadlines are achieved. Be supportive of our Catholic ethos of the school Have high expectations of all children Have energy and enthusiasm with a positive attitude As we strive to become an employer of choice, not only will you be joining a progressive multi-academy trust, you will also receive a competitive benefits package, which as well as salary includes: Health & Wellbeing employee assistance programme Family friendly policies Access to an excellent pensi",administration-category,"Administration, HR, data and finance",1,"[{""page"": 1, ""query"": ""Administration, HR, data and finance"", ""route"": ""administration-category""}]",1,OK,e87f24a73ecb5bd270f395935945da7cf7aa841d2aa5e07404e3226ea7ddfd6d
2026-08-23,Teaching Vacancies,finance-officer-the-gorse-academies-trust,https://teaching-vacancies.service.gov.uk/jobs/finance-officer-the-gorse-academies-trust,Finance Officer,The Gorse Academies Trust,"Leeds, LS27 0LZ",LS27 0LZ,"Grade: SO1-SO2 (SCP 23–28) Salary: £35,570 - £40,444",2026-07-27,2026-09-02T09:00:00+01:00,['FULL_TIME'],"Are you an experienced finance professional looking for an opportunity to develop your accounting and supervisory skills within a high-performing multi-academy trust? The GORSE Academies Trust is seeking a motivated and organised Finance Officer to join our central finance team. This is an exciting opportunity to play a key role in supporting the trust's financial operations, ensuring robust financial controls, accurate accounting processes, and exceptional service delivery across our establishments. About the Role Reporting to the Chief Accountant, you will be responsible for coordinating the trust's day-to-day financial and accounting activities, ensuring financial information is processed, recorded and reported accurately. You will supervise and allocate work to Finance Administrators, maintain compliance with trust Financial Procedures, and provide guidance and support to finance colleagues across the Trust. Key responsibilities include: Supervising and supporting Finance Administrators. Ensuring compliance with Financial Procedures and accounting controls. Managing bank reconciliations and payment processes. Acting as a key point of contact for finance and procedure queries. M",administration-category,"Administration, HR, data and finance",27,"[{""page"": 27, ""query"": ""Administration, HR, data and finance"", ""route"": ""administration-category""}]",1,OK,d0880fe851e361177dcb1e94e9d493f347dd2685195bfc0951453e9b4f283e46
2026-08-23,Teaching Vacancies,finance-officer-the-kite-academy-trust,https://teaching-vacancies.service.gov.uk/jobs/finance-officer-the-kite-academy-trust,Finance Officer,The Kite Academy Trust,"Ash Vale, GU12 5PX",GU12 5PX,"£23,859.00 - £29,848.00 Annually (FTE) Kite Band 2 £8,475 - £10,603 actual",2026-08-14,2026-09-01T12:00:00+01:00,['PART_TIME'],"Key responsibilities will involve: Providing accounting and financial support to Academies across the Trust. Preparing and maintaining accurate financial records, including posting transactions, accounting adjustments, bank reconciliations, and payroll journals. Producing monthly management accounts and financial reports. Supporting budgeting and forecasting processes. We are looking for someone who: Managing income and debtors, including raising invoices, monitoring outstanding payments, and reconciling debtor accounts. Leading and coordinating academy lettings, liaising with customers, agreeing terms, and ensuring all documentation and processes are completed correctly. Has good organisational skills, strong attention to detail and accuracy along with the ability to work under pressure with conflicting priorities. Has experience in finance, accounting, or school/trust financial administration. Can produce, analyse, and present financial information clearly. Has excellent communication and relationship-building skills, with the confidence to work effectively with academy leaders, staff, suppliers, and customers. Demonstrates a proactive and professional approach, maintaining confi",administration-category,"Administration, HR, data and finance",23,"[{""page"": 23, ""query"": ""Administration, HR, data and finance"", ""route"": ""administration-category""}]",1,OK,96e2ff77fe8581df12ec526e219e828ea9d82f4c81d9109d7f482673736afa66
2026-08-23,Teaching Vacancies,finance-officer-the-limes-college,https://teaching-vacancies.service.gov.uk/jobs/finance-officer-the-limes-college,Finance Officer,The Limes College,"Sutton, London, SM1 2SD",SM1 2SD,"£22,100.00 Annually (Actual)",2026-07-20,2026-08-25T23:59:00+01:00,['PART_TIME'],"Finance Officer Required from October 2026 26 Hours per week, term time including INSET days plus an additional week to be worked over the school holidays. Salary: NJC 6 Scale Point 16 £34,488 FTE per annum Actual Salary £22,100 per annum. The Limes College is seeking to appoint a highly organised and motivated Finance Officer to join our finance team. This is an exciting opportunity to contribute to a specialist educational setting that is committed to improving outcomes for young people. About the Role The successful candidate will support the finance team with the day-to-day financial operations of the school. This includes processing transactions using the ACCESS Finance system and maintaining accurate records through Excel spreadsheets. The postholder will play an important role in ensuring the efficient, economic and effective use of the school’s resources. Key responsibilities include: Processing purchase orders, invoices, and payments in line with financial procedures Supporting budget monitoring and reconciliation activities Maintaining accurate financial records and spreadsheets Liaising with suppliers, agencies and internal stakeholders Assisting with financial reporting",administration-category,"Administration, HR, data and finance",6,"[{""page"": 6, ""query"": ""Administration, HR, data and finance"", ""route"": ""administration-category""}]",1,OK,fb7e1078fd56656ba5ca0ee120673a52c8fcbb1e0bac94a69dac82acf3a3385e
2026-08-23,Teaching Vacancies,finance-trips-admin-assistant-sharnbrook-academy-bedford-bedfordshire,https://teaching-vacancies.service.gov.uk/jobs/finance-trips-admin-assistant-sharnbrook-academy-bedford-bedfordshire,Finance & Trips Admin Assistant,Sharnbrook Academy,"Bedford, East of England, MK44 1JL",MK44 1JL,"£21,971.86 Annually (Actual)",2026-08-14,2026-08-31T09:00:00+01:00,['FULL_TIME'],"Vacancy for Finance & Trips Admin Assistant Salary: Meridian Trust Support, Grade 5. Points 5 Hours of work: 37 per week, 39 weeks per year (TTT - term time only) We have an exciting opportunity to join our expanding team as Finance & Trips Admin Assistant. Working as part of a dedicated team to assist with the finance operations of the Meridian Trust Core Finance team, while simultaneously gaining an accredited qualification with the AAT at level 3 or 4. We are looking for an adaptable and motivated individual with a willingness to learn new things! The Opportunity A great chance to work with a strong, fun enthusiastic team. To simultaneously learn valuable on-the-job skills and gain an accredited qualification. To gain valuable experience working with one of the highest performing academy groups in the country. The ideal candidate Be educated to GCSE level or equivalent for level 3 or A Level/AAT Level 3 or equivalent for level 4. Some previous experience of working in Finance would be beneficial but not essential. Have a good understanding of Microsoft products including excel and word. Be a team player, with a ‘can do’ solution focused attitude. Have a strong attention to detai",administration-category,"Administration, HR, data and finance",13,"[{""page"": 13, ""query"": ""Administration, HR, data and finance"", ""route"": ""administration-category""}]",1,OK,b7a6a8f61f991c40680f0796ce1b6e220681dbffbceeab353402865031d0893c
2026-08-23,Teaching Vacancies,financial-accountant-partnership-learning,https://teaching-vacancies.service.gov.uk/jobs/financial-accountant-partnership-learning,Financial Accountant,Partnership Learning,"Dagenham, RM9 5QS",RM9 5QS,"£57,915.00 - £62,691.00 Annually (Actual) Essential car user allowance of £1,460 per annum",2026-08-13,2026-09-03T16:00:00+01:00,['FULL_TIME'],"Partnership Learning is seeking an enthusiastic, committed finance specialist with a strong track record to be a key member of the Central Finance Team and support the further development of the finance operations of the Trust. They will be a qualified (or soon to be qualified) accountant. This is an exceptional opportunity and will provide excellent scope for widening and deepening professional skills and experience. About Partnership Learning: Partnership Learning is a growing multi-academy trust which currently has 20 schools - primary, secondary, all-through, special and UTC - serving 14,000 pupils, in Hillingdon, Barking and Dagenham, Southend, Havering and Waltham Forest. The Trust believes in high levels of autonomy remaining at school level, with finance teams within each school carrying out day to day financial activities and processing - overseen and supported by the Central Finance Team as required. The Trust is on a sound financial footing, with annual income of over £135m and with reserves of around £18m. The Central Finance Team currently consists of six staff (Director of Finance, two Financial Accountants, Trainee Accountancy Officer, Finance Officer and Finance App",administration-category,"Administration, HR, data and finance",31,"[{""page"": 31, ""query"": ""Administration, HR, data and finance"", ""route"": ""administration-category""}]",1,OK,7ec5e2bbf5933bf09f87f9398a7511350e176cdeef2ef5063c1cfec4a17eacc0
2026-08-23,Teaching Vacancies,financial-controller-9097ffb6-9d63-4285-9dd2-537e38cf05ad,https://teaching-vacancies.service.gov.uk/jobs/financial-controller-9097ffb6-9d63-4285-9dd2-537e38cf05ad,Financial Controller,Cabot Learning Federation,"Bristol, BS15 4JT",BS15 4JT,"£55,747 - £61,534 (CLF Grade L4 - L8)",2026-08-10,2026-09-01T23:59:59+01:00,['FULL_TIME'],"Job Title: Financial Controller Actual Annual Salary: £55,747 - £61,534 (CLF Grade L4 - L8) Contract Type: Permanent Hours: Full-time, 37 hours per week, Monday to Friday, All year-round Additional information: You will work through a blended model that includes home working and with two days per week based at Federation House, Kingswood, Bristol. Shape financial excellence across our trust We are seeking an experienced and strategic Financial Controller to lead the operational finance function across the Cabot Learning Federation. This is a pivotal leadership role within our Central Finance Team, where you will drive high-quality financial management, ensure robust compliance, and support the delivery of our Trust-wide financial strategy. Working closely with the Finance Director, senior leaders, and academy teams, you will oversee the day-to-day finance operations, statutory reporting, and audit processes, ensuring that financial outputs are accurate, timely, and aligned with regulatory requirements. You will play a key role in shaping a culture of continuous improvement, strengthening financial controls, and delivering high-quality financial services that support positive outcom",administration-category,"Administration, HR, data and finance",26,"[{""page"": 26, ""query"": ""Administration, HR, data and finance"", ""route"": ""administration-category""}]",1,OK,f5f4eb0442e56be37d3fcb05f54e41dc2004a308e1a3cde65d5ec9e638186434
2026-08-23,Teaching Vacancies,first-aid-lead-and-medical-administrator,https://teaching-vacancies.service.gov.uk/jobs/first-aid-lead-and-medical-administrator,First Aid Lead and Medical Administrator,"Abbey College, Ramsey","Ramsey, East of England, PE26 1DG",PE26 1DG,"£23,233.65 Annually (Actual)",2026-08-19,2026-08-31T23:59:00+01:00,['FULL_TIME'],"Salary: £23,233.65 (Actual) Grade 7 Point 12 Hours: 35 hours per week 39 weeks per year (Term time + 1 weeks) About Our School At Abbey College, Ramsey, we are committed to your development and offer an extensive programme of CPD and development activities. We have earned the Early Career Development Quality Mark underlining our commitment to excellence and offering exceptional frameworks that support our teachers in their early years. We know that our children only get one chance at school. Our mission is to provide high-quality education and ensure the best possible opportunities for our students. If you are ready to make a real impact on young lives and be part of a supportive community, we invite you to join us.” Explore our school’s prime location, nestled beside the historic Ramsey Abbey building amidst its picturesque countryside. Despite our tranquil setting, we are just 20-25 minutes from bustling cities Peterborough and Huntingdon. Plus, thanks to our prime location near the A1 motorway, you can reach Cambridge in just 40 minutes, and London is a swift 45 minutes from the Peterborough train station. Introducing Abbey College Spirit At the core of our community lies our Sp",keyword:administrator,administrator,5,"[{""page"": 5, ""query"": ""administrator"", ""route"": ""keyword:administrator""}]",1,OK,1b50186fee31b39bbb48759a4ad50e54d9cf1b392f6bf40a77ccd3addd4a4dc1
2026-08-23,Teaching Vacancies,fohr-admin-raedwald-trust,https://teaching-vacancies.service.gov.uk/jobs/fohr-admin-raedwald-trust,FOHR Admin,Raedwald Trust,"Ipswich, IP4 5ND",IP4 5ND,"£27,115.00 - £29,957.00 Annually (FTE) (pro rata salary £23,221 - £25,655)",2026-08-14,2026-09-11T23:59:00+01:00,['FULL_TIME'],"At Raedwald Trust, we are proud to deliver high-quality alternative provision, specialising in partnership working across the education landscape. Our dedicated trust-wide team is committed to delivering outstanding excellent efficient and effective education. The Trust provides education for young learners who are unable to access mainstream education for medical or behavioural reasons. You will be based at an Ipswich academy but will be required to work across all of the Raedwald Trust settings when required. You will need to be enthusiastic, flexible and have excellent customer service skills. In addition to this, you should be IT competent, have a good standard of education including GCSE grade 4/C in mathematics and English or equivalent. This is a role that has daily contact with our students and you will be required to undertake Restraint and Safeguarding training. Access to personal transport is essential.",administration-category,"Administration, HR, data and finance",47,"[{""page"": 47, ""query"": ""Administration, HR, data and finance"", ""route"": ""administration-category""}]",1,OK,e07aa3ea9cf34deecba58b2730889c3df441f57824245dff03388d6eafc63b65
2026-08-23,Teaching Vacancies,general-administrator-waingels,https://teaching-vacancies.service.gov.uk/jobs/general-administrator-waingels,General Administrator,Waingels,"Reading, South East, RG5 4RF",RG5 4RF,"£13,606.99 - £14,503.20 Annually (Actual) NJC Grade 4 SCP 7 to 11",2026-07-16,2026-08-31T12:00:00+01:00,['PART_TIME'],"Waingels General Administrator Part time, 22.5 hours per week Permanent, term time only plus 3 inset days Grade 4 SCP 7 to 11 £13,606.99 to £14,503.20 per annum For September 2026 start Are you an experienced, efficient administrator looking to provide support in a busy school environment with a specific focus on educational visits and examination administration? Do you want to join a dedicated, friendly administrative team who are committed to providing staff and students with an exceptional experience? Do you have excellent interpersonal and IT skills along with the ability to work in a fast-paced environment? Are you looking to work in a thriving and well-regarded school where staff well-being is central to all of our decision making? If the answer to any of these questions is “yes” then we would like to hear from you. Waingels, a popular 11-18 school where students achieved above national average in all measures and was identified as “continuing to be good” in a recent OFSTED inspection, is seeking a highly organised and proactive Administrator to join our support staff team. The successful candidate will play a key role in supporting the general administrative needs of the sch",administration-category,"Administration, HR, data and finance",15,"[{""page"": 15, ""query"": ""Administration, HR, data and finance"", ""route"": ""administration-category""}, {""page"": 4, ""query"": ""administrator"", ""route"": ""keyword:administrator""}]",2,OK,1e316ac589c612b8eb9c9c3f02c695289bf5df3503ebe6f1f634e6d10ae3bcc3
2026-08-23,Teaching Vacancies,general-administrator-with-silent-study-supervisor,https://teaching-vacancies.service.gov.uk/jobs/general-administrator-with-silent-study-supervisor,General Administrator with Silent Study Supervisor,Waingels,"Reading, South East, RG5 4RF",RG5 4RF,"£14,886.23 - £15,866.69 Annually (Actual) Grade 4 SCP 7 to 11",2026-07-16,2026-08-31T12:00:00+01:00,['PART_TIME'],"Waingels General Administrator with Silent Study Supervisor Part time, 25 hours per week Monday to Friday 8.30am to 1.30pm Fixed term contract from 1st September 2026 to 31st August 2027 Term time only Grade 4 SCP 7 to 11 £14,886.23 to £15,866.69 per annum - Are you an experienced, efficient administrator looking to provide support in a busy school environment with responsibility for supervising silent study? - Do you want to join a dedicated, friendly administrative team who are committed to providing staff and students with an exceptional experience? - Do you have excellent interpersonal and IT skills along with the ability to work in a fast-paced environment? - Are you looking to work in a thriving and well-regarded school where staff well-being is central to all of our decision making? If the answer to any of these questions is “yes” then we would like to hear from you. Waingels, a popular 11-18 school where students achieved above national average in all measures and was identified as “continuing to be good” in a recent OFSTED inspection, is seeking to appoint an organised, enthusiastic and professional individual to join our support staff team as a General Administrator and S",administration-category,"Administration, HR, data and finance",14,"[{""page"": 14, ""query"": ""Administration, HR, data and finance"", ""route"": ""administration-category""}, {""page"": 15, ""query"": ""Administration, HR, data and finance"", ""route"": ""administration-category""}, {""page"": 4, ""query"": ""administrator"", ""route"": ""keyword:administrator""}]",3,OK,fbfa259eeba745314df1c2250a6db33d9fbc8dc1851473ed9a63f1a2e978845f
2026-08-23,Teaching Vacancies,governance-administrator-aspire-academies-trust,https://teaching-vacancies.service.gov.uk/jobs/governance-administrator-aspire-academies-trust,Governance Administrator,Aspire Academies Trust,"Hemel Hempstead, HP2 5TD",HP2 5TD,"£26,718.00 - £27,983.00 Annually (FTE)",2026-07-16,2026-09-09T12:00:00+01:00,['PART_TIME'],"GOVERNANCE ADMINISTRATOR THE ROLE Position: Governance Administrator Hours: 20hrs per week, to be worked over minimum of 3 working days per week (term time + 1 week) Location: Hybrid working between Central Services Office in Hemel Hempstead (approx 10 hours per week) and remote or LAB Meetings at Aspire schools (approx 10 hours per week) Salary (FTE): £26,718 - £27,983 per annum (FTE) Salary (OTE): £12,353 - £12,938 per annum (Actual) (Salary will be adjusted in line with the support staff pay award increase when announced) Job Description: CLICK HERE Join us in a key governance administration role, where you'll support our Governance Professional by acting as clerk and managing the effective operation of our six Local Advisory Bodies, helping to ensure strong compliance, robust governance practices, and meaningful board engagement. You will also manage the coordination of member recruitment, onboarding, and schedule of policies across Aspire. The successful candidate will be responsible for coordinating the annual cycle of Local Advisory Body (LAB) meetings, working closely with Chairs to plan agendas and ensure the smooth running of governance activities. You will attend all LAB",administration-category,"Administration, HR, data and finance",43,"[{""page"": 43, ""query"": ""Administration, HR, data and finance"", ""route"": ""administration-category""}, {""page"": 10, ""query"": ""administrator"", ""route"": ""keyword:administrator""}]",2,OK,44748651089c3bebf60e44da73b523e118490de8b4c457fe5fe3323685aedf93
2026-08-23,Teaching Vacancies,governance-administrator-diocese-of-salisbury-academy-trust-salisbury-not-recorded,https://teaching-vacancies.service.gov.uk/jobs/governance-administrator-diocese-of-salisbury-academy-trust-salisbury-not-recorded,Governance Administrator,Diocese Of Salisbury Academy Trust,"Salisbury, SP2 0FG",SP2 0FG,"£25,989.00 - £26,824.00 Annually (Actual)",2026-07-22,2026-09-01T09:00:00+01:00,['PART_TIME'],"We have two exciting opportunities to join the Diocese of Salisbury Academy Trust Governance Team as Governance Administrators. Our Governance Administrators provide high-quality governance administration and clerking support, helping committees operate effectively and ensuring governance is compliant, well organised and focused on improving outcomes for children. We are recruiting to two different committee allocations. Governance Administrator - Academy Standards and Ethos Committees (ASECs) This role currently supports four Academy Standards and Ethos Committees (ASECs). It includes all governance administration associated with each committee, including meeting preparation, agenda management, attendance at meetings, minute taking, action tracking, governor recruitment and onboarding, governor records, statutory compliance, clerking statutory panels and ongoing support to governors and school leaders. ASEC meetings are currently held six times each academic year, although the Trust is reviewing its governance meeting cycle from September 2027. Governance Administrator - Hub Committees and Governance Cover This role supports the Trust's five regional Hub Committees and provides go",administration-category,"Administration, HR, data and finance",21,"[{""page"": 21, ""query"": ""Administration, HR, data and finance"", ""route"": ""administration-category""}, {""page"": 22, ""query"": ""Administration, HR, data and finance"", ""route"": ""administration-category""}, {""page"": 6, ""query"": ""administrator"", ""route"": ""keyword:administrator""}]",3,OK,d7aa03b7f8116addcaaee9efadc484b056eaf8806916d99aff69037b153809a4
2026-08-23,Teaching Vacancies,governance-business-partner,https://teaching-vacancies.service.gov.uk/jobs/governance-business-partner,Governance Business Partner,St Joseph Catholic Multi Academy Trust,"Liverpool, L3 1BY",L3 1BY,"£40,777 - £46,142 per annum",2026-08-06,2026-08-24T09:00:00+01:00,['FULL_TIME'],"Experience of governance, compliance, clerking, business support or administration within a professional environment. Understanding of governance, compliance or formal meeting procedures. Experience of preparing agendas, producing accurate minutes and maintaining action trackers. Excellent written communication skills with strong attention to detail. Strong organisational and time management skills, with the ability to manage multiple priorities effectively. Ability to provide professional governance and procedural support to a wide range of stakeholders. Experience maintaining records, registers, databases or compliance systems. Confidence using IT systems, including Microsoft Office and online governance platforms. Ability to work independently and as part of a collaborative team. High levels of professionalism, discretion and confidentiality. Experience supporting complaints, hearings, FOI requests, Subject Access Requests or other formal processes is desirable. Experience working within education, public sector, charity or other regulated environments is desirable. Knowledge of academy trust or school governance is desirable. Commitment to safeguarding and promoting the welfare",administration-category,"Administration, HR, data and finance",4,"[{""page"": 4, ""query"": ""Administration, HR, data and finance"", ""route"": ""administration-category""}]",1,OK,058b6eb4eb30083c1aa1afb2f53eb187d8937adf8e18f9611ceddc4c8cbc7062
2026-08-23,Teaching Vacancies,governance-compliance-officer-inspire-connected-communities-trust,https://teaching-vacancies.service.gov.uk/jobs/governance-compliance-officer-inspire-connected-communities-trust,Governance & Compliance Officer,Inspire Connected Communities Trust,"Louth, LN11 8RS",LN11 8RS,"£25,989.00 - £27,254.00 Annually (FTE)",2026-07-29,2026-09-01T23:59:00+01:00,['FULL_TIME'],"Governance & Compliance Officer Grade G4 Point 9-12 - £25,989 to £27,254 per annum (FTE) 37 hours per week, term time only and including evening meetings We are a partnership of two Trusts, both committed to delivering excellence across all of our settings. Within our Trust we have SEND, mainstream primary and secondary schools plus a children’s home. This role will be providing essential governance support across our two Trusts , working with our Governance Professional / Data Protection Officer to ensure strong governance along with a secure data protection provision. If you are ready to play a vital role in shaping the future of education governance, we would love to hear from you! You will: Ensure compliance with DfE requirements, the Academy Trust Handbook, and relevant legislation; Draft agendas, coordinate meetings, prepare papers and take accurate minutes; Advise Directors on governance policy, procedures, and developments; Maintain statutory registers and records; Provide support to the DPO, maintaining Subject Access Request, Freedom of Information and data breach logs Amongst other elements of the role. We are seeking someone who: Has prior experience in governance or cl",administration-category,"Administration, HR, data and finance",26,"[{""page"": 26, ""query"": ""Administration, HR, data and finance"", ""route"": ""administration-category""}]",1,OK,0b3d809d007baa6158ac72fd9e599741d50674634709f3a07272dea5bae0b816
2026-08-23,Teaching Vacancies,governance-professional-clerk-st-thomas-catholic-academies-trust,https://teaching-vacancies.service.gov.uk/jobs/governance-professional-clerk-st-thomas-catholic-academies-trust,Governance Professional (Clerk),St Thomas Catholic Academies Trust,"Luton, LU4 0PF",LU4 0PF,£16.62 - £17.85 Hourly,2026-08-16,2026-08-24T12:00:00+01:00,['PART_TIME'],"St Thomas Catholic Academies Trust is a family of 18 Catholic schools serving communities across Luton, Central Bedfordshire, Buckinghamshire and Slough as part of the Diocese of Northampton. We are united by a shared mission and a commitment to delivering high-quality Catholic education. Our schools are rooted in the belief that education is about forming the whole person - developing mind, body and spirit. Our ambition is not simply to be good, but to ensure that every school is a school of choice for the communities it serve. As Governance Lead, I am pleased to invite applications for the role of Governance Professional within our Catholic Multi-Academy Trust, where governance is integral to both our strategic effectiveness and our shared mission. Rooted in our Catholic ethos, our Trust is guided by Gospel values, placing dignity, service, and the common good at the heart of all we do. We are committed to maintaining the highest standards of governance, ensuring that our Board and its committees are well-supported and equipped to make informed, transparent decisions that serve our pupils, families, and wider communities. The Governance Professional plays a pivotal role in uphold",administration-category,"Administration, HR, data and finance",5,"[{""page"": 5, ""query"": ""Administration, HR, data and finance"", ""route"": ""administration-category""}]",1,OK,ee63a6c9156f4aad7722b73ae7a6a37c843eeaceeb07ce17e674452f09f16cff
2026-08-23,Teaching Vacancies,head-of-finance-business-partnering-orchard-hill-college-academy-trust,https://teaching-vacancies.service.gov.uk/jobs/head-of-finance-business-partnering-orchard-hill-college-academy-trust,Head of Finance Business Partnering,Orchard Hill College Academy Trust,"Sutton, SM1 1DA",SM1 1DA,"OHC&AT Central teams’ Management Scale (L24-L28), £60, 218 – £66,901 p/a",2026-07-21,2026-09-01T23:59:00+01:00,['FULL_TIME'],"We are seeking a proactive and experienced Head of Finance Business Partnering to join our dynamic Finance team. This is a fantastic opportunity for someone who is looking to grow their career in Financial Management whilst making a real difference to the lives of our pupils and students. Key Responsibilities: Deputise for the Assistant Director of Finance when required. Responsible for a portfolio of schools that show high risk. Lead a team of academy Senior Finance Business Partners, reviewing management accounts for all schools on a monthly basis. Line manage staff to include all duties required to induct, recruit, continuously develop, support and manage them effectively. Establish, challenge, and review bench-marking tools to compare OHCAT academies with others in the trust and also within the wider academy sector. Lead on continuous improvement on Debtors reporting. Ensure completion consolidated budget for the academic year to include I&E, balance sheet, cashflow statements, commentary and dashboards for presentation to Risk and Review meetings. Make visits to the academies and other sites as needed to ensure the smooth running of the team and functions. See Job Description",administration-category,"Administration, HR, data and finance",26,"[{""page"": 26, ""query"": ""Administration, HR, data and finance"", ""route"": ""administration-category""}]",1,OK,dcbcd09d6cabf9ee90d9e6d003ebee9e5b569195111f150453fa565c92259ad9
2026-08-23,Teaching Vacancies,head-of-finance-magna-learning-partnership,https://teaching-vacancies.service.gov.uk/jobs/head-of-finance-magna-learning-partnership,Head of Finance,Magna Learning Partnership,"Salisbury, SP1 1RD",SP1 1RD,"£58,000.00 - £65,000.00 Annually (FTE)",2026-08-07,2026-09-07T09:00:00+01:00,['FULL_TIME'],"Reporting directly to the Director of Finance & Business, you will lead an established central finance team of six and help drive financial efficiency, strategic improvement, and robust financial management across the Trust. This is an opportunity to support educational leaders to deliver the best possible outcomes for children and young people. If you are a qualified accountant and have strong education sector experience, a passion for continuous improvement, and the ability to translate financial data into meaningful insights, we would love to hear from you. About Magna Learning Partnership Established in April 2017 through a partnership of three local secondary schools, Magna Learning Partnership has grown into a thriving Multi-Academy Trust comprising seven primary schools, three secondary schools and a sixth form college. Committed to inclusion and excellence, we work collaboratively to improve life chances for every child and young person within our academies. Whilst we seek alignment and shared best practice across our schools, we also value and preserve each academy's unique identity. The Role As Head of Finance, you will support the Director of Finance & Business in delive",administration-category,"Administration, HR, data and finance",39,"[{""page"": 39, ""query"": ""Administration, HR, data and finance"", ""route"": ""administration-category""}]",1,OK,7e2239b3c8c3c87018ca32043b82a100873be90e20826f3e2bdca623a2d671fd
2026-08-23,Teaching Vacancies,head-of-hr-danes-educational-trust-chorleywood-not-recorded,https://teaching-vacancies.service.gov.uk/jobs/head-of-hr-danes-educational-trust-chorleywood-not-recorded,Head of HR,Danes Educational Trust,"Chorleywood, WD3 6EW",WD3 6EW,"£60,001.00 - £72,763.00 Annually (FTE)",2026-07-09,2026-09-09T09:00:00+01:00,['FULL_TIME'],"The Head of HR at Danes Educational Trust is a key role within the central services team which supports a group of 13 schools located across Hertfordshire and Buckinghamshire. As a collaborative group of education and business leaders with extensive experience in the education sector, the central services team recognises the key contribution which HR makes to each and every member of the staff and pupils across our Trust. As a well regarded multi academy trust, we are committed to excellence in our operations through behaviours which support all our core values. We hope that the details of this outstanding opportunity in a key role offer insight into how you could make a real difference within our Trust and we look forward to receiving applications from those who are interested to join us on our journey. The Trust is committed to safeguarding children and young people. All post holders are subject to a satisfactory Enhanced Disclosure and Barring Service (DBS) check. If you would like an informal discussion about the role, please contact Susan Poole, Director of Operations (spoole@danesedtrust.org.uk). Full details about this vacancy are available here.",administration-category,"Administration, HR, data and finance",43,"[{""page"": 43, ""query"": ""Administration, HR, data and finance"", ""route"": ""administration-category""}]",1,OK,3dd655f184578c230c8e912002b76982edc46436ee2e1154bf5d09feb12a1ec8
2026-08-23,Teaching Vacancies,head-of-operations-stephenson-mk-trust,https://teaching-vacancies.service.gov.uk/jobs/head-of-operations-stephenson-mk-trust,Head of Operations,Stephenson (Mk) Trust,"Milton Keynes, MK14 6AX",MK14 6AX,"£60,637.00 - £64,413.00 Annually (FTE)",2026-08-03,2026-08-28T23:59:00+01:00,['FULL_TIME'],"Join us in building a Trust where everyone belongs and every child thrives. At Stephenson MK Trust , we believe education changes lives. We are an ambitious, values-driven Trust committed to ensuring every child, regardless of their starting point or circumstances, has the opportunity to flourish. Our work is built on one simple belief: Children thrive when they feel they belong. Everything we do is underpinned by strong relationships, high expectations, compassion and collaboration. We are passionate about creating schools where children are understood before they are judged, where families are valued as partners and where staff are empowered to make a difference every single day. As our Trust continues to grow, we are looking for an exceptional Head of Operations to join our Executive Leadership Team and play a pivotal role in shaping the future of our organisation. Our Vision We believe... Every child deserves to belong. Every family deserves to be understood. Every member of staff deserves to flourish. Every school deserves outstanding operational support. Every community deserves hope. Together, we are building schools where relationships come before reputation, belonging come",administration-category,"Administration, HR, data and finance",10,"[{""page"": 10, ""query"": ""Administration, HR, data and finance"", ""route"": ""administration-category""}]",1,OK,e29043e73522d82726299ffdbee41fe4c32686116042f8fc7e27b878f6cf0038
2026-08-23,Teaching Vacancies,headteacher-s-pa-office-manager-chilton-trinity-school-bridgwater-somerset,https://teaching-vacancies.service.gov.uk/jobs/headteacher-s-pa-office-manager-chilton-trinity-school-bridgwater-somerset,Headteacher's PA & Office Manager,Chilton Trinity School,"Bridgwater, South West, TA6 3JA",TA6 3JA,"Actual salary £30,377 - £32,888",2026-07-15,2026-08-31T23:59:00+01:00,['FULL_TIME'],"We’re looking for someone who: • Brings energy, commitment and creativity to their work • Builds positive relationships and works well in a team • Has an Administration/ Business/ Personnel qualification at Level 3 or above, or qualified Personal Assistant • Shares our belief that every child deserves the very best opportunities",administration-category,"Administration, HR, data and finance",16,"[{""page"": 16, ""query"": ""Administration, HR, data and finance"", ""route"": ""administration-category""}, {""page"": 18, ""query"": ""Administration, HR, data and finance"", ""route"": ""administration-category""}, {""page"": 1, ""query"": ""office"", ""route"": ""keyword:office""}, {""page"": 2, ""query"": ""office"", ""route"": ""keyword:office""}]",4,OK,96f89edfbbe99d077db17740b1975bd83bb95210e033763634f51a34dedb800f
2026-08-23,Teaching Vacancies,healthcare-assistant-administrator-park-vale-academy-nottingham-nottinghamshire,https://teaching-vacancies.service.gov.uk/jobs/healthcare-assistant-administrator-park-vale-academy-nottingham-nottinghamshire,Healthcare Assistant / Administrator,Park Vale Academy,"Nottingham, East Midlands, NG5 9AZ",NG5 9AZ,"Redhill Academy Trust Pay Scale, Band 6, Scale point 29 - 32",2026-08-03,2026-08-25T12:00:00+01:00,['PART_TIME'],"Now recruiting for a Healthcare Assistant / Administrator to provide an effective first response, first aid service to the academy’s students following accident or injury and administrative support in the Main Office.",administration-category,"Administration, HR, data and finance",6,"[{""page"": 6, ""query"": ""Administration, HR, data and finance"", ""route"": ""administration-category""}, {""page"": 2, ""query"": ""administrator"", ""route"": ""keyword:administrator""}]",2,OK,769395cebb2f4e1bba222b8f01396233948877fa228a3a8c81cf47caf2ec065f
2026-08-23,Teaching Vacancies,hlta-nursery-admin,https://teaching-vacancies.service.gov.uk/jobs/hlta-nursery-admin,HLTA Nursery Admin,Midfield Primary School,"Orpington, London, BR5 3EG",BR5 3EG,"£5,380.00 - £5,901.00 Annually (Actual)",2026-07-20,2026-08-31T23:59:00+01:00,['PART_TIME'],"Vacancy: HLTA Nursery Admin Contract: Maternity Cover Fixed-Term Grade: TSPT 6, Points 17 - 21 Salary: £5,380 - £5901 (FTE £27,261 - £29,900) 9.5 hours a week, 39 weeks per year (term time plus inset days) Start date: September 2026 We are looking for a committed, hard-working, enthusiastic admin support who will be responsible for the day-to-day administrative operations of the nursery and ensuring it’s smooth running. To be flexible and willing to work in all areas of the nursery. Maintain and develop good communication with colleagues, children, parent/carers and other professionals. The successful candidate will be confident and willing to work collaboratively, committed and dedicated to improving the smooth running of the Nursery. Spring Trust strives to offer the very best education within our power to every child we can reach. Our member schools are part of a family that shares its knowledge, expertise and resources to change children’s lives. You will be committed and passionate about raising standards and life chances for all children in an inclusive environment. Our Schools/Trust and all its personnel are committed to safeguarding and promoting the welfare of the children",administration-category,"Administration, HR, data and finance",16,"[{""page"": 16, ""query"": ""Administration, HR, data and finance"", ""route"": ""administration-category""}]",1,OK,d8fb228bc2a3dbb36e0c820d63464c9a3455ab3c8ab510de8b938e05f2268591
2026-08-23,Teaching Vacancies,house-support-asisstant,https://teaching-vacancies.service.gov.uk/jobs/house-support-asisstant,House Support Asisstant,South Nottinghamshire Academy,"Nottingham, East Midlands, NG12 2FQ",NG12 2FQ,"Redhill Academy Trust Pay Scale, Band 6, Scale point 29 - 32",2026-07-29,2026-09-04T12:00:00+01:00,['PART_TIME'],Now recruiting for a House Support Assistant to provide full administrative support to the Heads of House.,administration-category,"Administration, HR, data and finance",34,"[{""page"": 34, ""query"": ""Administration, HR, data and finance"", ""route"": ""administration-category""}]",1,OK,e3e5d2ae25c785ab06eb065f9bbf094a44c7c9f65438c997a24f348d0ae16fee
2026-08-23,Teaching Vacancies,hr-admin-assistant-girls-learning-trust,https://teaching-vacancies.service.gov.uk/jobs/hr-admin-assistant-girls-learning-trust,HR Admin Assistant,Girls' Learning Trust,"Sutton, SM3 8AB",SM3 8AB,"£13,395.00 Annually (Actual) £33,129 (FTE)",2026-08-07,2026-08-23T22:00:00+01:00,['PART_TIME'],"The opportunity: We are seeking a part-time HR Admin Assistant to join our team and support our continued growth as an organisation, as we welcome a fourth school in November. As well as working closely with the HR team, you will often be the first point of contact for new staff members to the Trust, helping forge strong relationships. The role offers an exciting opportunity for someone looking to work part-time and term time hours to enable a good work/life balance and who wants to have an impact on our schools and the young people we serve. What we offer: Staff are our most valued asset, and we are continuously working to introduce initiatives or make changes which support them both professionally and personally. Some of the initiatives we have recently introduced are a new Health and Wellbeing Cash plan for staff and their dependents; a generous discretionary leave scheme; and we have made changes to the performance review process ensuring a strong focus on continued professional development - all of which have been led by the HR team. The role offers flexibility - you will work 5.5 hours on a Tuesday, Wednesday and Thursday but you can choose your start and end times (within th",administration-category,"Administration, HR, data and finance",1,"[{""page"": 1, ""query"": ""Administration, HR, data and finance"", ""route"": ""administration-category""}]",1,OK,9aeecc9d451919899b8222c1402015efa5e454b4b4df20f9fba65d4cdfd34133
2026-08-23,Teaching Vacancies,hr-admin-assistant-robsack-wood-primary-school,https://teaching-vacancies.service.gov.uk/jobs/hr-admin-assistant-robsack-wood-primary-school,HR & Admin Assistant,Robsack Wood Primary School,"St Leonards-on-Sea, South East, TN38 9TE",TN38 9TE,"£16,702.60 - £17,798.37 Annually (Actual) TPA 8 / NJC 6 - 10 - £25,989 - £27,694pa FTE",2026-07-16,2026-08-27T23:59:00+01:00,['PART_TIME'],"Our experienced Head teacher and her supportive senior leadership team are looking for a HR & Admin Assistant to join the office team at Robsack Wood Primary School. This role is term time only at 39 weeks per year working 26 hours per week, hours to be discussed with senior leadership team. Key responsibilities include: To provide HR and admin support to the School. To provide a reception service to the school. To provide general admin support to the school. Specific responsibilities include creation and maintenance of accurate and confidential records, and complying with data protection laws. Robsack Wood Primary School is an Ofsted graded Good school in the St Leonards on Sea area of Hastings. Our 1-2 form entry school is proud to have a team of dedicated staff who are passionate about providing a fun and exciting learning experience for our pupils. We pride ourselves on fostering a family feel environment. Our great outdoor facilities and unique layout contribute to a positive and enriching atmosphere, providing the ideal setting for our pupils to explore, learn, and grow together. Join us on this educational journey, where we celebrate individuality, foster creativity, and cre",administration-category,"Administration, HR, data and finance",7,"[{""page"": 7, ""query"": ""Administration, HR, data and finance"", ""route"": ""administration-category""}]",1,OK,37311b0e9210511f9485b67bc95d3ac46bc78def9ebefa4165b8adff4b84b423
2026-08-23,Teaching Vacancies,hr-administrator-86d9fe65-1a75-4481-9155-0c7b4d9c9eb0,https://teaching-vacancies.service.gov.uk/jobs/hr-administrator-86d9fe65-1a75-4481-9155-0c7b4d9c9eb0,HR Administrator,Chiltern Learning Trust,"Luton, LU3 3QN",LU3 3QN,"£16,006.00 - £17,349.00 Annually (Actual) L4 pts 9 - 14 pro rata'd",2026-08-04,2026-09-04T09:00:00+01:00,['FULL_TIME'],"HR Administrator - Chiltern Learning Trust Location: Leighton Buzzard Contract Type: Permanent Hours of work: 25 hours per week, 39 weeks per year Salary: NJC L4 pts 9 -14 (£16,006 - £17,349 per annum) Training: Full training and support will be provided Closing date: Friday 4th September 2026 at 09:00am Overview of the job We are looking for someone to provide a range of administrative duties to ensure that a comprehensive support service is provided to the Trust. This is a key post within the Trust which requires dedication and a highly efficient and responsible approach. The post will be located in our Leighton Buzzard hub and you will be based at either Cedars Upper School, Linslade Middle School or Gilbert Inglefield Academy. If you feel you have the right mix of good communicational skills, a general understanding of HR practices and can work as part of a team, then we would welcome an application from you. You need to have a flexible approach to working hours, high standards and a positive attitude. If you have an unwavering commitment to safeguarding young people, high levels of personal resilience and thrive in an environment where no two days are the same, then we want to",administration-category,"Administration, HR, data and finance",32,"[{""page"": 32, ""query"": ""Administration, HR, data and finance"", ""route"": ""administration-category""}, {""page"": 8, ""query"": ""administrator"", ""route"": ""keyword:administrator""}]",2,OK,85f0264700aecd0c51b3098c63a44b54cada2a60ead2b7a68f239186eb418b7d
2026-08-23,Teaching Vacancies,hr-administrator-glebe-farm-school-milton-keynes-buckinghamshire,https://teaching-vacancies.service.gov.uk/jobs/hr-administrator-glebe-farm-school-milton-keynes-buckinghamshire,HR Administrator,Glebe Farm School,"Milton Keynes, South East, MK17 8XY",MK17 8XY,"£26,824.00 Annually (FTE) Grade D, £26,824 per annum",2026-07-24,2026-09-01T12:00:00+01:00,['FULL_TIME'],"HR Administrator Full time, Permanent 37 hours per week, 52 weeks per year Grade D (£26,824 FTE) Glebe Farm School is a newly established, purpose-built all-through school located in the thriving community of Glebe Farm. Once fully operational, the school will accommodate up to 1,569 pupils. As part of the Inspiring Futures through Learning Multi-Academy Trust, we are committed to delivering an outstanding 21st-century curriculum to all our pupils. We are looking for a highly organised and professional HR Administrator to support the delivery of an efficient and compliant HR service within our school. Key responsibilities: Manage recruitment administration, including advertising vacancies, interview coordination, pre-employment checks, and contract issuance. Coordinate onboarding, induction, and probation processes for new employees. Maintain confidential HR records and the Single Central Record (SCR), ensuring safeguarding compliance. Monitor absence data, support payroll changes, and respond to HR enquiries professionally and confidentially The position is based at Glebe Farm School, Wavendon, Milton Keynes. For more information, please visit www.glebefarmschool.co.uk. As part of",administration-category,"Administration, HR, data and finance",23,"[{""page"": 23, ""query"": ""Administration, HR, data and finance"", ""route"": ""administration-category""}, {""page"": 7, ""query"": ""administrator"", ""route"": ""keyword:administrator""}]",2,OK,03522a2e3a49945b5059593b4bfd47d424a81f9c9d097e4eaab1500c2b2e30ef
2026-08-23,Teaching Vacancies,hr-administrator-the-diocese-of-canterbury-academies-trust,https://teaching-vacancies.service.gov.uk/jobs/hr-administrator-the-diocese-of-canterbury-academies-trust,HR administrator,The Diocese Of Canterbury Academies Trust,"Canterbury, CT1 1NQ",CT1 1NQ,"£28,182.00 Annually (FTE) Actual annual salary £ 26057.39",2026-07-16,2026-09-07T23:59:00+01:00,['PART_TIME'],"Aquila, The Diocese of Canterbury Academies Trust are seeking an organised and proactive HR Administration Assistant to join our growing Multi Academy Trust, supporting 17 schools across our trust. This is an excellent opportunity for an individual with HR administration experience, preferably in the education sector, who is passionate about delivering a high-quality people service. Key Responsibilities Maintain accurate and up-to-date employee records and HR data. Provide administrative support across the full employee lifecycle, including: Recruitment and selection processes Onboarding and induction Contractual changes Leavers and terminations Liaise closely with Finance and Payroll colleagues to ensure staffing budgets, payroll records, and personnel changes are processed accurately and efficiently. Support the delivery of staff training and development activities. Assist with HR projects and initiatives aimed at continuously improving the HR service across the Trust. Ensure compliance with employment legislation, safeguarding requirements, and Trust policies. Maintain and regularly update the Trust’s Single Central Record (SCR), ensuring all safeguarding, vetting and pre-employ",administration-category,"Administration, HR, data and finance",42,"[{""page"": 42, ""query"": ""Administration, HR, data and finance"", ""route"": ""administration-category""}, {""page"": 10, ""query"": ""administrator"", ""route"": ""keyword:administrator""}]",2,OK,7e95f87de0e98b48358bf305bb31f93a7036a56578e206c6958529a65d86d2c8
2026-08-23,Teaching Vacancies,hr-administrator-the-spencer-academies-trust,https://teaching-vacancies.service.gov.uk/jobs/hr-administrator-the-spencer-academies-trust,HR Administrator,The Spencer Academies Trust,"Nottingham, NG9 6RZ",NG9 6RZ,"£27,709.00 - £29,541.00 Annually (Actual) NJC8-12",2026-08-13,2026-08-31T12:00:00+01:00,['FULL_TIME'],"Join Our HR Team and Make a Difference We are looking for an enthusiastic, organised and customer-focused HR Administrator to join our Central HR Team. This is an exciting opportunity to support the delivery of professional and efficient HR services across our Multi Academy Trust. Working closely with colleagues, academy HR leads and employees, you will play a vital role in ensuring our HR processes run smoothly and that staff receive excellent service throughout their employment journey. Experience of supporting recruitment, onboarding, probation, contractual changes, payroll and leaver processes and maintaining employee data would be advantageous. If you have strong administrative skills, excellent attention to detail and enjoy working in a fast-paced environment, we would love to hear from you. About the Role Acting as a first point of contact for routine HR queries, as a HR Administrator, you will provide comprehensive administrative support across all areas of the employee lifecycle, helping to deliver a responsive and effective HR service to our Central Team and across our academies. About You We are looking for someone who: Has previous administration experience, ideally wit",administration-category,"Administration, HR, data and finance",15,"[{""page"": 15, ""query"": ""Administration, HR, data and finance"", ""route"": ""administration-category""}, {""page"": 4, ""query"": ""administrator"", ""route"": ""keyword:administrator""}]",2,OK,1c8afe35cf3a9c8cd77715cbf45bd486d318efa025e9af61948f522da06bbeb9
2026-08-23,Teaching Vacancies,hr-administrator-tulip-academy,https://teaching-vacancies.service.gov.uk/jobs/hr-administrator-tulip-academy,HR Administrator,Tulip Academy,"Spalding, East Midlands, PE11 2EH",PE11 2EH,"£23,973.00 - £26,409.00 Annually (Actual) G5.12-15 £27,254 - £30,024 FTE",2026-08-20,2026-09-07T23:59:00+01:00,['FULL_TIME'],"Tulip Academy is an outstanding all age all need Special School. Our school is situated over two campuses: Waterside Campus (Neville Avenue, Spalding) and Springview Campus (Pinchbeck Road, Spalding). Our professional and caring staff make a strong and dedicated team where every child and young person is treated with respect to ensure that their rights, needs and aspirations, personal preferences and pathways remain central to the school's organisation. We want our pupils to be empowered and to benefit in the future from a meaningful and rewarding adulthood. We strive to ensure our pupils have access to bespoke and enriching curriculums to support their development and learning in communication, independence, academic based teaching and learning, community participation, daily living and vocational skills and inclusion to SEND departments of local colleges and adult social care settings. The school is part of CIT (Community Inclusive Trust), a Multi Academy Trust comprising of special and mainstream primary schools across Lincolnshire, Leicestershire and Nottinghamshire. We are looking to appoint - HR Administrator Please refer to attached Job Description and Person Specification f",administration-category,"Administration, HR, data and finance",42,"[{""page"": 42, ""query"": ""Administration, HR, data and finance"", ""route"": ""administration-category""}, {""page"": 10, ""query"": ""administrator"", ""route"": ""keyword:administrator""}]",2,OK,02e994d324dc6cad84715c483552b2fada9a74488d2225b2bbf8628080feb572
2026-08-23,Teaching Vacancies,hr-adviser-field-based,https://teaching-vacancies.service.gov.uk/jobs/hr-adviser-field-based,HR Adviser (Field based),Northstowe Learning Community,"Cambridge, East of England, CB24 1DJ",CB24 1DJ,"£32,061.00 - £35,412.00 Annually (Actual)",2026-07-22,2026-09-07T08:00:00+01:00,['FULL_TIME'],"Vacancy for HR Adviser (Field based) at Meridian Trust Salary: Meridian Trust Grade 8, Points £32,061-£35,412 Hours: 37 hours, 52 weeks. We have an exciting opportunity to join our expanding Core HR team as a field-based HR Advisor. This key role will provide professional advice and support to schools across Meridian Trust. This will include supporting HR colleagues with basic training, supporting with recruitment where needed, and general support with HR transactional work and advice on straightforward ER cases. The post holder will support HR colleagues in schools in carrying out their day-to-day HR tasks. This is field based role, principally supporting schools in the Cambridge/Ely area, with some travel to other Trust schools located in Bedfordshire, Northamptonshire, Stamford and Peterborough. The school the HR Adviser will be based at will be decided on appointment with the successful applicant. The Opportunity A great chance to work with an experienced and enthusiastic team. Undertake meaningful work that has a positive impact on local communities. Join a respected and admired multi-academy trust with a strong, values based culture. Access to development opportunities, gaini",administration-category,"Administration, HR, data and finance",39,"[{""page"": 39, ""query"": ""Administration, HR, data and finance"", ""route"": ""administration-category""}]",1,OK,c2b4771080ffd4706e780b975f5419e59925450aaf8b17a4ba85822667b97d50
2026-08-23,Teaching Vacancies,hr-advisor-danes-educational-trust-chorleywood-not-recorded,https://teaching-vacancies.service.gov.uk/jobs/hr-advisor-danes-educational-trust-chorleywood-not-recorded,HR Advisor,Danes Educational Trust,"Chorleywood, WD3 6EW",WD3 6EW,"£29,540.00 Annually (FTE)",2026-07-21,2026-08-24T09:00:00+01:00,['PART_TIME'],"We have an exciting opportunity for an HR Advisor to work within the Central Services HR team. This is a chance to step into a key role where you will provide expert HR support. If you are passionate about HR, thrive on building strong relationships and enjoy making an impact on people and business success, we would love to hear from you. The post holder will act as a first point of contact and provide generalist HR advisory and administrative support as required to a portfolio of schools across the Trust and line manage the HR Coordinators within assigned schools in conjunction with the HR Manager. Our Trust comprises 13 schools in Hertfordshire and Buckinghamshire and the Central Services HR team is based out of St Clement Danes School. The Trust is committed to safeguarding children and young people. All post holders are subject to satisfactory Enhanced Disclosure and Barring Service (DBS) check. The closing date for applications is Monday 24 August 2026 at 9.00am and interviews will be held on Thursday 27 August 2026. If you would like to discuss the role, please email hradmin@danesedtrust.org.uk and we will arrange a call with you. Full details of this opportunity are availabl",administration-category,"Administration, HR, data and finance",4,"[{""page"": 4, ""query"": ""Administration, HR, data and finance"", ""route"": ""administration-category""}]",1,OK,fd0eee79ace1c4f2b0b324116a0ca7502c7ad4db921ae881113ed5e75564dfeb
2026-08-23,Teaching Vacancies,hr-advisor-diocese-of-southwell-and-nottingham-multi-academy-trust-southwell-not-recorded,https://teaching-vacancies.service.gov.uk/jobs/hr-advisor-diocese-of-southwell-and-nottingham-multi-academy-trust-southwell-not-recorded,HR Advisor,Diocese Of Southwell And Nottingham Multi Academy Trust,"Southwell, NG25 0JH",NG25 0JH,"£34,434.00 - £39,152.00 Annually (FTE)",2026-08-12,2026-09-14T09:00:00+01:00,['FULL_TIME'],"HR Advisor Hay Band A (£34,434 - £39,152) Contract: Permanent, 37 hours all year round (term time only will be considered) Location: Jubilee House, Southwell, Nottinghamshire (A hybrid working arrangement is in place) Starting date - September or earlier. An exciting opportunity has arisen for a self-motivated and enthusiastic individual to join SNMAT’s growing HR & Payroll Team, providing support to our 24 partner academies. As an HR Advisor, you will deliver professional advice and guidance to leaders on policies and procedures, complex casework and other HR related matters. You will be responsible for the strategic and proactive case management of long- and short-term sickness absences and advising on a range of other employee relation cases. At SNMAT we can offer: An opportunity to make a difference to the lives of the young people in our Trust by providing exceptional support to headteachers, senior leaders and colleagues. An opportunity to develop knowledge and understanding in the field of Education HR. Access to the Local Government Pension Scheme. Access to a range of employee benefits including Cycle to Work Scheme and Employee Assistance Programme. A hybrid approach to w",administration-category,"Administration, HR, data and finance",48,"[{""page"": 48, ""query"": ""Administration, HR, data and finance"", ""route"": ""administration-category""}]",1,OK,1b8b524f8121ed150b8824dae465a95df0b853f59dac16822f89e98bca00e53d
2026-08-23,Teaching Vacancies,hr-advisor-three-rivers-academy,https://teaching-vacancies.service.gov.uk/jobs/hr-advisor-three-rivers-academy,HR Advisor,Three Rivers Academy,"Walton-on-Thames, South East, KT12 5EJ",KT12 5EJ,"£34,012.00 - £40,942.00 Annually (FTE) P7/P8",2026-07-16,2026-08-26T12:00:00+01:00,['FULL_TIME'],"This role is working 36 hours a week, 52 weeks a year. We have an exciting opportunity for an experienced and proactive HR Advisor to join our HR team. This is a key role providing high quality HR support and advice across multiple schools within the Trust. You’ll act as a first point of contact for schools and external partners, ensuring a professional, confidential, and customer-focused HR service that reflects our values. This role will work closely with the HR Cluster Team, which supports Three Rivers Academy and several other THPT schools across the region. As such, there is an expectation to travel between schools as required. The role can be based at either Three Rivers Academy or Eastwick School. Working closely with the HR Partner, you will provide advice and guidance to managers on a wide range of HR matters including employee relations, performance management, absence, and recruitment. You will also oversee the work of our HR Assistants to ensure the smooth running of HR operations and processes across the Trust. Key Responsibilities: Provide timely and practical HR advice on areas such as employee relations, absence, performance, and recruitment. Support and coach manag",administration-category,"Administration, HR, data and finance",6,"[{""page"": 6, ""query"": ""Administration, HR, data and finance"", ""route"": ""administration-category""}]",1,OK,3a42e948272f9017c4dd446a2a006c1d6272e6021641b93388375818ae02c1b5
2026-08-23,Teaching Vacancies,hr-assistant-c4d8ed09-594f-4562-a120-505c05f1230f,https://teaching-vacancies.service.gov.uk/jobs/hr-assistant-c4d8ed09-594f-4562-a120-505c05f1230f,HR Assistant,Marleigh Primary Academy,"Cambridge, East of England, CB5 8BG",CB5 8BG,"NJC Cambridgeshire Scale 4 (£26,403 - £28,142 FTE per annum)",2026-08-18,2026-08-31T23:59:00+01:00,['FULL_TIME'],"Professional CIPD membership and Level 3 or 5 qualification or currently studying towards or willing to do so. Evidence of continuing professional development. Administrative experience in either an HR or generalist environment. Evidence of dealing with HR queries. Evidence of strong communication and customer service skills. Evidence of ability to organise and plan own workload. Flexible approach demonstrating the ability to maintain high levels of confidentiality and integrity. Evidence of having planned work over short to medium term to include contributing to project deliverables. Ability to build and maintain effective working relationships at all levels to influence and get things done. Ability to take responsibility for planning own work and deliver consistently when working to strict timescales and conflicting priorities. Good written and verbal communication skills and ability to successfully present information verbally through use of formal presentation tools. Ability to carry out basic research, collect and collate data to include basic analysis and interpretation. Excellent IT skills, including the ability to use MS Office software packages such as Word, Excel, Outlook",administration-category,"Administration, HR, data and finance",18,"[{""page"": 18, ""query"": ""Administration, HR, data and finance"", ""route"": ""administration-category""}]",1,OK,2fe94760afcd8b63239aa72a80c2c7e8f4bc0b9a202af19ffc3ba42e2ae7e377
2026-08-23,Teaching Vacancies,hr-business-partner-discovery-educational-trust,https://teaching-vacancies.service.gov.uk/jobs/hr-business-partner-discovery-educational-trust,HR Business Partner,Discovery Educational Trust,"Brentwood, CM13 2HG",CM13 2HG,"£45,820.00 - £48,955.00 Annually (Actual) Includes Fringe Allowance",2026-08-21,2026-09-02T23:59:00+01:00,['FULL_TIME'],"Based at St Martin’s School, Brentwood, Essex (DET Central Team office) Full time, all year round Essex Scale 10 (pt 34-37): £45,820-48,955* inc. Fringe Allowance *based on Essex Schools Pay Scales 2025/26 We are excited to be growing our central HR team and we are seeking a motivated and organised individual who can approach challenges with confidence. You will use your expertise to seek out effective solutions, and will be driven by the opportunity to contribute positively to the HR, Operations and Governance team. You will play a key role in supporting our schools with their HR processes, maintaining strong working relationships with all internal stakeholders, and contributing to wider HR, Operations and Governance team. This is an excellent opportunity for someone looking to make their next move in their HR career. Please note that this is a year round post (not a term-time position). Trust Employee Benefits We offer ongoing training and professional development for all staff in a supportive and collaborative environment. We offer the following benefits for employees: Pension scheme - also automatically includes Life Assurance Generous Referral Bonus for employees who refer qua",administration-category,"Administration, HR, data and finance",29,"[{""page"": 29, ""query"": ""Administration, HR, data and finance"", ""route"": ""administration-category""}]",1,OK,f6af458a5802e6ad6f87de4806aad320aa23fc53a97767ddfab739916afdd1b1
2026-08-23,Teaching Vacancies,hr-business-partner-e26a45eb-c3f2-4be9-9d59-a4fdf01c7333,https://teaching-vacancies.service.gov.uk/jobs/hr-business-partner-e26a45eb-c3f2-4be9-9d59-a4fdf01c7333,HR Business Partner,The Athelstan Trust,"Tetbury, GL8 8AE",GL8 8AE,"£39,862.00 - £42,839.00 Annually (FTE) Flexible / part-time / term-time-only+ hours will be considered",2026-07-01,2026-08-24T12:00:00+01:00,"['FULL_TIME', 'PART_TIME']","The Athelstan Trust is a successful and growing Multi-Academy Trust consisting of six secondary schools and four primary schools in Wiltshire, Gloucestershire and South Gloucestershire. We currently employ over 800 people and educate over 5,000 pupils and plan to expand further over the coming years. As a member of our Athelstan Trust, you will benefit from: - Being part of a trust that is absolutely committed to raising educational standards for all the children in our schools - Our commitment to developing the talents and skills of all our staff throughout their career - Being part of a caring, collaborative and excellent community We are seeking an experienced and forward-thinking HR Business Partner to join our growing Multi-Academy Trust. Supporting initially a portfolio of 3 secondary and 2 primary schools, you will play a pivotal role in shaping a positive people culture, strengthening leadership capability, and ensuring our HR practices enable outstanding outcomes for students and staff. As a trusted partner to Headteachers and senior leaders, you will provide strategic and operational HR guidance across the full employee lifecycle — from workforce planning and organisation",administration-category,"Administration, HR, data and finance",5,"[{""page"": 5, ""query"": ""Administration, HR, data and finance"", ""route"": ""administration-category""}]",1,OK,f32457211822d2b972b4b296bd9b194af30a0fdccb5d688ddb38733c5931f0eb
2026-08-23,Teaching Vacancies,hr-business-partner-pathfinder-multi-academy-trust,https://teaching-vacancies.service.gov.uk/jobs/hr-business-partner-pathfinder-multi-academy-trust,HR Business Partner,Pathfinder Multi Academy Trust,"York, YO10 5ZA",YO10 5ZA,"Grade 10 Levels 1 - 4 (£45,045 - £50,853 FTE) Starting point negotiable dependent on skills/experience",2026-08-21,2026-09-11T12:00:00+01:00,['PART_TIME'],"We have an exciting opportunity for an experienced HR professional to join the Central Operations Team of our thriving Multi Academy Trust. This is a key role within the organisation, providing the opportunity to make a real difference to our people and to contribute to our continued development as a supportive, ambitious and values-led organisation. The HR Business Partner will play a key role in supporting the Trust to be an employer of choice, providing effective, responsive and professional HR support across our schools and central team. The role will manage a diverse HR caseload, working proactively with leaders and colleagues to achieve efficient, positive outcomes and foster strong, respectful and productive employee relations. The postholder will ensure that HR policies, processes and practices are robust, consistent and effective, supporting the Trust to meet its legal and statutory responsibilities, including compliance with employment and data protection legislation and relevant statutory guidance. They will provide trusted advice and guidance to leaders and managers, helping them to navigate complex people matters confidently and fairly. The HR Business Partner will als",administration-category,"Administration, HR, data and finance",46,"[{""page"": 46, ""query"": ""Administration, HR, data and finance"", ""route"": ""administration-category""}]",1,OK,eb444e7a53a94f32722f98314b9226e7a8bace1cdd1a86c212116096ff712090
2026-08-23,Teaching Vacancies,hr-business-partner-the-spencer-academies-trust,https://teaching-vacancies.service.gov.uk/jobs/hr-business-partner-the-spencer-academies-trust,HR Business Partner,The Spencer Academies Trust,"Nottingham, NG9 6RZ",NG9 6RZ,"£49,818.00 - £54,143.00 Annually (Actual) NJC37-41",2026-08-13,2026-08-31T12:00:00+01:00,['FULL_TIME'],"Join our Trust and Help Shape Great Places to Work We are seeking an experienced and proactive HR Business Partner to join our Central HR Team. This is an exciting opportunity to play a key role in supporting leaders across our family of schools, ensuring that our colleagues receive excellent HR support and that our academies can focus on delivering exceptional outcomes for our children and young people. As a trusted HR professional, you will provide expert advice and guidance on a broad range of people matters, working closely with Principals, senior leaders and central colleagues to deliver people solutions that support our values, culture and strategic objectives. You will line manage and support HR Advisors, ensuring the delivery of a high-quality and consistent HR service across the Trust. Working closely with the Director of HR, you will play a key role in delivering the Trust's HR policies and strategy, supporting workforce planning, talent development, employee wellbeing, organisational change, recruitment and retention initiatives. This role is ideal for someone who enjoys building strong relationships, solving complex people challenges and making a positive impact across",administration-category,"Administration, HR, data and finance",14,"[{""page"": 14, ""query"": ""Administration, HR, data and finance"", ""route"": ""administration-category""}]",1,OK,380009c2e8116db6259753a766759865e1ef363c1372b8634d78bb291e853687
2026-08-23,Teaching Vacancies,hr-lead-cramlington-learning-village,https://teaching-vacancies.service.gov.uk/jobs/hr-lead-cramlington-learning-village,HR Lead,Cramlington Learning Village,"Cramlington, North East, NE23 6BN",NE23 6BN,34434,2026-07-28,2026-08-28T12:00:00+01:00,"['FULL_TIME', 'PART_TIME']","Relevant HR qualification at degree level or equivalent Detailed knowledge of HR legislation / relevant policies and practices Working knowledge of latest developments in employment law Member of the Chartered Institute of Personnel and Development Awareness of HR in a school or other educational context Track record of delivering effective HR support in a similar role Experience of supporting leadership on casework Contributing to the development and implementation of HR Policy Experience of working with recognised trade unions Experience delivering HR training Excellent communication skills with the ability to collaborate and challenge Good time management - able to manage caseload and deadlines Competent in use of IT and relevant systems Able to deliver on professional standards and maintain confidentiality at all times To safeguard and promote the welfare of children for whom you have responsibility or come into contact with, to include adhering to all specified procedures. Willingness to take part in appropriate training and personal and professional development. A commitment to promoting equal opportunities and meeting individual needs.",administration-category,"Administration, HR, data and finance",9,"[{""page"": 9, ""query"": ""Administration, HR, data and finance"", ""route"": ""administration-category""}]",1,OK,ab20a87f2dc4db8cf87fb6d7890947ef52a6890f36c64c5591b9a21ec8e3e10c
2026-08-23,Teaching Vacancies,hr-manager-chiswick-school-london,https://teaching-vacancies.service.gov.uk/jobs/hr-manager-chiswick-school-london,HR Manager,Chiswick School,"London, London, W4 3UN",W4 3UN,"£40,180.00 - £50,084.00 Annually (FTE) term time only (39 weeks per year) or full time (52 weeks per year)",2026-08-13,2026-09-04T23:59:00+01:00,"['FULL_TIME', 'PART_TIME']","We are looking for an experienced, on site, HR professional. Ideally you will be someone who already works in education and who is looking for professional development and advancement. As the HR Manager you will work closely with the Director of HR to provide a high‑quality and efficient HR service across the School, delivering effective administrative support through every stage of the employee lifecycle. You will play a key role in ensuring the school is fully compliant and offers colleagues clear, competent, empathetic support and guidance. You will have experience of hands-on people management, wellbeing, support and know when to be reactive and when to consider responses carefully. Interviews will seek out professionals who understand school HR processes/requirements. You will be joining a hard working, fun team in the heart of Chiswick West London. Transport links are excellent with Chiswick railway station 5 min walk away and tube stations at Chiswick High Street. This role will be a platform for someone to eventually move into the Director of HR role. To find out more about this role please contact the Dir of HR Andrea Ramsay (ara@chiswickschool.org) - we can then arrange a",administration-category,"Administration, HR, data and finance",35,"[{""page"": 35, ""query"": ""Administration, HR, data and finance"", ""route"": ""administration-category""}]",1,OK,8fa86cb8bd008e3e04ba121d7f58de9a551f0276c7ca3e12630f6cdfc4fe474c
2026-08-23,Teaching Vacancies,hr-manager-st-francis-catholic-multi-academy-trust-rotherham-not-recorded,https://teaching-vacancies.service.gov.uk/jobs/hr-manager-st-francis-catholic-multi-academy-trust-rotherham-not-recorded,HR Manager,St Francis Catholic Multi Academy Trust,"Rotherham, S60 2EN",S60 2EN,"£51,537 - £54,495",2026-07-14,2026-09-14T09:00:00+01:00,['FULL_TIME'],"To lead and deliver a progressive, highly responsive, and legally compliant human resources service across all academies within the Trust. The post holder will ensure that all people management strategies, policies, and practices actively align with and support the Catholic mission, values, and spiritual life of the Trust. Key Responsibilities 1. Ethos and Strategic Alignment Work under the guidance and direction of the Director of People in delivering all aspects of the job description of this role. Ensure that all HR practices reflect the teachings of the Catholic Church, promoting a culture of dignity, respect, and pastoral care for all staff. Work closely with the Diocese and the Catholic Education Service (CES) to implement and adhere to approved model workplace policies and employment contracts. Provide dynamic advice to the Executive Team, school leaders and Trust Board to balance operational objectives with the Trust's faith mission. 2. Employee Relations & Casework Management Provide professional, solution-focused timely advice on complex employee relations matters, including grievances, disciplinaries, capability/performance, and sickness absence. Act as the primary point",administration-category,"Administration, HR, data and finance",48,"[{""page"": 48, ""query"": ""Administration, HR, data and finance"", ""route"": ""administration-category""}]",1,OK,a5aaefe5e3b2a460c1f57a5281d43169cdf6dffa611620980429c81846786645
2026-08-23,Teaching Vacancies,hr-manager-sutton-coldfield-grammar-school-for-girls-sutton-coldfield-west-midlands,https://teaching-vacancies.service.gov.uk/jobs/hr-manager-sutton-coldfield-grammar-school-for-girls-sutton-coldfield-west-midlands,HR Manager,Sutton Coldfield Grammar School for Girls,"Sutton Coldfield, West Midlands, B73 5PT",B73 5PT,"£41,771.00 - £49,282.00 Annually (FTE) Pro- rata salary for 37.5 hours £37,687 - £45,493",2026-08-12,2026-09-07T09:00:00+01:00,['PART_TIME'],"We are seeking a positive, dynamic team player with strong communication and organisation skills to lead our HR team in shaping best practice HR solutions across the employee lifecycle, while providing support and guidance on a wide range of employee relations matters. In this broad and pivotal role, the successful applicant will ensure the delivery of an efficient, professional, and people-centred service to the school community. We are currently researching online HR systems to streamline processes and strengthen analytical capability, and the successful applicant will be instrumental in leading this change to enhance our focus on strategic priorities. The role is 30-37.5 hours per week, term time only, with working patterns across 3-5 days considered. Sutton Coldfield Grammar School for Girls is a vibrant school where there are endless opportunities for you to get involved in a range of activities, and where you will be well supported in taking any initiatives of your own. It is a place where you should always feel confident to try something new to enhance the learning environment. Some of the key benefits we offer are: Opportunity to join the Local Government Pension Scheme Opp",administration-category,"Administration, HR, data and finance",40,"[{""page"": 40, ""query"": ""Administration, HR, data and finance"", ""route"": ""administration-category""}]",1,OK,f2efa015a4d8fe308832482ca9561ba75dd3bb742f7d212c3e8e795ea29180d3
2026-08-23,Teaching Vacancies,hr-manager-tove-learning-trust,https://teaching-vacancies.service.gov.uk/jobs/hr-manager-tove-learning-trust,HR Manager,Tove Learning Trust,"Northampton, NN7 2LP",NN7 2LP,"48,226 and 59,052",2026-08-06,2026-09-01T12:00:00+01:00,['FULL_TIME'],"The successful candidate will: Be CIPD qualified, minimum of Level 5 Have knowledge and experience of a variety of employee relations issues confidently support and advise the school teams trust on policy application, case management and statutory compliance have experience in a similar environment i.e. schools/education, working with remote teams, and ideally having a comprehensive understanding of the education sector be able to demonstrate strong IT skills including Word, Excel, PowerPoint etc. and a mastery of bespoke software relating to the job role be required to apply for a DBS disclosure.",administration-category,"Administration, HR, data and finance",24,"[{""page"": 24, ""query"": ""Administration, HR, data and finance"", ""route"": ""administration-category""}]",1,OK,fefab15594cf3f095cc2f5416e828ebf6ce59d65049010e77ca4c64c33979331
2026-08-23,Teaching Vacancies,hr-officer-29710c09-99f0-4051-a00b-f29e45698bda,https://teaching-vacancies.service.gov.uk/jobs/hr-officer-29710c09-99f0-4051-a00b-f29e45698bda,HR Officer,Anglian Learning,"Cambridge, CB25 9DL",CB25 9DL,"NJC Cambridgeshire SO1 P23-25 (£34,434 – £36,363 FTE per annum)",2026-07-27,2026-08-30T23:59:00+01:00,['FULL_TIME'],"Professional CIPD membership (Associate) and Level 3 or 5 qualification or currently studying towards or willing to do so. Evidence of continuing professional development. Previous HR experience in a generalist or specialist environment, including operational exposure to application of employment law, case management. Experience of advising and influencing managers on matters of HR operations. Experience of managing recruitment and onboarding processes. Previous experience of managing HR processes and procedures and interpreting policies to provide first line advice. Good management skills, acting positively, flexibly, and constructively, bringing energy and focus to the work. Ability to advise colleagues on HR issues using strong communication, influencing and negotiation skills. Ability to analyse problems at an operational level, identify root cause and develop a range of creative solutions that will add value. Ability to be people focused, be open to innovative and creative ideas and challenge and committed to individual learning and development. Strong organisational and project management skills with ability to manage large and/or complex projects. Ability to take responsibil",administration-category,"Administration, HR, data and finance",10,"[{""page"": 10, ""query"": ""Administration, HR, data and finance"", ""route"": ""administration-category""}]",1,OK,1ff23d272ec767971e0bed60f127576aab7c4676b34c9610de37381709a40b6d
2026-08-23,Teaching Vacancies,hr-officer-st-john-paul-ii-multi-academy-company,https://teaching-vacancies.service.gov.uk/jobs/hr-officer-st-john-paul-ii-multi-academy-company,HR Officer,St. John Paul Ii Multi Academy Company,"Birmingham, B44 9AG",B44 9AG,"£27,254.00 - £33,699.00 Annually (Actual)",2026-08-07,2026-09-06T23:59:00+01:00,['FULL_TIME'],"The St John Paul II Multi Academy is a highly successful Catholic Multi Academy encompassing nine Primary Schools and two Secondary Schools. The ethos of St John Paul II Multi Academy is Catholic and was founded by the Catholic Church to provide education for children of Catholic families. As a Catholic multi academy, we aim to provide a Catholic education for all our pupils. As a Catholic multi academy, Catholic doctrine and practice permeate every aspect of every one of our school’s activities. It is essential that the Catholic character of the school’s education be fully supported by all staff within the multi academy. We therefore hope that all staff will give their full, unreserved and positive support for the aims and ethos of the St John Paul II Multi Academy. HR Officer Job Purpose To provide a high-quality, accurate and responsive operational HR service across St John Paul II Multi Academy, working closely with the HR Business Partner and colleagues across the MAC. The postholder will coordinate core employee-lifecycle processes, with particular responsibility for monthly payroll administration, HR systems and data, absence recording, pensions, family leave, recruitment an",administration-category,"Administration, HR, data and finance",37,"[{""page"": 37, ""query"": ""Administration, HR, data and finance"", ""route"": ""administration-category""}]",1,OK,58e55ef9d26b2e26239351515f4644e247f09d3d2c6f943e1cf2340bbebb74f8
2026-08-23,Teaching Vacancies,hr-officer-swale-academies-trust,https://teaching-vacancies.service.gov.uk/jobs/hr-officer-swale-academies-trust,HR Officer,Swale Academies Trust,"Sittingbourne, ME10 1JS",ME10 1JS,"£32,065 - £33,934 FTE",2026-08-18,2026-09-08T12:00:00+01:00,['PART_TIME'],"Central Support Services Based in Sittingbourne Permanent position 22.5 hours per week £32,065 - £33,934 FTE (SAT E) £19,499 - £20,636 Pro Rata Interview Date: 14th September 2026 An exciting opportunity has arisen for an HR Officer to join our central services team based in Sittingbourne. This is a part-time role of 22.5 hours per week, we are happy to discuss which days these are worked. As a HR Officer you will be providing an effective advisory and support function to schools within Swale Academies Trust. You will be the key point of contact for new, current, and exiting staff in relation to their pay and pensions matters, as well as providing Headteachers and other senior leaders with advice and guidance on employee relations matters in consultation with the HR Business Partners. This opportunity will challenge and develop your HR knowledge along with your organisational skills, so drive, enthusiasm and creativity is essential, as is a level 5 CIPD or be working towards one. You will be required to have up to date knowledge of employment legislation and HR best practice along with an understanding of staff pay and payroll processes. You will be joining a supportive and collabo",administration-category,"Administration, HR, data and finance",43,"[{""page"": 43, ""query"": ""Administration, HR, data and finance"", ""route"": ""administration-category""}]",1,OK,c4147415e323d991593e91fd90575e9f5c55c4c9ab0a2b85145950e9de74ad9a
2026-08-23,Teaching Vacancies,hr-officer-the-charter-schools-educational-trust-london-not-recorded,https://teaching-vacancies.service.gov.uk/jobs/hr-officer-the-charter-schools-educational-trust-london-not-recorded,HR Officer,The Charter Schools Educational Trust,"London, SE24 9JH",SE24 9JH,"£35,373.00 - £41,627.00 Annually (FTE) Salary stated is full time equivalent and will be pro-rated against hours worked. Pay review pending.",2026-08-13,2026-08-27T23:59:00+01:00,['PART_TIME'],"Due to domestic relocation, we have an opportunity for an experienced HR Officer to join our friendly Central Services team. Working on school site Wednesday to Friday , you will support a number of secondary and primary schools with a wide range of HR activities in conjunction with other HR colleagues. There will be extensive involvement in recruitment activity, supporting Headteachers and their teams and ensuring that all onboarding is completed to ensure that KCSiE requirements are met. You will co-ordinate contractual documentation and ensure that new starters are set up on all MIS systems, including payroll. You will need sound IT skills to utilise MyNewTerm, Itrent and Bromcom, although full training will be given. You will work closely with colleagues to resolve employee queries and have a strong desire to provide excellent customer service. You will have an opportunity to be involved in a range of casework activities, developing your employee relations knowledge and skills. A full job description is attached. Our schools are based in Southwark and Lambeth in South London so periodic travel to varying school sites will be an important part of the role. If you are someone who",administration-category,"Administration, HR, data and finance",7,"[{""page"": 7, ""query"": ""Administration, HR, data and finance"", ""route"": ""administration-category""}]",1,OK,7a59e0a2c76836423e6afb675bbce6dc5afa3f1eaf2fb0f9054cc922c083c0f1
2026-08-23,Teaching Vacancies,hr-officer-woodside-primary-school,https://teaching-vacancies.service.gov.uk/jobs/hr-officer-woodside-primary-school,HR Officer,Woodside Primary School,"Croydon, London, CR0 6NF",CR0 6NF,"£35,517.00 - £36,582.00 Annually (Actual)",2026-06-12,2026-08-31T12:00:00+01:00,['FULL_TIME'],"HR Officer Salary: (Depending on Candidate Base, Skills and Experience) - based on Grade 6: (Spine Points 18-20) - £35,517-£36,582 per annum (NJC Outer London) Contract: Permanent and Full-Time Location: Croydon Hub Schools (Woodside Primary School, West Thornton Primary School and Forest Academy) and Central Team Office in Tower Hill, London, as well as opportunities to work from home Hours per Week: 37 Hours per Week, 52 Weeks per Year (Monday-Thursday - 09:00am - 5:30pm, Friday - 09:00am - 5:00pm) Start Date: 1st August 2026 at the earliest The Role: The Inspire Partnership is looking for an exceptional individual to join our supportive, collaborative HR team. This position provides a superb career development path for an established HR professional, an aspiring officer, or a senior administrator with a background in schools. You will be responsible for essential HR operational delivery across our Croydon hub, including West Thornton Primary School, Woodside Primary School, and Forest Academy. Dedicated to serving the diverse communities of Greenwich, Medway, and Croydon, our thriving education Trust is committed to its core mission: providing children with a life-changing educa",administration-category,"Administration, HR, data and finance",14,"[{""page"": 14, ""query"": ""Administration, HR, data and finance"", ""route"": ""administration-category""}, {""page"": 15, ""query"": ""Administration, HR, data and finance"", ""route"": ""administration-category""}]",2,OK,39556687b62f5579e990b881256b13f9c20bc89fe028ecad54fa5f017648ace4
2026-08-23,Teaching Vacancies,hr-partner-oxford-diocesan-bucks-schools-trust,https://teaching-vacancies.service.gov.uk/jobs/hr-partner-oxford-diocesan-bucks-schools-trust,HR Partner,Oxford Diocesan Bucks Schools Trust,"Oxford, OX5 1GF",OX5 1GF,"£37,280.00 - £39,152.00 Annually (FTE) Competitive salary paid on NJC pay scale, Local Government Pension Scheme",2026-07-23,2026-09-14T10:00:00+01:00,['PART_TIME'],"The Oxford Diocesan Bucks Schools Trust (ODBST) is an ambitious and aspirational family of 15 schools united by a clear focus on school improvement. Our mission is to empower our unique schools to excel, enabling our children and young people to ""experience life in all its fullness."" We are proud to serve communities of all faiths and none, with our schools existing to provide exceptional education and care to their local communities. We foster a deep sense of belonging across our Trust, where pupils, parents, staff, and the wider community feel proud to be part of our family. The Role: We are looking for an experienced and qualified HR Partner to join our Shared Services Team to provide an effective and efficient HR helpdesk and professional partner service to our schools. You will visit schools on a regular basis. As HR Partner you will be working in our newly created friendly and supportive HR team and work in close liaison with the Finance team on payroll matters. This role will report to the Chief People Officer. You will work in partnership with a group of schools allocated to you, but across the Trust as directed to meet wider capacity needs and to deliver projects. The abil",administration-category,"Administration, HR, data and finance",49,"[{""page"": 49, ""query"": ""Administration, HR, data and finance"", ""route"": ""administration-category""}]",1,OK,318d1e08dd82f0c0fdc644bc19d658fb0e26c16ce230cb3b57d2b873fb7c4bc0
2026-08-23,Teaching Vacancies,hr-policy-and-projects-officer,https://teaching-vacancies.service.gov.uk/jobs/hr-policy-and-projects-officer,HR Policy and Projects Officer,Westcountry Schools Trust,"Ivybridge, PL21 0JA",PL21 0JA,"£33,699.00 - £36,363.00 Annually (FTE) Pay award pending",2026-08-05,2026-09-02T09:00:00+01:00,['FULL_TIME'],"Westcountry Schools Trust (WeST) is a family of schools united by a shared ambition: to ensure every child attends a great school and receives the education they deserve. We are seeking an organised, proactive and professionally curious HR professional to join our growing HR Operations team as an HR Policy and Project Officer . This is an exciting opportunity for someone who enjoys bringing order to complexity, producing clear guidance, supporting organisational improvement and helping colleagues navigate HR policy with confidence. Working closely with the Director of People, Head of HR Operations, Head of Employee Relations and the wider HR team, you will support the Trust's policy framework by supporting and delivering a range of key transformation projects and coordinating programmes of work that underpin our HR, payroll and workforce systems. About the Role The HR Policy and Project Officer plays a key role in ensuring that HR policies, guidance and processes remain current, accessible and easy to follow. You will: Coordinate the review and maintenance of HR policies and supporting documentation. Manage policy review schedules, consultation arrangements and version control. Und",administration-category,"Administration, HR, data and finance",27,"[{""page"": 27, ""query"": ""Administration, HR, data and finance"", ""route"": ""administration-category""}]",1,OK,aabd107077ba69dbce3eb97e38477124eadf10e425514d12bd99119d1ceb0645
2026-08-23,Teaching Vacancies,hr-recruitment-co-ordinator-bedford-inclusive-learning-and-training-trust-bedford-not-recorded,https://teaching-vacancies.service.gov.uk/jobs/hr-recruitment-co-ordinator-bedford-inclusive-learning-and-training-trust-bedford-not-recorded,HR & Recruitment Co-ordinator,Bedford Inclusive Learning And Training Trust,"Bedford, MK42 7AB",MK42 7AB,"£30,515.00 - £32,046.00 Annually (FTE)",2026-08-06,2026-08-23T23:59:00+01:00,['FULL_TIME'],"HR & Recruitment coordinator Full year -37 hours per week Salary: NJC Points 14-17 £30,515- £32,046 pa BILTT is a Multi Academy Trust of specialist provisions, including Greys Education Centre, St John’s Special School, Grange Academy and Rivertree Free School. This is a great opportunity for someone with previous HR experience, to join a busy team providing a proactive, professional HR service across the Trust. This role would suit someone with can-do-attitude together with a passion for people and process. The successful candidate will balance responding to the day-to-day administrative HR needs of the Trust Schools, alongside working closely with headteachers and senior managers to support them in their role as school leader. Experience within an education or public sector HR role would be advantageous but not essential. Applicants should have excellent levels of accuracy and attention to detail along with a CIPD level 5 qualification (or working towards with relevant experience) Whilst we are advertising this post as full year, we will also consider applications from those with the relevant skills & experience to work term time plus 3 weeks. The additional weeks to be spread ac",administration-category,"Administration, HR, data and finance",1,"[{""page"": 1, ""query"": ""Administration, HR, data and finance"", ""route"": ""administration-category""}]",1,OK,c0810e45560ac02ae7865e9ef50d251830b36e3fef727c94de751ccfac58a14f
2026-08-23,Teaching Vacancies,hr-recruitment-officer-the-park-federation-academy-trust,https://teaching-vacancies.service.gov.uk/jobs/hr-recruitment-officer-the-park-federation-academy-trust,HR & Recruitment Officer,The Park Federation Academy Trust,"Slough, SL2 5BA",SL2 5BA,"£32,069.00 - £33,985.00 Annually (Actual)",2026-08-17,2026-09-30T12:00:00+01:00,['FULL_TIME'],"Job Title : HR & Recruitment Officer Salary (actual): £32,069-£33,985 (national increase pending) Location : James Elliman Academy, Slough Hours : 36 hours per week Work pattern: 8.00am-4.00pm, Monday to Friday Working weeks : all year round (52 weeks per annum) Holiday : 26 days plus bank holidays Our Trust The Park Federation Academy Trust is a community-focused Multi-Academy Trust, comprising of ten primary academies across Buckinghamshire, Hillingdon and Slough, supporting 6,000 students and employing 850 staff. The Role Reporting to the HR Manager, the primary focus of the HR & Recruitment Officer is to oversee the day-to-day management of recruitment, contracts and the HR information system. The HR & Recruitment Officer will also support the Head of HR and HR Manager on cyclic tasks, such as the school workforce census. What we offer The Trust offers a family friendly work environment that promotes growth and development whilst working alongside a highly versed HR and management team. Our benefits include: A highly competitive pension scheme, with an employer’s contribution of 18.2%; A highly competitive holiday entitlement, starting at 26 days plus bank holidays, that increa",administration-category,"Administration, HR, data and finance",51,"[{""page"": 51, ""query"": ""Administration, HR, data and finance"", ""route"": ""administration-category""}]",1,OK,e47e9cbbf1e4c65156dbcb3078bd83c8ababcef7e093e24966976829c1e0f5d6
2026-08-23,Teaching Vacancies,hr-training-officer,https://teaching-vacancies.service.gov.uk/jobs/hr-training-officer,HR & Training Officer,Kingsbridge Educational Trust,"Milton Keynes, MK10 9JQ",MK10 9JQ,"£35,412.00 - £39,152.00 Annually (FTE)",2026-08-21,2026-09-20T23:59:00+01:00,['FULL_TIME'],"Kingsbridge Educational Trust - Central Trust team HR & Training Officer Full Time - £35,412 to £39,152 (Grade 7) To start ASAP Travel maybe required to all schools across the Trust Kingsbridge Educational Trust is seeking a proactive and highly organised HR & Training Officer to join our central team based at the Open University Campus at Walton Hall Milton Keynes . This is an exciting opportunity to play a key role in supporting our staff and leaders across the Trust, helping to deliver excellent HR services and coordinate high-quality professional development opportunities. About the Role: As our HR & Training Officer, a large focus of the role will be on the setting up of a new training matrix and the setup of a new computer system. This will include the ongoing coordination, administration of training and continuing professional development (CPD), ensuring our schools workforce remains well-supported, compliant, and equipped to deliver the best outcomes for our pupils. You will also be involved in providing comprehensive HR support across the employee lifecycle, from recruitment and onboarding through to low level employee relations casework. Key responsibilities include: Mana",administration-category,"Administration, HR, data and finance",50,"[{""page"": 50, ""query"": ""Administration, HR, data and finance"", ""route"": ""administration-category""}]",1,OK,e136f800a90b1cb695092334e2c3aa56a2264091ef040e409e388d748a5fdb90
2026-08-23,Teaching Vacancies,hub-administrator-cornerstone-academy-trust,https://teaching-vacancies.service.gov.uk/jobs/hub-administrator-cornerstone-academy-trust,Hub Administrator,Cornerstone Academy Trust,"Exeter, EX5 3JG",EX5 3JG,FTE £25660,2026-07-24,2026-08-23T23:59:59+01:00,['FULL_TIME'],"School Hub Administrator – Required from September Based in Exeter We are wishing to recruit a new administrator to start in September to join our large and talented administration team who provide excellent administrative support to the wider education community of teachers and schools within the Southwest region and beyond, as part of curriculum hubs programme. A key part of the role will include the coordination and administrative support of teachers and outreach programmes to ensure we deliver the highest quality education. Your Role • Coordinate calendars for school and outreach programme events and visits • Support in the coordination and management of events, such as training days and conferences • Oversee curriculum hub email inboxes, responding in a professional and timely manner • Administrate the trust device asset register and software subscriptions, providing support to staff as required • Liaise with stakeholders, schools and staff around school and hub activities What We’re Looking For • Exceptionally personable with strong communication skills (in person and on the phone) • Highly organised with a keen eye for detail • Confident using Microsoft 365 (Teams, Outlook,",administration-category,"Administration, HR, data and finance",2,"[{""page"": 2, ""query"": ""Administration, HR, data and finance"", ""route"": ""administration-category""}, {""page"": 1, ""query"": ""administrator"", ""route"": ""keyword:administrator""}]",2,OK,39ca36d0cf4bdcbd91590074e1ac03b2d04512ffd1f8396c991cb7dd4d7453ed
2026-08-23,Teaching Vacancies,hub-business-leader-harrogate-hub,https://teaching-vacancies.service.gov.uk/jobs/hub-business-leader-harrogate-hub,Hub Business Leader (Harrogate Hub),Northern Star Academies Trust,"Skipton, BD23 1QN",BD23 1QN,"Grade N SCP40 - 44 £53,051 - £57,372",2026-08-19,2026-09-20T23:59:00+01:00,['FULL_TIME'],"We're a dynamic and enterprising multi academy trust of 15 schools in North and West Yorkshire. We are looking for an experienced school business leader to drive effective operational delivery across our Harrogate Hub of five schools. You'll have oversight of estates and facilities management as well as day to day finance and HR processes. You will support the strategic development of schools within the Hub. You'll be supported by a Hub Estates Manager, a Business Officer and work closely with school admin teams. You will excel in relationship management, working closely with headteachers and other stakeholders to be a visible and effective leader within the Hub. This is a full time (37 hours per week), all year round permanent post. Essential Criteria: Direct of experience of school business management with responsibility across a full range of business services. Experience of working at senior school or trust leadership level, providing advice and support to senior leaders. Experience of procurement and effective contract management to secure value for money from contractors. A strong understanding of health and safety frameworks in schools, able to provide advice to colleagues o",administration-category,"Administration, HR, data and finance",50,"[{""page"": 50, ""query"": ""Administration, HR, data and finance"", ""route"": ""administration-category""}]",1,OK,fcbff45f19a73462c75bf8983f5e5998a4931eb30549958e6e02808cf0a2e8cc
2026-08-23,Teaching Vacancies,human-resources-apprentice-level-3-orchard-hill-college-academy-trust-sutton-not-recorded,https://teaching-vacancies.service.gov.uk/jobs/human-resources-apprentice-level-3-orchard-hill-college-academy-trust-sutton-not-recorded,Human Resources Apprentice (Level 3),Orchard Hill College Academy Trust,"Sutton, SM1 1DA",SM1 1DA,"£20,000 per annum + £500 bonus on completion of the Apprenticeship",2026-08-13,2026-08-27T23:59:00+01:00,"['FULL_TIME', 'TEMPORARY']","About the Role This is an excellent opportunity to gain hands-on HR experience while working in a professional and supportive HR & Payroll team. We are looking for a motivated, detail-oriented, and proactive individual to join us as an HR Apprentice. On successful completion of your HR Support Apprenticeship – Level 3, you may be eligible to apply for Associate membership of the Chartered Institute of Personnel and Development (CIPD). Key Responsibilities: As an HR Apprentice, you will support the HR Operations Team with general and HR administrative tasks, including: Pre-employment checks, including Right to Work, DBS, references, qualification verifications, medical checks, and overseas police checks in line with Keeping Children Safe in Education (KCSIE 2024). Payroll administration, ensuring documents are accurately processed, authorised, and submitted on time. HR system management, including accurate data entry to ensure employee records are correct and compliant with statutory and contractual requirements. DBS renewal checks for existing employees. Maintaining the Single Central Record (SCR) by preparing and issuing reports across the Trust. Supporting recruitment activities,",administration-category,"Administration, HR, data and finance",7,"[{""page"": 7, ""query"": ""Administration, HR, data and finance"", ""route"": ""administration-category""}]",1,OK,a5101e6010dbd9720bf688b45e303e051bb32c9fe83c045472caf04c105b5e35
2026-08-23,Teaching Vacancies,human-resources-business-partner-aspirations-academies-trust,https://teaching-vacancies.service.gov.uk/jobs/human-resources-business-partner-aspirations-academies-trust,Human Resources Business Partner,Aspirations Academies Trust,"Hounslow, TW6 2TA",TW6 2TA,"Between £52,194 and £55,323 based on 36 hours a week",2026-08-14,2026-09-07T09:00:00+01:00,['PART_TIME'],"What We Are Looking For - Essential Criteria Qualifications:CIPD Level 5 Associate Diploma or equivalent professional experience. Casework Experience:Proven advisory/business partnering experience in complex HR casework (disciplinary, grievance, capability, absence). Documentation & Communication:Proven ability to draft high-quality formal HR documentation, investigation reports, and outcome letters. Legal & Policy Knowledge:Strong knowledge of UK employment law, case law trends, national pay frameworks (STPCD/NJC), and HR best practices. Systems Proficiency:Experience maintaining case logs on an HRIS and strong digital skills Attributes:Pragmatic judgment, high integrity, calm under pressure, and strong coaching capabilities.",administration-category,"Administration, HR, data and finance",41,"[{""page"": 41, ""query"": ""Administration, HR, data and finance"", ""route"": ""administration-category""}]",1,OK,bc33ea0f13b865a6e013c30dfddd2095d9d7561002f7d2d44ad1c8fa6251d101
2026-08-23,Teaching Vacancies,human-resources-manager-schools,https://teaching-vacancies.service.gov.uk/jobs/human-resources-manager-schools,Human Resources Manager (Schools),Netley Primary School,"London, London, NW1 3EX",NW1 3EX,"£41,000",2026-08-13,2026-09-16T12:00:00+01:00,"['PART_TIME', 'TEMPORARY']","As our campus HR Manager, you will take operational ownership of our HR landscape. Backed by the expertise and model policies of Camden HR, you will provide clear guidance to senior leadership, manage recruitment and onboarding, and keep our workforce practices running smoothly. Key Responsibilities: Operational HR Lead: Serve as the primary liaison between school leadership, trade unions, and Camden HR advisors for employee relations, casework, and policy implementation. Talent & Recruitment: Coordinate end-to-end safer recruitment, draft adverts, oversee candidate pipelines, manage onboarding, and maintain strict compliance across our Single Central Record (SCR). Employee Relations & Performance: Manage absence procedures with care and clarity, support line managers through capability/disciplinary processes, and oversee annual appraisal cycles and probation reviews. Staff Wellbeing: Champion initiatives that make our campus an exceptional place to work, including Occupational Health referrals, Employee Assistance Programmes, and health/cycle schemes. Compliance & Records: Ensure all HR data, contracts, and policies comply with current employment law, safeguarding standards, and d",administration-category,"Administration, HR, data and finance",49,"[{""page"": 49, ""query"": ""Administration, HR, data and finance"", ""route"": ""administration-category""}]",1,OK,c42b3907ecc0a0170156b1e589a85d41515df6456e1a6815d6e231b9d669b8fb
2026-08-23,Teaching Vacancies,human-resources-officer-5e7c23e7-9011-422c-8af6-459ace63c7f0,https://teaching-vacancies.service.gov.uk/jobs/human-resources-officer-5e7c23e7-9011-422c-8af6-459ace63c7f0,Human Resources Officer,Valence School,"Westerham, South East, TN16 1QN",TN16 1QN,"£18,463.00 Annually (Actual) 25 hours per week : Term Time Only : £16.26 per hour",2026-07-21,2026-08-31T23:59:00+01:00,['PART_TIME'],"Term Time Only - Monday to Friday - 9.00am to 2.00pm Key Responsibilities: You will provide day to day administration support for all HR related matters across all HR functions, ensuring queries are dealt with promptly and effectively. You will coordinate the recruitment process from advertising through to appointment ensuring all pre-employment checks and onboarding processes meet safer recruitment requirements. You will also be responsible for coordinating the staff probation and promotion processes and assist with absence monitoring and HR reporting, supporting the HR Manager with employee relations. You will maintain accurate HR records in line with data protection requirements. About You: We are looking for an HR professional who has a minimum of 3 years experience of working in a busy and varied HR department. You will have a good knowledge of HR employment legislation and can handle confidential information with discretion and professionalism. You will also demonstrate strong interpersonal and communication skills, be able to work independently and manage multiple priorities whilst also working collaboratively as part of a team. Attention to detail, strong administration ski",administration-category,"Administration, HR, data and finance",18,"[{""page"": 18, ""query"": ""Administration, HR, data and finance"", ""route"": ""administration-category""}]",1,OK,cb42692998b43c887ec03b5bc84b74d44de8db162218ae300e86242e7730234f
2026-08-23,Teaching Vacancies,inclusion-administrator-640b849f-52fe-4514-87fa-cda0310e4990,https://teaching-vacancies.service.gov.uk/jobs/inclusion-administrator-640b849f-52fe-4514-87fa-cda0310e4990,Inclusion Administrator,Faringdon Community College,"Faringdon, South East, SN7 7LB",SN7 7LB,"£26,824.00 - £29,065.00 Annually (FTE) Support Staff NJC grade 6, SCP 8-13. 30 hours per week/38 weeks per year. Actual annual salary in the region of £18,235.86 - £19,759.37",2026-08-03,2026-09-02T12:00:00+01:00,['PART_TIME'],"Due to the expansion of our professional support staff team, we are recruiting a number of professional support staff roles. We are looking for a candidate who will be able to deal with a variety of administrative procedures, has excellent literacy skills, demonstrable organisation skills, attention to detail and has a good working knowledge of Microsoft packages. Excellent interpersonal skills, with the ability to relate well to school staff, students of all abilities and their parents are essential. A successful candidate will have the ability to work flexibly and collaboratively with all other members of the SEN Team (SENCO, Inclusion Managers, HLTAs and TAs) to ensure a coherent approach to inclusion takes place within the school. Willingness to undertake CPD to further develop expertise. A good working knowledge of Microsoft Office applications, in particular Word, Excel and Access. Understanding of Special Educational Needs systems and processes in school or a willingness to learn. Ability to coordinate and collate evidence, such as for exam access arrangements, and to assist with the administration of these arrangements for internal and external exams. Provide administrative",administration-category,"Administration, HR, data and finance",28,"[{""page"": 28, ""query"": ""Administration, HR, data and finance"", ""route"": ""administration-category""}, {""page"": 7, ""query"": ""administrator"", ""route"": ""keyword:administrator""}]",2,OK,2c7df1f2e68fbdbcf6ffbf249283183c300f25bed97000f60dcd61ff561366ea
2026-08-23,Teaching Vacancies,inclusion-administrator-ba6d2874-69fc-46df-b1a8-320f20cae17b,https://teaching-vacancies.service.gov.uk/jobs/inclusion-administrator-ba6d2874-69fc-46df-b1a8-320f20cae17b,Inclusion Administrator,Outwood Academy Foxhills,"Scunthorpe, Yorkshire and the Humber, DN15 8LJ",DN15 8LJ,,2026-08-14,2026-09-02T08:00:00+01:00,['PART_TIME'],"Are you an administrative specialist ready to provide essential clerical support for our students' learning journey? Join us as an Inclusion Administrator, where your precise organizational skills will directly impact the effectiveness of the Inclusion Team. This role is vital for maintaining accurate student records, coordinating complex documentation, and ensuring that staff have the crucial information needed to support vulnerable students. If you have any questions or would like to visit the school, please contact Snezanna Miller-Thacker, HR Assistant at s.miller-thacker@foxhills.outwood.com To apply for this post please complete the online application from our website under vacancies. CVs will not be accepted",keyword:administrator,administrator,7,"[{""page"": 7, ""query"": ""administrator"", ""route"": ""keyword:administrator""}]",1,OK,52b0db66749b4b8bf91f246e868f2c80475003a89c4ceb1df16964434ced2d4f
2026-08-23,Teaching Vacancies,inclusion-administrator-discovery-primary-academy-peterborough-cambridgeshire,https://teaching-vacancies.service.gov.uk/jobs/inclusion-administrator-discovery-primary-academy-peterborough-cambridgeshire,Inclusion Administrator,Discovery Primary Academy,"Peterborough, East of England, PE4 6HX",PE4 6HX,"£14,422.00 Annually (Actual) Grade 5",2026-07-16,2026-09-02T09:00:00+01:00,['PART_TIME'],"This is an exciting time to be joining Discovery Primary Academy. As part of the Four Cs Multi Academy Trust, we have a common interest of improving the standards for students in Peterborough. The Trust’s vision is to ensure that every student succeeds; build on what learners already know; makes learning vivid and real; makes learning an enjoyable experience and enrich students’ learning experience. About the Role: As our Inclusion Administrator, you will work closely with the SENDCo, Designated Safeguarding Lead, senior leadership team, class teachers, and support staff. You will also provide administrative support to staff who are regularly involved with outside agencies. Why Join Us? At Discovery Primary Academy we pride ourselves on our inclusive ethos and team spirit. You’ll be part of a supportive, forward-thinking staff team committed to every child’s success. Ongoing professional development and training opportunities are available. Closing Date: Wednesday 2nd September 2026 at 9am Interviews: week commencing 7th September 2026 We reserve the right to close the job advert early should we receive a high number of applications. If you have previously applied for this role in",administration-category,"Administration, HR, data and finance",27,"[{""page"": 27, ""query"": ""Administration, HR, data and finance"", ""route"": ""administration-category""}, {""page"": 7, ""query"": ""administrator"", ""route"": ""keyword:administrator""}]",2,OK,8a971593e6a9e85d7031475367b24719d6e0af28b637878427bc30c36d7ad389
2026-08-23,Teaching Vacancies,inclusion-administrator-maiden-erlegh-school-reading-berkshire,https://teaching-vacancies.service.gov.uk/jobs/inclusion-administrator-maiden-erlegh-school-reading-berkshire,Inclusion Administrator,Maiden Erlegh School,"Reading, South East, RG6 7HS",RG6 7HS,"£18,666.00 Annually (Actual) Grade 4 SCP 7 working 31 hours per week plus 2 INSET days.",2026-06-16,2026-09-04T23:59:00+01:00,['PART_TIME'],"Maiden Erlegh School is seeking to appoint an Inclusion Administrator Grade 4 SCP 7, working 31 hours per week. The role will provide a full range of administrative support, including confidential issues to the SENCO and Special Educational Needs department About the school: Maiden Erlegh School is a highly successful comprehensive school for students from 11-18 years old, situated in Lower Earley, near Reading. Our students are a delight to work with and relationships between students and staff are extremely positive and constructive. Students are keen to learn, curious, respectful, polite and fun. They rise to challenges positively and enthusiastically and have high expectations of themselves. This is why they achieve such impressive academic and personal successes, and our results continue to improve year on year - this year placing us in the top 50 schools nationally for Progress 8. We also have a thriving 6th form and many of our students stay on to study here. Our staff are dedicated, talented professionals who go the extra mile for the students because they are committed to helping them realise their dreams, achieve the greatest possible success, overcome any personal challe",keyword:administrator,administrator,9,"[{""page"": 9, ""query"": ""administrator"", ""route"": ""keyword:administrator""}]",1,OK,29771f0f5f04ee1e39585cca8d0dfa342155dbb762f8d32abe36fe8dda21e420
2026-08-23,Teaching Vacancies,inclusion-manager-wren-academy-finchley-london,https://teaching-vacancies.service.gov.uk/jobs/inclusion-manager-wren-academy-finchley-london,Inclusion Manager,Wren Academy Finchley,"London, London, N12 9HB",N12 9HB,"£35,818.00 - £38,126.00 Annually (Actual) NJC salary scale 26-29",2026-07-16,2026-09-07T09:00:00+01:00,['FULL_TIME'],"An exciting opportunity has arisen to work as part of a welcoming, talented and highly motivated Inclusion team at Wren Academy Finchley. The purpose of the job is to be a key part of the Inclusion team managing the allocation of staff and resources and carrying out administrative tasks. Wren Academy Finchley opened in September 2008 as a new school sponsored by the London Diocesan Board for Schools and Berkhamsted School. The Academy has continued to grow as we opened our Sixth form in 2013 and have taken on new primary cohorts since 2015. The successful candidate will demonstrate excellent communication skills, a keen desire to learn and the ability to be part of a team. Training will be given where appropriate but experience of working in a fast-paced administrative environment with excellent spreadsheet and analysis skills. The ability to work professionally and to deal with confidential and sensitive information is required. Relevant experience, together with the ability to interact appropriately across a number of levels, is also important. The successful candidate will demonstrate an ability to use their own initiative and to have a common sense approach. If you have: Experi",administration-category,"Administration, HR, data and finance",41,"[{""page"": 41, ""query"": ""Administration, HR, data and finance"", ""route"": ""administration-category""}]",1,OK,47b830e8719164c3ebb0b25f233d6babc339d05cffb1df48e43c3a8ca8442dd5
2026-08-23,Teaching Vacancies,it-system-administrator-excalibur-shared-services-1177ebd4-e195-4745-824b-6613f2065ccf,https://teaching-vacancies.service.gov.uk/jobs/it-system-administrator-excalibur-shared-services-1177ebd4-e195-4745-824b-6613f2065ccf,IT System Administrator - Excalibur Shared Services,Excalibur Academies Trust,"Marlborough, SN8 4AX",SN8 4AX,"£34,541.00 - £38,212.00 Annually (FTE) NJC Point 22-26",2026-07-10,2026-09-11T23:59:00+01:00,['FULL_TIME'],"IT System Administrator Contract : Permanent Location: Hybrid/Flexible Working Hours: 37 per week, 52 weeks per year Excalibur Academies Trust is seeking a proactive and skilled IT System Administrator to lead IT service delivery across multiple academies. This is a pivotal role, ensuring that technology supports both operational excellence and outstanding educational outcomes. About the Role You will act as the bridge between local academy IT teams and the central Trust IT function, driving projects, resolving complex issues, and ensuring systems run smoothly and securely. Key Responsibilities: Leadership & Management: Lead IT service delivery at nominated academies, managing local IT staff and ensuring alignment with Trust objectives. Service Desk & Support: Oversee service desk operations, monitor performance data, and ensure timely resolution of IT issues. Systems & Projects: Manage IT systems, budgets, licences, and infrastructure improvements. Deliver projects including system updates, security patches, and enhancements. Collaboration: Work closely with curriculum leaders and educators to integrate technology into teaching and learning. Support the effective use of Microsoft",keyword:administrator,administrator,11,"[{""page"": 11, ""query"": ""administrator"", ""route"": ""keyword:administrator""}]",1,OK,ac87d40cabb5045c058c55bab1f459b4b18efd08cc590a85d8d05f551c4c98fb
2026-08-23,Teaching Vacancies,lead-administrator-limebrook-primary-school-and-nursery,https://teaching-vacancies.service.gov.uk/jobs/lead-administrator-limebrook-primary-school-and-nursery,Lead Administrator,Limebrook Primary School and Nursery,"Maldon, East of England, CM9 6NE",CM9 6NE,"£26,824.00 - £28,142.00 Annually (Actual)",2026-08-06,2026-08-31T23:59:00+01:00,['FULL_TIME'],"Hours: 37 hours per week, Monday to Thursday, 8.30am to 4.30pm, Friday 8.30am to 4pm with a 30 minute unpaid luch break. We are seeking an experienced, organised, and proactive Lead Administrator to join our dedicated school team. This is a key role within the school, providing high-quality administrative support and leading the day-to-day operation of the school office. The successful candidate will oversee administrative systems and procedures, support school leadership, and ensure the efficient management of pupil, staff, and operational records. As the first point of contact for many visitors, parents, and external agencies, you will play a vital role in creating a welcoming and professional environment. Key Responsibilities Manage the day-to-day operations of the busy school and nursery office. Act as the welcoming, professional first point of contact for parents, visitors, and stakeholders Maintain accurate pupil data, attendance records, and nursery admissions via school management systems. Support the Senior Leadership Team with financial tracking, procurement, and report preparation. Oversee school communication channels, including emails, newsletters, and phone queries. E",administration-category,"Administration, HR, data and finance",18,"[{""page"": 18, ""query"": ""Administration, HR, data and finance"", ""route"": ""administration-category""}, {""page"": 5, ""query"": ""administrator"", ""route"": ""keyword:administrator""}]",2,OK,37c5b4fbc4a4053158f7544c1d79ed4791b1b08c8105caa5af3ec50beff4872c
2026-08-23,Teaching Vacancies,learning-resource-centre-manager-harris-city-academy-crystal-palace-london,https://teaching-vacancies.service.gov.uk/jobs/learning-resource-centre-manager-harris-city-academy-crystal-palace-london,Learning Resource Centre Manager,Harris City Academy Crystal Palace,"London, London, SE19 2JH",SE19 2JH,"£32,535-£34,488",2026-08-18,2026-09-03T23:59:00+01:00,['FULL_TIME'],"We are currently looking to appoint a Learning Resources Centre Manager to manage and oversee the Learning Resources Centre at Harris City Academy Crystal Palace,maintaining a professional, stimulating and tidy learning environment at all times and foregrounding student achievements. The actual salary for this role will be £27,354.43-£28,996.45 (38 weeks per year, 37.5 hours per week). We would like to hear from you if you have: English and Mathematics GCSE or equivalent Degree or equivalent Knowledge of library systems Knowledge of Accelerated Reading, or similar reading scheme Knowledge of National Curriculum, particularly for English Three years' experience of working in an inner city school or educational establishment Experience of managing a library service Experience of a range of reading schemes For a full job description and person specification, please download the Job Pack.",administration-category,"Administration, HR, data and finance",32,"[{""page"": 32, ""query"": ""Administration, HR, data and finance"", ""route"": ""administration-category""}]",1,OK,e298686caf8c996b42d78f76326b49a656eba6171fc8b39e57f4cb0de8aa6b37
2026-08-23,Teaching Vacancies,lettings-assistant-reading-school,https://teaching-vacancies.service.gov.uk/jobs/lettings-assistant-reading-school,Lettings Assistant,Reading School,"Reading, South East, RG1 5LW",RG1 5LW,"£26,402.00 - £44,075.00 Annually (Actual) Full-Time Equivalent:",2026-08-04,2026-09-14T08:00:00+01:00,['FULL_TIME'],"Why Join Reading School? Reading School is one of the UK's leading state schools, with a reputation for excellence, ambition and community engagement. This role offers the opportunity to work within a historic and prestigious setting while making a real contribution to the effective use of our facilities by local groups and organisations. You'll join a supportive team where initiative, professionalism and outstanding service are valued and recognised. Job Role Reading School is seeking a professional, customer-focused and dependable Lettings Assistant to help deliver an outstanding experience for the wide range of organisations, clubs and community groups that use our facilities outside normal school hours. This is a varied and rewarding role that combines customer service, event support, site management and facilities supervision. Whether welcoming hirers, preparing spaces for an event, ensuring the security of our historic site, or helping resolve issues as they arise, no two shifts are the same. Working independently during days/some evenings, weekends and school holidays, you will play a vital role in ensuring our facilities are safe, secure, well-presented and ready for both v",administration-category,"Administration, HR, data and finance",48,"[{""page"": 48, ""query"": ""Administration, HR, data and finance"", ""route"": ""administration-category""}]",1,OK,5d050bccaa45cf01676783d16fbc6c362997b13ad2fbab405db3e6cdf24b5de6
2026-08-23,Teaching Vacancies,lettings-community-officer-ridgeway-education-trust-didcot-not-recorded,https://teaching-vacancies.service.gov.uk/jobs/lettings-community-officer-ridgeway-education-trust-didcot-not-recorded,Lettings & Community Officer,Ridgeway Education Trust,"Didcot, OX11 7AJ",OX11 7AJ,"£31,537.00 - £34,434.00 Annually (FTE) (Approx. £17,000 – £18,098 per annum, pending pay award backdated to 1 April 2026) if full year round",2026-08-12,2026-09-01T12:00:00+01:00,['PART_TIME'],"This is a varied and rewarding role where you will oversee all aspects of lettings, from customer enquiries and bookings through to service delivery, compliance, and income generation. You will play a key role in ensuring our facilities are used effectively for community benefit, while maintaining high standards of safeguarding, health and safety, and customer service. Working closely with Headteachers, site teams, and the Trust Central Team, you will also lead on developing a strategic approach to lettings, identifying opportunities to grow income and enhance community engagement. You will manage and support a team of lettings assistants, including line management and the scheduling of staffing to ensure appropriate cover in line with the lettings programme. You will also ensure consistent processes across the Trust and contribute to a culture of continuous improvement. If you have experience in facilities, lettings, or operational management, and enjoy working in a busy, customer-focused environment, we would love to hear from you. Please see the attached job description for full details. Key details Salary: £31,537 - £34,434 pro rata (Approx. £17,000 - £18,098 per annum, pending",administration-category,"Administration, HR, data and finance",24,"[{""page"": 24, ""query"": ""Administration, HR, data and finance"", ""route"": ""administration-category""}, {""page"": 25, ""query"": ""Administration, HR, data and finance"", ""route"": ""administration-category""}]",2,OK,df4e2d765b6790c7d4348b0463af40ad0cbf5c5ced50f9ecdbe8c4a039e62497
2026-08-23,Teaching Vacancies,level-1-personal-care-assistant-village-primary-academy,https://teaching-vacancies.service.gov.uk/jobs/level-1-personal-care-assistant-village-primary-academy,Level 1 Personal Care Assistant,Village Primary Academy,"Derby, East Midlands, DE23 8DF",DE23 8DF,"Grade C SCP 5 - 6 £25,583 - £25,989 (This is the full-time salary. The actual salary will be paid pro rata to hours worked)",2026-08-17,2026-09-09T23:59:00+01:00,['PART_TIME'],The successful candidate will have: Literacy and numeracy skills Excellentcommunication skills Strongteamworking skills Knowledge of communication strategies for pupils with Autistic SpectrumCondition Willingness to undertake relevant training,keyword:personal assistant,personal assistant,1,"[{""page"": 1, ""query"": ""personal assistant"", ""route"": ""keyword:personal assistant""}]",1,OK,07252f42be712d799f4ac4171e28dec4cd54780c8599bfa43bd85af041819712
2026-08-23,Teaching Vacancies,level-3-business-administrator-apprentice,https://teaching-vacancies.service.gov.uk/jobs/level-3-business-administrator-apprentice,Level 3 Business administrator apprentice,Willow Vale School,"Taunton, South West, TA1 2JD",TA1 2JD,"£10,716.00 Annually (Actual)",2026-07-15,2026-09-06T23:59:00+01:00,['PART_TIME'],"Level 3 Business Administrator Apprentice required at Willow Vale School due to the continued growth of our school. Fixed-term apprenticeship contract. 30 hours per week, 39 weeks per year (term time only) . We reserve the right to close this vacancy early should we receive a high number of applicants Apprenticeship Salary: In line with the National Apprenticeship Wage. Willow Vale School is a specialist Pupil Referral Unit (PRU) serving children and young people across multiple sites in Taunton & Bridgwater. We provide high-quality education, care and support to learners who require alternative provision and are committed to helping every young person achieve success both academically and personally. We are looking for a motivated and enthusiastic apprentice to join our administration team based in Taunton, but we would like the successful applicant to be able to travel around sites when needed, so a full UK driving license and access to a vehicle is required. This is an excellent opportunity for someone who is organised, professional and keen to develop a career in business administration within a supportive educational environment. Working across our Taunton sites, you will gain",administration-category,"Administration, HR, data and finance",37,"[{""page"": 37, ""query"": ""Administration, HR, data and finance"", ""route"": ""administration-category""}, {""page"": 9, ""query"": ""administrator"", ""route"": ""keyword:administrator""}]",2,OK,47d4224a146f4e568934f93d9c35821d69684417cb97bc2f0c8559c6e3b86bd5
2026-08-23,Teaching Vacancies,local-governance-professional-clerk-churchill-academy-sixth-form,https://teaching-vacancies.service.gov.uk/jobs/local-governance-professional-clerk-churchill-academy-sixth-form,Local Governance Professional (Clerk),Churchill Academy & Sixth Form,"Winscombe, South West, BS25 5QN",BS25 5QN,,2026-07-16,2026-09-04T09:00:00+01:00,['PART_TIME'],"We are looking for a dynamic and motivated individual to join our Trust as Local Governance Professional. Local Governance Professionals play a vital role in supporting the effective governance of our schools, acting as an administrator and impartial advisor to ensure our Local Governing Bodies operate efficiently and accountably. To undertake this role successfully you will need to be totally committed to the provision of a high-quality support service to our governors and school leadership teams. You will have strong administrative experience, excellent communication skills and a proactive attitude. You will be highly organised with a sharp eye for detail and a willingness to learn and develop. You will need to build and maintain strong and effective working relationships across our network of schools. If you think that you have the skills and enthusiasm to carry out this role, we would love to hear from you. This position offers excellent flexibility with a blend of remote working and school-site attendance to fit around your other commitments.",administration-category,"Administration, HR, data and finance",32,"[{""page"": 32, ""query"": ""Administration, HR, data and finance"", ""route"": ""administration-category""}]",1,OK,72b1d2518900a941b535e19b72268d2e59f2ccf3f4e603f0ed0fd9a78e9f2016
2026-08-23,Teaching Vacancies,management-accountant-discovery-academy,https://teaching-vacancies.service.gov.uk/jobs/management-accountant-discovery-academy,Management Accountant,Discovery Academy,"Stoke-on-Trent, West Midlands, ST2 0GA",ST2 0GA,"Between £41,771 to £45,091",2026-07-22,2026-09-07T09:00:00+01:00,['FULL_TIME'],"Chief Executive Officer: Mr S French | Required: As Soon As Possible | Management Accountant | Permanent | Whole Year | 37 hours per week | Level 11, Actual Salary £41,771 to £45,091 The Alpha Academies Trust (AAT) is seeking to appoint an experienced and motivated Management Accountant to support the Finance Director in delivering high-quality financial management, reporting, budgeting, forecasting and financial control across the Trust. Based at The Discovery Academy with travel across the Trust as required. This is an exciting opportunity to join our Central Team and play a key role in supporting the financial sustainability and strategic development of our academies. Working closely with the Finance Director, Principals, budget holders and senior leaders, you will provide accurate financial information, analysis and advice to support effective decision-making. We are looking for someone who: Is a CCAB Qualified Accountant Has strong management accounting, budgeting and forecasting experience. Can analyse and present financial information clearly. Has excellent organisational, communication and problem-solving skills. Can build effective relationships with a wide range of stakeh",administration-category,"Administration, HR, data and finance",39,"[{""page"": 39, ""query"": ""Administration, HR, data and finance"", ""route"": ""administration-category""}]",1,OK,24dafb3784f42fc8b0b30b65b85213e169eedb75d744033a06acabd380377ce5
2026-08-23,Teaching Vacancies,mat-finance-officer-four-cs-mat,https://teaching-vacancies.service.gov.uk/jobs/mat-finance-officer-four-cs-mat,MAT Finance Officer,Four Cs Mat,"Peterborough, PE6 7JX",PE6 7JX,"£28,598.00 Annually (FTE)",2026-08-14,2026-09-07T09:00:00+01:00,['FULL_TIME'],"MAT Finance Officer 37 hours per week 52 week contract Grade 7 Point 12 Salary £28,598 The Four Cs Multi Academy Trust is looking for an additional member of staff to join our highly successful Finance Team. The role is based at Arthur Mellows Village College, the lead secondary school in the Trust. The Finance Team provide a fundamental role in ensuring the Trust’s financial systems are correct and up to date at all times. The Finance Officer role involves all aspects of a Finance Department, from Purchase and Sales Ledger, Reconciliation (bank and monthly balance sheet), Payroll and Budgeting. Full details of the post are included in the Job Description. Hours of work will be Monday to Thursday 8.30 am to 4.30 pm and Fridays 8.30 am to 4.00 pm. Strong personal qualities such as confidence, integrity and presence are sought. Consistent and effective communication are required together with the ability to use own initiative. This is an exciting time to be joining the MAT as it grows, all schools in the MAT have a common interest in improving standards for students in Peterborough. The Trust’s vision is to ensure that every student succeeds; build on what learners already know; make",administration-category,"Administration, HR, data and finance",39,"[{""page"": 39, ""query"": ""Administration, HR, data and finance"", ""route"": ""administration-category""}]",1,OK,0bae7be2b33793250ac4496fbbc2d6bf8dc21862db4ab316a332dfbe8552bed9
2026-08-23,Teaching Vacancies,maternity-cover-fixed-term-receptionist-administrator-ref-adm26,https://teaching-vacancies.service.gov.uk/jobs/maternity-cover-fixed-term-receptionist-administrator-ref-adm26,Maternity Cover – Fixed Term Receptionist/Administrator Ref: ADM26,Carlton Digby School,"Nottingham, East Midlands, NG3 6DS",NG3 6DS,,2026-07-23,2026-09-01T09:00:00+01:00,"['PART_TIME', 'TEMPORARY']","What we are looking for: We are seeking a skilled and enthusiastic Receptionist/Administrator who shares our commitment to: Outstanding communication – you’ll be confident and approachable, with excellent interpersonal skills for liaising with parents, staff, visitors, and external agencies. Efficiency and organisation – from managing front desk duties to maintaining accurate records, your attention to detail and ability to prioritise will help keep our school running smoothly. Teamwork – you’ll work closely with colleagues across the school and contribute positively to our collaborative culture. Discretion and professionalism – as a key member of our administrative team, confidentiality and integrity are essential Who we are looking for: Experience working in a school or busy office environment is desirable but not essential. Training will be provided. Strong IT skills, including confidence in Microsoft Office (Word, Excel, Microsoft 365). Excellent verbal and written communication abilities. Calm, approachable, and flexible under pressure. A commitment to safeguarding and promoting the wellbeing of children and young people.",administration-category,"Administration, HR, data and finance",22,"[{""page"": 22, ""query"": ""Administration, HR, data and finance"", ""route"": ""administration-category""}, {""page"": 6, ""query"": ""administrator"", ""route"": ""keyword:administrator""}, {""page"": 3, ""query"": ""receptionist"", ""route"": ""keyword:receptionist""}]",3,OK,af4a6578dc10bbac07bef0f0bc23c5588caaaaa1e40475941c45617ee54f5070
2026-08-23,Teaching Vacancies,medway-attendance-lead-barnsole-primary-school,https://teaching-vacancies.service.gov.uk/jobs/medway-attendance-lead-barnsole-primary-school,Medway Attendance Lead,Barnsole Primary School,"Gillingham, South East, ME7 2JG",ME7 2JG,"£25,989.00 - £32,062.00 Annually (FTE) Medway C1 (6 - 19) £17,660.16 - £22,178.27 (Actual) + £2k recruitment bonus",2026-07-24,2026-08-28T23:59:00+01:00,['PART_TIME'],"Join our team as our Medway Attendance Lead for our Medway Schools! Hours: 30 per week Term Time Only: 38 Weeks Actual Salary: Medway C1 (6 - 19) £17,660.16 - £22,178.27 (Actual) + £2k recruitment bonus plus £2k recruitment bonus Location: Barnsole Primary School, Danecourt School, Bligh Primary School or Featherby Partnerships Schools Exciting New Opportunity as our Medway Attendance Lead across the Maritime Academy Trust Medway Hub Are you passionate about supporting children and families to overcome barriers to school attendance, while also influencing improvements across multiple schools? Do you have the confidence, professionalism, and expertise to work both compassionately with families and robustly with systems to drive meaningful change? If so, we’d love to hear from you. Maritime Academy Trust is seeking a Attendance Lead to work across our Medway Hub of schools: Barnsole, Bligh, Danecourt, Featherby Infants and Featherby Juniors. This is a unique cross-school role combining the relational work of a school-based officer with the objective, advisory, and case management functions often associated with independent attendance services. In this role, you will provide strategic",administration-category,"Administration, HR, data and finance",9,"[{""page"": 9, ""query"": ""Administration, HR, data and finance"", ""route"": ""administration-category""}]",1,OK,81228629d6084fc159c7dd4af0ea65ddc66447503af5c8024f0b8e00c1533cb9
2026-08-23,Teaching Vacancies,mi-systems-and-reporting-manager,https://teaching-vacancies.service.gov.uk/jobs/mi-systems-and-reporting-manager,MI Systems and Reporting Manager,Plumpton College,"Lewes, South East, BN7 3AE",BN7 3AE,"Up to £48,633 per annum",2026-08-21,2026-09-21T08:00:00+01:00,['FULL_TIME'],"Plumpton College is seeking an experienced, strategic and collaborative MI Systems and Reporting Manager to lead the management and development of the College’s core Management Information Systems. The MI Systems and Reporting Manager will be responsible for the strategic management of the College’s information systems and reporting infrastructure. This includes ensuring the accuracy, integrity, and accessibility of institutional data, developing reporting solutions that support evidence-based decision-making, and maintaining compliance with funding, audit, and regulatory requirements while driving continuous service improvement. About the Role As the MI Systems and Reporting Manager, you will lead the strategic and operational management of the College’s MIS platforms, ensuring accurate and timely data to support funding, statutory reporting, curriculum planning and organisational performance. The postholder will work closely with the MIS team and wider Registry and Exams team, overseeing system development and ensuring that Plumpton College maintains high standards of data quality, compliance and reporting. You will: Act as the College’s lead specialist for MIS platforms, ensurin",administration-category,"Administration, HR, data and finance",50,"[{""page"": 50, ""query"": ""Administration, HR, data and finance"", ""route"": ""administration-category""}]",1,OK,4d754cf8115d2c5e4cf7d91d102397ab94f462edd22a8b58b5567bc633859ee2
2026-08-23,Teaching Vacancies,mis-director,https://teaching-vacancies.service.gov.uk/jobs/mis-director,MIS Director,Plumpton College,"Lewes, South East, BN7 3AE",BN7 3AE,"Up to £66,304 per annum",2026-08-21,2026-09-21T08:00:00+01:00,['FULL_TIME'],"Plumpton College is seeking a strategic, analytical and forward-thinking MIS Director to lead and develop our Management Information Systems function across the organisation. This is a senior leadership opportunity to play a pivotal role in delivering high-quality data, insight and reporting that underpins effective decision-making, curriculum planning and funding optimisation. About the Role As the MIS Director, you will lead the College’s MIS function, ensuring the delivery of accurate, timely and compliant data to support both internal stakeholders and external funding bodies. You will play a critical role in maximising funding, maintaining compliance, and driving continuous improvement in data systems and reporting. You will: Lead the MIS team, driving high performance and continuous improvement, working closely alongside the MIS Systems Manager. Provide high-quality data, analysis and reporting to support strategic and operational decision-making. Oversee timely and accurate returns to external stakeholders, including ESFA and OfS, ensuring compliance with funding rules. Support curriculum planning and funding maximisation through effective use of data and systems. Produce and",administration-category,"Administration, HR, data and finance",50,"[{""page"": 50, ""query"": ""Administration, HR, data and finance"", ""route"": ""administration-category""}]",1,OK,c0b491413dca6ee668eb5726e91dad6143d77482d008d5028a85de929f314f88
2026-08-23,Teaching Vacancies,music-support-assistant,https://teaching-vacancies.service.gov.uk/jobs/music-support-assistant,Music Support Assistant,"English Martyrs' Catholic School, A Voluntary Academy","Leicester, East Midlands, LE4 0FJ",LE4 0FJ,"£25,989.00 - £27,254.00 Annually (FTE) Actual Salary £13,631.05 to £14,294.54 pa",2026-07-09,2026-08-24T09:00:00+01:00,['PART_TIME'],"About this Role Music Support Assistant Employer: St Thomas Aquinas Catholic Multi Academy Trust Location: English Martyrs' Catholic School - LE4 Hours: 22.5 hours per week / 39 weeks per year (this would include support whole school events across the year) Position: Permanent Salary: £13,631.05-£14,294.54 pa Actual Salary (FTE £25,989-£27,254 pa) Grade: Band 3 (Point 6-9 ) Start Date: ASAP (Autumn Term 2026) Closing date: 9.00 am 24th August 2026 Interview date: W/c 7th September 2026 Our school is highly successful, and our catchment area draws from the west side of Leicester. We have strong Catholic values and pride ourselves on our care and commitment to all. Our governing body and the Principal are looking to appoint a person who is passionate about Music by supporting teaching and learning to ensure that students achieve their full potential and complement the skills of our music department. We will offer the successful applicant a happy, welcoming and supportive team where everyone is committed to staff development and raising standards for all in an enjoyable and purposeful environment. Are you passionate about helping students achieve their potential? Our vibrant secondary",administration-category,"Administration, HR, data and finance",3,"[{""page"": 3, ""query"": ""Administration, HR, data and finance"", ""route"": ""administration-category""}]",1,OK,c792e33997bbf407f81f2c2d5f7141d806a761e1199a3816fd5396127733479f
2026-08-23,Teaching Vacancies,office-administrator-barton-park-primary-school,https://teaching-vacancies.service.gov.uk/jobs/office-administrator-barton-park-primary-school,Office Administrator,Barton Park Primary School,"Oxford, South East, OX3 9WN",OX3 9WN,"£26,824.00 Annually (FTE) Actual annual salary is £12,016 for 19.5 hours per week term time only plus 3 inset days",2026-08-14,2026-09-04T12:00:00+01:00,['PART_TIME'],"About this role: This is an essential front-facing role managing daily school operations, family communications, and administrative systems. Barton Park Primary School is seeking an organised, calm, and proactive Office Administrator to join our dedicated team in our modern, purpose-built facility on a flexible 3-day term-time basis (including Fridays and INSET days). In this varied, front-facing role, you will act as the primary point of contact for our parent community while delivering a professional administrative service that encompasses tasks such as monitoring pupil attendance, coordinating school trips, managing nursery and wrap-around care logistics, and arranging first aid care for pupils and staff. Proven experience in a busy public-facing office environment is essential, alongside a positive, respectful approach that brings order and reassurance to our emerging school community, allowing teachers and leadership to focus on pupil progress. In return for your commitment to helping our school thrive, we offer dedicated support for your ongoing professional development—with future opportunities to gain hands-on experience in finance, premises management, payroll, and HR for",administration-category,"Administration, HR, data and finance",35,"[{""page"": 35, ""query"": ""Administration, HR, data and finance"", ""route"": ""administration-category""}, {""page"": 9, ""query"": ""administrator"", ""route"": ""keyword:administrator""}, {""page"": 2, ""query"": ""office"", ""route"": ""keyword:office""}]",3,OK,6507fa5e4ea1f71f1a1f76eff33fba35fcf567d0ef52f77cff9d377bc363b4da
2026-08-23,Teaching Vacancies,office-administrator-bassingbourn-village-college,https://teaching-vacancies.service.gov.uk/jobs/office-administrator-bassingbourn-village-college,Office Administrator,Bassingbourn Village College,"Royston, East of England, SG8 5NJ",SG8 5NJ,"NJC Cambridgeshire Scale 5 Point 12 - 14 (£28,598 - £29,540 FTE per annum) £12,426.16 - £12,835.47 pro rata, plus holiday pay.",2026-08-03,2026-08-31T23:59:00+01:00,"['PART_TIME', 'TEMPORARY']","Good level of secondary education including evidence of GCSEs or equivalent. First aid certificate, or the willingness to gain this qualification. Experience working in a similar administrative role. Able to work collaboratively with others. Excellent organisational and time management skills. Excellent communication and interpersonal skills. Good level of literacy and numeracy. A positive and flexible attitude to all aspects of the job including enthusiasm, a professional and common-sense approach and a dedication to the interest of the College. An eye for detail and a willingness to improve all aspects of college provision. Proactive, positive and flexible approach to work and taking on new tasks. Ability to ensure work is accurate and delivered so that deadlines are met. High standards of behaviour in the professional role. Commitment to form and maintain appropriate relationships and personal boundaries with young people. Commitment to safeguarding and promoting the welfare of young people. Satisfactory enhanced DBS check, Medical Clearance and 2 References.",administration-category,"Administration, HR, data and finance",17,"[{""page"": 17, ""query"": ""Administration, HR, data and finance"", ""route"": ""administration-category""}, {""page"": 5, ""query"": ""administrator"", ""route"": ""keyword:administrator""}, {""page"": 2, ""query"": ""office"", ""route"": ""keyword:office""}]",3,OK,8fccbba9d34a01eb62b0e77a6919dd3df5e0d8b3934242bfe78141469df2d5f8
2026-08-23,Teaching Vacancies,office-administrator-elmridge-primary-school,https://teaching-vacancies.service.gov.uk/jobs/office-administrator-elmridge-primary-school,Office Administrator,Elmridge Primary School,"Altrincham, North West, WA15 0JF",WA15 0JF,"£12,997.00 - £14,523.00 Annually (Actual) Bright Futures Grade 3 Point 4 - 6 pro-rata 21.75 hours per week",2026-07-14,2026-09-09T12:00:00+01:00,['PART_TIME'],"This post is offered on a part-time basis initially, with the potential to become a full-time role in the future. Purpose of the Role The Administration Officer plays a key role in the efficient day-to-day operation of the school office, providing a professional, welcoming and effective service to pupils, parents, staff, visitors and external agencies. The post holder will support the administration of attendance, admissions, communications and financial processes, ensuring compliance with safeguarding, data protection and school procedures. The role will also contribute to maintaining and growing pupil numbers through effective admissions management, engagement with prospective families and promotion of the school. Key Responsibilities Reception and Customer Service Act as the first point of contact for pupils, parents, visitors and staff, providing a professional and welcoming service. Manage telephone, email and face-to-face enquiries efficiently and courteously. Ensure visitors are signed in and out in accordance with safeguarding and security procedures. Arrange meetings and appointments using the shared school diary. Organise school tours and visits for prospective families.",administration-category,"Administration, HR, data and finance",43,"[{""page"": 43, ""query"": ""Administration, HR, data and finance"", ""route"": ""administration-category""}, {""page"": 10, ""query"": ""administrator"", ""route"": ""keyword:administrator""}, {""page"": 3, ""query"": ""office"", ""route"": ""keyword:office""}]",3,OK,0f5bd2f1d4f519cb20de50e1c068c99f376b227c1426fc186288cfe892b28f57
2026-08-23,Teaching Vacancies,office-administrator-evc-and-cover-manager-kents-hill-park-all-through-school,https://teaching-vacancies.service.gov.uk/jobs/office-administrator-evc-and-cover-manager-kents-hill-park-all-through-school,Office Administrator: EVC and Cover Manager,Kents Hill Park all-through school,"Milton Keynes, South East, MK7 6BZ",MK7 6BZ,"£26,923.00 Annually (Actual)",2026-07-02,2026-09-08T12:00:00+01:00,['FULL_TIME'],"Office Administrator: EVC and Cover Manager Actual Salary c£26,923 37 hours a week 39 weeks per year (term time plus inset days) Required September 2026 Kents Hill Park School is an ‘all-through’ school in Milton Keynes that opened to 30 pupils in Year 3 and 120 in Year 7 in September 2018. There are now over 1000 pupils across the school. This is an exciting and rare opportunity to be part of the Kents Hill Park School team. We are looking for innovative, passionate and committed individuals to join our fantastic dedicated team. Flexibility and the desire to take part in all aspects of the school will be required. This is a superb opportunity to help shape the future of the school and the confident, independent and forward-thinking pupils who we inspire each day. We are looking for a hardworking, highly motivated and flexible individual to join our administration team: To provide excellent customer service To provide an efficient administrative service which supports the school To be an ambassador for the school presenting the highest standards of respect and confidentiality at all times The successful applicant will: have excellent communication skills work well under pressure en",administration-category,"Administration, HR, data and finance",43,"[{""page"": 43, ""query"": ""Administration, HR, data and finance"", ""route"": ""administration-category""}, {""page"": 10, ""query"": ""administrator"", ""route"": ""keyword:administrator""}, {""page"": 3, ""query"": ""office"", ""route"": ""keyword:office""}]",3,OK,96533601fbd00c95d1ad3b5aa56aa59886649ac976ce2ea9ab59648dbc51f905
2026-08-23,Teaching Vacancies,office-administrator-norwich-city-college-of-further-and-higher-education,https://teaching-vacancies.service.gov.uk/jobs/office-administrator-norwich-city-college-of-further-and-higher-education,Office Administrator,Norwich City College of Further and Higher Education,"Norwich, East of England, NR2 2LJ",NR2 2LJ,"£24,848 - £25,163 per annum",2026-08-20,2026-08-28T23:59:00+01:00,['FULL_TIME'],"Are you a highly proactive administrator with exceptional organisation and first-class minute-taking skills? We’re looking for an Executive Office Administrator to support our Senior Management Team at the heart of a busy further education college.This is a fast-paced, high-impact role where you’ll keep senior leaders organised, informed, and running efficiently. What you’ll do Take accurate, high-quality minutes, including for sensitive meetings Proactively manage diaries, meetings, and executive priorities Prepare professional reports, agendas, and correspondence Coordinate key meetings, events, and stakeholder engagement Handle confidential information with discretion and professionalism What we’re looking for Proven experience in a senior admin role Outstanding minute-taking ability and attention to detail A proactive, can-do approach with the ability to anticipate needs Strong organisation and prioritisation skills Confident communicator with stakeholders at all levels Why join us? Play a key role in supporting leadership within a college that is committed to student success, safeguarding, and inclusive education. Staff mandatory training will be completed within 3 months. Thi",administration-category,"Administration, HR, data and finance",9,"[{""page"": 9, ""query"": ""Administration, HR, data and finance"", ""route"": ""administration-category""}, {""page"": 3, ""query"": ""administrator"", ""route"": ""keyword:administrator""}, {""page"": 1, ""query"": ""office"", ""route"": ""keyword:office""}]",3,OK,f1978ded33cdad6343e35faf44e91833e70b62b58447cc5b43f7775bc68490dd
2026-08-23,Teaching Vacancies,office-administrator-sir-william-ramsay-school-high-wycombe-buckinghamshire,https://teaching-vacancies.service.gov.uk/jobs/office-administrator-sir-william-ramsay-school-high-wycombe-buckinghamshire,Office Administrator,Sir William Ramsay School,"High Wycombe, South East, HP15 7UB",HP15 7UB,"£21,628.00 - £23,200.00 Annually (Actual) Salary – Bucks Pay Range 3 £21,628 - £23,200 (full time equivalent £29,114 - £31,230)",2026-07-08,2026-09-04T12:00:00+01:00,['PART_TIME'],"Sir William Ramsay School Part of the Insignis Academy Trust We have an exciting opportunity to join our successful, vibrant community as a Office Administrator Permanent, part-time 32 hours 30 minutes, 39 weeks (Hours can be flexible for the right candidate) Salary - Bucks Pay Range 3 £21,628 - £23,200 (full time equivalent £29,114 - £31,230) Start date - September 2026 Closing date - Friday 4th September 2026 at 12 noon At Sir William Ramsay we are looking to appoint a dynamic, highly motivated and enthusiastic Office Administratorwith a passion to work with young people to drive their success even further. You will provide efficient and effective administrative support to the school, ensuring the smooth running of the school office and supporting staff, students, and parents with their administrative needs. For any enquiries relating to the position please contact the Trust’s Human Resources Team, either by email recruitment@insignis.org.uk or by telephone 01296 744351, who will be happy to help. Closing date - Friday 4th September 2026 at 12 noon Insignis Academy Trust operates rigorous ‘safer recruitment’ practices, and the successful candidates will be required to undertake t",administration-category,"Administration, HR, data and finance",34,"[{""page"": 34, ""query"": ""Administration, HR, data and finance"", ""route"": ""administration-category""}, {""page"": 9, ""query"": ""administrator"", ""route"": ""keyword:administrator""}, {""page"": 2, ""query"": ""office"", ""route"": ""keyword:office""}]",3,OK,e08a39e859333defc38ad25b7abaf8405b0cc0b26d3540cf135640e8b312a17e
2026-08-23,Teaching Vacancies,office-administrator-st-peter-s-school,https://teaching-vacancies.service.gov.uk/jobs/office-administrator-st-peter-s-school,Office Administrator,St Peter's School,"Huntingdon, East of England, PE29 7DD",PE29 7DD,"£25,583.00 - £25,989.00 Annually (FTE) NJC Scale 3, Points 5 to 6 . Actual salary £22,439.24 per annum on point 5.",2026-07-29,2026-09-04T09:00:00+01:00,['FULL_TIME'],"OFFICE ADMINISTRATOR Salary: NJC Scale 3, Points 5 to 6 (£25,583 to £25,989 per annum FTE). Actual salary £22,439.24 per annum on point 5. Contract: Permanent. 37 hours per week, Monday to Thursday 08.00 to 16.00 and Friday 08.00 to 15.30. Term Time plus 5 training days, plus 5 days to be worked over school closure periods (40 weeks per year) Start date: As soon as possible Place of work: St Peters School, Huntingdon St Peter's School is seeking to appoint a highly organised, professional and efficient Office Administrator to work in the school's main reception. The successful candidate will play a key role in the day-to-day operation of the school office and will often be the first point of contact for visitors, parents, students and external agencies. As such, they will help create a welcoming and positive experience for all members of our school community. The role will involve a variety of administrative duties including preparing letters, minutes and other documentation as requested by teaching and support staff; welcoming visitors onto site in a polite and efficient manner; managing incoming telephone calls and communications, ensuring messages are passed on promptly to relev",administration-category,"Administration, HR, data and finance",33,"[{""page"": 33, ""query"": ""Administration, HR, data and finance"", ""route"": ""administration-category""}, {""page"": 8, ""query"": ""administrator"", ""route"": ""keyword:administrator""}, {""page"": 2, ""query"": ""office"", ""route"": ""keyword:office""}]",3,OK,1ffb58e813126b3fa95fd17df39dc7ef17bd2b1172cd96edf335fa2816a41bf3
2026-08-23,Teaching Vacancies,office-administrator-stanton-road-primary-school,https://teaching-vacancies.service.gov.uk/jobs/office-administrator-stanton-road-primary-school,Office Administrator,Stanton Road Primary School,"Wirral, North West, CH63 3HW",CH63 3HW,"£20,359.87 Annually (Actual) Band D",2026-07-23,2026-09-01T12:00:00+01:00,['PART_TIME'],"We are seeking a friendly, organised and enthusiastic Office Administrator to join our busy school office team. This is an excellent opportunity for someone with strong administrative and customer service skills who enjoys working in a fast-paced environment and making a positive difference to the school community. As the first point of contact for parents, visitors and pupils, you will play a key role in ensuring the smooth day-to-day running of the school office. Key Responsibilities Providing a welcoming and professional reception service. Answering telephone calls, emails and enquiries from parents and visitors. Maintaining accurate pupil records and school databases. Attendance administration and reporting. Processing correspondence, letters and school communications. Dealing with admissions, pupil records and general office administration. Supporting staff with administrative tasks as required. Ensuring confidentiality and compliance with GDPR and safeguarding procedures. Administering first aid to pupils, maintaining accurate records, and liaising with parents/carers where appropriate. The Successful Candidate Will Have Excellent communication and interpersonal skills. Previ",administration-category,"Administration, HR, data and finance",23,"[{""page"": 23, ""query"": ""Administration, HR, data and finance"", ""route"": ""administration-category""}, {""page"": 7, ""query"": ""administrator"", ""route"": ""keyword:administrator""}, {""page"": 2, ""query"": ""office"", ""route"": ""keyword:office""}]",3,OK,2c0fa854cd591e1dc4f30edd16f36cfb3957e8c5fdcbcaf16b33be769bf69881
2026-08-23,Teaching Vacancies,office-administrator-university-of-cambridge-primary-school-cambridge-cambridgeshire,https://teaching-vacancies.service.gov.uk/jobs/office-administrator-university-of-cambridge-primary-school-cambridge-cambridgeshire,Office Administrator,University of Cambridge Primary School,"Cambridge, East of England, CB3 0QZ",CB3 0QZ,"£25,583.00 - £25,989.00 Annually (FTE)",2026-08-13,2026-08-26T09:00:00+01:00,['FULL_TIME'],"This is an exciting opportunity for a highly organised and personable individual to become a key member of our school community. We are looking for someone who thrives in a busy environment, takes pride in delivering excellent customer service, communicates effectively with a wide range of people, and approaches challenges with a positive, solution-focused mindset. The successful candidate will play an important role in creating a welcoming atmosphere while supporting the school's vision, values, and ethos. Salary: SCP 5 - 6 (£25,583 - £25,989 FTE) (37 hours per week, 39 weeks a year) The University of Cambridge Primary School strives to be an outstanding school. Alongside this responsibility, we work closely with a range of partners, including the Faculty of Education and the University of Cambridge, to support initial teacher training and educational research. The school is the first University Training School for primary education, and expectations are therefore exceptionally high. As such, the Headteacher and Governing Body invite applications from highly motivated and organised individuals with energy, enthusiasm and vision to help ensure excellent first impressions for our sc",administration-category,"Administration, HR, data and finance",6,"[{""page"": 6, ""query"": ""Administration, HR, data and finance"", ""route"": ""administration-category""}, {""page"": 2, ""query"": ""administrator"", ""route"": ""keyword:administrator""}, {""page"": 1, ""query"": ""office"", ""route"": ""keyword:office""}]",3,OK,246551fa86662e3f8f630dbaadb4200ca0a14326960aed5600d12ee029c7f7a4
2026-08-23,Teaching Vacancies,office-administrator-wensley-fold-cofe-primary-academy-blackburn-lancashire,https://teaching-vacancies.service.gov.uk/jobs/office-administrator-wensley-fold-cofe-primary-academy-blackburn-lancashire,Office Administrator,Wensley Fold CofE Primary Academy,"Blackburn, North West, BB2 6LX",BB2 6LX,"£25,583 to £26,828,",2026-08-17,2026-09-25T12:00:00+01:00,['FULL_TIME'],"Job Purpose Under the guidance of the HT, DHT and FOM, be responsible for undertaking administrative, financial and organisational processes throughout the school. Assist with the planning and development of support services. General Management  To work alongside the finance and operations manager and ensure the efficient running of the office both operational and financial.  Develop and support with all procedures, protocols and office systems to meet the administration and operational needs of the school. Reception Duties  To ensure that all visitors to the school are received in a friendly and professional manner and that they feel welcomed and well attended to.  To manage the process for children who arrive late and supervision of children who leave during the day for appointments/sickness  To be responsible for arranging medical or other appointments with the school nurse/dentist and other agencies, as required.  To process ID checks for all visitors in accordance with the school’s safeguarding procedures ensuring everyone is signed in and out and wearing the appropriate identification.  To ensure all queries, either in person or by telephone, are dealt with swiftly and",administration-category,"Administration, HR, data and finance",51,"[{""page"": 51, ""query"": ""Administration, HR, data and finance"", ""route"": ""administration-category""}, {""page"": 12, ""query"": ""administrator"", ""route"": ""keyword:administrator""}, {""page"": 4, ""query"": ""office"", ""route"": ""keyword:office""}]",3,OK,8edac9b18f3e6ddc451fa738329b881f52a412df83dcaaf73d3081cf524b07b3
2026-08-23,Teaching Vacancies,office-manager-37d931fd-e898-412f-bd8e-d53558f8deba,https://teaching-vacancies.service.gov.uk/jobs/office-manager-37d931fd-e898-412f-bd8e-d53558f8deba,Office Manager,Clover Leys Spencer Academy,"Derby, East Midlands, DE24 5AX",DE24 5AX,"£27,521.00 - £29,362.00 Annually (Actual) NJC 11-15 - Full Time - 43 weeks per year",2026-07-22,2026-09-04T23:59:00+01:00,['FULL_TIME'],"We are seeking an organised, professional, and confident Office Manager to join our team at Clover Leys Spencer Academy. As the first point of contact for many of our families and visitors, you will play a vital role in ensuring the smooth day-to-day running of the school office, requiring excellent communication, attention to detail, and the ability to manage multiple priorities in a busy environment. Clover Leys is a growing primary school with a strong sense of community. We are looking for someone who is proactive, solution-focused, and committed to supporting our staff, children, and families with efficiency and care. Join us in shaping a calm, purposeful and professional front-of-house environment. We would love to welcome you to experience our wonderful school for yourself. Stepping through our doors, you’ll feel the calm, purposeful atmosphere and see children who are enthusiastic, curious, and eager to learn. At Clover Leys, you’ll join a supportive, inspiring team where collaboration and care are at the heart of our work. We provide excellent CPD and training, with clear opportunities for professional growth at every stage of your career. This role gives you the chance to",administration-category,"Administration, HR, data and finance",36,"[{""page"": 36, ""query"": ""Administration, HR, data and finance"", ""route"": ""administration-category""}, {""page"": 3, ""query"": ""office"", ""route"": ""keyword:office""}]",2,OK,d8dcc0a1f1698fb00f82b9ccfb82b0d8036a0038267208d590e0902354f28b77
2026-08-23,Teaching Vacancies,office-manager-5960c337-50dd-408c-89a6-bc2f39580f3d,https://teaching-vacancies.service.gov.uk/jobs/office-manager-5960c337-50dd-408c-89a6-bc2f39580f3d,Office Manager,Saint Augustine Webster Catholic Voluntary Academy,"Scunthorpe, Yorkshire and the Humber, DN15 8BU",DN15 8BU,"£24,272.00 - £26,756.00 Annually (Actual)",2026-07-16,2026-09-15T23:59:00+01:00,['FULL_TIME'],"Working in our main school office you will provide a high-quality service, leading the administration team. You will come into daily contact with our parents and staff so, as well as having administrative experience, you will also possess excellent communication and customer service skills. This is a temporary full-time maternity cover role, working 37 hours per week, term time only . Starting as soon as possible until 52 weeks or sooner should our colleague on Maternity leave returns to work prior to this date for whatever reason. About us: Saint Augustine Webster Catholic Voluntary Academy is a primary school and is located in Scunthorpe. We are an Ofsted-rated GOOD school. We are part of Our Lady of Lourdes Catholic Multi-Academy Trust, bringing together the 36 Catholic Primary and Secondary schools in Lincolnshire, Nottingham City and Nottinghamshire. You will: Have previous administrative and ideally team management experience, preferably in a school office. Have the ability to maintain a calm, positive and professional manner at all times. Demonstrate accuracy and attention to detail. Lead and manage members of the admin team. Provide general administrative support within the",administration-category,"Administration, HR, data and finance",49,"[{""page"": 49, ""query"": ""Administration, HR, data and finance"", ""route"": ""administration-category""}, {""page"": 4, ""query"": ""office"", ""route"": ""keyword:office""}]",2,OK,1479e8554d8ac8db7f8a7768a8b98395b08122f1b130fc17c57ad9422f358a93
2026-08-23,Teaching Vacancies,office-manager-acting-1-year-fixed,https://teaching-vacancies.service.gov.uk/jobs/office-manager-acting-1-year-fixed,Office Manager (Acting - 1 Year Fixed),Burnt Mill Academy,"Harlow, East of England, CM20 2NR",CM20 2NR,"Salary depending on experience (37 hours per week, 41 weeks per year (term time +inset days+ 2 weeks)",2026-08-20,2026-08-31T23:59:00+01:00,['FULL_TIME'],"Office Manager - Acting Fixed-Term Position We are seeking an experienced, highly organised, and professional Office Manager to join our secondary school on an acting fixed-term basis for one year , with the potential for the position to be extended for the right candidate . This is an excellent opportunity for a motivated and capable individual to take on a key role within the school, overseeing the smooth day-to-day running of the school office team and providing high-quality administrative support to students, parents, staff, and the wider school community. The successful candidate will be professional, approachable, organised, and confident in managing a busy school environment , with the ability to prioritise tasks, communicate effectively, and respond calmly to changing demands. Safeguarding The successful candidate will be expected to demonstrate a strong commitment to safeguarding and promoting the welfare of children and young people . They must understand the importance of maintaining confidentiality, following school safeguarding procedures, and appropriately reporting any concerns in accordance with school policies and statutory requirements. The role will involve regul",keyword:office,office,2,"[{""page"": 2, ""query"": ""office"", ""route"": ""keyword:office""}]",1,OK,57f3c566eebacc8d914e326af6d886bb5e82619cee5404c1ab08901255d561fa
2026-08-23,Teaching Vacancies,office-manager-and-work-placement-coordinator-sixth-form-norton-hill-academy,https://teaching-vacancies.service.gov.uk/jobs/office-manager-and-work-placement-coordinator-sixth-form-norton-hill-academy,Office Manager and Work Placement Coordinator - Sixth Form,Norton Hill Academy,"Radstock, South West, BA3 4AD",BA3 4AD,"Grade 6, spinal point 18-22",2026-08-17,2026-08-31T09:00:00+01:00,['FULL_TIME'],"We’re looking for a proactive multitasker to drive our work placement process by building strong local employer relationships, while confidently managing and supervising students within the MSN Sixth Form Centre. The candidate will be able to meet deadlines, achieve targets and have excellent organisational and planning skills. This role demands an innovative and motivated individual who is able to adapt to and work in different environments. Knowledge of Arbor would be an advantage, but not essential. Main purpose of role: Manage the Sixth Form work placement processes Manage the Trust post 16 bursary administration Manage the Social Media for the Sixth Form on Norton Radstock sites Implement promotional aspects of the sixth form to include designed adverts and promotional material. Manage the provision of a comprehensive support service to the sixth form across both sites Provide administrative support for Trust aspects of Sixth Form. Attend and support external and internal career recruitment events. Manage the Sixth Form recruitment process across all sites to include publicity, arranging interviews, actioning appropriate paperwork and helping with transition arrangements. Supp",administration-category,"Administration, HR, data and finance",13,"[{""page"": 13, ""query"": ""Administration, HR, data and finance"", ""route"": ""administration-category""}, {""page"": 14, ""query"": ""Administration, HR, data and finance"", ""route"": ""administration-category""}, {""page"": 1, ""query"": ""office"", ""route"": ""keyword:office""}]",3,OK,1e825472070599a533b8e80ee0d42b1a26d88316b6bdd19244266d5646db4bad
2026-08-23,Teaching Vacancies,office-manager-cambridge-park-academy-grimsby-north-east-lincolnshire,https://teaching-vacancies.service.gov.uk/jobs/office-manager-cambridge-park-academy-grimsby-north-east-lincolnshire,Office Manager,Cambridge Park Academy,"Grimsby, Yorkshire and the Humber, DN34 5EB",DN34 5EB,"£29,540 - £32,061 FTE, £25,488 - £27,663 Actual",2026-07-24,2026-08-31T08:00:59+01:00,['FULL_TIME'],"OFFICE MANAGER CAMBRIDGE PARK ACADEMY Grade & Scale point: 6, SCP 14-19 Salary: £29,540 - £32,061 FTE, £25,488 - £27,663 Actual, £15.31– £16.62/hr. Hours of work: 37 hours per week Contract: Permanent, Term time + 5 training days (195 days/year) Start date: 1 September 2026 Cambridge Park Academy is seeking a proactive and highly organised Office Manager to join our team in the new academic year. You will be joining a friendly and supportive administrative team, playing a key leadership role in ensuring the smooth and efficient running of the school office. As Office Manager, you will lead the administrative team, overseeing daily operations, supporting colleagues, and ensuring that all procedures are consistently and effectively implemented. The successful candidate will have strong experience in managing employee sickness absence, conducting back to work meetings for school staff, and maintaining accurate absence records. You will be the first point of contact for absence ensuring policy & procedures are followed with professionalism and care. Alongside this, you will excel in general administration and provide reliable support with finance tasks including invoicing and procureme",administration-category,"Administration, HR, data and finance",12,"[{""page"": 12, ""query"": ""Administration, HR, data and finance"", ""route"": ""administration-category""}, {""page"": 1, ""query"": ""office"", ""route"": ""keyword:office""}]",2,OK,ef384ab5633c52dcb36606c780a8388d08dc1b1b65a89c403da2eac2b7ad07c4
2026-08-23,Teaching Vacancies,office-manager-cf4ed5f9-993c-4290-bdde-9e62b7a08c9c,https://teaching-vacancies.service.gov.uk/jobs/office-manager-cf4ed5f9-993c-4290-bdde-9e62b7a08c9c,Office Manager,Pathways School,"Dagenham, London, RM9 6PH",RM9 6PH,"£34,817.00 Annually (Actual)",2026-06-24,2026-09-11T23:59:00+01:00,['FULL_TIME'],"Post: Office Manager Apply by: 11th September 2026 Grade: SO2 Actual salary-£34,817-£36,445 Contract type: Full-time/ Permanent, 36 hours per week, term time plus 2 weeks (41 weeks) Hours: 8am to 4pm Start Date: November 2026 Location: Pathways School, Barking and Dagenham, RM10 9NH Pathways School is a specialist Social, Emotional and Mental Health school from Years 1 to 11. Pupils receive a sector leading education with access to the full national curriculum made accessible through the delivery of specialist adaptations. If you have an interest in learning how to lead and deliver an adapted and inclusive physical education and sports programme for pupils with SEMH needs. , then we’d be interested in your application. Pathways School is looking to recruit a full time Office manager to take responsibility for the smooth running of the office where your professionalism, initiative and office skills will be welcomed. You will have plenty of room to be creative and management is always open to new ideas that positively impact the running of our school. You will have the flexibility to implement new procedures and systems to ensure the smooth running of the office alongside leading a s",administration-category,"Administration, HR, data and finance",46,"[{""page"": 46, ""query"": ""Administration, HR, data and finance"", ""route"": ""administration-category""}, {""page"": 3, ""query"": ""office"", ""route"": ""keyword:office""}]",2,OK,cb4870264fe44d1683942779cbf4084d45c992efd916946c5df23fd6b9db2491
2026-08-23,Teaching Vacancies,office-manager-harris-primary-academy-east-dulwich-london,https://teaching-vacancies.service.gov.uk/jobs/office-manager-harris-primary-academy-east-dulwich-london,Office Manager,Harris Primary Academy East Dulwich,"London, London, SE22 8HA",SE22 8HA,"£39,807 - £41,637",2026-08-10,2026-08-27T23:59:00+01:00,['FULL_TIME'],"We are looking for an Office Manager to organise and supervise administrative systems within Harris Primary Academy East Dulwich. If you are interested in planning, developing and monitoring support services and managing administrative support staff, this could be the role for you. We would like to hear from you if you have: NVQ Level 4 or equivalent qualification or experience in a relevant discipline Several years' experience working in an office environment at senior level Experience of using Microsoft Office Suite Experience of using Bromcom or other MIS Experience of working with the general public Experience of using, maintaining and developing administrative systems Good understanding of databases, including ability to use database to procedure reports and statistics Full working knowledge of relevant policies/codes of practice/legislation For a full job description and person specification, please download the Job Pack.",administration-category,"Administration, HR, data and finance",7,"[{""page"": 7, ""query"": ""Administration, HR, data and finance"", ""route"": ""administration-category""}, {""page"": 1, ""query"": ""office"", ""route"": ""keyword:office""}]",2,OK,230d74a904258794c2320af1a85b685703097ab2df591539e3cd17f5545ed953
2026-08-23,Teaching Vacancies,office-manager-king-s-academy-meadow-vale,https://teaching-vacancies.service.gov.uk/jobs/office-manager-king-s-academy-meadow-vale,Office Manager,King's Academy Meadow Vale,"Bracknell, South East, RG42 1SY",RG42 1SY,"£25,209.00 - £28,592.00 Annually (Actual) KGA Support Staff Pay Scale Band 7, Points 13-17, £32,061–£36,363 per annum (FTE)",2026-07-21,2026-09-04T12:00:00+01:00,['FULL_TIME'],"Lead. Organise. Inspire. Make a Difference. Are you an experienced administrator with a passion for leading people and creating efficient, high-performing systems? Do you thrive in a fast-paced environment where no two days are the same? If so, we'd love to hear from you. We are seeking an exceptional Office Manager to lead the day-to-day administrative and operational functions of our academy. This is a fantastic opportunity to join our Senior Leadership Team (SLT), where you'll play a vital role in ensuring the academy runs smoothly while supporting our staff, pupils and wider school community. About the Role As Office Manager, you'll be responsible for overseeing all administrative operations, ensuring our systems, processes and support services are delivered to the highest standard. You'll lead a dedicated team across administration, reception and support services, fostering a culture of professionalism, collaboration and continuous improvement. Working closely with the Headteacher and central Trust teams, you'll help deliver both operational excellence and strategic priorities, ensuring compliance with Trust policies and contributing to the continued success of the academy. Wh",administration-category,"Administration, HR, data and finance",34,"[{""page"": 34, ""query"": ""Administration, HR, data and finance"", ""route"": ""administration-category""}, {""page"": 3, ""query"": ""office"", ""route"": ""keyword:office""}]",2,OK,3b2420c0e2b53bc2e4fcbd0a9851eb545d3a054721e2466e43e563b2f4af940a
2026-08-23,Teaching Vacancies,office-manager-our-lady-of-good-counsel-catholic-primary-school-a-voluntary-academy,https://teaching-vacancies.service.gov.uk/jobs/office-manager-our-lady-of-good-counsel-catholic-primary-school-a-voluntary-academy,Office Manager,"Our Lady of Good Counsel Catholic Primary School, A Voluntary Academy","Sleaford, East Midlands, NG34 7AT",NG34 7AT,"£24,272.00 - £26,756.00 Annually (Actual) Band 4, Scale points 11 - 17",2026-08-03,2026-08-31T09:00:00+01:00,['FULL_TIME'],"Working in our main school office you will provide a high-quality service, leading the administration team. You will come into daily contact with our parents and staff so, as well as having administrative experience, you will also possess excellent communication and customer service skills. This is a permanent full-time role working 37 hours per week, term time only. About us Our Lady of Good Counsel Catholic Primary School, a Voluntary Academy is a primary school and is located in Sleaford. We are an Ofsted-rated Good school. We are part of Our Lady of Lourdes Catholic Multi-Academy Trust, bringing together the 36 Catholic Primary and Secondary schools in Lincolnshire, Nottingham City and Nottinghamshire. About the role As our Office Manager, you will take a leading role in ensuring our school office runs smoothly, efficiently and professionally. You will: Bring experience from a busy office environment. Demonstrate excellent administrative, organisational and communication skills. Plan, prioritise and meet deadlines while managing a varied workload. Build strong relationships with pupils, parents, staff and external stakeholders. Champion excellent customer service across the sch",administration-category,"Administration, HR, data and finance",12,"[{""page"": 12, ""query"": ""Administration, HR, data and finance"", ""route"": ""administration-category""}, {""page"": 13, ""query"": ""Administration, HR, data and finance"", ""route"": ""administration-category""}, {""page"": 1, ""query"": ""office"", ""route"": ""keyword:office""}]",3,OK,c4ada383700d27cf2948082340c8087cf9debc0922c84fcb750ae9008001823d
2026-08-23,Teaching Vacancies,office-manager-southcote-primary-school-southcote-primary-school,https://teaching-vacancies.service.gov.uk/jobs/office-manager-southcote-primary-school-southcote-primary-school,Office Manager - Southcote Primary School,Southcote Primary School,"Reading, South East, RG30 3EJ",RG30 3EJ,"£29,597 to £34,386 Per year",2026-08-17,2026-08-31T23:59:00+01:00,['FULL_TIME'],"8.30am to 4:30pm Monday to Thursday, 8.30am to 4.00pm Friday – Term time plus inset days, plus 1 additional week Our friendly federation is seeking an enthusiastic, organised and self‑motivated Office Manager to join our hardworking and supportive team at Southcote Primary School. We are looking for a dedicated professional who takes pride in delivering high‑quality administrative support and ensuring the smooth day‑to‑day running of a busy school office. This is a varied and rewarding role working closely with the Executive Headteacher, Head of Operations and wider leadership team. The successful candidate will play a key part in supporting pupils, staff, parents and the wider school community — often being the calm, reassuring presence, at the heart of the school. The successful candidate will: - Demonstrate exceptional organisation — able to manage multiple priorities and maintain a well structured, efficient office environment - Communicate with warmth and clarity — building positive relationships with staff, parents, pupils and external agencies - Bring emotional intelligence — remaining calm during busy school mornings and responding sensitively to upset children or concerned",keyword:office,office,2,"[{""page"": 2, ""query"": ""office"", ""route"": ""keyword:office""}]",1,OK,3df7e726ec2976a6431b5611e9afead6b7d3e87948c28bea8a8c1af825104a6e
2026-08-23,Teaching Vacancies,office-manager-st-felix-roman-catholic-primary-school-haverhill,https://teaching-vacancies.service.gov.uk/jobs/office-manager-st-felix-roman-catholic-primary-school-haverhill,Office Manager,"St Felix Roman Catholic Primary School, Haverhill","HAVERHILL, East of England, CB9 9DE",CB9 9DE,"£14,481.00 - £16,154.00 Annually (Actual)",2026-07-16,2026-08-31T12:00:00+01:00,['PART_TIME'],"Job Title: Office Manager Hours: 19 hours per week term time (38 weeks) plus 2 PD Days and one additional week (39.4 weeks a year). Hours to be worked over 3 days, 8:00 - 12:00 Monday, 8:00 - 16:00 Wednesday/Friday. Job Type: Permanent Salary: Grade 5 (range £32,597-£36,363 pro rata) pay award pending. Actual salary for this position would be £14,481 - £16,154 Required from: September 2026 St Felix Catholic Primary is a very popular school in Haverhill and is part of the Our Lady of Walsingham Catholic Multi Academy Trust. We are seeking to appoint an enthusiastic, experienced, efficient and pro-active candidate to manage our busy and supportive office. The post holder will be responsible for managing the office, premises, HR admin and health and safety, as well as completing administrative duties to support the leadership team. Part of your role will also include clerking governor meetings held in the evenings twice a term. The post holder will have experience of working in an office, ideally in a school, plus experience of managing a busy team. They will have excellent communication and IT skills. The ability to multi-task and to build positive relationships with all parents, chi",keyword:office,office,1,"[{""page"": 1, ""query"": ""office"", ""route"": ""keyword:office""}]",1,OK,6a1caf670004c41c896a9490c983be22ed6c60d8680d82bed99e69c5abab7496
2026-08-23,Teaching Vacancies,office-manager-sycamore-academy,https://teaching-vacancies.service.gov.uk/jobs/office-manager-sycamore-academy,Office Manager,Sycamore Academy,"Nottingham, East Midlands, NG3 4QP",NG3 4QP,"SCP 23 (£35,571) - SCP 28 (£40,446)",2026-07-22,2026-09-11T13:00:00+01:00,['FULL_TIME'],"Office Manager Sycamore Academy, St Ann's, Nottingham | NJC SCP 23-28 | Term Time Only + 2 weeks | L.E.A.D. Academy Trust Sycamore Academy is a two-form entry primary with nursery provision (including 2-year-olds) in St Ann's, Nottingham. It's a culturally diverse, inner-city school with growing pupil numbers and strong community engagement — and it's part of L.E.A.D. Academy Trust, a 24-primary, 3-secondary trust across the East Midlands. We're looking for an Office Manager to take ownership of the administrative and business function of the school and sit as a member of the leadership team. This isn't a back-office admin role — you'll be shaping how the school runs day to day and contributing to its strategic direction alongside the Headteacher and SLT. The role covers: Line managing the administration team,cleaning, site and midday teams, including appraisals, performance management and CPD Full HR administration: recruitment adverts, shortlisting support, offer letters, contracts, DBS checks and Single Central Record compliance, new starter induction, payroll liaison (HCSS/SIMS) Financial procedures, procurement, and maintaining the asset register in line with Trust policy Admi",administration-category,"Administration, HR, data and finance",46,"[{""page"": 46, ""query"": ""Administration, HR, data and finance"", ""route"": ""administration-category""}, {""page"": 3, ""query"": ""office"", ""route"": ""keyword:office""}]",2,OK,a4fcaad3714f7ba9d31ca55592bd1ad82dc07b4c90cf5de0247d0c979945bb58
2026-08-23,Teaching Vacancies,online-marketing-social-media-assistant,https://teaching-vacancies.service.gov.uk/jobs/online-marketing-social-media-assistant,Online Marketing & Social Media Assistant,Samuel Whitbread Academy,"Shefford, East of England, SG17 5QS",SG17 5QS,"£22,636.00 - £22,991.00 Annually (Actual) FTE £24,796.00 - £25,185.00 per annum pro rata; actual £22,636.00 - £22,991.00 per annum. Pay award pending",2026-08-20,2026-09-02T23:59:00+01:00,"['FULL_TIME', 'PART_TIME']","JOB TITLE: Online Marketing & Social Media Assistant BASED AT: Samuel Whitbread Academy SALARY/GRADE RANGE: NJC Scale2A points 3 - 4 (FTE £24,796.00 - £25,185.00 per annum pro rata; actual £22,636.00 - £22,991.00 per annum. Pay award pending) RESPONSIBLE TO: Marketing & Communications Lead HOURS: 37.00 hours per week, term-time only including five designated staff training days (INSET), plus two additional weeks The Bedfordshire Schools Trust (BEST) is a multi-academy trust providing exceptional education across our community of 11 schools and five nurseries. Since forming in 2016, we have grown significantly into one of the largest single employers in Central Bedfordshire. We now educate 8,000 children across the area, from nursery age to advanced level study and have over 1,000 members of staff. It is our aim to grow the BEST in everyone, and everything we do is driven by our values, but our aims can only be achieved if we recruit, retain and develop the highest quality workforce - and we want those we employ to be valued in the workplace. The formative years of BEST has been a real success story - and we are looking forward to an exciting future, too. Do you love creating short-",administration-category,"Administration, HR, data and finance",29,"[{""page"": 29, ""query"": ""Administration, HR, data and finance"", ""route"": ""administration-category""}]",1,OK,7170b64d18d84c20aa4b7e18711e7154c2e1a4540b038367311fc0507986ae28
2026-08-23,Teaching Vacancies,operations-coordinator-oxford-diocesan-bucks-schools-trust,https://teaching-vacancies.service.gov.uk/jobs/operations-coordinator-oxford-diocesan-bucks-schools-trust,Operations Coordinator,Oxford Diocesan Bucks Schools Trust,"Oxford, OX5 1GF",OX5 1GF,"£42,839.00 - £46,142.00 Annually (FTE) Salary is Pro-Rata based on 33 Hours Per Week, 42 Weeks Per Annum.",2026-08-18,2026-09-14T09:00:00+01:00,['PART_TIME'],"Are you an organised people person who enjoys solving problems, building relationships and making things happen? We are looking for an Operations Coordinator to join our growing Operations Team and take responsibility for supporting a hub of approximately 5-6 schools across the Trust. This is a varied and rewarding role where no two days are the same. You will work closely with Headteachers, school staff and the central operations team to help ensure schools are safe, compliant, efficient and able to focus on delivering excellent education. As the lead operational contact for your schools, you will support a wide range of areas including estates, health and safety, compliance, data protection, contracts, procurement, sustainability initiatives and day-to-day operational issues. You will regularly visit schools, build strong relationships with leaders and staff, coordinate projects and contractors, and help drive continuous improvement across the Trust. We are looking for someone who: Loves working with people and building positive relationships. Is highly organised and able to manage multiple priorities. Enjoys problem-solving and finding practical solutions. Has experience in scho",administration-category,"Administration, HR, data and finance",48,"[{""page"": 48, ""query"": ""Administration, HR, data and finance"", ""route"": ""administration-category""}]",1,OK,f3be149617be0f06f17ca81d1e3347c360e8576f580df729fef4c85b577bb5a0
2026-08-23,Teaching Vacancies,operations-manager-astrea-academy-trust,https://teaching-vacancies.service.gov.uk/jobs/operations-manager-astrea-academy-trust,Operations Manager,Astrea Academy Trust,"Sheffield, S9 4WG",S9 4WG,"£33,699.00 - £38,502.00 Annually (FTE) £29,824 - £34,074 pro rata",2026-08-03,2026-08-31T23:59:00+01:00,['FULL_TIME'],"Operations Manager Astrea Academy Trust Location: Sheffield (based at one of our Sheffield Primary Academies, with flexibility to support academies across Sheffield as required) Contract: Full Time, Permanent, working 40 weeks per year Start Date: ASAP Closing Date: 31st August 2026 Join Astrea Academy Trust At Astrea Academy Trust, we are committed to providing every child with an excellent education and the opportunity to fulfil their potential. Our academies are driven by high expectations, strong values and a belief that all children can succeed. We know that outstanding operational support is essential to delivering exceptional educational outcomes, and we are looking for a talented Operations Manager to join our team. This is an exciting opportunity for a highly capable and adaptable individual to provide operational leadership across our Sheffield Primary academies when required. Based at one of our Sheffield primary schools, you will support by stepping in where operational expertise is needed most. This role would suit someone who thrives in a fast-paced environment, enjoys variety, can quickly establish themselves within a team and is confident making decisions independen",administration-category,"Administration, HR, data and finance",19,"[{""page"": 19, ""query"": ""Administration, HR, data and finance"", ""route"": ""administration-category""}]",1,OK,d9131869eb80054b4074b976a3e0562de29dc3c9af869570b052fbaf9f81c9ec
2026-08-23,Teaching Vacancies,operations-manager-reading-school,https://teaching-vacancies.service.gov.uk/jobs/operations-manager-reading-school,Operations Manager,Reading School,"Reading, South East, RG1 5LW",RG1 5LW,"£33,143.00 - £44,075.00 Annually (Actual) Full-Time Equivalent:",2026-07-21,2026-09-21T23:59:00+01:00,['FULL_TIME'],"Working as part of a dedicated and ambitious team within FSCE Ltd, we have an exciting opportunity for an Operations Manager to lead the delivery and continuous improvement of our admissions testing services. Reporting to the Director of Operations, you will oversee a range of operational activities including project delivery, supplier management, event coordination, service development and stakeholder engagement, ensuring that our schools receive a consistently excellent experience. We are looking for someone who: Has strong operational and project management experience. Can lead complex programmes and deliver successful outcomes to demanding deadlines. Builds positive working relationships with customers, suppliers and colleagues. Is highly organised, with excellent attention to detail. Can analyse processes and implement improvements effectively. Is adaptable, proactive and comfortable working in a fast-moving environment. Shares our commitment to educational opportunity and social mobility. At FSCE, we support grammar and selective schools across the UK by delivering admissions testing services that help identify talent and create opportunities for young people. Our work suppor",administration-category,"Administration, HR, data and finance",51,"[{""page"": 51, ""query"": ""Administration, HR, data and finance"", ""route"": ""administration-category""}]",1,OK,de3b114ce03ea9e7c2d3064ead5fabdddeeeeb59108106c66e40fef6a815c462
2026-08-23,Teaching Vacancies,operations-manager-st-john-s-primary-school,https://teaching-vacancies.service.gov.uk/jobs/operations-manager-st-john-s-primary-school,Operations Manager,St John's Primary School,"Redhill, South East, RH1 6QG",RH1 6QG,"£30,647 to £32,867 FTE (Pro Rata £13,858 to £14,862)",2026-07-02,2026-08-31T23:59:00+01:00,['PART_TIME'],"St John’s Primary School (Redhill) is seeking to appoint an organised, proactive and highly professional Operations Manager to play a key role in the effective day-to-day running of the school. This is an exciting opportunity for an experienced senior administrator or operations professional who thrives in a varied role and is passionate about supporting children’s education through excellent operational leadership. Working closely with the Senior Leadership Team, you will help ensure that the school operates efficiently, safely and effectively, providing the very best environment for pupils, staff and visitors. As Operations Manager, you will oversee the school's administrative and operational functions, leading support services and ensuring compliance across a wide range of areas. Your responsibilities will include: Leading and managing administrative support services, including reception, finance and premises functions. Supporting compliance, GDPR and data protection processes. Managing facilities, maintenance programmes and contractor relationships. Coordinating health and safety procedures, risk assessments and emergency planning. Overseeing payroll administration, cover arran",administration-category,"Administration, HR, data and finance",15,"[{""page"": 15, ""query"": ""Administration, HR, data and finance"", ""route"": ""administration-category""}, {""page"": 17, ""query"": ""Administration, HR, data and finance"", ""route"": ""administration-category""}, {""page"": 18, ""query"": ""Administration, HR, data and finance"", ""route"": ""administration-category""}]",3,OK,7155e2858c5feca878727212bd0e5d7cd163f91c0cd6b00d201da59ca83bdeab
2026-08-23,Teaching Vacancies,operations-manager-wellington-eagles-primary-academy,https://teaching-vacancies.service.gov.uk/jobs/operations-manager-wellington-eagles-primary-academy,Operations Manager,Wellington Eagles Primary Academy,"Andover, South West, SP11 9LT",SP11 9LT,"£37,280.00 - £39,152.00 Annually (Actual)",2026-08-13,2026-09-01T08:00:00+01:00,['FULL_TIME'],"Operations Manager (Multi site) Wellington Eagles Primary Academy Wellington Lions Primary Academy Actual Salary: NJC Grade J, £37,280- £39,152 (DOE) Contract: Permanent, full time, 37 hours per week Closing date: 8am, 1st September 2026 Interview Date: 8th or 10th September 2026 Anticipated Start Date: October 2026 or as early as possible thereafter Job Overview We are seeking an experienced and highly organised Operations Manager to lead and coordinate operational services across two primary school sites. This is an exciting opportunity to work across two thriving schools within the Wellington Primary family. Located within the Tidworth and Ludgershall community, the role offers the variety and challenge of a multi-site position while enabling close collaboration between schools. The successful candidate will have strong leadership, HR and administrative management skills, with the ability to drive efficiency, ensure compliance and build positive relationships with staff and stakeholders. You will be proactive, detail-focused and confident managing multiple priorities while supporting the smooth day-to-day operation of our schools. Experience in operations management, ideally wit",administration-category,"Administration, HR, data and finance",20,"[{""page"": 20, ""query"": ""Administration, HR, data and finance"", ""route"": ""administration-category""}]",1,OK,2c0471269030bb596452d810498b991e49a840944afc1ebb4a08c61395fd84dc
2026-08-23,Teaching Vacancies,operations-manager-wellington-lions-primary-academy,https://teaching-vacancies.service.gov.uk/jobs/operations-manager-wellington-lions-primary-academy,Operations Manager,Wellington Lions Primary Academy,"Tidworth, South West, SP9 7FP",SP9 7FP,"£37,280.00 - £39,152.00 Annually (Actual)",2026-08-13,2026-09-01T08:00:00+01:00,['FULL_TIME'],"Operations Manager (Multi site) Wellington Lions Primary Academy Wellington Eagles Primary Academy Actual Salary: NJC Grade J, £37,280- £39,152 (DOE) Contract: Permanent, full time, 37 hours per week Closing date: 8am, 1st September 2026 Interview Date: 8th or 10th September 2026 Anticipated Start Date: October 2026 or as early as possible thereafter Job Overview We are seeking an experienced and highly organised Operations Manager to lead and coordinate operational services across two primary school sites. This is an exciting opportunity to work across two thriving schools within the Wellington Primary family. Located within the Tidworth and Ludgershall community, the role offers the variety and challenge of a multi-site position while enabling close collaboration between schools. The successful candidate will have strong leadership, HR and administrative management skills, with the ability to drive efficiency, ensure compliance and build positive relationships with staff and stakeholders. You will be proactive, detail-focused and confident managing multiple priorities while supporting the smooth day-to-day operation of our schools. Experience in operations management, ideally wit",administration-category,"Administration, HR, data and finance",20,"[{""page"": 20, ""query"": ""Administration, HR, data and finance"", ""route"": ""administration-category""}]",1,OK,ab8b0ee4e1ef9bdc6eeeed5841bad66d7b37d6f88f365641235c384f2efd2078
2026-08-23,Teaching Vacancies,pa-office-manager-moseley-school-and-sixth-form,https://teaching-vacancies.service.gov.uk/jobs/pa-office-manager-moseley-school-and-sixth-form,PA & Office Manager,Moseley School and Sixth Form,"Birmingham, West Midlands, B13 9UU",B13 9UU,"£34,434.00 - £41,771.00 Annually (FTE)",2026-07-17,2026-09-14T09:00:00+01:00,['FULL_TIME'],"Moseley School & Sixth Form is seeking to appoint an outstanding PA & Office Manager to join our dedicated team. This is a pivotal role at the heart of our school, providing high-level support to senior leaders and ensuring the smooth and efficient running of our busy administration function. We are looking for an experienced, highly organised and proactive professional who thrives in a fast-paced environment and is committed to delivering exceptional support to students, staff, parents and visitors. As a key member of our school community, you will play an important role in helping us achieve the very best outcomes for our young people. If you are passionate about making a difference, possess excellent communication and organisational skills, and are looking to join a supportive and ambitious school, we would love to hear from you. This is an exciting opportunity for an experienced and highly organised professional to take on a key role within our school community. As PA & Office Manager, you will provide high-level administrative support to the Executive Headteacher and Head of School while overseeing the efficient day-to-day operation of the school office. Working at the heart o",administration-category,"Administration, HR, data and finance",48,"[{""page"": 48, ""query"": ""Administration, HR, data and finance"", ""route"": ""administration-category""}, {""page"": 3, ""query"": ""office"", ""route"": ""keyword:office""}]",2,OK,875051ec5239e1956077a23fc3f0d2527bc9be56e22aaafbcf253e75011e987b
2026-08-23,Teaching Vacancies,pa-to-headteacher-and-school-operations,https://teaching-vacancies.service.gov.uk/jobs/pa-to-headteacher-and-school-operations,PA to Headteacher and School Operations,Knotty Ash Primary School,"Liverpool, North West, L14 5NX",L14 5NX,"£30,024.00 - £32,061.00 Annually (FTE) NJC SCP 15 - 19 (Pay award pending)",2026-07-10,2026-08-23T12:00:00+01:00,['FULL_TIME'],"About the Role We are seeking an experienced, highly organised and proactive PA to the Headteacher and School Operations Manager to join our welcoming primary school community. This is a key leadership support role, providing high-level confidential assistance to the Headteacher whilst overseeing the effective day-to-day operation of the school. The successful candidate will lead administrative and operational support services, including admissions, finance administration, health and safety coordination, premises oversight and HR administration. Working closely with the Headteacher, Trust colleagues and wider school community, you will play a vital role in ensuring the school operates efficiently, remains compliant with statutory requirements and continues to provide an excellent experience for pupils, families and staff. Key Responsibilities Provide confidential and professional executive support to the Headteacher, including diary management, correspondence and meeting coordination. Lead and manage the administration team, driving high standards of customer service and operational efficiency Oversee admissions processes, including in-year admissions, pupil transfers and liaison w",administration-category,"Administration, HR, data and finance",1,"[{""page"": 1, ""query"": ""Administration, HR, data and finance"", ""route"": ""administration-category""}]",1,OK,c4b761d14660d5d169799070d22ada229a9e894309aa74a7dceb811a77ae4ad8
2026-08-23,Teaching Vacancies,pa-to-headteacher-holmer-green-senior-school,https://teaching-vacancies.service.gov.uk/jobs/pa-to-headteacher-holmer-green-senior-school,PA to Headteacher,Holmer Green Senior School,"High Wycombe, South East, HP15 6SP",HP15 6SP,"£34,319.00 - £41,272.00 Annually (Actual)",2026-07-14,2026-09-01T09:00:00+01:00,['FULL_TIME'],"We are looking to appoint a Personal Assistant to the Headteacher. The successful candidate will manage the administration around the Headteacher’s role, support the school’s public relations and image, support with the running of key school events, and undertake other administrative tasks. The successful individual will be someone who pays meticulous attention to detail, has energy, enthusiasm, a calm manner and the ability to prioritise. The successful candidate should be approachable, have strong people skills and a ‘can do’ attitude. PA experience at a senior level would be preferable. The candidate will have a high level of literacy skills. They must be committed to enabling our students to become the best versions of themselves they can be. We are a values driven organisation and therefore applicants must embody our values of: Work Hard, Be Kind and Have Passion. We offer you: Supportive Culture: We value collaboration, professional growth, and wellbeing. Our staff benefit from strong coaching and a positive, inclusive atmosphere. Professional Development: We invest in your future with tailored CPD opportunities, leadership pathways, and access to the latest teaching strategi",administration-category,"Administration, HR, data and finance",21,"[{""page"": 21, ""query"": ""Administration, HR, data and finance"", ""route"": ""administration-category""}, {""page"": 22, ""query"": ""Administration, HR, data and finance"", ""route"": ""administration-category""}, {""page"": 23, ""query"": ""Administration, HR, data and finance"", ""route"": ""administration-category""}]",3,OK,3c45923266735b2528419ba5bbf83f236d909ef19bc00476d790825c111ef96e
2026-08-23,Teaching Vacancies,pa-to-principal-hr-lead-fairfield-high-school,https://teaching-vacancies.service.gov.uk/jobs/pa-to-principal-hr-lead-fairfield-high-school,PA to Principal/HR Lead,Fairfield High School,"Bristol, South West, BS7 9NL",BS7 9NL,"£36,363.00 - £39,152.00 Annually (FTE) Actual salary £33,683 to £36,266 per year, term time only plus 20 additional days",2026-07-21,2026-08-30T23:59:00+01:00,['FULL_TIME'],"Fairfield High School, part of the Excalibur Academies Trust, is looking to appoint a highly organised, professional and proactive PA to the Principal / HR Lead, to play a key role in the smooth running of the school. If you thrive in a fast-paced environment, have the confidence to manage competing priorities with discretion and professionalism, we would love to hear from you. Key Responsibilities for this role are: Provision of a full range of PA services to the Principal / Senior Leadership Team Manage the Principal’s diary Organise travel and accommodation for the Principal and SLT Point of contact for staff regarding HR issues Oversee the monitoring and reporting of staff absence To be responsible for the maintenance of the Single Central Record and all staff DBS checks To manage the recruitment process and administration for all teaching and support staff vacancies Manage pay for Teaching and Support Staff, eg manage pay changes, new starters & leavers ensuring a smooth and efficient process across the employee lifecycle Manage SIMS Personnel Manage all Occupational Health Referrals Attend regular Support Staff Managers Meetings Compile Permanent Exclusion paperwork as and wh",administration-category,"Administration, HR, data and finance",11,"[{""page"": 11, ""query"": ""Administration, HR, data and finance"", ""route"": ""administration-category""}]",1,OK,e9f2593884ab273dc5fda56b23d3f20e59611b92e241aad7c1bb708e93ce5f64
2026-08-23,Teaching Vacancies,pa-to-senior-leadership-team-cover-manager,https://teaching-vacancies.service.gov.uk/jobs/pa-to-senior-leadership-team-cover-manager,PA to Senior Leadership Team & Cover Manager,Hope Valley College,"Hope Valley, East Midlands, S33 6SD",S33 6SD,"£33,143.00 - £37,280.00 Annually (FTE) Actual Salary £29,968 - £33,709",2026-08-05,2026-09-13T23:59:00+01:00,['FULL_TIME'],"Hope Valley College are looking for a highly organised and efficient individual with the ability to provide an effective and high-quality PA service to the Headteacher and Senior Leadership Team, administration service for the Local Governing Body and co-ordinate complex staff cover requirements within school on a daily basis. The successful candidate will have excellent attention to detail, strong communication skills when working with a wide variety of stakeholders (including young people) and substantial experience of PA or other general administrative work for a Senior Leadership Team or Executive Board. It is essential to have an ability to work with competing priorities and show a high level of initiative in a fast-paced and rewarding environment. The working hours are 7.30am to 3.30pm Monday to Thursday and 7.30am to 3pm on a Friday. This role requires candidates to have GCSE Maths and English at Grade 4 or above (or equivalent). The successful candidate will be required to provide evidence of their GCSE certificates.",administration-category,"Administration, HR, data and finance",47,"[{""page"": 47, ""query"": ""Administration, HR, data and finance"", ""route"": ""administration-category""}]",1,OK,f20d0e7a80e290fa3841f4f3db81d3c2128c964d3545af013e5b301b75503174
2026-08-23,Teaching Vacancies,pa-to-the-slt-including-data-systems-communications,https://teaching-vacancies.service.gov.uk/jobs/pa-to-the-slt-including-data-systems-communications,"PA to the SLT, including data systems & communications",The St Marylebone CofE School,"London, London, W1U 5BA",W1U 5BA,"NJC points 16 - 25, depending on experience: £36,422 - £41,636 pa",2026-08-20,2026-09-09T09:00:00+01:00,['FULL_TIME'],"The St Marylebone CE School welcomes applications from people of all backgrounds, races, cultures, faiths and genders. The School actively promotes diversity and inclusion across its community and our students come from a wide range of backgrounds: 40% of our students speak English as an additional language; 59% of our students come from backgrounds other than white British. Salary: NJC points 16 - 25, depending on experience: £36,422 - £41,636 pa. Hours: Full-time, working 36 hours per week. Up to 29 days holiday plus bank holidays. Membership of the Local Government Pension Scheme. Start: ASAP We wish to appoint an exceptional PA to join our dedicated team of support staff, who will support the Headteacher and SLT (Senior Leadership Team). This is a brilliant opportunity to work in a great school and to be part of the wider school community. The ideal candidate will have impeccable organisational and forward-planning skills, administrative efficiency and the ability to learn and use data and communications systems. We are looking for a forward-thinking, self-starter, with high professional standards, warmth and kindness and the ability to be calm, collected and self-assured at al",administration-category,"Administration, HR, data and finance",43,"[{""page"": 43, ""query"": ""Administration, HR, data and finance"", ""route"": ""administration-category""}]",1,OK,d1ca0eca4ded7126afdc3064ae6ce11fdb8fed91fc5f95a895e079dd83462e4c
2026-08-23,Teaching Vacancies,part-time-administration-assistant-mill-hill-county-high-school,https://teaching-vacancies.service.gov.uk/jobs/part-time-administration-assistant-mill-hill-county-high-school,Part Time Administration Assistant,Mill Hill County High School,"London, London, NW7 4LL",NW7 4LL,"SCP3-4 £13,265 - £13,454",2026-07-21,2026-08-24T09:00:00+01:00,['PART_TIME'],"Provide daily secretarial support for Administrative Helpdesk requests and liaise with the Office Manager regarding helpdesk load Assist with photocopying as requested by teachers, PTA and Governors through the request system Assist with franking of school post and large mail outs Produce tickets and booklets for school trips and events Assist with stationary order, monitor paper supplies Maintain the reprographics room, keep supplies tidy and organised Ensure teachers post is dispatched accordingly e.g. completing addresses and posting Assist with the filing of paperwork into pupil files to clear all filing regularly Filing of all new Year 7 files from primary schools and any correspondence once the cabinets have been arranged. Assisting with archiving of student files in lock up and retrieving past students’ files Undertake receptionist/telephonist duties to cover lunch times daily, ill health, and other absences Other duties as required by the Office Manager and Finance Director Knowledge, Experience and Skills Essential: Highly accurate with strong attention to detail Ability to follow instructions The ability to demonstrate initiative and independence Ability to remain calm an",administration-category,"Administration, HR, data and finance",4,"[{""page"": 4, ""query"": ""Administration, HR, data and finance"", ""route"": ""administration-category""}]",1,OK,58e7d4b91679ad3e7b595e5ee6e09547bcf4d68f8c3c33ffc73ad80c847c300a
2026-08-23,Teaching Vacancies,pastoral-administrator-the-whitby-high-school-ellesmere-port-cheshire,https://teaching-vacancies.service.gov.uk/jobs/pastoral-administrator-the-whitby-high-school-ellesmere-port-cheshire,Pastoral Administrator,The Whitby High School,"Ellesmere Port, North West, CH66 2NU",CH66 2NU,"£22,429.00 - £24,821.00 Annually (Actual) Full-Time Equivalent: £25,989 to £28,142",2026-08-20,2026-09-16T12:00:00+01:00,['FULL_TIME'],"Grade 5 37 hours Per Week 39 Weeks Per Year Pro Rata: £22,429 to £24,821 Full-Time Equivalent: £25,989 to £28,142 We are seeking someone to provide an administrative support service to the school under the direction of a Senior Leader. To work within the busy environment of the school student reception provision, offering an administrative and reception service, where excellent organisational skills are essential to deal with the variety of tasks that need to be undertaken. To view the Person Specification and Job Description for this role, follow this link - Application Pack We would like to hear from candidates who are: Committed to High Quality Inclusive Practice Committed to Safeguarding and the Wellbeing of our school community Able to motivate and inspire students to achieve their full potential Energetic with a can-do attitude Able to communicate effectively with students, staff and other stakeholders Committed to contributing to the personal development of every child. In return, we will offer you: High quality induction Friendly and supportive staff Commitment to support your professional development Attractive pension plan Opportunity for additional paid duties Flexible s",administration-category,"Administration, HR, data and finance",49,"[{""page"": 49, ""query"": ""Administration, HR, data and finance"", ""route"": ""administration-category""}, {""page"": 12, ""query"": ""administrator"", ""route"": ""keyword:administrator""}]",2,OK,70a90e575968e6dd31a3c0941cd9d3e8167bc17400f329af995df60154c7ad1a
2026-08-23,Teaching Vacancies,payroll-and-pensions-officer-bright-futures-educational-trust,https://teaching-vacancies.service.gov.uk/jobs/payroll-and-pensions-officer-bright-futures-educational-trust,Payroll and Pensions Officer,Bright Futures Educational Trust,"Manchester, M41 6NA",M41 6NA,"£23,390.00 - £25,663.00 Annually (Actual)",2026-08-05,2026-08-31T23:59:00+01:00,['PART_TIME'],"Are you an experienced payroll professional looking for a rewarding role within a values-driven organisation? Do you take pride in delivering an accurate, efficient and confidential payroll service while supporting colleagues across a growing organisation? About the Role As Payroll & Pensions Officer, you will be responsible for supporting the accurate and timely processing of payroll and pensions administration for colleagues across the Trust. Working closely with our People and Finance teams, payroll provider and pension schemes, you will ensure employees are paid correctly, statutory obligations are met, and payroll and pensions processes continue to develop and improve. This is an excellent opportunity for a detail-oriented professional who enjoys building positive relationships, solving problems and contributing to continuous improvement. Key Responsibilities and candidate requirements can be found on the attached Job Description and Person Specification Why Join Us? Working at Bright Futures means becoming part of a collaborative and supportive organisation dedicated to making a positive difference to children and young people's lives. We value our people and are committed to",administration-category,"Administration, HR, data and finance",19,"[{""page"": 19, ""query"": ""Administration, HR, data and finance"", ""route"": ""administration-category""}]",1,OK,3e0135de95797b160a4e8fa6630b40981cc21d756a0c8dbd98e929a63e31af36
2026-08-23,Teaching Vacancies,payroll-officer-the-park-federation-academy-trust-slough-not-recorded,https://teaching-vacancies.service.gov.uk/jobs/payroll-officer-the-park-federation-academy-trust-slough-not-recorded,Payroll Officer,The Park Federation Academy Trust,"Slough, SL2 5BA",SL2 5BA,"£17,816.00 - £18,880.00 Annually (Actual)",2026-08-17,2026-09-30T12:00:00+01:00,['PART_TIME'],"Job Title : Payroll Officer Salary (actual) : £17,816 - £18,880 (national increase pending) Location : James Elliman Academy, Slough Hours : 20 hours per week Work pattern : Flexibility between 9am to 3pm, Monday to Friday Working weeks : all year round (52 weeks per annum) Holiday : 26 days plus bank holidays Our Trust The Park Federation Academy Trust is a community-focused Multi-Academy Trust, comprising of eight primary academies across Hillingdon, Slough and Buckinghamshire, supporting 6,000 students and employing 850 staff. The Role Reporting to the HR Manager, the Payroll Officer will be responsible for the day to day payroll operation for a number of our schools. The Payroll Officer will also support the Head of HR and HR Manager on cyclic tasks, such as pension annual returns. What we offer The Trust offers a family friendly work environment that promotes growth and development whilst working alongside a highly versed HR and management team. Our benefits include: A highly competitive pension scheme, with an employer’s contribution of 18.2%; A highly competitive holiday entitlement, starting at 26 days plus bank holidays, that increases with service; Enhanced sick pay, with",administration-category,"Administration, HR, data and finance",51,"[{""page"": 51, ""query"": ""Administration, HR, data and finance"", ""route"": ""administration-category""}]",1,OK,19bc0fa8a514b7db15a1c4cf62ea4ed575602ea1ac5565dce6d5a3fb75522d51
2026-08-23,Teaching Vacancies,people-administrator-dartmoor-multi-academy-trust,https://teaching-vacancies.service.gov.uk/jobs/people-administrator-dartmoor-multi-academy-trust,People Administrator,Dartmoor Multi Academy Trust,"Okehampton, EX20 1PU",EX20 1PU,"£21,072.00 - £21,407.00 Annually (Actual) NJC Grade C. Range 6 to 7",2026-08-07,2026-08-28T23:59:00+01:00,['PART_TIME'],"We are seeking an experienced administrator who has a strong work ethic and excellent attention to detail. The role is part of our People team, and involves excellent people skills and alongside the ability to manage your own workload. With a large area of the job involving recruitment, a passion for safeguarding is required in this important role. The People Administrator will assist in the day-to-day operations of the People department, handling various administrative tasks and ensuring the smooth functioning of People processes. This role involves dealing with sensitive and confidential information regarding staff and pupils. It is essential to maintain the highest level of confidentiality in relation to all trust matters whilst maintaining employee records, coordinating People activities, and providing essential support to both employees and People personnel. As an integral part of our People Directorate, this role offers a fantastic challenge for an individual who has worked in a fast-paced operational environment. You will provide excellent customer service to trust staff through following agreed processes and timescales. To achieve this through exercising ownership of all tr",administration-category,"Administration, HR, data and finance",9,"[{""page"": 9, ""query"": ""Administration, HR, data and finance"", ""route"": ""administration-category""}, {""page"": 3, ""query"": ""administrator"", ""route"": ""keyword:administrator""}]",2,OK,4d45811540900ef7dfe9b2b0e5872f32b6fa24723fe6d84c8ffe434b39371981
2026-08-23,Teaching Vacancies,people-administrator-learning-and-development,https://teaching-vacancies.service.gov.uk/jobs/people-administrator-learning-and-development,People Administrator (Learning and Development),Pathway Trust,"Weston-Super-Mare, BS22 8XX",BS22 8XX,"£27,275 - £29,542. DOE",2026-08-21,2026-09-08T21:00:59+01:00,"['FULL_TIME', 'PART_TIME']","Job title : People Administrator (Learning and Development) Hours : Up to 37 hours per week Contract - Permanent Whilst we are ideally looking for somebody who can work 37 hours per week, 5 days per week, we understand that a work life balance is important. Therefore we are open to consider other flexible working options as close to this as possible. Grade : PATH 5 or 6. £27,275 - £29,542. DOE Reports to : People Administration Manager Closing date : Tuesday 8th September at 9am Interview date : Tuesday 15th September Location : Trust-Wide (Supporting schools across our Multi-Academy Trust) From September as we become Pathway Trust to recognise the geographical reach of our family of 20 schools, we will have four dedicated Partnership Centre’s for colleagues to work from. We are flexible on which of the following you chose to be based at: Marlwood School (BS35 3LA) Lyde Green Primary School (BS16 7LH) Worle Community School (BS22 8XX) The King Alfred School (TA9 3EE) Are you passionate about helping people grow, develop, and thrive in their careers? At Pathway Trust, we believe that providing a great education for every child starts with supporting, developing, and inspiring our st",administration-category,"Administration, HR, data and finance",43,"[{""page"": 43, ""query"": ""Administration, HR, data and finance"", ""route"": ""administration-category""}, {""page"": 10, ""query"": ""administrator"", ""route"": ""keyword:administrator""}]",2,OK,6d0f4ee29a73619a08a09351e9965f336c02fa07dcd63188ddf0830139c3deac
2026-08-23,Teaching Vacancies,people-advisor-diverse-academies-trust,https://teaching-vacancies.service.gov.uk/jobs/people-advisor-diverse-academies-trust,People Advisor,Diverse Academies Trust,"Retford, DN22 7GR",DN22 7GR,"£39,772 (Actual Salary £34,418)",2026-07-17,2026-08-30T23:59:00+01:00,['FULL_TIME'],"About the role This is an exciting opportunity for a People/HR professional who is passionate about people, thrives on building relationships and enjoys helping managers navigate people related challenges with confidence. As a People Advisor, you will provide high-quality advice, guidance and support on a range of employee relations and people matters, helping leaders create positive, inclusive and high-performing teams. Working closely with our Senior People Advisor and People Partners, you will support managers with attendance, wellbeing, capability, conduct and wider employee relations matters, ensuring that our people practices are fair, consistent and aligned to our values. This role provides a fantastic opportunity to broaden your People/HR experience across a large and diverse organisation while making a genuine difference to the people who support our children and young people every day. What you'll be doing You will: Provide professional advice and guidance to leaders and managers on people policies, procedures and employment practices. Support and manage a range of employee relations matters including attendance, wellbeing, disciplinary, grievance and capability cases. Co",administration-category,"Administration, HR, data and finance",11,"[{""page"": 11, ""query"": ""Administration, HR, data and finance"", ""route"": ""administration-category""}]",1,OK,a582fd07e6707e11f5b5fe943d33d866e1d601774a3c9514b7be1ec2ef9772d1
2026-08-23,Teaching Vacancies,people-advisor-pathway-trust,https://teaching-vacancies.service.gov.uk/jobs/people-advisor-pathway-trust,People Advisor,Pathway Trust,"Weston-Super-Mare, BS22 8XX",BS22 8XX,"CSET 7. £37,562 per annum",2026-08-06,2026-08-28T09:00:59+01:00,['FULL_TIME'],"Job title : People Advisor Contract type : Permanent Hours : 37 per week, all year round Location : Partnership Centre, based at Worle Community School with travel across trust schools required Salary : CSET 7. £37,562 per year We’re looking for an experienced and proactive People Advisor to join our dynamic HR Partnering Team who can have real impact across our schools. About the role Working closely with our People School Partners, Headteachers and other Senior Leaders across both Trusts, you’ll provide expert advice and hands-on support across a wide range of employee relations and people matters. You’ll help our schools navigate HR issues with confidence, ensuring a consistent, fair and people-focused approach. This is a varied and fast-paced role where no two days are the same. You’ll use your professional HR expertise, sound judgment and problem-solving skills to shape proactive solutions that work in practice, not just on paper. You’ll also play a part in delivering Trust-wide HR projects and initiatives that strengthen our culture and support our staff to thrive. About you You’ll be CIPD Level 3 qualified (or working towards) or have proven experience as an HR Advisor, part",administration-category,"Administration, HR, data and finance",8,"[{""page"": 8, ""query"": ""Administration, HR, data and finance"", ""route"": ""administration-category""}]",1,OK,a164a4d02a6dcc873e09d94f70ed2abd0085b02037db780a5c5099689eac99dc
2026-08-23,Teaching Vacancies,people-culture-advisor-tapestry-learning-partnership-nottingham-not-recorded,https://teaching-vacancies.service.gov.uk/jobs/people-culture-advisor-tapestry-learning-partnership-nottingham-not-recorded,People & Culture Advisor,Tapestry Learning Partnership,"Nottingham, NG7 7AR",NG7 7AR,"£31,870.00 - £34,032.00 Annually (FTE)",2026-06-19,2026-09-06T23:59:00+01:00,['FULL_TIME'],"We are looking for highly organised and people-focused People & Culture Advisors to provide practical HR advice and operational support, helping schools manage staff effectively while ensuring compliance, consistency, and a positive employee experience across the Trust. Each People & Culture Advisor will be assigned to a designated Academy within the Trust, with roles based at City of Derby Academy, Chellaston Academy, and Djanogly City Academy, serving as the primary HR contact for their academy while working collaboratively with the wider People & Culture team to promote employee wellbeing, and help foster a positive and inclusive culture across the Trust. Who we're looking for We are seeking a highly organised and proactive People & Culture Advisors to join our central team, providing professional HR support across the Trust. The successful candidates will have experience in employee relations, recruitment and workforce administration, with the ability to offer clear, confident advice to leaders while ensuring compliance with policies and employment legislation. You will be an excellent communicator with strong attention to detail, capable of managing a varied workload and handl",administration-category,"Administration, HR, data and finance",37,"[{""page"": 37, ""query"": ""Administration, HR, data and finance"", ""route"": ""administration-category""}]",1,OK,8c0c445309602b10fd27edc0de8afbc2c2e2df658d3363e779e8f7ba5babcebc
2026-08-23,Teaching Vacancies,people-culture-business-partner-tapestry-learning-partnership,https://teaching-vacancies.service.gov.uk/jobs/people-culture-business-partner-tapestry-learning-partnership,People & Culture Business Partner,Tapestry Learning Partnership,"Nottingham, NG7 7AR",NG7 7AR,"£43,173.00 - £46,475.00 Annually (FTE) Pay Scale POF (SCP 32-35)",2026-08-16,2026-09-06T23:59:00+01:00,['FULL_TIME'],"Working at both our Ashbourne & Nottingham Central Services Offices. A People & Culture Business Partner is a strategic role that focuses on aligning an organisation’s people strategy with its business objectives. Working closely with senior leaders, they act as a trusted advisor, providing guidance on workforce planning, talent development, employee engagement, and organisational change. The role goes beyond traditional HR by placing strong emphasis on shaping a positive and inclusive workplace culture, improving employee experience, and enabling leaders to get the best from their teams. They play a key role in managing complex people issues, driving performance, supporting leadership capability, and ensuring that policies and practices are applied consistently and fairly. Ultimately, a People & Culture Business Partner helps build a high-performing, engaged workforce that supports the organisation’s long-term success. Who we're looking for We’re looking for a dynamic and commercially minded People & Culture Business Partner to join our team, partnering closely with leaders to drive a high-performing, inclusive, and engaging workplace. In this role, you’ll play a key part in shapi",administration-category,"Administration, HR, data and finance",37,"[{""page"": 37, ""query"": ""Administration, HR, data and finance"", ""route"": ""administration-category""}]",1,OK,3af9ab5e6304faf4ed65b85e302e517ec268c898d1bb5a57655ac258cc96bd59
2026-08-23,Teaching Vacancies,people-lead-maternity-cover-bideford-college,https://teaching-vacancies.service.gov.uk/jobs/people-lead-maternity-cover-bideford-college,People Lead (Maternity Cover),Bideford College,"Bideford, South West, EX39 3AR",EX39 3AR,£13.97 - £15.31 Hourly,2026-07-22,2026-09-03T09:00:00+01:00,['FULL_TIME'],"Join Athena - Inspiring World-Class Education together! At Athena, we are a passionate and forward-looking educational organisation committed to providing world-class education and helping individuals lead great lives. Our core values of ""Dream Big, Take Responsibility, and Be Kind"" guide our mission to create a supportive and inclusive learning environment where everyone can excel and grow. About Us: At Athena, we believe in the power of education to transform lives and shape a brighter future. We are dedicated to fostering a strong sense of community, where students, educators, and parents collaborate to achieve academic excellence and personal growth. Our commitment to ""Dream Big, Take Responsibility, and Be Kind"" underpins everything we do, inspiring our students to aim high, take ownership of their learning, and treat each other with respect and compassion. We are inspired by wisdom, creativity and learning. Determined to create a world where all children get to go to great schools, our mission is to provide the knowledge and education to bring opportunities, choices and freedom. If you want to be part of an inspirational team of big thinkers who will support you to develop yo",administration-category,"Administration, HR, data and finance",30,"[{""page"": 30, ""query"": ""Administration, HR, data and finance"", ""route"": ""administration-category""}]",1,OK,f60eef52c52aa1ef929e3af7df2f5ca3960880db76d0aa31d47eec4db17d87f2
2026-08-23,Teaching Vacancies,people-officer-astrea-academy-trust,https://teaching-vacancies.service.gov.uk/jobs/people-officer-astrea-academy-trust,People Officer,Astrea Academy Trust,"Sheffield, S9 4WG",S9 4WG,"£31,311.00 Annually (Actual)",2026-08-20,2026-09-06T23:59:00+01:00,['FULL_TIME'],"People Officer Astrea Academy Trust Location: The Quadrant, Sheffield (with travel to Trust schools, particularly Barnsley) Salary: £31,311 per annum Contract: Full Time, Permanent Hours: 8:30am to 4:30pm Are you an experienced HR professional ready to take the next step in your career? Do you enjoy supporting colleagues, solving problems, and helping organisations get the very best from their people? We are looking for a dedicated and proactive People Officer to join our People and Organisational Development team. This is an excellent opportunity for someone with strong HR administration experience and exposure to employee relations matters who is looking to broaden their knowledge and develop their advisory skills. As a key member of our People team, you will provide high-quality support across a wide range of HR activities, helping to ensure colleagues receive a professional, responsive and compliant service throughout their employment journey. Working closely with People Partners and academy leaders, you will support employee relations processes, workforce reporting, wellbeing initiatives and policy implementation, helping to deliver positive outcomes for both staff and our sch",administration-category,"Administration, HR, data and finance",37,"[{""page"": 37, ""query"": ""Administration, HR, data and finance"", ""route"": ""administration-category""}]",1,OK,20df36b96ae4fce6b7431d55e335c807702528826b696d1f85a3a03eb4f4376a
2026-08-23,Teaching Vacancies,people-partner-abbey-multi-academy-trust-leeds-not-recorded,https://teaching-vacancies.service.gov.uk/jobs/people-partner-abbey-multi-academy-trust-leeds-not-recorded,People Partner,Abbey Multi Academy Trust,"Leeds, LS14 6NU",LS14 6NU,"£46,142.00 - £49,282.00 Annually (FTE)",2026-06-12,2026-08-24T09:00:00+01:00,['FULL_TIME'],"Nature of Contract Permanent FTE Salary PO4, scp 35-38, £46,142 - £49,282 (pay award pending) Actual Salary £46,142 - £49,282, based on 37 hours per week Working Hours Full time, 37 per week We are seeking an experienced and credible HR professional to join our People Services team as a People Partner. This is a key role within the Trust, working in partnership with leaders to deliver high-quality, consistent and impactful people practices that support excellent educational outcomes. We are looking for a dedicated individual who can: Act as a trusted People Partner to senior leaders, providing expert HR advice and constructive challenge Lead and support complex employee relations matters, ensuring consistency, compliance and effective risk management Drive organisational change, including restructures, TUPE and growth activity, ensuring legal compliance and positive engagement Deliver a high-quality, responsive People Service, managing operational delivery and continuous improvement Support leadership capability, workforce planning and organisational effectiveness across the Trust Use workforce data and insight to identify trends, risks and opportunities for improvement. You will b",administration-category,"Administration, HR, data and finance",3,"[{""page"": 3, ""query"": ""Administration, HR, data and finance"", ""route"": ""administration-category""}]",1,OK,8b6288c50ba462d61afd595530e8fa8e826d4ef735f956130f1686e66d063a69
2026-08-23,Teaching Vacancies,people-partner-norwich-city-college-of-further-and-higher-education,https://teaching-vacancies.service.gov.uk/jobs/people-partner-norwich-city-college-of-further-and-higher-education,People Partner,Norwich City College of Further and Higher Education,"Norwich, East of England, NR2 2LJ",NR2 2LJ,"£36,701 - £43,654 per annum",2026-08-20,2026-08-23T23:59:00+01:00,['FULL_TIME'],"We are looking for an experienced People Partnerto join our People Services team and work closely with leaders across the college to shape how we support, develop and manage our people. This is a broad and influential role for an HR professional who enjoys combining strong employee relations expertise with strategic workforce thinking. You will partner with managers in allocated areas, helping them navigate complex people issues while also contributing to longer-term organisational development and the delivery of our People Strategy. What you’ll be doing Acting as a trusted People partner to leaders and managers, offering pragmatic, balanced advice Leading one mployee relations casework including performance, attendance, disciplinary and grievance matters Supporting managers through change, including restructuring, workforce planning and organisational design Coaching and developing leaders to build confidence and capability in people management Using data and insight to inform decisions and improve outcomes Working constructively with Trade Unions to maintain positive employee relations Engaging with external HR networks, benchmarking best practice and bringing new ideas back into",administration-category,"Administration, HR, data and finance",1,"[{""page"": 1, ""query"": ""Administration, HR, data and finance"", ""route"": ""administration-category""}]",1,OK,6e7d16905a3e32deb5b62fdf9afbc363ce40c38d8653da0ab5c4bbaf4dfd6db3
2026-08-23,Teaching Vacancies,personal-assistant-to-ceo,https://teaching-vacancies.service.gov.uk/jobs/personal-assistant-to-ceo,Personal Assistant to CEO,Mercian Educational Trust,"Malvern, WR14 2LU",WR14 2LU,"£28,598.00 - £31,022.00 Annually (FTE)",2026-07-02,2026-08-24T23:59:00+01:00,['PART_TIME'],"Responsible to: Chief Executive Officer Location: MET Offices (WR14 2LU) Contract: Part Time / Term Time Only Role Purpose To provide a confidential and personal service to the Chief Executive Officer, carrying out a range of secretarial and administrative tasks and maintaining an efficient running of the Chief Executive Officer’s daily business. Key Responsibilities Managing enquiries Act as the first point of contact for colleagues and stakeholders looking to speak with the Chief Executive Officer Deal with telephone and face-to-face enquiries efficiently and in a professional and supportive manner Assist with managing the Trust email inbox, ensuring the school meets its expected response times and emails for the Chief Executive Officer are acted on Manage enquiries and requests efficiently, referring where necessary Welcome visitors on behalf of the Chief Executive Officer Assist staff, parents, governors and other stakeholders with the information and support they need Open and respond to mail, escalating to the Chief Executive Officer where necessary Handle all confidential correspondence with discretion Administration and diary management Coordinate the Chief Executive Office",administration-category,"Administration, HR, data and finance",5,"[{""page"": 5, ""query"": ""Administration, HR, data and finance"", ""route"": ""administration-category""}, {""page"": 1, ""query"": ""personal assistant"", ""route"": ""keyword:personal assistant""}]",2,OK,01b893836f9c1dd2b9bfdcb0fd0a3721f20792e14bb12f514c65c56c4984bed0
2026-08-23,Teaching Vacancies,personal-care-and-teaching-assistant-colonel-frank-seely-academy,https://teaching-vacancies.service.gov.uk/jobs/personal-care-and-teaching-assistant-colonel-frank-seely-academy,Personal Care and Teaching Assistant,Colonel Frank Seely Academy,"Nottingham, East Midlands, NG14 6JZ",NG14 6JZ,,2026-07-23,2026-08-31T09:00:00+01:00,"['PART_TIME', 'TEMPORARY']",We are looking for a suitably qualified and enthusiastic Personal Care and Teaching Assistant to join our established learning support team. Experience in working with students with a wide range of SEND and a desire to work with young people in supporting their welfare and wellbeing is essential.,keyword:personal assistant,personal assistant,1,"[{""page"": 1, ""query"": ""personal assistant"", ""route"": ""keyword:personal assistant""}]",1,OK,c3efb66902c74c1d6c26e1ae7464025b985e2b0744c3607e3fc704b88b7cd97a
2026-08-23,Teaching Vacancies,personal-care-assistant-redgate-primary-academy-mansfield-nottinghamshire,https://teaching-vacancies.service.gov.uk/jobs/personal-care-assistant-redgate-primary-academy-mansfield-nottinghamshire,Personal Care Assistant,Redgate Primary Academy,"Mansfield, East Midlands, NG19 6EL",NG19 6EL,,2026-08-13,2026-09-06T23:59:00+01:00,"['PART_TIME', 'TEMPORARY']","The successful candidate will: Support children with personal hygiene and self-care programmes Have a knowledge of all roles and responsibilities related to the care and support of children. Prepare learning materials and resources, adapting the environment when necessary. Support play and leisure activities Support children with eating and drinking at break times and lunch times Essential Good interpersonal and communication skills Good planning and organisational skills with the ability to manage conflicting demands Commitment to the safeguarding and welfare of all children and providing equality of opportunity",keyword:personal assistant,personal assistant,1,"[{""page"": 1, ""query"": ""personal assistant"", ""route"": ""keyword:personal assistant""}]",1,OK,46975ed24a027300491cd1d207c45945156058920fb9c82dfb6874a10a33f8f9
2026-08-23,Teaching Vacancies,personal-care-assistant-yeoman-park-academy-mansfield-nottinghamshire,https://teaching-vacancies.service.gov.uk/jobs/personal-care-assistant-yeoman-park-academy-mansfield-nottinghamshire,Personal Care Assistant,Yeoman Park Academy,"Mansfield, East Midlands, NG19 8PS",NG19 8PS,,2026-08-13,2026-09-06T23:59:00+01:00,['PART_TIME'],"The successful candidate will: Be caring and supporting inassistingpupils with theirday to daypersonal needs. Support play and leisure activities Support pupils with eating and drinking at break times and lunch times Support play and leisure activities Support teachers, teaching assistants and health care professional with PE and dance lessons, hydrotherapy, rebound therapy, aromatherapy and outdoor pursuits Essential Previous experience of caring for or working with children. Able to follow instructions to support children in an educational setting Desirable Experience caring for children with complex health care needs and their family. Relevant health care qualifications asrequiredfor the post",keyword:personal assistant,personal assistant,1,"[{""page"": 1, ""query"": ""personal assistant"", ""route"": ""keyword:personal assistant""}]",1,OK,0979742026efba5d792765edd46a9a46e5ba65ab479263b1fc15676e2ef8bc55
2026-08-23,Teaching Vacancies,planning-and-timetabling-officer,https://teaching-vacancies.service.gov.uk/jobs/planning-and-timetabling-officer,Planning and Timetabling Officer,Norwich City College of Further and Higher Education,"Norwich, East of England, NR2 2LJ",NR2 2LJ,"£25,255 - £29,856 per annum",2026-08-20,2026-09-04T23:59:00+01:00,"['FULL_TIME', 'TEMPORARY']","Join Our Team at City College Norwich We are looking for a highly organised and proactivePlanning and TimetablingOfficerto join our Planning and Timetabling team in Registry. This is a fantastic opportunity to play a key role in supporting the College’s curriculum planning and timetabling operations, ensuring accurate data, efficient resource use, and a smooth student experience. About the Role You will support the delivery of the College’s end-to-end curriculum planning and timetabling cycle, ensuring data is accurate, compliant, and aligned with funding and business priorities. Key responsibilities include: Producing and maintaining accurate timetables and curriculum plans Supporting annual and in-year planning cycles and meeting key deadlines Monitoring room utilisation and timetable efficiency Ensuring data accuracy, validation, and audit compliance Working closely with stakeholders across the College Supporting planning meetings and coordinating actions Providing excellent customer service through effective communication Ensuring compliance with funding, audit, and regulatory requirements About You We are looking for someone with a strong analytical mindset, excellent organisa",administration-category,"Administration, HR, data and finance",36,"[{""page"": 36, ""query"": ""Administration, HR, data and finance"", ""route"": ""administration-category""}]",1,OK,ff1d25db588d05712f3c822826caf58f86c3e356cff57924268a8a2407d9e13c
2026-08-23,Teaching Vacancies,procurement-and-payments-manager,https://teaching-vacancies.service.gov.uk/jobs/procurement-and-payments-manager,Procurement and Payments Manager,Girls' Learning Trust,"Sutton, SM3 8AB",SM3 8AB,"£47,260.00 - £50,675.00 Annually (FTE) GLT Range SO3",2026-08-14,2026-09-07T08:00:00+01:00,['FULL_TIME'],"The opportunity: This is an exciting opportunity to join the Girls' Learning Trust at a pivotal stage in our development. Following significant investment in our finance systems, processes and team structure, and with a fourth school joining the Trust in November, we are continuing to strengthen our Shared Professional Services to support a growing and ambitious organisation. As Procurement & Payments Manager, you will lead a newly developed function responsible for procurement, supplier and contract management, payment processes and associated financial controls across all Trust schools and Shared Professional Services. Reporting directly to the Chief Financial Officer, you will lead and develop a small team whilst working closely with budget holders and senior leaders across the Trust. This role offers a unique opportunity to make a tangible impact. In addition to ensuring the effective operation of procurement and payment processes, you will play a key role in helping the Trust achieve greater value for money through improved procurement practices, stronger supplier management, more effective contract oversight and the identification of efficiencies across our non-staff expendit",administration-category,"Administration, HR, data and finance",39,"[{""page"": 39, ""query"": ""Administration, HR, data and finance"", ""route"": ""administration-category""}]",1,OK,659b9067c55f9d08103814dfb436f44e2e43821a24f944cb22fc440cef24a4e9
2026-08-23,Teaching Vacancies,pupil-records-administrator,https://teaching-vacancies.service.gov.uk/jobs/pupil-records-administrator,Pupil Records Administrator,Parkwood Hall Co-Operative Academy,"Swanley, London, BR8 8DR",BR8 8DR,"Scale 4 (£24,950 to £26,539)",2026-07-15,2026-08-24T09:00:00+01:00,['FULL_TIME'],"Person Specification – Pupil Records Administrator Education & Qualifications Essential Knowledge of general office procedures and practice Strong oral and written skills, likely evidenced by GCSE English at grade C or above Desirable Experience of working in a school administration environment. Knowledge, experience and training Desirable Experience of dealing with queries from a wide range of people. Experience in the use of relevant IT systems. Experience of working as part of a team. Experience of organising work tasks and duties to meet appropriate service standard, in terms of timeliness, accuracy and the provision of a high-quality service to pupils, parents, staff and external professionals. An ability to respect sensitive and confidential work. Willing to carry out all duties having regard to an employee's responsibility under the Trust's Health and Safety Policies. Willing to abide by the Trust's Equal Opportunities Policy in the duties of the post, and as an employee of the Trust. Skills & Abilities Essential Able to communicate effectively with a wide range of people. Able to file, retrieve, sort and complete documents accurately. Able to use a range of office equipment",administration-category,"Administration, HR, data and finance",3,"[{""page"": 3, ""query"": ""Administration, HR, data and finance"", ""route"": ""administration-category""}, {""page"": 1, ""query"": ""administrator"", ""route"": ""keyword:administrator""}]",2,OK,64f2cc14a637151ca76929681b797bdb64435551fb59bb9b5a25dc52e474139d
2026-08-23,Teaching Vacancies,pupil-services-officer-st-marychurch-church-of-england-primary-and-nursery-school,https://teaching-vacancies.service.gov.uk/jobs/pupil-services-officer-st-marychurch-church-of-england-primary-and-nursery-school,Pupil Services Officer,St Marychurch Church of England Primary and Nursery School,"Torquay, South West, TQ1 4QH",TQ1 4QH,"£26,016.00 Annually (FTE)",2026-07-13,2026-09-03T09:00:00+01:00,['PART_TIME'],"Pupil Services Officer - St Marychurch CofE Primary Academy Contract Term: Part Time - Fixed Term until 11/04/2027 Salary : Grade SCP4-7 Starting salary £7,594 (FTE £26,016) Hours: 12.50 hours per week (8.30am - 11am) Term Time only : 39 weeks per year Closing Date : Thursday 3rd September 2026 9am Interview Date : Thursday 10th September 2026 Start Date: September 26 Benefits Local Government Pension Scheme Cycle to Work Scheme Tax Free Childcare Employee Assistance Programme Are you an experienced administrator, passionate about customer service and ensuring you deliver the best for your community? Are you ready to take a key role in school administration, supporting a busy Primary Academy in Torquay. You will need to have experience of administration and a customer service mindset, keeping a positive focus when problem solving. You will be an excellent communicator whilst supporting in a wide variety of tasks, including being an expert in our school systems. You will be an integral part of our pupil services teams to give quality administrative support to leaders and teachers in the schools and provide a wonderful welcome to any visitors, providing friendly and efficient support",administration-category,"Administration, HR, data and finance",30,"[{""page"": 30, ""query"": ""Administration, HR, data and finance"", ""route"": ""administration-category""}]",1,OK,6f27d070e60179e6ed589b6efe7b3291d8becb3b847daaa1a5fbcc0720dfce67
2026-08-23,Teaching Vacancies,reception-administrative-assistant-93d935ac-3894-44fe-84cc-ea67bd3c9571,https://teaching-vacancies.service.gov.uk/jobs/reception-administrative-assistant-93d935ac-3894-44fe-84cc-ea67bd3c9571,Reception & Administrative Assistant,Meadowbrook College,"Oxford, South East, OX3 0PG",OX3 0PG,"£12,219.17 - £13,326.70 Annually (Actual) Grade 6 - Working a Wednesday, Thursday and Friday 8.30-15.30 (with a 30 min break)",2026-07-07,2026-09-01T08:00:00+01:00,['PART_TIME'],"About the role As a Reception & Administrative Assistant, you will be the face and voice of the school, serving as the first point of contact for students, parents and visitors, while keeping our office operations running efficiently. We aren't just looking for someone to ""answer phones"" - we need a proactive professional with sharp organisational skills and a knack for warm, high-level hospitality to help us maintain an efficient and welcoming environment. You will be the primary point of contact for our students and visitors, balancing a warm welcome with the fast-paced demands of school administration. What skills/experience are required The successful candidate will have outstanding interpersonal, communication and organisational skills and have a talent and passion for working within a setting such as ours. You will be required to ensure the office runs smoothly on a day to day basis. Knowledge of keyboard and ICT skills are essential, including being confident in the use of different operating systems. You will have personal resilience, an empathetic approach and be happy working flexibly and under pressure. Your desire to learn new skills and contribute to the wider developm",administration-category,"Administration, HR, data and finance",20,"[{""page"": 20, ""query"": ""Administration, HR, data and finance"", ""route"": ""administration-category""}, {""page"": 1, ""query"": ""administrative"", ""route"": ""keyword:administrative""}]",2,OK,a17f33fa54a14a48f4b660265ba9bfbf537f47efe0b2898537e9091ba3e53d0d
2026-08-23,Teaching Vacancies,reception-and-welfare-officer,https://teaching-vacancies.service.gov.uk/jobs/reception-and-welfare-officer,Reception and Welfare Officer,The Richmond upon Thames School,"Twickenham, London, TW2 7SL",TW2 7SL,"RTS Scale 6 £31,282 - £32,220 Pro-rata",2026-08-14,2026-08-30T23:59:00+01:00,['FULL_TIME'],"The Richmond upon Thames School (RTS), an ambitious and forward-thinking secondary academy in Richmond, London, is seeking a calm, organised and professional Reception and Welfare Officer to join our Administration and Communications Team. This is an important front-facing role at the heart of the school’s daily operation. The successful candidate will be one of the first points of contact for students, parents, carers, staff, visitors and external callers, helping to ensure that the school remains welcoming, safe, well-organised and responsive. As Reception and Welfare Officer, you will support the smooth running of reception, student welfare, first aid, attendance administration and wider school communication. You will help manage day-to-day enquiries, support student sign-in and sign-out processes, assist with welfare and medical needs, maintain accurate records, and work closely with colleagues across the school to ensure that students are known, supported and kept safe. We are seeking someone who: Has strong administrative skills and excellent attention to detail Can communicate calmly, clearly and professionally with students, families, staff and visitors Understands the impo",administration-category,"Administration, HR, data and finance",10,"[{""page"": 10, ""query"": ""Administration, HR, data and finance"", ""route"": ""administration-category""}]",1,OK,944c5fc5c7d670088ef183cc381c434dc199ff970cba94dd7d3ae0be75183769
2026-08-23,Teaching Vacancies,receptionist-0873411c-0cfb-4f4d-945d-32e57ea5344f,https://teaching-vacancies.service.gov.uk/jobs/receptionist-0873411c-0cfb-4f4d-945d-32e57ea5344f,Receptionist,Ashby School,"Ashby-De-La-Zouch, East Midlands, LE65 1DT",LE65 1DT,"Actual Salary £21,931 - £22,281",2026-08-17,2026-09-04T09:00:59+01:00,['FULL_TIME'],"Receptionist Required from September 2026 Grade 6 point 9-10 Permanent Pro rota £21,931 - £22,281 37 hours per week for 38.4 weeks (term time plus 2 training days) Monday - Friday 8am - 4pm (job share considered) Do you want a job that is fulfilling? Do you love and value supporting young people? Do you believe in the opportunity for every child to have the best possible chance to learn? Are you patient, tenacious, optimistic and a great communicator? Then Ashby School could be the place for you! This post offers an opportunity to be the welcoming face of our school. Like all schools, reception is a key post in reflecting our culture and ethos to our students, parents and visitors. It is also a busy place embracing a variety of issues and challenges in support of the young people we work with. We are looking for someone who is relentlessly positive and solution focussed, who loves working with people and the variety that this can bring. We want reception to be an amazing warm and welcoming impression of Ashby School and our receptionist to be someone who takes pride in generating such an approach. Our Reception post is also part of our wider school admin team. Working under the gui",administration-category,"Administration, HR, data and finance",34,"[{""page"": 34, ""query"": ""Administration, HR, data and finance"", ""route"": ""administration-category""}, {""page"": 3, ""query"": ""receptionist"", ""route"": ""keyword:receptionist""}]",2,OK,c3b48f4319cdab74a5d4d0eacfbb6be52ed21a49a2412ad73a9cb9429bdf612d
2026-08-23,Teaching Vacancies,receptionist-admin-assistant-and-student-support-coordinator-6462fad5-44b0-4b6f-afcb-acca1d5cb30c,https://teaching-vacancies.service.gov.uk/jobs/receptionist-admin-assistant-and-student-support-coordinator-6462fad5-44b0-4b6f-afcb-acca1d5cb30c,Receptionist/Admin Assistant and Student Support Coordinator,Marriotts School,"Stevenage, East of England, SG2 8UT",SG2 8UT,"£21,885.00 - £23,315.00 Annually (Actual) Term Time plus 5 days",2026-06-11,2026-09-01T10:00:00+01:00,['FULL_TIME'],"At Marriotts our vision is for every single student to exceed their potential and to leave us with the qualifications, skills and attitudes that they need to move on to the next stage of their lives. Judged as Met Expected Standards in all areas by Ofsted in January 2026. Marriotts is committed to the school’s continuous improvement and encouragement for all pupils to ‘aim high, work hard and be kind’. We are currently looking to appoint a Receptionist/Admin Assistant and Student Support Coordinator for 37 hours per week, term time plus 5 days. You should, have a pleasant personality, be able to streamline office operations and execute them to the highest quality standards and work in a timely and effective manner. The main responsibilities of the role include: Deal with enquiries in a professional and courteous manner. Deal with student queries as they arise in a supportive manner. Contribute to the development of administration and other procedures that are conducive to efficient and effective operation and supportive of the core purpose of the school (student learning). You should be a good team player who is efficient, enthusiastic, friendly, reliable and professional. An under",administration-category,"Administration, HR, data and finance",23,"[{""page"": 23, ""query"": ""Administration, HR, data and finance"", ""route"": ""administration-category""}, {""page"": 3, ""query"": ""receptionist"", ""route"": ""keyword:receptionist""}]",2,OK,680b4aa239a5571fa2ea4b335621bc5bb1b76eec2bc3b9d56bb5cb830385fd19
2026-08-23,Teaching Vacancies,receptionist-admin-assistant-heathland-school-harrow-middlesex,https://teaching-vacancies.service.gov.uk/jobs/receptionist-admin-assistant-heathland-school-harrow-middlesex,Receptionist & Admin Assistant,Heathland School,"Harrow, London, HA2 9AG",HA2 9AG,"£14,166.00 Annually (Actual)",2026-08-20,2026-09-06T23:59:00+01:00,['PART_TIME'],"Heathland School is seeking a committed, professional and highly organised Reception/Administration Assistant to join our team on a maternity‑cover basis. This is a key front‑of‑house role, providing an exceptional first point of contact for pupils, parents, staff and visitors. Working within a busy and fast‑paced environment, the successful candidate will play an integral part in supporting the smooth and efficient operation of the school. This position requires excellent interpersonal skills, strong attention to detail, and the ability to remain composed and effective when managing multiple demands. What We Are Looking For We are seeking an individual who demonstrates: Outstanding communication skills A professional, welcoming manner when interacting with all members of the school community Strong organisational ability, with confidence managing a varied and often demanding workload Competence with Microsoft Office, email and general IT systems The ability to work both independently and collaboratively as part of our outstanding team A calm, efficient approach in a dynamic environment (Bonus!) Has experience in a school office or with Bromcom — but training is available Why Join",administration-category,"Administration, HR, data and finance",38,"[{""page"": 38, ""query"": ""Administration, HR, data and finance"", ""route"": ""administration-category""}, {""page"": 4, ""query"": ""receptionist"", ""route"": ""keyword:receptionist""}]",2,OK,d54c6e19d2b224f68173e20840ff699b0c8319fd95ee37c0e1301d48c17f55c9
2026-08-23,Teaching Vacancies,receptionist-admin-officer-oasis-academy-parkwood,https://teaching-vacancies.service.gov.uk/jobs/receptionist-admin-officer-oasis-academy-parkwood,Receptionist/Admin Officer,Oasis Academy Parkwood,"Scunthorpe, Yorkshire and the Humber, DN17 1SS",DN17 1SS,"SCP 4–8 (£25,185–£26,824 FTE)",2026-08-21,2026-09-11T09:00:59+01:00,"['FULL_TIME', 'PART_TIME']","Oasis Academy Parkwood is looking for a committed and organised Receptionist & Admin Officer to join our friendly team and play a key role in supporting the smooth running of our academy. This is an important front‑of‑house position that combines high‑quality administrative support with responsibility for helping us improve and maintain excellent attendance across the school. As the first point of contact for students, families and visitors, you will ensure our reception is welcoming, professional and efficient. You will also work closely with our Operations Manager, Attendance Lead and pastoral teams to maintain accurate attendance records, communicate with families, and support children where attendance barriers exist. What you’ll be doing Managing reception, answering calls and supporting day‑to‑day admin Accurately recording attendance, lates and first‑day calls Working with staff to ensure registers are completed correctly Producing attendance reports, letters and legal documentation Liaising with families, external agencies and the Local Authority What we’re looking for Strong communication and organisational skills Confidence using IT systems including Outlook and Excel Abil",administration-category,"Administration, HR, data and finance",45,"[{""page"": 45, ""query"": ""Administration, HR, data and finance"", ""route"": ""administration-category""}, {""page"": 4, ""query"": ""receptionist"", ""route"": ""keyword:receptionist""}]",2,OK,0cfcadc4e0784b055a7a6276d94bfb45444ca15854f1c3c768752b224fc1c3cc
2026-08-23,Teaching Vacancies,receptionist-administration-assistant-lake-farm-park-academy,https://teaching-vacancies.service.gov.uk/jobs/receptionist-administration-assistant-lake-farm-park-academy,Receptionist & Administration Assistant,Lake Farm Park Academy,"Hayes, London, UB3 1JA",UB3 1JA,,2026-07-10,2026-08-31T12:00:00+01:00,['PART_TIME'],"Receptionist & Administration Assistant Salary (actual): £ £23,878 - £24,220 Grade: 3 Hours: 35 Work Pattern: term time only – 38 weeks per annum Contract: permanent Lake Farm Park Academy serves the children and families of the richly diverse and welcoming community of Hayes in West London and is the educational home to over 700 children. The academy is part of The Park Federation Academy Trust, allowing us to benefit from a wealth of expertise across our ten academies, as well as enabling us to provide opportunities for sharing of good practice and high quality training. Lake Farm Park Academy is seeking to appoint a Receptionist & Administration Assistant; the role will be the first point of contact when entering the school, and will provide administrative support across the school.",administration-category,"Administration, HR, data and finance",14,"[{""page"": 14, ""query"": ""Administration, HR, data and finance"", ""route"": ""administration-category""}, {""page"": 2, ""query"": ""receptionist"", ""route"": ""keyword:receptionist""}]",2,OK,5a4a0b764adc1da4472266f37577258dd78f6513faf044d214c7c17af0655170
2026-08-23,Teaching Vacancies,receptionist-administrative-assistant-68fdbe69-d591-4204-a119-22911245a99a,https://teaching-vacancies.service.gov.uk/jobs/receptionist-administrative-assistant-68fdbe69-d591-4204-a119-22911245a99a,Receptionist & Administrative Assistant,St. Thomas More Language College,"London, London, SW3 2QS",SW3 2QS,"Scale 3 - £27,738.27-£28,782",2026-07-17,2026-08-24T08:00:00+01:00,['FULL_TIME'],"Our ideal candidate will: Have at least five GCSEs (including English and Maths) Have experience working in an administrative or customer-facing role Be confident, approachable and professional when dealing with a range of stakeholders Demonstrate excellent organisational and time management skills Have strong communication skills, both written and verbal Be able to remain calm and effective in a busy, fast-paced environment Have excellent attention to detail and a proactive approach to problem-solving Understand the importance of safeguarding and confidentiality Be confident using Microsoft Office and digital systems Experience in a school environment is desirable but not essential.",administration-category,"Administration, HR, data and finance",3,"[{""page"": 3, ""query"": ""Administration, HR, data and finance"", ""route"": ""administration-category""}, {""page"": 1, ""query"": ""administrative"", ""route"": ""keyword:administrative""}, {""page"": 1, ""query"": ""receptionist"", ""route"": ""keyword:receptionist""}]",3,OK,2e2e082fc0919e6a2ef43c3958293b3c921c99dc28a38c65f531cd10b2d3db25
2026-08-23,Teaching Vacancies,receptionist-administrator-49a47934-628e-47bf-b7a9-6fe782d91f05,https://teaching-vacancies.service.gov.uk/jobs/receptionist-administrator-49a47934-628e-47bf-b7a9-6fe782d91f05,Receptionist/Administrator,Oastlers School,"Bradford, Yorkshire and the Humber, BD4 7RH",BD4 7RH,"£25,989.00 - £28,142.00 Annually (FTE) Band 6, SCP 6 to SCP 11 (actual salary £22,350 - £24,202 per annum)",2026-07-27,2026-08-31T23:59:00+01:00,['FULL_TIME'],"An exciting opportunity has arisen for a Receptionist/Administrator at Oastlers School . We’re looking for a warm, organised and professional Receptionist / Administrator who can be the welcoming heart of our school and keep everything running smoothly behind the scenes. The successful candidate will assist in the provision of high quality, professional, flexible, proficient and constructive clerical, administration, financial support and reception service to the school. 🏫About our School Oastlers School is a Trauma Informed UK School , supporting children and young people with SEMH needs to move towards positive emotional and relational health — so that learning, and lives, can flourish. If you’re looking for a role where every interaction matters and your work truly makes a difference, this could be the role for you. You will be joining a supportive team, working alongside colleagues who care about one another and our pupils. Additionally, you will be working in a role where your contribution is truly valued, your presence and warmth will make a real difference every single day. If you'd like to know more about our school, please visit our website at Oastlers School - Home. The s",administration-category,"Administration, HR, data and finance",16,"[{""page"": 16, ""query"": ""Administration, HR, data and finance"", ""route"": ""administration-category""}, {""page"": 5, ""query"": ""administrator"", ""route"": ""keyword:administrator""}, {""page"": 3, ""query"": ""receptionist"", ""route"": ""keyword:receptionist""}]",3,OK,3dfbd7e005f745b816479a1a76daa0d7edd0bcc60d552bfa31e004393bb55c95
2026-08-23,Teaching Vacancies,receptionist-administrator-beacon-academy-cleethorpes-north-east-lincolnshire,https://teaching-vacancies.service.gov.uk/jobs/receptionist-administrator-beacon-academy-cleethorpes-north-east-lincolnshire,Receptionist / Administrator,Beacon Academy,"Cleethorpes, Yorkshire and the Humber, DN35 9NF",DN35 9NF,"SC03 (Salary £24,796 FTE, actual salary £21,234.22) - Term Time Only + 5 days",2026-08-20,2026-09-04T23:59:00+01:00,['FULL_TIME'],"Job Brief Hours of work 37 hours per week, term time only + 5 days 8.00am to 4.00 pm Monday to Thursday 8.00am to 3.30 pm Friday The above times include a 30 minute unpaid lunch break Purpose Your role will be to ensure the efficient and smooth operation of the reception and guest areas, ensuring all visitors/guests are greeted in a professional, friendly, and courteous manner whilst supporting the efficient and effective running of school administration Responsibilities To act as the first point of contract for the school Provide a warm, professional and courteous welcome to all visitors Ensure the safety and security of reception ensuring entry to premises are controlled Ensure that all guests/visitors have the appropriate identification to access site Ensure that Reception is maintained and welcoming Working both independently and effectively as part of the Administrative Team to provide an excellent reception and administrative support service Answer incoming telephone calls and transfer or take messages as appropriate Sorting and distribution of the external mail To order stationery for staff and ensure general stationery is available in the stationery cupboard Wellspring Acad",administration-category,"Administration, HR, data and finance",36,"[{""page"": 36, ""query"": ""Administration, HR, data and finance"", ""route"": ""administration-category""}, {""page"": 9, ""query"": ""administrator"", ""route"": ""keyword:administrator""}, {""page"": 4, ""query"": ""receptionist"", ""route"": ""keyword:receptionist""}]",3,OK,079038fdbb520dedd9508894bc52855d3ffa09e741f4c9e5bdc1ada11a6eac5e
2026-08-23,Teaching Vacancies,receptionist-administrator-belleville-wix-academy-london,https://teaching-vacancies.service.gov.uk/jobs/receptionist-administrator-belleville-wix-academy-london,Receptionist / Administrator,Belleville Wix Academy,"London, London, SW4 0AJ",SW4 0AJ,"£29,805.00 Annually (Actual) Inner London payscale Spine Point 2",2026-07-24,2026-09-09T23:59:00+01:00,['FULL_TIME'],"Belleville Wix Academy is a primary school situated between Lavender Hill and Clapham Common, in Clapham/Battersea. We are currently seeking a receptionist/administrator to join our busy and friendly school office team. The role is varied, consisting of supporting the school with all administrative tasks and reception duties, welcoming visitors and liaising with all members of the local community. Hours You will work Monday to Friday, 36 hours per week, 41 weeks per year (term time plus two weeks in summer holidays), 8:00am to 4:00/5:00 pm (finish time negotiable). We are looking for: Someone with excellent interpersonal and organisational skills, a cheerful attitude and plenty of enthusiasm, who can work under pressure and use their own initiative. You must be able to communicate positively and professionally in person, over the telephone and in writing. Computer competency and a good telephone manner are essential. Experience of working in a similar role is desirable but not essential, as training will be given on the job. If this sounds like you, we would love to hear from you. Please download the job description and person specification for more information. If you meet most re",administration-category,"Administration, HR, data and finance",44,"[{""page"": 44, ""query"": ""Administration, HR, data and finance"", ""route"": ""administration-category""}, {""page"": 11, ""query"": ""administrator"", ""route"": ""keyword:administrator""}, {""page"": 4, ""query"": ""receptionist"", ""route"": ""keyword:receptionist""}]",3,OK,7a4b7b4eb302d24281f450f61dd21993ce3967b01b89d0aa99a1f4a0776b8272
2026-08-23,Teaching Vacancies,receptionist-administrator-first-aid-plymstock-school,https://teaching-vacancies.service.gov.uk/jobs/receptionist-administrator-first-aid-plymstock-school,Receptionist / Administrator / First Aid,Plymstock School,"Plymouth, South West, PL9 9AZ",PL9 9AZ,"£21,911.60 - £22,613.92 Annually (Actual) Grade C SCP 5 - 7 FTE £25,583 - £26,403",2026-07-14,2026-08-31T09:00:00+01:00,['FULL_TIME'],"Plymstock School is a vibrant, diverse, inclusive and ambitious community where staff and students, in partnership with their parents and carers, work towards our vision of achieving excellence through our curriculum and culture. This vision is aimed at giving every individual the best chance to thrive. We take inspiration from those in our community. We strive to provide an environment full of integrity and knowledge, where students are dedicated to their work and are proud of what they do and who they are. A community full of students who think carefully and do things well. Our ambition is to empower our young people, through education, to have the knowledge and skills they need to be successful in life and make a positive difference to their communities. Our school culture is underpinned by our core values of ‘be kind, work hard and aim high’. Our staff are the people who offer powerful and shared knowledge to the children who attend Plymstock School. That knowledge comes from centuries of learning, and from the research of universities and subject associations. It is powerful because it enables children to interpret and control the world. It is shared because all our children s",administration-category,"Administration, HR, data and finance",13,"[{""page"": 13, ""query"": ""Administration, HR, data and finance"", ""route"": ""administration-category""}, {""page"": 2, ""query"": ""receptionist"", ""route"": ""keyword:receptionist""}]",2,OK,a1533a5ebb1edbbed5b7e3321ac6ae4d493ca7c541a8f95eed6e2d1d83e2da99
2026-08-23,Teaching Vacancies,receptionist-administrator-northgate-school-academy-trust,https://teaching-vacancies.service.gov.uk/jobs/receptionist-administrator-northgate-school-academy-trust,Receptionist / Administrator,Northgate School Academy Trust,"Northampton, East Midlands, NN2 6LR",NN2 6LR,"£26,824.00 - £28,598.00 Annually (Actual)",2026-08-18,2026-08-28T23:59:00+01:00,['PART_TIME'],"Key Responsibilities Provide a professional and welcoming reception service, both in person, by telephone, and online, ensuring a positive experience for all visitors and supporting the smooth and efficient operation of the school. Manage incoming and outgoing telephone calls in a professional, confidential, and efficient manner, accurately relaying messages between sites and maintaining a high standard of customer service at all times. Act as the first point of contact for colleagues, teachers, senior leaders, parents, visitors, service users, and external agencies. Ensure all visitors are greeted appropriately, sign in and out correctly, and provide suitable identification in accordance with safeguarding procedures. Maintain a vigilant awareness of safeguarding responsibilities, recognising potential concerns and following school procedures for reporting and escalating issues appropriately. Provide effective communication support to the school community and external stakeholders through a range of platforms, including Teachers2Parents, ParentPay, and the school website. Produce professional correspondence, reports, school communications, and documentation to support key school pr",keyword:administrator,administrator,3,"[{""page"": 3, ""query"": ""administrator"", ""route"": ""keyword:administrator""}, {""page"": 2, ""query"": ""receptionist"", ""route"": ""keyword:receptionist""}]",2,OK,3b555bf9bd1c88c9d649ed9e4f14d04a7c2fc4e373769b329bcabc9fdd21b0e2
2026-08-23,Teaching Vacancies,receptionist-administrator-sheffield-park-academy-sheffield-south-yorkshire,https://teaching-vacancies.service.gov.uk/jobs/receptionist-administrator-sheffield-park-academy-sheffield-south-yorkshire,Receptionist & Administrator,Sheffield Park Academy,"Sheffield, Yorkshire and the Humber, S2 1SN",S2 1SN,"£24,978.00 gross per annum",2026-08-18,2026-09-02T23:59:00+01:00,['FULL_TIME'],"We are looking for someone who is: Reliable, highly motivated and self-driven. Proactive and the ability to use own initiative and problem-solving skills. Experienced in reception and/or administrative work in a very busy work environment. Keen on attention to detail, has high standards and takes pride in their work. A team player with excellent communication and interpersonal skills. Able to maintain positive relationships with all members of the school community. Please see the job description and person specification for further detail.",administration-category,"Administration, HR, data and finance",29,"[{""page"": 29, ""query"": ""Administration, HR, data and finance"", ""route"": ""administration-category""}, {""page"": 7, ""query"": ""administrator"", ""route"": ""keyword:administrator""}, {""page"": 3, ""query"": ""receptionist"", ""route"": ""keyword:receptionist""}]",3,OK,174999c1532760097a2c577c012518b040df6a6a5c7cd4c618ce6181e023190e
2026-08-23,Teaching Vacancies,receptionist-administrator-the-five-islands-academy-st-mary-s-isles-of-scilly,https://teaching-vacancies.service.gov.uk/jobs/receptionist-administrator-the-five-islands-academy-st-mary-s-isles-of-scilly,Receptionist/Administrator,The Five Islands Academy,"St Mary's, South West, TR21 0NA",TR21 0NA,,2026-08-17,2026-08-27T12:00:00+01:00,['PART_TIME'],"Thank you for considering joining our team at Five Islands Academy. We are a through-school set in a remarkable island community, where we believe every child is capable of achieving excellence. We take pride in being an inclusive school, where each child is supported to reach their potential. We value original thinkers who approach learning with curiosity and imagination, encouraging innovation and independent thought. Our vision is to navigate together, nurturing inquisitive, collaborative, and inventive global learners with rich knowledge and confident oracy. In our latest Ofsted inspection (November 2023), we were rated Good in all areas, with Outstanding for Personal Development. Inspectors recognised that ""pupils develop a powerful sense of community"" through a curriculum and culture that ""expand their horizons and help them keep their options open."" We are currently seeking an administrator to join our team in September 2026 in a role that offers flexibility to suit your lifestyle. We welcome applications from candidates seeking various working patterns and are happy to discuss how this role could work for you. This is a term-time position with paid holiday and bank holiday",administration-category,"Administration, HR, data and finance",7,"[{""page"": 7, ""query"": ""Administration, HR, data and finance"", ""route"": ""administration-category""}, {""page"": 2, ""query"": ""administrator"", ""route"": ""keyword:administrator""}, {""page"": 1, ""query"": ""receptionist"", ""route"": ""keyword:receptionist""}]",3,OK,3b8f0d3f0b203079071db8ed837bbb83d9cebc73664bc40d6523bb27a9d93ce2
2026-08-23,Teaching Vacancies,receptionist-and-administration-assistant-hackbridge-primary-school,https://teaching-vacancies.service.gov.uk/jobs/receptionist-and-administration-assistant-hackbridge-primary-school,Receptionist and Administration Assistant,Hackbridge Primary School,"Wallington, London, SM6 7AX",SM6 7AX,"£26,720.00 - £29,983.00 Annually (Actual) Plus First Aid allowance",2026-08-11,2026-09-08T12:00:00+01:00,['FULL_TIME'],"This is a key frontline role based mainly at our London Road site (London Road, Mitcham Junction, CR4 4HS) but cover may occasionally be required at the Hackbridge Corner site(SM6 7AX). The sites are approximately a 7 minute walk away from each other. You will be the friendly, professional face of the school and the person who ensures the office runs efficiently each day. Typical responsibilities include: Managing reception: welcoming visitors, answering main phone lines, handling enquiries and maintaining a professional first impression. Safeguarding responsibilities linked to visitor ID checks, sign-in/out and confidentiality. First aid and welfare support as Assistant Lead First Aider, administering medication and supporting pupils with individual healthcare plans (training provided). Maintaining and updating pupil and administrative records using systems such as SIMS.net, ParentPay, FMS6, Inventry and Google applications. Managing diary bookings, room set-up, deliveries, lost property, post and sundry sales. Supporting communication with parents and staff: producing letters, newsletters and managing e-mail and print distribution. Co-ordinating photographer visits, school dinner",administration-category,"Administration, HR, data and finance",43,"[{""page"": 43, ""query"": ""Administration, HR, data and finance"", ""route"": ""administration-category""}, {""page"": 4, ""query"": ""receptionist"", ""route"": ""keyword:receptionist""}]",2,OK,eeaed00e9c6bd7a7d1f71dd68e3ba70b58e2ee41850105e3658de09b91f2779a
2026-08-23,Teaching Vacancies,receptionist-and-clerical-assistant-066aa8a5-43e7-4649-9eec-a1fcf6c1d684,https://teaching-vacancies.service.gov.uk/jobs/receptionist-and-clerical-assistant-066aa8a5-43e7-4649-9eec-a1fcf6c1d684,Receptionist and Clerical Assistant,The Chalk Hills Academy,"Luton, East of England, LU4 0NE",LU4 0NE,"£25,495.00 - £25,893.00 Annually (FTE) AS 4-5 FTE £25,495-£25,893 pro rata £24,393-£24,774",2026-07-21,2026-09-01T08:00:00+01:00,['FULL_TIME'],"Receptionist and Clerical Assistant The Chalk Hills Academy is looking for a friendly and self-motivated Receptionist/Clerical Assistant who has experience providing a high level of administrative support within a busy environment. You will join our hardworking and dedicated team of Receptionists and Administrators to run the main reception within the Academy, responding to queries from the public, staff and students. Experience of working with young people or within a school environment is preferred for this post, however, strong communication, organisation and IT skills and an enthusiastic, proactive approach are equally important in this position. Full training will be given. We are looking to recruit a Receptionist/ Clerical Assistant who has the right attitude and will represent our positive ‘can do’ ethos that runs through our Academy. If you want to grow and develop in a fast paced, dynamic and successful Academy, come and join us at The Chalk Hills Academy! Key Duties Manage the school switchboard and reception/student reception areas, responding to queries from parents, students and visitors, taking messages and passing calls to colleagues effectively and efficiently. Ensu",administration-category,"Administration, HR, data and finance",20,"[{""page"": 20, ""query"": ""Administration, HR, data and finance"", ""route"": ""administration-category""}, {""page"": 3, ""query"": ""receptionist"", ""route"": ""keyword:receptionist""}]",2,OK,7a62451b24157a7f3c42a19917d0ca4e101ba309e9847e3b16d11bde67b7b126
2026-08-23,Teaching Vacancies,receptionist-and-faculty-support-assistant,https://teaching-vacancies.service.gov.uk/jobs/receptionist-and-faculty-support-assistant,Receptionist and Faculty Support Assistant,Holmer Green Senior School,"High Wycombe, South East, HP15 6SP",HP15 6SP,"£17,318.00 - £18,768.00 Annually (Actual)",2026-07-21,2026-09-04T09:00:00+01:00,['PART_TIME'],"We are delighted to be able to offer the position of Receptionist and Faculty Support Assistant. and are looking for a dedicated and proactive person to play a key role in supporting students across the whole school, ensuring they are able to access learning effectively and make strong progress. We are looking for a passionate person who is ambitious for our students and community. The position incorporates both a front facing reception role, greeting parents & visitors, dealing with enquiries and supporting the photocopying and administrative roles in the school. This is a varied, challenging and highly interesting role. Applications are sought from high calibre professionals who have the skills and talent to support a committed team. The role is part-time, term-time only, plus 8 INSET days, . We offer you: Supportive Culture: We value collaboration, professional growth, and wellbeing. Our staff benefit from strong coaching and a positive, inclusive atmosphere. Professional Development: We invest in your future with tailored CPD opportunities, leadership pathways, and access to the latest teaching strategies. Innovative Approach: Our curriculum is dynamic and designed to inspire c",administration-category,"Administration, HR, data and finance",33,"[{""page"": 33, ""query"": ""Administration, HR, data and finance"", ""route"": ""administration-category""}, {""page"": 3, ""query"": ""receptionist"", ""route"": ""keyword:receptionist""}]",2,OK,bbde664a6775f872bae59e72c87edddbaa522405e3cf4b2363b82eececc74e33
2026-08-23,Teaching Vacancies,receptionist-faringdon-community-college-faringdon-oxfordshire,https://teaching-vacancies.service.gov.uk/jobs/receptionist-faringdon-community-college-faringdon-oxfordshire,Receptionist,Faringdon Community College,"Faringdon, South East, SN7 7LB",SN7 7LB,"£25,185.00 - £25,584.00 Annually (FTE) Support Staff NJC grade 4, SCP 4-5. 37 hours per week/38 weeks per year. Actual annual salary in the region of £21,116.65 - £21,451.20",2026-07-15,2026-08-28T12:00:00+01:00,['FULL_TIME'],"Due to an internal move, an exciting opportunity has arisen for a Receptionist at Faringdon Community College. We are seeking a candidate with excellent interpersonal skills in this key 'front of school' appointment. The role also requires experience in dealing with a variety of administrative procedures, excellent literacy skills, demonstrable organisation skills, attention to detail and has a good working knowledge of Microsoft packages. The ability to relate well to all visitors to the school, the staff, students of all abilities and their parents is also essential. Benefits of working at FCC include: Full support for your professional development and future training needs. A commitment to recognise previous, continuous service. A commitment to offer flexible working wherever we can, to support the work life balance of our employees. A cycle to work scheme. A 24/7 employee assistance programme. If you have any questions, would like any further information, or would like to arrange an informal visit to the school, please contact our Admin Team, by emailing admin@fcc.faringdonlearningtrust.org Faringdon Community College & Cambrian Learning Trust are committed to safeguarding and",administration-category,"Administration, HR, data and finance",9,"[{""page"": 9, ""query"": ""Administration, HR, data and finance"", ""route"": ""administration-category""}, {""page"": 1, ""query"": ""receptionist"", ""route"": ""keyword:receptionist""}]",2,OK,1112f08ada89de3e9857115888156174abb216efedb056c660f0368be2cd12bb
2026-08-23,Teaching Vacancies,receptionist-ff80cc91-b028-4603-910d-80547a4ad86e,https://teaching-vacancies.service.gov.uk/jobs/receptionist-ff80cc91-b028-4603-910d-80547a4ad86e,Receptionist,Wildern School,"Southampton, South East, SO30 4EJ",SO30 4EJ,"£24,796.00 Annually (FTE) Grade B – Step 1 - Actual Annual Salary £20,369.06 (which is equivalent to a full-time salary of £24,796)",2026-08-15,2026-09-14T12:00:00+01:00,['FULL_TIME'],"Receptionist - Full Time hours of 36.25 hours per week, 7.45am to 3.30pm Monday to Friday, Term-time only (38 weeks). Grade B - Step 1 - Actual Annual Salary £20,369.06 (which is equivalent to a full-time salary of £24,796). As part of our commitment to staff wellbeing RAISE Education Trust is trialling a two week half term break 19th to 30th October 2026. Following this trial, should the Trust revert back to a one-week October half term break from 2027 the contractual working weeks would increase to 39 weeks and the salary would increase accordingly. Wildern School is searching for an enthusiastic and efficient person to man our busy reception desk. You will be the first point of contact - the friendly face of the school (meeting & greeting, responding to emails/telephone calls). Working with the public, parents, staff and pupils requires someone who has tact and diplomacy and the right person will need to have high standards of verbal and written communication with the ability to use the full suite of Microsoft Office. You will need to work independently and as part of a team with a flexible approach to your work, as no two days are the same. If you are a hardworking individual w",administration-category,"Administration, HR, data and finance",49,"[{""page"": 49, ""query"": ""Administration, HR, data and finance"", ""route"": ""administration-category""}, {""page"": 5, ""query"": ""receptionist"", ""route"": ""keyword:receptionist""}]",2,OK,e6ca797ae27acb4e150765256233c1786959a8fae6403218e1b43c9a1d0a5a43
2026-08-23,Teaching Vacancies,receptionist-general-administrator-the-priory-school,https://teaching-vacancies.service.gov.uk/jobs/receptionist-general-administrator-the-priory-school,Receptionist & General Administrator,The Priory School,"Hitchin, East of England, SG5 2UR",SG5 2UR,"£25,989.00 - £25,989.00 Annually (FTE)",2026-08-12,2026-08-24T09:00:00+01:00,['PART_TIME'],We are seeking to appoint two individuals to provide high-quality and effective Reception and general administrative support to the school.,administration-category,"Administration, HR, data and finance",3,"[{""page"": 3, ""query"": ""Administration, HR, data and finance"", ""route"": ""administration-category""}, {""page"": 1, ""query"": ""administrator"", ""route"": ""keyword:administrator""}, {""page"": 1, ""query"": ""receptionist"", ""route"": ""keyword:receptionist""}]",3,OK,785d4f60c0eebe662f6d6357068f731bc77af296d9080f474a348b28c53b6bba
2026-08-23,Teaching Vacancies,receptionist-hewett-academy-norwich-norfolk,https://teaching-vacancies.service.gov.uk/jobs/receptionist-hewett-academy-norwich-norfolk,Receptionist,Hewett Academy,"Norwich, East of England, NR1 2PL",NR1 2PL,"Salary: Support Staff Pay Scale C: £12,894 to £13,096 pro-rata per annum (Actual) (£24,796 - £25,185 full time/full year equivalent)",2026-08-06,2026-09-01T01:00:00+01:00,['PART_TIME'],"Salary: Support Staff Pay Scale C: £12,894 to £13,096 pro-rata per annum (Actual) (£24,796 - £25,185 full time/full year equivalent) Part Time: 22 hours per week over 3 days including Wednesday, Thursday and Friday Working Weeks: 39 weeks Start Date: November 2026 This role will be based at Hewett Academy, Cecil Road, Norwich, Norfolk, NR1 2PL. Hewett Academy is seeking to appoint an enthusiastic, organised and reliable Receptionist with excellent communication and interpersonal skills to support front-desk operations. The successful candidate will provide a professional and welcoming service to all pupils, parents, visitors and staff, as well as to undertake basic administration duties to a high standard. What You’ll Be Doing To undertake switchboard, receptionist and messenger duties within the school, in conjunction with other clerical staff. To receive and reply promptly to any telephone and other messages, dealing as appropriate with routine enquiries. To ensure that visitors and callers to the school are courteously and correctly received and hospitality provided as required. To undertake administration duties as directed by the line manager. To support academy events as requ",administration-category,"Administration, HR, data and finance",20,"[{""page"": 20, ""query"": ""Administration, HR, data and finance"", ""route"": ""administration-category""}, {""page"": 3, ""query"": ""receptionist"", ""route"": ""keyword:receptionist""}]",2,OK,990179e32e820c801ce59601f0ba66b8c7f731640433c519d0f5e8ec668b6aba
2026-08-23,Teaching Vacancies,receptionist-king-s-leadership-academy-wavertree-liverpool,https://teaching-vacancies.service.gov.uk/jobs/receptionist-king-s-leadership-academy-wavertree-liverpool,Receptionist,King's Leadership Academy Wavertree,"Liverpool, North West, L13 1HD",L13 1HD,"£21,588.00 - £21,930.00 Annually (Actual) Please see recruitment pack for further details - Term Time Only",2026-08-06,2026-09-13T23:59:00+01:00,['FULL_TIME'],"Receptionist - Wavertree Hub King’s Leadership Academy Wavertree & King’s Leadership Academy Phoenix Permanent | Term Time Only | 37 hours per week Actual Salary: £21,588 - £21,930 Start Date: September 2026 Every great school has someone at the front who quietly keeps the universe from collapsing. At the Great Schools Trust Wavertree Hub, that person could be you. We are looking for a brilliant Receptionist to join our growing Wavertree family, working across King’s Leadership Academy Wavertree and King’s Leadership Academy Phoenix. The two academies are just across the road from each other, so there is no need for hiking boots. This is a key front-of-house role. You will be the first smile, the calm voice on the phone, the organiser of visitors, messages, meetings and “can you just…” moments. You will help make sure parents, carers, students, staff and visitors feel welcomed, supported and professionally looked after from the moment they arrive. What you’ll be doing You will provide a warm, professional reception service across both academies, handling enquiries in person, by phone and by email. You will support visitor management, safeguarding procedures, room bookings, hospital",administration-category,"Administration, HR, data and finance",47,"[{""page"": 47, ""query"": ""Administration, HR, data and finance"", ""route"": ""administration-category""}, {""page"": 5, ""query"": ""receptionist"", ""route"": ""keyword:receptionist""}]",2,OK,0b9b14ab4c1467274fb32118e3b10864178aa3729bde48cbe33ee33c61349fa7
2026-08-23,Teaching Vacancies,receptionist-nore-academy,https://teaching-vacancies.service.gov.uk/jobs/receptionist-nore-academy,Receptionist,Nore Academy,"Sheerness, South East, ME12 3AP",ME12 3AP,"£8,557.00 - £8,693.00 Annually (Actual)",2026-07-28,2026-09-04T12:00:00+01:00,['PART_TIME'],"Nore Academy is a SEN school that opened on the Isle of Sheppey in January 2025. We support young people aged 11-16 with a primary need of SEMH and other related areas of SEN such as ASC and communication difficulties. We have been steadily growing our numbers and the commissioned amount for 2026-2027 is 120.Estuary Academy Island is our Alternative provision which opened in September 2024 and is collocated with Nore Academy to provide up to 40 students with a broad and balanced curriculum offering to support students who cannot access mainstream education. While each school has its own identity and provision, they are united by a shared purpose—to provide high-quality, inclusive education for young people with Social, Emotional and Mental Health (SEMH) needs, removing barriers to learning and enabling every learner to succeed.​ Across both schools, our work is guided by the core values of the Trust: community, love, flourish, and social justice. These values are lived out daily in how we build relationships, support one another, and champion the rights and potential of every young person in our care. We believe in the strength of community to bring people together, the importance",administration-category,"Administration, HR, data and finance",34,"[{""page"": 34, ""query"": ""Administration, HR, data and finance"", ""route"": ""administration-category""}, {""page"": 4, ""query"": ""receptionist"", ""route"": ""keyword:receptionist""}]",2,OK,f90ddb2cacb224471acb87fe2628722be9a0f71024b7d52ad28de66b62b3f7e6
2026-08-23,Teaching Vacancies,receptionist-notley-high-school-and-braintree-sixth-form-braintree-essex,https://teaching-vacancies.service.gov.uk/jobs/receptionist-notley-high-school-and-braintree-sixth-form-braintree-essex,Receptionist,Notley High School and Braintree Sixth Form,"Braintree, East of England, CM7 1WY",CM7 1WY,"Scale 3, Point 4 – 5",2026-08-14,2026-08-30T23:59:00+01:00,['PART_TIME'],"We are seeking a friendly, reliable, and well-organised individual to join our school team as a Receptionist, working one day per week. The successful candidate will be the first point of contact for visitors, parents, and pupils, and should be confident, approachable, and able to handle a range of front desk responsibilities with professionalism. Key responsibilities include: - Greeting and signing in visitors - Answering telephone calls and handling enquiries - Supporting staff with basic administrative tasks - Managing post and deliveries - Ensuring the reception area remains tidy and welcoming Previous experience in a school or similar environment is desirable but not essential. Strong communication skills, attention to detail, and the ability to remain calm under pressure are important. Bridge Academy Trust may close this advert early if we receive a high volume of suitable applications",administration-category,"Administration, HR, data and finance",12,"[{""page"": 12, ""query"": ""Administration, HR, data and finance"", ""route"": ""administration-category""}, {""page"": 2, ""query"": ""receptionist"", ""route"": ""keyword:receptionist""}]",2,OK,027d840408b93a5de6fdfd2ad3a45ffbf462287282d2a8a0a6d2bd681b556a34
2026-08-23,Teaching Vacancies,receptionist-office-administrator-bramley-cofe-infant-school-and-nursery,https://teaching-vacancies.service.gov.uk/jobs/receptionist-office-administrator-bramley-cofe-infant-school-and-nursery,Receptionist/Office Administrator,Bramley CofE Infant School and Nursery,"Guildford, South East, GU5 0HX",GU5 0HX,"£23,606.00 Annually (FTE) GST pay scale B: £15,705 Pro rata",2026-08-11,2026-09-11T23:59:00+01:00,['PART_TIME'],"Start Date: 1st September 2026 Salary: GST B Grade, £23,606 FTE (Actual: £15,705 per annum pro rata) Hours: 4 days a week, 8 am to 3.30pm Monday, Tuesday, Wednesday and Friday. Contract: Permanent, term-time + Inset days We are seeking a skilled and personable Receptionist to join our dynamic team. As the first point of contact for the School, the Receptionist plays a crucial role in creating a positive and welcoming experience for visitors, students and employees. The ideal candidate should possess excellent communication and organisational skills, be well presented, have a friendly demeanour, and the ability to multitask in a fast-paced environment. The successful candidate must demonstrate a professional approach with excellent communication and organisational skills. The applicant should be highly proficient with Microsoft packages, including Excel and Word and be able to demonstrate good numerical skills. The applicant should have the ability to manage a range of varied tasks, provide administrative support to the school. Be a key point of contact for all admissions and queries. Experience of working in a school setting would be an advantage. Main duties: Lead role in managing",administration-category,"Administration, HR, data and finance",46,"[{""page"": 46, ""query"": ""Administration, HR, data and finance"", ""route"": ""administration-category""}, {""page"": 11, ""query"": ""administrator"", ""route"": ""keyword:administrator""}, {""page"": 3, ""query"": ""office"", ""route"": ""keyword:office""}, {""page"": 5, ""query"": ""receptionist"", ""route"": ""keyword:receptionist""}]",4,OK,56264364946e511e65d92e82032991b1445ea7788f5080da3084fad0f7cc7bd9
2026-08-23,Teaching Vacancies,receptionist-office-co-ordinator,https://teaching-vacancies.service.gov.uk/jobs/receptionist-office-co-ordinator,Receptionist / Office Co-ordinator,Valentines High School,"Ilford, London, IG2 6HX",IG2 6HX,"£26,903.00 Annually (Actual)",2026-07-27,2026-09-07T09:00:00+01:00,['FULL_TIME'],"Valentines High school are seeking to appoint an exceptional Receptionist / Office Co-ordinator who will be the first point of contact for visitors, parents and students. We are looking for an excellent communicator with outstanding organisational skills who will be able to work within a busy front office. The successful candidate must be able to prioritise competing demands and remain calm under pressure. This is a rewarding opportunity for someone who enjoys working with people, thrives in a fast-paced environment and is passionate about contributing to a welcoming, safe and inclusive school. The school provides a supportive environment along with excellent professional development opportunities. Closing date: Monday 7th September 2026, 9:00am",administration-category,"Administration, HR, data and finance",40,"[{""page"": 40, ""query"": ""Administration, HR, data and finance"", ""route"": ""administration-category""}, {""page"": 3, ""query"": ""office"", ""route"": ""keyword:office""}, {""page"": 4, ""query"": ""receptionist"", ""route"": ""keyword:receptionist""}]",3,OK,d33c6476ba91e25b92d9af564e75cc526646e7290f806428edca49eb102e96b3
2026-08-23,Teaching Vacancies,receptionist-olympic-primary-wellingborough,https://teaching-vacancies.service.gov.uk/jobs/receptionist-olympic-primary-wellingborough,Receptionist,Olympic Primary,"Wellingborough, East Midlands, NN8 3QA",NN8 3QA,"£24,796.00 - £25,185.00 Annually (FTE)",2026-08-03,2026-08-28T15:00:00+01:00,['PART_TIME'],"We have an exciting opportunity for an administrator who is looking to join our motivated and committed team. We are looking for an enthusiastic and dedicated individual who will bring organisation and commitment to this role, ensuring all duties are completed to the highest standard. You will need to be personable and have good communication skills. The administration team provides the first point of contact for staff, pupils, families and visitors to the school. The ability to keep a cool head under pressure is essential, as is a friendly and professional approach with all staff, children, parents and visitors alike. The successful applicant will have experience of working in a busy office within an educational setting. Arbor experience and an excellent level of IT skills are desirable, attention to detail is essential. Reporting directly to the school Office Manager and Leadership Team, the Administrator is responsible for undertaking administrative and organisational processes as required, ensuring all administrative aspects of the school run efficiently through effective working practices. In addition to the opportunity to work in a friendly, forward-thinking school we offer:",administration-category,"Administration, HR, data and finance",9,"[{""page"": 9, ""query"": ""Administration, HR, data and finance"", ""route"": ""administration-category""}, {""page"": 1, ""query"": ""receptionist"", ""route"": ""keyword:receptionist""}]",2,OK,f2cb44dce38925f9be6515c7a1551d05615cab9dc6a66c65f34e0f03780c9c6b
2026-08-23,Teaching Vacancies,receptionist-part-time-considered,https://teaching-vacancies.service.gov.uk/jobs/receptionist-part-time-considered,Receptionist - part time considered,Gosford Hill School,"Kidlington, South East, OX5 2NT",OX5 2NT,"£23,620.60 - £25,593.97 Annually (Actual) Grade 6 term time + 2 weeks £23620.20 - 25593.97 (FTE £26824 - £29065)",2026-07-17,2026-08-30T23:59:00+01:00,"['FULL_TIME', 'PART_TIME']","Gosford Hill School is looking for a friendly, organised and professional Receptionist to be the welcoming face of our school and a key part of our team. As the first point of contact for pupils, staff, parents and visitors, you'll play a vital role in creating a warm, safe and efficient environment at the heart of school life. You'll be calm under pressure, personable, and confident dealing with a wide range of people. Strong communication and organisational skills are essential, along with a flexible, can-do attitude and a genuine commitment to safeguarding. If you would like to have a confidential conversation with Nicola Cooke, Headteacher PA, about the role, prior to application, then please email jobapplications@gosfordhillschool.org or telephone 01865 374974. If you are interested in the post, please complete an application form outlining your reasons for applying and your suitability for the post. The closing date for receipt of applications is Midnight on Sunday 30th August 2026 however, we reserve the right to close a vacancy earlier than the advertised date if we receive applications that meet the criteria. Once a vacancy has closed, we are unable to consider further app",administration-category,"Administration, HR, data and finance",11,"[{""page"": 11, ""query"": ""Administration, HR, data and finance"", ""route"": ""administration-category""}, {""page"": 2, ""query"": ""receptionist"", ""route"": ""keyword:receptionist""}]",2,OK,09b808bf4d3e947b22f599c154eb5e428b5c5eb38e5c1d6d4f20758b12c61de3
2026-08-23,Teaching Vacancies,receptionist-part-time-hall-mead-school,https://teaching-vacancies.service.gov.uk/jobs/receptionist-part-time-hall-mead-school,Receptionist (Part-time),Hall Mead School,"Upminster, London, RM14 1SF",RM14 1SF,"£29,434 - £31,155",2026-08-17,2026-09-07T15:00:00+01:00,['PART_TIME'],"Our mission is to ‘inspire learners and change lives’ – and that includes our staff. We want to empower our teams so pupils are ready to be kind, confident and impactful world citizens. To help us, we wish to appoint an exceptional, dynamic Receptionist to join a thriving department, with a strong team who work collaboratively together. The successful candidate will be part of the administration team responsible for the efficient and effective organisation and administration of school processes, procedures and policies, delivering the best possible service to all stakeholders.",administration-category,"Administration, HR, data and finance",42,"[{""page"": 42, ""query"": ""Administration, HR, data and finance"", ""route"": ""administration-category""}, {""page"": 4, ""query"": ""receptionist"", ""route"": ""keyword:receptionist""}]",2,OK,e5b6eea25b8d7d9e64e668db4a61fd54ee16ae562de5752253787404fe088203
2026-08-23,Teaching Vacancies,receptionist-the-king-s-school-pontefract-west-yorkshire,https://teaching-vacancies.service.gov.uk/jobs/receptionist-the-king-s-school-pontefract-west-yorkshire,Receptionist,The King's School,"Pontefract, Yorkshire and the Humber, WF8 4JF",WF8 4JF,"£20,971.00 - £21,300.00 pro rata (£24,796.00 - £25,185.00 FTE)per annum",2026-07-31,2026-08-31T10:00:00+01:00,['FULL_TIME'],"‘Are you seeking a new and rewarding challenge? Do you have a genuine passion for making a difference? If your answer is a resounding 'Yes,' then you might be the ideal candidate we're searching for.’ We are seeking to appoint an enthusiastic, hardworking and committed Receptionist at The King’s School. The successful candidate will be responsible for providing an efficient and professional Reception, Student Services, Reprographics and communications service to all internal and external stakeholders. They will also provide general administration and basic data input support to the school as required. We are looking for a dedicated and enthusiastic person to join an effective Admin Team who: has a friendly, professional, calm manner and can communicate effectively with visitors, pupils and staff; can work effectively as part of the Admin Team but can also work independently using their own initiative; has experience of working in a similar environment can work effectively as part of a team but can also work independently using their own initiative. has a passion for helping students thrive and meet their full potential. Contract details Permanent contract 37 hours per week Term tim",administration-category,"Administration, HR, data and finance",14,"[{""page"": 14, ""query"": ""Administration, HR, data and finance"", ""route"": ""administration-category""}, {""page"": 2, ""query"": ""receptionist"", ""route"": ""keyword:receptionist""}]",2,OK,2e34b0eae77924169f27dbbf1c35db41200b802c77f8be036b4d8d08c85bc848
2026-08-23,Teaching Vacancies,receptionist-tipton-green-junior-school-tipton-west-midlands,https://teaching-vacancies.service.gov.uk/jobs/receptionist-tipton-green-junior-school-tipton-west-midlands,Receptionist,Tipton Green Junior School,"Tipton, West Midlands, DY4 8PR",DY4 8PR,£13.05 - £13.47 Hourly,2026-08-14,2026-08-31T09:00:00+01:00,['PART_TIME'],"Elston Hall Learning Trust is looking to appoint an enthusiastic and professional Receptionist to join our team at Tipton Green. As well as reception duties the postholder will be responsible for the administration of pupil attendance, processing daily attendance, follow up with parents and liaising with staff on concerns. This role is ideal for someone with excellent communication skills, strong organisation, and a commitment to supporting a positive school environment. Elston Hall Learning Trust is dedicated to achieving the highest standards in education, striving for excellence in all areas of learning and ensuring that both pupils and staff are supported to reach their full potential. We invest in the professional growth of our people and offer various opportunities for professional development to help you continuously improve and advance in your career. You will be part of a supportive community where teamwork and shared goals are highly valued. Our Trust fosters an inclusive culture, ensuring a positive and nurturing environment for everyone. Our commitment to the wellbeing and safeguarding of our young people Elston Hall Learning Trust is committed to safeguarding and promo",administration-category,"Administration, HR, data and finance",13,"[{""page"": 13, ""query"": ""Administration, HR, data and finance"", ""route"": ""administration-category""}, {""page"": 2, ""query"": ""receptionist"", ""route"": ""keyword:receptionist""}]",2,OK,101c226ec566144d503f690e36627a9e5bfdf748236a06a0e96921e321196f1a
2026-08-23,Teaching Vacancies,receptionist-upton-by-chester-high-school,https://teaching-vacancies.service.gov.uk/jobs/receptionist-upton-by-chester-high-school,Receptionist,Upton-by-Chester High School,"Chester, North West, CH2 1NN",CH2 1NN,"£25,185.00 Annually (FTE) Actual pro rata salary = £12,589",2026-08-05,2026-08-28T12:00:00+01:00,['PART_TIME'],"The person we are looking for will provide a first-class reception and telephone answering service (both internal and external) to ensure that all callers are dealt with promptly and the image of the school is maintained and enhanced. Someone who: Demonstrates a positive attitude and a strong ability to work effectively as part of a wider team. A creative, hardworking, and lateral thinker with excellent communication skills, able to convey information clearly and concisely to a wide range of audiences. Consistently demonstrates confidentiality, tact, diplomacy, and sensitivity when dealing with parents and learner issues. Acts with honesty and integrity at all times, while approaching challenges with patience, resilience, and a good sense of humour. Full training will be given to the suitably experienced applicant.",keyword:receptionist,receptionist,1,"[{""page"": 1, ""query"": ""receptionist"", ""route"": ""keyword:receptionist""}]",1,OK,90f1d0ec39642e77d8f35ccdfb5288fe9ec8fcada0cff6ea57d9da5c30fa63c6
2026-08-23,Teaching Vacancies,receptionist-witchford-village-college-ely-cambridgeshire,https://teaching-vacancies.service.gov.uk/jobs/receptionist-witchford-village-college-ely-cambridgeshire,Receptionist,Witchford Village College,"Ely, East of England, CB6 2JA",CB6 2JA,"£26,403",2026-08-20,2026-09-07T12:00:00+01:00,['FULL_TIME'],"As the first point of contact , welcome guests and visitors in a calm, friendly and helpful manner. Answer and forward incoming phone calls, and respond to general email inquiries. Sort and distribute incoming post. Ensure the reception and waiting areas remain clean, safe, and professional. Assist the wider team with office tasks. Assist with First Aid Previous experience in a customer service or reception role desirable. Excellent communication skills, polite, professional and approachable. Experienced in using MS Office (Word, Excel, Outlook). Punctual, well-presented, ability to remain calm under pressure, and highly organised",keyword:receptionist,receptionist,4,"[{""page"": 4, ""query"": ""receptionist"", ""route"": ""keyword:receptionist""}]",1,OK,95dc52e6e03500dbf8356b18366e94c1f9b40d9a4acf21f9ee0913faedd48bc2
2026-08-23,Teaching Vacancies,reprographics-administrator-bb959af5-cf9a-47b5-9c83-740a36b9e12c,https://teaching-vacancies.service.gov.uk/jobs/reprographics-administrator-bb959af5-cf9a-47b5-9c83-740a36b9e12c,Reprographics Administrator,The Sydney Russell School,"Dagenham, London, RM9 5QT",RM9 5QT,"£26,053.00 - £27,191.00 Annually (Actual) Scale 4 point 7-10",2026-06-24,2026-09-04T23:59:00+01:00,['FULL_TIME'],"PURPOSE OF JOB: To be responsible for providing a high quality wide ranging reprographic service to the school MAIN ACTIVITIES: Operate the large photocopying equipment in the reprographics room Provide a range of services, including binding and laminating Work with staff to produce specialised materials to include booklets and prospectus Maintain and manage all stock Managing copyright compliance Ensure all deadlines and targets are met Ensure compliance with the Data Protection Act Fixing routine issues, e.g. paper jams, toner replacement Arranging for repairs of equipment as and when necessary, to ensure the smooth operation of all equipment All staff are responsible for promoting and safeguarding the welfare of students by always ensuring compliance with the school’s Safeguarding and Child Protection Policy. All staff must report any actual or potential risks to the safety or welfare of students to the Designated Safeguarding Lead. This document summarises the main responsibilities of the post.",administration-category,"Administration, HR, data and finance",36,"[{""page"": 36, ""query"": ""Administration, HR, data and finance"", ""route"": ""administration-category""}, {""page"": 9, ""query"": ""administrator"", ""route"": ""keyword:administrator""}]",2,OK,4adbb5f2680805816e88ee10137d889363773a29f8ec5e8ab820afa5e27eb446
2026-08-23,Teaching Vacancies,resource-assistant-humanities-and-human-sciences,https://teaching-vacancies.service.gov.uk/jobs/resource-assistant-humanities-and-human-sciences,Resource Assistant - Humanities and Human Sciences,Ivybridge Community College,"Ivybridge, South West, PL21 0JA",PL21 0JA,"£14,453.00 - £15,221.00 Annually (Actual)",2026-07-27,2026-08-31T23:00:00+01:00,['PART_TIME'],"Job Title: Resource Assistant - Humanities and Human Sciences Terms: Part-time, Permanent Salary: Plymouth City Council Pay Scales, (Grade C, SCP 5-7) Location: Ivybridge Community College This is an exciting opportunity to join our Trust at Ivybridge Community College. The Resource Assistant supports the effective operation of the trust and works to uphold and promote its vision and values. The role will facilitate the provision of resources such as equipment and materials to support with student learning. Within departments, the postholder will provide a high standard administration and technical support to teaching and learning. While the role of the Resource Assistant may be assigned a particular department to support, they will be expected to support College-wide operations across other departments as required. Working for the Trust includes some key benefits, please see our website for full details. For an informal discussion regarding this role, please contact HR on 01752 691000. If you believe you can demonstrate the dedication, skills and passion required, we look forward to receiving your application. Information about our key policies is available at: https://www.westst.",administration-category,"Administration, HR, data and finance",15,"[{""page"": 15, ""query"": ""Administration, HR, data and finance"", ""route"": ""administration-category""}]",1,OK,7e2c8102d1f7bb2b5e21f9d6fe698124b370ea0b24613c557cd5cc57b1c448ec
2026-08-23,Teaching Vacancies,resources-assistant-westfield-school,https://teaching-vacancies.service.gov.uk/jobs/resources-assistant-westfield-school,Resources Assistant,Westfield School,"Sheffield, Yorkshire and the Humber, S20 1HQ",S20 1HQ,"£25,583.00 - £25,989.00 Annually (FTE) Grade 3 SCP 5 to 6 (Actual salary £22,569 - £22,928)",2026-07-23,2026-09-06T23:59:00+01:00,['FULL_TIME'],"We are currently seeking to appoint an enthusiastic, well organised, and flexible individual to join the support services team as a Resources Assistant. This post will have day to day responsibility for our in-house reprographics and resources provision, (e.g. photocopying, printing and scanning) and preparing documents (e.g. booklets). In addition the role will provide general administrative, clerical and reception support as and when required, as well as maintaining displays around school. You will therefore need to have excellent communication and prioritisation skills, be able to adapt easily to shifting demands and have a flexible approach to work situations. The role requires an individual who can work 8am - 4pm Monday to Thursday and 8am - 3.30pm on Friday term time plus one week during the summer holidays. This role requires candidates to have GCSE Maths and English at Grade 4 or above (or equivalent). The successful candidate will be expected to provide evidence of their GCSE certificates.",administration-category,"Administration, HR, data and finance",38,"[{""page"": 38, ""query"": ""Administration, HR, data and finance"", ""route"": ""administration-category""}]",1,OK,414fae8d32a95f3c15458ebc63a2507b8c915c7aa8da0585313b2deaff321cda
2026-08-23,Teaching Vacancies,safeguarding-officer-5aeab0ad-6293-4dca-a4da-08493a5af26e,https://teaching-vacancies.service.gov.uk/jobs/safeguarding-officer-5aeab0ad-6293-4dca-a4da-08493a5af26e,Safeguarding Officer,Tadcaster Grammar School,"Tadcaster, Yorkshire and the Humber, LS24 9NB",LS24 9NB,"£23,625.00 - £25,194.00 Annually (Actual)",2026-08-10,2026-09-07T09:00:00+01:00,['PART_TIME'],"This is an exciting opportunity for an experienced and enthusiastic Safeguarding Officer to join our team. Working with the Deputy Headteacher & Safeguarding Lead (DSL) you will take responsibility for safeguarding and child protection across the school (including online safety). You will participate in discussions and inter-agency meetings and contribute to the assessment of children, advising and supporting other members of staff on child welfare, safeguarding and child protection matters and liaise with relevant agencies such as the local authority and police. At Tadcaster Grammar School [TGS] we put the needs of students at the forefront of our decision making and practice. Our curricular and co-curricular offer responds to the aims and aspirations of individuals and we structure these as a 7-year experience. The school is fortunate to have a highly committed and talented staff and governing body and our students are motivated, articulate and keen to learn. TGS is a larger than average school, but we organise our pastoral systems so everyone is seen, heard and valued. Our entry into the Yorkshire Learning Trust in 2025 as a partner school has strengthened our ability to ensure",administration-category,"Administration, HR, data and finance",40,"[{""page"": 40, ""query"": ""Administration, HR, data and finance"", ""route"": ""administration-category""}]",1,OK,99cd4a7072ef7e39b1b9d8aed2531f253281730214f21d43c255b497b15b7f10
2026-08-23,Teaching Vacancies,sbm-cfo,https://teaching-vacancies.service.gov.uk/jobs/sbm-cfo,SBM/CFO,Bursted Wood Primary School,"Bexleyheath, London, DA7 5BS",DA7 5BS,Bex18 to Bex20,2026-08-11,2026-09-11T15:00:00+01:00,['FULL_TIME'],"Qualifications ESSENTIAL Proven desire to work towards a suitable qualification, (eg. CSMB) DESIREABLE Certificate School Business Manager (CSBM) Level 4 or similar Professional financial management qualification Experience ESSENTIAL Highly developed skills in use of ICT to prepare, analyse and present management information to assist effective decision making 2/3 years’ experience of team management/supervision Previous experience of dealing and maintaining Health and Safety within an Academy environment Previous project management experience DESIREABLE Experience of adherence to the financial expectations and obligations within an Academy school/Trust, including managing budgets Risks assessment experience/qualification Senior financial position in an organisation of a similar size Experience of education systems e.g. SIMS Knowledge and Skills ESSENTIAL Highly developed oral and written communication skills. Ability to communicate in a way which meets the needs of diverse audiences Ability to analyse complex data Proven ability to deal with a range of sensitive issues Proven ability to develop, implement and update systems Proven ability to identify, mitigate and manage risk, inc",administration-category,"Administration, HR, data and finance",46,"[{""page"": 46, ""query"": ""Administration, HR, data and finance"", ""route"": ""administration-category""}]",1,OK,fff6c09d99345f27c69e3ced0a5b5aa31463cb6d19227fc344d52eac28a66c6e
2026-08-23,Teaching Vacancies,school-accountant,https://teaching-vacancies.service.gov.uk/jobs/school-accountant,School Accountant,St Catherine's RC School,"Barnet, London, EN5 2ED",EN5 2ED,,2026-07-16,2026-09-07T09:00:00+01:00,['PART_TIME'],"An exciting opportunity has arisen for an experienced School Accountant to join our highly regarded two form entry primary school and nursery for 10 hours per week. (Hours can be worked flexibly across two days) This role is key in supporting the effective financial management of the school, assisting the School Business Manager and senior leadership team with high-quality financial support. You will act as a trusted finance professional, contributing to the school’s financial stability and supporting strategic decision-making through accurate reporting, robust controls, and strong financial governance. This is a broad, hands-on role, covering financial operations, management accounts and compliance. Candidate Profile: Qualified accountant Strong experience in management accounting and financial compliance Previous experience in a finance role within an education or public sector environment. Excellent attention to detail and ability to work to tight deadlines Strong interpersonal and communication skills, with the ability to work across all levels Highly organised with the ability to manage multiple priorities effectively Knowledge of school funding, financial compliance, and educ",administration-category,"Administration, HR, data and finance",40,"[{""page"": 40, ""query"": ""Administration, HR, data and finance"", ""route"": ""administration-category""}]",1,OK,eb39b91b58e862030f6cd2b2f713d62a6e1e9bb2d2cdc969caef0e787bac572e
2026-08-23,Teaching Vacancies,school-admin-assistant-myatt-garden-primary-school-london,https://teaching-vacancies.service.gov.uk/jobs/school-admin-assistant-myatt-garden-primary-school-london,School Admin Assistant,Myatt Garden Primary School,"London, London, SE4 1DF",SE4 1DF,Scale 3,2026-07-24,2026-08-24T12:00:00+01:00,['PART_TIME'],"¨Effective use of ICT Packages (e.g. Microsoft Office, Google Workspace etc.) ¨Experience of providing administrative support in a busy office ¨Use of relevant equipment/resources ¨Experience of providing excellent customer service, negotiation and communication skills, both on the telephone and in person ¨Experience providing personal assistant support to senior staff ¨Experience managing multiple diaries and coordinating meetings ¨Knowledge of relevant policies/codes of practice and awareness of relevant legislation ¨Experience of working in a school office ¨Experience of using school MIS (e.g. ScholarPack, SIMS, Arbor etc.) ¨Experience using parental communication tools (e.g. ParentPay) ¨Have knowledge of Data Protection procedures and how to handle personal and sensitive information ¨Experience in managing website content and social media for an organisation ¨Ability to produce documents of a high quality ¨Ability to relate well to children and adults ¨Ability to work constructively as part of a team, understanding school roles and responsibilities and your own position within these ¨Ability to communicate effectively both verbally and in writing to staff, pupils, parents, care",administration-category,"Administration, HR, data and finance",4,"[{""page"": 4, ""query"": ""Administration, HR, data and finance"", ""route"": ""administration-category""}]",1,OK,6a4fe6bb386bc5ea740a3b6c6414880539ff88e675f6d89ed42c3fd81b6a6267
2026-08-23,Teaching Vacancies,school-administration-officer-westwood-with-iford-primary-school,https://teaching-vacancies.service.gov.uk/jobs/school-administration-officer-westwood-with-iford-primary-school,School Administration Officer,Westwood-with-Iford Primary School,"Bradford-on-Avon, South West, BA15 2BY",BA15 2BY,"£9,920 Term time only",2026-07-21,2026-08-23T23:59:59+01:00,"['FULL_TIME', 'PART_TIME']","The Palladian Academy Trust is a community of schools, each with its own ethos, that enjoy a mutually enriching partnership. Our Trust includes both church and community academies working closely together, all connected by a shared vision for our pupils: ‘excellent and equitable opportunities so everyone can flourish.’ We are looking for a dedicated and organised School Administration Officer to join our welcoming team across two of our primary schools. The successful candidate would work Thursdays and Fridays (12 hours per week) at Westwood with Iford Primary school and 4.5 hours per week (day of the week to be discussed) at Fitzmaurice Primary School. This pivotal role requires a proactive individual with excellent communication and interpersonal skills to provide a professional front-of-house service to pupils, staff, parents, and visitors. We are looking for a highly motivated team player with a 'can-do' attitude. Proven administrative or clerical experience, ideally within an educational setting. Excellent IT skills, including competence with Microsoft Office (Word, Excel, Outlook) and an aptitude for learning school-specific systems. Strong organisational skills, attention to",administration-category,"Administration, HR, data and finance",2,"[{""page"": 2, ""query"": ""Administration, HR, data and finance"", ""route"": ""administration-category""}]",1,OK,77b4eb11e21eafc41ae51f61c1611345beb49382146b0f6e5cd6c982c97b3984
2026-08-23,Teaching Vacancies,school-administrator-4e6e25cf-c80f-4e62-864c-657610d00946,https://teaching-vacancies.service.gov.uk/jobs/school-administrator-4e6e25cf-c80f-4e62-864c-657610d00946,School Administrator,Carterton Primary School,"Carterton, South East, OX18 3AD",OX18 3AD,"£26,824.00 - £29,064.00 Annually (FTE) Paid pro rata. Actual salary £12157",2026-07-01,2026-09-02T23:59:00+01:00,['PART_TIME'],"About this Role We are a primary school in the Oxfordshire town of Carterton, close to RAF Brize Norton. As a school we are working really hard to build a strong and committed team with the capacity to improve the outcomes for our pupils. We are recruiting a School Administrator to work every morning during term time, from 8:30am - 12:30pm. If you have experience of working in an administration role, we would love to hear from you. We are proud to be an academy as part of Ridgeway Education Trust, which comprises of six primary schools and two secondaries where collaboration and a supportive culture are at the heart of our culture. As a growing trust, there are an increasing range of professional development opportunities for colleagues. This commitment to continuous professional development is wide-ranging and available to all, regardless of experience. We can offer: A warm, supportive school community where everyone is known and valued Enthusiastic, engaged children, who value the opportunities school provides Flexible employment options, including part-time working patterns Opportunities for CPD and career progression both within school and across Ridgeway Education Trust If you",administration-category,"Administration, HR, data and finance",28,"[{""page"": 28, ""query"": ""Administration, HR, data and finance"", ""route"": ""administration-category""}, {""page"": 8, ""query"": ""administrator"", ""route"": ""keyword:administrator""}]",2,OK,6445e1bb793b17257cb24de3dadf596f223fd1913f35ece33bb72ca2ee15e2e3
2026-08-23,Teaching Vacancies,school-administrator-5ab80ec7-b0fc-452c-aaa2-4e56f328035d,https://teaching-vacancies.service.gov.uk/jobs/school-administrator-5ab80ec7-b0fc-452c-aaa2-4e56f328035d,School Administrator,Lindow Community Primary School,"Wilmslow, North West, SK9 6EH",SK9 6EH,,2026-07-09,2026-09-03T12:00:00+01:00,['PART_TIME'],"The Governors of Lindow Community Primary School are seeking to employ a dedicated and skilled Administration Assistant (Grade 4) to join our supportive team.The role will primarily involve general administration tasks, processing invoices, reception cover, updating and maintaining school records on SIMs using related online systems. Act as the first point of contact for parents/carer, staff, and visitors. Handle phone calls, emails, and face-to-face inquiries in a professional, welcoming manner. Key Personal Qualities We’re Looking For: Enthusiasm and skill to meet the challenges of working in a busy office Excellent communication and IT skills A warm, approachable personality with a good sense of humour and strong teamwork skills Ability to remain calm under pressure Strong interpersonal skills, both with children and adults The closing date is Thursday 3rd September 2026 at 12pm. Completed applications can be sent to the same email address. Lindow Community Primary School is committed to safeguarding and promoting the welfare of children and young people, and expects all staff to share this commitment. Successful candidates will be required to complete an enhanced DBS disclosure",administration-category,"Administration, HR, data and finance",31,"[{""page"": 31, ""query"": ""Administration, HR, data and finance"", ""route"": ""administration-category""}, {""page"": 8, ""query"": ""administrator"", ""route"": ""keyword:administrator""}]",2,OK,6e2d9828bdb1e77c0df180731e2e526797534561337e4d1bd5d372866f4930bc
2026-08-23,Teaching Vacancies,school-administrator-90712575-ad48-4a39-98c3-9140ef281e9e,https://teaching-vacancies.service.gov.uk/jobs/school-administrator-90712575-ad48-4a39-98c3-9140ef281e9e,School Administrator,Highfield Junior and Infant School,"Birmingham, West Midlands, B8 3QF",B8 3QF,"£13,422.00 - £14,753.00 Annually (Actual)",2026-08-13,2026-09-06T23:59:00+01:00,['PART_TIME'],"School Administrator (Part Time) Grade 2, Scale Point 3-8 £13,422 - £14,753 (Actual) 11.30am - 4pm Term Time Only The Prince Albert Community Trust (PACT) is seeking to appoint a dedicated and highly organised School Administrator to join our vibrant and forward-thinking Multi Academy Trust at Highfield Junior and Infant School. Our Trust comprises seven thriving schools: Prince Albert Primary School, Heathfield Primary School, Highfield J&I School, Birchfield Primary School, Sutton Park Primary School, Lakey Lane Primary School and Prince Albert High School. At PACT, we are passionate about children’s learning, committed to excellence, and proud of our inclusive and supportive community. We place professional development and coaching at the heart of everything we do, ensuring our staff are empowered to grow and succeed. The successful candidate will be able to communicate effectively with staff, pupils, parents and visitors. You will be flexible and able to cope with interruption, work well within a team and on your own. About the Role As School Administrator, you will play a pivotal role in the smooth running of the school office and providing exceptional administration and suppo",administration-category,"Administration, HR, data and finance",38,"[{""page"": 38, ""query"": ""Administration, HR, data and finance"", ""route"": ""administration-category""}, {""page"": 9, ""query"": ""administrator"", ""route"": ""keyword:administrator""}]",2,OK,25fa9c29ded8f64ef11c392fa7a323d512b3a8ab6822462cc71cbbd2a017aebc
2026-08-23,Teaching Vacancies,school-administrator-angel-road-infant-school,https://teaching-vacancies.service.gov.uk/jobs/school-administrator-angel-road-infant-school,School Administrator,Angel Road Infant School,"Norwich, East of England, NR3 3HR",NR3 3HR,"£25,989.00 - £26,403.00 Annually (FTE) £9,022 - £9,165 Actual salary",2026-07-31,2026-09-11T23:59:00+01:00,['PART_TIME'],"School Administrator - Angel Road Schools Permanent - 2 days a week - Tuesday and Thursday Grade: D (£9022-£9165 actual salary) Start date: 01/11/2026 Purpose of the Role The School Administrator's role is to carry out the school's administrative and clerical services, ensuring they operate at a high standard. This role is essential in making sure these functions effectively aid the school's management and teaching staff. Responsibilities include developing, planning, and overseeing school support services and complex procedures. The School Administrator will ensure that all areas of responsibility are efficient, effective, and compliant, contributing to the school's goal of providing a high-quality education in a safe, warm, and secure environment for both staff and pupils. They will also maintain a positive image of the school to parents, visitors, and other professionals, reflecting the school's and trust's ethos. Collaboration and teamwork are at the heart of this role. The post holder must work closely with all members of the school community, demonstrating integrity, setting high expectations for themselves and others, and upholding standards of care for children, staff, pare",administration-category,"Administration, HR, data and finance",46,"[{""page"": 46, ""query"": ""Administration, HR, data and finance"", ""route"": ""administration-category""}, {""page"": 11, ""query"": ""administrator"", ""route"": ""keyword:administrator""}]",2,OK,9e3405af1ee7b5ba234543879c287d01b76530e31d63c1f79e5c06935cc13264
2026-08-23,Teaching Vacancies,school-administrator-apprentice-level-3-ark-charter-academy,https://teaching-vacancies.service.gov.uk/jobs/school-administrator-apprentice-level-3-ark-charter-academy,School Administrator Apprentice (Level 3),Ark Charter Academy,"Southsea, South East, PO5 4HL",PO5 4HL,See job description,2026-07-22,2026-09-01T01:00:00+01:00,['PART_TIME'],"Ark Charter Academy School Admin Apprentice (Level 3) Location: Southsea, Portsmouth Salary: Apprentice Wage (FTE £15,016.32/ Pro Rata £12,914.04) Contract: Fixed Term Start date: 01/09/2026 End date: 31/03/2028 (or until you finish your apprenticeship) At Ark Charter Academy, we believe that exceptional support staff play a vital role in ensuring the smooth running of the school and enhancing students’ experiences. We are seeking a motivated and organised School Administrator Apprentice (Level 3) to join our team and support our busy school office. This is an exciting opportunity for someone looking to begin or develop a career in administration while completing a Level 3 Business Administration Apprenticeship. About the role: As a School Administrator Apprentice, you will provide high-quality administrative support across the school, with a particular focus on reception and front-of-house operations. You will play a key role as a first point of contact for students, staff, parents and visitors, ensuring a professional, welcoming and efficient service at all times. Alongside this, you will support a range of administrative functions across different departments, contributing to th",administration-category,"Administration, HR, data and finance",20,"[{""page"": 20, ""query"": ""Administration, HR, data and finance"", ""route"": ""administration-category""}, {""page"": 6, ""query"": ""administrator"", ""route"": ""keyword:administrator""}]",2,OK,430a60ed0beb31924088a52440ec0b54a71407052a1c7fd4c8387ac5c8a9485f
2026-08-23,Teaching Vacancies,school-administrator-loughborough-church-of-england-primary-school,https://teaching-vacancies.service.gov.uk/jobs/school-administrator-loughborough-church-of-england-primary-school,School Administrator,Loughborough Church of England Primary School,"Loughborough, East Midlands, LE11 3BY",LE11 3BY,"£20,395.00 - £20,718.00 Annually (Actual) LCC Pay Award Pending",2026-08-07,2026-08-24T12:00:00+01:00,['PART_TIME'],"We are seeking a highly organised, professional and friendly School Administrator to join our team at Loughborough CE Primary School. This is a varied and rewarding role at the heart of the school, providing essential administrative, operational and reception support to staff, pupils, parents and visitors. The successful candidate will be an excellent communicator with strong IT and organisational skills, capable of managing multiple priorities while maintaining a welcoming and efficient school office. You will play a key role in pupil administration, attendance monitoring, admissions, school communications, HR and finance processes, while supporting the day-to-day running of the school. This opportunity would suit someone who is proactive, adaptable and committed to delivering outstanding customer service in a busy educational environment. Experience of school administration and management information systems is desirable, although full training will be provided for the right candidate. If you are passionate about supporting children and families and would like to be part of a caring and dedicated school community, we would love to hear from you.",administration-category,"Administration, HR, data and finance",5,"[{""page"": 5, ""query"": ""Administration, HR, data and finance"", ""route"": ""administration-category""}, {""page"": 1, ""query"": ""administrator"", ""route"": ""keyword:administrator""}]",2,OK,83ed0bb2148507808087b18c5ed37669731f74afa261ca4df0e310b983606dd4
2026-08-23,Teaching Vacancies,school-administrator-nishkam-school-west-london,https://teaching-vacancies.service.gov.uk/jobs/school-administrator-nishkam-school-west-london,School Administrator,Nishkam School West London,"Osterley, London, TW7 5PN",TW7 5PN,"28,195.00 - 29,852.00",2026-08-03,2026-09-04T00:00:00+01:00,['FULL_TIME'],"Nishkam Schools are Sikh Schools with a multi-faith ethos that take a distinctive approach to many traditional faith schools. We are committed to academic excellence grounded in a selfless approach to life (nishkam). The Sikh dharam (faith or religious responsibility) is emphatic in respecting all faiths and not seeking converts, maximising our contribution towards a cohesive society. It has a unique multi-faith ethos and the School will reflect this by positively nurturing children of all faiths and those of no particular belief. Worshipping collectively and within specific faith groups is an innovative characteristic of the Schools, as children learn from faith, not just about faith. Nishkam Schools aim to nurture lifelong learners, confident individuals, responsible citizens and compassionate contributors to society. We have, as a trust, grown and have become a family of teachers and students that have the same attitude, respect and love for becoming better human beings and improving our minds and hearts to make a difference in our homes, community and the wider world. If global is local then we are here to show our neighbours that we can all work together and improve not only o",keyword:administrator,administrator,8,"[{""page"": 8, ""query"": ""administrator"", ""route"": ""keyword:administrator""}]",1,OK,9c6ac77c14a552c4ef0813081b482a6769628f73926100a12cfe6c0f934f4dc1
2026-08-23,Teaching Vacancies,school-administrator-president-kennedy-school-academy-coventry-west-midlands,https://teaching-vacancies.service.gov.uk/jobs/school-administrator-president-kennedy-school-academy-coventry-west-midlands,School Administrator,President Kennedy School Academy,"Coventry, West Midlands, CV6 4GL",CV6 4GL,"Grade 3 - £23,764 - £24,915 pro rata",2026-08-11,2026-09-01T23:59:00+01:00,['FULL_TIME'],"This is an exciting time to join President Kennedy School. We areseekingto appoint an excellent School Administratorto join our busy Administration TeamatPresident Kennedy Schooltoprovidea professional, efficientand effective centralised administrative support to the school. You will have a flexible and supportive approach to work and be a positive role model to pupils.",keyword:administrator,administrator,7,"[{""page"": 7, ""query"": ""administrator"", ""route"": ""keyword:administrator""}]",1,OK,6b3de123b28dbbff7cc190312bf6e55bd25ae048bc6b9a888e0c7b66bf26a7cd
2026-08-23,Teaching Vacancies,school-administrator-receptionist-ark-boulton-academy,https://teaching-vacancies.service.gov.uk/jobs/school-administrator-receptionist-ark-boulton-academy,School Administrator/Receptionist,Ark Boulton Academy,"Birmingham, West Midlands, B11 2QG",B11 2QG,"£25,583 - £28,598 per year",2026-07-22,2026-08-31T01:00:00+01:00,['FULL_TIME'],"If you are ready to add further value to our school and to work alongside a brilliant Admin team, then you will find this job extremely rewarding. The Receptionist & Administrator is a key member of the school’s front office team, acting as the first point of contact for students, parents, staff, visitors and external agencies. The postholder will provide a professional reception service while delivering comprehensive administrative support to ensure the effective day-to-day operation of the academy. The role requires excellent customer service, organisation and communication skills, together with the ability to manage multiple priorities in a busy school environment.",administration-category,"Administration, HR, data and finance",12,"[{""page"": 12, ""query"": ""Administration, HR, data and finance"", ""route"": ""administration-category""}, {""page"": 3, ""query"": ""administrator"", ""route"": ""keyword:administrator""}, {""page"": 2, ""query"": ""receptionist"", ""route"": ""keyword:receptionist""}]",3,OK,e2419f2dc2104fcdade8c4fa62f2e7471009f0fa07ac18112dac7e42c6cf6039
2026-08-23,Teaching Vacancies,school-administrator-receptionist-mayfield-chestnut,https://teaching-vacancies.service.gov.uk/jobs/school-administrator-receptionist-mayfield-chestnut,School Administrator & Receptionist - Mayfield Chestnut,Mayfield School,"Torquay, South West, TQ2 8NH",TQ2 8NH,"£25,989",2026-07-14,2026-08-30T09:00:00+01:00,['FULL_TIME'],"We are seeking a highly organised and professional School Administrator & Receptionist to join our team at Mayfield Chestnut, Brixham in the new school year. This vital role involves managing front desk operations, providing administrative support, and ensuring the smooth day-to-day functioning of the school. The successful candidate will possess excellent communication skills, be proficient in various computer applications, and demonstrate a friendly yet efficient approach to handling enquiries and administrative tasks. This paid position offers an excellent opportunity to contribute to a dynamic educational environment while developing your professional skills. Responsibilities Welcome visitors, parents, and students with a courteous and professional demeanour at the reception area Answer phone calls promptly, maintaining excellent phone etiquette Manage appointments, schedules, and student enrolments using organisational tools and software Perform data entry tasks accurately into systems such as Microsoft Office, Teams, SIMS and ParentPay Maintain filing systems and organise school documents efficiently Assist with general administrative duties including photocopying, scanning,",administration-category,"Administration, HR, data and finance",10,"[{""page"": 10, ""query"": ""Administration, HR, data and finance"", ""route"": ""administration-category""}, {""page"": 3, ""query"": ""administrator"", ""route"": ""keyword:administrator""}, {""page"": 2, ""query"": ""receptionist"", ""route"": ""keyword:receptionist""}]",3,OK,981893ab7a2dcf3323de98404567875ade352b762df113268516eebc00237107
2026-08-23,Teaching Vacancies,school-administrator-shaftesbury-school,https://teaching-vacancies.service.gov.uk/jobs/school-administrator-shaftesbury-school,School Administrator,Shaftesbury School,"Shaftesbury, South West, SP7 8ER",SP7 8ER,"£8,923.00 - £9,357.00 Annually (Actual) Grade 6, Point 6 - 9 (subject to experience)",2026-07-15,2026-09-01T09:00:00+01:00,['PART_TIME'],"Applications will be reviewed as they are submitted and an appointment may be made before the closing date, therefore an early application is encouraged. Salary: Grade 6, Point 6 - 9: £8,923- £9,357per annum (subject to experience)* Contract: Permanent, 15 hours per week, 38.4 weeks of the year (term time plus 4 inset days) *The salary quoted reflects the annual salary for the position at the time of advertising. Payment will be made in equal monthly instalments and will be adjusted at the start of employment, and again if employment ends partway through the school year, to ensure the correct salary is paid for work completed during the academic year. We are seeking a highly organised and professional School Administrator to join our busy and friendly school office. This is a varied and rewarding role at the heart of the school, supporting staff, students, and families while ensuring the smooth day-to-day running of administrative systems. You will provide high-quality reception and administrative support, coordinate key school processes, and contribute to delivering a positive and welcoming experience for all visitors. Please see the attached 'School Administrator - Role Profile'",administration-category,"Administration, HR, data and finance",21,"[{""page"": 21, ""query"": ""Administration, HR, data and finance"", ""route"": ""administration-category""}, {""page"": 6, ""query"": ""administrator"", ""route"": ""keyword:administrator""}]",2,OK,7ccd4d26bc3ce3b8f8a1b73e0043f6367f0c56b7a8e3a334e703c4eb694dda26
2026-08-23,Teaching Vacancies,school-administrator-st-budeaux-cofe-primary-academy,https://teaching-vacancies.service.gov.uk/jobs/school-administrator-st-budeaux-cofe-primary-academy,School Administrator,St Budeaux CofE Primary Academy,"Plymouth, South West, PL5 2DW",PL5 2DW,"25,989.00 - 26,403.00 FTE",2026-08-03,2026-08-28T09:00:00+01:00,['PART_TIME'],"St Budeaux CE Primary School are seeking to recruit a School Administrator for 20 hours per week, 41 weeks (term time plus 3 weeks). The hours for this role will be Monday-Friday mornings, initially 0830 - 1230 with some flexibility for the right candidate. This is a key role in the operation of the school. You will be a friendly, enthusiastic and well-organised individual who can build a rapport with pupils, parents, staff and visitors alike. This varied role covers a wide range of duties and is both challenging and highly rewarding. If you are organised, sociable and thrive on busy schedules where no two days are the same, this role could be for you and we would love to hear from you. Excellent IT skills and the ability to work to deadlines within a busy office environment is essential. For further information please contact the school on 01752 365217 or email hr@firstfederation.org.uk during the school holidays. We are committed to safeguarding and promoting the welfare of children and young people and expect all staff to share this commitment. An enhanced DBS disclosure is required for this post. Our Child Protection policy can be found on the school's website. All shortlisted",administration-category,"Administration, HR, data and finance",8,"[{""page"": 8, ""query"": ""Administration, HR, data and finance"", ""route"": ""administration-category""}, {""page"": 2, ""query"": ""administrator"", ""route"": ""keyword:administrator""}]",2,OK,bc8203e2aaa643b7511abefe2bae56756f36b93f36bd9354ab96e1be9de56e60
2026-08-23,Teaching Vacancies,school-administrator-st-christopher-s-catholic-primary-academy,https://teaching-vacancies.service.gov.uk/jobs/school-administrator-st-christopher-s-catholic-primary-academy,School Administrator,St Christopher's Catholic Primary Academy,"Wolverhampton, West Midlands, WV8 1PF",WV8 1PF,"£25,583.00 - £25,989.00 Annually (Actual)",2026-07-22,2026-09-07T09:00:00+01:00,['FULL_TIME'],"School Administrator 30 Hours Per Week Term Time Only Permanent £25,583 - £25,989 per annum pro rata Actual salary- £17,921.38- £18,205.79 Start Date - September/October 2026 St Christopher’s Catholic Primary Academy is a popular academy located in Codsall. As a school, we have strong Catholic values which are evident in all aspects of school life. We are looking to appoint a Receptionist / Admin Assistant to join our happy and forward-thinking academy. The successful candidate will work under the direction and instruction of senior staff to provide a warm, professional front-of-house welcome and efficient administrative support. The successful applicant will: Act as the first point of contact for pupils, parents, staff, and visitors, providing a welcoming and professional reception service. Assist with general office duties, including managing incoming telephone calls, responding to emails, distribution of mail, and maintaining school databases and registers. Maintain secure visitor entry protocols, monitor attendance, and help ensure the safety and welfare of children within our care. Ensure a clean, tidy, and organized reception and office environment conducive to fostering good",administration-category,"Administration, HR, data and finance",40,"[{""page"": 40, ""query"": ""Administration, HR, data and finance"", ""route"": ""administration-category""}, {""page"": 10, ""query"": ""administrator"", ""route"": ""keyword:administrator""}]",2,OK,8ec1f9988ec20ca44195d1fa8b94c6e452938ce6f182f792b6986237116e7b6d
2026-08-23,Teaching Vacancies,school-administrator-st-patrick-s-catholic-primary-school,https://teaching-vacancies.service.gov.uk/jobs/school-administrator-st-patrick-s-catholic-primary-school,School Administrator,St Patrick's Catholic Primary School,"Stafford, West Midlands, ST16 3BT",ST16 3BT,"£25,185.00 Annually (FTE) Grade 4 - Term-time, plus INSETS, plus 4 weeks",2026-07-16,2026-08-31T23:59:00+01:00,"['FULL_TIME', 'PART_TIME']","ST PATRICK'S CATHOLIC PRIMARY SCHOOL Marston Road, Stafford, Staffordshire, ST16 3BT Telephone: 01785 413275 https://www.st-patricksstafford.com ""Like Saint Patrick, we serve Christ and follow in his footsteps. In all we do, we love, learn and respect so that we share Jesus' light with everyone we meet."" ""Pupils enjoy learning and playing in St Patrick's Catholic Primary School. The distinctive Catholic ethos and values are seen in positive day-to-day relationships."" Ofsted October 2022 School Administrator Required to start: Autumn 2026 Permanent | Full-time (Part-time may be considered) Are You Ready for an Exciting New Role in a Forward-Thinking and Highly Supportive Catholic Multi-Academy Trust? Would you love to be part of a school community where both academic excellence and children's well-being are equally valued? We are excited to offer an excellent opportunity to join St Patrick's Catholic Primary School, Stafford, part of the St Gabriel the Archangel Catholic Multi-Academy Trust, as our School Administrator , starting in Autumn 2026. We are looking for a School Administrator who is: Highly Organised and Efficient - Able to prioritise a varied workload, manage competing d",keyword:administrator,administrator,4,"[{""page"": 4, ""query"": ""administrator"", ""route"": ""keyword:administrator""}, {""page"": 5, ""query"": ""administrator"", ""route"": ""keyword:administrator""}]",2,OK,8f6a6c5f6dfb438dc52f70b869e52f476709064d395f535e0f7e1414788482f2
2026-08-23,Teaching Vacancies,school-administrator-tortworth-primary-school-wotton-under-edge-gloucestershire,https://teaching-vacancies.service.gov.uk/jobs/school-administrator-tortworth-primary-school-wotton-under-edge-gloucestershire,School Administrator,Tortworth Primary School,"Wotton-under-Edge, South West, GL12 8HG",GL12 8HG,"CSET 10 £27,274 FTE. £11,968 prorated",2026-08-10,2026-08-28T09:00:59+01:00,"['FULL_TIME', 'PART_TIME']","Job title : Administrator Salary : CSET 10 £26,403 FTE. £12,363 prorated Working pattern : 19.5 hours per week. Monday to Wednesday, 8.30am - 3.30pm Working weeks : 39 weeks per year (term time only + INSET) Contract type : Permanent About the role You will play a vital role in providing professional and efficient administrative support, acting as the first point of contact to visitors. Working under the direction of the Headteacher and Primary Operations Manager, your responsibilities will include supporting the school admissions process, data inputting, and updating records. You will provide general administrative support by producing written communications, updating spreadsheets, scanning documents, and supporting the organisation of events and specific projects. The role also involves providing reception cover to meet and greet visitors while ensuring safeguarding processes are adhered to. On occasion, you may be required to assist with student supervision during break times. About you This role is ideal for someone who is organised, has great attention to detail, and wants to be part of a team in a busy school environment. Experience : You have demonstrable work experience in",administration-category,"Administration, HR, data and finance",8,"[{""page"": 8, ""query"": ""Administration, HR, data and finance"", ""route"": ""administration-category""}, {""page"": 2, ""query"": ""administrator"", ""route"": ""keyword:administrator""}]",2,OK,fea74c2bd744f6c8e20a68c10d5a8e822e1a3b4113f7f42768e8b63945f55d3a
2026-08-23,Teaching Vacancies,school-business-assistant-heath-primary-school-chesterfield-derbyshire,https://teaching-vacancies.service.gov.uk/jobs/school-business-assistant-heath-primary-school-chesterfield-derbyshire,School Business Assistant,Heath Primary School,"Chesterfield, East Midlands, S44 5RH",S44 5RH,"£25,989.00 - £26,458.00 Annually (FTE) The salary for this post is grade 6. Your commencing salary will be based on the full-time rate",2026-07-12,2026-09-03T23:59:00+01:00,"['FULL_TIME', 'PART_TIME']","Heath Primary School An exciting opportunity has arisen for an organised, proactive and highly motivated School Business Assistant to join our team at Heath Primary School. Working closely with the School Business Manager, this varied role provides administrative, financial and operational support to help ensure the smooth day-to-day running of the school. You will play an important part in supporting school business functions, maintaining effective systems and processes, and helping to ensure that staff, pupils and families receive the highest standard of service. This is an excellent opportunity for someone with strong administrative and organisational skills who enjoys working in a busy school environment and wants to make a positive difference to the lives of children. What we offer A warm, supportive and dedicated staff team A knowledgeable and engaged Governing Body A modern, well-resourced working environment Opportunities for professional development and growth A varied and rewarding role at the heart of school life The opportunity to work closely with school leaders and contribute to the continued success of the school We are looking for someone who: Has experience of admi",administration-category,"Administration, HR, data and finance",32,"[{""page"": 32, ""query"": ""Administration, HR, data and finance"", ""route"": ""administration-category""}]",1,OK,e151b63507408638f451b851f8d5f58d13c00f78cc9651045d48c8df2fbaf73d
2026-08-23,Teaching Vacancies,school-business-lead-glenfield-primary-school-leicester-leicestershire,https://teaching-vacancies.service.gov.uk/jobs/school-business-lead-glenfield-primary-school-leicester-leicestershire,School Business Lead,Glenfield Primary School,"Leicester, East Midlands, LE3 8DL",LE3 8DL,"£30,024.00 - £39,152.00 Annually (FTE) Grade 5 to Band A, Points 15 to 28 (37 Hours Per Week/All Year Round)",2026-07-07,2026-09-01T09:00:00+01:00,['FULL_TIME'],"Are you an experienced administrative or business operations professional ready to play a key role at the heart of a thriving school? We are looking for a proactive, skilled and people‑focused School Business Lead to provide strategic leadership across our business and administrative functions. This is an exciting opportunity for someone who thrives in a fast‑paced environment, enjoys improving systems, and is passionate about ensuring that every aspect of school support contributes to excellent outcomes for children. About Us: Glenfield Primary is a vibrant and inclusive primary school where children are at the centre of everything we do. We are proud of our warm, welcoming ethos and strong sense of community, where every child is supported to achieve their very best. Our dedicated staff team works collaboratively to create an environment where curiosity is encouraged, individuality is celebrated, and learning is brought to life through a rich, broad, and balanced curriculum. We place high importance on wellbeing, both for our children and our staff, and are committed to nurturing a positive, purposeful culture in which everyone can thrive. About Flying High: Flying High Partnersh",administration-category,"Administration, HR, data and finance",22,"[{""page"": 22, ""query"": ""Administration, HR, data and finance"", ""route"": ""administration-category""}]",1,OK,5105210cfdb7fd37ea060eef7eb6d0fbef7f8a2939b2f664aeb6f4adbef6a7a1
2026-08-23,Teaching Vacancies,school-business-lead-hollingwood-primary-school-chesterfield-derbyshire,https://teaching-vacancies.service.gov.uk/jobs/school-business-lead-hollingwood-primary-school-chesterfield-derbyshire,School Business Lead,Hollingwood Primary School,"Chesterfield, East Midlands, S43 2JG",S43 2JG,"£30,024.00 - £39,152.00 Annually (Actual) Grade 5 to Band A, Points 15 to 28 (37 Hours Per Week/All Year Round)",2026-06-19,2026-09-10T09:00:00+01:00,['FULL_TIME'],"Are you an experienced administrative or business operations professional ready to play a key role at the heart of two thriving schools? We are looking for a proactive, skilled and people‑focused School Business Lead to provide strategic leadership across our business and administrative functions. This is an exciting opportunity for someone who thrives in a fast‑paced environment, enjoys improving systems, and is passionate about ensuring that every aspect of school support contributes to excellent outcomes for children. About Us: Hollingwood & Poolsbrook Primary are vibrant and inclusive primary schools where children are at the centre of everything we do. We are proud of our warm, welcoming ethos and strong sense of community, where every child is supported to achieve their very best. Our federation is built on strong relationships, shared expertise, and a genuine commitment to every child’s success. As our collaboration continues to grow, our staff work seamlessly across both schools, using our strengths to create a rich and talented staff team. We are now looking for a School Business Lead to join this journey—someone who can provide strategic leadership across our business and",administration-category,"Administration, HR, data and finance",45,"[{""page"": 45, ""query"": ""Administration, HR, data and finance"", ""route"": ""administration-category""}]",1,OK,ba5750357ec518b8af30db8d74ae14f0960e2e5aadc6ded77511d544274f892f
2026-08-23,Teaching Vacancies,school-business-leader-greatfields-school,https://teaching-vacancies.service.gov.uk/jobs/school-business-leader-greatfields-school,School Business Leader,Greatfields School,"Barking, London, IG11 7QG",IG11 7QG,"£77,550.00 - £85,677.00 Annually (Actual) This role is a full time, full year role",2026-08-13,2026-09-01T23:59:00+01:00,['FULL_TIME'],"Join Our Senior Leadership Team Greatfields School is a large, inclusive and ambitious secondary school serving the diverse community of Barking. Our vision is clear: every learner known, challenged and empowered to belong, achieve and thrive. Our work is underpinned by our values of Kindness, Aspiration and Action. We are committed to creating a school where students feel known and supported, are challenged to achieve highly, and are empowered to participate fully in school and wider life. We are seeking an exceptional School Business Leader to join our Senior Leadership Team and provide strategic leadership across the business and operational functions of Greatfields Secondary School and Greatfields Primary School. As a key member of the Senior Leadership Team, the School Business Leader will work closely with the Headteacher to drive school improvement and ensure that the schools’ systems, services and processes effectively support the delivery of high-quality education for all students. What We Can Offer The opportunity to shape the future direction of a large secondary school while supporting the successful development of a growing primary school. The opportunity to make a rea",administration-category,"Administration, HR, data and finance",25,"[{""page"": 25, ""query"": ""Administration, HR, data and finance"", ""route"": ""administration-category""}]",1,OK,d67b95fe8e09be0a77eb2e9c0324cebc88fc43e33b9596178b74ae0f9681096a
2026-08-23,Teaching Vacancies,school-business-manager-2dc35396-b77a-41b8-a703-575c9daf92f9,https://teaching-vacancies.service.gov.uk/jobs/school-business-manager-2dc35396-b77a-41b8-a703-575c9daf92f9,School Business Manager,St John's Primary School,"Wallingford, South East, OX10 9AG",OX10 9AG,"£38,220.00 - £40,777.00 Annually (FTE)",2026-06-16,2026-08-31T23:59:00+01:00,['PART_TIME'],"Key Responsibilities: Financial Management: Oversee the school’s budget, ensuring financial stability and efficient allocation of resources. HR & Recruitment : Manage staffing budgets, payroll procedures and ensure HR processes are robust alongside managing the office team. Facilities and Premises Management: Ensure the school premises are well-maintained and safe for staff, students, and visitors. Administration & Compliance: Oversee administrative processes and ensure the school adheres to all relevant policies and regulations. Strategic Planning: Contribute to the long-term vision of the school, supporting the Headteacher and governors in decision-making. You will have: Proven experience in a business or finance role, ideally in a school or education setting. Strong organisational and leadership skills, with the ability to manage multiple priorities. Excellent communication and interpersonal skills, able to work with a range of stakeholders. Knowledge of financial management and budgeting in a school/academy environment (desirable). A proactive, problem-solving attitude with a hands-on approach.",administration-category,"Administration, HR, data and finance",18,"[{""page"": 18, ""query"": ""Administration, HR, data and finance"", ""route"": ""administration-category""}]",1,OK,fa452fb5a87fd6e506af25b41eadb1304a33063c1f0c50239c66ee1ba9863c03
2026-08-23,Teaching Vacancies,school-business-manager-da3a3838-8f8c-483a-8c17-8b95a56f70de,https://teaching-vacancies.service.gov.uk/jobs/school-business-manager-da3a3838-8f8c-483a-8c17-8b95a56f70de,School Business Manager,Cromer Road Primary School,"Barnet, London, EN5 5HT",EN5 5HT,"£46,512 pro rata",2026-07-08,2026-09-03T09:00:00+01:00,"['PART_TIME', 'TEMPORARY']","Key Responsibilities: The School Business Manager has a key strategic position, duties include; Financial management, budgeting, and forecasting Procurement and contract management Human resources and payroll management Health and safety compliance Facilities and premises management Line management of the school budget, premises (Site Manager), IT and administration team.",administration-category,"Administration, HR, data and finance",30,"[{""page"": 30, ""query"": ""Administration, HR, data and finance"", ""route"": ""administration-category""}]",1,OK,db530878d4c226414bc5da9f2b3ca63fdad76bb4f622bf7672a1a598ee21d0d8
2026-08-23,Teaching Vacancies,school-business-manager-f912cf2f-f9e1-442a-ab12-88a4e6edbe6a,https://teaching-vacancies.service.gov.uk/jobs/school-business-manager-f912cf2f-f9e1-442a-ab12-88a4e6edbe6a,School Business Manager,Southroyd Primary and Nursery School,"Pudsey, Yorkshire and the Humber, LS28 8AT",LS28 8AT,"£38,331.00 - £42,964.00 Annually (FTE)",2026-06-19,2026-09-04T23:59:00+01:00,"['FULL_TIME', 'PART_TIME']","School Business Manager Vacancy - Pudsey Southroyd Primary School As we shape our new way of working, we’re looking for talented individuals who can help complete our vision. To attract the right person, we’re offering genuine flexibility — this role can be full‑time, part‑time, or a job share , depending on what works best for you. Our school is unique and we are proud to offer flexible working options and a chance to make a positive impact in a dynamic primary school environment. Pudsey Southroyd is seeking to appoint a suitably experienced, highly motivated, and positive-minded School Business Manager to join our committed and friendly team. This is a key leadership role within our fantastic, forward-thinking school, offering the opportunity to make a real impact in a supportive and ambitious environment. You will work closely with the Headteacher and Governing Body to lead on all aspects of school business management, including finance, HR, health and safety, premises and site operations, and compliance. We are proud to offer: A warm, welcoming and inclusive school community where staff wellbeing is genuinely valued. An exceptional and experienced office and site team to suppor",administration-category,"Administration, HR, data and finance",36,"[{""page"": 36, ""query"": ""Administration, HR, data and finance"", ""route"": ""administration-category""}]",1,OK,b66df7d4cb9a6ece1d73a8204e1f61f16b36936cead9ebf846b6f78a7165d709
2026-08-23,Teaching Vacancies,school-business-manager-fb06354c-e52a-4d48-b4a2-2dff7115bcd9,https://teaching-vacancies.service.gov.uk/jobs/school-business-manager-fb06354c-e52a-4d48-b4a2-2dff7115bcd9,School Business Manager,Purley CofE Primary School,"Reading, South East, RG8 8AF",RG8 8AF,,2026-08-11,2026-09-01T12:00:00+01:00,['PART_TIME'],"The successful candidate will: • have experience in business, finance and resource management • have experience of preparing and monitoring budgets • have experience in personnel matters • have a good understanding of health and safety and premises management • be able to prioritise, manage a complex workload and work independently • have excellent IT skills • be methodical, well organised, trustworthy and flexible • work effectively as part of a team Applicants with experience of working in the education sector are welcome, as are those with a strong business background. This post would suit someone with relevant expertise who is looking for a flexible and rewarding role.",administration-category,"Administration, HR, data and finance",23,"[{""page"": 23, ""query"": ""Administration, HR, data and finance"", ""route"": ""administration-category""}, {""page"": 24, ""query"": ""Administration, HR, data and finance"", ""route"": ""administration-category""}]",2,OK,0c975af6a34c370effeb27b7f27b5d9874fdd8c1b32c88cd641e181b2f6e0db4
2026-08-23,Teaching Vacancies,school-business-manager-grimsdyke-school,https://teaching-vacancies.service.gov.uk/jobs/school-business-manager-grimsdyke-school,School Business Manager,Grimsdyke School,"Pinner, London, HA5 4QE",HA5 4QE,"£46,563.00 - £54,843.00 Annually (FTE)",2026-07-15,2026-09-01T23:59:00+01:00,['PART_TIME'],"Grimsdyke School is seeking to appoint an experienced, highly motivated and strategic School Business Manager to join our Senior Leadership Team. This is an exciting opportunity for an exceptional leader to play a pivotal role in shaping the future of our successful and welcoming primary school. Working closely with the Headteacher and Governing Body, you will provide strategic leadership across all aspects of the school's business operations, ensuring that resources are managed effectively to support outstanding outcomes for our children. This is a permanent, term-time only position plus two weeks, offering an excellent work-life balance while providing the opportunity to make a significant strategic impact across the school. The successful candidate will lead and manage the school's finance, human resources, payroll, administration, premises, health and safety, compliance, ICT, catering and lettings functions. You will ensure that the school operates efficiently, remains financially sustainable and fully compliant with all statutory and regulatory requirements. We are looking for someone who is: An experienced School Business Manager or business leader with strong financial and o",administration-category,"Administration, HR, data and finance",25,"[{""page"": 25, ""query"": ""Administration, HR, data and finance"", ""route"": ""administration-category""}]",1,OK,2caa2579125e3da3a23c123a424aa47f057272e11b0680628b3a9d9b50154a03
2026-08-23,Teaching Vacancies,school-business-manager-oak-green-school,https://teaching-vacancies.service.gov.uk/jobs/school-business-manager-oak-green-school,School Business Manager,Oak Green School,"Aylesbury, South East, HP21 8LJ",HP21 8LJ,"£37,772.00 - £41,272.00 Annually (FTE) Bucks Pay Range 6: £34,939 - £38,177 (Actual salary)",2026-07-16,2026-09-01T12:00:00+01:00,['PART_TIME'],"We are looking to appoint a skilled & motivated School Business Manager to join our school. The successful applicant will be responsible for the management of the school’s finance, business support, compliance and overseeing premises management. The role holder will also provide strategic and professional advice to the Senior Leadership team and Governing body. We are looking for someone with Experience of effective management of finance and resources Knowledge of school HR processes and premises management Experience of line management and developing teams High standards of confidentiality and integrity This is a fantastic opportunity to join our school during an exciting phase in our development. Oak Green school is a popular school with fantastic facilities including a MUGA. We would welcome visits to the school. Please contact us if you think this might be the job for you. If you have any questions, please email office@oakgreen.bucks.sch.uk The closing date for applications is 12pm Monday 1st September with interviews to be confirmed. The school reserves the right to appoint before the closing date for the right candidate. We are highly committed to safeguarding and promoting t",administration-category,"Administration, HR, data and finance",24,"[{""page"": 24, ""query"": ""Administration, HR, data and finance"", ""route"": ""administration-category""}]",1,OK,2387ef2c7ec24ba11fcdc9fea597836f06e1d40cf120f5c2edf9ba939c63934b
2026-08-23,Teaching Vacancies,school-business-manager-primary-st-bede-s-catholic-academy-stockton-on-tees-teesside,https://teaching-vacancies.service.gov.uk/jobs/school-business-manager-primary-st-bede-s-catholic-academy-stockton-on-tees-teesside,School Business Manager (Primary),St Bede's Catholic Academy,"Stockton-on-Tees, North East, TS19 0DW",TS19 0DW,"£30,128.55 - £32,358.52 Annually (Actual) Band 8 (spinal point 19 to spinal point 23) term time only, plus 15 days",2026-06-30,2026-09-02T23:59:00+01:00,['FULL_TIME'],"St Bede's Catholic Academy are looking to appoint a School Business Manager (Primary). This is a wonderful opportunity for a confident, experienced professional to join our wonderful school. The successful post holder will work alongside committed and like-minded colleagues, both in school and as part of the Trust's wider network of school business managers. The School Business Manager (Primary) is responsible for assisting the Headteacher with the finances, health and safety, human resources and the administration within school. They will assist with day-to-day support to enable the school to operate effectively and efficiently. Please contact the school for a tour by email: admin@stbedesstockton.bhcet.org.uk We can offer: The opportunity to be part of a dynamic and successful team Access to Local Government Pension Scheme Networking opportunities. Flexible working patterns",administration-category,"Administration, HR, data and finance",29,"[{""page"": 29, ""query"": ""Administration, HR, data and finance"", ""route"": ""administration-category""}]",1,OK,6ddabbb7106421a3a3cad63a108d1a54b53568da5027e63f2a69682e43d8e411
2026-08-23,Teaching Vacancies,school-business-manager-secondary-our-lady-st-bede-catholic-academy,https://teaching-vacancies.service.gov.uk/jobs/school-business-manager-secondary-our-lady-st-bede-catholic-academy,School Business Manager (Secondary),Our Lady & St. Bede Catholic Academy,"Stockton-on-Tees, North East, TS19 0QH",TS19 0QH,"£39,152.00 - £41,771.00 Annually (Actual)",2026-06-22,2026-09-09T23:59:00+01:00,['FULL_TIME'],"Our Lady & St. Bede Catholic Academy are looking to appoint a School Business Manager (Maternity Cover). This is a wonderful opportunity for a confident, experienced professional to join our wonderful school. The successful post holder will work alongside committed and like-minded colleagues, both in school and as part of the Trust's wider network of school business managers. This post is from September 2026 - September 2027. The School Business Manager (Secondary) is responsible for assisting the Headteacher with the finances, health and safety, human resources and the administration within school. They will assist with day-to-day support to enable the school to operate effectively and efficiently. We welcome you to visit our school for a tour - please contact Heather Duffy by email: duffyh@olsb.bhcet.org.uk We can offer: Generous 32 days annual leave entitlement The opportunity to be part of a dynamic and successful team Access to Local Government Pension Scheme Networking opportunities. Flexible working patterns",administration-category,"Administration, HR, data and finance",44,"[{""page"": 44, ""query"": ""Administration, HR, data and finance"", ""route"": ""administration-category""}]",1,OK,f7a3b7c086832171a18a3aaffb66d1fcdcb962c8120964b0e6e6237637772f09
2026-08-23,Teaching Vacancies,school-business-manager-stephenson-academy-milton-keynes-buckinghamshire,https://teaching-vacancies.service.gov.uk/jobs/school-business-manager-stephenson-academy-milton-keynes-buckinghamshire,School Business Manager,Stephenson Academy,"Milton Keynes, South East, MK14 6AX",MK14 6AX,"£40,777.00 - £47,181.00 Annually (FTE)",2026-08-03,2026-08-28T23:59:00+01:00,['FULL_TIME'],"School Business Manager Stephenson Academy provides education for students both male and female aged between 9 and 16 years. We are the local SEN provision for students with social emotional and mental health needs (SEMH). We pride ourselves on delivering a high-quality curriculum, truly individualised to meet the needs of our students, ensuring successful outcomes for all. We have a cohort of staff who are from all walks of life which has created a truly dynamic and diverse team. Stephenson Academy (part of Stephenson MK Trust are seeking a proactive, focused and dynamic School Business Manager. As School Business Manager (SBM) you will be responsible for managing the operation of the business functions of our school, including Finance, health and safety, human resources, compliance and administration. You will advise on and implement the day-to-day support that enables the school to operate effectively and efficiently, and that allows other members of the leadership team to focus on teaching and learning. You will support the Principal to ensure our school runs efficiently and effectively, so all our students have the best opportunity to reach their full potential. For more infor",administration-category,"Administration, HR, data and finance",9,"[{""page"": 9, ""query"": ""Administration, HR, data and finance"", ""route"": ""administration-category""}]",1,OK,f5115dc56c89639d761eef5a777cf0956f0380dfd71bb90c051b7bdbb07bb239
2026-08-23,Teaching Vacancies,school-business-manager-tudor-court-primary-school-grays-essex,https://teaching-vacancies.service.gov.uk/jobs/school-business-manager-tudor-court-primary-school-grays-essex,School Business Manager,Tudor Court Primary School,"Grays, East of England, RM16 6PL",RM16 6PL,Thurrock Pay Grade E - F (Point 24 - 36),2026-07-21,2026-08-28T23:59:00+01:00,['FULL_TIME'],"You will be responsible for leading the school’s business and operational functions, including: Strategic financial planning, budget management and monitoring. Human resources, recruitment and payroll administration. Premises, facilities management, health and safety and capital projects. Procurement, contracts and service level agreements. Statutory financial returns and regulatory compliance. Developing and improving business systems and operational procedures. Line management of support staff, including the premises team. Providing professional advice and guidance to the Headteacher and Governing Body on all business matters. This is a varied and rewarding role requiring excellent organisational skills, sound judgement and the ability to balance strategic thinking with day-to-day operational management.",administration-category,"Administration, HR, data and finance",10,"[{""page"": 10, ""query"": ""Administration, HR, data and finance"", ""route"": ""administration-category""}]",1,OK,a2a1814ca9e619d4c42e67048b07e2828411f192539485c9464093f107ed8955
2026-08-23,Teaching Vacancies,school-data-and-exam-support-officer,https://teaching-vacancies.service.gov.uk/jobs/school-data-and-exam-support-officer,School Data and Exam Support Officer,Stone Lodge School,"Dartford, South East, DA2 6FY",DA2 6FY,"£23,781.00 - £25,137.00 Annually (Actual)",2026-08-21,2026-09-07T09:00:00+01:00,['FULL_TIME'],"About this Role Job Title School Data and Exam Support Officer Salary Full Time Equivalent £26,300pa - £27,800pa (Actual £23,781pa - £25,137pa) Pension Employer Pension Contributions of 20.5% (LGPS) Hours 37 hours per week 41 weeks per year (term-time plus 15 days) Stone Lodge School is fully inclusive and caters for the diverse needs of its students. We have appointed highly motivated, dynamic support staff, teachers and leaders who deliver exciting learning every lesson, every day, so that all our students reach their full potential and secure first-class destinations. We are looking to appoint a School Data & Exams Support Officer to work at Stone Lodge School. Please read the attached job description and person specification for more information on this role. Career with Endeavour MAT - what we can offer you: As well as offering you a competitive salary with pay progression opportunities, you will also be working in a purpose-built setting with great facilities and with a team of talented, engaged and motivated colleagues. Our common values of respect, integrity, determination, equality of opportunity and self-management help instil a strong work ethic among staff and students",administration-category,"Administration, HR, data and finance",40,"[{""page"": 40, ""query"": ""Administration, HR, data and finance"", ""route"": ""administration-category""}]",1,OK,b8c87b547357c4acb73e73eb4ec3924fa43500e97edb19f8f0a8b43a5bf43710
2026-08-23,Teaching Vacancies,school-estate-manager-a1b43e3d-6235-42a9-8b76-35a83994f635,https://teaching-vacancies.service.gov.uk/jobs/school-estate-manager-a1b43e3d-6235-42a9-8b76-35a83994f635,School Estate Manager,Wood Green School,"Witney, South East, OX28 1DX",OX28 1DX,"£34,434.00 - £37,280.00 Annually (Actual) Grade 9",2026-07-22,2026-08-23T23:59:00+01:00,['FULL_TIME'],"Woodstock Road, Witney, Oxon, OX28 1DX Web Address: www.wgswitney.org.uk Tel: 01993 702355 Email: hrwest@acertrust.org.uk Head Teacher: Mr R W Shadbolt School Estate Manager Salary: Grade 9 Contract: Full Time, Permanent Location: Wood Green School, Witney Wood Green School is seeking an ambitious and forward-thinking School Estate Manager to lead the development of a safe, compliant and high-performing estates service. This is an opportunity to shape a new estate management strategy, develop a committed team and introduce the systems, assurance and long-term planning required to support a growing and increasingly active secondary school. Reporting to the School Operations Manager and working within the wider Business Services Team, you will combine visible leadership across the site with strong compliance, asset planning, contractor management and service improvement. You will lead through others, empowering the Site Supervisor to coordinate day-to-day operations while ensuring standards, risks and priorities are understood and effectively managed. About the role We're looking for someone who enjoys leading people, improving systems and making a visible difference. You'll provide",administration-category,"Administration, HR, data and finance",2,"[{""page"": 2, ""query"": ""Administration, HR, data and finance"", ""route"": ""administration-category""}]",1,OK,2f2b13e5395d7635fdfacf36134cfb5cce3228618db2e2d64a70a6946db86398
2026-08-23,Teaching Vacancies,school-office-administrator-askwith-primary-school,https://teaching-vacancies.service.gov.uk/jobs/school-office-administrator-askwith-primary-school,School Office Administrator,Askwith Primary School,"Otley, Yorkshire and the Humber, LS21 2HX",LS21 2HX,"£21,196",2026-07-28,2026-09-17T09:00:00+01:00,"['FULL_TIME', 'TEMPORARY']","Location: Askwith Primary School, Askwith, Otley, North Yorkshire, LS21 2HX Grade: F / SCP 11 Salary: £21,196 (based on 32.5 hours per week, term time only) Vacancy Hours: 32.5 hours (8:30am to 3.30pm, 5 days per week) Half an hour lunch break unpaid each day Contract Type: Fixed Term Contract to 31st August 2027; term time only Application closing date: 10am Thursday 17th September 2026 Visits to school: 10.30am or 2.30pm Mon 7th Sept or by appointment. Please emailaskwith@ycatschools.co.ukto book Interview date: Thursday 24th September Venue for interview: Askwith Primary School, Askwith, LS21 2HX Telephone: 01943 462896 Email:askwith@ycatschools.co.uk Headteacher: Mrs Elaine Nayler NOR: 107 Required from: Ideally Mon 19th October or if not Mon 2nd November This is a fantastic opportunity to join Askwith Primary School and Nursery — an Outstanding school with a vibrant, nurturing environment for children aged 3 to 11. We are proud of our strong, supportive community taught across four classes. Nestled in the charming village of Askwith, our smaller-than-average school has built a strong reputation for delivering high-quality education. We are seeking to appoint a School Administr",administration-category,"Administration, HR, data and finance",49,"[{""page"": 49, ""query"": ""Administration, HR, data and finance"", ""route"": ""administration-category""}, {""page"": 12, ""query"": ""administrator"", ""route"": ""keyword:administrator""}, {""page"": 4, ""query"": ""office"", ""route"": ""keyword:office""}]",3,OK,ab48dc847905d321e04c26024101218f0bc9297b0434c4f12d90efd9976fdfba
2026-08-23,Teaching Vacancies,school-office-lead,https://teaching-vacancies.service.gov.uk/jobs/school-office-lead,School Office Lead,Foxbridge Primary School,"Castle Donington, East Midlands, DE74 2SN",DE74 2SN,"£22,970.69 - £25,296.53 Annually (Actual) Grade 4 , Points 8 to 14",2026-07-30,2026-08-28T09:00:00+01:00,['FULL_TIME'],"About Us: Foxbridge Primary School is a growing one-form entry school which opened in 2022. We pride ourselves on knowing every child as an individual. Our strong sense of community ensures that every pupil is supported, cared for, and challenged to reach their full potential. We are passionate about providing an inspiring and nurturing environment where both staff and pupils are encouraged to push boundaries and strive to be the very best they can in all aspects of life. At the heart of everything we do are our positive relationships—with our children, families, and each other. We firmly believe in working in partnership to achieve the best outcomes. The Foxbridge team is a fantastic one to be part of: supportive, creative, and forward-thinking. We are continually striving to refine our practice, develop professionally, and provide outstanding learning opportunities for all pupils. About Flying High: Flying High Partnership is a thriving multi-academy trust of 38 primary schools across Derbyshire, Leicestershire, Nottingham City, and Nottinghamshire. We are driven by a shared vision to be unique, exceptional, and sustainable. Founded in 2012, we believe in the power of meaningful",administration-category,"Administration, HR, data and finance",8,"[{""page"": 8, ""query"": ""Administration, HR, data and finance"", ""route"": ""administration-category""}, {""page"": 1, ""query"": ""office"", ""route"": ""keyword:office""}]",2,OK,8246de143f1063d29f4709aadbdf3420e6c36842da4fc312a7c0e0d53b093895
2026-08-23,Teaching Vacancies,school-office-manager-st-nicholas-church-of-england-primary,https://teaching-vacancies.service.gov.uk/jobs/school-office-manager-st-nicholas-church-of-england-primary,School Office Manager,St Nicholas Church of England Primary,"Chislehurst, London, BR7 5PQ",BR7 5PQ,"£35,407.00 - £38,009.00 p.a.",2026-07-24,2026-08-30T08:00:00+01:00,['FULL_TIME'],"Our ideal candidate will: • Have experience, or a demonstrable interest in working as an Office Manager; • Have a background in education or general office work; • Have experience in managing a small team to meet a wide range of expectations and deadlines; • Understand how to multi-task effectively to meet competing demands on their time; • Be a good communicator with the ability to work independently and as part of a team; • Have practical experience of working with a wide range of stakeholders; • Have an advanced level of IT skills; • Know how to build relationships and to work as part of, and lead, a team; • Come with a friendly, helpful, caring and flexible approach; • Possess a commitment to equal opportunities; • Have an ability to maintain confidentiality in all school matters; • Enjoy the presence of children and young people.",administration-category,"Administration, HR, data and finance",10,"[{""page"": 10, ""query"": ""Administration, HR, data and finance"", ""route"": ""administration-category""}, {""page"": 1, ""query"": ""office"", ""route"": ""keyword:office""}]",2,OK,db1c91b4bf33f30e1a74a3698eaacd717241e9e54e54a9928972abeb52dd1742
2026-08-23,Teaching Vacancies,school-operations-manager-sheringham-woodfields-school-sheringham-norfolk,https://teaching-vacancies.service.gov.uk/jobs/school-operations-manager-sheringham-woodfields-school-sheringham-norfolk,School Operations Manager,Sheringham Woodfields School,"Sheringham, East of England, NR26 8ND",NR26 8ND,"£34,434 - £36,363",2026-08-03,2026-09-01T01:00:00+01:00,['FULL_TIME'],"Sheringham Woodfields School, Holt Road, Sheringham NR26 8ND 37 hours per week | Full Time | All Year Round (starting at around 7am during term time) Permanent | Scale H 28 days annual leave + Bank Holidays | Local Government Pension Interview date: Tbc - but will likely be week commencing 7th Sept 2026, tours welcome For an informal conversation about the role, please contact Matthew Smith or Annette Maconochie, via manager@sheringhamwoodfields.norfolk.sch.uk Are you an organised and proactive individual who thrives on making systems work brilliantly? We are seeking a highly motivated School Operations Manager to play a pivotal role in the smooth and effective running of our school. Working closely with the Headteacher, Business Manager and Senior Leadership Team, you will lead on staff cover arrangements, support payroll and finance processes, oversee absence management, and ensure strong operational compliance across the school. This is a varied and rewarding role at the heart of our school — ideal for someone who enjoys problem-solving, managing competing priorities, and using data and systems to drive efficiency. We are looking for someone who: · Has experience in operations,",administration-category,"Administration, HR, data and finance",20,"[{""page"": 20, ""query"": ""Administration, HR, data and finance"", ""route"": ""administration-category""}]",1,OK,20f98184ebd089f25fb9fe44a24a023f515828bb2eda5937ff625a7f32a5fd2f
2026-08-23,Teaching Vacancies,school-receptionist-cross-gates-primary-school,https://teaching-vacancies.service.gov.uk/jobs/school-receptionist-cross-gates-primary-school,School Receptionist,Cross Gates Primary School,"Leeds, Yorkshire and the Humber, LS15 7NB",LS15 7NB,Grade: Level 1 A1/B1,2026-07-29,2026-08-24T09:00:00+01:00,"['PART_TIME', 'TEMPORARY']","We are seeking to appoint a friendly, organised and professional Receptionist to become the welcoming face of our primary school. This is a fantastic opportunity for someone who enjoys working with children, parents and staff in a busy and rewarding environment. As the first point of contact for visitors, parents and telephone enquiries, you will play a vital role in creating a positive impression of our school while providing efficient administrative support to the school office. Key Responsibilities Welcome visitors, parents, pupils and contractors in a professional and courteous manner. Undertake reception duties and manage visitor sign-in, ensuring safeguarding procedures are followed for all visitors. Manage the school's reception area and telephone system. Respond to enquiries by phone, email and in person. Process incoming and outgoing post. Carry out a range of administrative duties, including photocopying, filing, emailing and forms. Support attendance administration and communication with parents where required. Deliver excellent customer service. Support pupil first aid and welfare. Maintain records. Comply with safeguarding, H&S, confidentiality and data protection. Sup",administration-category,"Administration, HR, data and finance",4,"[{""page"": 4, ""query"": ""Administration, HR, data and finance"", ""route"": ""administration-category""}, {""page"": 1, ""query"": ""receptionist"", ""route"": ""keyword:receptionist""}]",2,OK,62b9e4eed9519c06f9dfac500c01d010dcf5d37a08755cafb98a10618a450ffb
2026-08-23,Teaching Vacancies,school-receptionist-fixed-term-contract,https://teaching-vacancies.service.gov.uk/jobs/school-receptionist-fixed-term-contract,School Receptionist - Fixed Term Contract,St Laurence Church Junior School,"Birmingham, West Midlands, B31 2DJ",B31 2DJ,"£24,796.00 - £26,824.00 Annually (FTE) This is a term time only role",2026-07-14,2026-08-24T09:00:00+01:00,['FULL_TIME'],"As School Receptionist, you will be the first point of contact for children, parents, staff and visitors to site. You will play a pivotal role in supporting the administration of the school and help to ensure things run smoothly for our families and staff. Hours of work - 8.15am to 4pm Monday, Tuesday, Wednesday and Friday and 8am to 4pm on Thursdays. We can offer you: a school where together we are ‘Learning, Loving and Sharing, guided by Jesus’ a school that has a strong Christian ethos and puts children at its heart the opportunity to work with wonderful, caring and enthusiastic children a nurturing environment where positive relationships are established an opportunity to work with a happy and supportive team of staff a school that passionately believes in growing the skills and knowledge of staff a school with a truly broad curriculum that offers children fantastic opportunities an opportunity to work in a school that is part of Fioretti Trust an excellent wellbeing package St. Laurence Church Junior School is committed to safeguarding and promoting the welfare of children. We expect all staff and volunteers to share this commitment. We will ensure that our recruitment and sel",administration-category,"Administration, HR, data and finance",3,"[{""page"": 3, ""query"": ""Administration, HR, data and finance"", ""route"": ""administration-category""}, {""page"": 1, ""query"": ""receptionist"", ""route"": ""keyword:receptionist""}]",2,OK,db05d97bcbedb3bd2a5f98b0e813e322b8cdc38e195a82dd892254284e7c2c1f
2026-08-23,Teaching Vacancies,school-services-manager-gladstone-park-primary-school,https://teaching-vacancies.service.gov.uk/jobs/school-services-manager-gladstone-park-primary-school,School Services Manager,Gladstone Park Primary School,"London, London, NW10 1LB",NW10 1LB,"£32,061.00 - £42,839.00 Annually (FTE) NJC 19 - 39 (Eligible for London Weighting)",2026-07-17,2026-08-24T23:59:00+01:00,['FULL_TIME'],"Our school is proud to be part of Anthem, a multi-academy trust that creates ambitious and successful schools where every child thrives. Gladstone Park Primary School strives to enable all children to maximise their potential and develop as confident, resilient and emotionally literate individuals, fully prepared for future life. Gladstone Park Primary School provides an exciting and relevant curriculum that encourages a lifelong love of learning, within a stimulating and positive environment where children feel happy, safe and valued as individuals. About the role To lead and coordinate school-based professional services, ensuring the effective day-to-day operation of administrative and support functions across the school. The School Services Manager is the senior operational professional within the school, leading administrative services, managing support staff, and ensuring systems, processes and operational activities are delivered efficiently, effectively and in line with Trust expectations. The postholder acts as the primary operational link between the school and Anthem's central professional services teams, ensuring effective coordination, communication and consistent imple",administration-category,"Administration, HR, data and finance",5,"[{""page"": 5, ""query"": ""Administration, HR, data and finance"", ""route"": ""administration-category""}]",1,OK,573d9bf3b6fa4ce045b678f34ec501fd398d164c34bdc3359952249955a36ab1
2026-08-23,Teaching Vacancies,school-trips-administrative-support-assistant,https://teaching-vacancies.service.gov.uk/jobs/school-trips-administrative-support-assistant,School Trips & Administrative Support Assistant,Whalley Range 11-18 High School,"Manchester, North West, M16 8GW",M16 8GW,"£22,711.00 - £24,207.00 Annually (Actual) NJC Grade 4",2026-08-07,2026-08-25T12:00:00+01:00,['FULL_TIME'],"Headteacher Welcome Thank you for your interest in joining Whalley Range High School, a proud all-girls community close to the heart of Manchester. We are a school serving young women, removing barriers to learning, promoting equality and inclusion, and working in partnership with our community to ensure every student can thrive. As Headteacher, my connection to Whalley Range is both professional and personal. I began my career here as an early career teacher, and it has been a privilege to grow alongside this community. is not just an aspiration; it is our daily purpose. We believe that when young women are supported to realise their potential, they become powerful agents of change, enabling them to strengthen their communities and contribute positively to society. As part of the Greater Manchester Education Trust, our values of Excellence, Care and Respect guide every interaction and every decision. These values reflect our belief that exceptional education must go hand-in- hand with compassion, equity and a deep respect for the diverse backgrounds and experiences of our students. We serve a richly diverse community, with over half of our students eligible for pupil premium. This",administration-category,"Administration, HR, data and finance",6,"[{""page"": 6, ""query"": ""Administration, HR, data and finance"", ""route"": ""administration-category""}, {""page"": 1, ""query"": ""administrative"", ""route"": ""keyword:administrative""}]",2,OK,9c73c4557d562a665cdfd94f51361129ada93504149e7451ad642036e9eb6555
2026-08-23,Teaching Vacancies,secretary-fleggburgh-cofe-primary-school-great-yarmouth-norfolk,https://teaching-vacancies.service.gov.uk/jobs/secretary-fleggburgh-cofe-primary-school-great-yarmouth-norfolk,Secretary,Fleggburgh CofE Primary School,"Great Yarmouth, East of England, NR29 3AG",NR29 3AG,£15.06 - £16.07 per hour,2026-07-16,2026-09-07T01:00:00+01:00,['PART_TIME'],"Part of the Neatishead, Salhouse and Fleggburgh Federation Tel: 01493 369283 Email: office@fleggburgh.norfolk.sch.uk Website: http://www.fleggburgh.org.uk Executive Head Teacher: Hayley Sonnex Salary – Scale F, £15.06 - £16.07 per hour Permanent Part Time 1 day, 6.5 hours per week (Thu) increasing to 19.5 hrs/wk (3 days from January 2027) Term time plus 1 week We wish to appoint a Secretary to join our successful school We are looking for someone who will; To provide an efficient and effective secretarial service to the Headteacher and other teaching staff. To assist the Headteacher with the school’s administrative, financial and clerical functions in providing a high standard of administration within the school. To control the school’s administrative and financial information systems, ensuring that these functions support the management of the school in an efficient and effective manner. Assist with the planning and development of support services, policies and procedures within the school and particularly those services that reduce the administrative workload of teaching staff in the school. Assist in the preparation of financial budgets and liaise with the external finance servi",administration-category,"Administration, HR, data and finance",38,"[{""page"": 38, ""query"": ""Administration, HR, data and finance"", ""route"": ""administration-category""}]",1,OK,4b7217b81762597f8ec78d4aae594c69b35e380403c3c5975b49c8e2b4285aee
2026-08-23,Teaching Vacancies,sen-administrative-assistant-9f0c4fa6-782a-4d62-be80-5a33930422aa,https://teaching-vacancies.service.gov.uk/jobs/sen-administrative-assistant-9f0c4fa6-782a-4d62-be80-5a33930422aa,SEN Administrative Assistant,Cuddington Community Primary School,"Worcester Park, South East, KT4 7DD",KT4 7DD,"£13,891.00 - £15,113.00 Annually (FTE) Partnership Grade 5 (£27,782pa - £30,226pa FTE)",2026-04-29,2026-08-31T23:59:00+01:00,['PART_TIME'],"20 hours per week (term-time plus 2 weeks)- Monday to Friday afternoons (Can be negotiated within reason) Salary: £13,891 per annum to £15,113 per annum (based on working arrangements) We are looking for a motivated individual who is ready to make a real difference in the lives of our students. The successful candidate will support the SENCO and Intervention Lead with administrative support, ensuring the school’s SEN provision is compliant with SEND Code of Practice. This is a fixed term role until 24 July 2027. Key Responsibilities include : To liaise with any specialists, outside agencies and any other professionals to ensure provision is in place and recorded. Support communication between the SENCO and class teachers, teaching assistants and leadership teams. To be the point of contact between the school and Surrey Case Officers. To support the SENCO with Key Stage transfers and pupil place requests from Surrey Case Officers. To provide administrative support to the staff team by providing centralised administration of the Annual Review process. Liaising with outside agencies to arrange meetings and co-ordinate agency timetable to ensure pupils receive allocated hours on Educat",administration-category,"Administration, HR, data and finance",16,"[{""page"": 16, ""query"": ""Administration, HR, data and finance"", ""route"": ""administration-category""}, {""page"": 1, ""query"": ""administrative"", ""route"": ""keyword:administrative""}]",2,OK,fd1a3ea5a9146db152c955b75f3fdb7df85d3045be8af4f01ac471710aa1051a
2026-08-23,Teaching Vacancies,send-administrative-assistant-westfield-school-sheffield,https://teaching-vacancies.service.gov.uk/jobs/send-administrative-assistant-westfield-school-sheffield,SEND Administrative Assistant,Westfield School,"Sheffield, Yorkshire and the Humber, S20 1HQ",S20 1HQ,"£26,403.00 - £28,598.00 Annually (FTE) Grade 4 SCP 7 - 12 (Actual salary £22,709 - £24,597)",2026-07-22,2026-08-31T23:59:00+01:00,['FULL_TIME'],"We are currently seeking to appoint a SEND Admin Assistant to join the busy administration team at Westfield School. The role will mainly focus on providing admin support to the SEND teams but may also include support to pastoral, safeguarding and inclusion teams. The role includes arranging parental meetings, maintaining student records, filing and note taking in meetings. The role is also required to support some data admin requirements across the school. The successful applicant will need to understand the language of SEND admin, be able to demonstrate strong organisation skills, excellent communication skills and be confident in a range of admin duties. We are looking for someone who: Is highly organised Has a range of experience working in an admin environment Is confident on the telephone Has excellent communication and inter-personal skills Has good SEND knowledge and familiar with SEND paperwork We are looking for someone with a genuine desire to improve the life chances and academic outcomes of young people. Candidates must have strong communication skills and be flexible, resilient, and nurturing towards students. If you want to work in an inspiring, fully inclusive envir",keyword:administrative,administrative,1,"[{""page"": 1, ""query"": ""administrative"", ""route"": ""keyword:administrative""}]",1,OK,a3a9ca7761af431d21b6e8548e056d02a28cc8fc3bc50954cc4b746d3bc2131b
2026-08-23,Teaching Vacancies,send-administrator-access-arrangements-support-assistant,https://teaching-vacancies.service.gov.uk/jobs/send-administrator-access-arrangements-support-assistant,SEND Administrator & Access Arrangements Support Assistant,Perins School,"Alresford, South East, SO24 9BS",SO24 9BS,"£25,126.00 - £26,244.00 Annually (FTE) Actual salary £17,020 - £17,735 per annum",2026-08-14,2026-09-09T23:59:00+01:00,['PART_TIME'],"We are looking to recruit a SEND Administration Assistant with excellent IT skills and strong interpersonal skills to assist our SEND team. We would love to hear from you if you are a calm, reliable, helpful person who can cope under pressure, can multi-task and can work accurately and cheerfully, despite being interrupted often. The successful candidate will be warm, friendly, enthusiastic, flexible and pro-active. You must be able to use your own initiative, able to work independently and as part of a team. You should enjoy working with children and be able to relate well to both students and adults and want to make a difference to the lives of our young people. Perins School offers a supportive and rewarding work environment, with opportunities for professional development and growth. Employees benefit from free use of the gym at Perins School, access to an Employee Assistance Programme, membership of the Local Government Pension Scheme and discounts at Perins Preschool and the Sun Hill Junior School Breakfast and Afterschool Club. We reserve the right to close this vacancy early if we receive sufficient applications for the role. Therefore, if you are interested, please submit",administration-category,"Administration, HR, data and finance",44,"[{""page"": 44, ""query"": ""Administration, HR, data and finance"", ""route"": ""administration-category""}, {""page"": 11, ""query"": ""administrator"", ""route"": ""keyword:administrator""}]",2,OK,aae779ffd2a38e77fe890bc5f28aff65009eb79e6df4f104afa3d68cefed1abb
2026-08-23,Teaching Vacancies,send-administrator-aston-academy-sheffield-south-yorkshire,https://teaching-vacancies.service.gov.uk/jobs/send-administrator-aston-academy-sheffield-south-yorkshire,SEND Administrator,Aston Academy,"Sheffield, Yorkshire and the Humber, S26 4SF",S26 4SF,"£23,199.00 - £23,315.00 Annually (Actual) Band D Points 6 - 7. Based on full time salary of £26,340 - £26,472 - pay award pending. (plus an additional 1 week of pay if the appointee has 5 years or more continuous service with the Local Authority)",2026-07-10,2026-09-10T23:59:00+01:00,['FULL_TIME'],"Aston Community Education Trust are a forward thinking and ambitious multi-academy trust, comprising of three secondary academies and nine junior academies across the Rotherham, Sheffield and North Derbyshire areas. We are seeking to appoint an enthusiastic, conscientious and experienced SEND Administrator to join the SEND and Inclusion Team at Aston Academy. The successful candidate will: Coordinate all administration throughout the school in relation to SEND students and student Education, Health and Care Plans (EHCPs) and the Annual Review Process Provide administrative support to the SENDCO, Assistant SENDCOs and Pastoral Support team Provide support to the administration team when needed Be committed to supporting the aims of the academy Candidates considering this post are welcome to have an informal discussion about the role, and visits to the academy are warmly encouraged. If you wish to do so, please contact Sue Torry at sue.torry@astonacademy.org. Safeguarding ACET is committed to safeguarding and promoting the welfare of children and young people and expects all staff and volunteers to share this commitment. All applicants should read our safeguarding Policy and Safer Re",administration-category,"Administration, HR, data and finance",45,"[{""page"": 45, ""query"": ""Administration, HR, data and finance"", ""route"": ""administration-category""}, {""page"": 11, ""query"": ""administrator"", ""route"": ""keyword:administrator""}]",2,OK,8c25e78117088af14bae10bc184a17ad1818a771403b5ae5bbec716c55d287f1
2026-08-23,Teaching Vacancies,send-administrator-houlton-school,https://teaching-vacancies.service.gov.uk/jobs/send-administrator-houlton-school,SEND Administrator,Houlton School,"RUGBY, West Midlands, CV23 1ED",CV23 1ED,"NJC07 £24,294.00 – NJC11 £25,979.00 FTE Actual Salary: £20,779.00 to £22,220.00",2026-08-17,2026-09-01T09:00:00+01:00,['FULL_TIME'],"First and foremost, you are an experienced administrative professional or have other relevant administrative support experience. You will possess exceptional organisation skills, be thorough with an attention to detail; you will have a warm and welcoming demeanor, presenting yourself with confidence and approachability. You will have a natural ability to problem solve and to pre-empt the needs of others. You thrive in an innovative working environment, build highly effective relationships, and show sensitivity towards the needs of others within an educational environment. Above all, at your core is a strong moral purpose to provide the best daily deal for all stakeholders, but especially for the children and young people whom we serve.",administration-category,"Administration, HR, data and finance",22,"[{""page"": 22, ""query"": ""Administration, HR, data and finance"", ""route"": ""administration-category""}, {""page"": 6, ""query"": ""administrator"", ""route"": ""keyword:administrator""}]",2,OK,28fd004090aec611ed970833df36ac874ca2986db2f3c58858321c32f03f6835
2026-08-23,Teaching Vacancies,send-administrator-swavesey-village-college,https://teaching-vacancies.service.gov.uk/jobs/send-administrator-swavesey-village-college,SEND Administrator,Swavesey Village College,"Cambridge, East of England, CB24 4RS",CB24 4RS,"£12,564.75 - £13,609.32 Annually (Actual) £26,403 - £28598 FTE Grade 6, Points 7 - 12 on the Meridian Trust Support Staff Salary Scale",2026-07-17,2026-09-08T09:00:00+01:00,['PART_TIME'],"Vacancy for SEND Administrator Salary: Meridian Trust Grade 6, Points 7-12 Hours: 21 per week. Term Time plus 2 training days. Fixed Term (Maternity Cover) until 31st August 2027 We have an exciting opportunity for a SEND Administrator to join our team! You will play a key role in the Special Educational Needs department through providing expert support of administrative and data systems across the SENDV team. The opportunity Prepare and maintain MIS marksheets to enable support staff to record student assessments. Provide valuable support to the SENDV team. Maintain and update all aspects of student personnel data in SENDV. Collate, analyse and interpret assessment data, including auditing data for accuracy and investigating anomalies. The ideal candidate Level 2 Teaching Assistant qualification or willingness to work towards this. Possesses outstanding communication skills and can work well in teams. Has a thorough understanding of child protection and safeguarding issues. A good understanding of the SEND code of practice. About Swavesey Village College - Swavesey Village College was judged to be Outstanding in all categories by Ofsted in May 2024. Ofsted report that ‘Swavesey Vi",administration-category,"Administration, HR, data and finance",43,"[{""page"": 43, ""query"": ""Administration, HR, data and finance"", ""route"": ""administration-category""}, {""page"": 10, ""query"": ""administrator"", ""route"": ""keyword:administrator""}]",2,OK,633c42205c151a68a8c9a7e4cd8269b0468097088805b6ed6f211575d906f789
2026-08-23,Teaching Vacancies,send-exam-access-arrangements-administrator,https://teaching-vacancies.service.gov.uk/jobs/send-exam-access-arrangements-administrator,SEND & Exam Access Arrangements Administrator,The North Halifax Grammar School,"Halifax, Yorkshire and the Humber, HX2 9SU",HX2 9SU,"£24,939.00 - £29,387.00 Annually (Actual) Term time plus 5 days",2026-07-17,2026-09-03T12:00:00+01:00,['FULL_TIME'],,administration-category,"Administration, HR, data and finance",31,"[{""page"": 31, ""query"": ""Administration, HR, data and finance"", ""route"": ""administration-category""}, {""page"": 8, ""query"": ""administrator"", ""route"": ""keyword:administrator""}]",2,OK,4ae1baec6f4ee87986d1180a30b3337b49c7a1652bfdc0175829f0de71695fae
2026-08-23,Teaching Vacancies,senior-administration-assistant-frome-vale-academy,https://teaching-vacancies.service.gov.uk/jobs/senior-administration-assistant-frome-vale-academy,Senior Administration Assistant,Frome Vale Academy,"Bristol, South West, BS16 2QS",BS16 2QS,"Actual Annual Salary: £20,698 - £22,313",2026-08-18,2026-09-01T23:59:59+01:00,"['FULL_TIME', 'PART_TIME']","Job Title: Senior Administration Assistant Actual Annual Salary: £20,698 - £22,313 Based on hours and weeks worked. Full Time Equivalent Salary: £29,812 - £32,138 (CLF Grade C) Based on 37 hours per week, All year round. Contract Type: Permanent Hours: Part Time, 30 hours per week, Monday to Friday, Term Time Only plus inset days Working Pattern: The successful applicant will be expected to work five days each week. Flexible working arrangements can be considered regarding the working pattern across these days, subject to operational requirements Provisional Start Date: October 2026 Do you have excellent organisational and administrative skills and enjoy working in a busy school environment? Frome Vale Academy is seeking a proactive and highly organised Senior Administration Assistant to join our friendly team on a permanent, part-time basis. You will play a key role in providing high-quality administrative, clerical and organisational support across the academy, helping to ensure the smooth and efficient running of our day-to-day operations. This varied role involves working closely with staff, pupils, parents and external stakeholders, supporting a range of academy processes and",administration-category,"Administration, HR, data and finance",26,"[{""page"": 26, ""query"": ""Administration, HR, data and finance"", ""route"": ""administration-category""}]",1,OK,cec2822b3aad686203228f28a7fed11598625862e47ab503c763a7a631250bca
2026-08-23,Teaching Vacancies,senior-administration-assistant-send,https://teaching-vacancies.service.gov.uk/jobs/senior-administration-assistant-send,Senior Administration Assistant (SEND),Kingsmead Academy,"Taunton, South West, TA4 2NE",TA4 2NE,"£26,837 - £28,931 (CLF Grade C)",2026-08-10,2026-09-21T23:59:59+01:00,['FULL_TIME'],"Job Title: Senior Administration Assistant (SEND) Actual Annual Salary: £26,837 - £28,931 Based on hours and weeks worked. Full Time Equivalent Salary: £29,812 - £32,138 (CLF Grade C) Based on 37 hours per week, All year round. Contract Type: Permanent / 37 hours per week / Term Time Only + INSET days + 2 weeks Provisional Start Date: October 2026, subject to pre employment checks Do you have excellent administrative skills and a keen interest in supporting students with Special Educational Needs and Disabilities (SEND)? Kingsmead Academy is seeking a Senior Administration Assistant to join its supportive and busy team. This role is a key part of the administration function, with a specific focus on supporting the SENDCo and the SEND department. You will provide comprehensive administrative support, including maintaining accurate SEND records and databases, coordinating EHCP applications and annual reviews, preparing documentation for meetings, and liaising with parents, staff, the Local Authority, and external professionals. The role also involves monitoring statutory deadlines to ensure compliance with SEND legislation, supporting the management of SEND resources and budget track",administration-category,"Administration, HR, data and finance",51,"[{""page"": 51, ""query"": ""Administration, HR, data and finance"", ""route"": ""administration-category""}]",1,OK,e2ef416884654f5754753dc6d133c310ea638adad699077b63c0b33e367c6f95
2026-08-23,Teaching Vacancies,senior-administration-assistant-the-portsmouth-academy,https://teaching-vacancies.service.gov.uk/jobs/senior-administration-assistant-the-portsmouth-academy,Senior Administration Assistant,The Portsmouth Academy,"Portsmouth, South East, PO1 5PF",PO1 5PF,"TSAT Pay Group 3 pro rata to £23,701 - £27,506 for hours and weeks stated (£26,866 - £31,179 FTE)",2026-07-24,2026-09-01T23:59:00+01:00,['FULL_TIME'],"The Portsmouth Academy is seeking to appoint a highly organised, proactive and personable Senior Administration Assistant to join our busy school office team. This is a varied role offering the opportunity to make a real difference to the day-to-day running of the school while providing an outstanding service to pupils, parents/carers, staff and visitors.You will play a key role in supporting school communications, administration, finance and events ensuring the school operates efficiently and professionally. Key Responsibilities: Managing school communications, including the website, newsletters, social media and marketing content Providing high-quality administrative support to the Senior Leadership Team and Executive Assistant/Office Manager Coordinating school events, open evenings, trips and whole-school communications Supporting Financial administration including school trips, online payments and banking Maintaining school systems, calendars, records and GDPR compliance Acting as first point of contact for parents, visitors, staff and external agencies helping to deliver excellent customer service About You: Previous administration experience ideally within a busy office or s",administration-category,"Administration, HR, data and finance",25,"[{""page"": 25, ""query"": ""Administration, HR, data and finance"", ""route"": ""administration-category""}, {""page"": 26, ""query"": ""Administration, HR, data and finance"", ""route"": ""administration-category""}]",2,OK,7135e780724d7b8bfeda7eac7d55c93a879d6ffbfdf033708b99d3f5fd6923c2
2026-08-23,Teaching Vacancies,senior-administrative-officer-15-hours-ulceby-cofe-primary-school,https://teaching-vacancies.service.gov.uk/jobs/senior-administrative-officer-15-hours-ulceby-cofe-primary-school,Senior Administrative Officer (15 hours) - Ulceby CofE Primary School,Ulceby St Nicholas Church of England Primary School,"Ulceby, Yorkshire and the Humber, DN39 6TB",DN39 6TB,,2026-07-21,2026-09-06T12:00:00+01:00,['PART_TIME'],"The successful candidate will be responsible for ensuring that the school back-office functions effectively. This support extends to managing the office and administrative functions, ICT services and day to day operation of the school. To provide a full range of administrative and finance support to the School. Key Tasks and Responsibilities Responsible for the management of the Bromcom system and administration ensuring both pupil and personnel records are updated and correct. Prepare Census information and upload within set timescales. Responsible for overseeing the accurate the inputting and recording of payroll information as well as the preparation of paperwork for the payroll provider as required to ensure legislative compliance. Checking payroll outputs and reports to ensure accurate pay records. Management of the online cashless payment system. Liaise with third party suppliers, e.g. Supply agencies, catering providers as required. Oversee and support the roles and responsibilities of administration and clerical staff. This will include line management. Ensuring that all financial systems and processes operating within the School are in accordance with the LAAT Finance Poli",administration-category,"Administration, HR, data and finance",36,"[{""page"": 36, ""query"": ""Administration, HR, data and finance"", ""route"": ""administration-category""}, {""page"": 3, ""query"": ""administrative"", ""route"": ""keyword:administrative""}]",2,OK,d6a2049c6de154153db37187f6565d30b4ef4cfa7a1582346d0fac29264ea304
2026-08-23,Teaching Vacancies,senior-administrative-officer-b59b5f04-d0f8-4bf4-90be-32c5ddf40c75,https://teaching-vacancies.service.gov.uk/jobs/senior-administrative-officer-b59b5f04-d0f8-4bf4-90be-32c5ddf40c75,Senior Administrative Officer,Blanche Nevile School,"London, London, N10 1NJ",N10 1NJ,"£40,182 to £42,060 (2026-27 pay award pending)",2026-08-17,2026-08-31T09:00:00+01:00,['FULL_TIME'],"Strong problem-solving capabilities, enthusiasm and excellent interpersonal skills The ability to adapt quickly and juggle multiple tasks in a fast-paced environment The experience to undertake this interesting and varied administrative role, which plays an integral part in the smooth running of the school Excellent Microsoft Office skills (Word, Excel, Outlook), with the ability to learn and work with a variety of other software platforms Experience of working in an administrative role in an education setting Experience of managing a team Efficiency and organisational skills A commitment to equal opportunities BSL skills or a willingness to learn",keyword:administrative,administrative,1,"[{""page"": 1, ""query"": ""administrative"", ""route"": ""keyword:administrative""}]",1,OK,9ccc4a7e59b76adebaf223da5f38d0476c7e1868e8415c27427e828aaa6922ee
2026-08-23,Teaching Vacancies,senior-administrative-officer-lincoln-anglican-academy-trust,https://teaching-vacancies.service.gov.uk/jobs/senior-administrative-officer-lincoln-anglican-academy-trust,Senior Administrative Officer,Lincoln Anglican Academy Trust,"Ruskington, NG34 9DL",NG34 9DL,"Grade 5, 12-15 £28,155.00 - £31,015.00 FTE",2026-07-23,2026-08-31T12:00:00+01:00,['PART_TIME'],"The successful candidate will be responsible for ensuring that the school back-office functions effectively. This support extends to managing the office and administrative functions, ICT services and day to day operation of the school. To provide a full range of administrative and finance support to the School. Key Tasks and Responsibilities Responsible for the management of the Bromcom system and administration ensuring both pupil and personnel records are updated and correct. Prepare Census information and upload within set timescales. Responsible for overseeing the accurate the inputting and recording of payroll information as well as the preparation of paperwork for the payroll provider as required to ensure legislative compliance. Checking payroll outputs and reports to ensure accurate pay records. Management of the online cashless payment system. Liaise with third party suppliers, e.g. Supply agencies, catering providers as required. Oversee and support the roles and responsibilities of administration and clerical staff. This will include line management. Ensuring that all financial systems and processes operating within the School are in accordance with the LAAT Finance Poli",administration-category,"Administration, HR, data and finance",14,"[{""page"": 14, ""query"": ""Administration, HR, data and finance"", ""route"": ""administration-category""}, {""page"": 1, ""query"": ""administrative"", ""route"": ""keyword:administrative""}]",2,OK,fcd0d5f9498c3e78b2bf3963ecc77d5f92ac11b6f77c1c7e18778094f40cd8a6
2026-08-23,Teaching Vacancies,senior-administrator-bobby-moore-academy-london,https://teaching-vacancies.service.gov.uk/jobs/senior-administrator-bobby-moore-academy-london,Senior Administrator,Bobby Moore Academy,"London, London, E20 2AE",E20 2AE,"£32,442.00 - £32,442.00 Annually (FTE) Inner London NJC 08 - £32,442 FTE, £28,496 pro rata",2026-05-20,2026-08-23T23:59:00+01:00,['FULL_TIME'],"This is an important role to support the Academy Operations Manager across the Academy. The role holder will be responsible for leading non-educational functions of the Academy including Administration, Finance and Compliance, in accordance with Trust policy and procedures. You will ensure the administrative and organisational activities within the academy are effectively and efficiently maintained and provide excellent service to the overall running of the academy. This will include, but not exhaustive, the following: To act as the main support for the Primary Principal including diary management and business support. Provide administrative support to Head of Secondary, dealing with confidential and sensitive issues, including coordination and note taking of confidential meetings. Undertake analysis and interpret data as requested by Primary Principal /Academy Operations Manager. To support the Primary Principal / Leadership Team to coordinate events including Open / Parent Evenings etc. To support the wider staff team as appropriate. To type letters, reports, records as requested and preparing files for meetings. To undertake general administration of duties such as printing, sca",administration-category,"Administration, HR, data and finance",2,"[{""page"": 2, ""query"": ""Administration, HR, data and finance"", ""route"": ""administration-category""}, {""page"": 1, ""query"": ""administrator"", ""route"": ""keyword:administrator""}]",2,OK,11d04814ca002bc5a2f490f8a9c2af188ef142253e021203463344b24e2d6025
2026-08-23,Teaching Vacancies,senior-administrator-braeburn-primary-and-nursery-academy-scarborough-north-yorkshire,https://teaching-vacancies.service.gov.uk/jobs/senior-administrator-braeburn-primary-and-nursery-academy-scarborough-north-yorkshire,Senior Administrator,Braeburn Primary and Nursery Academy,"Scarborough, Yorkshire and the Humber, YO11 3LG",YO11 3LG,"£27,790.00 - £29,542.00 Annually (FTE) Please note this role is part year, working term time only for 39 weeks per year. The salary will be pro-rata to reflect hours / weeks worked",2026-08-11,2026-09-11T23:59:00+01:00,['FULL_TIME'],"Senior Administrator Location: Hours: Salary: £27,790 - £29,542 Actual salary: Prorata 39 weeks + 6 weeks paid holiday per year Contract: Permanent Are you an experienced and organised Senior Administrator with a keen eye for detail? Or are you looking to take the next step in your career. Looking to work somewhere where you will make a real difference to the lives of children and their communities? About us At Ebor Academy Trust we believe we are one school with many sites, we believe in helping our children to achieve the very best outcomes while feeling inspired and supported to achieve their very best. We are looking for a Senior Administrator who is highly competent in running a school office and will closely with our Operational Business Partners to provide smooth and efficient administration support to the school. About you As a Senior Administrator in a school office you will, Be a confident in using a wide range of IT systems - full training will be provided Have strong communication skills Be a welcoming first point of contact with the school, whether this is in person or over the telephone Have the ability to manage your work load and support the admin team efficiently H",administration-category,"Administration, HR, data and finance",46,"[{""page"": 46, ""query"": ""Administration, HR, data and finance"", ""route"": ""administration-category""}, {""page"": 11, ""query"": ""administrator"", ""route"": ""keyword:administrator""}]",2,OK,8134c48e78db27ccd363ae63323db1283c21a40938981f2ce24da1b0d47c42bd
2026-08-23,Teaching Vacancies,senior-administrator-fountain-primary-school-leeds-west-yorkshire,https://teaching-vacancies.service.gov.uk/jobs/senior-administrator-fountain-primary-school-leeds-west-yorkshire,Senior Administrator,Fountain Primary School,"Leeds, Yorkshire and the Humber, LS27 0AW",LS27 0AW,"£21,043.00 - £22,429.00 Annually (Actual)",2026-07-22,2026-09-14T09:00:00+01:00,['FULL_TIME'],"Senior Administrator Salary scale - National Joint Council Scale Point 7 to 11 (actual salary £21,043 to £22,429) 35 hours per week term time only plus five days 8.30am to 4.00pm Monday to Friday Fountain Primary are seeking to appoint an enthusiastic, adaptable and highly motivated Senior Administrator to join our team. Fountain Primary is a good, two form entry school in Morley, Leeds. We are proud to be a part of Owlcotes Multi Academy Trust. Our most recent inspection states: ‘Leaders, including governors, have a clear vision for the school based on high aspirations for all pupils. They have thought hard about making the curriculum interesting and engaging, and have made sure that it is well planned across all subjects.’ (OFSTED Nov 21) The successful applicant will be someone who: is able to work independently and as part of a team can communicate clearly with children, parents, carers and stakeholders can work efficiently and meet deadlines as required We are proud to offer you: A supportive leadership team Excellent training opportunities Fantastic children and a supportive school community An experienced and supportive administration team. Closing date for applications: Mon",administration-category,"Administration, HR, data and finance",48,"[{""page"": 48, ""query"": ""Administration, HR, data and finance"", ""route"": ""administration-category""}, {""page"": 11, ""query"": ""administrator"", ""route"": ""keyword:administrator""}]",2,OK,1e56d05f0d338e4df164a61bd7dc0754c115116ef65565baa84fd343c3b8fc6d
2026-08-23,Teaching Vacancies,senior-administrator-hr-maternity-cover,https://teaching-vacancies.service.gov.uk/jobs/senior-administrator-hr-maternity-cover,SENIOR ADMINISTRATOR (HR) (Maternity Cover),Yardleys School,"Birmingham, West Midlands, B11 3EY",B11 3EY,"NJC Grade 4 £34,434 – £41,771 FTE, Term-time only plus five days of school holidays, Actual salary £30,998 - £37,603 p.a.",2026-08-20,2026-09-03T09:00:00+01:00,['FULL_TIME'],"Yardleys School SENIOR ADMINISTRATOR (HR) (Maternity Cover) NJC Grade 4 £34,434 - £41,771 FTE Term-time only plus five days of school holidays Actual salary £30,998 - £37,603 p.a. Required as soon as possible “Yardleys School is a unique and special place.” * Yardleys is a thriving, vibrant and heavily oversubscribed 11-16 multi-ethnic stand-alone academy in Birmingham, with 928 students on roll. The diversity of the school population reflects the rich, cultural mix of the local area. The school is highly focused on raising standards of pupil achievement through a broad and balanced curriculum and students make excellent progress. The school motto “Working together for a better future” is far more than just words. The collaborative ethos which permeates the school is at the heart of our success. Excellent student behaviour and an extremely well organised school provide the foundation for teachers to focus on delivering outstanding lessons and continuously improving their practice. We pride ourselves on offering all students the opportunity to develop the knowledge and skills needed to be successful global citizens. This is an exciting opportunity to join our support staff team on m",administration-category,"Administration, HR, data and finance",30,"[{""page"": 30, ""query"": ""Administration, HR, data and finance"", ""route"": ""administration-category""}, {""page"": 8, ""query"": ""administrator"", ""route"": ""keyword:administrator""}]",2,OK,333cb1035351af1f5854a83c86b3e325523ae22a05909b092cfda087e165f1b9
2026-08-23,Teaching Vacancies,senior-administrator-st-james-academy,https://teaching-vacancies.service.gov.uk/jobs/senior-administrator-st-james-academy,Senior Administrator,St James Academy,"Walsall, West Midlands, WS8 6AE",WS8 6AE,"£23,441.00 - £26,682.00 Annually (FTE)",2026-07-21,2026-08-31T23:59:00+01:00,['FULL_TIME'],"Under the guidance of the senior leadership team, you will be responsible for undertaking administrative, financial and organisational processes within the school. Assist with the planning and development of support service. Please see the job description for more details!",administration-category,"Administration, HR, data and finance",18,"[{""page"": 18, ""query"": ""Administration, HR, data and finance"", ""route"": ""administration-category""}, {""page"": 19, ""query"": ""Administration, HR, data and finance"", ""route"": ""administration-category""}, {""page"": 6, ""query"": ""administrator"", ""route"": ""keyword:administrator""}]",3,OK,0fad2d21d1d181e28853fc6c4ab9ce9789be1d97375807c429e4a402d9643902
2026-08-23,Teaching Vacancies,senior-clerical-assistant-598f1f7d-7f62-4080-ba2f-598a194bcbae,https://teaching-vacancies.service.gov.uk/jobs/senior-clerical-assistant-598f1f7d-7f62-4080-ba2f-598a194bcbae,Senior Clerical Assistant,"St Mary's CofE Primary School, Deane","Bolton, North West, BL3 4QP",BL3 4QP,"£11,563 - £11,746",2026-07-03,2026-09-01T12:00:00+01:00,['PART_TIME'],"The candidate needs to have: the ability to work independently and as part of an effective team. be adaptable, self-motivated and well organised. literate and numerate. excellent communication and interpersonal skills as well as a positive approach to working effectively with all members of the school community. the ability to work under pressure and meet deadlines. be prepared to contribute to all aspects of school life. to work within and uphold the ethos of our school.",administration-category,"Administration, HR, data and finance",24,"[{""page"": 24, ""query"": ""Administration, HR, data and finance"", ""route"": ""administration-category""}]",1,OK,f7ba3023a796353fd8427cd95478504c2f612a2c03f57b67fbe5f4255fc12c88
2026-08-23,Teaching Vacancies,senior-clerical-assistant-st-mary-s-cofe-primary-school-deane,https://teaching-vacancies.service.gov.uk/jobs/senior-clerical-assistant-st-mary-s-cofe-primary-school-deane,Senior Clerical Assistant,"St Mary's CofE Primary School, Deane","Bolton, North West, BL3 4QP",BL3 4QP,,2025-10-30,2026-09-01T12:00:00+01:00,['PART_TIME'],"the ability to work independently and as part of an effective team. be adaptable, self-motivated and well organised. literate and numerate. excellent communication and interpersonal skills as well as a positive approach to working effectively with all members of the school community. the ability to work under pressure and meet deadlines. be prepared to contribute to all aspects of school life. to work within and uphold the ethos of our school.",administration-category,"Administration, HR, data and finance",24,"[{""page"": 24, ""query"": ""Administration, HR, data and finance"", ""route"": ""administration-category""}]",1,OK,fc7bac18f03010932224b258df1ad82dfc4d0d23d36d1bb6454b701a6f9d3deb
2026-08-23,Teaching Vacancies,senior-contract-procurement-manager-embark-multi-academy-trust-derby-not-recorded,https://teaching-vacancies.service.gov.uk/jobs/senior-contract-procurement-manager-embark-multi-academy-trust-derby-not-recorded,Senior Contract & Procurement Manager,Embark Multi Academy Trust,"Derby, DE22 1GB",DE22 1GB,"£54,000.00 Annually (Actual) Negotiable",2026-07-30,2026-09-11T23:59:00+01:00,['FULL_TIME'],"Senior Contract & Procurement Manager Full Time, Permanent Based in Derbyshire with travel across Embark schools Help us make every pound count. At Embark Federation, we believe great schools are built on great people, strong partnerships and the wise use of resources. As a family of 29 schools serving thousands of children and young people, we are ambitious about delivering exceptional value whilst never losing sight of what matters most: improving outcomes for pupils. We are looking for an experienced and commercially astute Senior Contract & Procurement Manager to join our central team and help shape the next phase of our growth. This is a new and strategically important role reporting directly to the Chief Operating Officer. You will lead the development of a Trust-wide approach to procurement, contract management and supplier performance, ensuring our schools benefit from high-quality services, strong commercial arrangements and outstanding value for money. One of your first priorities will be leading the implementation and management of a new Trust-wide catering contract, working closely with schools and suppliers to ensure a successful transition and a service that meets the",administration-category,"Administration, HR, data and finance",47,"[{""page"": 47, ""query"": ""Administration, HR, data and finance"", ""route"": ""administration-category""}]",1,OK,e6238aa6b0eec7da9c3ba01cd1aad56519274250fdb8f4e04ad3f2eec063f302
2026-08-23,Teaching Vacancies,senior-finance-officer-the-legacy-learning-trust,https://teaching-vacancies.service.gov.uk/jobs/senior-finance-officer-the-legacy-learning-trust,Senior Finance Officer,The Legacy Learning Trust,"Middlesbrough, TS5 8PB",TS5 8PB,"Grade H-I 16-24 NJC (£30,518 – £35,412)",2026-08-07,2026-09-04T12:00:00+01:00,['FULL_TIME'],• Advanced Excel skills • Ability to analyse and interpret complex information • Ability to manage own work effectively • Strong numerical and analytical skills • Excellent communication skills and the ability to relate to a wide range of people and adapt approach as appropriate • Ability to work flexibly across departments to support colleagues in order to meet whole school requirements • Organised approach to work in relation to professional standards and competencies • Flexible approach to changing work tasks and prioritising to specific needs • Ability to maintain confidentiality at all times • Experience of working in a team • Experience in providing a high level of customer service • Experience of general financial procedures i.e. purchasing and maintaining creditor and debtor ledgers • Experience of using Financial Management systems,administration-category,"Administration, HR, data and finance",35,"[{""page"": 35, ""query"": ""Administration, HR, data and finance"", ""route"": ""administration-category""}]",1,OK,edd7b5f77ef9064f4c5ee2c5792e70346c28ab8933065fb0fcba14ef2cc13e18
2026-08-23,Teaching Vacancies,senior-finance-partner-fp-a-innovation-procurement-projects,https://teaching-vacancies.service.gov.uk/jobs/senior-finance-partner-fp-a-innovation-procurement-projects,"Senior Finance Partner FP&A, Innovation, Procurement & Projects",St Gabriel The Archangel Catholic Multi Academy Trust,"Cheadle, ST10 1LH",ST10 1LH,"£70,000",2026-07-17,2026-08-31T09:00:00+01:00,['FULL_TIME'],"Senior Finance Partner FP&A, Innovation, Procurement & Projects Location: TBC - Stoke-on-Trent or Dudley; with travel expected. Salary: £70,000 Contract Type: Permanent, Full time, 37 Hours, All Year Round Are you a finance professional who wants your numbers to make a difference? We are seeking a proactive and detail-oriented Senior Finance Partner to join our growing Finance Shared Services team. In this role, you won’t just be managing spreadsheets; you’ll be a vital business partner to our academies, providing the financial insight and operational support that directly enables improved outcomes for our pupils. The Role Leads Trust-wide financial planning and analysis (FP&A), innovation, strategic projects and procurement, providing high-quality forward planning, forecasting, scenario modelling, commercial insight and strategic financial leadership across St Gabriel the Archangel CMAT. Provides strategic oversight of the Trust's procurement function, ensuring procurement activity is commercially robust, compliant and focused on securing sustainable value for money. Directly line manages and develops the Procurement Manager, providing strategic direction while ensuring effective",administration-category,"Administration, HR, data and finance",13,"[{""page"": 13, ""query"": ""Administration, HR, data and finance"", ""route"": ""administration-category""}]",1,OK,0279c4f4731aeca5cef0b74589a030b6d70344d2591dc99094e2bd2d86b0965b
2026-08-23,Teaching Vacancies,senior-hr-adviser-b58d31ba-7650-4ead-a619-e0a3558161e2,https://teaching-vacancies.service.gov.uk/jobs/senior-hr-adviser-b58d31ba-7650-4ead-a619-e0a3558161e2,Senior HR Adviser,Discovery Educational Trust,"Brentwood, CM13 2HG",CM13 2HG,"£37,092.00 - £39,881.00 Annually (Actual) Includes Fringe Allowance",2026-08-14,2026-08-31T23:59:00+01:00,['FULL_TIME'],"Based at St Martin’s School, Brentwood, Essex (DET Central Team office) Full time, all year round Essex Scale 8 (pt 25-28): £37,092 - £39,881* inc. Fringe Allowance *based on Essex Schools Pay Scales 2025/26 We are excited to be growing our central HR team and we are seeking a motivated and organised individual who can approach challenges with confidence. You will use your expertise to seek out effective solutions, and will be driven by the opportunity to contribute positively to the HR, Operations and Governance team. You will play a key role in supporting our schools with their HR processes, maintaining strong working relationships with all internal stakeholders, and contributing to wider HR, Operations and Governance team. This is an excellent opportunity for someone looking to make their next move in their HR career. Please note that this is a year round post (not a term-time position). Trust Employee Benefits We offer ongoing training and professional development for all staff in a supportive and collaborative environment. We offer the following benefits for employees: Pension scheme - also automatically includes Life Assurance Generous Referral Bonus for employees who refer q",administration-category,"Administration, HR, data and finance",16,"[{""page"": 16, ""query"": ""Administration, HR, data and finance"", ""route"": ""administration-category""}]",1,OK,3b92341c36aca840d3a3dc4234aad710e2f00e4d16edf2ce21c5c0915c097583
2026-08-23,Teaching Vacancies,senior-hr-adviser-field-based-cambridge-and-ely-area-primarily,https://teaching-vacancies.service.gov.uk/jobs/senior-hr-adviser-field-based-cambridge-and-ely-area-primarily,Senior HR Adviser (Field based Cambridge and Ely area primarily),Northstowe Learning Community,"Cambridge, East of England, CB24 1DJ",CB24 1DJ,"£35,412.00 Annually (Actual)",2026-08-13,2026-09-02T08:00:00+01:00,['FULL_TIME'],"Vacancy for Senior HR Adviser (Field based) Meridian Trust - Cambridge Hub Salary: Grade 9, Point 24 - £35,412 (Actual Annual Salary) Hours of work: 37 Hours 52 Weeks We are looking for a confident and pro-active individual to join our expanding team as a Senior HR Adviser within the Cambridge Hub. This key role will provide and promote a high quality, professional & efficient HR service across schools within the Trust. Adhering to employment legislation and best practice. Working at operational level to ensure correct implementation of policies and procedures in designated hub of schools in and around Cambridgeshire. This is a field based role supporting the following schools within the hub: Trumpington Park Primary School, Bar Hill Primary School, Histon & Impington Park Primary School, Histon & Impington Brook Primary School, Hatton Park Primary School, The Lantern Community Primary School, Downham Feoffees Primary Academy, Northstowe Learning Community, North Cambridge Academy, Ely College, Martin Bacon Academy & The Harbour School The Opportunity Develop effective relationships with Principals/Headteacher and HR Officers in schools that build trust and confidence. Apply employ",administration-category,"Administration, HR, data and finance",27,"[{""page"": 27, ""query"": ""Administration, HR, data and finance"", ""route"": ""administration-category""}]",1,OK,93a109d861d36158d27435c43db2295c9cd402cc06b61ccc7cc05d6f9257926d
2026-08-23,Teaching Vacancies,senior-human-resources-advisor-kingfisher-learning-trust,https://teaching-vacancies.service.gov.uk/jobs/senior-human-resources-advisor-kingfisher-learning-trust,Senior Human Resources Advisor,Kingfisher Learning Trust,"Oldham, OL9 9RH",OL9 9RH,"£47,181.00 - £51,356.00 Annually (FTE)",2026-08-03,2026-09-07T08:00:00+01:00,['FULL_TIME'],"Kingfisher Learning Trust is seeking a Senior HR Advisor to deliver high‑quality, timely and professional HR support across our schools and central team. This is a new role to the Trust and will be a pivotal role as the Trust grows, working closely with leaders to influence positive people practices, drive early resolution, and ensure our colleagues feel supported, valued and empowered. What the role entails: Providing expert advice on Trust policies, procedures, employment legislation and terms and conditions. Managing a varied caseload including attendance, disciplinary, grievance and capability matters. Acting as Investigating Officer and presenting findings at formal hearings. Supporting leaders through HR processes with confidence, clarity and professionalism. Coordinating TUPE activity for schools joining or leaving the Trust. Advising on wellbeing, attendance management and occupational health recommendations. Contributing to policy development and ensuring compliance with safeguarding, GDPR and employment law. Building strong relationships with leaders and trade union representatives. What you will bring: CIPD qualification or equivalent experience. Strong HR advisory exper",administration-category,"Administration, HR, data and finance",39,"[{""page"": 39, ""query"": ""Administration, HR, data and finance"", ""route"": ""administration-category""}]",1,OK,4a8f29d0f0aec2b7eb5149424dece6c3e19a65db5159526d143865353c850797
2026-08-23,Teaching Vacancies,senior-leisure-lettings-coordinator,https://teaching-vacancies.service.gov.uk/jobs/senior-leisure-lettings-coordinator,Senior Leisure & Lettings Coordinator,Kenilworth Multi Academy Trust,"Kenilworth, CV8 2AL",CV8 2AL,"£31,022.00 - £33,699.00 Annually (Actual)",2026-08-20,2026-09-07T09:00:00+01:00,['FULL_TIME'],"ACCOUNTABILITIES The appointee will be line managed by the KMAT Chief Financial Officer. The appointee will line manage the KMAT Leisure & Lettings Coordinators. PRINCIPLE RESPONSIBILITIES: Leading the Leisure and Lettings team you will be required to carry out the following duties: Coordinate the day-to-day delivery of Leisure & Lettings services. Ensure that the centre meets its Trust and community objectives. Manage and maintain the Pitchbooking system, which includes the schedule of community bookings and scheduling the workload of instructors. Delivery of School Holiday programmes. Line management and supervision of KMAT Leisure & Lettings Coordinators, including the production of weekly staff rotas, conducting staff appraisals and ensure staff meet all training requirements. Ensure that Leisure & Lettings staff are delivering high standards of performance at all times. Daily and weekly inspections of facilities to ensure that customers have the best experience, and that the centre meets appropriate standards for a leisure facility. Communicate and consult with community users and other stakeholders where appropriate. Ensure health and safety standards are upheld including ove",administration-category,"Administration, HR, data and finance",40,"[{""page"": 40, ""query"": ""Administration, HR, data and finance"", ""route"": ""administration-category""}]",1,OK,6d9f435be42a888a8d2bba1029b6f754393ed450bfadfd50dc5166c5fa9ba61a
2026-08-23,Teaching Vacancies,senior-office-administrator-west-monkton-church-of-england-school,https://teaching-vacancies.service.gov.uk/jobs/senior-office-administrator-west-monkton-church-of-england-school,Senior Office Administrator,West Monkton Church of England School,"Taunton, South West, TA2 8FT",TA2 8FT,Actual Annual Salary,2026-07-28,2026-09-02T17:00:59+01:00,['FULL_TIME'],"Senior Office Administrator Vacancy Are you an experienced administrator with excellent communication, empathy, and the ability to be a calm, organising force in a dynamic and fast-paced environment? West Monkton C of E Primary School is a welcoming, inclusive school at an exciting point in its journey, rooted in strong relationships and a clear sense of purpose. What we are looking for: We are seeking a skilled and enthusiastic Senior Office Administrator who shares our commitment to: Outstanding communication – you’ll be confident and approachable, with excellent interpersonal skills for liaising with parents, staff, visitors, and external agencies. Efficiency and organisation – from managing front desk duties to maintaining accurate records, your attention to detail and ability to prioritise will help keep our school running smoothly. Teamwork – you’ll work closely with colleagues across the school and contribute positively to our collaborative culture. Discretion and professionalism – as a key member of our administrative team, confidentiality and integrity are essential. Who we are looking for someone: With experience working in a school or busy office environment is desirable",administration-category,"Administration, HR, data and finance",28,"[{""page"": 28, ""query"": ""Administration, HR, data and finance"", ""route"": ""administration-category""}, {""page"": 7, ""query"": ""administrator"", ""route"": ""keyword:administrator""}, {""page"": 2, ""query"": ""office"", ""route"": ""keyword:office""}]",3,OK,9635d7fcfa24ad8ea27d94caeb5c619a2b50e3a903767e77b82a7c27e4ab4ac8
2026-08-23,Teaching Vacancies,senior-pupil-services-officer-2-days-week,https://teaching-vacancies.service.gov.uk/jobs/senior-pupil-services-officer-2-days-week,Senior Pupil Services officer - 2 days/week,St Michael's Church of England Primary Academy,"Exeter, South West, EX1 2SN",EX1 2SN,"£9,058.00 Annually (Actual)",2026-06-29,2026-09-03T09:00:00+01:00,['PART_TIME'],"Senior Pupil Services Officer - St Michael’s CoE Primary School - Exeter Contract Term: Fixed Term until April 2027 Salary : Grade SC 3 -Grade SCP8-11 Starting salary £9,058 (FTE £27,709) Hours: 14 hours per week (8.30am - 4pm) Monday and Tuesday Term Time only : 39 weeks per year Closing Date : Friday 17th July 2026 9am Interview Date : Wednesday 22nd July 2026 Start Date: September 2026 Benefits Local Government Pension Scheme Cycle to Work Scheme Tax Free Childcare Employee Assistance Programme Are you an experienced administrator, passionate about customer service and ensuring you deliver the best for your community? Are you ready to take a key role in school administration, supporting a busy Primary Academy in Exeter. You will need to have experience of administration and a customer service mindset, keeping a positive focus when problem solving. You will be an excellent communicator whilst supporting in a wide variety of tasks, including being an expert in our school systems. You will be an integral part of our pupil services teams to give quality administrative support to leaders and teachers in the schools and provide a wonderful welcome to any visitors, providing friendly a",administration-category,"Administration, HR, data and finance",30,"[{""page"": 30, ""query"": ""Administration, HR, data and finance"", ""route"": ""administration-category""}]",1,OK,c1ce5984367c49534946d71c2d79909f11ee4429564ef706a6c8dd619ad43ff9
2026-08-23,Teaching Vacancies,senior-pupil-services-officer-ladysmith-infant-nursery-school-exeter-devon,https://teaching-vacancies.service.gov.uk/jobs/senior-pupil-services-officer-ladysmith-infant-nursery-school-exeter-devon,Senior Pupil Services Officer,Ladysmith Infant & Nursery School,"Exeter, South West, EX1 2PS",EX1 2PS,"£27,709.00 - £29,070.00 Annually (FTE)",2026-07-22,2026-09-07T09:00:00+01:00,['PART_TIME'],"Senior Pupil Services Officer - Ladysmith Infant School, Exeter Contract Term: Part Time - Fixed Term until 11/04/2027 Salary : Grade SC 3 -Grade SCP8-11 Starting salary £22,646 (FTE £27,709) Hours: 35 hours per week (8.30am - 4pm) Term Time only : 39 weeks per year Closing Date : Monday 7th September 2026 9am Interview Date : Monday 14th September 2026 Start Date: As soon as possible Benefits Local Government Pension Scheme Cycle to Work Scheme Tax Free Childcare Employee Assistance Programme Are you an experienced administrator, passionate about customer service and ensuring you deliver the best for your community? Are you ready to take a key role in school administration, supporting a busy Primary Academy in Exeter. You will need to have experience of administration and a customer service mindset, keeping a positive focus when problem solving. You will be an excellent communicator whilst supporting in a wide variety of tasks, including being an expert in our school systems. You will be an integral part of our pupil services teams to give quality administrative support to leaders and teachers in the schools and provide a wonderful welcome to any visitors, providing friendly and e",administration-category,"Administration, HR, data and finance",39,"[{""page"": 39, ""query"": ""Administration, HR, data and finance"", ""route"": ""administration-category""}]",1,OK,95cb9cfb9952136fbcc7e690b10a22b2cc9aeca6ae35760b272b7ae733c628ef
2026-08-23,Teaching Vacancies,senior-pupil-services-officer-st-leonard-s-cofe-primary-school,https://teaching-vacancies.service.gov.uk/jobs/senior-pupil-services-officer-st-leonard-s-cofe-primary-school,Senior Pupil Services Officer,St Leonard's (CofE) Primary School,"Exeter, South West, EX2 4NQ",EX2 4NQ,"£22,646.00 Annually (Actual)",2026-07-17,2026-09-07T09:00:00+01:00,['FULL_TIME'],"Are you an experienced administrator, passionate about customer service and ensuring you deliver the best for your community? Are you ready to take a key role in school administration, supporting a busy Primary Academy in Exeter. You will need to have experience of administration and a customer service mindset, keeping a positive focus when problem solving. You will be an excellent communicator whilst supporting in a wide variety of tasks, including being an expert in our school systems. You will be an integral part of our pupil services teams to give quality administrative support to leaders and teachers in the schools and provide a wonderful welcome to any visitors, providing friendly and efficient support to the staff, pupils, and parent/guardians, being at the heart of operational activity for our schools. Please ensure when completing your application form that you provide a supporting statement which demonstrates how you meet the essential and desirable criteria as described in the person specification of the job description. Applications may not be taken forwards if the supporting statement is not adequately completed. We offer: A welcoming school with a strong ethos and val",administration-category,"Administration, HR, data and finance",40,"[{""page"": 40, ""query"": ""Administration, HR, data and finance"", ""route"": ""administration-category""}]",1,OK,dbb05765c8fafaa95708d2e85b930424e9bee60136f15e07d7287cb953b0b840
2026-08-23,Teaching Vacancies,senior-trust-finance-manager,https://teaching-vacancies.service.gov.uk/jobs/senior-trust-finance-manager,Senior Trust Finance Manager,The Cardinal Newman Catholic Educational Trust,"Bristol, BS5 0TJ",BS5 0TJ,"£47,181.00 - £50,269.00 Annually (FTE)",2026-07-01,2026-08-30T23:59:00+01:00,['PART_TIME'],"Senior Trust Finance Manager 4 days per week (29 hours) Term Time + 2 weeks 1-year Fixed Term Contract (in the first instance - and subject to Trust growth) NJC Scale 36-39 (salary pro rata £34,467 - £36,722) This vacancy is advertised across multiple Trust and school sites; however, this is one Trust-wide Senior Finance Manager role with a single application process. It is not a separate vacancy at each location. We are seeking an experienced and strategic Trust Senior Finance Manager to join the Trust central finance team in a key leadership role. As we enter an important new phase in the life of The Cardinal Newman Catholic Educational Trust, we are looking for a motivated and ambitious finance professional to join our dedicated central team at a pivotal point in our journey. This is not just another finance post. As the Trust grows and evolves, you will play a critical role in shaping, strengthening and embedding outstanding financial practice across our schools. You will act as a senior leader within the finance function, supporting strategic decision-making and ensuring robust financial management that enables our schools and the children we serve to flourish. This role offer",administration-category,"Administration, HR, data and finance",11,"[{""page"": 11, ""query"": ""Administration, HR, data and finance"", ""route"": ""administration-category""}]",1,OK,0105768bfa187594ac441a04a44588fb9ef2be379260e7c6d8c4a7e6e22cf275
2026-08-23,Teaching Vacancies,senior-trust-finance-manager-st-bernard-s-catholic-primary-school,https://teaching-vacancies.service.gov.uk/jobs/senior-trust-finance-manager-st-bernard-s-catholic-primary-school,Senior Trust Finance Manager,St Bernard's Catholic Primary School,"BRISTOL, South West, BS11 9TU",BS11 9TU,"£47,181.00 - £50,269.00 Annually (FTE)",2026-07-21,2026-08-30T23:59:00+01:00,['PART_TIME'],"Senior Trust Finance Manager 4 days per week (29 hours) Term Time + 2 weeks 1-year Fixed Term Contract (in the first instance - and subject to Trust growth) NJC Scale 36-39 (annual salary pro rata £34,467 - £36,722) This vacancy is advertised across multiple Trust and school sites; however, this is one Trust-wide Senior Finance Manager role with a single application process. It is not a separate vacancy at each location. We are seeking an experienced and strategic Trust Senior Finance Manager to join the Trust central finance team in a key leadership role. As we enter an important new phase in the life of The Cardinal Newman Catholic Educational Trust, we are looking for a motivated and ambitious finance professional to join our dedicated central team at a pivotal point in our journey. This is not just another finance post. As the Trust grows and evolves, you will play a critical role in shaping, strengthening and embedding outstanding financial practice across our schools. You will act as a senior leader within the finance function, supporting strategic decision-making and ensuring robust financial management that enables our schools and the children we serve to flourish. This rol",administration-category,"Administration, HR, data and finance",11,"[{""page"": 11, ""query"": ""Administration, HR, data and finance"", ""route"": ""administration-category""}]",1,OK,ced6ac082149713f131ff51a1185071e7f827fdbfb32bce63be254433604046b
2026-08-23,Teaching Vacancies,senior-trust-finance-manager-st-bonaventure-s-catholic-primary-school,https://teaching-vacancies.service.gov.uk/jobs/senior-trust-finance-manager-st-bonaventure-s-catholic-primary-school,Senior Trust Finance Manager,St Bonaventure's Catholic Primary School,"Bristol, South West, BS7 8HP",BS7 8HP,"£47,181.00 - £50,269.00 Annually (FTE)",2026-07-21,2026-08-30T23:59:00+01:00,['PART_TIME'],"Senior Trust Finance Manager 4 days per week (29 hours) Term Time + 2 weeks 1-year Fixed Term Contract (in the first instance - and subject to Trust growth) NJC Scale 36-39 (salary pro rata £34,467 - £36,722) This vacancy is advertised across multiple Trust and school sites; however, this is one Trust-wide Senior Finance Manager role with a single application process. It is not a separate vacancy at each location. We are seeking an experienced and strategic Trust Senior Finance Manager to join the Trust central finance team in a key leadership role. As we enter an important new phase in the life of The Cardinal Newman Catholic Educational Trust, we are looking for a motivated and ambitious finance professional to join our dedicated central team at a pivotal point in our journey. This is not just another finance post. As the Trust grows and evolves, you will play a critical role in shaping, strengthening and embedding outstanding financial practice across our schools. You will act as a senior leader within the finance function, supporting strategic decision-making and ensuring robust financial management that enables our schools and the children we serve to flourish. This role offer",administration-category,"Administration, HR, data and finance",11,"[{""page"": 11, ""query"": ""Administration, HR, data and finance"", ""route"": ""administration-category""}]",1,OK,f93853a50d0dd8cd9187ec49bb6c739a80fbb97c7c1075459fcd242e9a74b4c1
2026-08-23,Teaching Vacancies,senior-trust-finance-manager-st-francis-catholic-primary-school,https://teaching-vacancies.service.gov.uk/jobs/senior-trust-finance-manager-st-francis-catholic-primary-school,Senior Trust Finance Manager,St Francis Catholic Primary School,"Nailsea, South West, BS48 4PD",BS48 4PD,"£47,181.00 - £50,269.00 Annually (FTE)",2026-07-21,2026-08-30T23:59:00+01:00,['PART_TIME'],"Senior Trust Finance Manager 4 days per week (29 hours) Term Time + 2 weeks 1-year Fixed Term Contract (in the first instance - and subject to Trust growth) NJC Scale 36-39 (salary pro rata £34,467 - £36,722) This vacancy is advertised across multiple Trust and school sites; however, this is one Trust-wide Senior Finance Manager role with a single application process. It is not a separate vacancy at each location. We are seeking an experienced and strategic Trust Senior Finance Manager to join the Trust central finance team in a key leadership role. As we enter an important new phase in the life of The Cardinal Newman Catholic Educational Trust, we are looking for a motivated and ambitious finance professional to join our dedicated central team at a pivotal point in our journey. This is not just another finance post. As the Trust grows and evolves, you will play a critical role in shaping, strengthening and embedding outstanding financial practice across our schools. You will act as a senior leader within the finance function, supporting strategic decision-making and ensuring robust financial management that enables our schools and the children we serve to flourish. This role offer",administration-category,"Administration, HR, data and finance",11,"[{""page"": 11, ""query"": ""Administration, HR, data and finance"", ""route"": ""administration-category""}]",1,OK,6089a936e5653c49294f324dcb715e7d1ccb19919340170f05fd970e45f809e6
2026-08-23,Teaching Vacancies,senior-trust-finance-manager-st-joseph-s-catholic-primary-school,https://teaching-vacancies.service.gov.uk/jobs/senior-trust-finance-manager-st-joseph-s-catholic-primary-school,Senior Trust Finance Manager,St Joseph's Catholic Primary School,"Portishead, South West, BS20 6QB",BS20 6QB,"£47,181.00 - £50,269.00 Annually (FTE)",2026-07-21,2026-08-30T23:59:00+01:00,['PART_TIME'],"Senior Trust Finance Manager 4 days per week (29 hours) Term Time + 2 weeks 1-year Fixed Term Contract (in the first instance - and subject to Trust growth) NJC Scale 36-39 (salary pro rata £34,467 - £36,722) This vacancy is advertised across multiple Trust and school sites; however, this is one Trust-wide Senior Finance Manager role with a single application process. It is not a separate vacancy at each location. We are seeking an experienced and strategic Trust Senior Finance Manager to join the Trust central finance team in a key leadership role. As we enter an important new phase in the life of The Cardinal Newman Catholic Educational Trust, we are looking for a motivated and ambitious finance professional to join our dedicated central team at a pivotal point in our journey. This is not just another finance post. As the Trust grows and evolves, you will play a critical role in shaping, strengthening and embedding outstanding financial practice across our schools. You will act as a senior leader within the finance function, supporting strategic decision-making and ensuring robust financial management that enables our schools and the children we serve to flourish. This role offer",administration-category,"Administration, HR, data and finance",11,"[{""page"": 11, ""query"": ""Administration, HR, data and finance"", ""route"": ""administration-category""}]",1,OK,778b71da52aacb44db7394686d053638343ad8c985324bf8c50001c77a04db57
2026-08-23,Teaching Vacancies,senior-trust-finance-manager-st-nicholas-of-tolentine-catholic-primary-school,https://teaching-vacancies.service.gov.uk/jobs/senior-trust-finance-manager-st-nicholas-of-tolentine-catholic-primary-school,Senior Trust Finance Manager,St Nicholas of Tolentine Catholic Primary School,"Bristol, South West, BS5 0TJ",BS5 0TJ,"£47,181.00 - £50,269.00 Annually (FTE)",2026-07-21,2026-08-30T23:59:00+01:00,['PART_TIME'],"Senior Trust Finance Manager 4 days per week (29 hours) Term Time + 2 weeks 1-year Fixed Term Contract (in the first instance - and subject to Trust growth) NJC Scale 36-39 (salary pro rata £34,467 - £36,722) This vacancy is advertised across multiple Trust and school sites; however, this is one Trust-wide Senior Finance Manager role with a single application process. It is not a separate vacancy at each location. We are seeking an experienced and strategic Trust Senior Finance Manager to join the Trust central finance team in a key leadership role. As we enter an important new phase in the life of The Cardinal Newman Catholic Educational Trust, we are looking for a motivated and ambitious finance professional to join our dedicated central team at a pivotal point in our journey. This is not just another finance post. As the Trust grows and evolves, you will play a critical role in shaping, strengthening and embedding outstanding financial practice across our schools. You will act as a senior leader within the finance function, supporting strategic decision-making and ensuring robust financial management that enables our schools and the children we serve to flourish. This role offer",administration-category,"Administration, HR, data and finance",11,"[{""page"": 11, ""query"": ""Administration, HR, data and finance"", ""route"": ""administration-category""}]",1,OK,03c9aee6e5b7d6a2339941f0c7974f277fdd211853264a62d8b2e50dae5117d0
2026-08-23,Teaching Vacancies,senior-trust-finance-manager-st-patrick-s-catholic-primary-school,https://teaching-vacancies.service.gov.uk/jobs/senior-trust-finance-manager-st-patrick-s-catholic-primary-school,Senior Trust Finance Manager,St Patrick's Catholic Primary School,"Bristol, South West, BS5 8AS",BS5 8AS,"£47,181.00 - £50,269.00 Annually (FTE)",2026-07-21,2026-08-30T23:59:00+01:00,['PART_TIME'],"Senior Trust Finance Manager 4 days per week (29 hours) Term Time + 2 weeks 1-year Fixed Term Contract (in the first instance - and subject to Trust growth) NJC Scale 36-39 (salary pro rata £34,467 - £36,722) This vacancy is advertised across multiple Trust and school sites; however, this is one Trust-wide Senior Finance Manager role with a single application process. It is not a separate vacancy at each location. We are seeking an experienced and strategic Trust Senior Finance Manager to join the Trust central finance team in a key leadership role. As we enter an important new phase in the life of The Cardinal Newman Catholic Educational Trust, we are looking for a motivated and ambitious finance professional to join our dedicated central team at a pivotal point in our journey. This is not just another finance post. As the Trust grows and evolves, you will play a critical role in shaping, strengthening and embedding outstanding financial practice across our schools. You will act as a senior leader within the finance function, supporting strategic decision-making and ensuring robust financial management that enables our schools and the children we serve to flourish. This role offer",administration-category,"Administration, HR, data and finance",11,"[{""page"": 11, ""query"": ""Administration, HR, data and finance"", ""route"": ""administration-category""}]",1,OK,13c2c4ad7c5f4d26f5e0b7a077095d82b9ff436c671fd8cb328c26e72e54e5fd
2026-08-23,Teaching Vacancies,senior-trust-finance-manager-st-teresa-s-catholic-primary-school,https://teaching-vacancies.service.gov.uk/jobs/senior-trust-finance-manager-st-teresa-s-catholic-primary-school,Senior Trust Finance Manager,St Teresa's Catholic Primary School,"Bristol, South West, BS7 0UP",BS7 0UP,"£47,181.00 - £50,269.00 Annually (FTE)",2026-07-21,2026-08-30T23:59:00+01:00,['PART_TIME'],"Senior Trust Finance Manager 4 days per week (29 hours) Term Time + 2 weeks 1-year Fixed Term Contract (in the first instance - and subject to Trust growth) NJC Scale 36-39 (salary pro rata £34,467 - £36,722) This vacancy is advertised across multiple Trust and school sites; however, this is one Trust-wide Senior Finance Manager role with a single application process. It is not a separate vacancy at each location. We are seeking an experienced and strategic Trust Senior Finance Manager to join the Trust central finance team in a key leadership role. As we enter an important new phase in the life of The Cardinal Newman Catholic Educational Trust, we are looking for a motivated and ambitious finance professional to join our dedicated central team at a pivotal point in our journey. This is not just another finance post. As the Trust grows and evolves, you will play a critical role in shaping, strengthening and embedding outstanding financial practice across our schools. You will act as a senior leader within the finance function, supporting strategic decision-making and ensuring robust financial management that enables our schools and the children we serve to flourish. This role offer",administration-category,"Administration, HR, data and finance",10,"[{""page"": 10, ""query"": ""Administration, HR, data and finance"", ""route"": ""administration-category""}]",1,OK,89db6edf234df5b90142c6ea2781ad61199fee21b096bbc82ea353520c7b6b72
2026-08-23,Teaching Vacancies,sixth-form-administrator-team-leader,https://teaching-vacancies.service.gov.uk/jobs/sixth-form-administrator-team-leader,Sixth Form Administrator / Team Leader,Lord Williams's School,"Thame, South East, OX9 2AQ",OX9 2AQ,"£28,140.00 Annually (Actual) Actual salary based on 37 hours per week, term time plus 2 weeks work in the summer holidays. The full-time equivalent salary is £31,537 to £34,434 per annum",2026-08-18,2026-09-04T09:00:00+01:00,"['FULL_TIME', 'PART_TIME']","Main duties Administration Be responsible for the administration, input and accuracy of data into the student database (SIMS) with personal responsibility for Sixth Form data. Record and monitor attendance for Sixth Form students and provide reports for the team as required. Record and monitor behaviour incidents and provide reports as required. Manage and process student applications to join the Sixth Form using Applicaa software, including arranging interviews, tours of the school, reference requests etc Play a key role in the Sixth Form Registration Day, completion of on-line registration forms and production of student timetables Assist with the planning and organisation of key Sixth Form events throughout the year, for example: Introduction to Sixth Form Conference, Awards Evening, Open Evening, Year 13 Ball etc Support the administration of UCAS applications Be responsible for the collection and input of Key Stage 4 and 5 data from students or parents/carers necessary for the accurate maintenance of the database and for the provision of student data reports for school purposes. Contribute to the work of the school’s Timetable Team during the summer months to provide timetable",administration-category,"Administration, HR, data and finance",33,"[{""page"": 33, ""query"": ""Administration, HR, data and finance"", ""route"": ""administration-category""}, {""page"": 8, ""query"": ""administrator"", ""route"": ""keyword:administrator""}]",2,OK,39675ab49f458edabeb9d2bfd1783934384eb4475953fdd18eb571a7df31d65b
2026-08-23,Teaching Vacancies,sixth-form-administrator-the-windsor-boys-school,https://teaching-vacancies.service.gov.uk/jobs/sixth-form-administrator-the-windsor-boys-school,Sixth Form Administrator,The Windsor Boys' School,"Windsor, South East, SL4 5EH",SL4 5EH,"Salary for full time (37 hours per week), term time only is £24,114 which can be pro-rated for part time, depending on hours.",2026-07-09,2026-08-31T23:59:00+01:00,"['FULL_TIME', 'PART_TIME']","Full or part time would be considered, term time only Salary for full time (37 hours per week), term time only is £24,114 which can be pro-rated for part time, depending on hours. Start: ASAP We are seeking to appoint an enthusiastic Sixth Form Administrator to provide an effective and efficient administrative support for the Joint Sixth Form working closely with their counterpart at Windsor Girls’ School and to support the ethos and aims of the WSSF. Excellent administrative skills are required together with a good knowledge of Microsoft Office. Previous experience in a similar role would be desirable but not essential. Full training will be given. The Windsor Boys’ School is part of Windsor Learning Partnership, a Multi Academy Trust specifically for schools in the Windsor area. Our purpose and commitment is to provide an exceptional education for all young people in our community, from early years to young adulthood. Central to WLP’s work will always be the teaching and support staff at our schools. All schools within Windsor Learning Partnership are committed to safeguarding and promoting the welfare of children and expects all staff to share this commitment. This post is subje",administration-category,"Administration, HR, data and finance",17,"[{""page"": 17, ""query"": ""Administration, HR, data and finance"", ""route"": ""administration-category""}, {""page"": 19, ""query"": ""Administration, HR, data and finance"", ""route"": ""administration-category""}, {""page"": 4, ""query"": ""administrator"", ""route"": ""keyword:administrator""}, {""page"": 5, ""query"": ""administrator"", ""route"": ""keyword:administrator""}]",4,OK,d67290fae0c54aca400277bea0bdcd9874c77a5c85fcccfa832304aede9026a2
2026-08-23,Teaching Vacancies,specialist-administrator-send-medical-lead-first-aid,https://teaching-vacancies.service.gov.uk/jobs/specialist-administrator-send-medical-lead-first-aid,"Specialist Administrator (SEND, Medical, Lead First Aid)",Parkside School,"Bradford, Yorkshire and the Humber, BD13 5AD",BD13 5AD,"£28,142.00 Annually (FTE) Band 7 – Point 11–17, 37 hours per week, term-time only + 5 days (39 weeks). £28,142 FTE (£24,314.688 actual)",2026-07-24,2026-08-31T23:59:00+01:00,['FULL_TIME'],"Join Our Team at Parkside School! Are you highly organised, meticulous and proactive looking to make a meaningful impact in a supportive school environment? Parkside School is seeking a dedicated colleague to join our team in the role of Specialist Administrator (SEND, Medical, Lead First Aid). In this varied role, you will work closely with the SENCO to deliver high quality administrative support, ensuring the school meets all statutory obligations for Special Educational Needs (SEND). You will oversee the efficient coordination of annual reviews, update pupil records and manage communications with parents, Local Authority Officers and external partners. Additionally, you will serve as the named lead point of contact for First Aid and medical matters across the school. Key Responsibilities SEND Administration: Provide administrative support to the SENCO and SEND leadership team; manage data systems, collect and distribute papers and organise and accurately minute annual review meetings Lead First Aid & Medical Matters: Act as the main contact for first aid and medical care; update risk assessments and policies for health conditions; oversee first aid rotas and coordinate staff med",administration-category,"Administration, HR, data and finance",17,"[{""page"": 17, ""query"": ""Administration, HR, data and finance"", ""route"": ""administration-category""}, {""page"": 5, ""query"": ""administrator"", ""route"": ""keyword:administrator""}]",2,OK,6713379b92a1b0eecab2fb3ef20270da4b3ce9774676c86797d87b18c9be7071
2026-08-23,Teaching Vacancies,st-james-infant-and-pre-school-business-partner-inmat,https://teaching-vacancies.service.gov.uk/jobs/st-james-infant-and-pre-school-business-partner-inmat,St James Infant and Pre School Business Partner,Inmat,"Northampton, NN6 9ER",NN6 9ER,"£39,481.00 Annually (FTE)",2026-07-21,2026-09-10T12:00:00+01:00,['PART_TIME'],"St James Infant and Pre-School Business Partner Reporting to: Chief Financial Operations Officer Terms: Salary: Grade J Point 27 £39,481 (Full Time Equivalent) Permanent Working Hours: Part Time, 30-37 Hours per week (to be agreed) 39-41 weeks per year (to be agreed) working week can be flexible to suit working within school hours. Location: St James Infant & Pre-School, Head Office in Lamport and occasionally other Trust schools. INMAT was created in 2017 with a teaching school at the heart of its work, with just 4 schools at that point. We are now a group of 13 primary schools that have come together to harness the richness of our diverse learning communities for the benefit of all pupils. The ethos behind the Trust is one of sustainable school improvement; schools joining the Trust do so with the prime aim of improving themselves and each other so that they can all become outstanding schools driven by a self-improving system. At the heart of what we do is the notion of working together and being relentless in our pursuit of excellence to create the best opportunities in our schools and where we make everyday count. In order to stay relevant in the ever-changing world, we at INMA",administration-category,"Administration, HR, data and finance",45,"[{""page"": 45, ""query"": ""Administration, HR, data and finance"", ""route"": ""administration-category""}]",1,OK,1dfcfe285066020a4145212064e5f88c7512f21c0e4447215be15487dea6c59c
2026-08-23,Teaching Vacancies,support-officer-finance,https://teaching-vacancies.service.gov.uk/jobs/support-officer-finance,Support Officer (Finance),St Edmund's Catholic School,"Portsmouth, South East, PO1 1RX",PO1 1RX,"£27,267",2026-08-20,2026-09-02T15:00:00+01:00,['PART_TIME'],"The successful candidate will have a minimum of 3 years’ experience in a finance environment and hold relevant financial qualifications; experience of Fusion would be an advantage. Duties to include the recording of all financial transactions, collection and processing of monies received from pupils. Assisting in the control of the financial administration of the school. Working under own initiative to ensure the workload is prioritised and efficiently completed.",administration-category,"Administration, HR, data and finance",28,"[{""page"": 28, ""query"": ""Administration, HR, data and finance"", ""route"": ""administration-category""}]",1,OK,6ca34d2b82c03d2d88b15f2cf980c715a1bfd0f5341515e3aae5f4df543561f3
2026-08-23,Teaching Vacancies,teaching-assistant-level-3-personal-care-hope-valley-college,https://teaching-vacancies.service.gov.uk/jobs/teaching-assistant-level-3-personal-care-hope-valley-college,Teaching Assistant Level 3 (Personal Care),Hope Valley College,"Hope Valley, East Midlands, S33 6SD",S33 6SD,"£26,403.00 - £28,598.00 Annually (FTE) Actual salary - £18,413.00 to £19,944.00",2026-08-20,2026-09-13T23:59:00+01:00,['PART_TIME'],"Hope Valley Pathways is a specialist post-16 provision for young people with SEND, preparing them for life and work. It is set in the beautiful Peak District countryside and has its own building situated on the same site as Hope Valley College and currently has 25 students. We are seeking a passionate and inspiring Teaching Assistant to provide support and guidance to students inside and outside of the classroom in their variety of learning needs and to promote learning, opportunity and independence. This role is required to provide 1:1 support and assistance with personal care for a specific female student. The working hours are 8:30am until 3pm Monday to Friday. Job description The post holder must at all times carry out their responsibilities within the spirit of the school and trust policies and within the framework of legislation relating to academies and education, with particular regard to the statutory responsibilities of the trust and the governing body of the school. The specific duties and responsibilities include but are not limited to: Specific duties and responsibilities Support for Students Use specialist (curricular/learning) skills/training/experience to support st",keyword:personal assistant,personal assistant,1,"[{""page"": 1, ""query"": ""personal assistant"", ""route"": ""keyword:personal assistant""}]",1,OK,5cf27dc6477bef13b0881305992b971a1bd666e68a9ee00fdb189a9fab971165
2026-08-23,Teaching Vacancies,teaching-assistant-personal-care-wayland-academy-thetford-norfolk,https://teaching-vacancies.service.gov.uk/jobs/teaching-assistant-personal-care-wayland-academy-thetford-norfolk,Teaching Assistant (Personal Care),Wayland Academy,"Thetford, East of England, IP25 6BA",IP25 6BA,"Salary: Support Staff Pay Scale D: £19,652 to £19,964 pro-rata per annum (Actual) (£25,583 - £25,989 full time/full year equivalent)",2026-07-23,2026-09-04T01:00:00+01:00,['PART_TIME'],"Salary: Support Staff Pay Scale D: £19,652 to £19,964 pro-rata per annum (Actual) (£25,583 - £25,989 full time/full year equivalent) Part Time: 32.5 hours per week over 5 days from Monday to Friday Working Weeks: 39 weeks Start Date: October 2026 ﻿ This role will be based at Wayland Academy, Merton Rd, Watton, Thetford, IP25 6BA. We have an exciting opportunity for a Teaching Assistant with personal care to join our committed and hardworking team at Wayland Academy, supporting our pupils to achieve their full potential. This is an opportunity to be part of a collaborative community who are dedicated to ensuring pupils develop the knowledge and character needed to lead great lives. You will be an inspirational practitioner who is passionate about raising achievement through motivating and inspiring pupils, who will also contribute to the vision and values of the school. What You’ll Be Doing To undertake care and learning programmes and activities to support individuals or groups of pupils, including more specialised support for those with special education needs and Disabilities (SEND) or EAL (English as an Additional Language). To enable access to learning for pupils and assist the",keyword:personal assistant,personal assistant,1,"[{""page"": 1, ""query"": ""personal assistant"", ""route"": ""keyword:personal assistant""}]",1,OK,68ab2735e57e58a1efbd141fa5f26fdfb8c7b6f062a5535e082a83613b61adfd
2026-08-23,Teaching Vacancies,teaching-school-hub-administrator-havelock-academy,https://teaching-vacancies.service.gov.uk/jobs/teaching-school-hub-administrator-havelock-academy,Teaching School Hub Administrator,Havelock Academy,"Grimsby, Yorkshire and the Humber, DN32 8JH",DN32 8JH,"£25,583.00 Annually (FTE) NJC 5: £25,583.00 FTE, £13,482.93 pro rata per annum",2026-08-03,2026-08-24T23:59:00+01:00,['PART_TIME'],"The Teaching School Hub Administrator to be based at Havelock Academy. About the role Part Time, Term Time, Permanent Role ( 3 days per week) 8.30-4.30pm Act as the first point of contact for the Teaching School Hub handling telephone, written and in person enquiries in a welcoming, proficient and professional manner. Acquire venues, resources and co-ordinate the efforts of facilitators, coaches, placement schools etc. Create, schedule and publish programme information, updates and promotional content across social media platforms, ensuring consistency with branding and communication guidelines. Ensure that records are maintained in line with contract requirements and for reporting purposes. Ensure facilitator records are maintained and relevant onboarding checklists completed. Ensure all relevant Trust and programme relevant safeguarding training is attended. Respond to improvement priorities locally and nationally. Lead the delivery of digital systems that are well integrated to allow for a seamless participant experience. Help improve the quality of our materials and resources to support participants in their learning and development, including the review of participant attendan",administration-category,"Administration, HR, data and finance",5,"[{""page"": 5, ""query"": ""Administration, HR, data and finance"", ""route"": ""administration-category""}, {""page"": 2, ""query"": ""administrator"", ""route"": ""keyword:administrator""}]",2,OK,7d9a139deb81cc09af0489c351f51feddd5a2a386c96c18acfe8fe34dca513d1
2026-08-23,Teaching Vacancies,trust-administrator-discovery-educational-trust,https://teaching-vacancies.service.gov.uk/jobs/trust-administrator-discovery-educational-trust,Trust Administrator,Discovery Educational Trust,"Brentwood, CM13 2HG",CM13 2HG,"£25,415.00 - £25,812.00 Annually (Actual) Essex Pay Scale 4 Point 8-9",2026-08-18,2026-09-09T23:59:00+01:00,['PART_TIME'],"Trust Administrator Based at St Martin's School, Brentwood, Essex (DET Central Team office) 37 hours per week 42 weeks per year (term-time, plus 4 additional weeks) Essex Scale 4 (pt 8-9): £27,553 - £27,983* inc. Fringe Allowance (FTE) / Actual salary £25,418 - £25,814* inc. Fringe Allowance(based on 42 working weeks per year/48.1 paid weeks per year) *based on Essex Schools Pay Scales 2025/26 We are looking for a friendly, organised and proactive member of the team to join us as a Trust Administrator. Working across Finance, Estates and IT, you will provide high-quality administrative support and play an important role in helping these functions run smoothly and efficiently across the Trust. You will work collaboratively with colleagues across the wider operational team, helping to promote best practice and ensuring that processes and procedures are followed consistently and effectively. The role will require a professional and approachable manner, with a strong commitment to building positive working relationships across the Trust. You will also support the Trust in meeting its operational and regulatory responsibilities, working in accordance with the Trust's Financial Regulatio",administration-category,"Administration, HR, data and finance",44,"[{""page"": 44, ""query"": ""Administration, HR, data and finance"", ""route"": ""administration-category""}, {""page"": 11, ""query"": ""administrator"", ""route"": ""keyword:administrator""}]",2,OK,ab4e5510a4bdb126b7f7f1ffc82894574b748aa733322fa71eb23ddafdec5313
2026-08-23,Teaching Vacancies,trust-attendance-improvement-officer,https://teaching-vacancies.service.gov.uk/jobs/trust-attendance-improvement-officer,TRUST ATTENDANCE IMPROVEMENT OFFICER,Enhance Academy Trust,"Bradford, BD1 4DY",BD1 4DY,NJC SCP 24 -27 (Full time equivalent salary: £35412 - £38220),2026-06-19,2026-08-31T23:59:00+01:00,['PART_TIME'],"Enhance Academy Trust is seeking to appoint a Trust Attendance Improvement Officer to join our established team, supporting our primary academies across Barnsley, Kirklees, and Wakefield. We are a successful and growing Church of England Multi-Academy Trust, currently comprising 16 primary academies and a Post‑16 Creative and Performing Arts free school. Our Trust Attendance Improvement Officer will play a key role in establishing a strong culture of attendance across all schools within the Trust. The role will involve both supporting and constructively challenging schools to develop and implement effective processes that address and overcome barriers to attendance faced by pupils and their families. We are seeking to appoint an experienced professional who can support schools in designing, implementing, and sustaining a Trust-wide attendance strategy that positively impacts pupil achievement. The successful candidate will be able to build strong relationships with staff, promote and embed effective practice, and confidently challenge school leaders and external partners where appropriate. This role will involve a blend of operational and strategic responsibilities. The postholder",administration-category,"Administration, HR, data and finance",16,"[{""page"": 16, ""query"": ""Administration, HR, data and finance"", ""route"": ""administration-category""}, {""page"": 17, ""query"": ""Administration, HR, data and finance"", ""route"": ""administration-category""}]",2,OK,f906c47516ebba7acb333580f743a8e7afe9485bd40fb00e3bd7a53eb32e7499
2026-08-23,Teaching Vacancies,trust-business-manager-asset-education,https://teaching-vacancies.service.gov.uk/jobs/trust-business-manager-asset-education,Trust Business Manager,Asset Education,"Ipswich, IP4 2LT",IP4 2LT,"£32,597.00 - £35,412.00 Annually (FTE) Grade 5, Point 20 to Point 24",2026-07-28,2026-08-31T23:59:00+01:00,['FULL_TIME'],"ASSET Education is an established primary multi-academy trust based in Ipswich and currently running 16 schools in Suffolk. We have a growing central team and work closely with staff in schools to enable support through collaboration and to build consistency across the trust. We are pleased to offer an exciting opportunity to join our central finance team to help support our schools with their business management needs. This role will involve directly supporting our schools with their budget setting and monitoring as well as liaising with the headteacher and other stakeholders to ensure the business success of the school. The role will also include some central finance team support as detailed in the job description. The successful candidate will need to be accurate, analytical, a good team player and motivated to provide great value to our schools. This is a new post to develop and deliver an excellent finance provision for schools. The person that we are looking for needs to: Have practical experience of using a computerised accounting system Be able to learn quickly and share knowledge Have a flexible and reliable approach Be an excellent communicator Have a pragmatic approach t",administration-category,"Administration, HR, data and finance",18,"[{""page"": 18, ""query"": ""Administration, HR, data and finance"", ""route"": ""administration-category""}]",1,OK,f8d3067b84e07d7be76bd722e826e734798eed0bf9d3538e439fdc7d0c40562b
2026-08-23,Teaching Vacancies,trust-executive-assistant-astrum-multi-academy-trust,https://teaching-vacancies.service.gov.uk/jobs/trust-executive-assistant-astrum-multi-academy-trust,Trust Executive Assistant,Astrum Multi Academy Trust,"Romford, RM6 4TR",RM6 4TR,"£36,689.00 - £37,789.00 Annually (FTE) OUTL6, Points 18-20 Actual Salary (Pro Rata - £17,379 - £17,900)",2026-07-22,2026-09-14T09:00:00+01:00,['PART_TIME'],"Join Us and Help Shape Futures at Astrum Multi Academy Trust Do you want to be part of something truly meaningful? At Astrum Multi Academy Trust, we’re on an ambitious journey to transform lives, and we’re looking for someone exceptional to join us. Founded in 2017, Astrum is a highly respected and growing Trust supporting pupils with a wide range of complex Special Educational Needs and disabilities. As we continue to expand our impact and reach, we remain grounded in our core values: Belonging, Ambition, Collaboration, Compassion, and Innovation. These aren’t just words, they shape how we work, how we lead, and how we support one another every day. We are now seeking a professional, highly organised, and proactive PA to the Executive Team, a pivotal role at the heart of our leadership during an exciting phase of growth. This is a part time / term time only role, 20 hours per week, 5 days per week. Cross site and hybrid working. This is more than a job, it’s an opportunity to: Belong: Be part of a supportive, inclusive community where your contribution is valued Be ambitious: Grow your career alongside a Trust that is expanding and striving for excellence Collaborate: Work with pa",administration-category,"Administration, HR, data and finance",48,"[{""page"": 48, ""query"": ""Administration, HR, data and finance"", ""route"": ""administration-category""}]",1,OK,443d6765a97fd842804379d9cf6485b637b7ecc80e612cec029f5ff0390b4c67
2026-08-23,Teaching Vacancies,trust-finance-assistant-spark-education-trust,https://teaching-vacancies.service.gov.uk/jobs/trust-finance-assistant-spark-education-trust,Trust Finance Assistant,Spark Education Trust,"Stockton-On-Tees, TS17 0RJ",TS17 0RJ,"£23,394 to £24,307",2026-08-17,2026-09-01T12:00:00+01:00,['FULL_TIME'],"About the Role Spark Education Trust are looking to appoint a highly motivated and suitably experienced individual for the role of Trust Finance Assistant. The post holder will be based at our Trust Offices at Whinstone Primary School working with our supportive and enthusiastic Central Finance Team. The Central Team are responsible for supporting 15 schools comprising of 4 secondary schools and 11 primary schools. Key responsibilities include: Processing invoices and resolving queries Processing income received and resolving queries Raising purchase orders on behalf of the Trust and academies. Processing debtors invoices as required Process expense claims in line with Trust procedures Assist in the administration and reconciliation of all credit card usage Assist with the collation of information and preparation of regular reports Liaising and dealing with financial enquiries and queries from staff and parents, particularly relating to Arbor payments. To maintain manual and computerised systems including inputting data, keeping records, statistics, confidential and general filing systems as directed. The right candidate: AAT level 2 qualified or relevant experience A strong team p",administration-category,"Administration, HR, data and finance",25,"[{""page"": 25, ""query"": ""Administration, HR, data and finance"", ""route"": ""administration-category""}]",1,OK,7fca2428e7944287f45b312eeb5a5c5293ce7242efb4cc31e07dfc09e4b8dee1
2026-08-23,Teaching Vacancies,trust-finance-manager-affinity-learning-partnership,https://teaching-vacancies.service.gov.uk/jobs/trust-finance-manager-affinity-learning-partnership,Trust Finance Manager,Affinity Learning Partnership,"Burton On Trent, DE13 0LL",DE13 0LL,"£39,152.00 - £44,075.00 Annually (FTE) Salary will be pro-rata'd based on working hours per week.",2026-08-21,2026-09-07T09:00:00+01:00,['PART_TIME'],"The Candidate Are you ready to take the next step in your finance career and make a real difference across our Trust? We are looking for an enthusiastic and experienced finance professional to join our Trust Central Team as a Trust Finance Manager. You’ll play a key role in supporting your allocated academies, working closely with Principals and Business Teams to provide insightful financial information, support effective budget management and help ensure our academies are financially well placed to succeed. You’ll bring proven finance experience, ideally within an education setting, alongside experience of managing budgets and a strong eye for detail. We’re looking for someone who is organised, confident with numbers and IT, able to build effective relationships and comfortable managing competing priorities. Most importantly, you’ll be a positive, proactive team player who enjoys working with others, embraces new ideas and is keen to make a difference. If you have a ‘can do’ attitude, take pride in delivering high standards and are committed to continuous learning and the values of Affinity Learning Partnership, we’d love to hear from you and explore what you could bring to our Fi",administration-category,"Administration, HR, data and finance",40,"[{""page"": 40, ""query"": ""Administration, HR, data and finance"", ""route"": ""administration-category""}]",1,OK,15a54d87affee3a908b027ab68d8fc2033906731627c38ba533f1574c42eb6e6
2026-08-23,Teaching Vacancies,trust-finance-manager-altrincham-college-altrincham-cheshire,https://teaching-vacancies.service.gov.uk/jobs/trust-finance-manager-altrincham-college-altrincham-cheshire,Trust Finance Manager,Altrincham College,"Altrincham, North West, WA15 8QW",WA15 8QW,"NJC Band 8 Points 30-32 (Actual Salary £37,771 - £39,681)",2026-08-13,2026-09-10T12:00:00+01:00,['FULL_TIME'],"Achieve and Learn Trust are seeking to appoint an experienced and highly motivated Trust Finance Manager responsible for delivering an effective, compliant and consistently high-quality financial management and reporting service for the Trust. This will be achieved through the implementation of robust, measurable systems and processes which maximise the use of resources and deliver best value. Reporting to the Chief Finance Officer, the successful candidate will be an integral part of the team, working in collaboration with staff members at each school, whilst managing a team of experienced Finance Officers based at the Trust Hub Offices at Altrincham College. The role demands strong organisational and people management skills and an ability to prioritise workloads. The successful candidate must have excellent interpersonal and leadership skills, as well as the ability to maintain a sense of calm in a busy school environment. We are looking for someone with: Management and leadership experience, preferably within an education or local authority setting. Experience of financial management – preparation of monthly accounts, budget analysis with the ability to provide financial guidan",administration-category,"Administration, HR, data and finance",45,"[{""page"": 45, ""query"": ""Administration, HR, data and finance"", ""route"": ""administration-category""}]",1,OK,1fc5c61ea9198308060c6f86cfcb59540f5b846dcece0213f8fb9146092b0537
2026-08-23,Teaching Vacancies,trust-finance-manager-the-diocese-of-worcester-multi-academy-trust-pershore-not-recorded,https://teaching-vacancies.service.gov.uk/jobs/trust-finance-manager-the-diocese-of-worcester-multi-academy-trust-pershore-not-recorded,Trust Finance Manager,The Diocese Of Worcester Multi Academy Trust,"Pershore, WR10 2AW",WR10 2AW,"£31,537.00 - £36,363.00 Annually (Actual) SC6 - SO1 (dependent on experience)",2026-07-01,2026-08-23T23:59:00+01:00,['FULL_TIME'],"We are looking to recruit two trust Finance Managers to join our expanding trust central finance team as we merge the Diocese of Worcester Multi Academy Trust and the Elements Diocesan Learning Trust. This post provides an exciting opportunity to work within a dedicated team; committed to the best deployment of our resources and to ensuring the effective and efficient use of our funding for the benefit of the children in our schools. We seek a person with financial experience, an astuteness for financial and accounting systems and an understanding of the importance of compliance with financial procedures. We seek a person who can provide an efficient, effective and transparent service, overseeing month end, year end and procurement whilst ensuring the trust's budget holders are supported in financial decision making. We will offer support and training to enable you to excel in this role. You will gain a wealth of experience of the education sector with opportunities for further development. In this role you will work within the central trust finance team, based at Drakes Broughton, Head Office or at one of the five Elements schools in Dudley (to be agreed whilst the Dudley office i",administration-category,"Administration, HR, data and finance",1,"[{""page"": 1, ""query"": ""Administration, HR, data and finance"", ""route"": ""administration-category""}]",1,OK,8db7490c2c0d1c9a98052a9c9f2b02b883d1c2a7dc7955c7e5712beb75726b52
2026-08-23,Teaching Vacancies,trust-finance-officer-act-multi-academy-trust,https://teaching-vacancies.service.gov.uk/jobs/trust-finance-officer-act-multi-academy-trust,Trust Finance Officer,Act Multi Academy Trust,"St. Neots, PE19 1NX",PE19 1NX,"£34,434.00 - £36,363.00 Annually (FTE)",2026-08-19,2026-09-25T12:00:00+01:00,['FULL_TIME'],"Join a finance team that makes every pound count. At ACT Multi Academy Trust, our finance team plays a vital role in supporting schools to deliver the very best education for pupils. As Trust Finance Officer, you will be at the heart of our finance operation, ensuring transactions are processed accurately, controls are maintained, and schools receive responsive, professional support. This is more than a transactional finance role. You'll gain experience across the full range of academy finance activities, working alongside experienced professionals in a Trust that is committed to investing in its people. If you are keen to develop your finance career, enjoy working with others and want your work to have a direct impact on the success of schools and children, we'd love to hear from you.",administration-category,"Administration, HR, data and finance",51,"[{""page"": 51, ""query"": ""Administration, HR, data and finance"", ""route"": ""administration-category""}]",1,OK,7dee40173fbfe1abc49fc299fbe1dfa8d27a343b47bbbd00018a54f361c66e88
2026-08-23,Teaching Vacancies,trust-finance-officer-f1cbc046-b59f-467c-960b-8fc5c55604ba,https://teaching-vacancies.service.gov.uk/jobs/trust-finance-officer-f1cbc046-b59f-467c-960b-8fc5c55604ba,Trust Finance Officer,Carlton Academy Trust,"Bradford, BD3 0DU",BD3 0DU,"£25,756.00 - £30,842.00 Annually (Actual) Band 7 - 8, Scale Points 11 - 22, 37 hours, TTO plus 10 days",2026-07-20,2026-09-04T10:00:00+01:00,['FULL_TIME'],"‘CAT employs rolling recruitment methodologies, with shortlisting and interviews for some roles taking place as and when applications are received. This may mean that some roles are recruited to before the closing date, we therefore advise that applications are made without undue delay’. Who We Are Carlton Academy Trust is a dynamic, values-driven multi-academy trust based in West Yorkshire. Established in 2019, with schools across Bradford and Leeds. Recognised as a World Class Trust by the World Class Schools Quality Mark, we are united by a clear vision: “Excellence for All”. Why Join Us? At Carlton Academy Trust, people are at the heart of everything we do. We are proud to foster an open, collaborative culture where every member of staff is empowered to lead, innovate, and make a meaningful impact. We invest in professional growth, provide clear career pathways, and celebrate success at every level. What makes us stand out: Employee wellbeing is extremely important to us, and we are proud to offer a comprehensive employee benefits package through the ‘Carlton Cares’ programme, designed to support physical, mental and financial wellbeing. Full details can be found at: Employee B",administration-category,"Administration, HR, data and finance",34,"[{""page"": 34, ""query"": ""Administration, HR, data and finance"", ""route"": ""administration-category""}]",1,OK,5e8ab2268e95fe9d70c285383fc7e403b4493083351855c24ba415207ed94b0b
2026-08-23,Teaching Vacancies,trust-finance-officer-mowbray-education-trust-limited-melton-mowbray-not-recorded,https://teaching-vacancies.service.gov.uk/jobs/trust-finance-officer-mowbray-education-trust-limited-melton-mowbray-not-recorded,Trust Finance Officer,Mowbray Education Trust Limited,"Melton Mowbray, LE13 0PB",LE13 0PB,"£23,193.24 - £25,158.65 Annually (Actual)",2026-08-14,2026-08-23T23:59:00+01:00,"['FULL_TIME', 'PART_TIME']","Trust Finance Officer Why Join Our Finance Team? Make a Difference - Support schools across the Trust and help ensure resources are used effectively to benefit pupils. Varied Role - Gain experience across a wide range of finance activities, including invoices, reconciliations, reporting, audits, and financial systems. Supportive Environment - Work alongside experienced colleagues in a collaborative and friendly team. Professional Development - Develop valuable finance and administration skills with opportunities to broaden your experience. Purpose-Driven Organisation - Be part of a Trust committed to delivering excellent education and positive outcomes for children and young people. Job Security and Stability - Join a well-established organisation with a strong focus on growth, quality, and continuous improvement. If you're organised, detail-oriented, and enjoy supporting others, we'd love to hear from you. About the Mowbray Education Trust The Mowbray Education Trust (MET) is a family of schools dedicated to providing children with a first-class education. Based in Leicestershire and reaching far beyond, our settings support pupils throughout their education journey, providing the",administration-category,"Administration, HR, data and finance",1,"[{""page"": 1, ""query"": ""Administration, HR, data and finance"", ""route"": ""administration-category""}]",1,OK,1006936d48973a73c5fc14ac09b0b3db035e558a58f19426a1da335a75ea4162
2026-08-23,Teaching Vacancies,trust-governance-manager-community-academies-trust,https://teaching-vacancies.service.gov.uk/jobs/trust-governance-manager-community-academies-trust,Trust Governance Manager,Community Academies Trust,"Tamworth, B77 4LS",B77 4LS,"£39,152.00 - £41,771.00 Annually (Actual)",2026-08-18,2026-09-13T23:59:00+01:00,['FULL_TIME'],"Trust Governance Manager Salary: £39,152 - £41,771 (PENDING PAY AWARD) Location: CAT Head Office, Tamworth Working pattern: 37 hours per week, whole year Disclosure level: Enhanced DBS Responsible to: Director of Operations and Compliance Community Academies Trust is seeking to appoint an experienced, highly organised and professional Trust Governance Manager to lead and develop effective governance across the Trust. This is an important role at the heart of our governance arrangements, providing expert advice, assurance and support to the Trust Board, Members, committees, local governors, senior leaders and governance professionals. The successful candidate will play a key role in ensuring that governance across the Trust is compliant, well-coordinated, transparent and effective. Working closely with the Director of Operations and Compliance, Deputy CEOs, Company Secretary, Trustees, School Standards Committees, Chairs, governors and clerks, you will help strengthen governance practice and support the Trust’s continued development. About the role As Trust Governance Manager, you will oversee governance effectiveness and compliance across the Trust, ensuring that statutory and regu",administration-category,"Administration, HR, data and finance",47,"[{""page"": 47, ""query"": ""Administration, HR, data and finance"", ""route"": ""administration-category""}]",1,OK,9a5b9d2555b6a261eab8588ef214602a78b89375a7b4f7f6eea50ccca0bad9b8
2026-08-23,Teaching Vacancies,trust-governance-professional-the-keys-academy-trust-reading-not-recorded,https://teaching-vacancies.service.gov.uk/jobs/trust-governance-professional-the-keys-academy-trust-reading-not-recorded,Trust Governance Professional,The Keys Academy Trust,"Reading, RG6 1EY",RG6 1EY,"£13,121.00 - £14,383.00 Annually (Actual) Grade 7 SCP 25-29",2026-06-05,2026-09-07T09:00:00+01:00,['PART_TIME'],"To oversee all aspects of governance effectiveness and compliance within TKAT, ensuring governance is effective, adheres to good practice and meets all statutory and regulatory requirements. The Governance Professional will play a vital role in leading and managing the efficient and effective operation of the Trust Board and its committees (CECE, FAPPP and RemCo) in carrying out its functions and driving improvements to systems, processes and structures. The purpose of the role is to: Support the efficient and effective operation of the Trust Board and it committees Ensure governance at all levels is carrying out its functions Lead on development of the Trust’s governance framework and driving improvements to its systems, processes and structures. Manage and coordinate the delivery and ongoing improvement of governance support across the Trust. Prepare annual company reports compliant with both financial and legal requirements Provide advice to trustees and governors on constitutional and procedural matters Keep up to date with policy, legal and statutory requirements and managing information effectively. We welcome informal discussions with our Chair of Trust Board or CEO and visi",administration-category,"Administration, HR, data and finance",39,"[{""page"": 39, ""query"": ""Administration, HR, data and finance"", ""route"": ""administration-category""}]",1,OK,de3ed1f296bb446a719dbbee6da7605933e1df202fc518a8f9bca3e541fcc4f7
2026-08-23,Teaching Vacancies,trust-hr-assistant-the-heath-family-north-west,https://teaching-vacancies.service.gov.uk/jobs/trust-hr-assistant-the-heath-family-north-west,Trust HR Assistant,The Heath Family (North West),"Runcorn, WA7 2QW",WA7 2QW,"NJC SCP 11-17 £28,142 - £31,022",2026-08-14,2026-09-04T09:00:00+01:00,['FULL_TIME'],"The Heath Family Trust is a dynamic and growing multi-academy trust dedicated to delivering excellent education and making a positive impact in our communities. With a commitment to fostering an inclusive, supportive, and high-performance culture, we strive to create an environment where both students and staff can thrive and flourish. We are now looking for an enthusiastic and detail-oriented HR Assistant to join our HR team and support our schools across the Trust. As a HR Assistant, you will play a crucial role in supporting the HR function within our Trust, helping to ensure a seamless experience for all staff. You will be involved in a variety of HR tasks, from recruitment and onboarding to managing HR Administration/Records, payroll assistance and supporting employees with a new HR management platform. This is a fantastic opportunity for someone with a passion for HR who wants to develop their skills in a fast-paced and supportive environment. We are looking for an organized, proactive and value driven individual with a genuine interest in HR and education. The ideal candidate will be a strong communicator, both verbally and written, a quick learner, and able to handle confid",administration-category,"Administration, HR, data and finance",33,"[{""page"": 33, ""query"": ""Administration, HR, data and finance"", ""route"": ""administration-category""}]",1,OK,0ba44479cfd95b119772ff63a661067c745f89a63c2ab80ae41f941f8b70994b
2026-08-23,Teaching Vacancies,trust-learning-development-l-d-coordinator,https://teaching-vacancies.service.gov.uk/jobs/trust-learning-development-l-d-coordinator,Trust Learning & Development (L&D) Coordinator,Special Partnership Trust,"Truro, TR1 1TE",TR1 1TE,"£32,203.00 Annually (Actual)",2026-07-27,2026-09-01T17:00:00+01:00,['FULL_TIME'],"About us: The Special Partnership Trust is an ambitious, inspirational organisation dedicated to raising the bar for SEND education across the Southwest. We dare to be different, we invest deeply in our people, and we strive every day to help our young people, and our staff, become the very best versions of themselves. We are now seeking a proactive, creative and highly organised Learning & Development Coordinator to help shape, deliver and elevate our Trust-wide CPD and workforce development offer. The Role: You will play a central role in designing, coordinating and promoting high‑quality learning experiences for colleagues across the Trust. This is a varied, impactful position combining L&D coordination, digital learning design, apprenticeship administration, event organisation and HR support. A key part of the role is supporting our Trust‑wide Learning Communities - specialist professional networks that bring colleagues together to share expertise, strengthen SEND practice and drive collaborative improvement. You will coordinate meeting schedules, manage communications, monitor attendance, prepare agendas and resources, and work closely with SEND Advisors to ensure each Learnin",administration-category,"Administration, HR, data and finance",25,"[{""page"": 25, ""query"": ""Administration, HR, data and finance"", ""route"": ""administration-category""}]",1,OK,10cfefd1f3ee0329a0a7030b828f770434fb6ae2bb3cb3c95524ca57207d54d5
2026-08-23,Teaching Vacancies,trust-management-accountant-special-partnership-trust,https://teaching-vacancies.service.gov.uk/jobs/trust-management-accountant-special-partnership-trust,Trust Management Accountant,Special Partnership Trust,"Truro, TR1 1TE",TR1 1TE,"£55,000.00 - £60,000.00 Annually (Actual) dependent upon experience and qualifications",2026-07-23,2026-09-01T17:00:00+01:00,['FULL_TIME'],"About Us The Special Partnership Trust (SPT) is a specialist multi-academy trust committed to improving the life chances of children and young people with special educational needs and disabilities (SEND). The Trust works across Cornwall, Devon, Torbay and neighbouring regions, delivering exceptional specialist education through a family of schools, outreach services and specialist provisions. At the heart of the Trust is a commitment to ensuring that every child and young person achieves their potential, develops independence, and experiences success in education and life. Collaboration, inclusion, innovation and continuous improvement underpin all aspects of our work. We believe that strong financial stewardship is essential to delivering high-quality educational outcomes. The Management Accountant plays a key role in ensuring the Trust's resources are managed effectively, providing robust financial information that supports strategic decision-making and enables the Trust to achieve its vision and ambitions. About the role Join the Special Partnership Trust as our new Trust Management Accountant and play a key role in shaping the financial strength of a growing, ambitious special",administration-category,"Administration, HR, data and finance",25,"[{""page"": 25, ""query"": ""Administration, HR, data and finance"", ""route"": ""administration-category""}]",1,OK,a4ef04db8a45b7baa1854389821bdc9581d06f1e98ba9caa800de9655327ef91
2026-08-23,Teaching Vacancies,trust-operations-assistant-discovery-educational-trust,https://teaching-vacancies.service.gov.uk/jobs/trust-operations-assistant-discovery-educational-trust,Trust Operations Assistant,Discovery Educational Trust,"Brentwood, CM13 2HG",CM13 2HG,"£18,566.00 - £18,856.00 Annually (Actual) Includes Fringe Allowance",2026-08-21,2026-09-02T23:59:00+01:00,['PART_TIME'],"Based at St Martin’s School, Brentwood, Essex (DET Central Team office) 25 hours per week, all year round Essex Scale 4 (pt 8-9): £27, 553 - £27,983* FTE inc. Fringe Allowance Actual salary: £18,566 - £18,856* inc. Fringe Allowance *based on Essex Schools Pay Scales 2025/26 We are excited to be growing our central Operations team and we are seeking a motivated and organised individual who can approach challenges with confidence. You will use your expertise to seek out effective solutions, and will be driven by the opportunity to contribute positively to the HR, Operations and Governance team. You will play a key role in supporting our schools with their operational processes, maintaining strong working relationships with all internal stakeholders, and contributing to wider HR, Operations and Governance team. Please note that this is a year round post (not a term-time position). Trust Employee Benefits We offer ongoing training and professional development for all staff in a supportive and collaborative environment. We offer the following benefits for employees: Pension scheme - also automatically includes Life Assurance Generous Referral Bonus for employees who refer quality candid",administration-category,"Administration, HR, data and finance",29,"[{""page"": 29, ""query"": ""Administration, HR, data and finance"", ""route"": ""administration-category""}]",1,OK,960e893d638cd165e7f59f48b7baa876e9b5cd00ebac2e5308b6560b4b7a75b3
2026-08-23,Teaching Vacancies,trust-operations-director,https://teaching-vacancies.service.gov.uk/jobs/trust-operations-director,Trust Operations Director,Isle Education Trust,"Doncaster, DN9 1HQ",DN9 1HQ,"£51,000.00 - £60,000.00 Annually (FTE)",2026-08-12,2026-08-24T09:00:00+01:00,['FULL_TIME'],"Isle Education Trust (IET) is a dynamic Multi-Academy Trust with academies across North Lincolnshire, currently comprising of four primary schools, a secondary school and an alternative provision, where we believe strongly in inspiring excellence together and being a place where communities matter and individuals thrive. This is a key role supporting the Executive Team and School Leaders ensuring operational excellence, strategic development and compliance. The Trust Operations Director ensures that all operational services are well planned, cost-effective, supportive and aligned to the Trust’s vision and ethos. At Isle Education Trust we believe that everyone who works with us has a positive impact on our students and communities, no matter what role they do. We value our people and to demonstrate that we offer excellent opportunities for professional growth. We provide flexible working arrangements to support work-life balance, generous pension schemes, wellbeing initiatives and family friendly policies. If you are passionate about providing outstanding professional support and making a meaningful contribution to our excellent trust, then we would be delighted to hear from you.",administration-category,"Administration, HR, data and finance",4,"[{""page"": 4, ""query"": ""Administration, HR, data and finance"", ""route"": ""administration-category""}]",1,OK,2f05a0b31f70f24040aa6d180c4b1f269c3bea84d16b04b9294071df5ae7749f
2026-08-23,Teaching Vacancies,trust-payroll-officer-a8f45de3-8ece-41fc-909e-9dacae971fa0,https://teaching-vacancies.service.gov.uk/jobs/trust-payroll-officer-a8f45de3-8ece-41fc-909e-9dacae971fa0,Trust Payroll Officer,Discovery Academy,"Stoke-on-Trent, West Midlands, ST2 0GA",ST2 0GA,,2026-07-29,2026-09-14T09:00:00+01:00,['PART_TIME'],"Chief Executive Officer: Mr S French | Required: As Soon As Possible | Trust Payroll Officer | Permanent | Term Time plus one week (40.2 weeks) | 20 hours per week | Level 6, Actual Salary £13,859 to £15,034 | Working over 3 or 4 days to be agreed at interview The Alpha Academies Trust (AAT) is seeking a Trust Payroll Officer to join our friendly and supportive Central Team. This is an excellent opportunity to play a key role in delivering accurate payroll services to over 500 staff across our Trust. We offer flexibility regarding how the 20 hours are worked across the week, it can be done over 3 or 4 days allowing the successful candidate to achieve a positive work-life balance. The successful applicant will bring: Payroll experience Understanding of HMRC payroll requirements Knowledge of pension schemes and employee pay arrangements Excellent attention to detail and data accuracy Strong customer service and communication skills Ability to manage confidential information professionally Good IT skills including Microsoft Office Our Trust has an amazing family of academies, and each has its own ethos and values that contribute to the wider Trust purpose. We are committed to deliveri",administration-category,"Administration, HR, data and finance",48,"[{""page"": 48, ""query"": ""Administration, HR, data and finance"", ""route"": ""administration-category""}]",1,OK,4465016bcf0e8b5c2d683e0d6229e725fd51cb079fb6e2675c104f0c12c66cf6
2026-08-23,Teaching Vacancies,trust-payroll-pensions-and-hr-officer,https://teaching-vacancies.service.gov.uk/jobs/trust-payroll-pensions-and-hr-officer,"Trust Payroll, Pensions and HR Officer",Act Multi Academy Trust,"St. Neots, PE19 1NX",PE19 1NX,"£35,412.00 - £39,152.00 Annually (FTE)",2026-08-19,2026-09-25T12:00:00+01:00,['FULL_TIME'],"Play a key role in supporting the people who make our schools successful. ACT Multi Academy Trust is seeking an organised, detail-focused and customer-oriented Payroll, Pensions and HR Officer to join our growing central team. This is an exciting opportunity to take ownership of payroll, pensions, recruitment administration and HR processes across our family of schools. Working closely with school leaders, administrators and the CFOO, you will help ensure that every employee receives an accurate and professional service throughout their employment journey, from recruitment and onboarding through to payroll, pensions and employee record management. The role combines technical administration, compliance and people support. You will lead the operational delivery of payroll and pensions processes, coordinate safer recruitment activity, maintain accurate HR records and contribute to workforce reporting and planning. Your work will play a vital role in ensuring that staffing information, payroll data and workforce records remain accurate, compliant and audit-ready. As ACT continues to grow, this role offers the opportunity to contribute to the development of Trust-wide systems, controls",administration-category,"Administration, HR, data and finance",51,"[{""page"": 51, ""query"": ""Administration, HR, data and finance"", ""route"": ""administration-category""}]",1,OK,d46c229d169a38d159ecd114074cd172f7c4e8de379239762bb0fd22fbd20f84
2026-08-23,Teaching Vacancies,trust-work-experience-industry-coordinator,https://teaching-vacancies.service.gov.uk/jobs/trust-work-experience-industry-coordinator,Trust Work Experience & Industry Coordinator,The Priory Federation Of Academies,"Lincoln, LN5 8RE",LN5 8RE,"PPS12 £28,598 Per Annum , Pro Rata £24,885 Per Annum",2026-08-17,2026-08-27T23:59:00+01:00,['FULL_TIME'],"We are excited to offer a rare opportunity for a passionate, dynamic and inspiring Trust Work Experience and Industry Coordinator to join our Careers Team. The opportunity to join the Careers Team within the Trust at a time of significant development is an exciting one. We have a new, national work experience guarantee from September, which the Trust have been at the forefront of national policy on, and our Academies have ambitious post-16 vocational and technical programmes which rely on the support of employers and industry. The role holder will deliver and implement the Trust’s strategy for the modern work experience guarantee, and support Academy Sixth Form teams in managing industry placements which are relevant and aspirational. The role will involve leading on our engagement with employers, and developing meaningful relationships and partnerships with businesses, to generate opportunities for our students to experience meaningful and high-quality industry placements and work experience opportunities. Working closely with Academy Careers Teams, you will coordinate high-quality work experience and industry placement programmes, ensuring they are safe, impactful and accessible",administration-category,"Administration, HR, data and finance",7,"[{""page"": 7, ""query"": ""Administration, HR, data and finance"", ""route"": ""administration-category""}]",1,OK,24b63d38d0c22fdd270ccf9e8dc83a75942207e2c83c2560f136d92776581bd6
2026-08-23,Teaching Vacancies,welfare-assistant-administrator,https://teaching-vacancies.service.gov.uk/jobs/welfare-assistant-administrator,Welfare Assistant & Administrator,James Elliman Academy,"Slough, South East, SL2 5BA",SL2 5BA,"£22,274 - £22,957 -",2026-07-20,2026-08-31T12:00:00+01:00,['FULL_TIME'],"Welfare Assistant & Administrator Salary: £22,274 - £22,957 - inclusive of fringe allowance Grade: 3 Hours: 36 hours per week, Monday to Friday, Work Pattern: term time only – 38 weeks per annum Contract: Permanent James Elliman Academy is a large, friendly and vibrant multi-cultural 3/4 form entry primary school (with over 700 children on roll) and part of The Park Federation Academy Trust. We are seeking to appoint a child-centred Welfare Assistant, who has high expectations of themselves and is committed to improving the lives of our children. This is an exciting opportunity to work with a primary school rated as GOOD by Ofsted (2018). Our partnership with The Park Federation Academy Trust means there are a host of professional development opportunities that will further your own skills, knowledge and expertise.",keyword:administrator,administrator,4,"[{""page"": 4, ""query"": ""administrator"", ""route"": ""keyword:administrator""}]",1,OK,210d56db4d638bcc27eb26d2d1c35447d61d6e778645825437167ea12568e576
2026-08-23,Teaching Vacancies,welfare-assistant-administrator-james-elliman-academy,https://teaching-vacancies.service.gov.uk/jobs/welfare-assistant-administrator-james-elliman-academy,Welfare Assistant & Administrator,James Elliman Academy,"Slough, South East, SL2 5BA",SL2 5BA,"£22,274.00 - £22,957.00 Annually (Actual)",2026-07-30,2026-09-30T12:00:00+01:00,['FULL_TIME'],"Welfare Assistant & Administrator Salary: £22,274 - £22,957 - inclusive of fringe allowance Grade: 3 Hours: 36 hours per week, Monday to Friday, Work Pattern: term time only - 38 weeks per annum Contract : Permanent James Elliman Academy is a large, friendly and vibrant multi-cultural 3/4 form entry primary school (with over 700 children on roll) and part of The Park Federation Academy Trust. We are seeking to appoint a child-centred Welfare Assistant, who has high expectations of themselves and is committed to improving the lives of our children. This is an exciting opportunity to work with a primary school rated as GOOD by Ofsted (2018). Our partnership with The Park Federation Academy Trust means there are a host of professional development opportunities that will further your own skills, knowledge and expertise. We are looking to appoint an individual who: enjoys working with children and can establish a positive relationship to help them with their welfare needs has excellent communication skills is fluent in English and ideally a community language can supervise and interact with children and manage their behaviour in a positive way has an understanding of first aid, health a",keyword:administrator,administrator,12,"[{""page"": 12, ""query"": ""administrator"", ""route"": ""keyword:administrator""}]",1,OK,6404079a30d8438bad9c65b1638355e59eeacaff44b2fbe26d8eeb7ce0630a28
