confidence,duplicate_basis,job_id_1,job_id_2,title,location,advertiser_1,advertiser_2,salary_1,salary_2,description_similarity
LIKELY_DUPLICATE,same title/location/advertiser + salary + very similar description,107954705,107954751,3.5T Driver,Somerset,Swift Temps South West,Swift Temps South West,13.37 | 13.37 | Hourly,13.37 | 13.37 | Hourly,0.818
LIKELY_DUPLICATE,same title/location/advertiser + salary + very similar description,1847839,1847835,Account Executive,Yorkshire,Stride Resource Management,Stride Resource Management,65000.00 | 65000.00 | Annual,65000.00 | 65000.00 | Annual,0.961
LIKELY_DUPLICATE,same title/location/advertiser + salary + very similar description,2050334,2050332,Accountant,Essex,Reed,Reed,25.00 | 25.00 | Hourly,25.00 | 25.00 | Hourly,0.992
LIKELY_DUPLICATE,same title/location/advertiser + salary + very similar description,2047012,2047011,Accounts Manager-step up for Semi Senior/Senior Accountant,Cambridgeshire,Reed,Reed,Annual,Annual,0.991
LIKELY_DUPLICATE,same title/location/advertiser + salary + very similar description,2047013,2047011,Accounts Manager-step up for Semi Senior/Senior Accountant,Cambridgeshire,Reed,Reed,Annual,Annual,0.990
LIKELY_DUPLICATE,same title/location/advertiser + salary + very similar description,2047013,2047012,Accounts Manager-step up for Semi Senior/Senior Accountant,Cambridgeshire,Reed,Reed,Annual,Annual,0.990
LIKELY_DUPLICATE,same title/location/advertiser + salary + very similar description,2049165,2049157,Accounts Semi Senior,Essex,Reed,Reed,30000.00 | 35000.00 | Annual,30000.00 | 35000.00 | Annual,0.985
LIKELY_DUPLICATE,same title/location/advertiser + salary + very similar description,2042566,2042562,Accounts Senior,Hampshire,Accountancy Expertise Ltd,Accountancy Expertise Ltd,Annual,Annual,0.974
LIKELY_DUPLICATE,same title/location/advertiser + salary + very similar description,1891030,2039837,Actuarial Reserving Manager (Motor),London,High Finance (UK) Limited T/A HFG,High Finance (UK) Limited T/A HFG,Annual,Annual,0.970
LIKELY_DUPLICATE,same title/location/advertiser + salary + very similar description,107933996,107934008,Adult Clinical Lead,Staffordshire,Leaders In Care Recruitment Ltd,Leaders In Care Recruitment Ltd,50000.00 | 50000.00 | Annual,50000.00 | 50000.00 | Annual,0.910
LIKELY_DUPLICATE,same title/location/advertiser + salary + very similar description,20279_62575,20279_62575-7190aefafbcc0317f221abc012c437ee,Apprentice Sales Advisor,Mid Glamorgan,EE,EE,Annual,Annual,0.988
LIKELY_DUPLICATE,same title/location/advertiser + salary + very similar description,107875874,107875695,Aspiring Child Psychologist,Surrey,Academics,Academics,93.00 | 110.00 | Daily,93.00 | 110.00 | Daily,0.926
LIKELY_DUPLICATE,same title/location/advertiser + salary + very similar description,107926898,107933730,Aspiring Educational Psychologist,Sussex,Academics,Academics,93.00 | 105.00 | Daily,93.00 | 105.00 | Daily,0.910
LIKELY_DUPLICATE,same title/location/advertiser + salary + very similar description,107923125,107923123,Assessment Nurse,Shropshire,Donard Recruitment Ltd,Donard Recruitment Ltd,40000.00 | 40000.00 | Annual,40000.00 | 40000.00 | Annual,0.943
LIKELY_DUPLICATE,same title/location/advertiser + salary + very similar description,2036978,2036935,Assistant Lettings Manager,Oxfordshire,Worth Recruiting - Property Industry Recruitment,Worth Recruiting - Property Industry Recruitment,50000.00 | 50000.00 | Annual,50000.00 | 50000.00 | Annual,0.966
LIKELY_DUPLICATE,same title/location/advertiser + salary + very similar description,1958427,1961805,Assistant Manger of Events,London,Ryder Reid Legal Ltd,Ryder Reid Legal Ltd,Annual,Annual,0.969
LIKELY_DUPLICATE,same title/location/advertiser + salary + very similar description,2045194,2045192,B2B Marketing Executive,Kent,Reed,Reed,Annual,Annual,0.984
LIKELY_DUPLICATE,same title/location/advertiser + salary + very similar description,2045195,2045192,B2B Marketing Executive,Kent,Reed,Reed,Annual,Annual,0.985
LIKELY_DUPLICATE,same title/location/advertiser + salary + very similar description,2045195,2045194,B2B Marketing Executive,Kent,Reed,Reed,Annual,Annual,0.982
LIKELY_DUPLICATE,same title/location/advertiser + salary + very similar description,1912120,1912698,Bank Support Worker,Essex,Cygnet,Cygnet,Hourly,Hourly,0.841
LIKELY_DUPLICATE,same title/location/advertiser + salary + very similar description,1982400,2039977,Bank Supported Housing Support Worker,Sussex,YMCA Downslink Group,YMCA Downslink Group,Annual,Annual,0.867
LIKELY_DUPLICATE,same title/location/advertiser + salary + very similar description,1851018,1851011,Branch Manager,Devon,AMR - Specialist Property Recruiters,AMR - Specialist Property Recruiters,30000.00 | 30000.00 | Annual,30000.00 | 30000.00 | Annual,0.985
LIKELY_DUPLICATE,same title/location/advertiser + salary + very similar description,1898961,1899034,Broker Manager,Hampshire,M2 Professional Recruitment Services Ltd,M2 Professional Recruitment Services Ltd,Annual,Annual,0.976
LIKELY_DUPLICATE,same title/location/advertiser + salary + very similar description,107933103,107933104,Business Development Consultant - Graduate or Graduate Calibre,Gloucestershire,Celsius Graduate Recruitment,Celsius Graduate Recruitment,50000.00 | 50000.00 | Annual,50000.00 | 50000.00 | Annual,0.937
LIKELY_DUPLICATE,same title/location/advertiser + salary + very similar description,107781803,107781804,Business Development Consultant - Graduate or Graduate Calibre,Sussex,Celsius Graduate Recruitment,Celsius Graduate Recruitment,50000.00 | 50000.00 | Annual,50000.00 | 50000.00 | Annual,0.935
LIKELY_DUPLICATE,same title/location/advertiser + salary + very similar description,107932830,107781803,Business Development Consultant - Graduate or Graduate Calibre,Sussex,Celsius Graduate Recruitment,Celsius Graduate Recruitment,50000.00 | 50000.00 | Annual,50000.00 | 50000.00 | Annual,0.939
LIKELY_DUPLICATE,same title/location/advertiser + salary + very similar description,107932830,107781804,Business Development Consultant - Graduate or Graduate Calibre,Sussex,Celsius Graduate Recruitment,Celsius Graduate Recruitment,50000.00 | 50000.00 | Annual,50000.00 | 50000.00 | Annual,0.941
LIKELY_DUPLICATE,same title/location/advertiser + salary + very similar description,20279_62802-89740a075c6163b74ea2c52702062e5d,20279_62802-068b75aa1a01511b177e669750cffe5a,Call Centre Agent,Mid Glamorgan,EE,EE,Annual,Annual,0.989
LIKELY_DUPLICATE,same title/location/advertiser + salary + very similar description,20279_62587-89740a075c6163b74ea2c52702062e5d,20279_62587-c101b319bc137225fafa61aeaba6dc30,Call Centre Agent - Uncapped Commission,Angus,EE,EE,Annual,Annual,0.989
LIKELY_DUPLICATE,same title/location/advertiser + salary + very similar description,20279_62587-bfc8f1e6df89e3f82c401f5fd9bfa1f6,20279_62587-89740a075c6163b74ea2c52702062e5d,Call Centre Agent - Uncapped Commission,Angus,EE,EE,Annual,Annual,0.990
LIKELY_DUPLICATE,same title/location/advertiser + salary + very similar description,20279_62587-bfc8f1e6df89e3f82c401f5fd9bfa1f6,20279_62587-c101b319bc137225fafa61aeaba6dc30,Call Centre Agent - Uncapped Commission,Angus,EE,EE,Annual,Annual,0.989
LIKELY_DUPLICATE,same title/location/advertiser + salary + very similar description,20279_62648-22e23270f8ebd14d8abcf367c9b0bdc1,20279_62648-89740a075c6163b74ea2c52702062e5d,Call Centre Agent - Uncapped Commission,Cheshire,EE,EE,Annual,Annual,0.990
LIKELY_DUPLICATE,same title/location/advertiser + salary + very similar description,20279_62648-97868bcab5ea2ebd43f55cf59028e39c,20279_62648-22e23270f8ebd14d8abcf367c9b0bdc1,Call Centre Agent - Uncapped Commission,Cheshire,EE,EE,Annual,Annual,0.989
LIKELY_DUPLICATE,same title/location/advertiser + salary + very similar description,20279_62648-97868bcab5ea2ebd43f55cf59028e39c,20279_62648-89740a075c6163b74ea2c52702062e5d,Call Centre Agent - Uncapped Commission,Cheshire,EE,EE,Annual,Annual,0.990
LIKELY_DUPLICATE,same title/location/advertiser + salary + very similar description,20279_62648-97868bcab5ea2ebd43f55cf59028e39c,20279_62648-acae1f6c5bc74101c4f7e20ffb81ad67,Call Centre Agent - Uncapped Commission,Cheshire,EE,EE,Annual,Annual,0.989
LIKELY_DUPLICATE,same title/location/advertiser + salary + very similar description,20279_62648-97868bcab5ea2ebd43f55cf59028e39c,20279_62648-ca303eac9d601a8b4b3e2629f842f6a8,Call Centre Agent - Uncapped Commission,Cheshire,EE,EE,Annual,Annual,0.993
LIKELY_DUPLICATE,same title/location/advertiser + salary + very similar description,20279_62648-97868bcab5ea2ebd43f55cf59028e39c,20279_62648-fb5fb9f58e831eea55d967facf062f17,Call Centre Agent - Uncapped Commission,Cheshire,EE,EE,Annual,Annual,0.989
LIKELY_DUPLICATE,same title/location/advertiser + salary + very similar description,20279_62648-acae1f6c5bc74101c4f7e20ffb81ad67,20279_62648-22e23270f8ebd14d8abcf367c9b0bdc1,Call Centre Agent - Uncapped Commission,Cheshire,EE,EE,Annual,Annual,0.989
LIKELY_DUPLICATE,same title/location/advertiser + salary + very similar description,20279_62648-acae1f6c5bc74101c4f7e20ffb81ad67,20279_62648-89740a075c6163b74ea2c52702062e5d,Call Centre Agent - Uncapped Commission,Cheshire,EE,EE,Annual,Annual,0.989
LIKELY_DUPLICATE,same title/location/advertiser + salary + very similar description,20279_62648-acae1f6c5bc74101c4f7e20ffb81ad67,20279_62648-fb5fb9f58e831eea55d967facf062f17,Call Centre Agent - Uncapped Commission,Cheshire,EE,EE,Annual,Annual,0.990
LIKELY_DUPLICATE,same title/location/advertiser + salary + very similar description,20279_62648-ca303eac9d601a8b4b3e2629f842f6a8,20279_62648-22e23270f8ebd14d8abcf367c9b0bdc1,Call Centre Agent - Uncapped Commission,Cheshire,EE,EE,Annual,Annual,0.989
LIKELY_DUPLICATE,same title/location/advertiser + salary + very similar description,20279_62648-ca303eac9d601a8b4b3e2629f842f6a8,20279_62648-89740a075c6163b74ea2c52702062e5d,Call Centre Agent - Uncapped Commission,Cheshire,EE,EE,Annual,Annual,0.990
LIKELY_DUPLICATE,same title/location/advertiser + salary + very similar description,20279_62648-ca303eac9d601a8b4b3e2629f842f6a8,20279_62648-acae1f6c5bc74101c4f7e20ffb81ad67,Call Centre Agent - Uncapped Commission,Cheshire,EE,EE,Annual,Annual,0.990
LIKELY_DUPLICATE,same title/location/advertiser + salary + very similar description,20279_62648-ca303eac9d601a8b4b3e2629f842f6a8,20279_62648-fb5fb9f58e831eea55d967facf062f17,Call Centre Agent - Uncapped Commission,Cheshire,EE,EE,Annual,Annual,0.990
LIKELY_DUPLICATE,same title/location/advertiser + salary + very similar description,20279_62648-f95fb0abe95ec1d699d270ffff941d6f,20279_62648-22e23270f8ebd14d8abcf367c9b0bdc1,Call Centre Agent - Uncapped Commission,Cheshire,EE,EE,Annual,Annual,0.989
LIKELY_DUPLICATE,same title/location/advertiser + salary + very similar description,20279_62648-f95fb0abe95ec1d699d270ffff941d6f,20279_62648-89740a075c6163b74ea2c52702062e5d,Call Centre Agent - Uncapped Commission,Cheshire,EE,EE,Annual,Annual,0.989
LIKELY_DUPLICATE,same title/location/advertiser + salary + very similar description,20279_62648-f95fb0abe95ec1d699d270ffff941d6f,20279_62648-97868bcab5ea2ebd43f55cf59028e39c,Call Centre Agent - Uncapped Commission,Cheshire,EE,EE,Annual,Annual,0.989
LIKELY_DUPLICATE,same title/location/advertiser + salary + very similar description,20279_62648-f95fb0abe95ec1d699d270ffff941d6f,20279_62648-acae1f6c5bc74101c4f7e20ffb81ad67,Call Centre Agent - Uncapped Commission,Cheshire,EE,EE,Annual,Annual,0.990
LIKELY_DUPLICATE,same title/location/advertiser + salary + very similar description,20279_62648-f95fb0abe95ec1d699d270ffff941d6f,20279_62648-ca303eac9d601a8b4b3e2629f842f6a8,Call Centre Agent - Uncapped Commission,Cheshire,EE,EE,Annual,Annual,0.989
LIKELY_DUPLICATE,same title/location/advertiser + salary + very similar description,20279_62648-f95fb0abe95ec1d699d270ffff941d6f,20279_62648-fb5fb9f58e831eea55d967facf062f17,Call Centre Agent - Uncapped Commission,Cheshire,EE,EE,Annual,Annual,0.989
LIKELY_DUPLICATE,same title/location/advertiser + salary + very similar description,20279_62648-fb5fb9f58e831eea55d967facf062f17,20279_62648-22e23270f8ebd14d8abcf367c9b0bdc1,Call Centre Agent - Uncapped Commission,Cheshire,EE,EE,Annual,Annual,0.989
LIKELY_DUPLICATE,same title/location/advertiser + salary + very similar description,20279_62648-fb5fb9f58e831eea55d967facf062f17,20279_62648-89740a075c6163b74ea2c52702062e5d,Call Centre Agent - Uncapped Commission,Cheshire,EE,EE,Annual,Annual,0.989
LIKELY_DUPLICATE,same title/location/advertiser + salary + very similar description,20279_62587-85bda5f69968db009ec735a538b82aa3,20279_62587-13a1a275fde8e29ed03de08c3cac5658,Call Centre Agent - Uncapped Commission,Fife,EE,EE,Annual,Annual,0.988
LIKELY_DUPLICATE,same title/location/advertiser + salary + very similar description,20279_62587-df1ef0f173cc3416ac9034d3711e128d,20279_62587-13a1a275fde8e29ed03de08c3cac5658,Call Centre Agent - Uncapped Commission,Fife,EE,EE,Annual,Annual,0.988
LIKELY_DUPLICATE,same title/location/advertiser + salary + very similar description,20279_62587-df1ef0f173cc3416ac9034d3711e128d,20279_62587-85bda5f69968db009ec735a538b82aa3,Call Centre Agent - Uncapped Commission,Fife,EE,EE,Annual,Annual,0.989
LIKELY_DUPLICATE,same title/location/advertiser + salary + very similar description,20279_62802-73862c8b83139033e4e4a8b6efca9a33,20279_62802-8046cdcac2a9a0c496268f819792a787,Call Centre Operator,Mid Glamorgan,EE,EE,Annual,Annual,0.990
LIKELY_DUPLICATE,same title/location/advertiser + salary + very similar description,20279_62587-73862c8b83139033e4e4a8b6efca9a33,20279_62587-22836ab78f967a50ab83122179a7cae7,Call Centre Operator - Uncapped Commission,Angus,EE,EE,Annual,Annual,0.989
LIKELY_DUPLICATE,same title/location/advertiser + salary + very similar description,20279_62587-73862c8b83139033e4e4a8b6efca9a33,20279_62587-cec6ad1c58e7d10254c15b1f63dc1f61,Call Centre Operator - Uncapped Commission,Angus,EE,EE,Annual,Annual,0.992
LIKELY_DUPLICATE,same title/location/advertiser + salary + very similar description,20279_62587-cec6ad1c58e7d10254c15b1f63dc1f61,20279_62587-22836ab78f967a50ab83122179a7cae7,Call Centre Operator - Uncapped Commission,Angus,EE,EE,Annual,Annual,0.989
LIKELY_DUPLICATE,same title/location/advertiser + salary + very similar description,20279_62648-2848878a98147df0051e7d135d2d5210,20279_62648-00a9a6350da241ecc876a19e242c605c,Call Centre Operator - Uncapped Commission,Cheshire,EE,EE,Annual,Annual,0.989
LIKELY_DUPLICATE,same title/location/advertiser + salary + very similar description,20279_62648-73862c8b83139033e4e4a8b6efca9a33,20279_62648-00a9a6350da241ecc876a19e242c605c,Call Centre Operator - Uncapped Commission,Cheshire,EE,EE,Annual,Annual,0.990
LIKELY_DUPLICATE,same title/location/advertiser + salary + very similar description,20279_62648-73862c8b83139033e4e4a8b6efca9a33,20279_62648-2848878a98147df0051e7d135d2d5210,Call Centre Operator - Uncapped Commission,Cheshire,EE,EE,Annual,Annual,0.990
LIKELY_DUPLICATE,same title/location/advertiser + salary + very similar description,20279_62648-73862c8b83139033e4e4a8b6efca9a33,20279_62648-bebd6b72712070dd058ae6bc358e899c,Call Centre Operator - Uncapped Commission,Cheshire,EE,EE,Annual,Annual,0.990
LIKELY_DUPLICATE,same title/location/advertiser + salary + very similar description,20279_62648-73862c8b83139033e4e4a8b6efca9a33,20279_62648-d1c6bd5673f826e43797e1c92de24d69,Call Centre Operator - Uncapped Commission,Cheshire,EE,EE,Annual,Annual,0.990
LIKELY_DUPLICATE,same title/location/advertiser + salary + very similar description,20279_62648-73862c8b83139033e4e4a8b6efca9a33,20279_62648-e22242ba84bf98abd1c8488521625d74,Call Centre Operator - Uncapped Commission,Cheshire,EE,EE,Annual,Annual,0.990
LIKELY_DUPLICATE,same title/location/advertiser + salary + very similar description,20279_62648-bebd6b72712070dd058ae6bc358e899c,20279_62648-00a9a6350da241ecc876a19e242c605c,Call Centre Operator - Uncapped Commission,Cheshire,EE,EE,Annual,Annual,0.989
LIKELY_DUPLICATE,same title/location/advertiser + salary + very similar description,20279_62648-bebd6b72712070dd058ae6bc358e899c,20279_62648-2848878a98147df0051e7d135d2d5210,Call Centre Operator - Uncapped Commission,Cheshire,EE,EE,Annual,Annual,0.990
LIKELY_DUPLICATE,same title/location/advertiser + salary + very similar description,20279_62648-d1c6bd5673f826e43797e1c92de24d69,20279_62648-00a9a6350da241ecc876a19e242c605c,Call Centre Operator - Uncapped Commission,Cheshire,EE,EE,Annual,Annual,0.991
LIKELY_DUPLICATE,same title/location/advertiser + salary + very similar description,20279_62648-d1c6bd5673f826e43797e1c92de24d69,20279_62648-2848878a98147df0051e7d135d2d5210,Call Centre Operator - Uncapped Commission,Cheshire,EE,EE,Annual,Annual,0.990
LIKELY_DUPLICATE,same title/location/advertiser + salary + very similar description,20279_62648-d1c6bd5673f826e43797e1c92de24d69,20279_62648-bebd6b72712070dd058ae6bc358e899c,Call Centre Operator - Uncapped Commission,Cheshire,EE,EE,Annual,Annual,0.989
LIKELY_DUPLICATE,same title/location/advertiser + salary + very similar description,20279_62648-df37f60d32f252fe49c310f2c35d688a,20279_62648-00a9a6350da241ecc876a19e242c605c,Call Centre Operator - Uncapped Commission,Cheshire,EE,EE,Annual,Annual,0.990
LIKELY_DUPLICATE,same title/location/advertiser + salary + very similar description,20279_62648-df37f60d32f252fe49c310f2c35d688a,20279_62648-2848878a98147df0051e7d135d2d5210,Call Centre Operator - Uncapped Commission,Cheshire,EE,EE,Annual,Annual,0.994
LIKELY_DUPLICATE,same title/location/advertiser + salary + very similar description,20279_62648-df37f60d32f252fe49c310f2c35d688a,20279_62648-73862c8b83139033e4e4a8b6efca9a33,Call Centre Operator - Uncapped Commission,Cheshire,EE,EE,Annual,Annual,0.989
LIKELY_DUPLICATE,same title/location/advertiser + salary + very similar description,20279_62648-df37f60d32f252fe49c310f2c35d688a,20279_62648-bebd6b72712070dd058ae6bc358e899c,Call Centre Operator - Uncapped Commission,Cheshire,EE,EE,Annual,Annual,0.990
LIKELY_DUPLICATE,same title/location/advertiser + salary + very similar description,20279_62648-df37f60d32f252fe49c310f2c35d688a,20279_62648-d1c6bd5673f826e43797e1c92de24d69,Call Centre Operator - Uncapped Commission,Cheshire,EE,EE,Annual,Annual,0.990
LIKELY_DUPLICATE,same title/location/advertiser + salary + very similar description,20279_62648-df37f60d32f252fe49c310f2c35d688a,20279_62648-e22242ba84bf98abd1c8488521625d74,Call Centre Operator - Uncapped Commission,Cheshire,EE,EE,Annual,Annual,0.989
LIKELY_DUPLICATE,same title/location/advertiser + salary + very similar description,20279_62648-e22242ba84bf98abd1c8488521625d74,20279_62648-00a9a6350da241ecc876a19e242c605c,Call Centre Operator - Uncapped Commission,Cheshire,EE,EE,Annual,Annual,0.988
LIKELY_DUPLICATE,same title/location/advertiser + salary + very similar description,20279_62648-e22242ba84bf98abd1c8488521625d74,20279_62648-2848878a98147df0051e7d135d2d5210,Call Centre Operator - Uncapped Commission,Cheshire,EE,EE,Annual,Annual,0.989
LIKELY_DUPLICATE,same title/location/advertiser + salary + very similar description,20279_62648-e22242ba84bf98abd1c8488521625d74,20279_62648-bebd6b72712070dd058ae6bc358e899c,Call Centre Operator - Uncapped Commission,Cheshire,EE,EE,Annual,Annual,0.989
LIKELY_DUPLICATE,same title/location/advertiser + salary + very similar description,20279_62648-e22242ba84bf98abd1c8488521625d74,20279_62648-d1c6bd5673f826e43797e1c92de24d69,Call Centre Operator - Uncapped Commission,Cheshire,EE,EE,Annual,Annual,0.989
LIKELY_DUPLICATE,same title/location/advertiser + salary + very similar description,20279_62587-3667c2419ce53bcfc0b1ee36d6113fc7,20279_62587-e30d0db916659b1c87d6af5c544ebdc1,Call Centre Operator - Uncapped Commission,Fife,EE,EE,Annual,Annual,0.988
LIKELY_DUPLICATE,same title/location/advertiser + salary + very similar description,20279_62587-622e05dc0a3ef11dd20e889d3e7be357,20279_62587-3667c2419ce53bcfc0b1ee36d6113fc7,Call Centre Operator - Uncapped Commission,Fife,EE,EE,Annual,Annual,0.989
LIKELY_DUPLICATE,same title/location/advertiser + salary + very similar description,20279_62587-622e05dc0a3ef11dd20e889d3e7be357,20279_62587-e30d0db916659b1c87d6af5c544ebdc1,Call Centre Operator - Uncapped Commission,Fife,EE,EE,Annual,Annual,0.989
LIKELY_DUPLICATE,same title/location/advertiser + salary + very similar description,1897920,1898029,Car Delivery Driver,Lancashire,Domino&;s,Domino&;s,Annual,Annual,0.990
LIKELY_DUPLICATE,same title/location/advertiser + salary + very similar description,1898306,1897920,Car Delivery Driver,Lancashire,Domino&;s,Domino&;s,Annual,Annual,0.990
LIKELY_DUPLICATE,same title/location/advertiser + salary + very similar description,1898306,1898029,Car Delivery Driver,Lancashire,Domino&;s,Domino&;s,Annual,Annual,0.990
LIKELY_DUPLICATE,same title/location/advertiser + salary + very similar description,1401785443,1401785277,Care Assistant,Hampshire,Hampshire County Council,Hampshire County Council,26018.00 | 27111.00 | Annual,26018.00 | 27111.00 | Annual,0.908
LIKELY_DUPLICATE,same title/location/advertiser + salary + very similar description,107921340,107921392,Care Assistant,Tyne And Wear,Care UK,Care UK,Annual,Annual,0.943
LIKELY_DUPLICATE,same title/location/advertiser + salary + very similar description,1852319,1852312,Care assistant/ Support worker,Cambridgeshire,PROXYCARE LIMITED,PROXYCARE LIMITED,Annual,Annual,0.989
LIKELY_DUPLICATE,same title/location/advertiser + salary + very similar description,2050378,2050287,Casualty/Liability Claims Technician - Fully Remote,Yorkshire,Exchange Street Claims & Financial Services,Exchange Street Claims & Financial Services,Annual,Annual,0.961
LIKELY_DUPLICATE,same title/location/advertiser + salary + very similar description,1884744,1986539,Children Law Solicitor,Lincolnshire,G2 Legal Limited,G2 Legal Limited,Annual,Annual,0.978
LIKELY_DUPLICATE,same title/location/advertiser + salary + very similar description,1994876,2012364,Children's Support Worker,Clwyd,Active Care Group,Active Care Group,14.00 | 14.00 | Hourly,14.00 | 14.00 | Hourly,0.991
LIKELY_DUPLICATE,same title/location/advertiser + salary + very similar description,1994877,1994876,Children's Support Worker,Clwyd,Active Care Group,Active Care Group,14.00 | 14.00 | Hourly,14.00 | 14.00 | Hourly,0.989
LIKELY_DUPLICATE,same title/location/advertiser + salary + very similar description,1994877,2012364,Children's Support Worker,Clwyd,Active Care Group,Active Care Group,14.00 | 14.00 | Hourly,14.00 | 14.00 | Hourly,0.989
LIKELY_DUPLICATE,same title/location/advertiser + salary + very similar description,1996085,1994876,Children's Support Worker,Clwyd,Active Care Group,Active Care Group,14.00 | 14.00 | Hourly,14.00 | 14.00 | Hourly,0.988
LIKELY_DUPLICATE,same title/location/advertiser + salary + very similar description,1996085,1994877,Children's Support Worker,Clwyd,Active Care Group,Active Care Group,14.00 | 14.00 | Hourly,14.00 | 14.00 | Hourly,0.989
LIKELY_DUPLICATE,same title/location/advertiser + salary + very similar description,1996085,2012364,Children's Support Worker,Clwyd,Active Care Group,Active Care Group,14.00 | 14.00 | Hourly,14.00 | 14.00 | Hourly,0.989
LIKELY_DUPLICATE,same title/location/advertiser + salary + very similar description,1996086,1994876,Children's Support Worker,Clwyd,Active Care Group,Active Care Group,14.00 | 14.00 | Hourly,14.00 | 14.00 | Hourly,0.990
LIKELY_DUPLICATE,same title/location/advertiser + salary + very similar description,1996086,1994877,Children's Support Worker,Clwyd,Active Care Group,Active Care Group,14.00 | 14.00 | Hourly,14.00 | 14.00 | Hourly,0.990
LIKELY_DUPLICATE,same title/location/advertiser + salary + very similar description,1996086,1996085,Children's Support Worker,Clwyd,Active Care Group,Active Care Group,14.00 | 14.00 | Hourly,14.00 | 14.00 | Hourly,0.991
LIKELY_DUPLICATE,same title/location/advertiser + salary + very similar description,1996086,2012364,Children's Support Worker,Clwyd,Active Care Group,Active Care Group,14.00 | 14.00 | Hourly,14.00 | 14.00 | Hourly,0.991
LIKELY_DUPLICATE,same title/location/advertiser + salary + very similar description,1906613,1906609,Claims Handler,Dunbartonshire,Adjusting Appointments Limited,Adjusting Appointments Limited,Annual,Annual,0.985
LIKELY_DUPLICATE,same title/location/advertiser + salary + very similar description,1906611,1906610,Claims Handler,Lanarkshire,Adjusting Appointments Limited,Adjusting Appointments Limited,Annual,Annual,0.983
LIKELY_DUPLICATE,same title/location/advertiser + salary + very similar description,25902_24873_742,25902_24873_742-671e14184cf9d6d97b9155ff847c5309,Class 1 Driver,Cheshire,Dominos,Dominos,Annual,Annual,0.984
LIKELY_DUPLICATE,same title/location/advertiser + salary + very similar description,108004885,107911728,Class 1 Driver,Worcestershire,Beckley Recruitment Services Ltd,Beckley Recruitment Services Ltd,19.05 | 23.53 | Hourly,19.05 | 23.53 | Hourly,0.929
LIKELY_DUPLICATE,same title/location/advertiser + salary + very similar description,107934429,107934746,Class 1 Driver,Yorkshire,ShiftHero,ShiftHero,39134.00 | 39134.00 | Annual,39134.00 | 39134.00 | Annual,0.933
LIKELY_DUPLICATE,same title/location/advertiser + salary + very similar description,107984318,107985197,Class 1 Driver,Yorkshire,Temp Station Ltd,Temp Station Ltd,20.73 | 20.73 | Hourly,20.73 | 20.73 | Hourly,0.929
LIKELY_DUPLICATE,same title/location/advertiser + salary + very similar description,107984318,107985200,Class 1 Driver,Yorkshire,Temp Station Ltd,Temp Station Ltd,20.73 | 20.73 | Hourly,20.73 | 20.73 | Hourly,0.935
LIKELY_DUPLICATE,same title/location/advertiser + salary + very similar description,107985197,107985200,Class 1 Driver,Yorkshire,Temp Station Ltd,Temp Station Ltd,20.73 | 20.73 | Hourly,20.73 | 20.73 | Hourly,0.931
LIKELY_DUPLICATE,same title/location/advertiser + salary + very similar description,107984524,107985111,Class 1 HGV LGV Driver,Yorkshire,Tomlin Personnel Ltd,Tomlin Personnel Ltd,16.00 | 22.00 | Hourly,16.00 | 22.00 | Hourly,0.932
LIKELY_DUPLICATE,same title/location/advertiser + salary + very similar description,29050_job.FDFJOIjBiCo0nr9DbNybwCU1CZS,29050_job.FDFJAFdfZxWgeDyt9L2x5HCJ1Fb,Class 1 Tramper Driver,Essex,HGV Driver-Jobs,HGV Driver-Jobs,Annual,Annual,0.992
LIKELY_DUPLICATE,same title/location/advertiser + salary + very similar description,107934615,107934801,Class 2 Driver,Yorkshire,ShiftHero,ShiftHero,29350.00 | 29350.00 | Annual,29350.00 | 29350.00 | Annual,0.825
LIKELY_DUPLICATE,same title/location/advertiser + salary + very similar description,107752774,107752762,Class 2 Hiab Driver,London,RECRUITZ LTD,RECRUITZ LTD,22.00 | 22.00 | Hourly,22.00 | 22.00 | Hourly,0.933
LIKELY_DUPLICATE,same title/location/advertiser + salary + very similar description,107966811,107967199,Class 2 Refuse Driver,Dorset,IntSol Recruitment,IntSol Recruitment,14.59 | 14.59 | Hourly,14.59 | 14.59 | Hourly,0.945
LIKELY_DUPLICATE,same title/location/advertiser + salary + very similar description,1946507,1946480,Commercial Marketing Manager,Surrey,Reed,Reed,Annual,Annual,0.991
LIKELY_DUPLICATE,same title/location/advertiser + salary + very similar description,2051567,2051565,Commercial Property Solicitor / Paralegal,Essex,Reed,Reed,Annual,Annual,0.976
LIKELY_DUPLICATE,same title/location/advertiser + salary + very similar description,1905109,2041002,Commercial Real Estate Paralegal,Middlesex,Brandon James Ltd,Brandon James Ltd,Annual,Annual,0.991
LIKELY_DUPLICATE,same title/location/advertiser + salary + very similar description,20279_62802-ad431d7c499b746b750d3573ad7f0198,20279_62802-d24d3d6916a209e15b1680693740da2f,Contact Centre Agent,Mid Glamorgan,EE,EE,Annual,Annual,0.988
LIKELY_DUPLICATE,same title/location/advertiser + salary + very similar description,20279_62587-66c703e3bd600def438c57a9957e4f6c,20279_62587-c98305d276b3c0d4f253880a905d8860,Contact Centre Agent - Uncapped Commission,Angus,EE,EE,Annual,Annual,0.988
LIKELY_DUPLICATE,same title/location/advertiser + salary + very similar description,20279_62587-66c703e3bd600def438c57a9957e4f6c,20279_62587-d24d3d6916a209e15b1680693740da2f,Contact Centre Agent - Uncapped Commission,Angus,EE,EE,Annual,Annual,0.988
LIKELY_DUPLICATE,same title/location/advertiser + salary + very similar description,20279_62587-d24d3d6916a209e15b1680693740da2f,20279_62587-c98305d276b3c0d4f253880a905d8860,Contact Centre Agent - Uncapped Commission,Angus,EE,EE,Annual,Annual,0.990
LIKELY_DUPLICATE,same title/location/advertiser + salary + very similar description,20279_62648-3e92b47ad3dbb60c9078d91c7601c50b,20279_62648-d24d3d6916a209e15b1680693740da2f,Contact Centre Agent - Uncapped Commission,Cheshire,EE,EE,Annual,Annual,0.990
LIKELY_DUPLICATE,same title/location/advertiser + salary + very similar description,20279_62648-3e92b47ad3dbb60c9078d91c7601c50b,20279_62648-e821632b595e066f84bc5bc2227491aa,Contact Centre Agent - Uncapped Commission,Cheshire,EE,EE,Annual,Annual,0.990
LIKELY_DUPLICATE,same title/location/advertiser + salary + very similar description,20279_62648-497d591f62e546863483312dd53dfef9,20279_62648-3e92b47ad3dbb60c9078d91c7601c50b,Contact Centre Agent - Uncapped Commission,Cheshire,EE,EE,Annual,Annual,0.990
LIKELY_DUPLICATE,same title/location/advertiser + salary + very similar description,20279_62648-497d591f62e546863483312dd53dfef9,20279_62648-637fc511e4eb560482b6812cdcd0d531,Contact Centre Agent - Uncapped Commission,Cheshire,EE,EE,Annual,Annual,0.990
LIKELY_DUPLICATE,same title/location/advertiser + salary + very similar description,20279_62648-497d591f62e546863483312dd53dfef9,20279_62648-bce180f9075237062f9ba04857f8e0b6,Contact Centre Agent - Uncapped Commission,Cheshire,EE,EE,Annual,Annual,0.990
LIKELY_DUPLICATE,same title/location/advertiser + salary + very similar description,20279_62648-497d591f62e546863483312dd53dfef9,20279_62648-d24d3d6916a209e15b1680693740da2f,Contact Centre Agent - Uncapped Commission,Cheshire,EE,EE,Annual,Annual,0.990
LIKELY_DUPLICATE,same title/location/advertiser + salary + very similar description,20279_62648-497d591f62e546863483312dd53dfef9,20279_62648-e821632b595e066f84bc5bc2227491aa,Contact Centre Agent - Uncapped Commission,Cheshire,EE,EE,Annual,Annual,0.990
LIKELY_DUPLICATE,same title/location/advertiser + salary + very similar description,20279_62648-637fc511e4eb560482b6812cdcd0d531,20279_62648-3e92b47ad3dbb60c9078d91c7601c50b,Contact Centre Agent - Uncapped Commission,Cheshire,EE,EE,Annual,Annual,0.991
LIKELY_DUPLICATE,same title/location/advertiser + salary + very similar description,20279_62648-637fc511e4eb560482b6812cdcd0d531,20279_62648-d24d3d6916a209e15b1680693740da2f,Contact Centre Agent - Uncapped Commission,Cheshire,EE,EE,Annual,Annual,0.993
LIKELY_DUPLICATE,same title/location/advertiser + salary + very similar description,20279_62648-637fc511e4eb560482b6812cdcd0d531,20279_62648-e821632b595e066f84bc5bc2227491aa,Contact Centre Agent - Uncapped Commission,Cheshire,EE,EE,Annual,Annual,0.990
LIKELY_DUPLICATE,same title/location/advertiser + salary + very similar description,20279_62648-bce180f9075237062f9ba04857f8e0b6,20279_62648-3e92b47ad3dbb60c9078d91c7601c50b,Contact Centre Agent - Uncapped Commission,Cheshire,EE,EE,Annual,Annual,0.990
LIKELY_DUPLICATE,same title/location/advertiser + salary + very similar description,20279_62648-bce180f9075237062f9ba04857f8e0b6,20279_62648-637fc511e4eb560482b6812cdcd0d531,Contact Centre Agent - Uncapped Commission,Cheshire,EE,EE,Annual,Annual,0.989
LIKELY_DUPLICATE,same title/location/advertiser + salary + very similar description,20279_62648-bce180f9075237062f9ba04857f8e0b6,20279_62648-d24d3d6916a209e15b1680693740da2f,Contact Centre Agent - Uncapped Commission,Cheshire,EE,EE,Annual,Annual,0.990
LIKELY_DUPLICATE,same title/location/advertiser + salary + very similar description,20279_62648-bce180f9075237062f9ba04857f8e0b6,20279_62648-e821632b595e066f84bc5bc2227491aa,Contact Centre Agent - Uncapped Commission,Cheshire,EE,EE,Annual,Annual,0.989
LIKELY_DUPLICATE,same title/location/advertiser + salary + very similar description,20279_62648-c52bb760dc41c0ee3f43349313e28f01,20279_62648-3e92b47ad3dbb60c9078d91c7601c50b,Contact Centre Agent - Uncapped Commission,Cheshire,EE,EE,Annual,Annual,0.989
LIKELY_DUPLICATE,same title/location/advertiser + salary + very similar description,20279_62648-c52bb760dc41c0ee3f43349313e28f01,20279_62648-497d591f62e546863483312dd53dfef9,Contact Centre Agent - Uncapped Commission,Cheshire,EE,EE,Annual,Annual,0.989
LIKELY_DUPLICATE,same title/location/advertiser + salary + very similar description,20279_62648-c52bb760dc41c0ee3f43349313e28f01,20279_62648-637fc511e4eb560482b6812cdcd0d531,Contact Centre Agent - Uncapped Commission,Cheshire,EE,EE,Annual,Annual,0.990
LIKELY_DUPLICATE,same title/location/advertiser + salary + very similar description,20279_62648-c52bb760dc41c0ee3f43349313e28f01,20279_62648-bce180f9075237062f9ba04857f8e0b6,Contact Centre Agent - Uncapped Commission,Cheshire,EE,EE,Annual,Annual,0.990
LIKELY_DUPLICATE,same title/location/advertiser + salary + very similar description,20279_62648-c52bb760dc41c0ee3f43349313e28f01,20279_62648-d24d3d6916a209e15b1680693740da2f,Contact Centre Agent - Uncapped Commission,Cheshire,EE,EE,Annual,Annual,0.990
LIKELY_DUPLICATE,same title/location/advertiser + salary + very similar description,20279_62648-c52bb760dc41c0ee3f43349313e28f01,20279_62648-e821632b595e066f84bc5bc2227491aa,Contact Centre Agent - Uncapped Commission,Cheshire,EE,EE,Annual,Annual,0.989
LIKELY_DUPLICATE,same title/location/advertiser + salary + very similar description,20279_62648-e821632b595e066f84bc5bc2227491aa,20279_62648-d24d3d6916a209e15b1680693740da2f,Contact Centre Agent - Uncapped Commission,Cheshire,EE,EE,Annual,Annual,0.988
LIKELY_DUPLICATE,same title/location/advertiser + salary + very similar description,20279_62587-fe4296972d1f5d1bd752129033370943,20279_62587-c71691d03ce30740b3ef4939f7f8240a,Contact Centre Agent - Uncapped Commission,Fife,EE,EE,Annual,Annual,0.989
LIKELY_DUPLICATE,same title/location/advertiser + salary + very similar description,20279_62587-fe894c51f636dc624ee1b6b724f155fd,20279_62587-c71691d03ce30740b3ef4939f7f8240a,Contact Centre Agent - Uncapped Commission,Fife,EE,EE,Annual,Annual,0.990
LIKELY_DUPLICATE,same title/location/advertiser + salary + very similar description,20279_62587-fe894c51f636dc624ee1b6b724f155fd,20279_62587-fe4296972d1f5d1bd752129033370943,Contact Centre Agent - Uncapped Commission,Fife,EE,EE,Annual,Annual,0.990
LIKELY_DUPLICATE,same title/location/advertiser + salary + very similar description,1898514,1899073,Conveyancer,Cambridgeshire,FDR Law,FDR Law,Annual,Annual,0.990
LIKELY_DUPLICATE,same title/location/advertiser + salary + very similar description,1913697,1899293,Conveyancer,Norfolk,Clear Legal & Financial Recruitment,Clear Legal & Financial Recruitment,Annual,Annual,0.839
LIKELY_DUPLICATE,same title/location/advertiser + salary + very similar description,2051572,2051571,Conveyancer - Qualified or Fee Earner,Essex,Reed,Reed,Annual,Annual,0.975
LIKELY_DUPLICATE,same title/location/advertiser + salary + very similar description,1911901,1911823,Conveyancing Legal Secretary,Worcestershire,G2 Legal Limited,G2 Legal Limited,Annual,Annual,0.962
LIKELY_DUPLICATE,same title/location/advertiser + salary + very similar description,1915624,1915604,Conveyancing Paralegal,Warwickshire,Reed,Reed,Annual,Annual,0.986
LIKELY_DUPLICATE,same title/location/advertiser + salary + very similar description,1867893,1905560,Conveyancing Solicitor,Kent,G2 Legal Limited,G2 Legal Limited,Annual,Annual,0.980
LIKELY_DUPLICATE,same title/location/advertiser + salary + very similar description,1867896,1867893,Conveyancing Solicitor,Kent,G2 Legal Limited,G2 Legal Limited,Annual,Annual,0.970
LIKELY_DUPLICATE,same title/location/advertiser + salary + very similar description,1867896,1905560,Conveyancing Solicitor,Kent,G2 Legal Limited,G2 Legal Limited,Annual,Annual,0.973
LIKELY_DUPLICATE,same title/location/advertiser + salary + very similar description,1898521,1899496,Criminal Solicitor (Proceeds of Crime),Yorkshire,eNL Legal Recruitment,eNL Legal Recruitment,55975.00 | 63500.00 | Annual,55975.00 | 63500.00 | Annual,0.976
LIKELY_DUPLICATE,same title/location/advertiser + salary + very similar description,1939847,1974848,Customer Consultant,Yorkshire,The Body Shop International Limited,The Body Shop International Limited,Annual,Annual,0.990
LIKELY_DUPLICATE,same title/location/advertiser + salary + very similar description,20279_62802-153faf593eb64b88272f45adeaa28d87,20279_62802-d64268a59894fcb81faa9991f144e21e,Customer Service Advisor,Mid Glamorgan,EE,EE,Annual,Annual,0.990
LIKELY_DUPLICATE,same title/location/advertiser + salary + very similar description,20279_62587-153faf593eb64b88272f45adeaa28d87,20279_62587-8198db7b495b0167f0e25320a311b48c,Customer Service Advisor - Uncapped Commission,Angus,EE,EE,Annual,Annual,0.989
LIKELY_DUPLICATE,same title/location/advertiser + salary + very similar description,20279_62587-cf4f5be59d0aa6d4c0abf6ce35bb6463,20279_62587-153faf593eb64b88272f45adeaa28d87,Customer Service Advisor - Uncapped Commission,Angus,EE,EE,Annual,Annual,0.989
LIKELY_DUPLICATE,same title/location/advertiser + salary + very similar description,20279_62587-cf4f5be59d0aa6d4c0abf6ce35bb6463,20279_62587-8198db7b495b0167f0e25320a311b48c,Customer Service Advisor - Uncapped Commission,Angus,EE,EE,Annual,Annual,0.990
LIKELY_DUPLICATE,same title/location/advertiser + salary + very similar description,20279_62648-153faf593eb64b88272f45adeaa28d87,20279_62648-5f053ed6bc220092db88c81c1fa679dd,Customer Service Advisor - Uncapped Commission,Cheshire,EE,EE,Annual,Annual,0.990
LIKELY_DUPLICATE,same title/location/advertiser + salary + very similar description,20279_62648-153faf593eb64b88272f45adeaa28d87,20279_62648-5faf5267f18c7c093af86f2f69e76ee3,Customer Service Advisor - Uncapped Commission,Cheshire,EE,EE,Annual,Annual,0.990
LIKELY_DUPLICATE,same title/location/advertiser + salary + very similar description,20279_62648-153faf593eb64b88272f45adeaa28d87,20279_62648-74576f7712f4d2665711d742594a5e6e,Customer Service Advisor - Uncapped Commission,Cheshire,EE,EE,Annual,Annual,0.989
LIKELY_DUPLICATE,same title/location/advertiser + salary + very similar description,20279_62648-153faf593eb64b88272f45adeaa28d87,20279_62648-872ae37268a541755e97df9c9ced56fa,Customer Service Advisor - Uncapped Commission,Cheshire,EE,EE,Annual,Annual,0.990
LIKELY_DUPLICATE,same title/location/advertiser + salary + very similar description,20279_62648-153faf593eb64b88272f45adeaa28d87,20279_62648-ecde51dab00e54d27ce575427a4ba514,Customer Service Advisor - Uncapped Commission,Cheshire,EE,EE,Annual,Annual,0.989
LIKELY_DUPLICATE,same title/location/advertiser + salary + very similar description,20279_62648-153faf593eb64b88272f45adeaa28d87,20279_62648-fe97affcb7eb2cdceb67019e12eb7199,Customer Service Advisor - Uncapped Commission,Cheshire,EE,EE,Annual,Annual,0.993
LIKELY_DUPLICATE,same title/location/advertiser + salary + very similar description,20279_62648-5faf5267f18c7c093af86f2f69e76ee3,20279_62648-5f053ed6bc220092db88c81c1fa679dd,Customer Service Advisor - Uncapped Commission,Cheshire,EE,EE,Annual,Annual,0.989
LIKELY_DUPLICATE,same title/location/advertiser + salary + very similar description,20279_62648-74576f7712f4d2665711d742594a5e6e,20279_62648-5f053ed6bc220092db88c81c1fa679dd,Customer Service Advisor - Uncapped Commission,Cheshire,EE,EE,Annual,Annual,0.991
LIKELY_DUPLICATE,same title/location/advertiser + salary + very similar description,20279_62648-74576f7712f4d2665711d742594a5e6e,20279_62648-5faf5267f18c7c093af86f2f69e76ee3,Customer Service Advisor - Uncapped Commission,Cheshire,EE,EE,Annual,Annual,0.994
LIKELY_DUPLICATE,same title/location/advertiser + salary + very similar description,20279_62648-74576f7712f4d2665711d742594a5e6e,20279_62648-872ae37268a541755e97df9c9ced56fa,Customer Service Advisor - Uncapped Commission,Cheshire,EE,EE,Annual,Annual,0.990
LIKELY_DUPLICATE,same title/location/advertiser + salary + very similar description,20279_62648-74576f7712f4d2665711d742594a5e6e,20279_62648-ecde51dab00e54d27ce575427a4ba514,Customer Service Advisor - Uncapped Commission,Cheshire,EE,EE,Annual,Annual,0.990
LIKELY_DUPLICATE,same title/location/advertiser + salary + very similar description,20279_62648-74576f7712f4d2665711d742594a5e6e,20279_62648-fe97affcb7eb2cdceb67019e12eb7199,Customer Service Advisor - Uncapped Commission,Cheshire,EE,EE,Annual,Annual,0.989
LIKELY_DUPLICATE,same title/location/advertiser + salary + very similar description,20279_62648-872ae37268a541755e97df9c9ced56fa,20279_62648-5f053ed6bc220092db88c81c1fa679dd,Customer Service Advisor - Uncapped Commission,Cheshire,EE,EE,Annual,Annual,0.989
LIKELY_DUPLICATE,same title/location/advertiser + salary + very similar description,20279_62648-872ae37268a541755e97df9c9ced56fa,20279_62648-5faf5267f18c7c093af86f2f69e76ee3,Customer Service Advisor - Uncapped Commission,Cheshire,EE,EE,Annual,Annual,0.991
LIKELY_DUPLICATE,same title/location/advertiser + salary + very similar description,20279_62648-ecde51dab00e54d27ce575427a4ba514,20279_62648-5f053ed6bc220092db88c81c1fa679dd,Customer Service Advisor - Uncapped Commission,Cheshire,EE,EE,Annual,Annual,0.990
LIKELY_DUPLICATE,same title/location/advertiser + salary + very similar description,20279_62648-ecde51dab00e54d27ce575427a4ba514,20279_62648-5faf5267f18c7c093af86f2f69e76ee3,Customer Service Advisor - Uncapped Commission,Cheshire,EE,EE,Annual,Annual,0.989
LIKELY_DUPLICATE,same title/location/advertiser + salary + very similar description,20279_62648-ecde51dab00e54d27ce575427a4ba514,20279_62648-872ae37268a541755e97df9c9ced56fa,Customer Service Advisor - Uncapped Commission,Cheshire,EE,EE,Annual,Annual,0.991
LIKELY_DUPLICATE,same title/location/advertiser + salary + very similar description,20279_62648-ecde51dab00e54d27ce575427a4ba514,20279_62648-fe97affcb7eb2cdceb67019e12eb7199,Customer Service Advisor - Uncapped Commission,Cheshire,EE,EE,Annual,Annual,0.990
LIKELY_DUPLICATE,same title/location/advertiser + salary + very similar description,20279_62648-fe97affcb7eb2cdceb67019e12eb7199,20279_62648-5f053ed6bc220092db88c81c1fa679dd,Customer Service Advisor - Uncapped Commission,Cheshire,EE,EE,Annual,Annual,0.989
LIKELY_DUPLICATE,same title/location/advertiser + salary + very similar description,20279_62648-fe97affcb7eb2cdceb67019e12eb7199,20279_62648-5faf5267f18c7c093af86f2f69e76ee3,Customer Service Advisor - Uncapped Commission,Cheshire,EE,EE,Annual,Annual,0.990
LIKELY_DUPLICATE,same title/location/advertiser + salary + very similar description,20279_62648-fe97affcb7eb2cdceb67019e12eb7199,20279_62648-872ae37268a541755e97df9c9ced56fa,Customer Service Advisor - Uncapped Commission,Cheshire,EE,EE,Annual,Annual,0.990
LIKELY_DUPLICATE,same title/location/advertiser + salary + very similar description,20279_62587-84ef7407a6e6c9814d3e8a213e3d352f,20279_62587-797164b7f2b371478eaa939418dccad8,Customer Service Advisor - Uncapped Commission,Fife,EE,EE,Annual,Annual,0.988
LIKELY_DUPLICATE,same title/location/advertiser + salary + very similar description,20279_62587-94b6a52ac48a89b812f668d756efc5fc,20279_62587-797164b7f2b371478eaa939418dccad8,Customer Service Advisor - Uncapped Commission,Fife,EE,EE,Annual,Annual,0.989
LIKELY_DUPLICATE,same title/location/advertiser + salary + very similar description,20279_62587-94b6a52ac48a89b812f668d756efc5fc,20279_62587-84ef7407a6e6c9814d3e8a213e3d352f,Customer Service Advisor - Uncapped Commission,Fife,EE,EE,Annual,Annual,0.989
LIKELY_DUPLICATE,same title/location/advertiser + salary + very similar description,20279_62802-65c086b37af8e0e61b08a0c92bbf4933,20279_62802-bfe114520061dc48bd7233d1f2253077,Customer Service Representative,Mid Glamorgan,EE,EE,Annual,Annual,0.989
LIKELY_DUPLICATE,same title/location/advertiser + salary + very similar description,20279_62587-883ff365343423aafdafe1e043b506fb,20279_62587-bfe114520061dc48bd7233d1f2253077,Customer Service Representative - Uncapped Commission,Angus,EE,EE,Annual,Annual,0.989
LIKELY_DUPLICATE,same title/location/advertiser + salary + very similar description,20279_62587-883ff365343423aafdafe1e043b506fb,20279_62587-c18bc3cebd1cf66b91b35f9c708baaf4,Customer Service Representative - Uncapped Commission,Angus,EE,EE,Annual,Annual,0.988
LIKELY_DUPLICATE,same title/location/advertiser + salary + very similar description,20279_62587-bfe114520061dc48bd7233d1f2253077,20279_62587-c18bc3cebd1cf66b91b35f9c708baaf4,Customer Service Representative - Uncapped Commission,Angus,EE,EE,Annual,Annual,0.990
LIKELY_DUPLICATE,same title/location/advertiser + salary + very similar description,20279_62648-567f6943932c4c77a9ccdc78b47717ab,20279_62648-64cb1f0ff45b7049552ce1c9d6a37b7b,Customer Service Representative - Uncapped Commission,Cheshire,EE,EE,Annual,Annual,0.991
LIKELY_DUPLICATE,same title/location/advertiser + salary + very similar description,20279_62648-567f6943932c4c77a9ccdc78b47717ab,20279_62648-c3d5511a1a921a835be08e3147d83195,Customer Service Representative - Uncapped Commission,Cheshire,EE,EE,Annual,Annual,0.989
LIKELY_DUPLICATE,same title/location/advertiser + salary + very similar description,20279_62648-567f6943932c4c77a9ccdc78b47717ab,20279_62648-cd0d57afe217e2dd5f2c026bee6e83db,Customer Service Representative - Uncapped Commission,Cheshire,EE,EE,Annual,Annual,0.990
LIKELY_DUPLICATE,same title/location/advertiser + salary + very similar description,20279_62648-567f6943932c4c77a9ccdc78b47717ab,20279_62648-f002c1c23b9e35230c093901f17f9830,Customer Service Representative - Uncapped Commission,Cheshire,EE,EE,Annual,Annual,0.990
LIKELY_DUPLICATE,same title/location/advertiser + salary + very similar description,20279_62648-64cb1f0ff45b7049552ce1c9d6a37b7b,20279_62648-c3d5511a1a921a835be08e3147d83195,Customer Service Representative - Uncapped Commission,Cheshire,EE,EE,Annual,Annual,0.990
LIKELY_DUPLICATE,same title/location/advertiser + salary + very similar description,20279_62648-64cb1f0ff45b7049552ce1c9d6a37b7b,20279_62648-cd0d57afe217e2dd5f2c026bee6e83db,Customer Service Representative - Uncapped Commission,Cheshire,EE,EE,Annual,Annual,0.989
LIKELY_DUPLICATE,same title/location/advertiser + salary + very similar description,20279_62648-64cb1f0ff45b7049552ce1c9d6a37b7b,20279_62648-f002c1c23b9e35230c093901f17f9830,Customer Service Representative - Uncapped Commission,Cheshire,EE,EE,Annual,Annual,0.990
LIKELY_DUPLICATE,same title/location/advertiser + salary + very similar description,20279_62648-7eda2cd7aed0dbda36ada7d88258f325,20279_62648-567f6943932c4c77a9ccdc78b47717ab,Customer Service Representative - Uncapped Commission,Cheshire,EE,EE,Annual,Annual,0.990
LIKELY_DUPLICATE,same title/location/advertiser + salary + very similar description,20279_62648-7eda2cd7aed0dbda36ada7d88258f325,20279_62648-64cb1f0ff45b7049552ce1c9d6a37b7b,Customer Service Representative - Uncapped Commission,Cheshire,EE,EE,Annual,Annual,0.990
LIKELY_DUPLICATE,same title/location/advertiser + salary + very similar description,20279_62648-7eda2cd7aed0dbda36ada7d88258f325,20279_62648-bfe114520061dc48bd7233d1f2253077,Customer Service Representative - Uncapped Commission,Cheshire,EE,EE,Annual,Annual,0.988
LIKELY_DUPLICATE,same title/location/advertiser + salary + very similar description,20279_62648-7eda2cd7aed0dbda36ada7d88258f325,20279_62648-c3d5511a1a921a835be08e3147d83195,Customer Service Representative - Uncapped Commission,Cheshire,EE,EE,Annual,Annual,0.989
LIKELY_DUPLICATE,same title/location/advertiser + salary + very similar description,20279_62648-7eda2cd7aed0dbda36ada7d88258f325,20279_62648-cd0d57afe217e2dd5f2c026bee6e83db,Customer Service Representative - Uncapped Commission,Cheshire,EE,EE,Annual,Annual,0.989
LIKELY_DUPLICATE,same title/location/advertiser + salary + very similar description,20279_62648-7eda2cd7aed0dbda36ada7d88258f325,20279_62648-f002c1c23b9e35230c093901f17f9830,Customer Service Representative - Uncapped Commission,Cheshire,EE,EE,Annual,Annual,0.989
LIKELY_DUPLICATE,same title/location/advertiser + salary + very similar description,20279_62648-bfe114520061dc48bd7233d1f2253077,20279_62648-567f6943932c4c77a9ccdc78b47717ab,Customer Service Representative - Uncapped Commission,Cheshire,EE,EE,Annual,Annual,0.989
LIKELY_DUPLICATE,same title/location/advertiser + salary + very similar description,20279_62648-bfe114520061dc48bd7233d1f2253077,20279_62648-64cb1f0ff45b7049552ce1c9d6a37b7b,Customer Service Representative - Uncapped Commission,Cheshire,EE,EE,Annual,Annual,0.989
LIKELY_DUPLICATE,same title/location/advertiser + salary + very similar description,20279_62648-bfe114520061dc48bd7233d1f2253077,20279_62648-c3d5511a1a921a835be08e3147d83195,Customer Service Representative - Uncapped Commission,Cheshire,EE,EE,Annual,Annual,0.989
LIKELY_DUPLICATE,same title/location/advertiser + salary + very similar description,20279_62648-bfe114520061dc48bd7233d1f2253077,20279_62648-cd0d57afe217e2dd5f2c026bee6e83db,Customer Service Representative - Uncapped Commission,Cheshire,EE,EE,Annual,Annual,0.989
LIKELY_DUPLICATE,same title/location/advertiser + salary + very similar description,20279_62648-bfe114520061dc48bd7233d1f2253077,20279_62648-f002c1c23b9e35230c093901f17f9830,Customer Service Representative - Uncapped Commission,Cheshire,EE,EE,Annual,Annual,0.989
LIKELY_DUPLICATE,same title/location/advertiser + salary + very similar description,20279_62648-c3d5511a1a921a835be08e3147d83195,20279_62648-f002c1c23b9e35230c093901f17f9830,Customer Service Representative - Uncapped Commission,Cheshire,EE,EE,Annual,Annual,0.990
LIKELY_DUPLICATE,same title/location/advertiser + salary + very similar description,20279_62648-cd0d57afe217e2dd5f2c026bee6e83db,20279_62648-c3d5511a1a921a835be08e3147d83195,Customer Service Representative - Uncapped Commission,Cheshire,EE,EE,Annual,Annual,0.990
LIKELY_DUPLICATE,same title/location/advertiser + salary + very similar description,20279_62648-cd0d57afe217e2dd5f2c026bee6e83db,20279_62648-f002c1c23b9e35230c093901f17f9830,Customer Service Representative - Uncapped Commission,Cheshire,EE,EE,Annual,Annual,0.989
LIKELY_DUPLICATE,same title/location/advertiser + salary + very similar description,20279_62587-861e1580f595c69ce01ffdf9846b6e7c,20279_62587-8c471cdf3738bcd06d3f84c0e6210ed2,Customer Service Representative - Uncapped Commission,Fife,EE,EE,Annual,Annual,0.989
LIKELY_DUPLICATE,same title/location/advertiser + salary + very similar description,20279_62587-861e1580f595c69ce01ffdf9846b6e7c,20279_62587-e034f3f2f363ded5188f57ef60995418,Customer Service Representative - Uncapped Commission,Fife,EE,EE,Annual,Annual,0.990
LIKELY_DUPLICATE,same title/location/advertiser + salary + very similar description,20279_62587-e034f3f2f363ded5188f57ef60995418,20279_62587-8c471cdf3738bcd06d3f84c0e6210ed2,Customer Service Representative - Uncapped Commission,Fife,EE,EE,Annual,Annual,0.989
LIKELY_DUPLICATE,same title/location/advertiser + salary + very similar description,DataEngineer016045,DataEngineer016025,Data Engineer,Devon,Newto Training,Newto Training,Annual,Annual,0.990
LIKELY_DUPLICATE,same title/location/advertiser + salary + very similar description,DataEngineer016016,DataEngineer016011,Data Engineer,Gloucestershire,Newto Training,Newto Training,Annual,Annual,0.991
LIKELY_DUPLICATE,same title/location/advertiser + salary + very similar description,DataEngineer016052,DataEngineer016049,Data Engineer,Hampshire,Newto Training,Newto Training,Annual,Annual,0.990
LIKELY_DUPLICATE,same title/location/advertiser + salary + very similar description,DataEngineer016015,DataEngineer016013,Data Engineer,Kent,Newto Training,Newto Training,Annual,Annual,0.990
LIKELY_DUPLICATE,same title/location/advertiser + salary + very similar description,DataEngineer016034,DataEngineer016007,Data Engineer,Lancashire,Newto Training,Newto Training,Annual,Annual,0.990
LIKELY_DUPLICATE,same title/location/advertiser + salary + very similar description,DataEngineer016036,DataEngineer016007,Data Engineer,Lancashire,Newto Training,Newto Training,Annual,Annual,0.991
LIKELY_DUPLICATE,same title/location/advertiser + salary + very similar description,DataEngineer016036,DataEngineer016034,Data Engineer,Lancashire,Newto Training,Newto Training,Annual,Annual,0.991
LIKELY_DUPLICATE,same title/location/advertiser + salary + very similar description,DataEngineer016046,DataEngineer016007,Data Engineer,Lancashire,Newto Training,Newto Training,Annual,Annual,0.991
LIKELY_DUPLICATE,same title/location/advertiser + salary + very similar description,DataEngineer016046,DataEngineer016034,Data Engineer,Lancashire,Newto Training,Newto Training,Annual,Annual,0.989
LIKELY_DUPLICATE,same title/location/advertiser + salary + very similar description,DataEngineer016046,DataEngineer016036,Data Engineer,Lancashire,Newto Training,Newto Training,Annual,Annual,0.989
LIKELY_DUPLICATE,same title/location/advertiser + salary + very similar description,DataEngineer016035,DataEngineer016032,Data Engineer,Leicestershire,Newto Training,Newto Training,Annual,Annual,0.989
LIKELY_DUPLICATE,same title/location/advertiser + salary + very similar description,DataEngineer016047,DataEngineer016044,Data Engineer,Oxfordshire,Newto Training,Newto Training,Annual,Annual,0.989
LIKELY_DUPLICATE,same title/location/advertiser + salary + very similar description,DataEngineer016050,DataEngineer016006,Data Engineer,Staffordshire,Newto Training,Newto Training,Annual,Annual,0.991
LIKELY_DUPLICATE,same title/location/advertiser + salary + very similar description,DataEngineer016053,DataEngineer016006,Data Engineer,Staffordshire,Newto Training,Newto Training,Annual,Annual,0.990
LIKELY_DUPLICATE,same title/location/advertiser + salary + very similar description,DataEngineer016053,DataEngineer016050,Data Engineer,Staffordshire,Newto Training,Newto Training,Annual,Annual,0.990
LIKELY_DUPLICATE,same title/location/advertiser + salary + very similar description,DataEngineer016017,DataEngineer016010,Data Engineer,Sussex,Newto Training,Newto Training,Annual,Annual,0.991
LIKELY_DUPLICATE,same title/location/advertiser + salary + very similar description,DataEngineer016009,DataEngineer016003,Data Engineer,Yorkshire,Newto Training,Newto Training,Annual,Annual,0.990
LIKELY_DUPLICATE,same title/location/advertiser + salary + very similar description,DataEngineer016021,DataEngineer016003,Data Engineer,Yorkshire,Newto Training,Newto Training,Annual,Annual,0.990
LIKELY_DUPLICATE,same title/location/advertiser + salary + very similar description,DataEngineer016021,DataEngineer016009,Data Engineer,Yorkshire,Newto Training,Newto Training,Annual,Annual,0.990
LIKELY_DUPLICATE,same title/location/advertiser + salary + very similar description,DataEngineer016029,DataEngineer016003,Data Engineer,Yorkshire,Newto Training,Newto Training,Annual,Annual,0.995
LIKELY_DUPLICATE,same title/location/advertiser + salary + very similar description,DataEngineer016029,DataEngineer016009,Data Engineer,Yorkshire,Newto Training,Newto Training,Annual,Annual,0.990
LIKELY_DUPLICATE,same title/location/advertiser + salary + very similar description,DataEngineer016029,DataEngineer016021,Data Engineer,Yorkshire,Newto Training,Newto Training,Annual,Annual,0.991
LIKELY_DUPLICATE,same title/location/advertiser + salary + very similar description,DataEngineer016031,DataEngineer016003,Data Engineer,Yorkshire,Newto Training,Newto Training,Annual,Annual,0.990
LIKELY_DUPLICATE,same title/location/advertiser + salary + very similar description,DataEngineer016031,DataEngineer016009,Data Engineer,Yorkshire,Newto Training,Newto Training,Annual,Annual,0.989
LIKELY_DUPLICATE,same title/location/advertiser + salary + very similar description,DataEngineer016031,DataEngineer016021,Data Engineer,Yorkshire,Newto Training,Newto Training,Annual,Annual,0.991
LIKELY_DUPLICATE,same title/location/advertiser + salary + very similar description,DataEngineer016031,DataEngineer016029,Data Engineer,Yorkshire,Newto Training,Newto Training,Annual,Annual,0.990
LIKELY_DUPLICATE,same title/location/advertiser + salary + very similar description,DataEngineer016037,DataEngineer016003,Data Engineer,Yorkshire,Newto Training,Newto Training,Annual,Annual,0.990
LIKELY_DUPLICATE,same title/location/advertiser + salary + very similar description,DataEngineer016037,DataEngineer016009,Data Engineer,Yorkshire,Newto Training,Newto Training,Annual,Annual,0.989
LIKELY_DUPLICATE,same title/location/advertiser + salary + very similar description,DataEngineer016037,DataEngineer016021,Data Engineer,Yorkshire,Newto Training,Newto Training,Annual,Annual,0.991
LIKELY_DUPLICATE,same title/location/advertiser + salary + very similar description,DataEngineer016037,DataEngineer016029,Data Engineer,Yorkshire,Newto Training,Newto Training,Annual,Annual,0.991
LIKELY_DUPLICATE,same title/location/advertiser + salary + very similar description,DataEngineer016037,DataEngineer016031,Data Engineer,Yorkshire,Newto Training,Newto Training,Annual,Annual,0.991
LIKELY_DUPLICATE,same title/location/advertiser + salary + very similar description,DataEngineer016048,DataEngineer016003,Data Engineer,Yorkshire,Newto Training,Newto Training,Annual,Annual,0.990
LIKELY_DUPLICATE,same title/location/advertiser + salary + very similar description,DataEngineer016048,DataEngineer016009,Data Engineer,Yorkshire,Newto Training,Newto Training,Annual,Annual,0.991
LIKELY_DUPLICATE,same title/location/advertiser + salary + very similar description,DataEngineer016048,DataEngineer016021,Data Engineer,Yorkshire,Newto Training,Newto Training,Annual,Annual,0.990
LIKELY_DUPLICATE,same title/location/advertiser + salary + very similar description,DataEngineer016048,DataEngineer016029,Data Engineer,Yorkshire,Newto Training,Newto Training,Annual,Annual,0.990
LIKELY_DUPLICATE,same title/location/advertiser + salary + very similar description,DataEngineer016048,DataEngineer016031,Data Engineer,Yorkshire,Newto Training,Newto Training,Annual,Annual,0.991
LIKELY_DUPLICATE,same title/location/advertiser + salary + very similar description,DataEngineer016048,DataEngineer016037,Data Engineer,Yorkshire,Newto Training,Newto Training,Annual,Annual,0.991
LIKELY_DUPLICATE,same title/location/advertiser + salary + very similar description,DataEngineer016054,DataEngineer016003,Data Engineer,Yorkshire,Newto Training,Newto Training,Annual,Annual,0.991
LIKELY_DUPLICATE,same title/location/advertiser + salary + very similar description,DataEngineer016054,DataEngineer016009,Data Engineer,Yorkshire,Newto Training,Newto Training,Annual,Annual,0.990
LIKELY_DUPLICATE,same title/location/advertiser + salary + very similar description,DataEngineer016054,DataEngineer016021,Data Engineer,Yorkshire,Newto Training,Newto Training,Annual,Annual,0.991
LIKELY_DUPLICATE,same title/location/advertiser + salary + very similar description,DataEngineer016054,DataEngineer016029,Data Engineer,Yorkshire,Newto Training,Newto Training,Annual,Annual,0.989
LIKELY_DUPLICATE,same title/location/advertiser + salary + very similar description,DataEngineer016054,DataEngineer016031,Data Engineer,Yorkshire,Newto Training,Newto Training,Annual,Annual,0.990
LIKELY_DUPLICATE,same title/location/advertiser + salary + very similar description,DataEngineer016054,DataEngineer016037,Data Engineer,Yorkshire,Newto Training,Newto Training,Annual,Annual,0.990
LIKELY_DUPLICATE,same title/location/advertiser + salary + very similar description,DataEngineer016054,DataEngineer016048,Data Engineer,Yorkshire,Newto Training,Newto Training,Annual,Annual,0.990
LIKELY_DUPLICATE,same title/location/advertiser + salary + very similar description,107890403,108018650,Data Engineer - Security & Intelligence,Gloucestershire,Hackajob Ltd,Hackajob Ltd,Annual,Annual,0.936
LIKELY_DUPLICATE,same title/location/advertiser + salary + very similar description,108017608,108019545,Delivery Driver,Cambridgeshire,Evri,Evri,14.00 | 19.00 | Hourly,14.00 | 19.00 | Hourly,0.938
LIKELY_DUPLICATE,same title/location/advertiser + salary + very similar description,108024053,108017722,Delivery Driver,Cornwall,Evri,Evri,14.00 | 19.00 | Hourly,14.00 | 19.00 | Hourly,0.946
LIKELY_DUPLICATE,same title/location/advertiser + salary + very similar description,108024053,108024093,Delivery Driver,Cornwall,Evri,Evri,14.00 | 19.00 | Hourly,14.00 | 19.00 | Hourly,0.942
LIKELY_DUPLICATE,same title/location/advertiser + salary + very similar description,108024093,108017722,Delivery Driver,Cornwall,Evri,Evri,14.00 | 19.00 | Hourly,14.00 | 19.00 | Hourly,0.946
LIKELY_DUPLICATE,same title/location/advertiser + salary + very similar description,108018256,108018250,Delivery Driver,County Down,Evri,Evri,Annual,Annual,0.940
LIKELY_DUPLICATE,same title/location/advertiser + salary + very similar description,108017636,108017847,Delivery Driver,County Durham,Evri,Evri,14.00 | 19.00 | Hourly,14.00 | 19.00 | Hourly,0.942
LIKELY_DUPLICATE,same title/location/advertiser + salary + very similar description,108023693,108017636,Delivery Driver,County Durham,Evri,Evri,14.00 | 19.00 | Hourly,14.00 | 19.00 | Hourly,0.943
LIKELY_DUPLICATE,same title/location/advertiser + salary + very similar description,108023693,108017847,Delivery Driver,County Durham,Evri,Evri,14.00 | 19.00 | Hourly,14.00 | 19.00 | Hourly,0.940
LIKELY_DUPLICATE,same title/location/advertiser + salary + very similar description,108017764,108024071,Delivery Driver,Devon,Evri,Evri,14.00 | 19.00 | Hourly,14.00 | 19.00 | Hourly,0.941
LIKELY_DUPLICATE,same title/location/advertiser + salary + very similar description,108017605,108023991,Delivery Driver,Gloucestershire,Evri,Evri,14.00 | 19.00 | Hourly,14.00 | 19.00 | Hourly,0.938
LIKELY_DUPLICATE,same title/location/advertiser + salary + very similar description,108017605,108024047,Delivery Driver,Gloucestershire,Evri,Evri,14.00 | 19.00 | Hourly,14.00 | 19.00 | Hourly,0.941
LIKELY_DUPLICATE,same title/location/advertiser + salary + very similar description,108024047,108023991,Delivery Driver,Gloucestershire,Evri,Evri,14.00 | 19.00 | Hourly,14.00 | 19.00 | Hourly,0.935
LIKELY_DUPLICATE,same title/location/advertiser + salary + very similar description,108018018,108019574,Delivery Driver,Gwent,Evri,Evri,14.00 | 19.00 | Hourly,14.00 | 19.00 | Hourly,0.943
LIKELY_DUPLICATE,same title/location/advertiser + salary + very similar description,108017584,108018031,Delivery Driver,Kent,Evri,Evri,14.00 | 19.00 | Hourly,14.00 | 19.00 | Hourly,0.940
LIKELY_DUPLICATE,same title/location/advertiser + salary + very similar description,108017584,108019277,Delivery Driver,Kent,Evri,Evri,14.00 | 19.00 | Hourly,14.00 | 19.00 | Hourly,0.941
LIKELY_DUPLICATE,same title/location/advertiser + salary + very similar description,108019277,108018031,Delivery Driver,Kent,Evri,Evri,14.00 | 19.00 | Hourly,14.00 | 19.00 | Hourly,0.942
LIKELY_DUPLICATE,same title/location/advertiser + salary + very similar description,108018035,108019364,Delivery Driver,Lincolnshire,Evri,Evri,14.00 | 19.00 | Hourly,14.00 | 19.00 | Hourly,0.947
LIKELY_DUPLICATE,same title/location/advertiser + salary + very similar description,108018035,108024056,Delivery Driver,Lincolnshire,Evri,Evri,14.00 | 19.00 | Hourly,14.00 | 19.00 | Hourly,0.945
LIKELY_DUPLICATE,same title/location/advertiser + salary + very similar description,108019364,108024056,Delivery Driver,Lincolnshire,Evri,Evri,14.00 | 19.00 | Hourly,14.00 | 19.00 | Hourly,0.950
LIKELY_DUPLICATE,same title/location/advertiser + salary + very similar description,108017577,108017769,Delivery Driver,Norfolk,Evri,Evri,14.00 | 19.00 | Hourly,14.00 | 19.00 | Hourly,0.938
LIKELY_DUPLICATE,same title/location/advertiser + salary + very similar description,108005734,108005764,Delivery Driver,Renfrewshire,InPost,InPost,25.00 | 25.00 | Hourly,25.00 | 25.00 | Hourly,0.947
LIKELY_DUPLICATE,same title/location/advertiser + salary + very similar description,108018009,108019372,Delivery Driver,Somerset,Evri,Evri,14.00 | 19.00 | Hourly,14.00 | 19.00 | Hourly,0.966
LIKELY_DUPLICATE,same title/location/advertiser + salary + very similar description,108018009,108019571,Delivery Driver,Somerset,Evri,Evri,14.00 | 19.00 | Hourly,14.00 | 19.00 | Hourly,0.946
LIKELY_DUPLICATE,same title/location/advertiser + salary + very similar description,108018009,108024091,Delivery Driver,Somerset,Evri,Evri,14.00 | 19.00 | Hourly,14.00 | 19.00 | Hourly,0.942
LIKELY_DUPLICATE,same title/location/advertiser + salary + very similar description,108019372,108019571,Delivery Driver,Somerset,Evri,Evri,14.00 | 19.00 | Hourly,14.00 | 19.00 | Hourly,0.948
LIKELY_DUPLICATE,same title/location/advertiser + salary + very similar description,108019372,108024091,Delivery Driver,Somerset,Evri,Evri,14.00 | 19.00 | Hourly,14.00 | 19.00 | Hourly,0.952
LIKELY_DUPLICATE,same title/location/advertiser + salary + very similar description,108019571,108024091,Delivery Driver,Somerset,Evri,Evri,14.00 | 19.00 | Hourly,14.00 | 19.00 | Hourly,0.940
LIKELY_DUPLICATE,same title/location/advertiser + salary + very similar description,108017641,108017859,Delivery Driver,Suffolk,Evri,Evri,14.00 | 19.00 | Hourly,14.00 | 19.00 | Hourly,0.945
LIKELY_DUPLICATE,same title/location/advertiser + salary + very similar description,108017759,108017641,Delivery Driver,Suffolk,Evri,Evri,14.00 | 19.00 | Hourly,14.00 | 19.00 | Hourly,0.939
LIKELY_DUPLICATE,same title/location/advertiser + salary + very similar description,108017759,108017859,Delivery Driver,Suffolk,Evri,Evri,14.00 | 19.00 | Hourly,14.00 | 19.00 | Hourly,0.942
LIKELY_DUPLICATE,same title/location/advertiser + salary + very similar description,108017759,108024106,Delivery Driver,Suffolk,Evri,Evri,14.00 | 19.00 | Hourly,14.00 | 19.00 | Hourly,0.946
LIKELY_DUPLICATE,same title/location/advertiser + salary + very similar description,108024106,108017641,Delivery Driver,Suffolk,Evri,Evri,14.00 | 19.00 | Hourly,14.00 | 19.00 | Hourly,0.939
LIKELY_DUPLICATE,same title/location/advertiser + salary + very similar description,108024106,108017859,Delivery Driver,Suffolk,Evri,Evri,14.00 | 19.00 | Hourly,14.00 | 19.00 | Hourly,0.944
LIKELY_DUPLICATE,same title/location/advertiser + salary + very similar description,2027186,2027183,Digital Marketing Executive,London,Reed,Reed,36000.00 | 37000.00 | Annual,36000.00 | 37000.00 | Annual,0.991
LIKELY_DUPLICATE,same title/location/advertiser + salary + very similar description,108035044,108035054,Disability Assessor,Cornwall,Maven Consulting Group Ltd,Maven Consulting Group Ltd,40000.00 | 40000.00 | Annual,40000.00 | 40000.00 | Annual,0.941
LIKELY_DUPLICATE,same title/location/advertiser + salary + very similar description,108035044,108035070,Disability Assessor,Cornwall,Maven Consulting Group Ltd,Maven Consulting Group Ltd,40000.00 | 40000.00 | Annual,40000.00 | 40000.00 | Annual,0.932
LIKELY_DUPLICATE,same title/location/advertiser + salary + very similar description,108035044,108035130,Disability Assessor,Cornwall,Maven Consulting Group Ltd,Maven Consulting Group Ltd,40000.00 | 40000.00 | Annual,40000.00 | 40000.00 | Annual,0.931
LIKELY_DUPLICATE,same title/location/advertiser + salary + very similar description,108035070,108035054,Disability Assessor,Cornwall,Maven Consulting Group Ltd,Maven Consulting Group Ltd,40000.00 | 40000.00 | Annual,40000.00 | 40000.00 | Annual,0.935
LIKELY_DUPLICATE,same title/location/advertiser + salary + very similar description,108035070,108035130,Disability Assessor,Cornwall,Maven Consulting Group Ltd,Maven Consulting Group Ltd,40000.00 | 40000.00 | Annual,40000.00 | 40000.00 | Annual,0.938
LIKELY_DUPLICATE,same title/location/advertiser + salary + very similar description,108035130,108035054,Disability Assessor,Cornwall,Maven Consulting Group Ltd,Maven Consulting Group Ltd,40000.00 | 40000.00 | Annual,40000.00 | 40000.00 | Annual,0.932
LIKELY_DUPLICATE,same title/location/advertiser + salary + very similar description,108034606,108034710,Disability Assessor,Devon,Maven Consulting Group Ltd,Maven Consulting Group Ltd,40000.00 | 40000.00 | Annual,40000.00 | 40000.00 | Annual,0.942
LIKELY_DUPLICATE,same title/location/advertiser + salary + very similar description,108034606,108035087,Disability Assessor,Devon,Maven Consulting Group Ltd,Maven Consulting Group Ltd,40000.00 | 40000.00 | Annual,40000.00 | 40000.00 | Annual,0.930
LIKELY_DUPLICATE,same title/location/advertiser + salary + very similar description,108034710,108035087,Disability Assessor,Devon,Maven Consulting Group Ltd,Maven Consulting Group Ltd,40000.00 | 40000.00 | Annual,40000.00 | 40000.00 | Annual,0.927
LIKELY_DUPLICATE,same title/location/advertiser + salary + very similar description,1955263,1955262,Domiciliary Optometrist,Wiltshire,Specsavers,Specsavers,75000.00 | 75000.00 | Annual,75000.00 | 75000.00 | Annual,0.839
LIKELY_DUPLICATE,same title/location/advertiser + salary + very similar description,107961013,107961058,Door to Door Sales Executive,Hampshire,Charity Link,Charity Link,Annual,Annual,0.935
LIKELY_DUPLICATE,same title/location/advertiser + salary + very similar description,107900835,108042821,Door to Door Sales Executive,Wiltshire,Charity Link,Charity Link,Annual,Annual,0.894
LIKELY_DUPLICATE,same title/location/advertiser + salary + very similar description,107643606,107644534,Driver (0 hours),Hampshire,Switch,Switch,12.71 | 12.71 | Hourly,12.71 | 12.71 | Hourly,0.936
LIKELY_DUPLICATE,same title/location/advertiser + salary + very similar description,107933340,107967044,Driver Rep,Dorset,First Home Improvement,First Home Improvement,35000.00 | 35000.00 | Annual,35000.00 | 35000.00 | Annual,0.948
LIKELY_DUPLICATE,same title/location/advertiser + salary + very similar description,107905993,108036691,Driver Rep,Gloucestershire,First Home Improvement,First Home Improvement,35000.00 | 35000.00 | Annual,35000.00 | 35000.00 | Annual,0.946
LIKELY_DUPLICATE,same title/location/advertiser + salary + very similar description,107966698,107966692,Driver Rep,Norfolk,First Home Improvement,First Home Improvement,35000.00 | 35000.00 | Annual,35000.00 | 35000.00 | Annual,0.953
LIKELY_DUPLICATE,same title/location/advertiser + salary + very similar description,107881684,107967035,Driver Rep,Somerset,First Home Improvement,First Home Improvement,35000.00 | 35000.00 | Annual,35000.00 | 35000.00 | Annual,0.950
LIKELY_DUPLICATE,same title/location/advertiser + salary + very similar description,107967040,107881684,Driver Rep,Somerset,First Home Improvement,First Home Improvement,35000.00 | 35000.00 | Annual,35000.00 | 35000.00 | Annual,0.950
LIKELY_DUPLICATE,same title/location/advertiser + salary + very similar description,107967040,107967035,Driver Rep,Somerset,First Home Improvement,First Home Improvement,35000.00 | 35000.00 | Annual,35000.00 | 35000.00 | Annual,0.946
LIKELY_DUPLICATE,same title/location/advertiser + salary + very similar description,26758_35867523-0,26758_35867494-0,Driving Instructor (Driving Licence Required),Bedfordshire,My Four Wheels,My Four Wheels,Annual,Annual,0.992
LIKELY_DUPLICATE,same title/location/advertiser + salary + very similar description,26758_35867523-0,26758_37432025-0,Driving Instructor (Driving Licence Required),Bedfordshire,My Four Wheels,My Four Wheels,Annual,Annual,0.990
LIKELY_DUPLICATE,same title/location/advertiser + salary + very similar description,26758_35867523-0,26758_37432047-0,Driving Instructor (Driving Licence Required),Bedfordshire,My Four Wheels,My Four Wheels,Annual,Annual,0.992
LIKELY_DUPLICATE,same title/location/advertiser + salary + very similar description,26758_37431998-0,26758_35867494-0,Driving Instructor (Driving Licence Required),Bedfordshire,My Four Wheels,My Four Wheels,Annual,Annual,0.992
LIKELY_DUPLICATE,same title/location/advertiser + salary + very similar description,26758_37431998-0,26758_35867523-0,Driving Instructor (Driving Licence Required),Bedfordshire,My Four Wheels,My Four Wheels,Annual,Annual,0.991
LIKELY_DUPLICATE,same title/location/advertiser + salary + very similar description,26758_37431998-0,26758_37432025-0,Driving Instructor (Driving Licence Required),Bedfordshire,My Four Wheels,My Four Wheels,Annual,Annual,0.992
LIKELY_DUPLICATE,same title/location/advertiser + salary + very similar description,26758_37431998-0,26758_37432047-0,Driving Instructor (Driving Licence Required),Bedfordshire,My Four Wheels,My Four Wheels,Annual,Annual,0.991
LIKELY_DUPLICATE,same title/location/advertiser + salary + very similar description,26758_37431998-0,26758_37432135-0,Driving Instructor (Driving Licence Required),Bedfordshire,My Four Wheels,My Four Wheels,Annual,Annual,0.992
LIKELY_DUPLICATE,same title/location/advertiser + salary + very similar description,26758_37432025-0,26758_35867494-0,Driving Instructor (Driving Licence Required),Bedfordshire,My Four Wheels,My Four Wheels,Annual,Annual,0.990
LIKELY_DUPLICATE,same title/location/advertiser + salary + very similar description,26758_37432025-0,26758_37432047-0,Driving Instructor (Driving Licence Required),Bedfordshire,My Four Wheels,My Four Wheels,Annual,Annual,0.994
LIKELY_DUPLICATE,same title/location/advertiser + salary + very similar description,26758_37432047-0,26758_35867494-0,Driving Instructor (Driving Licence Required),Bedfordshire,My Four Wheels,My Four Wheels,Annual,Annual,0.991
LIKELY_DUPLICATE,same title/location/advertiser + salary + very similar description,26758_37432135-0,26758_35867494-0,Driving Instructor (Driving Licence Required),Bedfordshire,My Four Wheels,My Four Wheels,Annual,Annual,0.991
LIKELY_DUPLICATE,same title/location/advertiser + salary + very similar description,26758_37432135-0,26758_35867523-0,Driving Instructor (Driving Licence Required),Bedfordshire,My Four Wheels,My Four Wheels,Annual,Annual,0.991
LIKELY_DUPLICATE,same title/location/advertiser + salary + very similar description,26758_37432135-0,26758_37432025-0,Driving Instructor (Driving Licence Required),Bedfordshire,My Four Wheels,My Four Wheels,Annual,Annual,0.992
LIKELY_DUPLICATE,same title/location/advertiser + salary + very similar description,26758_37432135-0,26758_37432047-0,Driving Instructor (Driving Licence Required),Bedfordshire,My Four Wheels,My Four Wheels,Annual,Annual,0.990
LIKELY_DUPLICATE,same title/location/advertiser + salary + very similar description,26758_35867439-0,26758_37431955-0,Driving Instructor (Driving Licence Required),Berkshire,My Four Wheels,My Four Wheels,Annual,Annual,0.991
LIKELY_DUPLICATE,same title/location/advertiser + salary + very similar description,26758_35867461-0,26758_35867439-0,Driving Instructor (Driving Licence Required),Berkshire,My Four Wheels,My Four Wheels,Annual,Annual,0.991
LIKELY_DUPLICATE,same title/location/advertiser + salary + very similar description,26758_35867461-0,26758_37431955-0,Driving Instructor (Driving Licence Required),Berkshire,My Four Wheels,My Four Wheels,Annual,Annual,0.990
LIKELY_DUPLICATE,same title/location/advertiser + salary + very similar description,26758_35867552-0,26758_35867439-0,Driving Instructor (Driving Licence Required),Berkshire,My Four Wheels,My Four Wheels,Annual,Annual,0.990
LIKELY_DUPLICATE,same title/location/advertiser + salary + very similar description,26758_35867552-0,26758_35867461-0,Driving Instructor (Driving Licence Required),Berkshire,My Four Wheels,My Four Wheels,Annual,Annual,0.991
LIKELY_DUPLICATE,same title/location/advertiser + salary + very similar description,26758_35867552-0,26758_37431955-0,Driving Instructor (Driving Licence Required),Berkshire,My Four Wheels,My Four Wheels,Annual,Annual,0.991
LIKELY_DUPLICATE,same title/location/advertiser + salary + very similar description,26758_35867552-0,26758_37431971-0,Driving Instructor (Driving Licence Required),Berkshire,My Four Wheels,My Four Wheels,Annual,Annual,0.991
LIKELY_DUPLICATE,same title/location/advertiser + salary + very similar description,26758_35867552-0,26758_37432120-0,Driving Instructor (Driving Licence Required),Berkshire,My Four Wheels,My Four Wheels,Annual,Annual,0.990
LIKELY_DUPLICATE,same title/location/advertiser + salary + very similar description,26758_35867552-0,26758_37471200-0,Driving Instructor (Driving Licence Required),Berkshire,My Four Wheels,My Four Wheels,Annual,Annual,0.992
LIKELY_DUPLICATE,same title/location/advertiser + salary + very similar description,26758_35867552-0,26758_37471220-0,Driving Instructor (Driving Licence Required),Berkshire,My Four Wheels,My Four Wheels,Annual,Annual,0.991
LIKELY_DUPLICATE,same title/location/advertiser + salary + very similar description,26758_35867552-0,26758_37471231-0,Driving Instructor (Driving Licence Required),Berkshire,My Four Wheels,My Four Wheels,Annual,Annual,0.990
LIKELY_DUPLICATE,same title/location/advertiser + salary + very similar description,26758_35867552-0,26758_37471236-0,Driving Instructor (Driving Licence Required),Berkshire,My Four Wheels,My Four Wheels,Annual,Annual,0.991
LIKELY_DUPLICATE,same title/location/advertiser + salary + very similar description,26758_37431971-0,26758_35867439-0,Driving Instructor (Driving Licence Required),Berkshire,My Four Wheels,My Four Wheels,Annual,Annual,0.990
LIKELY_DUPLICATE,same title/location/advertiser + salary + very similar description,26758_37431971-0,26758_35867461-0,Driving Instructor (Driving Licence Required),Berkshire,My Four Wheels,My Four Wheels,Annual,Annual,0.991
LIKELY_DUPLICATE,same title/location/advertiser + salary + very similar description,26758_37431971-0,26758_37431955-0,Driving Instructor (Driving Licence Required),Berkshire,My Four Wheels,My Four Wheels,Annual,Annual,0.992
LIKELY_DUPLICATE,same title/location/advertiser + salary + very similar description,26758_37431971-0,26758_37432120-0,Driving Instructor (Driving Licence Required),Berkshire,My Four Wheels,My Four Wheels,Annual,Annual,0.991
LIKELY_DUPLICATE,same title/location/advertiser + salary + very similar description,26758_37431971-0,26758_37471200-0,Driving Instructor (Driving Licence Required),Berkshire,My Four Wheels,My Four Wheels,Annual,Annual,0.991
LIKELY_DUPLICATE,same title/location/advertiser + salary + very similar description,26758_37431971-0,26758_37471220-0,Driving Instructor (Driving Licence Required),Berkshire,My Four Wheels,My Four Wheels,Annual,Annual,0.992
LIKELY_DUPLICATE,same title/location/advertiser + salary + very similar description,26758_37431971-0,26758_37471231-0,Driving Instructor (Driving Licence Required),Berkshire,My Four Wheels,My Four Wheels,Annual,Annual,0.991
LIKELY_DUPLICATE,same title/location/advertiser + salary + very similar description,26758_37431971-0,26758_37471236-0,Driving Instructor (Driving Licence Required),Berkshire,My Four Wheels,My Four Wheels,Annual,Annual,0.992
LIKELY_DUPLICATE,same title/location/advertiser + salary + very similar description,26758_37432120-0,26758_35867439-0,Driving Instructor (Driving Licence Required),Berkshire,My Four Wheels,My Four Wheels,Annual,Annual,0.991
LIKELY_DUPLICATE,same title/location/advertiser + salary + very similar description,26758_37432120-0,26758_35867461-0,Driving Instructor (Driving Licence Required),Berkshire,My Four Wheels,My Four Wheels,Annual,Annual,0.991
LIKELY_DUPLICATE,same title/location/advertiser + salary + very similar description,26758_37432120-0,26758_37431955-0,Driving Instructor (Driving Licence Required),Berkshire,My Four Wheels,My Four Wheels,Annual,Annual,0.991
LIKELY_DUPLICATE,same title/location/advertiser + salary + very similar description,26758_37432120-0,26758_37471236-0,Driving Instructor (Driving Licence Required),Berkshire,My Four Wheels,My Four Wheels,Annual,Annual,0.991
LIKELY_DUPLICATE,same title/location/advertiser + salary + very similar description,26758_37471200-0,26758_35867439-0,Driving Instructor (Driving Licence Required),Berkshire,My Four Wheels,My Four Wheels,Annual,Annual,0.991
LIKELY_DUPLICATE,same title/location/advertiser + salary + very similar description,26758_37471200-0,26758_35867461-0,Driving Instructor (Driving Licence Required),Berkshire,My Four Wheels,My Four Wheels,Annual,Annual,0.991
LIKELY_DUPLICATE,same title/location/advertiser + salary + very similar description,26758_37471200-0,26758_37431955-0,Driving Instructor (Driving Licence Required),Berkshire,My Four Wheels,My Four Wheels,Annual,Annual,0.990
LIKELY_DUPLICATE,same title/location/advertiser + salary + very similar description,26758_37471200-0,26758_37432120-0,Driving Instructor (Driving Licence Required),Berkshire,My Four Wheels,My Four Wheels,Annual,Annual,0.991
LIKELY_DUPLICATE,same title/location/advertiser + salary + very similar description,26758_37471200-0,26758_37471231-0,Driving Instructor (Driving Licence Required),Berkshire,My Four Wheels,My Four Wheels,Annual,Annual,0.991
LIKELY_DUPLICATE,same title/location/advertiser + salary + very similar description,26758_37471200-0,26758_37471236-0,Driving Instructor (Driving Licence Required),Berkshire,My Four Wheels,My Four Wheels,Annual,Annual,0.991
LIKELY_DUPLICATE,same title/location/advertiser + salary + very similar description,26758_37471220-0,26758_35867439-0,Driving Instructor (Driving Licence Required),Berkshire,My Four Wheels,My Four Wheels,Annual,Annual,0.992
LIKELY_DUPLICATE,same title/location/advertiser + salary + very similar description,26758_37471220-0,26758_35867461-0,Driving Instructor (Driving Licence Required),Berkshire,My Four Wheels,My Four Wheels,Annual,Annual,0.991
LIKELY_DUPLICATE,same title/location/advertiser + salary + very similar description,26758_37471220-0,26758_37431955-0,Driving Instructor (Driving Licence Required),Berkshire,My Four Wheels,My Four Wheels,Annual,Annual,0.994
LIKELY_DUPLICATE,same title/location/advertiser + salary + very similar description,26758_37471220-0,26758_37432120-0,Driving Instructor (Driving Licence Required),Berkshire,My Four Wheels,My Four Wheels,Annual,Annual,0.991
LIKELY_DUPLICATE,same title/location/advertiser + salary + very similar description,26758_37471220-0,26758_37471200-0,Driving Instructor (Driving Licence Required),Berkshire,My Four Wheels,My Four Wheels,Annual,Annual,0.991
LIKELY_DUPLICATE,same title/location/advertiser + salary + very similar description,26758_37471220-0,26758_37471231-0,Driving Instructor (Driving Licence Required),Berkshire,My Four Wheels,My Four Wheels,Annual,Annual,0.991
LIKELY_DUPLICATE,same title/location/advertiser + salary + very similar description,26758_37471220-0,26758_37471236-0,Driving Instructor (Driving Licence Required),Berkshire,My Four Wheels,My Four Wheels,Annual,Annual,0.991
LIKELY_DUPLICATE,same title/location/advertiser + salary + very similar description,26758_37471231-0,26758_35867439-0,Driving Instructor (Driving Licence Required),Berkshire,My Four Wheels,My Four Wheels,Annual,Annual,0.991
LIKELY_DUPLICATE,same title/location/advertiser + salary + very similar description,26758_37471231-0,26758_35867461-0,Driving Instructor (Driving Licence Required),Berkshire,My Four Wheels,My Four Wheels,Annual,Annual,0.991
LIKELY_DUPLICATE,same title/location/advertiser + salary + very similar description,26758_37471231-0,26758_37431955-0,Driving Instructor (Driving Licence Required),Berkshire,My Four Wheels,My Four Wheels,Annual,Annual,0.992
LIKELY_DUPLICATE,same title/location/advertiser + salary + very similar description,26758_37471231-0,26758_37432120-0,Driving Instructor (Driving Licence Required),Berkshire,My Four Wheels,My Four Wheels,Annual,Annual,0.991
LIKELY_DUPLICATE,same title/location/advertiser + salary + very similar description,26758_37471231-0,26758_37471236-0,Driving Instructor (Driving Licence Required),Berkshire,My Four Wheels,My Four Wheels,Annual,Annual,0.991
LIKELY_DUPLICATE,same title/location/advertiser + salary + very similar description,26758_37471236-0,26758_35867439-0,Driving Instructor (Driving Licence Required),Berkshire,My Four Wheels,My Four Wheels,Annual,Annual,0.991
LIKELY_DUPLICATE,same title/location/advertiser + salary + very similar description,26758_37471236-0,26758_35867461-0,Driving Instructor (Driving Licence Required),Berkshire,My Four Wheels,My Four Wheels,Annual,Annual,0.991
LIKELY_DUPLICATE,same title/location/advertiser + salary + very similar description,26758_37471236-0,26758_37431955-0,Driving Instructor (Driving Licence Required),Berkshire,My Four Wheels,My Four Wheels,Annual,Annual,0.991
LIKELY_DUPLICATE,same title/location/advertiser + salary + very similar description,26758_35867460-0,26758_35867529-0,Driving Instructor (Driving Licence Required),Buckinghamshire,My Four Wheels,My Four Wheels,Annual,Annual,0.991
LIKELY_DUPLICATE,same title/location/advertiser + salary + very similar description,26758_35867460-0,26758_37471175-0,Driving Instructor (Driving Licence Required),Buckinghamshire,My Four Wheels,My Four Wheels,Annual,Annual,0.991
LIKELY_DUPLICATE,same title/location/advertiser + salary + very similar description,26758_35867460-0,26758_37471179-0,Driving Instructor (Driving Licence Required),Buckinghamshire,My Four Wheels,My Four Wheels,Annual,Annual,0.992
LIKELY_DUPLICATE,same title/location/advertiser + salary + very similar description,26758_35867529-0,26758_37471175-0,Driving Instructor (Driving Licence Required),Buckinghamshire,My Four Wheels,My Four Wheels,Annual,Annual,0.991
LIKELY_DUPLICATE,same title/location/advertiser + salary + very similar description,26758_35867571-0,26758_35867460-0,Driving Instructor (Driving Licence Required),Buckinghamshire,My Four Wheels,My Four Wheels,Annual,Annual,0.991
LIKELY_DUPLICATE,same title/location/advertiser + salary + very similar description,26758_35867571-0,26758_35867529-0,Driving Instructor (Driving Licence Required),Buckinghamshire,My Four Wheels,My Four Wheels,Annual,Annual,0.991
LIKELY_DUPLICATE,same title/location/advertiser + salary + very similar description,26758_35867571-0,26758_37471175-0,Driving Instructor (Driving Licence Required),Buckinghamshire,My Four Wheels,My Four Wheels,Annual,Annual,0.992
LIKELY_DUPLICATE,same title/location/advertiser + salary + very similar description,26758_35867571-0,26758_37471179-0,Driving Instructor (Driving Licence Required),Buckinghamshire,My Four Wheels,My Four Wheels,Annual,Annual,0.991
LIKELY_DUPLICATE,same title/location/advertiser + salary + very similar description,26758_37471179-0,26758_35867529-0,Driving Instructor (Driving Licence Required),Buckinghamshire,My Four Wheels,My Four Wheels,Annual,Annual,0.992
LIKELY_DUPLICATE,same title/location/advertiser + salary + very similar description,26758_37471179-0,26758_37471175-0,Driving Instructor (Driving Licence Required),Buckinghamshire,My Four Wheels,My Four Wheels,Annual,Annual,0.991
LIKELY_DUPLICATE,same title/location/advertiser + salary + very similar description,26758_35867548-0,26758_35867499-0,Driving Instructor (Driving Licence Required),Cambridgeshire,My Four Wheels,My Four Wheels,Annual,Annual,0.991
LIKELY_DUPLICATE,same title/location/advertiser + salary + very similar description,26758_35867548-0,26758_37431963-0,Driving Instructor (Driving Licence Required),Cambridgeshire,My Four Wheels,My Four Wheels,Annual,Annual,0.991
LIKELY_DUPLICATE,same title/location/advertiser + salary + very similar description,26758_35867548-0,26758_37471159-0,Driving Instructor (Driving Licence Required),Cambridgeshire,My Four Wheels,My Four Wheels,Annual,Annual,0.991
LIKELY_DUPLICATE,same title/location/advertiser + salary + very similar description,26758_37431963-0,26758_35867499-0,Driving Instructor (Driving Licence Required),Cambridgeshire,My Four Wheels,My Four Wheels,Annual,Annual,0.991
LIKELY_DUPLICATE,same title/location/advertiser + salary + very similar description,26758_37471159-0,26758_35867499-0,Driving Instructor (Driving Licence Required),Cambridgeshire,My Four Wheels,My Four Wheels,Annual,Annual,0.991
LIKELY_DUPLICATE,same title/location/advertiser + salary + very similar description,26758_37471159-0,26758_37431963-0,Driving Instructor (Driving Licence Required),Cambridgeshire,My Four Wheels,My Four Wheels,Annual,Annual,0.994
LIKELY_DUPLICATE,same title/location/advertiser + salary + very similar description,26758_37471212-0,26758_35867499-0,Driving Instructor (Driving Licence Required),Cambridgeshire,My Four Wheels,My Four Wheels,Annual,Annual,0.991
LIKELY_DUPLICATE,same title/location/advertiser + salary + very similar description,26758_37471212-0,26758_35867548-0,Driving Instructor (Driving Licence Required),Cambridgeshire,My Four Wheels,My Four Wheels,Annual,Annual,0.991
LIKELY_DUPLICATE,same title/location/advertiser + salary + very similar description,26758_37471212-0,26758_37431963-0,Driving Instructor (Driving Licence Required),Cambridgeshire,My Four Wheels,My Four Wheels,Annual,Annual,0.990
LIKELY_DUPLICATE,same title/location/advertiser + salary + very similar description,26758_37471212-0,26758_37471159-0,Driving Instructor (Driving Licence Required),Cambridgeshire,My Four Wheels,My Four Wheels,Annual,Annual,0.991
LIKELY_DUPLICATE,same title/location/advertiser + salary + very similar description,26758_35867488-0,26758_35867472-0,Driving Instructor (Driving Licence Required),Cheshire,My Four Wheels,My Four Wheels,Annual,Annual,0.990
LIKELY_DUPLICATE,same title/location/advertiser + salary + very similar description,26758_35867488-0,26758_37431938-0,Driving Instructor (Driving Licence Required),Cheshire,My Four Wheels,My Four Wheels,Annual,Annual,0.991
LIKELY_DUPLICATE,same title/location/advertiser + salary + very similar description,26758_35867488-0,26758_37431964-0,Driving Instructor (Driving Licence Required),Cheshire,My Four Wheels,My Four Wheels,Annual,Annual,0.991
LIKELY_DUPLICATE,same title/location/advertiser + salary + very similar description,26758_35867488-0,26758_37431980-0,Driving Instructor (Driving Licence Required),Cheshire,My Four Wheels,My Four Wheels,Annual,Annual,0.993
LIKELY_DUPLICATE,same title/location/advertiser + salary + very similar description,26758_35867488-0,26758_37432006-0,Driving Instructor (Driving Licence Required),Cheshire,My Four Wheels,My Four Wheels,Annual,Annual,0.991
LIKELY_DUPLICATE,same title/location/advertiser + salary + very similar description,26758_35867488-0,26758_37432041-0,Driving Instructor (Driving Licence Required),Cheshire,My Four Wheels,My Four Wheels,Annual,Annual,0.991
LIKELY_DUPLICATE,same title/location/advertiser + salary + very similar description,26758_35867488-0,26758_37432042-0,Driving Instructor (Driving Licence Required),Cheshire,My Four Wheels,My Four Wheels,Annual,Annual,0.991
LIKELY_DUPLICATE,same title/location/advertiser + salary + very similar description,26758_35867488-0,26758_37432059-0,Driving Instructor (Driving Licence Required),Cheshire,My Four Wheels,My Four Wheels,Annual,Annual,0.991
LIKELY_DUPLICATE,same title/location/advertiser + salary + very similar description,26758_35867488-0,26758_37432076-0,Driving Instructor (Driving Licence Required),Cheshire,My Four Wheels,My Four Wheels,Annual,Annual,0.991
LIKELY_DUPLICATE,same title/location/advertiser + salary + very similar description,26758_35867488-0,26758_37432104-0,Driving Instructor (Driving Licence Required),Cheshire,My Four Wheels,My Four Wheels,Annual,Annual,0.991
LIKELY_DUPLICATE,same title/location/advertiser + salary + very similar description,26758_35867488-0,26758_37432130-0,Driving Instructor (Driving Licence Required),Cheshire,My Four Wheels,My Four Wheels,Annual,Annual,0.992
LIKELY_DUPLICATE,same title/location/advertiser + salary + very similar description,26758_35867488-0,26758_37471197-0,Driving Instructor (Driving Licence Required),Cheshire,My Four Wheels,My Four Wheels,Annual,Annual,0.992
LIKELY_DUPLICATE,same title/location/advertiser + salary + very similar description,26758_35867488-0,26758_37471206-0,Driving Instructor (Driving Licence Required),Cheshire,My Four Wheels,My Four Wheels,Annual,Annual,0.991
LIKELY_DUPLICATE,same title/location/advertiser + salary + very similar description,26758_35867488-0,26758_37471211-0,Driving Instructor (Driving Licence Required),Cheshire,My Four Wheels,My Four Wheels,Annual,Annual,0.991
LIKELY_DUPLICATE,same title/location/advertiser + salary + very similar description,26758_37431938-0,26758_35867472-0,Driving Instructor (Driving Licence Required),Cheshire,My Four Wheels,My Four Wheels,Annual,Annual,0.991
LIKELY_DUPLICATE,same title/location/advertiser + salary + very similar description,26758_37431938-0,26758_37431964-0,Driving Instructor (Driving Licence Required),Cheshire,My Four Wheels,My Four Wheels,Annual,Annual,0.991
LIKELY_DUPLICATE,same title/location/advertiser + salary + very similar description,26758_37431938-0,26758_37432006-0,Driving Instructor (Driving Licence Required),Cheshire,My Four Wheels,My Four Wheels,Annual,Annual,0.991
LIKELY_DUPLICATE,same title/location/advertiser + salary + very similar description,26758_37431938-0,26758_37432042-0,Driving Instructor (Driving Licence Required),Cheshire,My Four Wheels,My Four Wheels,Annual,Annual,0.990
LIKELY_DUPLICATE,same title/location/advertiser + salary + very similar description,26758_37431938-0,26758_37432059-0,Driving Instructor (Driving Licence Required),Cheshire,My Four Wheels,My Four Wheels,Annual,Annual,0.992
LIKELY_DUPLICATE,same title/location/advertiser + salary + very similar description,26758_37431938-0,26758_37432076-0,Driving Instructor (Driving Licence Required),Cheshire,My Four Wheels,My Four Wheels,Annual,Annual,0.991
LIKELY_DUPLICATE,same title/location/advertiser + salary + very similar description,26758_37431938-0,26758_37432104-0,Driving Instructor (Driving Licence Required),Cheshire,My Four Wheels,My Four Wheels,Annual,Annual,0.990
LIKELY_DUPLICATE,same title/location/advertiser + salary + very similar description,26758_37431938-0,26758_37432130-0,Driving Instructor (Driving Licence Required),Cheshire,My Four Wheels,My Four Wheels,Annual,Annual,0.991
LIKELY_DUPLICATE,same title/location/advertiser + salary + very similar description,26758_37431938-0,26758_37471197-0,Driving Instructor (Driving Licence Required),Cheshire,My Four Wheels,My Four Wheels,Annual,Annual,0.991
LIKELY_DUPLICATE,same title/location/advertiser + salary + very similar description,26758_37431938-0,26758_37471211-0,Driving Instructor (Driving Licence Required),Cheshire,My Four Wheels,My Four Wheels,Annual,Annual,0.991
LIKELY_DUPLICATE,same title/location/advertiser + salary + very similar description,26758_37431964-0,26758_35867472-0,Driving Instructor (Driving Licence Required),Cheshire,My Four Wheels,My Four Wheels,Annual,Annual,0.991
LIKELY_DUPLICATE,same title/location/advertiser + salary + very similar description,26758_37431964-0,26758_37432006-0,Driving Instructor (Driving Licence Required),Cheshire,My Four Wheels,My Four Wheels,Annual,Annual,0.991
LIKELY_DUPLICATE,same title/location/advertiser + salary + very similar description,26758_37431964-0,26758_37432042-0,Driving Instructor (Driving Licence Required),Cheshire,My Four Wheels,My Four Wheels,Annual,Annual,0.991
LIKELY_DUPLICATE,same title/location/advertiser + salary + very similar description,26758_37431964-0,26758_37432059-0,Driving Instructor (Driving Licence Required),Cheshire,My Four Wheels,My Four Wheels,Annual,Annual,0.991
LIKELY_DUPLICATE,same title/location/advertiser + salary + very similar description,26758_37431964-0,26758_37471197-0,Driving Instructor (Driving Licence Required),Cheshire,My Four Wheels,My Four Wheels,Annual,Annual,0.991
LIKELY_DUPLICATE,same title/location/advertiser + salary + very similar description,26758_37431964-0,26758_37471211-0,Driving Instructor (Driving Licence Required),Cheshire,My Four Wheels,My Four Wheels,Annual,Annual,0.991
LIKELY_DUPLICATE,same title/location/advertiser + salary + very similar description,26758_37431980-0,26758_35867472-0,Driving Instructor (Driving Licence Required),Cheshire,My Four Wheels,My Four Wheels,Annual,Annual,0.991
LIKELY_DUPLICATE,same title/location/advertiser + salary + very similar description,26758_37431980-0,26758_37431938-0,Driving Instructor (Driving Licence Required),Cheshire,My Four Wheels,My Four Wheels,Annual,Annual,0.991
LIKELY_DUPLICATE,same title/location/advertiser + salary + very similar description,26758_37431980-0,26758_37431964-0,Driving Instructor (Driving Licence Required),Cheshire,My Four Wheels,My Four Wheels,Annual,Annual,0.991
LIKELY_DUPLICATE,same title/location/advertiser + salary + very similar description,26758_37431980-0,26758_37432006-0,Driving Instructor (Driving Licence Required),Cheshire,My Four Wheels,My Four Wheels,Annual,Annual,0.991
LIKELY_DUPLICATE,same title/location/advertiser + salary + very similar description,26758_37431980-0,26758_37432042-0,Driving Instructor (Driving Licence Required),Cheshire,My Four Wheels,My Four Wheels,Annual,Annual,0.991
LIKELY_DUPLICATE,same title/location/advertiser + salary + very similar description,26758_37431980-0,26758_37432059-0,Driving Instructor (Driving Licence Required),Cheshire,My Four Wheels,My Four Wheels,Annual,Annual,0.991
LIKELY_DUPLICATE,same title/location/advertiser + salary + very similar description,26758_37431980-0,26758_37432076-0,Driving Instructor (Driving Licence Required),Cheshire,My Four Wheels,My Four Wheels,Annual,Annual,0.991
LIKELY_DUPLICATE,same title/location/advertiser + salary + very similar description,26758_37431980-0,26758_37432104-0,Driving Instructor (Driving Licence Required),Cheshire,My Four Wheels,My Four Wheels,Annual,Annual,0.991
LIKELY_DUPLICATE,same title/location/advertiser + salary + very similar description,26758_37431980-0,26758_37432130-0,Driving Instructor (Driving Licence Required),Cheshire,My Four Wheels,My Four Wheels,Annual,Annual,0.991
LIKELY_DUPLICATE,same title/location/advertiser + salary + very similar description,26758_37431980-0,26758_37471197-0,Driving Instructor (Driving Licence Required),Cheshire,My Four Wheels,My Four Wheels,Annual,Annual,0.992
LIKELY_DUPLICATE,same title/location/advertiser + salary + very similar description,26758_37431980-0,26758_37471206-0,Driving Instructor (Driving Licence Required),Cheshire,My Four Wheels,My Four Wheels,Annual,Annual,0.991
LIKELY_DUPLICATE,same title/location/advertiser + salary + very similar description,26758_37431980-0,26758_37471211-0,Driving Instructor (Driving Licence Required),Cheshire,My Four Wheels,My Four Wheels,Annual,Annual,0.992
LIKELY_DUPLICATE,same title/location/advertiser + salary + very similar description,26758_37432006-0,26758_35867472-0,Driving Instructor (Driving Licence Required),Cheshire,My Four Wheels,My Four Wheels,Annual,Annual,0.991
LIKELY_DUPLICATE,same title/location/advertiser + salary + very similar description,26758_37432006-0,26758_37432042-0,Driving Instructor (Driving Licence Required),Cheshire,My Four Wheels,My Four Wheels,Annual,Annual,0.992
LIKELY_DUPLICATE,same title/location/advertiser + salary + very similar description,26758_37432006-0,26758_37432059-0,Driving Instructor (Driving Licence Required),Cheshire,My Four Wheels,My Four Wheels,Annual,Annual,0.991
LIKELY_DUPLICATE,same title/location/advertiser + salary + very similar description,26758_37432006-0,26758_37471197-0,Driving Instructor (Driving Licence Required),Cheshire,My Four Wheels,My Four Wheels,Annual,Annual,0.991
LIKELY_DUPLICATE,same title/location/advertiser + salary + very similar description,26758_37432006-0,26758_37471211-0,Driving Instructor (Driving Licence Required),Cheshire,My Four Wheels,My Four Wheels,Annual,Annual,0.990
LIKELY_DUPLICATE,same title/location/advertiser + salary + very similar description,26758_37432041-0,26758_35867472-0,Driving Instructor (Driving Licence Required),Cheshire,My Four Wheels,My Four Wheels,Annual,Annual,0.991
LIKELY_DUPLICATE,same title/location/advertiser + salary + very similar description,26758_37432041-0,26758_37431938-0,Driving Instructor (Driving Licence Required),Cheshire,My Four Wheels,My Four Wheels,Annual,Annual,0.992
LIKELY_DUPLICATE,same title/location/advertiser + salary + very similar description,26758_37432041-0,26758_37431964-0,Driving Instructor (Driving Licence Required),Cheshire,My Four Wheels,My Four Wheels,Annual,Annual,0.991
LIKELY_DUPLICATE,same title/location/advertiser + salary + very similar description,26758_37432041-0,26758_37431980-0,Driving Instructor (Driving Licence Required),Cheshire,My Four Wheels,My Four Wheels,Annual,Annual,0.992
LIKELY_DUPLICATE,same title/location/advertiser + salary + very similar description,26758_37432041-0,26758_37432006-0,Driving Instructor (Driving Licence Required),Cheshire,My Four Wheels,My Four Wheels,Annual,Annual,0.991
LIKELY_DUPLICATE,same title/location/advertiser + salary + very similar description,26758_37432041-0,26758_37432042-0,Driving Instructor (Driving Licence Required),Cheshire,My Four Wheels,My Four Wheels,Annual,Annual,0.991
LIKELY_DUPLICATE,same title/location/advertiser + salary + very similar description,26758_37432041-0,26758_37432059-0,Driving Instructor (Driving Licence Required),Cheshire,My Four Wheels,My Four Wheels,Annual,Annual,0.992
LIKELY_DUPLICATE,same title/location/advertiser + salary + very similar description,26758_37432041-0,26758_37432076-0,Driving Instructor (Driving Licence Required),Cheshire,My Four Wheels,My Four Wheels,Annual,Annual,0.992
LIKELY_DUPLICATE,same title/location/advertiser + salary + very similar description,26758_37432041-0,26758_37432104-0,Driving Instructor (Driving Licence Required),Cheshire,My Four Wheels,My Four Wheels,Annual,Annual,0.991
LIKELY_DUPLICATE,same title/location/advertiser + salary + very similar description,26758_37432041-0,26758_37432130-0,Driving Instructor (Driving Licence Required),Cheshire,My Four Wheels,My Four Wheels,Annual,Annual,0.992
LIKELY_DUPLICATE,same title/location/advertiser + salary + very similar description,26758_37432041-0,26758_37471197-0,Driving Instructor (Driving Licence Required),Cheshire,My Four Wheels,My Four Wheels,Annual,Annual,0.995
LIKELY_DUPLICATE,same title/location/advertiser + salary + very similar description,26758_37432041-0,26758_37471206-0,Driving Instructor (Driving Licence Required),Cheshire,My Four Wheels,My Four Wheels,Annual,Annual,0.992
LIKELY_DUPLICATE,same title/location/advertiser + salary + very similar description,26758_37432041-0,26758_37471211-0,Driving Instructor (Driving Licence Required),Cheshire,My Four Wheels,My Four Wheels,Annual,Annual,0.992
LIKELY_DUPLICATE,same title/location/advertiser + salary + very similar description,26758_37432042-0,26758_35867472-0,Driving Instructor (Driving Licence Required),Cheshire,My Four Wheels,My Four Wheels,Annual,Annual,0.990
LIKELY_DUPLICATE,same title/location/advertiser + salary + very similar description,26758_37432042-0,26758_37432059-0,Driving Instructor (Driving Licence Required),Cheshire,My Four Wheels,My Four Wheels,Annual,Annual,0.991
LIKELY_DUPLICATE,same title/location/advertiser + salary + very similar description,26758_37432042-0,26758_37471197-0,Driving Instructor (Driving Licence Required),Cheshire,My Four Wheels,My Four Wheels,Annual,Annual,0.992
LIKELY_DUPLICATE,same title/location/advertiser + salary + very similar description,26758_37432059-0,26758_35867472-0,Driving Instructor (Driving Licence Required),Cheshire,My Four Wheels,My Four Wheels,Annual,Annual,0.991
LIKELY_DUPLICATE,same title/location/advertiser + salary + very similar description,26758_37432059-0,26758_37471197-0,Driving Instructor (Driving Licence Required),Cheshire,My Four Wheels,My Four Wheels,Annual,Annual,0.991
LIKELY_DUPLICATE,same title/location/advertiser + salary + very similar description,26758_37432076-0,26758_35867472-0,Driving Instructor (Driving Licence Required),Cheshire,My Four Wheels,My Four Wheels,Annual,Annual,0.991
LIKELY_DUPLICATE,same title/location/advertiser + salary + very similar description,26758_37432076-0,26758_37431964-0,Driving Instructor (Driving Licence Required),Cheshire,My Four Wheels,My Four Wheels,Annual,Annual,0.991
LIKELY_DUPLICATE,same title/location/advertiser + salary + very similar description,26758_37432076-0,26758_37432006-0,Driving Instructor (Driving Licence Required),Cheshire,My Four Wheels,My Four Wheels,Annual,Annual,0.991
LIKELY_DUPLICATE,same title/location/advertiser + salary + very similar description,26758_37432076-0,26758_37432042-0,Driving Instructor (Driving Licence Required),Cheshire,My Four Wheels,My Four Wheels,Annual,Annual,0.992
LIKELY_DUPLICATE,same title/location/advertiser + salary + very similar description,26758_37432076-0,26758_37432059-0,Driving Instructor (Driving Licence Required),Cheshire,My Four Wheels,My Four Wheels,Annual,Annual,0.991
LIKELY_DUPLICATE,same title/location/advertiser + salary + very similar description,26758_37432076-0,26758_37471197-0,Driving Instructor (Driving Licence Required),Cheshire,My Four Wheels,My Four Wheels,Annual,Annual,0.991
LIKELY_DUPLICATE,same title/location/advertiser + salary + very similar description,26758_37432076-0,26758_37471211-0,Driving Instructor (Driving Licence Required),Cheshire,My Four Wheels,My Four Wheels,Annual,Annual,0.991
LIKELY_DUPLICATE,same title/location/advertiser + salary + very similar description,26758_37432104-0,26758_35867472-0,Driving Instructor (Driving Licence Required),Cheshire,My Four Wheels,My Four Wheels,Annual,Annual,0.990
LIKELY_DUPLICATE,same title/location/advertiser + salary + very similar description,26758_37432104-0,26758_37431964-0,Driving Instructor (Driving Licence Required),Cheshire,My Four Wheels,My Four Wheels,Annual,Annual,0.991
LIKELY_DUPLICATE,same title/location/advertiser + salary + very similar description,26758_37432104-0,26758_37432006-0,Driving Instructor (Driving Licence Required),Cheshire,My Four Wheels,My Four Wheels,Annual,Annual,0.991
LIKELY_DUPLICATE,same title/location/advertiser + salary + very similar description,26758_37432104-0,26758_37432042-0,Driving Instructor (Driving Licence Required),Cheshire,My Four Wheels,My Four Wheels,Annual,Annual,0.991
LIKELY_DUPLICATE,same title/location/advertiser + salary + very similar description,26758_37432104-0,26758_37432059-0,Driving Instructor (Driving Licence Required),Cheshire,My Four Wheels,My Four Wheels,Annual,Annual,0.991
LIKELY_DUPLICATE,same title/location/advertiser + salary + very similar description,26758_37432104-0,26758_37432076-0,Driving Instructor (Driving Licence Required),Cheshire,My Four Wheels,My Four Wheels,Annual,Annual,0.992
LIKELY_DUPLICATE,same title/location/advertiser + salary + very similar description,26758_37432104-0,26758_37432130-0,Driving Instructor (Driving Licence Required),Cheshire,My Four Wheels,My Four Wheels,Annual,Annual,0.990
LIKELY_DUPLICATE,same title/location/advertiser + salary + very similar description,26758_37432104-0,26758_37471197-0,Driving Instructor (Driving Licence Required),Cheshire,My Four Wheels,My Four Wheels,Annual,Annual,0.992
LIKELY_DUPLICATE,same title/location/advertiser + salary + very similar description,26758_37432104-0,26758_37471211-0,Driving Instructor (Driving Licence Required),Cheshire,My Four Wheels,My Four Wheels,Annual,Annual,0.991
LIKELY_DUPLICATE,same title/location/advertiser + salary + very similar description,26758_37432130-0,26758_35867472-0,Driving Instructor (Driving Licence Required),Cheshire,My Four Wheels,My Four Wheels,Annual,Annual,0.991
LIKELY_DUPLICATE,same title/location/advertiser + salary + very similar description,26758_37432130-0,26758_37431964-0,Driving Instructor (Driving Licence Required),Cheshire,My Four Wheels,My Four Wheels,Annual,Annual,0.991
LIKELY_DUPLICATE,same title/location/advertiser + salary + very similar description,26758_37432130-0,26758_37432006-0,Driving Instructor (Driving Licence Required),Cheshire,My Four Wheels,My Four Wheels,Annual,Annual,0.991
LIKELY_DUPLICATE,same title/location/advertiser + salary + very similar description,26758_37432130-0,26758_37432042-0,Driving Instructor (Driving Licence Required),Cheshire,My Four Wheels,My Four Wheels,Annual,Annual,0.991
LIKELY_DUPLICATE,same title/location/advertiser + salary + very similar description,26758_37432130-0,26758_37432059-0,Driving Instructor (Driving Licence Required),Cheshire,My Four Wheels,My Four Wheels,Annual,Annual,0.991
LIKELY_DUPLICATE,same title/location/advertiser + salary + very similar description,26758_37432130-0,26758_37432076-0,Driving Instructor (Driving Licence Required),Cheshire,My Four Wheels,My Four Wheels,Annual,Annual,0.992
LIKELY_DUPLICATE,same title/location/advertiser + salary + very similar description,26758_37432130-0,26758_37471197-0,Driving Instructor (Driving Licence Required),Cheshire,My Four Wheels,My Four Wheels,Annual,Annual,0.991
LIKELY_DUPLICATE,same title/location/advertiser + salary + very similar description,26758_37432130-0,26758_37471211-0,Driving Instructor (Driving Licence Required),Cheshire,My Four Wheels,My Four Wheels,Annual,Annual,0.991
LIKELY_DUPLICATE,same title/location/advertiser + salary + very similar description,26758_37471197-0,26758_35867472-0,Driving Instructor (Driving Licence Required),Cheshire,My Four Wheels,My Four Wheels,Annual,Annual,0.991
LIKELY_DUPLICATE,same title/location/advertiser + salary + very similar description,26758_37471206-0,26758_35867472-0,Driving Instructor (Driving Licence Required),Cheshire,My Four Wheels,My Four Wheels,Annual,Annual,0.992
LIKELY_DUPLICATE,same title/location/advertiser + salary + very similar description,26758_37471206-0,26758_37431938-0,Driving Instructor (Driving Licence Required),Cheshire,My Four Wheels,My Four Wheels,Annual,Annual,0.992
LIKELY_DUPLICATE,same title/location/advertiser + salary + very similar description,26758_37471206-0,26758_37431964-0,Driving Instructor (Driving Licence Required),Cheshire,My Four Wheels,My Four Wheels,Annual,Annual,0.992
LIKELY_DUPLICATE,same title/location/advertiser + salary + very similar description,26758_37471206-0,26758_37432006-0,Driving Instructor (Driving Licence Required),Cheshire,My Four Wheels,My Four Wheels,Annual,Annual,0.990
LIKELY_DUPLICATE,same title/location/advertiser + salary + very similar description,26758_37471206-0,26758_37432042-0,Driving Instructor (Driving Licence Required),Cheshire,My Four Wheels,My Four Wheels,Annual,Annual,0.991
LIKELY_DUPLICATE,same title/location/advertiser + salary + very similar description,26758_37471206-0,26758_37432059-0,Driving Instructor (Driving Licence Required),Cheshire,My Four Wheels,My Four Wheels,Annual,Annual,0.991
LIKELY_DUPLICATE,same title/location/advertiser + salary + very similar description,26758_37471206-0,26758_37432076-0,Driving Instructor (Driving Licence Required),Cheshire,My Four Wheels,My Four Wheels,Annual,Annual,0.990
LIKELY_DUPLICATE,same title/location/advertiser + salary + very similar description,26758_37471206-0,26758_37432104-0,Driving Instructor (Driving Licence Required),Cheshire,My Four Wheels,My Four Wheels,Annual,Annual,0.992
LIKELY_DUPLICATE,same title/location/advertiser + salary + very similar description,26758_37471206-0,26758_37432130-0,Driving Instructor (Driving Licence Required),Cheshire,My Four Wheels,My Four Wheels,Annual,Annual,0.990
LIKELY_DUPLICATE,same title/location/advertiser + salary + very similar description,26758_37471206-0,26758_37471197-0,Driving Instructor (Driving Licence Required),Cheshire,My Four Wheels,My Four Wheels,Annual,Annual,0.991
LIKELY_DUPLICATE,same title/location/advertiser + salary + very similar description,26758_37471206-0,26758_37471211-0,Driving Instructor (Driving Licence Required),Cheshire,My Four Wheels,My Four Wheels,Annual,Annual,0.991
LIKELY_DUPLICATE,same title/location/advertiser + salary + very similar description,26758_37471211-0,26758_35867472-0,Driving Instructor (Driving Licence Required),Cheshire,My Four Wheels,My Four Wheels,Annual,Annual,0.991
LIKELY_DUPLICATE,same title/location/advertiser + salary + very similar description,26758_37471211-0,26758_37432042-0,Driving Instructor (Driving Licence Required),Cheshire,My Four Wheels,My Four Wheels,Annual,Annual,0.990
LIKELY_DUPLICATE,same title/location/advertiser + salary + very similar description,26758_37471211-0,26758_37432059-0,Driving Instructor (Driving Licence Required),Cheshire,My Four Wheels,My Four Wheels,Annual,Annual,0.991
LIKELY_DUPLICATE,same title/location/advertiser + salary + very similar description,26758_37471211-0,26758_37471197-0,Driving Instructor (Driving Licence Required),Cheshire,My Four Wheels,My Four Wheels,Annual,Annual,0.991
LIKELY_DUPLICATE,same title/location/advertiser + salary + very similar description,26758_37431968-0,26758_37432081-0,Driving Instructor (Driving Licence Required),Cornwall,My Four Wheels,My Four Wheels,Annual,Annual,0.991
LIKELY_DUPLICATE,same title/location/advertiser + salary + very similar description,26758_37431968-0,26758_37432131-0,Driving Instructor (Driving Licence Required),Cornwall,My Four Wheels,My Four Wheels,Annual,Annual,0.991
LIKELY_DUPLICATE,same title/location/advertiser + salary + very similar description,26758_37431968-0,26758_37432132-0,Driving Instructor (Driving Licence Required),Cornwall,My Four Wheels,My Four Wheels,Annual,Annual,0.992
LIKELY_DUPLICATE,same title/location/advertiser + salary + very similar description,26758_37432131-0,26758_37432081-0,Driving Instructor (Driving Licence Required),Cornwall,My Four Wheels,My Four Wheels,Annual,Annual,0.992
LIKELY_DUPLICATE,same title/location/advertiser + salary + very similar description,26758_37432132-0,26758_37432081-0,Driving Instructor (Driving Licence Required),Cornwall,My Four Wheels,My Four Wheels,Annual,Annual,0.991
LIKELY_DUPLICATE,same title/location/advertiser + salary + very similar description,26758_37432132-0,26758_37432131-0,Driving Instructor (Driving Licence Required),Cornwall,My Four Wheels,My Four Wheels,Annual,Annual,0.991
LIKELY_DUPLICATE,same title/location/advertiser + salary + very similar description,26758_37431909-0,26758_37431957-0,Driving Instructor (Driving Licence Required),County Durham,My Four Wheels,My Four Wheels,Annual,Annual,0.990
LIKELY_DUPLICATE,same title/location/advertiser + salary + very similar description,26758_37431909-0,26758_37431983-0,Driving Instructor (Driving Licence Required),County Durham,My Four Wheels,My Four Wheels,Annual,Annual,0.991
LIKELY_DUPLICATE,same title/location/advertiser + salary + very similar description,26758_37431928-0,26758_37431909-0,Driving Instructor (Driving Licence Required),County Durham,My Four Wheels,My Four Wheels,Annual,Annual,0.991
LIKELY_DUPLICATE,same title/location/advertiser + salary + very similar description,26758_37431928-0,26758_37431957-0,Driving Instructor (Driving Licence Required),County Durham,My Four Wheels,My Four Wheels,Annual,Annual,0.991
LIKELY_DUPLICATE,same title/location/advertiser + salary + very similar description,26758_37431928-0,26758_37431983-0,Driving Instructor (Driving Licence Required),County Durham,My Four Wheels,My Four Wheels,Annual,Annual,0.991
LIKELY_DUPLICATE,same title/location/advertiser + salary + very similar description,26758_37431941-0,26758_37431909-0,Driving Instructor (Driving Licence Required),County Durham,My Four Wheels,My Four Wheels,Annual,Annual,0.991
LIKELY_DUPLICATE,same title/location/advertiser + salary + very similar description,26758_37431941-0,26758_37431928-0,Driving Instructor (Driving Licence Required),County Durham,My Four Wheels,My Four Wheels,Annual,Annual,0.991
LIKELY_DUPLICATE,same title/location/advertiser + salary + very similar description,26758_37431941-0,26758_37431957-0,Driving Instructor (Driving Licence Required),County Durham,My Four Wheels,My Four Wheels,Annual,Annual,0.991
LIKELY_DUPLICATE,same title/location/advertiser + salary + very similar description,26758_37431941-0,26758_37431983-0,Driving Instructor (Driving Licence Required),County Durham,My Four Wheels,My Four Wheels,Annual,Annual,0.991
LIKELY_DUPLICATE,same title/location/advertiser + salary + very similar description,26758_37431957-0,26758_37431983-0,Driving Instructor (Driving Licence Required),County Durham,My Four Wheels,My Four Wheels,Annual,Annual,0.990
LIKELY_DUPLICATE,same title/location/advertiser + salary + very similar description,26758_37432033-0,26758_37431909-0,Driving Instructor (Driving Licence Required),County Durham,My Four Wheels,My Four Wheels,Annual,Annual,0.991
LIKELY_DUPLICATE,same title/location/advertiser + salary + very similar description,26758_37432033-0,26758_37431928-0,Driving Instructor (Driving Licence Required),County Durham,My Four Wheels,My Four Wheels,Annual,Annual,0.991
LIKELY_DUPLICATE,same title/location/advertiser + salary + very similar description,26758_37432033-0,26758_37431941-0,Driving Instructor (Driving Licence Required),County Durham,My Four Wheels,My Four Wheels,Annual,Annual,0.991
LIKELY_DUPLICATE,same title/location/advertiser + salary + very similar description,26758_37432033-0,26758_37431957-0,Driving Instructor (Driving Licence Required),County Durham,My Four Wheels,My Four Wheels,Annual,Annual,0.991
LIKELY_DUPLICATE,same title/location/advertiser + salary + very similar description,26758_37432033-0,26758_37431983-0,Driving Instructor (Driving Licence Required),County Durham,My Four Wheels,My Four Wheels,Annual,Annual,0.991
LIKELY_DUPLICATE,same title/location/advertiser + salary + very similar description,26758_37471213-0,26758_37431909-0,Driving Instructor (Driving Licence Required),County Durham,My Four Wheels,My Four Wheels,Annual,Annual,0.991
LIKELY_DUPLICATE,same title/location/advertiser + salary + very similar description,26758_37471213-0,26758_37431928-0,Driving Instructor (Driving Licence Required),County Durham,My Four Wheels,My Four Wheels,Annual,Annual,0.991
LIKELY_DUPLICATE,same title/location/advertiser + salary + very similar description,26758_37471213-0,26758_37431941-0,Driving Instructor (Driving Licence Required),County Durham,My Four Wheels,My Four Wheels,Annual,Annual,0.992
LIKELY_DUPLICATE,same title/location/advertiser + salary + very similar description,26758_37471213-0,26758_37431957-0,Driving Instructor (Driving Licence Required),County Durham,My Four Wheels,My Four Wheels,Annual,Annual,0.991
LIKELY_DUPLICATE,same title/location/advertiser + salary + very similar description,26758_37471213-0,26758_37431983-0,Driving Instructor (Driving Licence Required),County Durham,My Four Wheels,My Four Wheels,Annual,Annual,0.991
LIKELY_DUPLICATE,same title/location/advertiser + salary + very similar description,26758_37471213-0,26758_37432033-0,Driving Instructor (Driving Licence Required),County Durham,My Four Wheels,My Four Wheels,Annual,Annual,0.991
LIKELY_DUPLICATE,same title/location/advertiser + salary + very similar description,26758_37432093-0,26758_37432023-0,Driving Instructor (Driving Licence Required),Cumbria,My Four Wheels,My Four Wheels,Annual,Annual,0.992
LIKELY_DUPLICATE,same title/location/advertiser + salary + very similar description,26758_37471162-0,26758_37432023-0,Driving Instructor (Driving Licence Required),Cumbria,My Four Wheels,My Four Wheels,Annual,Annual,0.992
LIKELY_DUPLICATE,same title/location/advertiser + salary + very similar description,26758_37471162-0,26758_37432093-0,Driving Instructor (Driving Licence Required),Cumbria,My Four Wheels,My Four Wheels,Annual,Annual,0.994
LIKELY_DUPLICATE,same title/location/advertiser + salary + very similar description,26758_37471190-0,26758_37432023-0,Driving Instructor (Driving Licence Required),Cumbria,My Four Wheels,My Four Wheels,Annual,Annual,0.991
LIKELY_DUPLICATE,same title/location/advertiser + salary + very similar description,26758_37471190-0,26758_37432093-0,Driving Instructor (Driving Licence Required),Cumbria,My Four Wheels,My Four Wheels,Annual,Annual,0.991
LIKELY_DUPLICATE,same title/location/advertiser + salary + very similar description,26758_37471190-0,26758_37471162-0,Driving Instructor (Driving Licence Required),Cumbria,My Four Wheels,My Four Wheels,Annual,Annual,0.991
LIKELY_DUPLICATE,same title/location/advertiser + salary + very similar description,26758_37471190-0,26758_37471199-0,Driving Instructor (Driving Licence Required),Cumbria,My Four Wheels,My Four Wheels,Annual,Annual,0.991
LIKELY_DUPLICATE,same title/location/advertiser + salary + very similar description,26758_37471199-0,26758_37432023-0,Driving Instructor (Driving Licence Required),Cumbria,My Four Wheels,My Four Wheels,Annual,Annual,0.992
LIKELY_DUPLICATE,same title/location/advertiser + salary + very similar description,26758_37471199-0,26758_37432093-0,Driving Instructor (Driving Licence Required),Cumbria,My Four Wheels,My Four Wheels,Annual,Annual,0.991
LIKELY_DUPLICATE,same title/location/advertiser + salary + very similar description,26758_37471199-0,26758_37471162-0,Driving Instructor (Driving Licence Required),Cumbria,My Four Wheels,My Four Wheels,Annual,Annual,0.991
LIKELY_DUPLICATE,same title/location/advertiser + salary + very similar description,26758_35867558-0,26758_37431992-0,Driving Instructor (Driving Licence Required),Derbyshire,My Four Wheels,My Four Wheels,Annual,Annual,0.991
LIKELY_DUPLICATE,same title/location/advertiser + salary + very similar description,26758_35867558-0,26758_37432035-0,Driving Instructor (Driving Licence Required),Derbyshire,My Four Wheels,My Four Wheels,Annual,Annual,0.994
LIKELY_DUPLICATE,same title/location/advertiser + salary + very similar description,26758_35867558-0,26758_37432036-0,Driving Instructor (Driving Licence Required),Derbyshire,My Four Wheels,My Four Wheels,Annual,Annual,0.992
LIKELY_DUPLICATE,same title/location/advertiser + salary + very similar description,26758_35867558-0,26758_37432063-0,Driving Instructor (Driving Licence Required),Derbyshire,My Four Wheels,My Four Wheels,Annual,Annual,0.991
LIKELY_DUPLICATE,same title/location/advertiser + salary + very similar description,26758_35867558-0,26758_37471178-0,Driving Instructor (Driving Licence Required),Derbyshire,My Four Wheels,My Four Wheels,Annual,Annual,0.991
LIKELY_DUPLICATE,same title/location/advertiser + salary + very similar description,26758_37431992-0,26758_37432036-0,Driving Instructor (Driving Licence Required),Derbyshire,My Four Wheels,My Four Wheels,Annual,Annual,0.991
LIKELY_DUPLICATE,same title/location/advertiser + salary + very similar description,26758_37432035-0,26758_37431992-0,Driving Instructor (Driving Licence Required),Derbyshire,My Four Wheels,My Four Wheels,Annual,Annual,0.991
LIKELY_DUPLICATE,same title/location/advertiser + salary + very similar description,26758_37432035-0,26758_37432036-0,Driving Instructor (Driving Licence Required),Derbyshire,My Four Wheels,My Four Wheels,Annual,Annual,0.992
LIKELY_DUPLICATE,same title/location/advertiser + salary + very similar description,26758_37432035-0,26758_37432063-0,Driving Instructor (Driving Licence Required),Derbyshire,My Four Wheels,My Four Wheels,Annual,Annual,0.991
LIKELY_DUPLICATE,same title/location/advertiser + salary + very similar description,26758_37432035-0,26758_37471178-0,Driving Instructor (Driving Licence Required),Derbyshire,My Four Wheels,My Four Wheels,Annual,Annual,0.991
LIKELY_DUPLICATE,same title/location/advertiser + salary + very similar description,26758_37432063-0,26758_37431992-0,Driving Instructor (Driving Licence Required),Derbyshire,My Four Wheels,My Four Wheels,Annual,Annual,0.991
LIKELY_DUPLICATE,same title/location/advertiser + salary + very similar description,26758_37432063-0,26758_37432036-0,Driving Instructor (Driving Licence Required),Derbyshire,My Four Wheels,My Four Wheels,Annual,Annual,0.992
LIKELY_DUPLICATE,same title/location/advertiser + salary + very similar description,26758_37432063-0,26758_37471178-0,Driving Instructor (Driving Licence Required),Derbyshire,My Four Wheels,My Four Wheels,Annual,Annual,0.991
LIKELY_DUPLICATE,same title/location/advertiser + salary + very similar description,26758_37471178-0,26758_37431992-0,Driving Instructor (Driving Licence Required),Derbyshire,My Four Wheels,My Four Wheels,Annual,Annual,0.995
LIKELY_DUPLICATE,same title/location/advertiser + salary + very similar description,26758_37471178-0,26758_37432036-0,Driving Instructor (Driving Licence Required),Derbyshire,My Four Wheels,My Four Wheels,Annual,Annual,0.991
LIKELY_DUPLICATE,same title/location/advertiser + salary + very similar description,26758_37471228-0,26758_35867558-0,Driving Instructor (Driving Licence Required),Derbyshire,My Four Wheels,My Four Wheels,Annual,Annual,0.991
LIKELY_DUPLICATE,same title/location/advertiser + salary + very similar description,26758_37471228-0,26758_37431992-0,Driving Instructor (Driving Licence Required),Derbyshire,My Four Wheels,My Four Wheels,Annual,Annual,0.992
LIKELY_DUPLICATE,same title/location/advertiser + salary + very similar description,26758_37471228-0,26758_37432035-0,Driving Instructor (Driving Licence Required),Derbyshire,My Four Wheels,My Four Wheels,Annual,Annual,0.991
LIKELY_DUPLICATE,same title/location/advertiser + salary + very similar description,26758_37471228-0,26758_37432036-0,Driving Instructor (Driving Licence Required),Derbyshire,My Four Wheels,My Four Wheels,Annual,Annual,0.992
LIKELY_DUPLICATE,same title/location/advertiser + salary + very similar description,26758_37471228-0,26758_37432063-0,Driving Instructor (Driving Licence Required),Derbyshire,My Four Wheels,My Four Wheels,Annual,Annual,0.992
LIKELY_DUPLICATE,same title/location/advertiser + salary + very similar description,26758_37471228-0,26758_37471178-0,Driving Instructor (Driving Licence Required),Derbyshire,My Four Wheels,My Four Wheels,Annual,Annual,0.991
LIKELY_DUPLICATE,same title/location/advertiser + salary + very similar description,26758_37431907-0,26758_35867546-0,Driving Instructor (Driving Licence Required),Devon,My Four Wheels,My Four Wheels,Annual,Annual,0.990
LIKELY_DUPLICATE,same title/location/advertiser + salary + very similar description,26758_37431907-0,26758_37432004-0,Driving Instructor (Driving Licence Required),Devon,My Four Wheels,My Four Wheels,Annual,Annual,0.994
LIKELY_DUPLICATE,same title/location/advertiser + salary + very similar description,26758_37431916-0,26758_35867546-0,Driving Instructor (Driving Licence Required),Devon,My Four Wheels,My Four Wheels,Annual,Annual,0.991
LIKELY_DUPLICATE,same title/location/advertiser + salary + very similar description,26758_37431916-0,26758_37431907-0,Driving Instructor (Driving Licence Required),Devon,My Four Wheels,My Four Wheels,Annual,Annual,0.991
LIKELY_DUPLICATE,same title/location/advertiser + salary + very similar description,26758_37431916-0,26758_37432004-0,Driving Instructor (Driving Licence Required),Devon,My Four Wheels,My Four Wheels,Annual,Annual,0.991
LIKELY_DUPLICATE,same title/location/advertiser + salary + very similar description,26758_37431916-0,26758_37471198-0,Driving Instructor (Driving Licence Required),Devon,My Four Wheels,My Four Wheels,Annual,Annual,0.991
LIKELY_DUPLICATE,same title/location/advertiser + salary + very similar description,26758_37432004-0,26758_35867546-0,Driving Instructor (Driving Licence Required),Devon,My Four Wheels,My Four Wheels,Annual,Annual,0.991
LIKELY_DUPLICATE,same title/location/advertiser + salary + very similar description,26758_37471170-0,26758_35867546-0,Driving Instructor (Driving Licence Required),Devon,My Four Wheels,My Four Wheels,Annual,Annual,0.992
LIKELY_DUPLICATE,same title/location/advertiser + salary + very similar description,26758_37471170-0,26758_37431907-0,Driving Instructor (Driving Licence Required),Devon,My Four Wheels,My Four Wheels,Annual,Annual,0.991
LIKELY_DUPLICATE,same title/location/advertiser + salary + very similar description,26758_37471170-0,26758_37431916-0,Driving Instructor (Driving Licence Required),Devon,My Four Wheels,My Four Wheels,Annual,Annual,0.992
LIKELY_DUPLICATE,same title/location/advertiser + salary + very similar description,26758_37471170-0,26758_37432004-0,Driving Instructor (Driving Licence Required),Devon,My Four Wheels,My Four Wheels,Annual,Annual,0.991
LIKELY_DUPLICATE,same title/location/advertiser + salary + very similar description,26758_37471170-0,26758_37471198-0,Driving Instructor (Driving Licence Required),Devon,My Four Wheels,My Four Wheels,Annual,Annual,0.991
LIKELY_DUPLICATE,same title/location/advertiser + salary + very similar description,26758_37471198-0,26758_35867546-0,Driving Instructor (Driving Licence Required),Devon,My Four Wheels,My Four Wheels,Annual,Annual,0.992
LIKELY_DUPLICATE,same title/location/advertiser + salary + very similar description,26758_37471198-0,26758_37431907-0,Driving Instructor (Driving Licence Required),Devon,My Four Wheels,My Four Wheels,Annual,Annual,0.991
LIKELY_DUPLICATE,same title/location/advertiser + salary + very similar description,26758_37471198-0,26758_37432004-0,Driving Instructor (Driving Licence Required),Devon,My Four Wheels,My Four Wheels,Annual,Annual,0.991
LIKELY_DUPLICATE,same title/location/advertiser + salary + very similar description,26758_35867524-0,26758_37431962-0,Driving Instructor (Driving Licence Required),Dorset,My Four Wheels,My Four Wheels,Annual,Annual,0.991
LIKELY_DUPLICATE,same title/location/advertiser + salary + very similar description,26758_37431906-0,26758_35867524-0,Driving Instructor (Driving Licence Required),Dorset,My Four Wheels,My Four Wheels,Annual,Annual,0.991
LIKELY_DUPLICATE,same title/location/advertiser + salary + very similar description,26758_37431906-0,26758_37431962-0,Driving Instructor (Driving Licence Required),Dorset,My Four Wheels,My Four Wheels,Annual,Annual,0.990
LIKELY_DUPLICATE,same title/location/advertiser + salary + very similar description,26758_37431906-0,26758_37432105-0,Driving Instructor (Driving Licence Required),Dorset,My Four Wheels,My Four Wheels,Annual,Annual,0.991
LIKELY_DUPLICATE,same title/location/advertiser + salary + very similar description,26758_37431906-0,26758_37471155-0,Driving Instructor (Driving Licence Required),Dorset,My Four Wheels,My Four Wheels,Annual,Annual,0.991
LIKELY_DUPLICATE,same title/location/advertiser + salary + very similar description,26758_37432105-0,26758_35867524-0,Driving Instructor (Driving Licence Required),Dorset,My Four Wheels,My Four Wheels,Annual,Annual,0.991
LIKELY_DUPLICATE,same title/location/advertiser + salary + very similar description,26758_37432105-0,26758_37431962-0,Driving Instructor (Driving Licence Required),Dorset,My Four Wheels,My Four Wheels,Annual,Annual,0.991
LIKELY_DUPLICATE,same title/location/advertiser + salary + very similar description,26758_37432105-0,26758_37471155-0,Driving Instructor (Driving Licence Required),Dorset,My Four Wheels,My Four Wheels,Annual,Annual,0.995
LIKELY_DUPLICATE,same title/location/advertiser + salary + very similar description,26758_37471152-0,26758_35867524-0,Driving Instructor (Driving Licence Required),Dorset,My Four Wheels,My Four Wheels,Annual,Annual,0.991
LIKELY_DUPLICATE,same title/location/advertiser + salary + very similar description,26758_37471152-0,26758_37431906-0,Driving Instructor (Driving Licence Required),Dorset,My Four Wheels,My Four Wheels,Annual,Annual,0.991
LIKELY_DUPLICATE,same title/location/advertiser + salary + very similar description,26758_37471152-0,26758_37431962-0,Driving Instructor (Driving Licence Required),Dorset,My Four Wheels,My Four Wheels,Annual,Annual,0.991
LIKELY_DUPLICATE,same title/location/advertiser + salary + very similar description,26758_37471152-0,26758_37432105-0,Driving Instructor (Driving Licence Required),Dorset,My Four Wheels,My Four Wheels,Annual,Annual,0.991
LIKELY_DUPLICATE,same title/location/advertiser + salary + very similar description,26758_37471152-0,26758_37471155-0,Driving Instructor (Driving Licence Required),Dorset,My Four Wheels,My Four Wheels,Annual,Annual,0.991
LIKELY_DUPLICATE,same title/location/advertiser + salary + very similar description,26758_37471155-0,26758_35867524-0,Driving Instructor (Driving Licence Required),Dorset,My Four Wheels,My Four Wheels,Annual,Annual,0.992
LIKELY_DUPLICATE,same title/location/advertiser + salary + very similar description,26758_37471155-0,26758_37431962-0,Driving Instructor (Driving Licence Required),Dorset,My Four Wheels,My Four Wheels,Annual,Annual,0.991
LIKELY_DUPLICATE,same title/location/advertiser + salary + very similar description,26758_35867457-0,26758_35867437-0,Driving Instructor (Driving Licence Required),Essex,My Four Wheels,My Four Wheels,Annual,Annual,0.991
LIKELY_DUPLICATE,same title/location/advertiser + salary + very similar description,26758_35867457-0,26758_35867458-0,Driving Instructor (Driving Licence Required),Essex,My Four Wheels,My Four Wheels,Annual,Annual,0.991
LIKELY_DUPLICATE,same title/location/advertiser + salary + very similar description,26758_35867457-0,26758_35867504-0,Driving Instructor (Driving Licence Required),Essex,My Four Wheels,My Four Wheels,Annual,Annual,0.992
LIKELY_DUPLICATE,same title/location/advertiser + salary + very similar description,26758_35867457-0,26758_35867551-0,Driving Instructor (Driving Licence Required),Essex,My Four Wheels,My Four Wheels,Annual,Annual,0.991
LIKELY_DUPLICATE,same title/location/advertiser + salary + very similar description,26758_35867457-0,26758_37431914-0,Driving Instructor (Driving Licence Required),Essex,My Four Wheels,My Four Wheels,Annual,Annual,0.991
LIKELY_DUPLICATE,same title/location/advertiser + salary + very similar description,26758_35867457-0,26758_37431924-0,Driving Instructor (Driving Licence Required),Essex,My Four Wheels,My Four Wheels,Annual,Annual,0.991
LIKELY_DUPLICATE,same title/location/advertiser + salary + very similar description,26758_35867457-0,26758_37431933-0,Driving Instructor (Driving Licence Required),Essex,My Four Wheels,My Four Wheels,Annual,Annual,0.991
LIKELY_DUPLICATE,same title/location/advertiser + salary + very similar description,26758_35867457-0,26758_37431949-0,Driving Instructor (Driving Licence Required),Essex,My Four Wheels,My Four Wheels,Annual,Annual,0.991
LIKELY_DUPLICATE,same title/location/advertiser + salary + very similar description,26758_35867457-0,26758_37431970-0,Driving Instructor (Driving Licence Required),Essex,My Four Wheels,My Four Wheels,Annual,Annual,0.991
LIKELY_DUPLICATE,same title/location/advertiser + salary + very similar description,26758_35867457-0,26758_37431982-0,Driving Instructor (Driving Licence Required),Essex,My Four Wheels,My Four Wheels,Annual,Annual,0.990
LIKELY_DUPLICATE,same title/location/advertiser + salary + very similar description,26758_35867457-0,26758_37432002-0,Driving Instructor (Driving Licence Required),Essex,My Four Wheels,My Four Wheels,Annual,Annual,0.991
LIKELY_DUPLICATE,same title/location/advertiser + salary + very similar description,26758_35867457-0,26758_37432007-0,Driving Instructor (Driving Licence Required),Essex,My Four Wheels,My Four Wheels,Annual,Annual,0.990
LIKELY_DUPLICATE,same title/location/advertiser + salary + very similar description,26758_35867457-0,26758_37432052-0,Driving Instructor (Driving Licence Required),Essex,My Four Wheels,My Four Wheels,Annual,Annual,0.992
LIKELY_DUPLICATE,same title/location/advertiser + salary + very similar description,26758_35867457-0,26758_37432115-0,Driving Instructor (Driving Licence Required),Essex,My Four Wheels,My Four Wheels,Annual,Annual,0.993
LIKELY_DUPLICATE,same title/location/advertiser + salary + very similar description,26758_35867457-0,26758_37432127-0,Driving Instructor (Driving Licence Required),Essex,My Four Wheels,My Four Wheels,Annual,Annual,0.991
LIKELY_DUPLICATE,same title/location/advertiser + salary + very similar description,26758_35867457-0,26758_37471225-0,Driving Instructor (Driving Licence Required),Essex,My Four Wheels,My Four Wheels,Annual,Annual,0.991
LIKELY_DUPLICATE,same title/location/advertiser + salary + very similar description,26758_35867458-0,26758_35867437-0,Driving Instructor (Driving Licence Required),Essex,My Four Wheels,My Four Wheels,Annual,Annual,0.992
LIKELY_DUPLICATE,same title/location/advertiser + salary + very similar description,26758_35867458-0,26758_35867551-0,Driving Instructor (Driving Licence Required),Essex,My Four Wheels,My Four Wheels,Annual,Annual,0.991
LIKELY_DUPLICATE,same title/location/advertiser + salary + very similar description,26758_35867458-0,26758_37431924-0,Driving Instructor (Driving Licence Required),Essex,My Four Wheels,My Four Wheels,Annual,Annual,0.991
LIKELY_DUPLICATE,same title/location/advertiser + salary + very similar description,26758_35867458-0,26758_37431933-0,Driving Instructor (Driving Licence Required),Essex,My Four Wheels,My Four Wheels,Annual,Annual,0.991
LIKELY_DUPLICATE,same title/location/advertiser + salary + very similar description,26758_35867458-0,26758_37431949-0,Driving Instructor (Driving Licence Required),Essex,My Four Wheels,My Four Wheels,Annual,Annual,0.991
LIKELY_DUPLICATE,same title/location/advertiser + salary + very similar description,26758_35867458-0,26758_37431970-0,Driving Instructor (Driving Licence Required),Essex,My Four Wheels,My Four Wheels,Annual,Annual,0.992
LIKELY_DUPLICATE,same title/location/advertiser + salary + very similar description,26758_35867458-0,26758_37432002-0,Driving Instructor (Driving Licence Required),Essex,My Four Wheels,My Four Wheels,Annual,Annual,0.991
LIKELY_DUPLICATE,same title/location/advertiser + salary + very similar description,26758_35867458-0,26758_37432127-0,Driving Instructor (Driving Licence Required),Essex,My Four Wheels,My Four Wheels,Annual,Annual,0.991
LIKELY_DUPLICATE,same title/location/advertiser + salary + very similar description,26758_35867504-0,26758_35867437-0,Driving Instructor (Driving Licence Required),Essex,My Four Wheels,My Four Wheels,Annual,Annual,0.990
LIKELY_DUPLICATE,same title/location/advertiser + salary + very similar description,26758_35867504-0,26758_35867458-0,Driving Instructor (Driving Licence Required),Essex,My Four Wheels,My Four Wheels,Annual,Annual,0.991
LIKELY_DUPLICATE,same title/location/advertiser + salary + very similar description,26758_35867504-0,26758_35867551-0,Driving Instructor (Driving Licence Required),Essex,My Four Wheels,My Four Wheels,Annual,Annual,0.994
LIKELY_DUPLICATE,same title/location/advertiser + salary + very similar description,26758_35867504-0,26758_37431914-0,Driving Instructor (Driving Licence Required),Essex,My Four Wheels,My Four Wheels,Annual,Annual,0.991
LIKELY_DUPLICATE,same title/location/advertiser + salary + very similar description,26758_35867504-0,26758_37431924-0,Driving Instructor (Driving Licence Required),Essex,My Four Wheels,My Four Wheels,Annual,Annual,0.991
LIKELY_DUPLICATE,same title/location/advertiser + salary + very similar description,26758_35867504-0,26758_37431933-0,Driving Instructor (Driving Licence Required),Essex,My Four Wheels,My Four Wheels,Annual,Annual,0.995
LIKELY_DUPLICATE,same title/location/advertiser + salary + very similar description,26758_35867504-0,26758_37431949-0,Driving Instructor (Driving Licence Required),Essex,My Four Wheels,My Four Wheels,Annual,Annual,0.990
LIKELY_DUPLICATE,same title/location/advertiser + salary + very similar description,26758_35867504-0,26758_37431970-0,Driving Instructor (Driving Licence Required),Essex,My Four Wheels,My Four Wheels,Annual,Annual,0.991
LIKELY_DUPLICATE,same title/location/advertiser + salary + very similar description,26758_35867504-0,26758_37431982-0,Driving Instructor (Driving Licence Required),Essex,My Four Wheels,My Four Wheels,Annual,Annual,0.991
LIKELY_DUPLICATE,same title/location/advertiser + salary + very similar description,26758_35867504-0,26758_37432002-0,Driving Instructor (Driving Licence Required),Essex,My Four Wheels,My Four Wheels,Annual,Annual,0.991
LIKELY_DUPLICATE,same title/location/advertiser + salary + very similar description,26758_35867504-0,26758_37432052-0,Driving Instructor (Driving Licence Required),Essex,My Four Wheels,My Four Wheels,Annual,Annual,0.991
LIKELY_DUPLICATE,same title/location/advertiser + salary + very similar description,26758_35867504-0,26758_37432127-0,Driving Instructor (Driving Licence Required),Essex,My Four Wheels,My Four Wheels,Annual,Annual,0.990
LIKELY_DUPLICATE,same title/location/advertiser + salary + very similar description,26758_35867551-0,26758_35867437-0,Driving Instructor (Driving Licence Required),Essex,My Four Wheels,My Four Wheels,Annual,Annual,0.992
LIKELY_DUPLICATE,same title/location/advertiser + salary + very similar description,26758_35867551-0,26758_37431924-0,Driving Instructor (Driving Licence Required),Essex,My Four Wheels,My Four Wheels,Annual,Annual,0.991
LIKELY_DUPLICATE,same title/location/advertiser + salary + very similar description,26758_35867551-0,26758_37431933-0,Driving Instructor (Driving Licence Required),Essex,My Four Wheels,My Four Wheels,Annual,Annual,0.994
LIKELY_DUPLICATE,same title/location/advertiser + salary + very similar description,26758_35867551-0,26758_37431949-0,Driving Instructor (Driving Licence Required),Essex,My Four Wheels,My Four Wheels,Annual,Annual,0.992
LIKELY_DUPLICATE,same title/location/advertiser + salary + very similar description,26758_35867551-0,26758_37431970-0,Driving Instructor (Driving Licence Required),Essex,My Four Wheels,My Four Wheels,Annual,Annual,0.991
LIKELY_DUPLICATE,same title/location/advertiser + salary + very similar description,26758_35867551-0,26758_37432002-0,Driving Instructor (Driving Licence Required),Essex,My Four Wheels,My Four Wheels,Annual,Annual,0.992
LIKELY_DUPLICATE,same title/location/advertiser + salary + very similar description,26758_35867551-0,26758_37432127-0,Driving Instructor (Driving Licence Required),Essex,My Four Wheels,My Four Wheels,Annual,Annual,0.992
LIKELY_DUPLICATE,same title/location/advertiser + salary + very similar description,26758_37431914-0,26758_35867437-0,Driving Instructor (Driving Licence Required),Essex,My Four Wheels,My Four Wheels,Annual,Annual,0.991
LIKELY_DUPLICATE,same title/location/advertiser + salary + very similar description,26758_37431914-0,26758_35867458-0,Driving Instructor (Driving Licence Required),Essex,My Four Wheels,My Four Wheels,Annual,Annual,0.992
LIKELY_DUPLICATE,same title/location/advertiser + salary + very similar description,26758_37431914-0,26758_35867551-0,Driving Instructor (Driving Licence Required),Essex,My Four Wheels,My Four Wheels,Annual,Annual,0.991
LIKELY_DUPLICATE,same title/location/advertiser + salary + very similar description,26758_37431914-0,26758_37431924-0,Driving Instructor (Driving Licence Required),Essex,My Four Wheels,My Four Wheels,Annual,Annual,0.991
LIKELY_DUPLICATE,same title/location/advertiser + salary + very similar description,26758_37431914-0,26758_37431933-0,Driving Instructor (Driving Licence Required),Essex,My Four Wheels,My Four Wheels,Annual,Annual,0.991
LIKELY_DUPLICATE,same title/location/advertiser + salary + very similar description,26758_37431914-0,26758_37431949-0,Driving Instructor (Driving Licence Required),Essex,My Four Wheels,My Four Wheels,Annual,Annual,0.992
LIKELY_DUPLICATE,same title/location/advertiser + salary + very similar description,26758_37431914-0,26758_37431970-0,Driving Instructor (Driving Licence Required),Essex,My Four Wheels,My Four Wheels,Annual,Annual,0.991
LIKELY_DUPLICATE,same title/location/advertiser + salary + very similar description,26758_37431914-0,26758_37431982-0,Driving Instructor (Driving Licence Required),Essex,My Four Wheels,My Four Wheels,Annual,Annual,0.991
LIKELY_DUPLICATE,same title/location/advertiser + salary + very similar description,26758_37431914-0,26758_37432002-0,Driving Instructor (Driving Licence Required),Essex,My Four Wheels,My Four Wheels,Annual,Annual,0.992
LIKELY_DUPLICATE,same title/location/advertiser + salary + very similar description,26758_37431914-0,26758_37432052-0,Driving Instructor (Driving Licence Required),Essex,My Four Wheels,My Four Wheels,Annual,Annual,0.992
LIKELY_DUPLICATE,same title/location/advertiser + salary + very similar description,26758_37431914-0,26758_37432127-0,Driving Instructor (Driving Licence Required),Essex,My Four Wheels,My Four Wheels,Annual,Annual,0.991
LIKELY_DUPLICATE,same title/location/advertiser + salary + very similar description,26758_37431924-0,26758_35867437-0,Driving Instructor (Driving Licence Required),Essex,My Four Wheels,My Four Wheels,Annual,Annual,0.992
LIKELY_DUPLICATE,same title/location/advertiser + salary + very similar description,26758_37431924-0,26758_37431933-0,Driving Instructor (Driving Licence Required),Essex,My Four Wheels,My Four Wheels,Annual,Annual,0.991
LIKELY_DUPLICATE,same title/location/advertiser + salary + very similar description,26758_37431924-0,26758_37431949-0,Driving Instructor (Driving Licence Required),Essex,My Four Wheels,My Four Wheels,Annual,Annual,0.991
LIKELY_DUPLICATE,same title/location/advertiser + salary + very similar description,26758_37431924-0,26758_37431970-0,Driving Instructor (Driving Licence Required),Essex,My Four Wheels,My Four Wheels,Annual,Annual,0.991
LIKELY_DUPLICATE,same title/location/advertiser + salary + very similar description,26758_37431924-0,26758_37432002-0,Driving Instructor (Driving Licence Required),Essex,My Four Wheels,My Four Wheels,Annual,Annual,0.991
LIKELY_DUPLICATE,same title/location/advertiser + salary + very similar description,26758_37431924-0,26758_37432127-0,Driving Instructor (Driving Licence Required),Essex,My Four Wheels,My Four Wheels,Annual,Annual,0.991
LIKELY_DUPLICATE,same title/location/advertiser + salary + very similar description,26758_37431933-0,26758_35867437-0,Driving Instructor (Driving Licence Required),Essex,My Four Wheels,My Four Wheels,Annual,Annual,0.991
LIKELY_DUPLICATE,same title/location/advertiser + salary + very similar description,26758_37431933-0,26758_37432002-0,Driving Instructor (Driving Licence Required),Essex,My Four Wheels,My Four Wheels,Annual,Annual,0.991
LIKELY_DUPLICATE,same title/location/advertiser + salary + very similar description,26758_37431949-0,26758_35867437-0,Driving Instructor (Driving Licence Required),Essex,My Four Wheels,My Four Wheels,Annual,Annual,0.992
LIKELY_DUPLICATE,same title/location/advertiser + salary + very similar description,26758_37431949-0,26758_37431933-0,Driving Instructor (Driving Licence Required),Essex,My Four Wheels,My Four Wheels,Annual,Annual,0.992
LIKELY_DUPLICATE,same title/location/advertiser + salary + very similar description,26758_37431949-0,26758_37431970-0,Driving Instructor (Driving Licence Required),Essex,My Four Wheels,My Four Wheels,Annual,Annual,0.991
LIKELY_DUPLICATE,same title/location/advertiser + salary + very similar description,26758_37431949-0,26758_37432002-0,Driving Instructor (Driving Licence Required),Essex,My Four Wheels,My Four Wheels,Annual,Annual,0.991
LIKELY_DUPLICATE,same title/location/advertiser + salary + very similar description,26758_37431949-0,26758_37432127-0,Driving Instructor (Driving Licence Required),Essex,My Four Wheels,My Four Wheels,Annual,Annual,0.995
LIKELY_DUPLICATE,same title/location/advertiser + salary + very similar description,26758_37431970-0,26758_35867437-0,Driving Instructor (Driving Licence Required),Essex,My Four Wheels,My Four Wheels,Annual,Annual,0.995
LIKELY_DUPLICATE,same title/location/advertiser + salary + very similar description,26758_37431970-0,26758_37431933-0,Driving Instructor (Driving Licence Required),Essex,My Four Wheels,My Four Wheels,Annual,Annual,0.991
LIKELY_DUPLICATE,same title/location/advertiser + salary + very similar description,26758_37431970-0,26758_37432002-0,Driving Instructor (Driving Licence Required),Essex,My Four Wheels,My Four Wheels,Annual,Annual,0.991
LIKELY_DUPLICATE,same title/location/advertiser + salary + very similar description,26758_37431982-0,26758_35867437-0,Driving Instructor (Driving Licence Required),Essex,My Four Wheels,My Four Wheels,Annual,Annual,0.994
LIKELY_DUPLICATE,same title/location/advertiser + salary + very similar description,26758_37431982-0,26758_35867458-0,Driving Instructor (Driving Licence Required),Essex,My Four Wheels,My Four Wheels,Annual,Annual,0.991
LIKELY_DUPLICATE,same title/location/advertiser + salary + very similar description,26758_37431982-0,26758_35867551-0,Driving Instructor (Driving Licence Required),Essex,My Four Wheels,My Four Wheels,Annual,Annual,0.992
LIKELY_DUPLICATE,same title/location/advertiser + salary + very similar description,26758_37431982-0,26758_37431924-0,Driving Instructor (Driving Licence Required),Essex,My Four Wheels,My Four Wheels,Annual,Annual,0.991
LIKELY_DUPLICATE,same title/location/advertiser + salary + very similar description,26758_37431982-0,26758_37431933-0,Driving Instructor (Driving Licence Required),Essex,My Four Wheels,My Four Wheels,Annual,Annual,0.991
LIKELY_DUPLICATE,same title/location/advertiser + salary + very similar description,26758_37431982-0,26758_37431949-0,Driving Instructor (Driving Licence Required),Essex,My Four Wheels,My Four Wheels,Annual,Annual,0.991
LIKELY_DUPLICATE,same title/location/advertiser + salary + very similar description,26758_37431982-0,26758_37431970-0,Driving Instructor (Driving Licence Required),Essex,My Four Wheels,My Four Wheels,Annual,Annual,0.995
LIKELY_DUPLICATE,same title/location/advertiser + salary + very similar description,26758_37431982-0,26758_37432002-0,Driving Instructor (Driving Licence Required),Essex,My Four Wheels,My Four Wheels,Annual,Annual,0.991
LIKELY_DUPLICATE,same title/location/advertiser + salary + very similar description,26758_37431982-0,26758_37432127-0,Driving Instructor (Driving Licence Required),Essex,My Four Wheels,My Four Wheels,Annual,Annual,0.991
LIKELY_DUPLICATE,same title/location/advertiser + salary + very similar description,26758_37432002-0,26758_35867437-0,Driving Instructor (Driving Licence Required),Essex,My Four Wheels,My Four Wheels,Annual,Annual,0.992
LIKELY_DUPLICATE,same title/location/advertiser + salary + very similar description,26758_37432007-0,26758_35867437-0,Driving Instructor (Driving Licence Required),Essex,My Four Wheels,My Four Wheels,Annual,Annual,0.991
LIKELY_DUPLICATE,same title/location/advertiser + salary + very similar description,26758_37432007-0,26758_35867458-0,Driving Instructor (Driving Licence Required),Essex,My Four Wheels,My Four Wheels,Annual,Annual,0.991
LIKELY_DUPLICATE,same title/location/advertiser + salary + very similar description,26758_37432007-0,26758_35867504-0,Driving Instructor (Driving Licence Required),Essex,My Four Wheels,My Four Wheels,Annual,Annual,0.990
LIKELY_DUPLICATE,same title/location/advertiser + salary + very similar description,26758_37432007-0,26758_35867551-0,Driving Instructor (Driving Licence Required),Essex,My Four Wheels,My Four Wheels,Annual,Annual,0.991
LIKELY_DUPLICATE,same title/location/advertiser + salary + very similar description,26758_37432007-0,26758_37431914-0,Driving Instructor (Driving Licence Required),Essex,My Four Wheels,My Four Wheels,Annual,Annual,0.991
LIKELY_DUPLICATE,same title/location/advertiser + salary + very similar description,26758_37432007-0,26758_37431924-0,Driving Instructor (Driving Licence Required),Essex,My Four Wheels,My Four Wheels,Annual,Annual,0.991
LIKELY_DUPLICATE,same title/location/advertiser + salary + very similar description,26758_37432007-0,26758_37431933-0,Driving Instructor (Driving Licence Required),Essex,My Four Wheels,My Four Wheels,Annual,Annual,0.991
LIKELY_DUPLICATE,same title/location/advertiser + salary + very similar description,26758_37432007-0,26758_37431949-0,Driving Instructor (Driving Licence Required),Essex,My Four Wheels,My Four Wheels,Annual,Annual,0.991
LIKELY_DUPLICATE,same title/location/advertiser + salary + very similar description,26758_37432007-0,26758_37431970-0,Driving Instructor (Driving Licence Required),Essex,My Four Wheels,My Four Wheels,Annual,Annual,0.991
LIKELY_DUPLICATE,same title/location/advertiser + salary + very similar description,26758_37432007-0,26758_37431982-0,Driving Instructor (Driving Licence Required),Essex,My Four Wheels,My Four Wheels,Annual,Annual,0.991
LIKELY_DUPLICATE,same title/location/advertiser + salary + very similar description,26758_37432007-0,26758_37432002-0,Driving Instructor (Driving Licence Required),Essex,My Four Wheels,My Four Wheels,Annual,Annual,0.991
LIKELY_DUPLICATE,same title/location/advertiser + salary + very similar description,26758_37432007-0,26758_37432052-0,Driving Instructor (Driving Licence Required),Essex,My Four Wheels,My Four Wheels,Annual,Annual,0.990
LIKELY_DUPLICATE,same title/location/advertiser + salary + very similar description,26758_37432007-0,26758_37432127-0,Driving Instructor (Driving Licence Required),Essex,My Four Wheels,My Four Wheels,Annual,Annual,0.992
LIKELY_DUPLICATE,same title/location/advertiser + salary + very similar description,26758_37432052-0,26758_35867437-0,Driving Instructor (Driving Licence Required),Essex,My Four Wheels,My Four Wheels,Annual,Annual,0.992
LIKELY_DUPLICATE,same title/location/advertiser + salary + very similar description,26758_37432052-0,26758_35867458-0,Driving Instructor (Driving Licence Required),Essex,My Four Wheels,My Four Wheels,Annual,Annual,0.992
LIKELY_DUPLICATE,same title/location/advertiser + salary + very similar description,26758_37432052-0,26758_35867551-0,Driving Instructor (Driving Licence Required),Essex,My Four Wheels,My Four Wheels,Annual,Annual,0.992
LIKELY_DUPLICATE,same title/location/advertiser + salary + very similar description,26758_37432052-0,26758_37431924-0,Driving Instructor (Driving Licence Required),Essex,My Four Wheels,My Four Wheels,Annual,Annual,0.991
LIKELY_DUPLICATE,same title/location/advertiser + salary + very similar description,26758_37432052-0,26758_37431933-0,Driving Instructor (Driving Licence Required),Essex,My Four Wheels,My Four Wheels,Annual,Annual,0.991
LIKELY_DUPLICATE,same title/location/advertiser + salary + very similar description,26758_37432052-0,26758_37431949-0,Driving Instructor (Driving Licence Required),Essex,My Four Wheels,My Four Wheels,Annual,Annual,0.991
LIKELY_DUPLICATE,same title/location/advertiser + salary + very similar description,26758_37432052-0,26758_37431970-0,Driving Instructor (Driving Licence Required),Essex,My Four Wheels,My Four Wheels,Annual,Annual,0.990
LIKELY_DUPLICATE,same title/location/advertiser + salary + very similar description,26758_37432052-0,26758_37431982-0,Driving Instructor (Driving Licence Required),Essex,My Four Wheels,My Four Wheels,Annual,Annual,0.990
LIKELY_DUPLICATE,same title/location/advertiser + salary + very similar description,26758_37432052-0,26758_37432002-0,Driving Instructor (Driving Licence Required),Essex,My Four Wheels,My Four Wheels,Annual,Annual,0.991
LIKELY_DUPLICATE,same title/location/advertiser + salary + very similar description,26758_37432052-0,26758_37432127-0,Driving Instructor (Driving Licence Required),Essex,My Four Wheels,My Four Wheels,Annual,Annual,0.991
LIKELY_DUPLICATE,same title/location/advertiser + salary + very similar description,26758_37432115-0,26758_35867437-0,Driving Instructor (Driving Licence Required),Essex,My Four Wheels,My Four Wheels,Annual,Annual,0.991
LIKELY_DUPLICATE,same title/location/advertiser + salary + very similar description,26758_37432115-0,26758_35867458-0,Driving Instructor (Driving Licence Required),Essex,My Four Wheels,My Four Wheels,Annual,Annual,0.991
LIKELY_DUPLICATE,same title/location/advertiser + salary + very similar description,26758_37432115-0,26758_35867504-0,Driving Instructor (Driving Licence Required),Essex,My Four Wheels,My Four Wheels,Annual,Annual,0.992
LIKELY_DUPLICATE,same title/location/advertiser + salary + very similar description,26758_37432115-0,26758_35867551-0,Driving Instructor (Driving Licence Required),Essex,My Four Wheels,My Four Wheels,Annual,Annual,0.991
LIKELY_DUPLICATE,same title/location/advertiser + salary + very similar description,26758_37432115-0,26758_37431914-0,Driving Instructor (Driving Licence Required),Essex,My Four Wheels,My Four Wheels,Annual,Annual,0.992
LIKELY_DUPLICATE,same title/location/advertiser + salary + very similar description,26758_37432115-0,26758_37431924-0,Driving Instructor (Driving Licence Required),Essex,My Four Wheels,My Four Wheels,Annual,Annual,0.991
LIKELY_DUPLICATE,same title/location/advertiser + salary + very similar description,26758_37432115-0,26758_37431933-0,Driving Instructor (Driving Licence Required),Essex,My Four Wheels,My Four Wheels,Annual,Annual,0.991
LIKELY_DUPLICATE,same title/location/advertiser + salary + very similar description,26758_37432115-0,26758_37431949-0,Driving Instructor (Driving Licence Required),Essex,My Four Wheels,My Four Wheels,Annual,Annual,0.992
LIKELY_DUPLICATE,same title/location/advertiser + salary + very similar description,26758_37432115-0,26758_37431970-0,Driving Instructor (Driving Licence Required),Essex,My Four Wheels,My Four Wheels,Annual,Annual,0.992
LIKELY_DUPLICATE,same title/location/advertiser + salary + very similar description,26758_37432115-0,26758_37431982-0,Driving Instructor (Driving Licence Required),Essex,My Four Wheels,My Four Wheels,Annual,Annual,0.991
LIKELY_DUPLICATE,same title/location/advertiser + salary + very similar description,26758_37432115-0,26758_37432002-0,Driving Instructor (Driving Licence Required),Essex,My Four Wheels,My Four Wheels,Annual,Annual,0.992
LIKELY_DUPLICATE,same title/location/advertiser + salary + very similar description,26758_37432115-0,26758_37432007-0,Driving Instructor (Driving Licence Required),Essex,My Four Wheels,My Four Wheels,Annual,Annual,0.990
LIKELY_DUPLICATE,same title/location/advertiser + salary + very similar description,26758_37432115-0,26758_37432052-0,Driving Instructor (Driving Licence Required),Essex,My Four Wheels,My Four Wheels,Annual,Annual,0.993
LIKELY_DUPLICATE,same title/location/advertiser + salary + very similar description,26758_37432115-0,26758_37432127-0,Driving Instructor (Driving Licence Required),Essex,My Four Wheels,My Four Wheels,Annual,Annual,0.991
LIKELY_DUPLICATE,same title/location/advertiser + salary + very similar description,26758_37432115-0,26758_37471225-0,Driving Instructor (Driving Licence Required),Essex,My Four Wheels,My Four Wheels,Annual,Annual,0.991
LIKELY_DUPLICATE,same title/location/advertiser + salary + very similar description,26758_37432127-0,26758_35867437-0,Driving Instructor (Driving Licence Required),Essex,My Four Wheels,My Four Wheels,Annual,Annual,0.992
LIKELY_DUPLICATE,same title/location/advertiser + salary + very similar description,26758_37432127-0,26758_37431933-0,Driving Instructor (Driving Licence Required),Essex,My Four Wheels,My Four Wheels,Annual,Annual,0.991
LIKELY_DUPLICATE,same title/location/advertiser + salary + very similar description,26758_37432127-0,26758_37431970-0,Driving Instructor (Driving Licence Required),Essex,My Four Wheels,My Four Wheels,Annual,Annual,0.991
LIKELY_DUPLICATE,same title/location/advertiser + salary + very similar description,26758_37432127-0,26758_37432002-0,Driving Instructor (Driving Licence Required),Essex,My Four Wheels,My Four Wheels,Annual,Annual,0.992
LIKELY_DUPLICATE,same title/location/advertiser + salary + very similar description,26758_37471225-0,26758_35867437-0,Driving Instructor (Driving Licence Required),Essex,My Four Wheels,My Four Wheels,Annual,Annual,0.991
LIKELY_DUPLICATE,same title/location/advertiser + salary + very similar description,26758_37471225-0,26758_35867458-0,Driving Instructor (Driving Licence Required),Essex,My Four Wheels,My Four Wheels,Annual,Annual,0.991
LIKELY_DUPLICATE,same title/location/advertiser + salary + very similar description,26758_37471225-0,26758_35867504-0,Driving Instructor (Driving Licence Required),Essex,My Four Wheels,My Four Wheels,Annual,Annual,0.991
LIKELY_DUPLICATE,same title/location/advertiser + salary + very similar description,26758_37471225-0,26758_35867551-0,Driving Instructor (Driving Licence Required),Essex,My Four Wheels,My Four Wheels,Annual,Annual,0.992
LIKELY_DUPLICATE,same title/location/advertiser + salary + very similar description,26758_37471225-0,26758_37431914-0,Driving Instructor (Driving Licence Required),Essex,My Four Wheels,My Four Wheels,Annual,Annual,0.991
LIKELY_DUPLICATE,same title/location/advertiser + salary + very similar description,26758_37471225-0,26758_37431924-0,Driving Instructor (Driving Licence Required),Essex,My Four Wheels,My Four Wheels,Annual,Annual,0.994
LIKELY_DUPLICATE,same title/location/advertiser + salary + very similar description,26758_37471225-0,26758_37431933-0,Driving Instructor (Driving Licence Required),Essex,My Four Wheels,My Four Wheels,Annual,Annual,0.992
LIKELY_DUPLICATE,same title/location/advertiser + salary + very similar description,26758_37471225-0,26758_37431949-0,Driving Instructor (Driving Licence Required),Essex,My Four Wheels,My Four Wheels,Annual,Annual,0.991
LIKELY_DUPLICATE,same title/location/advertiser + salary + very similar description,26758_37471225-0,26758_37431970-0,Driving Instructor (Driving Licence Required),Essex,My Four Wheels,My Four Wheels,Annual,Annual,0.991
LIKELY_DUPLICATE,same title/location/advertiser + salary + very similar description,26758_37471225-0,26758_37431982-0,Driving Instructor (Driving Licence Required),Essex,My Four Wheels,My Four Wheels,Annual,Annual,0.991
LIKELY_DUPLICATE,same title/location/advertiser + salary + very similar description,26758_37471225-0,26758_37432002-0,Driving Instructor (Driving Licence Required),Essex,My Four Wheels,My Four Wheels,Annual,Annual,0.990
LIKELY_DUPLICATE,same title/location/advertiser + salary + very similar description,26758_37471225-0,26758_37432007-0,Driving Instructor (Driving Licence Required),Essex,My Four Wheels,My Four Wheels,Annual,Annual,0.991
LIKELY_DUPLICATE,same title/location/advertiser + salary + very similar description,26758_37471225-0,26758_37432052-0,Driving Instructor (Driving Licence Required),Essex,My Four Wheels,My Four Wheels,Annual,Annual,0.991
LIKELY_DUPLICATE,same title/location/advertiser + salary + very similar description,26758_37471225-0,26758_37432127-0,Driving Instructor (Driving Licence Required),Essex,My Four Wheels,My Four Wheels,Annual,Annual,0.991
LIKELY_DUPLICATE,same title/location/advertiser + salary + very similar description,26758_35867485-0,26758_35867539-0,Driving Instructor (Driving Licence Required),Gloucestershire,My Four Wheels,My Four Wheels,Annual,Annual,0.991
LIKELY_DUPLICATE,same title/location/advertiser + salary + very similar description,26758_35867485-0,26758_35867563-0,Driving Instructor (Driving Licence Required),Gloucestershire,My Four Wheels,My Four Wheels,Annual,Annual,0.991
LIKELY_DUPLICATE,same title/location/advertiser + salary + very similar description,26758_35867539-0,26758_35867563-0,Driving Instructor (Driving Licence Required),Gloucestershire,My Four Wheels,My Four Wheels,Annual,Annual,0.991
LIKELY_DUPLICATE,same title/location/advertiser + salary + very similar description,26758_37432069-0,26758_35867485-0,Driving Instructor (Driving Licence Required),Gloucestershire,My Four Wheels,My Four Wheels,Annual,Annual,0.991
LIKELY_DUPLICATE,same title/location/advertiser + salary + very similar description,26758_37432069-0,26758_35867539-0,Driving Instructor (Driving Licence Required),Gloucestershire,My Four Wheels,My Four Wheels,Annual,Annual,0.992
LIKELY_DUPLICATE,same title/location/advertiser + salary + very similar description,26758_37432069-0,26758_35867563-0,Driving Instructor (Driving Licence Required),Gloucestershire,My Four Wheels,My Four Wheels,Annual,Annual,0.993
LIKELY_DUPLICATE,same title/location/advertiser + salary + very similar description,26758_35867433-0,26758_35867440-0,Driving Instructor (Driving Licence Required),Hampshire,My Four Wheels,My Four Wheels,Annual,Annual,0.991
LIKELY_DUPLICATE,same title/location/advertiser + salary + very similar description,26758_35867433-0,26758_35867462-0,Driving Instructor (Driving Licence Required),Hampshire,My Four Wheels,My Four Wheels,Annual,Annual,0.991
LIKELY_DUPLICATE,same title/location/advertiser + salary + very similar description,26758_35867433-0,26758_35867474-0,Driving Instructor (Driving Licence Required),Hampshire,My Four Wheels,My Four Wheels,Annual,Annual,0.990
LIKELY_DUPLICATE,same title/location/advertiser + salary + very similar description,26758_35867433-0,26758_35867475-0,Driving Instructor (Driving Licence Required),Hampshire,My Four Wheels,My Four Wheels,Annual,Annual,0.991
LIKELY_DUPLICATE,same title/location/advertiser + salary + very similar description,26758_35867433-0,26758_35867570-0,Driving Instructor (Driving Licence Required),Hampshire,My Four Wheels,My Four Wheels,Annual,Annual,0.991
LIKELY_DUPLICATE,same title/location/advertiser + salary + very similar description,26758_35867433-0,26758_35867574-0,Driving Instructor (Driving Licence Required),Hampshire,My Four Wheels,My Four Wheels,Annual,Annual,0.991
LIKELY_DUPLICATE,same title/location/advertiser + salary + very similar description,26758_35867433-0,26758_37431934-0,Driving Instructor (Driving Licence Required),Hampshire,My Four Wheels,My Four Wheels,Annual,Annual,0.991
LIKELY_DUPLICATE,same title/location/advertiser + salary + very similar description,26758_35867433-0,26758_37432043-0,Driving Instructor (Driving Licence Required),Hampshire,My Four Wheels,My Four Wheels,Annual,Annual,0.992
LIKELY_DUPLICATE,same title/location/advertiser + salary + very similar description,26758_35867433-0,26758_37432057-0,Driving Instructor (Driving Licence Required),Hampshire,My Four Wheels,My Four Wheels,Annual,Annual,0.992
LIKELY_DUPLICATE,same title/location/advertiser + salary + very similar description,26758_35867433-0,26758_37432070-0,Driving Instructor (Driving Licence Required),Hampshire,My Four Wheels,My Four Wheels,Annual,Annual,0.991
LIKELY_DUPLICATE,same title/location/advertiser + salary + very similar description,26758_35867433-0,26758_37432106-0,Driving Instructor (Driving Licence Required),Hampshire,My Four Wheels,My Four Wheels,Annual,Annual,0.993
LIKELY_DUPLICATE,same title/location/advertiser + salary + very similar description,26758_35867433-0,26758_37471169-0,Driving Instructor (Driving Licence Required),Hampshire,My Four Wheels,My Four Wheels,Annual,Annual,0.991
LIKELY_DUPLICATE,same title/location/advertiser + salary + very similar description,26758_35867433-0,26758_37471209-0,Driving Instructor (Driving Licence Required),Hampshire,My Four Wheels,My Four Wheels,Annual,Annual,0.992
LIKELY_DUPLICATE,same title/location/advertiser + salary + very similar description,26758_35867440-0,26758_37432057-0,Driving Instructor (Driving Licence Required),Hampshire,My Four Wheels,My Four Wheels,Annual,Annual,0.991
LIKELY_DUPLICATE,same title/location/advertiser + salary + very similar description,26758_35867462-0,26758_35867440-0,Driving Instructor (Driving Licence Required),Hampshire,My Four Wheels,My Four Wheels,Annual,Annual,0.991
LIKELY_DUPLICATE,same title/location/advertiser + salary + very similar description,26758_35867462-0,26758_35867474-0,Driving Instructor (Driving Licence Required),Hampshire,My Four Wheels,My Four Wheels,Annual,Annual,0.991
LIKELY_DUPLICATE,same title/location/advertiser + salary + very similar description,26758_35867462-0,26758_35867475-0,Driving Instructor (Driving Licence Required),Hampshire,My Four Wheels,My Four Wheels,Annual,Annual,0.992
LIKELY_DUPLICATE,same title/location/advertiser + salary + very similar description,26758_35867462-0,26758_37432057-0,Driving Instructor (Driving Licence Required),Hampshire,My Four Wheels,My Four Wheels,Annual,Annual,0.992
LIKELY_DUPLICATE,same title/location/advertiser + salary + very similar description,26758_35867462-0,26758_37432070-0,Driving Instructor (Driving Licence Required),Hampshire,My Four Wheels,My Four Wheels,Annual,Annual,0.991
LIKELY_DUPLICATE,same title/location/advertiser + salary + very similar description,26758_35867474-0,26758_35867440-0,Driving Instructor (Driving Licence Required),Hampshire,My Four Wheels,My Four Wheels,Annual,Annual,0.991
LIKELY_DUPLICATE,same title/location/advertiser + salary + very similar description,26758_35867474-0,26758_35867475-0,Driving Instructor (Driving Licence Required),Hampshire,My Four Wheels,My Four Wheels,Annual,Annual,0.990
LIKELY_DUPLICATE,same title/location/advertiser + salary + very similar description,26758_35867474-0,26758_37432057-0,Driving Instructor (Driving Licence Required),Hampshire,My Four Wheels,My Four Wheels,Annual,Annual,0.990
LIKELY_DUPLICATE,same title/location/advertiser + salary + very similar description,26758_35867475-0,26758_35867440-0,Driving Instructor (Driving Licence Required),Hampshire,My Four Wheels,My Four Wheels,Annual,Annual,0.991
LIKELY_DUPLICATE,same title/location/advertiser + salary + very similar description,26758_35867475-0,26758_37432057-0,Driving Instructor (Driving Licence Required),Hampshire,My Four Wheels,My Four Wheels,Annual,Annual,0.991
LIKELY_DUPLICATE,same title/location/advertiser + salary + very similar description,26758_35867570-0,26758_35867440-0,Driving Instructor (Driving Licence Required),Hampshire,My Four Wheels,My Four Wheels,Annual,Annual,0.992
LIKELY_DUPLICATE,same title/location/advertiser + salary + very similar description,26758_35867570-0,26758_35867462-0,Driving Instructor (Driving Licence Required),Hampshire,My Four Wheels,My Four Wheels,Annual,Annual,0.991
LIKELY_DUPLICATE,same title/location/advertiser + salary + very similar description,26758_35867570-0,26758_35867474-0,Driving Instructor (Driving Licence Required),Hampshire,My Four Wheels,My Four Wheels,Annual,Annual,0.991
LIKELY_DUPLICATE,same title/location/advertiser + salary + very similar description,26758_35867570-0,26758_35867475-0,Driving Instructor (Driving Licence Required),Hampshire,My Four Wheels,My Four Wheels,Annual,Annual,0.991
LIKELY_DUPLICATE,same title/location/advertiser + salary + very similar description,26758_35867570-0,26758_35867574-0,Driving Instructor (Driving Licence Required),Hampshire,My Four Wheels,My Four Wheels,Annual,Annual,0.991
LIKELY_DUPLICATE,same title/location/advertiser + salary + very similar description,26758_35867570-0,26758_37432057-0,Driving Instructor (Driving Licence Required),Hampshire,My Four Wheels,My Four Wheels,Annual,Annual,0.991
LIKELY_DUPLICATE,same title/location/advertiser + salary + very similar description,26758_35867570-0,26758_37432070-0,Driving Instructor (Driving Licence Required),Hampshire,My Four Wheels,My Four Wheels,Annual,Annual,0.991
LIKELY_DUPLICATE,same title/location/advertiser + salary + very similar description,26758_35867570-0,26758_37432106-0,Driving Instructor (Driving Licence Required),Hampshire,My Four Wheels,My Four Wheels,Annual,Annual,0.992
LIKELY_DUPLICATE,same title/location/advertiser + salary + very similar description,26758_35867574-0,26758_35867440-0,Driving Instructor (Driving Licence Required),Hampshire,My Four Wheels,My Four Wheels,Annual,Annual,0.991
LIKELY_DUPLICATE,same title/location/advertiser + salary + very similar description,26758_35867574-0,26758_35867462-0,Driving Instructor (Driving Licence Required),Hampshire,My Four Wheels,My Four Wheels,Annual,Annual,0.991
LIKELY_DUPLICATE,same title/location/advertiser + salary + very similar description,26758_35867574-0,26758_35867474-0,Driving Instructor (Driving Licence Required),Hampshire,My Four Wheels,My Four Wheels,Annual,Annual,0.991
LIKELY_DUPLICATE,same title/location/advertiser + salary + very similar description,26758_35867574-0,26758_35867475-0,Driving Instructor (Driving Licence Required),Hampshire,My Four Wheels,My Four Wheels,Annual,Annual,0.991
LIKELY_DUPLICATE,same title/location/advertiser + salary + very similar description,26758_35867574-0,26758_37432057-0,Driving Instructor (Driving Licence Required),Hampshire,My Four Wheels,My Four Wheels,Annual,Annual,0.991
LIKELY_DUPLICATE,same title/location/advertiser + salary + very similar description,26758_35867574-0,26758_37432070-0,Driving Instructor (Driving Licence Required),Hampshire,My Four Wheels,My Four Wheels,Annual,Annual,0.992
LIKELY_DUPLICATE,same title/location/advertiser + salary + very similar description,26758_35867574-0,26758_37432106-0,Driving Instructor (Driving Licence Required),Hampshire,My Four Wheels,My Four Wheels,Annual,Annual,0.991
LIKELY_DUPLICATE,same title/location/advertiser + salary + very similar description,26758_37431934-0,26758_35867440-0,Driving Instructor (Driving Licence Required),Hampshire,My Four Wheels,My Four Wheels,Annual,Annual,0.991
LIKELY_DUPLICATE,same title/location/advertiser + salary + very similar description,26758_37431934-0,26758_35867462-0,Driving Instructor (Driving Licence Required),Hampshire,My Four Wheels,My Four Wheels,Annual,Annual,0.990
LIKELY_DUPLICATE,same title/location/advertiser + salary + very similar description,26758_37431934-0,26758_35867474-0,Driving Instructor (Driving Licence Required),Hampshire,My Four Wheels,My Four Wheels,Annual,Annual,0.991
LIKELY_DUPLICATE,same title/location/advertiser + salary + very similar description,26758_37431934-0,26758_35867475-0,Driving Instructor (Driving Licence Required),Hampshire,My Four Wheels,My Four Wheels,Annual,Annual,0.992
LIKELY_DUPLICATE,same title/location/advertiser + salary + very similar description,26758_37431934-0,26758_35867570-0,Driving Instructor (Driving Licence Required),Hampshire,My Four Wheels,My Four Wheels,Annual,Annual,0.993
LIKELY_DUPLICATE,same title/location/advertiser + salary + very similar description,26758_37431934-0,26758_35867574-0,Driving Instructor (Driving Licence Required),Hampshire,My Four Wheels,My Four Wheels,Annual,Annual,0.992
LIKELY_DUPLICATE,same title/location/advertiser + salary + very similar description,26758_37431934-0,26758_37432043-0,Driving Instructor (Driving Licence Required),Hampshire,My Four Wheels,My Four Wheels,Annual,Annual,0.991
LIKELY_DUPLICATE,same title/location/advertiser + salary + very similar description,26758_37431934-0,26758_37432057-0,Driving Instructor (Driving Licence Required),Hampshire,My Four Wheels,My Four Wheels,Annual,Annual,0.991
LIKELY_DUPLICATE,same title/location/advertiser + salary + very similar description,26758_37431934-0,26758_37432070-0,Driving Instructor (Driving Licence Required),Hampshire,My Four Wheels,My Four Wheels,Annual,Annual,0.992
LIKELY_DUPLICATE,same title/location/advertiser + salary + very similar description,26758_37431934-0,26758_37432106-0,Driving Instructor (Driving Licence Required),Hampshire,My Four Wheels,My Four Wheels,Annual,Annual,0.991
LIKELY_DUPLICATE,same title/location/advertiser + salary + very similar description,26758_37432043-0,26758_35867440-0,Driving Instructor (Driving Licence Required),Hampshire,My Four Wheels,My Four Wheels,Annual,Annual,0.990
LIKELY_DUPLICATE,same title/location/advertiser + salary + very similar description,26758_37432043-0,26758_35867462-0,Driving Instructor (Driving Licence Required),Hampshire,My Four Wheels,My Four Wheels,Annual,Annual,0.993
LIKELY_DUPLICATE,same title/location/advertiser + salary + very similar description,26758_37432043-0,26758_35867474-0,Driving Instructor (Driving Licence Required),Hampshire,My Four Wheels,My Four Wheels,Annual,Annual,0.990
LIKELY_DUPLICATE,same title/location/advertiser + salary + very similar description,26758_37432043-0,26758_35867475-0,Driving Instructor (Driving Licence Required),Hampshire,My Four Wheels,My Four Wheels,Annual,Annual,0.991
LIKELY_DUPLICATE,same title/location/advertiser + salary + very similar description,26758_37432043-0,26758_35867570-0,Driving Instructor (Driving Licence Required),Hampshire,My Four Wheels,My Four Wheels,Annual,Annual,0.990
LIKELY_DUPLICATE,same title/location/advertiser + salary + very similar description,26758_37432043-0,26758_35867574-0,Driving Instructor (Driving Licence Required),Hampshire,My Four Wheels,My Four Wheels,Annual,Annual,0.991
LIKELY_DUPLICATE,same title/location/advertiser + salary + very similar description,26758_37432043-0,26758_37432057-0,Driving Instructor (Driving Licence Required),Hampshire,My Four Wheels,My Four Wheels,Annual,Annual,0.991
LIKELY_DUPLICATE,same title/location/advertiser + salary + very similar description,26758_37432043-0,26758_37432070-0,Driving Instructor (Driving Licence Required),Hampshire,My Four Wheels,My Four Wheels,Annual,Annual,0.991
LIKELY_DUPLICATE,same title/location/advertiser + salary + very similar description,26758_37432043-0,26758_37432106-0,Driving Instructor (Driving Licence Required),Hampshire,My Four Wheels,My Four Wheels,Annual,Annual,0.991
LIKELY_DUPLICATE,same title/location/advertiser + salary + very similar description,26758_37432070-0,26758_35867440-0,Driving Instructor (Driving Licence Required),Hampshire,My Four Wheels,My Four Wheels,Annual,Annual,0.991
LIKELY_DUPLICATE,same title/location/advertiser + salary + very similar description,26758_37432070-0,26758_35867474-0,Driving Instructor (Driving Licence Required),Hampshire,My Four Wheels,My Four Wheels,Annual,Annual,0.991
LIKELY_DUPLICATE,same title/location/advertiser + salary + very similar description,26758_37432070-0,26758_35867475-0,Driving Instructor (Driving Licence Required),Hampshire,My Four Wheels,My Four Wheels,Annual,Annual,0.991
LIKELY_DUPLICATE,same title/location/advertiser + salary + very similar description,26758_37432070-0,26758_37432057-0,Driving Instructor (Driving Licence Required),Hampshire,My Four Wheels,My Four Wheels,Annual,Annual,0.991
LIKELY_DUPLICATE,same title/location/advertiser + salary + very similar description,26758_37432106-0,26758_35867440-0,Driving Instructor (Driving Licence Required),Hampshire,My Four Wheels,My Four Wheels,Annual,Annual,0.992
LIKELY_DUPLICATE,same title/location/advertiser + salary + very similar description,26758_37432106-0,26758_35867462-0,Driving Instructor (Driving Licence Required),Hampshire,My Four Wheels,My Four Wheels,Annual,Annual,0.991
LIKELY_DUPLICATE,same title/location/advertiser + salary + very similar description,26758_37432106-0,26758_35867474-0,Driving Instructor (Driving Licence Required),Hampshire,My Four Wheels,My Four Wheels,Annual,Annual,0.991
LIKELY_DUPLICATE,same title/location/advertiser + salary + very similar description,26758_37432106-0,26758_35867475-0,Driving Instructor (Driving Licence Required),Hampshire,My Four Wheels,My Four Wheels,Annual,Annual,0.991
LIKELY_DUPLICATE,same title/location/advertiser + salary + very similar description,26758_37432106-0,26758_37432057-0,Driving Instructor (Driving Licence Required),Hampshire,My Four Wheels,My Four Wheels,Annual,Annual,0.992
LIKELY_DUPLICATE,same title/location/advertiser + salary + very similar description,26758_37432106-0,26758_37432070-0,Driving Instructor (Driving Licence Required),Hampshire,My Four Wheels,My Four Wheels,Annual,Annual,0.992
LIKELY_DUPLICATE,same title/location/advertiser + salary + very similar description,26758_37471169-0,26758_35867440-0,Driving Instructor (Driving Licence Required),Hampshire,My Four Wheels,My Four Wheels,Annual,Annual,0.991
LIKELY_DUPLICATE,same title/location/advertiser + salary + very similar description,26758_37471169-0,26758_35867462-0,Driving Instructor (Driving Licence Required),Hampshire,My Four Wheels,My Four Wheels,Annual,Annual,0.991
LIKELY_DUPLICATE,same title/location/advertiser + salary + very similar description,26758_37471169-0,26758_35867474-0,Driving Instructor (Driving Licence Required),Hampshire,My Four Wheels,My Four Wheels,Annual,Annual,0.991
LIKELY_DUPLICATE,same title/location/advertiser + salary + very similar description,26758_37471169-0,26758_35867475-0,Driving Instructor (Driving Licence Required),Hampshire,My Four Wheels,My Four Wheels,Annual,Annual,0.991
LIKELY_DUPLICATE,same title/location/advertiser + salary + very similar description,26758_37471169-0,26758_35867570-0,Driving Instructor (Driving Licence Required),Hampshire,My Four Wheels,My Four Wheels,Annual,Annual,0.992
LIKELY_DUPLICATE,same title/location/advertiser + salary + very similar description,26758_37471169-0,26758_35867574-0,Driving Instructor (Driving Licence Required),Hampshire,My Four Wheels,My Four Wheels,Annual,Annual,0.991
LIKELY_DUPLICATE,same title/location/advertiser + salary + very similar description,26758_37471169-0,26758_37431934-0,Driving Instructor (Driving Licence Required),Hampshire,My Four Wheels,My Four Wheels,Annual,Annual,0.992
LIKELY_DUPLICATE,same title/location/advertiser + salary + very similar description,26758_37471169-0,26758_37432043-0,Driving Instructor (Driving Licence Required),Hampshire,My Four Wheels,My Four Wheels,Annual,Annual,0.993
LIKELY_DUPLICATE,same title/location/advertiser + salary + very similar description,26758_37471169-0,26758_37432057-0,Driving Instructor (Driving Licence Required),Hampshire,My Four Wheels,My Four Wheels,Annual,Annual,0.991
LIKELY_DUPLICATE,same title/location/advertiser + salary + very similar description,26758_37471169-0,26758_37432070-0,Driving Instructor (Driving Licence Required),Hampshire,My Four Wheels,My Four Wheels,Annual,Annual,0.992
LIKELY_DUPLICATE,same title/location/advertiser + salary + very similar description,26758_37471169-0,26758_37432106-0,Driving Instructor (Driving Licence Required),Hampshire,My Four Wheels,My Four Wheels,Annual,Annual,0.992
LIKELY_DUPLICATE,same title/location/advertiser + salary + very similar description,26758_37471169-0,26758_37471209-0,Driving Instructor (Driving Licence Required),Hampshire,My Four Wheels,My Four Wheels,Annual,Annual,0.991
LIKELY_DUPLICATE,same title/location/advertiser + salary + very similar description,26758_37471209-0,26758_35867440-0,Driving Instructor (Driving Licence Required),Hampshire,My Four Wheels,My Four Wheels,Annual,Annual,0.991
LIKELY_DUPLICATE,same title/location/advertiser + salary + very similar description,26758_37471209-0,26758_35867462-0,Driving Instructor (Driving Licence Required),Hampshire,My Four Wheels,My Four Wheels,Annual,Annual,0.992
LIKELY_DUPLICATE,same title/location/advertiser + salary + very similar description,26758_37471209-0,26758_35867474-0,Driving Instructor (Driving Licence Required),Hampshire,My Four Wheels,My Four Wheels,Annual,Annual,0.991
LIKELY_DUPLICATE,same title/location/advertiser + salary + very similar description,26758_37471209-0,26758_35867475-0,Driving Instructor (Driving Licence Required),Hampshire,My Four Wheels,My Four Wheels,Annual,Annual,0.991
LIKELY_DUPLICATE,same title/location/advertiser + salary + very similar description,26758_37471209-0,26758_35867570-0,Driving Instructor (Driving Licence Required),Hampshire,My Four Wheels,My Four Wheels,Annual,Annual,0.991
LIKELY_DUPLICATE,same title/location/advertiser + salary + very similar description,26758_37471209-0,26758_35867574-0,Driving Instructor (Driving Licence Required),Hampshire,My Four Wheels,My Four Wheels,Annual,Annual,0.992
LIKELY_DUPLICATE,same title/location/advertiser + salary + very similar description,26758_37471209-0,26758_37431934-0,Driving Instructor (Driving Licence Required),Hampshire,My Four Wheels,My Four Wheels,Annual,Annual,0.991
LIKELY_DUPLICATE,same title/location/advertiser + salary + very similar description,26758_37471209-0,26758_37432043-0,Driving Instructor (Driving Licence Required),Hampshire,My Four Wheels,My Four Wheels,Annual,Annual,0.991
LIKELY_DUPLICATE,same title/location/advertiser + salary + very similar description,26758_37471209-0,26758_37432057-0,Driving Instructor (Driving Licence Required),Hampshire,My Four Wheels,My Four Wheels,Annual,Annual,0.991
LIKELY_DUPLICATE,same title/location/advertiser + salary + very similar description,26758_37471209-0,26758_37432070-0,Driving Instructor (Driving Licence Required),Hampshire,My Four Wheels,My Four Wheels,Annual,Annual,0.991
LIKELY_DUPLICATE,same title/location/advertiser + salary + very similar description,26758_37471209-0,26758_37432106-0,Driving Instructor (Driving Licence Required),Hampshire,My Four Wheels,My Four Wheels,Annual,Annual,0.991
LIKELY_DUPLICATE,same title/location/advertiser + salary + very similar description,26758_35867438-0,26758_35867473-0,Driving Instructor (Driving Licence Required),Hertfordshire,My Four Wheels,My Four Wheels,Annual,Annual,0.991
LIKELY_DUPLICATE,same title/location/advertiser + salary + very similar description,26758_35867438-0,26758_35867518-0,Driving Instructor (Driving Licence Required),Hertfordshire,My Four Wheels,My Four Wheels,Annual,Annual,0.991
LIKELY_DUPLICATE,same title/location/advertiser + salary + very similar description,26758_35867438-0,26758_37431944-0,Driving Instructor (Driving Licence Required),Hertfordshire,My Four Wheels,My Four Wheels,Annual,Annual,0.991
LIKELY_DUPLICATE,same title/location/advertiser + salary + very similar description,26758_35867438-0,26758_37431988-0,Driving Instructor (Driving Licence Required),Hertfordshire,My Four Wheels,My Four Wheels,Annual,Annual,0.992
LIKELY_DUPLICATE,same title/location/advertiser + salary + very similar description,26758_35867438-0,26758_37431990-0,Driving Instructor (Driving Licence Required),Hertfordshire,My Four Wheels,My Four Wheels,Annual,Annual,0.992
LIKELY_DUPLICATE,same title/location/advertiser + salary + very similar description,26758_35867438-0,26758_37432051-0,Driving Instructor (Driving Licence Required),Hertfordshire,My Four Wheels,My Four Wheels,Annual,Annual,0.991
LIKELY_DUPLICATE,same title/location/advertiser + salary + very similar description,26758_35867438-0,26758_37432124-0,Driving Instructor (Driving Licence Required),Hertfordshire,My Four Wheels,My Four Wheels,Annual,Annual,0.991
LIKELY_DUPLICATE,same title/location/advertiser + salary + very similar description,26758_35867438-0,26758_37471163-0,Driving Instructor (Driving Licence Required),Hertfordshire,My Four Wheels,My Four Wheels,Annual,Annual,0.992
LIKELY_DUPLICATE,same title/location/advertiser + salary + very similar description,26758_35867438-0,26758_37471183-0,Driving Instructor (Driving Licence Required),Hertfordshire,My Four Wheels,My Four Wheels,Annual,Annual,0.992
LIKELY_DUPLICATE,same title/location/advertiser + salary + very similar description,26758_35867438-0,26758_37471208-0,Driving Instructor (Driving Licence Required),Hertfordshire,My Four Wheels,My Four Wheels,Annual,Annual,0.991
LIKELY_DUPLICATE,same title/location/advertiser + salary + very similar description,26758_35867448-0,26758_35867438-0,Driving Instructor (Driving Licence Required),Hertfordshire,My Four Wheels,My Four Wheels,Annual,Annual,0.990
LIKELY_DUPLICATE,same title/location/advertiser + salary + very similar description,26758_35867448-0,26758_35867473-0,Driving Instructor (Driving Licence Required),Hertfordshire,My Four Wheels,My Four Wheels,Annual,Annual,0.991
LIKELY_DUPLICATE,same title/location/advertiser + salary + very similar description,26758_35867448-0,26758_35867518-0,Driving Instructor (Driving Licence Required),Hertfordshire,My Four Wheels,My Four Wheels,Annual,Annual,0.991
LIKELY_DUPLICATE,same title/location/advertiser + salary + very similar description,26758_35867448-0,26758_37431944-0,Driving Instructor (Driving Licence Required),Hertfordshire,My Four Wheels,My Four Wheels,Annual,Annual,0.991
LIKELY_DUPLICATE,same title/location/advertiser + salary + very similar description,26758_35867448-0,26758_37431988-0,Driving Instructor (Driving Licence Required),Hertfordshire,My Four Wheels,My Four Wheels,Annual,Annual,0.992
LIKELY_DUPLICATE,same title/location/advertiser + salary + very similar description,26758_35867448-0,26758_37431990-0,Driving Instructor (Driving Licence Required),Hertfordshire,My Four Wheels,My Four Wheels,Annual,Annual,0.992
LIKELY_DUPLICATE,same title/location/advertiser + salary + very similar description,26758_35867448-0,26758_37432051-0,Driving Instructor (Driving Licence Required),Hertfordshire,My Four Wheels,My Four Wheels,Annual,Annual,0.991
LIKELY_DUPLICATE,same title/location/advertiser + salary + very similar description,26758_35867448-0,26758_37432124-0,Driving Instructor (Driving Licence Required),Hertfordshire,My Four Wheels,My Four Wheels,Annual,Annual,0.992
LIKELY_DUPLICATE,same title/location/advertiser + salary + very similar description,26758_35867448-0,26758_37471163-0,Driving Instructor (Driving Licence Required),Hertfordshire,My Four Wheels,My Four Wheels,Annual,Annual,0.992
LIKELY_DUPLICATE,same title/location/advertiser + salary + very similar description,26758_35867448-0,26758_37471183-0,Driving Instructor (Driving Licence Required),Hertfordshire,My Four Wheels,My Four Wheels,Annual,Annual,0.991
LIKELY_DUPLICATE,same title/location/advertiser + salary + very similar description,26758_35867448-0,26758_37471208-0,Driving Instructor (Driving Licence Required),Hertfordshire,My Four Wheels,My Four Wheels,Annual,Annual,0.991
LIKELY_DUPLICATE,same title/location/advertiser + salary + very similar description,26758_35867449-0,26758_35867438-0,Driving Instructor (Driving Licence Required),Hertfordshire,My Four Wheels,My Four Wheels,Annual,Annual,0.991
LIKELY_DUPLICATE,same title/location/advertiser + salary + very similar description,26758_35867449-0,26758_35867448-0,Driving Instructor (Driving Licence Required),Hertfordshire,My Four Wheels,My Four Wheels,Annual,Annual,0.991
LIKELY_DUPLICATE,same title/location/advertiser + salary + very similar description,26758_35867449-0,26758_35867473-0,Driving Instructor (Driving Licence Required),Hertfordshire,My Four Wheels,My Four Wheels,Annual,Annual,0.991
LIKELY_DUPLICATE,same title/location/advertiser + salary + very similar description,26758_35867449-0,26758_35867518-0,Driving Instructor (Driving Licence Required),Hertfordshire,My Four Wheels,My Four Wheels,Annual,Annual,0.991
LIKELY_DUPLICATE,same title/location/advertiser + salary + very similar description,26758_35867449-0,26758_37431944-0,Driving Instructor (Driving Licence Required),Hertfordshire,My Four Wheels,My Four Wheels,Annual,Annual,0.991
LIKELY_DUPLICATE,same title/location/advertiser + salary + very similar description,26758_35867449-0,26758_37431988-0,Driving Instructor (Driving Licence Required),Hertfordshire,My Four Wheels,My Four Wheels,Annual,Annual,0.992
LIKELY_DUPLICATE,same title/location/advertiser + salary + very similar description,26758_35867449-0,26758_37431990-0,Driving Instructor (Driving Licence Required),Hertfordshire,My Four Wheels,My Four Wheels,Annual,Annual,0.991
LIKELY_DUPLICATE,same title/location/advertiser + salary + very similar description,26758_35867449-0,26758_37432051-0,Driving Instructor (Driving Licence Required),Hertfordshire,My Four Wheels,My Four Wheels,Annual,Annual,0.991
LIKELY_DUPLICATE,same title/location/advertiser + salary + very similar description,26758_35867449-0,26758_37432124-0,Driving Instructor (Driving Licence Required),Hertfordshire,My Four Wheels,My Four Wheels,Annual,Annual,0.991
LIKELY_DUPLICATE,same title/location/advertiser + salary + very similar description,26758_35867449-0,26758_37471163-0,Driving Instructor (Driving Licence Required),Hertfordshire,My Four Wheels,My Four Wheels,Annual,Annual,0.991
LIKELY_DUPLICATE,same title/location/advertiser + salary + very similar description,26758_35867449-0,26758_37471183-0,Driving Instructor (Driving Licence Required),Hertfordshire,My Four Wheels,My Four Wheels,Annual,Annual,0.994
LIKELY_DUPLICATE,same title/location/advertiser + salary + very similar description,26758_35867449-0,26758_37471208-0,Driving Instructor (Driving Licence Required),Hertfordshire,My Four Wheels,My Four Wheels,Annual,Annual,0.991
LIKELY_DUPLICATE,same title/location/advertiser + salary + very similar description,26758_35867459-0,26758_35867438-0,Driving Instructor (Driving Licence Required),Hertfordshire,My Four Wheels,My Four Wheels,Annual,Annual,0.992
LIKELY_DUPLICATE,same title/location/advertiser + salary + very similar description,26758_35867459-0,26758_35867448-0,Driving Instructor (Driving Licence Required),Hertfordshire,My Four Wheels,My Four Wheels,Annual,Annual,0.991
LIKELY_DUPLICATE,same title/location/advertiser + salary + very similar description,26758_35867459-0,26758_35867449-0,Driving Instructor (Driving Licence Required),Hertfordshire,My Four Wheels,My Four Wheels,Annual,Annual,0.990
LIKELY_DUPLICATE,same title/location/advertiser + salary + very similar description,26758_35867459-0,26758_35867473-0,Driving Instructor (Driving Licence Required),Hertfordshire,My Four Wheels,My Four Wheels,Annual,Annual,0.992
LIKELY_DUPLICATE,same title/location/advertiser + salary + very similar description,26758_35867459-0,26758_35867518-0,Driving Instructor (Driving Licence Required),Hertfordshire,My Four Wheels,My Four Wheels,Annual,Annual,0.991
LIKELY_DUPLICATE,same title/location/advertiser + salary + very similar description,26758_35867459-0,26758_37431944-0,Driving Instructor (Driving Licence Required),Hertfordshire,My Four Wheels,My Four Wheels,Annual,Annual,0.991
LIKELY_DUPLICATE,same title/location/advertiser + salary + very similar description,26758_35867459-0,26758_37431988-0,Driving Instructor (Driving Licence Required),Hertfordshire,My Four Wheels,My Four Wheels,Annual,Annual,0.991
LIKELY_DUPLICATE,same title/location/advertiser + salary + very similar description,26758_35867459-0,26758_37431990-0,Driving Instructor (Driving Licence Required),Hertfordshire,My Four Wheels,My Four Wheels,Annual,Annual,0.991
LIKELY_DUPLICATE,same title/location/advertiser + salary + very similar description,26758_35867459-0,26758_37432051-0,Driving Instructor (Driving Licence Required),Hertfordshire,My Four Wheels,My Four Wheels,Annual,Annual,0.992
LIKELY_DUPLICATE,same title/location/advertiser + salary + very similar description,26758_35867459-0,26758_37432067-0,Driving Instructor (Driving Licence Required),Hertfordshire,My Four Wheels,My Four Wheels,Annual,Annual,0.991
LIKELY_DUPLICATE,same title/location/advertiser + salary + very similar description,26758_35867459-0,26758_37432124-0,Driving Instructor (Driving Licence Required),Hertfordshire,My Four Wheels,My Four Wheels,Annual,Annual,0.991
LIKELY_DUPLICATE,same title/location/advertiser + salary + very similar description,26758_35867459-0,26758_37471163-0,Driving Instructor (Driving Licence Required),Hertfordshire,My Four Wheels,My Four Wheels,Annual,Annual,0.992
LIKELY_DUPLICATE,same title/location/advertiser + salary + very similar description,26758_35867459-0,26758_37471183-0,Driving Instructor (Driving Licence Required),Hertfordshire,My Four Wheels,My Four Wheels,Annual,Annual,0.992
LIKELY_DUPLICATE,same title/location/advertiser + salary + very similar description,26758_35867459-0,26758_37471208-0,Driving Instructor (Driving Licence Required),Hertfordshire,My Four Wheels,My Four Wheels,Annual,Annual,0.991
LIKELY_DUPLICATE,same title/location/advertiser + salary + very similar description,26758_35867459-0,26758_37471222-0,Driving Instructor (Driving Licence Required),Hertfordshire,My Four Wheels,My Four Wheels,Annual,Annual,0.991
LIKELY_DUPLICATE,same title/location/advertiser + salary + very similar description,26758_35867473-0,26758_37431944-0,Driving Instructor (Driving Licence Required),Hertfordshire,My Four Wheels,My Four Wheels,Annual,Annual,0.991
LIKELY_DUPLICATE,same title/location/advertiser + salary + very similar description,26758_35867473-0,26758_37431990-0,Driving Instructor (Driving Licence Required),Hertfordshire,My Four Wheels,My Four Wheels,Annual,Annual,0.991
LIKELY_DUPLICATE,same title/location/advertiser + salary + very similar description,26758_35867518-0,26758_35867473-0,Driving Instructor (Driving Licence Required),Hertfordshire,My Four Wheels,My Four Wheels,Annual,Annual,0.991
LIKELY_DUPLICATE,same title/location/advertiser + salary + very similar description,26758_35867518-0,26758_37431944-0,Driving Instructor (Driving Licence Required),Hertfordshire,My Four Wheels,My Four Wheels,Annual,Annual,0.991
LIKELY_DUPLICATE,same title/location/advertiser + salary + very similar description,26758_35867518-0,26758_37431990-0,Driving Instructor (Driving Licence Required),Hertfordshire,My Four Wheels,My Four Wheels,Annual,Annual,0.991
LIKELY_DUPLICATE,same title/location/advertiser + salary + very similar description,26758_37431944-0,26758_37431990-0,Driving Instructor (Driving Licence Required),Hertfordshire,My Four Wheels,My Four Wheels,Annual,Annual,0.991
LIKELY_DUPLICATE,same title/location/advertiser + salary + very similar description,26758_37431988-0,26758_35867473-0,Driving Instructor (Driving Licence Required),Hertfordshire,My Four Wheels,My Four Wheels,Annual,Annual,0.992
LIKELY_DUPLICATE,same title/location/advertiser + salary + very similar description,26758_37431988-0,26758_35867518-0,Driving Instructor (Driving Licence Required),Hertfordshire,My Four Wheels,My Four Wheels,Annual,Annual,0.992
LIKELY_DUPLICATE,same title/location/advertiser + salary + very similar description,26758_37431988-0,26758_37431944-0,Driving Instructor (Driving Licence Required),Hertfordshire,My Four Wheels,My Four Wheels,Annual,Annual,0.991
LIKELY_DUPLICATE,same title/location/advertiser + salary + very similar description,26758_37431988-0,26758_37431990-0,Driving Instructor (Driving Licence Required),Hertfordshire,My Four Wheels,My Four Wheels,Annual,Annual,0.991
LIKELY_DUPLICATE,same title/location/advertiser + salary + very similar description,26758_37431988-0,26758_37432051-0,Driving Instructor (Driving Licence Required),Hertfordshire,My Four Wheels,My Four Wheels,Annual,Annual,0.991
LIKELY_DUPLICATE,same title/location/advertiser + salary + very similar description,26758_37431988-0,26758_37471163-0,Driving Instructor (Driving Licence Required),Hertfordshire,My Four Wheels,My Four Wheels,Annual,Annual,0.992
LIKELY_DUPLICATE,same title/location/advertiser + salary + very similar description,26758_37431988-0,26758_37471208-0,Driving Instructor (Driving Licence Required),Hertfordshire,My Four Wheels,My Four Wheels,Annual,Annual,0.991
LIKELY_DUPLICATE,same title/location/advertiser + salary + very similar description,26758_37432051-0,26758_35867473-0,Driving Instructor (Driving Licence Required),Hertfordshire,My Four Wheels,My Four Wheels,Annual,Annual,0.991
LIKELY_DUPLICATE,same title/location/advertiser + salary + very similar description,26758_37432051-0,26758_35867518-0,Driving Instructor (Driving Licence Required),Hertfordshire,My Four Wheels,My Four Wheels,Annual,Annual,0.991
LIKELY_DUPLICATE,same title/location/advertiser + salary + very similar description,26758_37432051-0,26758_37431944-0,Driving Instructor (Driving Licence Required),Hertfordshire,My Four Wheels,My Four Wheels,Annual,Annual,0.991
LIKELY_DUPLICATE,same title/location/advertiser + salary + very similar description,26758_37432051-0,26758_37431990-0,Driving Instructor (Driving Licence Required),Hertfordshire,My Four Wheels,My Four Wheels,Annual,Annual,0.991
LIKELY_DUPLICATE,same title/location/advertiser + salary + very similar description,26758_37432051-0,26758_37471163-0,Driving Instructor (Driving Licence Required),Hertfordshire,My Four Wheels,My Four Wheels,Annual,Annual,0.991
LIKELY_DUPLICATE,same title/location/advertiser + salary + very similar description,26758_37432051-0,26758_37471208-0,Driving Instructor (Driving Licence Required),Hertfordshire,My Four Wheels,My Four Wheels,Annual,Annual,0.991
LIKELY_DUPLICATE,same title/location/advertiser + salary + very similar description,26758_37432067-0,26758_35867438-0,Driving Instructor (Driving Licence Required),Hertfordshire,My Four Wheels,My Four Wheels,Annual,Annual,0.991
LIKELY_DUPLICATE,same title/location/advertiser + salary + very similar description,26758_37432067-0,26758_35867448-0,Driving Instructor (Driving Licence Required),Hertfordshire,My Four Wheels,My Four Wheels,Annual,Annual,0.991
LIKELY_DUPLICATE,same title/location/advertiser + salary + very similar description,26758_37432067-0,26758_35867449-0,Driving Instructor (Driving Licence Required),Hertfordshire,My Four Wheels,My Four Wheels,Annual,Annual,0.992
LIKELY_DUPLICATE,same title/location/advertiser + salary + very similar description,26758_37432067-0,26758_35867473-0,Driving Instructor (Driving Licence Required),Hertfordshire,My Four Wheels,My Four Wheels,Annual,Annual,0.994
LIKELY_DUPLICATE,same title/location/advertiser + salary + very similar description,26758_37432067-0,26758_35867518-0,Driving Instructor (Driving Licence Required),Hertfordshire,My Four Wheels,My Four Wheels,Annual,Annual,0.991
LIKELY_DUPLICATE,same title/location/advertiser + salary + very similar description,26758_37432067-0,26758_37431944-0,Driving Instructor (Driving Licence Required),Hertfordshire,My Four Wheels,My Four Wheels,Annual,Annual,0.991
LIKELY_DUPLICATE,same title/location/advertiser + salary + very similar description,26758_37432067-0,26758_37431988-0,Driving Instructor (Driving Licence Required),Hertfordshire,My Four Wheels,My Four Wheels,Annual,Annual,0.991
LIKELY_DUPLICATE,same title/location/advertiser + salary + very similar description,26758_37432067-0,26758_37431990-0,Driving Instructor (Driving Licence Required),Hertfordshire,My Four Wheels,My Four Wheels,Annual,Annual,0.991
LIKELY_DUPLICATE,same title/location/advertiser + salary + very similar description,26758_37432067-0,26758_37432051-0,Driving Instructor (Driving Licence Required),Hertfordshire,My Four Wheels,My Four Wheels,Annual,Annual,0.990
LIKELY_DUPLICATE,same title/location/advertiser + salary + very similar description,26758_37432067-0,26758_37432124-0,Driving Instructor (Driving Licence Required),Hertfordshire,My Four Wheels,My Four Wheels,Annual,Annual,0.991
LIKELY_DUPLICATE,same title/location/advertiser + salary + very similar description,26758_37432067-0,26758_37471163-0,Driving Instructor (Driving Licence Required),Hertfordshire,My Four Wheels,My Four Wheels,Annual,Annual,0.991
LIKELY_DUPLICATE,same title/location/advertiser + salary + very similar description,26758_37432067-0,26758_37471183-0,Driving Instructor (Driving Licence Required),Hertfordshire,My Four Wheels,My Four Wheels,Annual,Annual,0.992
LIKELY_DUPLICATE,same title/location/advertiser + salary + very similar description,26758_37432067-0,26758_37471208-0,Driving Instructor (Driving Licence Required),Hertfordshire,My Four Wheels,My Four Wheels,Annual,Annual,0.991
LIKELY_DUPLICATE,same title/location/advertiser + salary + very similar description,26758_37432124-0,26758_35867473-0,Driving Instructor (Driving Licence Required),Hertfordshire,My Four Wheels,My Four Wheels,Annual,Annual,0.992
LIKELY_DUPLICATE,same title/location/advertiser + salary + very similar description,26758_37432124-0,26758_35867518-0,Driving Instructor (Driving Licence Required),Hertfordshire,My Four Wheels,My Four Wheels,Annual,Annual,0.991
LIKELY_DUPLICATE,same title/location/advertiser + salary + very similar description,26758_37432124-0,26758_37431944-0,Driving Instructor (Driving Licence Required),Hertfordshire,My Four Wheels,My Four Wheels,Annual,Annual,0.991
LIKELY_DUPLICATE,same title/location/advertiser + salary + very similar description,26758_37432124-0,26758_37431988-0,Driving Instructor (Driving Licence Required),Hertfordshire,My Four Wheels,My Four Wheels,Annual,Annual,0.992
LIKELY_DUPLICATE,same title/location/advertiser + salary + very similar description,26758_37432124-0,26758_37431990-0,Driving Instructor (Driving Licence Required),Hertfordshire,My Four Wheels,My Four Wheels,Annual,Annual,0.992
LIKELY_DUPLICATE,same title/location/advertiser + salary + very similar description,26758_37432124-0,26758_37432051-0,Driving Instructor (Driving Licence Required),Hertfordshire,My Four Wheels,My Four Wheels,Annual,Annual,0.991
LIKELY_DUPLICATE,same title/location/advertiser + salary + very similar description,26758_37432124-0,26758_37471163-0,Driving Instructor (Driving Licence Required),Hertfordshire,My Four Wheels,My Four Wheels,Annual,Annual,0.992
LIKELY_DUPLICATE,same title/location/advertiser + salary + very similar description,26758_37432124-0,26758_37471208-0,Driving Instructor (Driving Licence Required),Hertfordshire,My Four Wheels,My Four Wheels,Annual,Annual,0.991
LIKELY_DUPLICATE,same title/location/advertiser + salary + very similar description,26758_37471163-0,26758_35867473-0,Driving Instructor (Driving Licence Required),Hertfordshire,My Four Wheels,My Four Wheels,Annual,Annual,0.991
LIKELY_DUPLICATE,same title/location/advertiser + salary + very similar description,26758_37471163-0,26758_35867518-0,Driving Instructor (Driving Licence Required),Hertfordshire,My Four Wheels,My Four Wheels,Annual,Annual,0.991
LIKELY_DUPLICATE,same title/location/advertiser + salary + very similar description,26758_37471163-0,26758_37431944-0,Driving Instructor (Driving Licence Required),Hertfordshire,My Four Wheels,My Four Wheels,Annual,Annual,0.991
LIKELY_DUPLICATE,same title/location/advertiser + salary + very similar description,26758_37471163-0,26758_37431990-0,Driving Instructor (Driving Licence Required),Hertfordshire,My Four Wheels,My Four Wheels,Annual,Annual,0.995
LIKELY_DUPLICATE,same title/location/advertiser + salary + very similar description,26758_37471183-0,26758_35867473-0,Driving Instructor (Driving Licence Required),Hertfordshire,My Four Wheels,My Four Wheels,Annual,Annual,0.991
LIKELY_DUPLICATE,same title/location/advertiser + salary + very similar description,26758_37471183-0,26758_35867518-0,Driving Instructor (Driving Licence Required),Hertfordshire,My Four Wheels,My Four Wheels,Annual,Annual,0.991
LIKELY_DUPLICATE,same title/location/advertiser + salary + very similar description,26758_37471183-0,26758_37431944-0,Driving Instructor (Driving Licence Required),Hertfordshire,My Four Wheels,My Four Wheels,Annual,Annual,0.991
LIKELY_DUPLICATE,same title/location/advertiser + salary + very similar description,26758_37471183-0,26758_37431988-0,Driving Instructor (Driving Licence Required),Hertfordshire,My Four Wheels,My Four Wheels,Annual,Annual,0.992
LIKELY_DUPLICATE,same title/location/advertiser + salary + very similar description,26758_37471183-0,26758_37431990-0,Driving Instructor (Driving Licence Required),Hertfordshire,My Four Wheels,My Four Wheels,Annual,Annual,0.991
LIKELY_DUPLICATE,same title/location/advertiser + salary + very similar description,26758_37471183-0,26758_37432051-0,Driving Instructor (Driving Licence Required),Hertfordshire,My Four Wheels,My Four Wheels,Annual,Annual,0.990
LIKELY_DUPLICATE,same title/location/advertiser + salary + very similar description,26758_37471183-0,26758_37432124-0,Driving Instructor (Driving Licence Required),Hertfordshire,My Four Wheels,My Four Wheels,Annual,Annual,0.991
LIKELY_DUPLICATE,same title/location/advertiser + salary + very similar description,26758_37471183-0,26758_37471163-0,Driving Instructor (Driving Licence Required),Hertfordshire,My Four Wheels,My Four Wheels,Annual,Annual,0.992
LIKELY_DUPLICATE,same title/location/advertiser + salary + very similar description,26758_37471183-0,26758_37471208-0,Driving Instructor (Driving Licence Required),Hertfordshire,My Four Wheels,My Four Wheels,Annual,Annual,0.992
LIKELY_DUPLICATE,same title/location/advertiser + salary + very similar description,26758_37471208-0,26758_35867473-0,Driving Instructor (Driving Licence Required),Hertfordshire,My Four Wheels,My Four Wheels,Annual,Annual,0.992
LIKELY_DUPLICATE,same title/location/advertiser + salary + very similar description,26758_37471208-0,26758_35867518-0,Driving Instructor (Driving Licence Required),Hertfordshire,My Four Wheels,My Four Wheels,Annual,Annual,0.990
LIKELY_DUPLICATE,same title/location/advertiser + salary + very similar description,26758_37471208-0,26758_37431944-0,Driving Instructor (Driving Licence Required),Hertfordshire,My Four Wheels,My Four Wheels,Annual,Annual,0.991
LIKELY_DUPLICATE,same title/location/advertiser + salary + very similar description,26758_37471208-0,26758_37431990-0,Driving Instructor (Driving Licence Required),Hertfordshire,My Four Wheels,My Four Wheels,Annual,Annual,0.993
LIKELY_DUPLICATE,same title/location/advertiser + salary + very similar description,26758_37471208-0,26758_37471163-0,Driving Instructor (Driving Licence Required),Hertfordshire,My Four Wheels,My Four Wheels,Annual,Annual,0.991
LIKELY_DUPLICATE,same title/location/advertiser + salary + very similar description,26758_37471222-0,26758_35867438-0,Driving Instructor (Driving Licence Required),Hertfordshire,My Four Wheels,My Four Wheels,Annual,Annual,0.991
LIKELY_DUPLICATE,same title/location/advertiser + salary + very similar description,26758_37471222-0,26758_35867448-0,Driving Instructor (Driving Licence Required),Hertfordshire,My Four Wheels,My Four Wheels,Annual,Annual,0.991
LIKELY_DUPLICATE,same title/location/advertiser + salary + very similar description,26758_37471222-0,26758_35867449-0,Driving Instructor (Driving Licence Required),Hertfordshire,My Four Wheels,My Four Wheels,Annual,Annual,0.991
LIKELY_DUPLICATE,same title/location/advertiser + salary + very similar description,26758_37471222-0,26758_35867473-0,Driving Instructor (Driving Licence Required),Hertfordshire,My Four Wheels,My Four Wheels,Annual,Annual,0.991
LIKELY_DUPLICATE,same title/location/advertiser + salary + very similar description,26758_37471222-0,26758_35867518-0,Driving Instructor (Driving Licence Required),Hertfordshire,My Four Wheels,My Four Wheels,Annual,Annual,0.993
LIKELY_DUPLICATE,same title/location/advertiser + salary + very similar description,26758_37471222-0,26758_37431944-0,Driving Instructor (Driving Licence Required),Hertfordshire,My Four Wheels,My Four Wheels,Annual,Annual,0.991
LIKELY_DUPLICATE,same title/location/advertiser + salary + very similar description,26758_37471222-0,26758_37431988-0,Driving Instructor (Driving Licence Required),Hertfordshire,My Four Wheels,My Four Wheels,Annual,Annual,0.995
LIKELY_DUPLICATE,same title/location/advertiser + salary + very similar description,26758_37471222-0,26758_37431990-0,Driving Instructor (Driving Licence Required),Hertfordshire,My Four Wheels,My Four Wheels,Annual,Annual,0.991
LIKELY_DUPLICATE,same title/location/advertiser + salary + very similar description,26758_37471222-0,26758_37432051-0,Driving Instructor (Driving Licence Required),Hertfordshire,My Four Wheels,My Four Wheels,Annual,Annual,0.990
LIKELY_DUPLICATE,same title/location/advertiser + salary + very similar description,26758_37471222-0,26758_37432067-0,Driving Instructor (Driving Licence Required),Hertfordshire,My Four Wheels,My Four Wheels,Annual,Annual,0.990
LIKELY_DUPLICATE,same title/location/advertiser + salary + very similar description,26758_37471222-0,26758_37432124-0,Driving Instructor (Driving Licence Required),Hertfordshire,My Four Wheels,My Four Wheels,Annual,Annual,0.991
LIKELY_DUPLICATE,same title/location/advertiser + salary + very similar description,26758_37471222-0,26758_37471163-0,Driving Instructor (Driving Licence Required),Hertfordshire,My Four Wheels,My Four Wheels,Annual,Annual,0.991
LIKELY_DUPLICATE,same title/location/advertiser + salary + very similar description,26758_37471222-0,26758_37471183-0,Driving Instructor (Driving Licence Required),Hertfordshire,My Four Wheels,My Four Wheels,Annual,Annual,0.992
LIKELY_DUPLICATE,same title/location/advertiser + salary + very similar description,26758_37471222-0,26758_37471208-0,Driving Instructor (Driving Licence Required),Hertfordshire,My Four Wheels,My Four Wheels,Annual,Annual,0.991
LIKELY_DUPLICATE,same title/location/advertiser + salary + very similar description,26758_35867441-0,26758_35867463-0,Driving Instructor (Driving Licence Required),Kent,My Four Wheels,My Four Wheels,Annual,Annual,0.991
LIKELY_DUPLICATE,same title/location/advertiser + salary + very similar description,26758_35867441-0,26758_35867465-0,Driving Instructor (Driving Licence Required),Kent,My Four Wheels,My Four Wheels,Annual,Annual,0.990
LIKELY_DUPLICATE,same title/location/advertiser + salary + very similar description,26758_35867441-0,26758_35867477-0,Driving Instructor (Driving Licence Required),Kent,My Four Wheels,My Four Wheels,Annual,Annual,0.992
LIKELY_DUPLICATE,same title/location/advertiser + salary + very similar description,26758_35867441-0,26758_35867478-0,Driving Instructor (Driving Licence Required),Kent,My Four Wheels,My Four Wheels,Annual,Annual,0.991
LIKELY_DUPLICATE,same title/location/advertiser + salary + very similar description,26758_35867441-0,26758_35867490-0,Driving Instructor (Driving Licence Required),Kent,My Four Wheels,My Four Wheels,Annual,Annual,0.995
LIKELY_DUPLICATE,same title/location/advertiser + salary + very similar description,26758_35867441-0,26758_35867491-0,Driving Instructor (Driving Licence Required),Kent,My Four Wheels,My Four Wheels,Annual,Annual,0.991
LIKELY_DUPLICATE,same title/location/advertiser + salary + very similar description,26758_35867441-0,26758_35867492-0,Driving Instructor (Driving Licence Required),Kent,My Four Wheels,My Four Wheels,Annual,Annual,0.992
LIKELY_DUPLICATE,same title/location/advertiser + salary + very similar description,26758_35867441-0,26758_35867506-0,Driving Instructor (Driving Licence Required),Kent,My Four Wheels,My Four Wheels,Annual,Annual,0.991
LIKELY_DUPLICATE,same title/location/advertiser + salary + very similar description,26758_35867441-0,26758_35867511-0,Driving Instructor (Driving Licence Required),Kent,My Four Wheels,My Four Wheels,Annual,Annual,0.991
LIKELY_DUPLICATE,same title/location/advertiser + salary + very similar description,26758_35867441-0,26758_35867555-0,Driving Instructor (Driving Licence Required),Kent,My Four Wheels,My Four Wheels,Annual,Annual,0.992
LIKELY_DUPLICATE,same title/location/advertiser + salary + very similar description,26758_35867441-0,26758_35867556-0,Driving Instructor (Driving Licence Required),Kent,My Four Wheels,My Four Wheels,Annual,Annual,0.991
LIKELY_DUPLICATE,same title/location/advertiser + salary + very similar description,26758_35867441-0,26758_37432003-0,Driving Instructor (Driving Licence Required),Kent,My Four Wheels,My Four Wheels,Annual,Annual,0.992
LIKELY_DUPLICATE,same title/location/advertiser + salary + very similar description,26758_35867441-0,26758_37432009-0,Driving Instructor (Driving Licence Required),Kent,My Four Wheels,My Four Wheels,Annual,Annual,0.992
LIKELY_DUPLICATE,same title/location/advertiser + salary + very similar description,26758_35867441-0,26758_37432039-0,Driving Instructor (Driving Licence Required),Kent,My Four Wheels,My Four Wheels,Annual,Annual,0.991
LIKELY_DUPLICATE,same title/location/advertiser + salary + very similar description,26758_35867441-0,26758_37432122-0,Driving Instructor (Driving Licence Required),Kent,My Four Wheels,My Four Wheels,Annual,Annual,0.991
LIKELY_DUPLICATE,same title/location/advertiser + salary + very similar description,26758_35867441-0,26758_37471158-0,Driving Instructor (Driving Licence Required),Kent,My Four Wheels,My Four Wheels,Annual,Annual,0.991
LIKELY_DUPLICATE,same title/location/advertiser + salary + very similar description,26758_35867441-0,26758_37471186-0,Driving Instructor (Driving Licence Required),Kent,My Four Wheels,My Four Wheels,Annual,Annual,0.991
LIKELY_DUPLICATE,same title/location/advertiser + salary + very similar description,26758_35867441-0,26758_37471215-0,Driving Instructor (Driving Licence Required),Kent,My Four Wheels,My Four Wheels,Annual,Annual,0.993
LIKELY_DUPLICATE,same title/location/advertiser + salary + very similar description,26758_35867441-0,26758_37471235-0,Driving Instructor (Driving Licence Required),Kent,My Four Wheels,My Four Wheels,Annual,Annual,0.991
LIKELY_DUPLICATE,same title/location/advertiser + salary + very similar description,26758_35867463-0,26758_35867465-0,Driving Instructor (Driving Licence Required),Kent,My Four Wheels,My Four Wheels,Annual,Annual,0.991
LIKELY_DUPLICATE,same title/location/advertiser + salary + very similar description,26758_35867463-0,26758_35867477-0,Driving Instructor (Driving Licence Required),Kent,My Four Wheels,My Four Wheels,Annual,Annual,0.991
LIKELY_DUPLICATE,same title/location/advertiser + salary + very similar description,26758_35867463-0,26758_35867478-0,Driving Instructor (Driving Licence Required),Kent,My Four Wheels,My Four Wheels,Annual,Annual,0.992
LIKELY_DUPLICATE,same title/location/advertiser + salary + very similar description,26758_35867463-0,26758_35867490-0,Driving Instructor (Driving Licence Required),Kent,My Four Wheels,My Four Wheels,Annual,Annual,0.991
LIKELY_DUPLICATE,same title/location/advertiser + salary + very similar description,26758_35867463-0,26758_35867491-0,Driving Instructor (Driving Licence Required),Kent,My Four Wheels,My Four Wheels,Annual,Annual,0.991
LIKELY_DUPLICATE,same title/location/advertiser + salary + very similar description,26758_35867463-0,26758_35867492-0,Driving Instructor (Driving Licence Required),Kent,My Four Wheels,My Four Wheels,Annual,Annual,0.992
LIKELY_DUPLICATE,same title/location/advertiser + salary + very similar description,26758_35867463-0,26758_35867506-0,Driving Instructor (Driving Licence Required),Kent,My Four Wheels,My Four Wheels,Annual,Annual,0.992
LIKELY_DUPLICATE,same title/location/advertiser + salary + very similar description,26758_35867463-0,26758_35867511-0,Driving Instructor (Driving Licence Required),Kent,My Four Wheels,My Four Wheels,Annual,Annual,0.990
LIKELY_DUPLICATE,same title/location/advertiser + salary + very similar description,26758_35867463-0,26758_35867555-0,Driving Instructor (Driving Licence Required),Kent,My Four Wheels,My Four Wheels,Annual,Annual,0.992
LIKELY_DUPLICATE,same title/location/advertiser + salary + very similar description,26758_35867463-0,26758_35867556-0,Driving Instructor (Driving Licence Required),Kent,My Four Wheels,My Four Wheels,Annual,Annual,0.990
LIKELY_DUPLICATE,same title/location/advertiser + salary + very similar description,26758_35867463-0,26758_37432003-0,Driving Instructor (Driving Licence Required),Kent,My Four Wheels,My Four Wheels,Annual,Annual,0.992
LIKELY_DUPLICATE,same title/location/advertiser + salary + very similar description,26758_35867463-0,26758_37432009-0,Driving Instructor (Driving Licence Required),Kent,My Four Wheels,My Four Wheels,Annual,Annual,0.992
LIKELY_DUPLICATE,same title/location/advertiser + salary + very similar description,26758_35867463-0,26758_37432039-0,Driving Instructor (Driving Licence Required),Kent,My Four Wheels,My Four Wheels,Annual,Annual,0.991
LIKELY_DUPLICATE,same title/location/advertiser + salary + very similar description,26758_35867463-0,26758_37432122-0,Driving Instructor (Driving Licence Required),Kent,My Four Wheels,My Four Wheels,Annual,Annual,0.991
LIKELY_DUPLICATE,same title/location/advertiser + salary + very similar description,26758_35867463-0,26758_37471158-0,Driving Instructor (Driving Licence Required),Kent,My Four Wheels,My Four Wheels,Annual,Annual,0.995
LIKELY_DUPLICATE,same title/location/advertiser + salary + very similar description,26758_35867463-0,26758_37471186-0,Driving Instructor (Driving Licence Required),Kent,My Four Wheels,My Four Wheels,Annual,Annual,0.991
LIKELY_DUPLICATE,same title/location/advertiser + salary + very similar description,26758_35867463-0,26758_37471235-0,Driving Instructor (Driving Licence Required),Kent,My Four Wheels,My Four Wheels,Annual,Annual,0.991
LIKELY_DUPLICATE,same title/location/advertiser + salary + very similar description,26758_35867465-0,26758_35867477-0,Driving Instructor (Driving Licence Required),Kent,My Four Wheels,My Four Wheels,Annual,Annual,0.991
LIKELY_DUPLICATE,same title/location/advertiser + salary + very similar description,26758_35867465-0,26758_35867478-0,Driving Instructor (Driving Licence Required),Kent,My Four Wheels,My Four Wheels,Annual,Annual,0.991
LIKELY_DUPLICATE,same title/location/advertiser + salary + very similar description,26758_35867465-0,26758_35867491-0,Driving Instructor (Driving Licence Required),Kent,My Four Wheels,My Four Wheels,Annual,Annual,0.992
LIKELY_DUPLICATE,same title/location/advertiser + salary + very similar description,26758_35867465-0,26758_35867492-0,Driving Instructor (Driving Licence Required),Kent,My Four Wheels,My Four Wheels,Annual,Annual,0.991
LIKELY_DUPLICATE,same title/location/advertiser + salary + very similar description,26758_35867465-0,26758_35867506-0,Driving Instructor (Driving Licence Required),Kent,My Four Wheels,My Four Wheels,Annual,Annual,0.991
LIKELY_DUPLICATE,same title/location/advertiser + salary + very similar description,26758_35867465-0,26758_35867511-0,Driving Instructor (Driving Licence Required),Kent,My Four Wheels,My Four Wheels,Annual,Annual,0.992
LIKELY_DUPLICATE,same title/location/advertiser + salary + very similar description,26758_35867465-0,26758_35867555-0,Driving Instructor (Driving Licence Required),Kent,My Four Wheels,My Four Wheels,Annual,Annual,0.991
LIKELY_DUPLICATE,same title/location/advertiser + salary + very similar description,26758_35867465-0,26758_35867556-0,Driving Instructor (Driving Licence Required),Kent,My Four Wheels,My Four Wheels,Annual,Annual,0.991
LIKELY_DUPLICATE,same title/location/advertiser + salary + very similar description,26758_35867465-0,26758_37432003-0,Driving Instructor (Driving Licence Required),Kent,My Four Wheels,My Four Wheels,Annual,Annual,0.992
LIKELY_DUPLICATE,same title/location/advertiser + salary + very similar description,26758_35867465-0,26758_37432009-0,Driving Instructor (Driving Licence Required),Kent,My Four Wheels,My Four Wheels,Annual,Annual,0.992
LIKELY_DUPLICATE,same title/location/advertiser + salary + very similar description,26758_35867465-0,26758_37432039-0,Driving Instructor (Driving Licence Required),Kent,My Four Wheels,My Four Wheels,Annual,Annual,0.991
LIKELY_DUPLICATE,same title/location/advertiser + salary + very similar description,26758_35867465-0,26758_37432122-0,Driving Instructor (Driving Licence Required),Kent,My Four Wheels,My Four Wheels,Annual,Annual,0.991
LIKELY_DUPLICATE,same title/location/advertiser + salary + very similar description,26758_35867465-0,26758_37471158-0,Driving Instructor (Driving Licence Required),Kent,My Four Wheels,My Four Wheels,Annual,Annual,0.991
LIKELY_DUPLICATE,same title/location/advertiser + salary + very similar description,26758_35867465-0,26758_37471186-0,Driving Instructor (Driving Licence Required),Kent,My Four Wheels,My Four Wheels,Annual,Annual,0.992
LIKELY_DUPLICATE,same title/location/advertiser + salary + very similar description,26758_35867465-0,26758_37471235-0,Driving Instructor (Driving Licence Required),Kent,My Four Wheels,My Four Wheels,Annual,Annual,0.991
LIKELY_DUPLICATE,same title/location/advertiser + salary + very similar description,26758_35867476-0,26758_35867441-0,Driving Instructor (Driving Licence Required),Kent,My Four Wheels,My Four Wheels,Annual,Annual,0.991
LIKELY_DUPLICATE,same title/location/advertiser + salary + very similar description,26758_35867476-0,26758_35867463-0,Driving Instructor (Driving Licence Required),Kent,My Four Wheels,My Four Wheels,Annual,Annual,0.991
LIKELY_DUPLICATE,same title/location/advertiser + salary + very similar description,26758_35867476-0,26758_35867465-0,Driving Instructor (Driving Licence Required),Kent,My Four Wheels,My Four Wheels,Annual,Annual,0.991
LIKELY_DUPLICATE,same title/location/advertiser + salary + very similar description,26758_35867476-0,26758_35867477-0,Driving Instructor (Driving Licence Required),Kent,My Four Wheels,My Four Wheels,Annual,Annual,0.991
LIKELY_DUPLICATE,same title/location/advertiser + salary + very similar description,26758_35867476-0,26758_35867478-0,Driving Instructor (Driving Licence Required),Kent,My Four Wheels,My Four Wheels,Annual,Annual,0.991
LIKELY_DUPLICATE,same title/location/advertiser + salary + very similar description,26758_35867476-0,26758_35867490-0,Driving Instructor (Driving Licence Required),Kent,My Four Wheels,My Four Wheels,Annual,Annual,0.991
LIKELY_DUPLICATE,same title/location/advertiser + salary + very similar description,26758_35867476-0,26758_35867491-0,Driving Instructor (Driving Licence Required),Kent,My Four Wheels,My Four Wheels,Annual,Annual,0.991
LIKELY_DUPLICATE,same title/location/advertiser + salary + very similar description,26758_35867476-0,26758_35867492-0,Driving Instructor (Driving Licence Required),Kent,My Four Wheels,My Four Wheels,Annual,Annual,0.991
LIKELY_DUPLICATE,same title/location/advertiser + salary + very similar description,26758_35867476-0,26758_35867506-0,Driving Instructor (Driving Licence Required),Kent,My Four Wheels,My Four Wheels,Annual,Annual,0.991
LIKELY_DUPLICATE,same title/location/advertiser + salary + very similar description,26758_35867476-0,26758_35867511-0,Driving Instructor (Driving Licence Required),Kent,My Four Wheels,My Four Wheels,Annual,Annual,0.991
LIKELY_DUPLICATE,same title/location/advertiser + salary + very similar description,26758_35867476-0,26758_35867555-0,Driving Instructor (Driving Licence Required),Kent,My Four Wheels,My Four Wheels,Annual,Annual,0.991
LIKELY_DUPLICATE,same title/location/advertiser + salary + very similar description,26758_35867476-0,26758_35867556-0,Driving Instructor (Driving Licence Required),Kent,My Four Wheels,My Four Wheels,Annual,Annual,0.991
LIKELY_DUPLICATE,same title/location/advertiser + salary + very similar description,26758_35867476-0,26758_37432003-0,Driving Instructor (Driving Licence Required),Kent,My Four Wheels,My Four Wheels,Annual,Annual,0.991
LIKELY_DUPLICATE,same title/location/advertiser + salary + very similar description,26758_35867476-0,26758_37432009-0,Driving Instructor (Driving Licence Required),Kent,My Four Wheels,My Four Wheels,Annual,Annual,0.992
LIKELY_DUPLICATE,same title/location/advertiser + salary + very similar description,26758_35867476-0,26758_37432039-0,Driving Instructor (Driving Licence Required),Kent,My Four Wheels,My Four Wheels,Annual,Annual,0.992
LIKELY_DUPLICATE,same title/location/advertiser + salary + very similar description,26758_35867476-0,26758_37432122-0,Driving Instructor (Driving Licence Required),Kent,My Four Wheels,My Four Wheels,Annual,Annual,0.992
LIKELY_DUPLICATE,same title/location/advertiser + salary + very similar description,26758_35867476-0,26758_37471153-0,Driving Instructor (Driving Licence Required),Kent,My Four Wheels,My Four Wheels,Annual,Annual,0.991
LIKELY_DUPLICATE,same title/location/advertiser + salary + very similar description,26758_35867476-0,26758_37471158-0,Driving Instructor (Driving Licence Required),Kent,My Four Wheels,My Four Wheels,Annual,Annual,0.991
LIKELY_DUPLICATE,same title/location/advertiser + salary + very similar description,26758_35867476-0,26758_37471164-0,Driving Instructor (Driving Licence Required),Kent,My Four Wheels,My Four Wheels,Annual,Annual,0.991
LIKELY_DUPLICATE,same title/location/advertiser + salary + very similar description,26758_35867476-0,26758_37471186-0,Driving Instructor (Driving Licence Required),Kent,My Four Wheels,My Four Wheels,Annual,Annual,0.991
LIKELY_DUPLICATE,same title/location/advertiser + salary + very similar description,26758_35867476-0,26758_37471215-0,Driving Instructor (Driving Licence Required),Kent,My Four Wheels,My Four Wheels,Annual,Annual,0.992
LIKELY_DUPLICATE,same title/location/advertiser + salary + very similar description,26758_35867476-0,26758_37471235-0,Driving Instructor (Driving Licence Required),Kent,My Four Wheels,My Four Wheels,Annual,Annual,0.994
LIKELY_DUPLICATE,same title/location/advertiser + salary + very similar description,26758_35867478-0,26758_35867477-0,Driving Instructor (Driving Licence Required),Kent,My Four Wheels,My Four Wheels,Annual,Annual,0.993
LIKELY_DUPLICATE,same title/location/advertiser + salary + very similar description,26758_35867478-0,26758_35867491-0,Driving Instructor (Driving Licence Required),Kent,My Four Wheels,My Four Wheels,Annual,Annual,0.991
LIKELY_DUPLICATE,same title/location/advertiser + salary + very similar description,26758_35867478-0,26758_35867506-0,Driving Instructor (Driving Licence Required),Kent,My Four Wheels,My Four Wheels,Annual,Annual,0.991
LIKELY_DUPLICATE,same title/location/advertiser + salary + very similar description,26758_35867478-0,26758_35867511-0,Driving Instructor (Driving Licence Required),Kent,My Four Wheels,My Four Wheels,Annual,Annual,0.991
LIKELY_DUPLICATE,same title/location/advertiser + salary + very similar description,26758_35867478-0,26758_35867555-0,Driving Instructor (Driving Licence Required),Kent,My Four Wheels,My Four Wheels,Annual,Annual,0.991
LIKELY_DUPLICATE,same title/location/advertiser + salary + very similar description,26758_35867478-0,26758_35867556-0,Driving Instructor (Driving Licence Required),Kent,My Four Wheels,My Four Wheels,Annual,Annual,0.992
LIKELY_DUPLICATE,same title/location/advertiser + salary + very similar description,26758_35867478-0,26758_37432003-0,Driving Instructor (Driving Licence Required),Kent,My Four Wheels,My Four Wheels,Annual,Annual,0.991
LIKELY_DUPLICATE,same title/location/advertiser + salary + very similar description,26758_35867478-0,26758_37432009-0,Driving Instructor (Driving Licence Required),Kent,My Four Wheels,My Four Wheels,Annual,Annual,0.991
LIKELY_DUPLICATE,same title/location/advertiser + salary + very similar description,26758_35867478-0,26758_37432039-0,Driving Instructor (Driving Licence Required),Kent,My Four Wheels,My Four Wheels,Annual,Annual,0.991
LIKELY_DUPLICATE,same title/location/advertiser + salary + very similar description,26758_35867478-0,26758_37432122-0,Driving Instructor (Driving Licence Required),Kent,My Four Wheels,My Four Wheels,Annual,Annual,0.993
LIKELY_DUPLICATE,same title/location/advertiser + salary + very similar description,26758_35867478-0,26758_37471158-0,Driving Instructor (Driving Licence Required),Kent,My Four Wheels,My Four Wheels,Annual,Annual,0.992
LIKELY_DUPLICATE,same title/location/advertiser + salary + very similar description,26758_35867478-0,26758_37471186-0,Driving Instructor (Driving Licence Required),Kent,My Four Wheels,My Four Wheels,Annual,Annual,0.991
LIKELY_DUPLICATE,same title/location/advertiser + salary + very similar description,26758_35867478-0,26758_37471235-0,Driving Instructor (Driving Licence Required),Kent,My Four Wheels,My Four Wheels,Annual,Annual,0.992
LIKELY_DUPLICATE,same title/location/advertiser + salary + very similar description,26758_35867490-0,26758_35867465-0,Driving Instructor (Driving Licence Required),Kent,My Four Wheels,My Four Wheels,Annual,Annual,0.991
LIKELY_DUPLICATE,same title/location/advertiser + salary + very similar description,26758_35867490-0,26758_35867477-0,Driving Instructor (Driving Licence Required),Kent,My Four Wheels,My Four Wheels,Annual,Annual,0.991
LIKELY_DUPLICATE,same title/location/advertiser + salary + very similar description,26758_35867490-0,26758_35867478-0,Driving Instructor (Driving Licence Required),Kent,My Four Wheels,My Four Wheels,Annual,Annual,0.991
LIKELY_DUPLICATE,same title/location/advertiser + salary + very similar description,26758_35867490-0,26758_35867491-0,Driving Instructor (Driving Licence Required),Kent,My Four Wheels,My Four Wheels,Annual,Annual,0.992
LIKELY_DUPLICATE,same title/location/advertiser + salary + very similar description,26758_35867490-0,26758_35867492-0,Driving Instructor (Driving Licence Required),Kent,My Four Wheels,My Four Wheels,Annual,Annual,0.991
LIKELY_DUPLICATE,same title/location/advertiser + salary + very similar description,26758_35867490-0,26758_35867506-0,Driving Instructor (Driving Licence Required),Kent,My Four Wheels,My Four Wheels,Annual,Annual,0.991
LIKELY_DUPLICATE,same title/location/advertiser + salary + very similar description,26758_35867490-0,26758_35867511-0,Driving Instructor (Driving Licence Required),Kent,My Four Wheels,My Four Wheels,Annual,Annual,0.991
LIKELY_DUPLICATE,same title/location/advertiser + salary + very similar description,26758_35867490-0,26758_35867555-0,Driving Instructor (Driving Licence Required),Kent,My Four Wheels,My Four Wheels,Annual,Annual,0.992
LIKELY_DUPLICATE,same title/location/advertiser + salary + very similar description,26758_35867490-0,26758_35867556-0,Driving Instructor (Driving Licence Required),Kent,My Four Wheels,My Four Wheels,Annual,Annual,0.991
LIKELY_DUPLICATE,same title/location/advertiser + salary + very similar description,26758_35867490-0,26758_37432003-0,Driving Instructor (Driving Licence Required),Kent,My Four Wheels,My Four Wheels,Annual,Annual,0.991
LIKELY_DUPLICATE,same title/location/advertiser + salary + very similar description,26758_35867490-0,26758_37432009-0,Driving Instructor (Driving Licence Required),Kent,My Four Wheels,My Four Wheels,Annual,Annual,0.991
LIKELY_DUPLICATE,same title/location/advertiser + salary + very similar description,26758_35867490-0,26758_37432039-0,Driving Instructor (Driving Licence Required),Kent,My Four Wheels,My Four Wheels,Annual,Annual,0.991
LIKELY_DUPLICATE,same title/location/advertiser + salary + very similar description,26758_35867490-0,26758_37432122-0,Driving Instructor (Driving Licence Required),Kent,My Four Wheels,My Four Wheels,Annual,Annual,0.992
LIKELY_DUPLICATE,same title/location/advertiser + salary + very similar description,26758_35867490-0,26758_37471158-0,Driving Instructor (Driving Licence Required),Kent,My Four Wheels,My Four Wheels,Annual,Annual,0.991
LIKELY_DUPLICATE,same title/location/advertiser + salary + very similar description,26758_35867490-0,26758_37471186-0,Driving Instructor (Driving Licence Required),Kent,My Four Wheels,My Four Wheels,Annual,Annual,0.991
LIKELY_DUPLICATE,same title/location/advertiser + salary + very similar description,26758_35867490-0,26758_37471235-0,Driving Instructor (Driving Licence Required),Kent,My Four Wheels,My Four Wheels,Annual,Annual,0.991
LIKELY_DUPLICATE,same title/location/advertiser + salary + very similar description,26758_35867491-0,26758_35867477-0,Driving Instructor (Driving Licence Required),Kent,My Four Wheels,My Four Wheels,Annual,Annual,0.991
LIKELY_DUPLICATE,same title/location/advertiser + salary + very similar description,26758_35867491-0,26758_37471158-0,Driving Instructor (Driving Licence Required),Kent,My Four Wheels,My Four Wheels,Annual,Annual,0.991
LIKELY_DUPLICATE,same title/location/advertiser + salary + very similar description,26758_35867492-0,26758_35867477-0,Driving Instructor (Driving Licence Required),Kent,My Four Wheels,My Four Wheels,Annual,Annual,0.991
LIKELY_DUPLICATE,same title/location/advertiser + salary + very similar description,26758_35867492-0,26758_35867478-0,Driving Instructor (Driving Licence Required),Kent,My Four Wheels,My Four Wheels,Annual,Annual,0.991
LIKELY_DUPLICATE,same title/location/advertiser + salary + very similar description,26758_35867492-0,26758_35867491-0,Driving Instructor (Driving Licence Required),Kent,My Four Wheels,My Four Wheels,Annual,Annual,0.990
LIKELY_DUPLICATE,same title/location/advertiser + salary + very similar description,26758_35867492-0,26758_35867506-0,Driving Instructor (Driving Licence Required),Kent,My Four Wheels,My Four Wheels,Annual,Annual,0.992
LIKELY_DUPLICATE,same title/location/advertiser + salary + very similar description,26758_35867492-0,26758_35867511-0,Driving Instructor (Driving Licence Required),Kent,My Four Wheels,My Four Wheels,Annual,Annual,0.992
LIKELY_DUPLICATE,same title/location/advertiser + salary + very similar description,26758_35867492-0,26758_35867555-0,Driving Instructor (Driving Licence Required),Kent,My Four Wheels,My Four Wheels,Annual,Annual,0.992
LIKELY_DUPLICATE,same title/location/advertiser + salary + very similar description,26758_35867492-0,26758_35867556-0,Driving Instructor (Driving Licence Required),Kent,My Four Wheels,My Four Wheels,Annual,Annual,0.991
LIKELY_DUPLICATE,same title/location/advertiser + salary + very similar description,26758_35867492-0,26758_37432003-0,Driving Instructor (Driving Licence Required),Kent,My Four Wheels,My Four Wheels,Annual,Annual,0.992
LIKELY_DUPLICATE,same title/location/advertiser + salary + very similar description,26758_35867492-0,26758_37432009-0,Driving Instructor (Driving Licence Required),Kent,My Four Wheels,My Four Wheels,Annual,Annual,0.992
LIKELY_DUPLICATE,same title/location/advertiser + salary + very similar description,26758_35867492-0,26758_37432039-0,Driving Instructor (Driving Licence Required),Kent,My Four Wheels,My Four Wheels,Annual,Annual,0.991
LIKELY_DUPLICATE,same title/location/advertiser + salary + very similar description,26758_35867492-0,26758_37432122-0,Driving Instructor (Driving Licence Required),Kent,My Four Wheels,My Four Wheels,Annual,Annual,0.991
LIKELY_DUPLICATE,same title/location/advertiser + salary + very similar description,26758_35867492-0,26758_37471158-0,Driving Instructor (Driving Licence Required),Kent,My Four Wheels,My Four Wheels,Annual,Annual,0.992
LIKELY_DUPLICATE,same title/location/advertiser + salary + very similar description,26758_35867492-0,26758_37471186-0,Driving Instructor (Driving Licence Required),Kent,My Four Wheels,My Four Wheels,Annual,Annual,0.991
LIKELY_DUPLICATE,same title/location/advertiser + salary + very similar description,26758_35867492-0,26758_37471235-0,Driving Instructor (Driving Licence Required),Kent,My Four Wheels,My Four Wheels,Annual,Annual,0.991
LIKELY_DUPLICATE,same title/location/advertiser + salary + very similar description,26758_35867506-0,26758_35867477-0,Driving Instructor (Driving Licence Required),Kent,My Four Wheels,My Four Wheels,Annual,Annual,0.990
LIKELY_DUPLICATE,same title/location/advertiser + salary + very similar description,26758_35867506-0,26758_35867491-0,Driving Instructor (Driving Licence Required),Kent,My Four Wheels,My Four Wheels,Annual,Annual,0.991
LIKELY_DUPLICATE,same title/location/advertiser + salary + very similar description,26758_35867506-0,26758_37471158-0,Driving Instructor (Driving Licence Required),Kent,My Four Wheels,My Four Wheels,Annual,Annual,0.991
LIKELY_DUPLICATE,same title/location/advertiser + salary + very similar description,26758_35867511-0,26758_35867477-0,Driving Instructor (Driving Licence Required),Kent,My Four Wheels,My Four Wheels,Annual,Annual,0.991
LIKELY_DUPLICATE,same title/location/advertiser + salary + very similar description,26758_35867511-0,26758_35867491-0,Driving Instructor (Driving Licence Required),Kent,My Four Wheels,My Four Wheels,Annual,Annual,0.991
LIKELY_DUPLICATE,same title/location/advertiser + salary + very similar description,26758_35867511-0,26758_35867506-0,Driving Instructor (Driving Licence Required),Kent,My Four Wheels,My Four Wheels,Annual,Annual,0.992
LIKELY_DUPLICATE,same title/location/advertiser + salary + very similar description,26758_35867511-0,26758_35867556-0,Driving Instructor (Driving Licence Required),Kent,My Four Wheels,My Four Wheels,Annual,Annual,0.991
LIKELY_DUPLICATE,same title/location/advertiser + salary + very similar description,26758_35867511-0,26758_37471158-0,Driving Instructor (Driving Licence Required),Kent,My Four Wheels,My Four Wheels,Annual,Annual,0.991
LIKELY_DUPLICATE,same title/location/advertiser + salary + very similar description,26758_35867555-0,26758_35867477-0,Driving Instructor (Driving Licence Required),Kent,My Four Wheels,My Four Wheels,Annual,Annual,0.991
LIKELY_DUPLICATE,same title/location/advertiser + salary + very similar description,26758_35867555-0,26758_35867491-0,Driving Instructor (Driving Licence Required),Kent,My Four Wheels,My Four Wheels,Annual,Annual,0.991
LIKELY_DUPLICATE,same title/location/advertiser + salary + very similar description,26758_35867555-0,26758_35867506-0,Driving Instructor (Driving Licence Required),Kent,My Four Wheels,My Four Wheels,Annual,Annual,0.991
LIKELY_DUPLICATE,same title/location/advertiser + salary + very similar description,26758_35867555-0,26758_35867511-0,Driving Instructor (Driving Licence Required),Kent,My Four Wheels,My Four Wheels,Annual,Annual,0.992
LIKELY_DUPLICATE,same title/location/advertiser + salary + very similar description,26758_35867555-0,26758_35867556-0,Driving Instructor (Driving Licence Required),Kent,My Four Wheels,My Four Wheels,Annual,Annual,0.991
LIKELY_DUPLICATE,same title/location/advertiser + salary + very similar description,26758_35867555-0,26758_37471158-0,Driving Instructor (Driving Licence Required),Kent,My Four Wheels,My Four Wheels,Annual,Annual,0.992
LIKELY_DUPLICATE,same title/location/advertiser + salary + very similar description,26758_35867556-0,26758_35867477-0,Driving Instructor (Driving Licence Required),Kent,My Four Wheels,My Four Wheels,Annual,Annual,0.991
LIKELY_DUPLICATE,same title/location/advertiser + salary + very similar description,26758_35867556-0,26758_35867491-0,Driving Instructor (Driving Licence Required),Kent,My Four Wheels,My Four Wheels,Annual,Annual,0.991
LIKELY_DUPLICATE,same title/location/advertiser + salary + very similar description,26758_35867556-0,26758_35867506-0,Driving Instructor (Driving Licence Required),Kent,My Four Wheels,My Four Wheels,Annual,Annual,0.991
LIKELY_DUPLICATE,same title/location/advertiser + salary + very similar description,26758_35867556-0,26758_37471158-0,Driving Instructor (Driving Licence Required),Kent,My Four Wheels,My Four Wheels,Annual,Annual,0.992
LIKELY_DUPLICATE,same title/location/advertiser + salary + very similar description,26758_37432003-0,26758_35867477-0,Driving Instructor (Driving Licence Required),Kent,My Four Wheels,My Four Wheels,Annual,Annual,0.991
LIKELY_DUPLICATE,same title/location/advertiser + salary + very similar description,26758_37432003-0,26758_35867491-0,Driving Instructor (Driving Licence Required),Kent,My Four Wheels,My Four Wheels,Annual,Annual,0.991
LIKELY_DUPLICATE,same title/location/advertiser + salary + very similar description,26758_37432003-0,26758_35867506-0,Driving Instructor (Driving Licence Required),Kent,My Four Wheels,My Four Wheels,Annual,Annual,0.991
LIKELY_DUPLICATE,same title/location/advertiser + salary + very similar description,26758_37432003-0,26758_35867511-0,Driving Instructor (Driving Licence Required),Kent,My Four Wheels,My Four Wheels,Annual,Annual,0.994
LIKELY_DUPLICATE,same title/location/advertiser + salary + very similar description,26758_37432003-0,26758_35867555-0,Driving Instructor (Driving Licence Required),Kent,My Four Wheels,My Four Wheels,Annual,Annual,0.991
LIKELY_DUPLICATE,same title/location/advertiser + salary + very similar description,26758_37432003-0,26758_35867556-0,Driving Instructor (Driving Licence Required),Kent,My Four Wheels,My Four Wheels,Annual,Annual,0.990
LIKELY_DUPLICATE,same title/location/advertiser + salary + very similar description,26758_37432003-0,26758_37432009-0,Driving Instructor (Driving Licence Required),Kent,My Four Wheels,My Four Wheels,Annual,Annual,0.992
LIKELY_DUPLICATE,same title/location/advertiser + salary + very similar description,26758_37432003-0,26758_37432122-0,Driving Instructor (Driving Licence Required),Kent,My Four Wheels,My Four Wheels,Annual,Annual,0.991
LIKELY_DUPLICATE,same title/location/advertiser + salary + very similar description,26758_37432003-0,26758_37471158-0,Driving Instructor (Driving Licence Required),Kent,My Four Wheels,My Four Wheels,Annual,Annual,0.991
LIKELY_DUPLICATE,same title/location/advertiser + salary + very similar description,26758_37432003-0,26758_37471186-0,Driving Instructor (Driving Licence Required),Kent,My Four Wheels,My Four Wheels,Annual,Annual,0.992
LIKELY_DUPLICATE,same title/location/advertiser + salary + very similar description,26758_37432003-0,26758_37471235-0,Driving Instructor (Driving Licence Required),Kent,My Four Wheels,My Four Wheels,Annual,Annual,0.991
LIKELY_DUPLICATE,same title/location/advertiser + salary + very similar description,26758_37432009-0,26758_35867477-0,Driving Instructor (Driving Licence Required),Kent,My Four Wheels,My Four Wheels,Annual,Annual,0.991
LIKELY_DUPLICATE,same title/location/advertiser + salary + very similar description,26758_37432009-0,26758_35867491-0,Driving Instructor (Driving Licence Required),Kent,My Four Wheels,My Four Wheels,Annual,Annual,0.991
LIKELY_DUPLICATE,same title/location/advertiser + salary + very similar description,26758_37432009-0,26758_35867506-0,Driving Instructor (Driving Licence Required),Kent,My Four Wheels,My Four Wheels,Annual,Annual,0.991
LIKELY_DUPLICATE,same title/location/advertiser + salary + very similar description,26758_37432009-0,26758_35867511-0,Driving Instructor (Driving Licence Required),Kent,My Four Wheels,My Four Wheels,Annual,Annual,0.991
LIKELY_DUPLICATE,same title/location/advertiser + salary + very similar description,26758_37432009-0,26758_35867555-0,Driving Instructor (Driving Licence Required),Kent,My Four Wheels,My Four Wheels,Annual,Annual,0.991
LIKELY_DUPLICATE,same title/location/advertiser + salary + very similar description,26758_37432009-0,26758_35867556-0,Driving Instructor (Driving Licence Required),Kent,My Four Wheels,My Four Wheels,Annual,Annual,0.991
LIKELY_DUPLICATE,same title/location/advertiser + salary + very similar description,26758_37432009-0,26758_37432122-0,Driving Instructor (Driving Licence Required),Kent,My Four Wheels,My Four Wheels,Annual,Annual,0.991
LIKELY_DUPLICATE,same title/location/advertiser + salary + very similar description,26758_37432009-0,26758_37471158-0,Driving Instructor (Driving Licence Required),Kent,My Four Wheels,My Four Wheels,Annual,Annual,0.991
LIKELY_DUPLICATE,same title/location/advertiser + salary + very similar description,26758_37432009-0,26758_37471186-0,Driving Instructor (Driving Licence Required),Kent,My Four Wheels,My Four Wheels,Annual,Annual,0.992
LIKELY_DUPLICATE,same title/location/advertiser + salary + very similar description,26758_37432009-0,26758_37471235-0,Driving Instructor (Driving Licence Required),Kent,My Four Wheels,My Four Wheels,Annual,Annual,0.992
LIKELY_DUPLICATE,same title/location/advertiser + salary + very similar description,26758_37432039-0,26758_35867477-0,Driving Instructor (Driving Licence Required),Kent,My Four Wheels,My Four Wheels,Annual,Annual,0.991
LIKELY_DUPLICATE,same title/location/advertiser + salary + very similar description,26758_37432039-0,26758_35867491-0,Driving Instructor (Driving Licence Required),Kent,My Four Wheels,My Four Wheels,Annual,Annual,0.991
LIKELY_DUPLICATE,same title/location/advertiser + salary + very similar description,26758_37432039-0,26758_35867506-0,Driving Instructor (Driving Licence Required),Kent,My Four Wheels,My Four Wheels,Annual,Annual,0.992
LIKELY_DUPLICATE,same title/location/advertiser + salary + very similar description,26758_37432039-0,26758_35867511-0,Driving Instructor (Driving Licence Required),Kent,My Four Wheels,My Four Wheels,Annual,Annual,0.991
LIKELY_DUPLICATE,same title/location/advertiser + salary + very similar description,26758_37432039-0,26758_35867555-0,Driving Instructor (Driving Licence Required),Kent,My Four Wheels,My Four Wheels,Annual,Annual,0.991
LIKELY_DUPLICATE,same title/location/advertiser + salary + very similar description,26758_37432039-0,26758_35867556-0,Driving Instructor (Driving Licence Required),Kent,My Four Wheels,My Four Wheels,Annual,Annual,0.991
LIKELY_DUPLICATE,same title/location/advertiser + salary + very similar description,26758_37432039-0,26758_37432003-0,Driving Instructor (Driving Licence Required),Kent,My Four Wheels,My Four Wheels,Annual,Annual,0.991
LIKELY_DUPLICATE,same title/location/advertiser + salary + very similar description,26758_37432039-0,26758_37432009-0,Driving Instructor (Driving Licence Required),Kent,My Four Wheels,My Four Wheels,Annual,Annual,0.992
LIKELY_DUPLICATE,same title/location/advertiser + salary + very similar description,26758_37432039-0,26758_37432122-0,Driving Instructor (Driving Licence Required),Kent,My Four Wheels,My Four Wheels,Annual,Annual,0.991
LIKELY_DUPLICATE,same title/location/advertiser + salary + very similar description,26758_37432039-0,26758_37471158-0,Driving Instructor (Driving Licence Required),Kent,My Four Wheels,My Four Wheels,Annual,Annual,0.991
LIKELY_DUPLICATE,same title/location/advertiser + salary + very similar description,26758_37432039-0,26758_37471186-0,Driving Instructor (Driving Licence Required),Kent,My Four Wheels,My Four Wheels,Annual,Annual,0.991
LIKELY_DUPLICATE,same title/location/advertiser + salary + very similar description,26758_37432039-0,26758_37471235-0,Driving Instructor (Driving Licence Required),Kent,My Four Wheels,My Four Wheels,Annual,Annual,0.991
LIKELY_DUPLICATE,same title/location/advertiser + salary + very similar description,26758_37432122-0,26758_35867477-0,Driving Instructor (Driving Licence Required),Kent,My Four Wheels,My Four Wheels,Annual,Annual,0.992
LIKELY_DUPLICATE,same title/location/advertiser + salary + very similar description,26758_37432122-0,26758_35867491-0,Driving Instructor (Driving Licence Required),Kent,My Four Wheels,My Four Wheels,Annual,Annual,0.991
LIKELY_DUPLICATE,same title/location/advertiser + salary + very similar description,26758_37432122-0,26758_35867506-0,Driving Instructor (Driving Licence Required),Kent,My Four Wheels,My Four Wheels,Annual,Annual,0.992
LIKELY_DUPLICATE,same title/location/advertiser + salary + very similar description,26758_37432122-0,26758_35867511-0,Driving Instructor (Driving Licence Required),Kent,My Four Wheels,My Four Wheels,Annual,Annual,0.991
LIKELY_DUPLICATE,same title/location/advertiser + salary + very similar description,26758_37432122-0,26758_35867555-0,Driving Instructor (Driving Licence Required),Kent,My Four Wheels,My Four Wheels,Annual,Annual,0.992
LIKELY_DUPLICATE,same title/location/advertiser + salary + very similar description,26758_37432122-0,26758_35867556-0,Driving Instructor (Driving Licence Required),Kent,My Four Wheels,My Four Wheels,Annual,Annual,0.992
LIKELY_DUPLICATE,same title/location/advertiser + salary + very similar description,26758_37432122-0,26758_37471158-0,Driving Instructor (Driving Licence Required),Kent,My Four Wheels,My Four Wheels,Annual,Annual,0.992
LIKELY_DUPLICATE,same title/location/advertiser + salary + very similar description,26758_37432122-0,26758_37471235-0,Driving Instructor (Driving Licence Required),Kent,My Four Wheels,My Four Wheels,Annual,Annual,0.992
LIKELY_DUPLICATE,same title/location/advertiser + salary + very similar description,26758_37471153-0,26758_35867441-0,Driving Instructor (Driving Licence Required),Kent,My Four Wheels,My Four Wheels,Annual,Annual,0.991
LIKELY_DUPLICATE,same title/location/advertiser + salary + very similar description,26758_37471153-0,26758_35867463-0,Driving Instructor (Driving Licence Required),Kent,My Four Wheels,My Four Wheels,Annual,Annual,0.991
LIKELY_DUPLICATE,same title/location/advertiser + salary + very similar description,26758_37471153-0,26758_35867465-0,Driving Instructor (Driving Licence Required),Kent,My Four Wheels,My Four Wheels,Annual,Annual,0.991
LIKELY_DUPLICATE,same title/location/advertiser + salary + very similar description,26758_37471153-0,26758_35867477-0,Driving Instructor (Driving Licence Required),Kent,My Four Wheels,My Four Wheels,Annual,Annual,0.991
LIKELY_DUPLICATE,same title/location/advertiser + salary + very similar description,26758_37471153-0,26758_35867478-0,Driving Instructor (Driving Licence Required),Kent,My Four Wheels,My Four Wheels,Annual,Annual,0.991
LIKELY_DUPLICATE,same title/location/advertiser + salary + very similar description,26758_37471153-0,26758_35867490-0,Driving Instructor (Driving Licence Required),Kent,My Four Wheels,My Four Wheels,Annual,Annual,0.991
LIKELY_DUPLICATE,same title/location/advertiser + salary + very similar description,26758_37471153-0,26758_35867491-0,Driving Instructor (Driving Licence Required),Kent,My Four Wheels,My Four Wheels,Annual,Annual,0.992
LIKELY_DUPLICATE,same title/location/advertiser + salary + very similar description,26758_37471153-0,26758_35867492-0,Driving Instructor (Driving Licence Required),Kent,My Four Wheels,My Four Wheels,Annual,Annual,0.991
LIKELY_DUPLICATE,same title/location/advertiser + salary + very similar description,26758_37471153-0,26758_35867506-0,Driving Instructor (Driving Licence Required),Kent,My Four Wheels,My Four Wheels,Annual,Annual,0.991
LIKELY_DUPLICATE,same title/location/advertiser + salary + very similar description,26758_37471153-0,26758_35867511-0,Driving Instructor (Driving Licence Required),Kent,My Four Wheels,My Four Wheels,Annual,Annual,0.991
LIKELY_DUPLICATE,same title/location/advertiser + salary + very similar description,26758_37471153-0,26758_35867555-0,Driving Instructor (Driving Licence Required),Kent,My Four Wheels,My Four Wheels,Annual,Annual,0.991
LIKELY_DUPLICATE,same title/location/advertiser + salary + very similar description,26758_37471153-0,26758_35867556-0,Driving Instructor (Driving Licence Required),Kent,My Four Wheels,My Four Wheels,Annual,Annual,0.991
LIKELY_DUPLICATE,same title/location/advertiser + salary + very similar description,26758_37471153-0,26758_37432003-0,Driving Instructor (Driving Licence Required),Kent,My Four Wheels,My Four Wheels,Annual,Annual,0.991
LIKELY_DUPLICATE,same title/location/advertiser + salary + very similar description,26758_37471153-0,26758_37432009-0,Driving Instructor (Driving Licence Required),Kent,My Four Wheels,My Four Wheels,Annual,Annual,0.991
LIKELY_DUPLICATE,same title/location/advertiser + salary + very similar description,26758_37471153-0,26758_37432039-0,Driving Instructor (Driving Licence Required),Kent,My Four Wheels,My Four Wheels,Annual,Annual,0.995
LIKELY_DUPLICATE,same title/location/advertiser + salary + very similar description,26758_37471153-0,26758_37432122-0,Driving Instructor (Driving Licence Required),Kent,My Four Wheels,My Four Wheels,Annual,Annual,0.991
LIKELY_DUPLICATE,same title/location/advertiser + salary + very similar description,26758_37471153-0,26758_37471158-0,Driving Instructor (Driving Licence Required),Kent,My Four Wheels,My Four Wheels,Annual,Annual,0.991
LIKELY_DUPLICATE,same title/location/advertiser + salary + very similar description,26758_37471153-0,26758_37471186-0,Driving Instructor (Driving Licence Required),Kent,My Four Wheels,My Four Wheels,Annual,Annual,0.991
LIKELY_DUPLICATE,same title/location/advertiser + salary + very similar description,26758_37471153-0,26758_37471215-0,Driving Instructor (Driving Licence Required),Kent,My Four Wheels,My Four Wheels,Annual,Annual,0.991
LIKELY_DUPLICATE,same title/location/advertiser + salary + very similar description,26758_37471153-0,26758_37471235-0,Driving Instructor (Driving Licence Required),Kent,My Four Wheels,My Four Wheels,Annual,Annual,0.991
LIKELY_DUPLICATE,same title/location/advertiser + salary + very similar description,26758_37471158-0,26758_35867477-0,Driving Instructor (Driving Licence Required),Kent,My Four Wheels,My Four Wheels,Annual,Annual,0.992
LIKELY_DUPLICATE,same title/location/advertiser + salary + very similar description,26758_37471164-0,26758_35867441-0,Driving Instructor (Driving Licence Required),Kent,My Four Wheels,My Four Wheels,Annual,Annual,0.990
LIKELY_DUPLICATE,same title/location/advertiser + salary + very similar description,26758_37471164-0,26758_35867463-0,Driving Instructor (Driving Licence Required),Kent,My Four Wheels,My Four Wheels,Annual,Annual,0.990
LIKELY_DUPLICATE,same title/location/advertiser + salary + very similar description,26758_37471164-0,26758_35867465-0,Driving Instructor (Driving Licence Required),Kent,My Four Wheels,My Four Wheels,Annual,Annual,0.991
LIKELY_DUPLICATE,same title/location/advertiser + salary + very similar description,26758_37471164-0,26758_35867477-0,Driving Instructor (Driving Licence Required),Kent,My Four Wheels,My Four Wheels,Annual,Annual,0.993
LIKELY_DUPLICATE,same title/location/advertiser + salary + very similar description,26758_37471164-0,26758_35867478-0,Driving Instructor (Driving Licence Required),Kent,My Four Wheels,My Four Wheels,Annual,Annual,0.991
LIKELY_DUPLICATE,same title/location/advertiser + salary + very similar description,26758_37471164-0,26758_35867490-0,Driving Instructor (Driving Licence Required),Kent,My Four Wheels,My Four Wheels,Annual,Annual,0.991
LIKELY_DUPLICATE,same title/location/advertiser + salary + very similar description,26758_37471164-0,26758_35867491-0,Driving Instructor (Driving Licence Required),Kent,My Four Wheels,My Four Wheels,Annual,Annual,0.991
LIKELY_DUPLICATE,same title/location/advertiser + salary + very similar description,26758_37471164-0,26758_35867492-0,Driving Instructor (Driving Licence Required),Kent,My Four Wheels,My Four Wheels,Annual,Annual,0.991
LIKELY_DUPLICATE,same title/location/advertiser + salary + very similar description,26758_37471164-0,26758_35867506-0,Driving Instructor (Driving Licence Required),Kent,My Four Wheels,My Four Wheels,Annual,Annual,0.990
LIKELY_DUPLICATE,same title/location/advertiser + salary + very similar description,26758_37471164-0,26758_35867511-0,Driving Instructor (Driving Licence Required),Kent,My Four Wheels,My Four Wheels,Annual,Annual,0.991
LIKELY_DUPLICATE,same title/location/advertiser + salary + very similar description,26758_37471164-0,26758_35867555-0,Driving Instructor (Driving Licence Required),Kent,My Four Wheels,My Four Wheels,Annual,Annual,0.992
LIKELY_DUPLICATE,same title/location/advertiser + salary + very similar description,26758_37471164-0,26758_35867556-0,Driving Instructor (Driving Licence Required),Kent,My Four Wheels,My Four Wheels,Annual,Annual,0.991
LIKELY_DUPLICATE,same title/location/advertiser + salary + very similar description,26758_37471164-0,26758_37432003-0,Driving Instructor (Driving Licence Required),Kent,My Four Wheels,My Four Wheels,Annual,Annual,0.991
LIKELY_DUPLICATE,same title/location/advertiser + salary + very similar description,26758_37471164-0,26758_37432009-0,Driving Instructor (Driving Licence Required),Kent,My Four Wheels,My Four Wheels,Annual,Annual,0.991
LIKELY_DUPLICATE,same title/location/advertiser + salary + very similar description,26758_37471164-0,26758_37432039-0,Driving Instructor (Driving Licence Required),Kent,My Four Wheels,My Four Wheels,Annual,Annual,0.991
LIKELY_DUPLICATE,same title/location/advertiser + salary + very similar description,26758_37471164-0,26758_37432122-0,Driving Instructor (Driving Licence Required),Kent,My Four Wheels,My Four Wheels,Annual,Annual,0.992
LIKELY_DUPLICATE,same title/location/advertiser + salary + very similar description,26758_37471164-0,26758_37471153-0,Driving Instructor (Driving Licence Required),Kent,My Four Wheels,My Four Wheels,Annual,Annual,0.991
LIKELY_DUPLICATE,same title/location/advertiser + salary + very similar description,26758_37471164-0,26758_37471158-0,Driving Instructor (Driving Licence Required),Kent,My Four Wheels,My Four Wheels,Annual,Annual,0.991
LIKELY_DUPLICATE,same title/location/advertiser + salary + very similar description,26758_37471164-0,26758_37471186-0,Driving Instructor (Driving Licence Required),Kent,My Four Wheels,My Four Wheels,Annual,Annual,0.991
LIKELY_DUPLICATE,same title/location/advertiser + salary + very similar description,26758_37471164-0,26758_37471215-0,Driving Instructor (Driving Licence Required),Kent,My Four Wheels,My Four Wheels,Annual,Annual,0.991
LIKELY_DUPLICATE,same title/location/advertiser + salary + very similar description,26758_37471164-0,26758_37471235-0,Driving Instructor (Driving Licence Required),Kent,My Four Wheels,My Four Wheels,Annual,Annual,0.991
LIKELY_DUPLICATE,same title/location/advertiser + salary + very similar description,26758_37471186-0,26758_35867477-0,Driving Instructor (Driving Licence Required),Kent,My Four Wheels,My Four Wheels,Annual,Annual,0.991
LIKELY_DUPLICATE,same title/location/advertiser + salary + very similar description,26758_37471186-0,26758_35867491-0,Driving Instructor (Driving Licence Required),Kent,My Four Wheels,My Four Wheels,Annual,Annual,0.992
LIKELY_DUPLICATE,same title/location/advertiser + salary + very similar description,26758_37471186-0,26758_35867506-0,Driving Instructor (Driving Licence Required),Kent,My Four Wheels,My Four Wheels,Annual,Annual,0.992
LIKELY_DUPLICATE,same title/location/advertiser + salary + very similar description,26758_37471186-0,26758_35867511-0,Driving Instructor (Driving Licence Required),Kent,My Four Wheels,My Four Wheels,Annual,Annual,0.991
LIKELY_DUPLICATE,same title/location/advertiser + salary + very similar description,26758_37471186-0,26758_35867555-0,Driving Instructor (Driving Licence Required),Kent,My Four Wheels,My Four Wheels,Annual,Annual,0.992
LIKELY_DUPLICATE,same title/location/advertiser + salary + very similar description,26758_37471186-0,26758_35867556-0,Driving Instructor (Driving Licence Required),Kent,My Four Wheels,My Four Wheels,Annual,Annual,0.991
LIKELY_DUPLICATE,same title/location/advertiser + salary + very similar description,26758_37471186-0,26758_37432122-0,Driving Instructor (Driving Licence Required),Kent,My Four Wheels,My Four Wheels,Annual,Annual,0.991
LIKELY_DUPLICATE,same title/location/advertiser + salary + very similar description,26758_37471186-0,26758_37471158-0,Driving Instructor (Driving Licence Required),Kent,My Four Wheels,My Four Wheels,Annual,Annual,0.991
LIKELY_DUPLICATE,same title/location/advertiser + salary + very similar description,26758_37471186-0,26758_37471235-0,Driving Instructor (Driving Licence Required),Kent,My Four Wheels,My Four Wheels,Annual,Annual,0.991
LIKELY_DUPLICATE,same title/location/advertiser + salary + very similar description,26758_37471215-0,26758_35867463-0,Driving Instructor (Driving Licence Required),Kent,My Four Wheels,My Four Wheels,Annual,Annual,0.990
LIKELY_DUPLICATE,same title/location/advertiser + salary + very similar description,26758_37471215-0,26758_35867465-0,Driving Instructor (Driving Licence Required),Kent,My Four Wheels,My Four Wheels,Annual,Annual,0.991
LIKELY_DUPLICATE,same title/location/advertiser + salary + very similar description,26758_37471215-0,26758_35867477-0,Driving Instructor (Driving Licence Required),Kent,My Four Wheels,My Four Wheels,Annual,Annual,0.992
LIKELY_DUPLICATE,same title/location/advertiser + salary + very similar description,26758_37471215-0,26758_35867478-0,Driving Instructor (Driving Licence Required),Kent,My Four Wheels,My Four Wheels,Annual,Annual,0.992
LIKELY_DUPLICATE,same title/location/advertiser + salary + very similar description,26758_37471215-0,26758_35867490-0,Driving Instructor (Driving Licence Required),Kent,My Four Wheels,My Four Wheels,Annual,Annual,0.991
LIKELY_DUPLICATE,same title/location/advertiser + salary + very similar description,26758_37471215-0,26758_35867491-0,Driving Instructor (Driving Licence Required),Kent,My Four Wheels,My Four Wheels,Annual,Annual,0.992
LIKELY_DUPLICATE,same title/location/advertiser + salary + very similar description,26758_37471215-0,26758_35867492-0,Driving Instructor (Driving Licence Required),Kent,My Four Wheels,My Four Wheels,Annual,Annual,0.991
LIKELY_DUPLICATE,same title/location/advertiser + salary + very similar description,26758_37471215-0,26758_35867506-0,Driving Instructor (Driving Licence Required),Kent,My Four Wheels,My Four Wheels,Annual,Annual,0.991
LIKELY_DUPLICATE,same title/location/advertiser + salary + very similar description,26758_37471215-0,26758_35867511-0,Driving Instructor (Driving Licence Required),Kent,My Four Wheels,My Four Wheels,Annual,Annual,0.992
LIKELY_DUPLICATE,same title/location/advertiser + salary + very similar description,26758_37471215-0,26758_35867555-0,Driving Instructor (Driving Licence Required),Kent,My Four Wheels,My Four Wheels,Annual,Annual,0.993
LIKELY_DUPLICATE,same title/location/advertiser + salary + very similar description,26758_37471215-0,26758_35867556-0,Driving Instructor (Driving Licence Required),Kent,My Four Wheels,My Four Wheels,Annual,Annual,0.992
LIKELY_DUPLICATE,same title/location/advertiser + salary + very similar description,26758_37471215-0,26758_37432003-0,Driving Instructor (Driving Licence Required),Kent,My Four Wheels,My Four Wheels,Annual,Annual,0.992
LIKELY_DUPLICATE,same title/location/advertiser + salary + very similar description,26758_37471215-0,26758_37432009-0,Driving Instructor (Driving Licence Required),Kent,My Four Wheels,My Four Wheels,Annual,Annual,0.992
LIKELY_DUPLICATE,same title/location/advertiser + salary + very similar description,26758_37471215-0,26758_37432039-0,Driving Instructor (Driving Licence Required),Kent,My Four Wheels,My Four Wheels,Annual,Annual,0.992
LIKELY_DUPLICATE,same title/location/advertiser + salary + very similar description,26758_37471215-0,26758_37432122-0,Driving Instructor (Driving Licence Required),Kent,My Four Wheels,My Four Wheels,Annual,Annual,0.992
LIKELY_DUPLICATE,same title/location/advertiser + salary + very similar description,26758_37471215-0,26758_37471158-0,Driving Instructor (Driving Licence Required),Kent,My Four Wheels,My Four Wheels,Annual,Annual,0.991
LIKELY_DUPLICATE,same title/location/advertiser + salary + very similar description,26758_37471215-0,26758_37471186-0,Driving Instructor (Driving Licence Required),Kent,My Four Wheels,My Four Wheels,Annual,Annual,0.991
LIKELY_DUPLICATE,same title/location/advertiser + salary + very similar description,26758_37471215-0,26758_37471235-0,Driving Instructor (Driving Licence Required),Kent,My Four Wheels,My Four Wheels,Annual,Annual,0.991
LIKELY_DUPLICATE,same title/location/advertiser + salary + very similar description,26758_37471235-0,26758_35867477-0,Driving Instructor (Driving Licence Required),Kent,My Four Wheels,My Four Wheels,Annual,Annual,0.991
LIKELY_DUPLICATE,same title/location/advertiser + salary + very similar description,26758_37471235-0,26758_35867491-0,Driving Instructor (Driving Licence Required),Kent,My Four Wheels,My Four Wheels,Annual,Annual,0.992
LIKELY_DUPLICATE,same title/location/advertiser + salary + very similar description,26758_37471235-0,26758_35867506-0,Driving Instructor (Driving Licence Required),Kent,My Four Wheels,My Four Wheels,Annual,Annual,0.991
LIKELY_DUPLICATE,same title/location/advertiser + salary + very similar description,26758_37471235-0,26758_35867511-0,Driving Instructor (Driving Licence Required),Kent,My Four Wheels,My Four Wheels,Annual,Annual,0.991
LIKELY_DUPLICATE,same title/location/advertiser + salary + very similar description,26758_37471235-0,26758_35867555-0,Driving Instructor (Driving Licence Required),Kent,My Four Wheels,My Four Wheels,Annual,Annual,0.991
LIKELY_DUPLICATE,same title/location/advertiser + salary + very similar description,26758_37471235-0,26758_35867556-0,Driving Instructor (Driving Licence Required),Kent,My Four Wheels,My Four Wheels,Annual,Annual,0.991
LIKELY_DUPLICATE,same title/location/advertiser + salary + very similar description,26758_37471235-0,26758_37471158-0,Driving Instructor (Driving Licence Required),Kent,My Four Wheels,My Four Wheels,Annual,Annual,0.991
LIKELY_DUPLICATE,same title/location/advertiser + salary + very similar description,26758_35867435-0,26758_35867500-0,Driving Instructor (Driving Licence Required),Lancashire,My Four Wheels,My Four Wheels,Annual,Annual,0.992
LIKELY_DUPLICATE,same title/location/advertiser + salary + very similar description,26758_35867435-0,26758_35867503-0,Driving Instructor (Driving Licence Required),Lancashire,My Four Wheels,My Four Wheels,Annual,Annual,0.991
LIKELY_DUPLICATE,same title/location/advertiser + salary + very similar description,26758_35867435-0,26758_35867550-0,Driving Instructor (Driving Licence Required),Lancashire,My Four Wheels,My Four Wheels,Annual,Annual,0.992
LIKELY_DUPLICATE,same title/location/advertiser + salary + very similar description,26758_35867435-0,26758_35867573-0,Driving Instructor (Driving Licence Required),Lancashire,My Four Wheels,My Four Wheels,Annual,Annual,0.991
LIKELY_DUPLICATE,same title/location/advertiser + salary + very similar description,26758_35867435-0,26758_37431915-0,Driving Instructor (Driving Licence Required),Lancashire,My Four Wheels,My Four Wheels,Annual,Annual,0.991
LIKELY_DUPLICATE,same title/location/advertiser + salary + very similar description,26758_35867435-0,26758_37431931-0,Driving Instructor (Driving Licence Required),Lancashire,My Four Wheels,My Four Wheels,Annual,Annual,0.993
LIKELY_DUPLICATE,same title/location/advertiser + salary + very similar description,26758_35867435-0,26758_37431942-0,Driving Instructor (Driving Licence Required),Lancashire,My Four Wheels,My Four Wheels,Annual,Annual,0.991
LIKELY_DUPLICATE,same title/location/advertiser + salary + very similar description,26758_35867435-0,26758_37431945-0,Driving Instructor (Driving Licence Required),Lancashire,My Four Wheels,My Four Wheels,Annual,Annual,0.991
LIKELY_DUPLICATE,same title/location/advertiser + salary + very similar description,26758_35867435-0,26758_37431959-0,Driving Instructor (Driving Licence Required),Lancashire,My Four Wheels,My Four Wheels,Annual,Annual,0.991
LIKELY_DUPLICATE,same title/location/advertiser + salary + very similar description,26758_35867435-0,26758_37431991-0,Driving Instructor (Driving Licence Required),Lancashire,My Four Wheels,My Four Wheels,Annual,Annual,0.992
LIKELY_DUPLICATE,same title/location/advertiser + salary + very similar description,26758_35867435-0,26758_37432014-0,Driving Instructor (Driving Licence Required),Lancashire,My Four Wheels,My Four Wheels,Annual,Annual,0.993
LIKELY_DUPLICATE,same title/location/advertiser + salary + very similar description,26758_35867435-0,26758_37432073-0,Driving Instructor (Driving Licence Required),Lancashire,My Four Wheels,My Four Wheels,Annual,Annual,0.991
LIKELY_DUPLICATE,same title/location/advertiser + salary + very similar description,26758_35867435-0,26758_37432078-0,Driving Instructor (Driving Licence Required),Lancashire,My Four Wheels,My Four Wheels,Annual,Annual,0.991
LIKELY_DUPLICATE,same title/location/advertiser + salary + very similar description,26758_35867435-0,26758_37432092-0,Driving Instructor (Driving Licence Required),Lancashire,My Four Wheels,My Four Wheels,Annual,Annual,0.991
LIKELY_DUPLICATE,same title/location/advertiser + salary + very similar description,26758_35867435-0,26758_37432110-0,Driving Instructor (Driving Licence Required),Lancashire,My Four Wheels,My Four Wheels,Annual,Annual,0.992
LIKELY_DUPLICATE,same title/location/advertiser + salary + very similar description,26758_35867435-0,26758_37432125-0,Driving Instructor (Driving Licence Required),Lancashire,My Four Wheels,My Four Wheels,Annual,Annual,0.993
LIKELY_DUPLICATE,same title/location/advertiser + salary + very similar description,26758_35867435-0,26758_37432126-0,Driving Instructor (Driving Licence Required),Lancashire,My Four Wheels,My Four Wheels,Annual,Annual,0.991
LIKELY_DUPLICATE,same title/location/advertiser + salary + very similar description,26758_35867435-0,26758_37471185-0,Driving Instructor (Driving Licence Required),Lancashire,My Four Wheels,My Four Wheels,Annual,Annual,0.991
LIKELY_DUPLICATE,same title/location/advertiser + salary + very similar description,26758_35867435-0,26758_37471191-0,Driving Instructor (Driving Licence Required),Lancashire,My Four Wheels,My Four Wheels,Annual,Annual,0.991
LIKELY_DUPLICATE,same title/location/advertiser + salary + very similar description,26758_35867435-0,26758_37471207-0,Driving Instructor (Driving Licence Required),Lancashire,My Four Wheels,My Four Wheels,Annual,Annual,0.991
LIKELY_DUPLICATE,same title/location/advertiser + salary + very similar description,26758_35867487-0,26758_35867435-0,Driving Instructor (Driving Licence Required),Lancashire,My Four Wheels,My Four Wheels,Annual,Annual,0.991
LIKELY_DUPLICATE,same title/location/advertiser + salary + very similar description,26758_35867487-0,26758_35867500-0,Driving Instructor (Driving Licence Required),Lancashire,My Four Wheels,My Four Wheels,Annual,Annual,0.991
LIKELY_DUPLICATE,same title/location/advertiser + salary + very similar description,26758_35867487-0,26758_35867502-0,Driving Instructor (Driving Licence Required),Lancashire,My Four Wheels,My Four Wheels,Annual,Annual,0.990
LIKELY_DUPLICATE,same title/location/advertiser + salary + very similar description,26758_35867487-0,26758_35867503-0,Driving Instructor (Driving Licence Required),Lancashire,My Four Wheels,My Four Wheels,Annual,Annual,0.991
LIKELY_DUPLICATE,same title/location/advertiser + salary + very similar description,26758_35867487-0,26758_35867550-0,Driving Instructor (Driving Licence Required),Lancashire,My Four Wheels,My Four Wheels,Annual,Annual,0.991
LIKELY_DUPLICATE,same title/location/advertiser + salary + very similar description,26758_35867487-0,26758_35867573-0,Driving Instructor (Driving Licence Required),Lancashire,My Four Wheels,My Four Wheels,Annual,Annual,0.991
LIKELY_DUPLICATE,same title/location/advertiser + salary + very similar description,26758_35867487-0,26758_37431915-0,Driving Instructor (Driving Licence Required),Lancashire,My Four Wheels,My Four Wheels,Annual,Annual,0.994
LIKELY_DUPLICATE,same title/location/advertiser + salary + very similar description,26758_35867487-0,26758_37431931-0,Driving Instructor (Driving Licence Required),Lancashire,My Four Wheels,My Four Wheels,Annual,Annual,0.992
LIKELY_DUPLICATE,same title/location/advertiser + salary + very similar description,26758_35867487-0,26758_37431932-0,Driving Instructor (Driving Licence Required),Lancashire,My Four Wheels,My Four Wheels,Annual,Annual,0.990
LIKELY_DUPLICATE,same title/location/advertiser + salary + very similar description,26758_35867487-0,26758_37431942-0,Driving Instructor (Driving Licence Required),Lancashire,My Four Wheels,My Four Wheels,Annual,Annual,0.991
LIKELY_DUPLICATE,same title/location/advertiser + salary + very similar description,26758_35867487-0,26758_37431945-0,Driving Instructor (Driving Licence Required),Lancashire,My Four Wheels,My Four Wheels,Annual,Annual,0.991
LIKELY_DUPLICATE,same title/location/advertiser + salary + very similar description,26758_35867487-0,26758_37431948-0,Driving Instructor (Driving Licence Required),Lancashire,My Four Wheels,My Four Wheels,Annual,Annual,0.991
LIKELY_DUPLICATE,same title/location/advertiser + salary + very similar description,26758_35867487-0,26758_37431952-0,Driving Instructor (Driving Licence Required),Lancashire,My Four Wheels,My Four Wheels,Annual,Annual,0.992
LIKELY_DUPLICATE,same title/location/advertiser + salary + very similar description,26758_35867487-0,26758_37431959-0,Driving Instructor (Driving Licence Required),Lancashire,My Four Wheels,My Four Wheels,Annual,Annual,0.992
LIKELY_DUPLICATE,same title/location/advertiser + salary + very similar description,26758_35867487-0,26758_37431966-0,Driving Instructor (Driving Licence Required),Lancashire,My Four Wheels,My Four Wheels,Annual,Annual,0.991
LIKELY_DUPLICATE,same title/location/advertiser + salary + very similar description,26758_35867487-0,26758_37431977-0,Driving Instructor (Driving Licence Required),Lancashire,My Four Wheels,My Four Wheels,Annual,Annual,0.991
LIKELY_DUPLICATE,same title/location/advertiser + salary + very similar description,26758_35867487-0,26758_37431985-0,Driving Instructor (Driving Licence Required),Lancashire,My Four Wheels,My Four Wheels,Annual,Annual,0.991
LIKELY_DUPLICATE,same title/location/advertiser + salary + very similar description,26758_35867487-0,26758_37431991-0,Driving Instructor (Driving Licence Required),Lancashire,My Four Wheels,My Four Wheels,Annual,Annual,0.992
LIKELY_DUPLICATE,same title/location/advertiser + salary + very similar description,26758_35867487-0,26758_37432000-0,Driving Instructor (Driving Licence Required),Lancashire,My Four Wheels,My Four Wheels,Annual,Annual,0.991
LIKELY_DUPLICATE,same title/location/advertiser + salary + very similar description,26758_35867487-0,26758_37432014-0,Driving Instructor (Driving Licence Required),Lancashire,My Four Wheels,My Four Wheels,Annual,Annual,0.991
LIKELY_DUPLICATE,same title/location/advertiser + salary + very similar description,26758_35867487-0,26758_37432053-0,Driving Instructor (Driving Licence Required),Lancashire,My Four Wheels,My Four Wheels,Annual,Annual,0.991
LIKELY_DUPLICATE,same title/location/advertiser + salary + very similar description,26758_35867487-0,26758_37432054-0,Driving Instructor (Driving Licence Required),Lancashire,My Four Wheels,My Four Wheels,Annual,Annual,0.991
LIKELY_DUPLICATE,same title/location/advertiser + salary + very similar description,26758_35867487-0,26758_37432073-0,Driving Instructor (Driving Licence Required),Lancashire,My Four Wheels,My Four Wheels,Annual,Annual,0.990
LIKELY_DUPLICATE,same title/location/advertiser + salary + very similar description,26758_35867487-0,26758_37432078-0,Driving Instructor (Driving Licence Required),Lancashire,My Four Wheels,My Four Wheels,Annual,Annual,0.991
LIKELY_DUPLICATE,same title/location/advertiser + salary + very similar description,26758_35867487-0,26758_37432083-0,Driving Instructor (Driving Licence Required),Lancashire,My Four Wheels,My Four Wheels,Annual,Annual,0.992
LIKELY_DUPLICATE,same title/location/advertiser + salary + very similar description,26758_35867487-0,26758_37432092-0,Driving Instructor (Driving Licence Required),Lancashire,My Four Wheels,My Four Wheels,Annual,Annual,0.992
LIKELY_DUPLICATE,same title/location/advertiser + salary + very similar description,26758_35867487-0,26758_37432110-0,Driving Instructor (Driving Licence Required),Lancashire,My Four Wheels,My Four Wheels,Annual,Annual,0.992
LIKELY_DUPLICATE,same title/location/advertiser + salary + very similar description,26758_35867487-0,26758_37432112-0,Driving Instructor (Driving Licence Required),Lancashire,My Four Wheels,My Four Wheels,Annual,Annual,0.991
LIKELY_DUPLICATE,same title/location/advertiser + salary + very similar description,26758_35867487-0,26758_37432114-0,Driving Instructor (Driving Licence Required),Lancashire,My Four Wheels,My Four Wheels,Annual,Annual,0.991
LIKELY_DUPLICATE,same title/location/advertiser + salary + very similar description,26758_35867487-0,26758_37432125-0,Driving Instructor (Driving Licence Required),Lancashire,My Four Wheels,My Four Wheels,Annual,Annual,0.992
LIKELY_DUPLICATE,same title/location/advertiser + salary + very similar description,26758_35867487-0,26758_37432126-0,Driving Instructor (Driving Licence Required),Lancashire,My Four Wheels,My Four Wheels,Annual,Annual,0.991
LIKELY_DUPLICATE,same title/location/advertiser + salary + very similar description,26758_35867487-0,26758_37432139-0,Driving Instructor (Driving Licence Required),Lancashire,My Four Wheels,My Four Wheels,Annual,Annual,0.991
LIKELY_DUPLICATE,same title/location/advertiser + salary + very similar description,26758_35867487-0,26758_37471185-0,Driving Instructor (Driving Licence Required),Lancashire,My Four Wheels,My Four Wheels,Annual,Annual,0.991
LIKELY_DUPLICATE,same title/location/advertiser + salary + very similar description,26758_35867487-0,26758_37471191-0,Driving Instructor (Driving Licence Required),Lancashire,My Four Wheels,My Four Wheels,Annual,Annual,0.991
LIKELY_DUPLICATE,same title/location/advertiser + salary + very similar description,26758_35867487-0,26758_37471192-0,Driving Instructor (Driving Licence Required),Lancashire,My Four Wheels,My Four Wheels,Annual,Annual,0.993
LIKELY_DUPLICATE,same title/location/advertiser + salary + very similar description,26758_35867487-0,26758_37471207-0,Driving Instructor (Driving Licence Required),Lancashire,My Four Wheels,My Four Wheels,Annual,Annual,0.991
LIKELY_DUPLICATE,same title/location/advertiser + salary + very similar description,26758_35867500-0,26758_35867503-0,Driving Instructor (Driving Licence Required),Lancashire,My Four Wheels,My Four Wheels,Annual,Annual,0.992
LIKELY_DUPLICATE,same title/location/advertiser + salary + very similar description,26758_35867500-0,26758_35867550-0,Driving Instructor (Driving Licence Required),Lancashire,My Four Wheels,My Four Wheels,Annual,Annual,0.991
LIKELY_DUPLICATE,same title/location/advertiser + salary + very similar description,26758_35867500-0,26758_35867573-0,Driving Instructor (Driving Licence Required),Lancashire,My Four Wheels,My Four Wheels,Annual,Annual,0.992
LIKELY_DUPLICATE,same title/location/advertiser + salary + very similar description,26758_35867500-0,26758_37431915-0,Driving Instructor (Driving Licence Required),Lancashire,My Four Wheels,My Four Wheels,Annual,Annual,0.991
LIKELY_DUPLICATE,same title/location/advertiser + salary + very similar description,26758_35867500-0,26758_37431931-0,Driving Instructor (Driving Licence Required),Lancashire,My Four Wheels,My Four Wheels,Annual,Annual,0.995
LIKELY_DUPLICATE,same title/location/advertiser + salary + very similar description,26758_35867500-0,26758_37431942-0,Driving Instructor (Driving Licence Required),Lancashire,My Four Wheels,My Four Wheels,Annual,Annual,0.992
LIKELY_DUPLICATE,same title/location/advertiser + salary + very similar description,26758_35867500-0,26758_37431959-0,Driving Instructor (Driving Licence Required),Lancashire,My Four Wheels,My Four Wheels,Annual,Annual,0.991
LIKELY_DUPLICATE,same title/location/advertiser + salary + very similar description,26758_35867500-0,26758_37431991-0,Driving Instructor (Driving Licence Required),Lancashire,My Four Wheels,My Four Wheels,Annual,Annual,0.992
LIKELY_DUPLICATE,same title/location/advertiser + salary + very similar description,26758_35867500-0,26758_37432014-0,Driving Instructor (Driving Licence Required),Lancashire,My Four Wheels,My Four Wheels,Annual,Annual,0.992
LIKELY_DUPLICATE,same title/location/advertiser + salary + very similar description,26758_35867500-0,26758_37432073-0,Driving Instructor (Driving Licence Required),Lancashire,My Four Wheels,My Four Wheels,Annual,Annual,0.991
LIKELY_DUPLICATE,same title/location/advertiser + salary + very similar description,26758_35867500-0,26758_37432078-0,Driving Instructor (Driving Licence Required),Lancashire,My Four Wheels,My Four Wheels,Annual,Annual,0.991
LIKELY_DUPLICATE,same title/location/advertiser + salary + very similar description,26758_35867500-0,26758_37432092-0,Driving Instructor (Driving Licence Required),Lancashire,My Four Wheels,My Four Wheels,Annual,Annual,0.991
LIKELY_DUPLICATE,same title/location/advertiser + salary + very similar description,26758_35867500-0,26758_37432110-0,Driving Instructor (Driving Licence Required),Lancashire,My Four Wheels,My Four Wheels,Annual,Annual,0.991
LIKELY_DUPLICATE,same title/location/advertiser + salary + very similar description,26758_35867500-0,26758_37432125-0,Driving Instructor (Driving Licence Required),Lancashire,My Four Wheels,My Four Wheels,Annual,Annual,0.991
LIKELY_DUPLICATE,same title/location/advertiser + salary + very similar description,26758_35867500-0,26758_37432126-0,Driving Instructor (Driving Licence Required),Lancashire,My Four Wheels,My Four Wheels,Annual,Annual,0.992
LIKELY_DUPLICATE,same title/location/advertiser + salary + very similar description,26758_35867500-0,26758_37471185-0,Driving Instructor (Driving Licence Required),Lancashire,My Four Wheels,My Four Wheels,Annual,Annual,0.991
LIKELY_DUPLICATE,same title/location/advertiser + salary + very similar description,26758_35867500-0,26758_37471191-0,Driving Instructor (Driving Licence Required),Lancashire,My Four Wheels,My Four Wheels,Annual,Annual,0.992
LIKELY_DUPLICATE,same title/location/advertiser + salary + very similar description,26758_35867500-0,26758_37471207-0,Driving Instructor (Driving Licence Required),Lancashire,My Four Wheels,My Four Wheels,Annual,Annual,0.991
LIKELY_DUPLICATE,same title/location/advertiser + salary + very similar description,26758_35867502-0,26758_35867435-0,Driving Instructor (Driving Licence Required),Lancashire,My Four Wheels,My Four Wheels,Annual,Annual,0.994
LIKELY_DUPLICATE,same title/location/advertiser + salary + very similar description,26758_35867502-0,26758_35867500-0,Driving Instructor (Driving Licence Required),Lancashire,My Four Wheels,My Four Wheels,Annual,Annual,0.991
LIKELY_DUPLICATE,same title/location/advertiser + salary + very similar description,26758_35867502-0,26758_35867503-0,Driving Instructor (Driving Licence Required),Lancashire,My Four Wheels,My Four Wheels,Annual,Annual,0.992
LIKELY_DUPLICATE,same title/location/advertiser + salary + very similar description,26758_35867502-0,26758_35867550-0,Driving Instructor (Driving Licence Required),Lancashire,My Four Wheels,My Four Wheels,Annual,Annual,0.991
LIKELY_DUPLICATE,same title/location/advertiser + salary + very similar description,26758_35867502-0,26758_35867573-0,Driving Instructor (Driving Licence Required),Lancashire,My Four Wheels,My Four Wheels,Annual,Annual,0.991
LIKELY_DUPLICATE,same title/location/advertiser + salary + very similar description,26758_35867502-0,26758_37431915-0,Driving Instructor (Driving Licence Required),Lancashire,My Four Wheels,My Four Wheels,Annual,Annual,0.991
LIKELY_DUPLICATE,same title/location/advertiser + salary + very similar description,26758_35867502-0,26758_37431931-0,Driving Instructor (Driving Licence Required),Lancashire,My Four Wheels,My Four Wheels,Annual,Annual,0.991
LIKELY_DUPLICATE,same title/location/advertiser + salary + very similar description,26758_35867502-0,26758_37431932-0,Driving Instructor (Driving Licence Required),Lancashire,My Four Wheels,My Four Wheels,Annual,Annual,0.991
LIKELY_DUPLICATE,same title/location/advertiser + salary + very similar description,26758_35867502-0,26758_37431942-0,Driving Instructor (Driving Licence Required),Lancashire,My Four Wheels,My Four Wheels,Annual,Annual,0.991
LIKELY_DUPLICATE,same title/location/advertiser + salary + very similar description,26758_35867502-0,26758_37431945-0,Driving Instructor (Driving Licence Required),Lancashire,My Four Wheels,My Four Wheels,Annual,Annual,0.991
LIKELY_DUPLICATE,same title/location/advertiser + salary + very similar description,26758_35867502-0,26758_37431959-0,Driving Instructor (Driving Licence Required),Lancashire,My Four Wheels,My Four Wheels,Annual,Annual,0.991
LIKELY_DUPLICATE,same title/location/advertiser + salary + very similar description,26758_35867502-0,26758_37431966-0,Driving Instructor (Driving Licence Required),Lancashire,My Four Wheels,My Four Wheels,Annual,Annual,0.991
LIKELY_DUPLICATE,same title/location/advertiser + salary + very similar description,26758_35867502-0,26758_37431977-0,Driving Instructor (Driving Licence Required),Lancashire,My Four Wheels,My Four Wheels,Annual,Annual,0.990
LIKELY_DUPLICATE,same title/location/advertiser + salary + very similar description,26758_35867502-0,26758_37431991-0,Driving Instructor (Driving Licence Required),Lancashire,My Four Wheels,My Four Wheels,Annual,Annual,0.991
LIKELY_DUPLICATE,same title/location/advertiser + salary + very similar description,26758_35867502-0,26758_37432014-0,Driving Instructor (Driving Licence Required),Lancashire,My Four Wheels,My Four Wheels,Annual,Annual,0.991
LIKELY_DUPLICATE,same title/location/advertiser + salary + very similar description,26758_35867502-0,26758_37432073-0,Driving Instructor (Driving Licence Required),Lancashire,My Four Wheels,My Four Wheels,Annual,Annual,0.991
LIKELY_DUPLICATE,same title/location/advertiser + salary + very similar description,26758_35867502-0,26758_37432078-0,Driving Instructor (Driving Licence Required),Lancashire,My Four Wheels,My Four Wheels,Annual,Annual,0.991
LIKELY_DUPLICATE,same title/location/advertiser + salary + very similar description,26758_35867502-0,26758_37432083-0,Driving Instructor (Driving Licence Required),Lancashire,My Four Wheels,My Four Wheels,Annual,Annual,0.991
LIKELY_DUPLICATE,same title/location/advertiser + salary + very similar description,26758_35867502-0,26758_37432092-0,Driving Instructor (Driving Licence Required),Lancashire,My Four Wheels,My Four Wheels,Annual,Annual,0.991
LIKELY_DUPLICATE,same title/location/advertiser + salary + very similar description,26758_35867502-0,26758_37432110-0,Driving Instructor (Driving Licence Required),Lancashire,My Four Wheels,My Four Wheels,Annual,Annual,0.991
LIKELY_DUPLICATE,same title/location/advertiser + salary + very similar description,26758_35867502-0,26758_37432112-0,Driving Instructor (Driving Licence Required),Lancashire,My Four Wheels,My Four Wheels,Annual,Annual,0.992
LIKELY_DUPLICATE,same title/location/advertiser + salary + very similar description,26758_35867502-0,26758_37432125-0,Driving Instructor (Driving Licence Required),Lancashire,My Four Wheels,My Four Wheels,Annual,Annual,0.992
LIKELY_DUPLICATE,same title/location/advertiser + salary + very similar description,26758_35867502-0,26758_37432126-0,Driving Instructor (Driving Licence Required),Lancashire,My Four Wheels,My Four Wheels,Annual,Annual,0.991
LIKELY_DUPLICATE,same title/location/advertiser + salary + very similar description,26758_35867502-0,26758_37432139-0,Driving Instructor (Driving Licence Required),Lancashire,My Four Wheels,My Four Wheels,Annual,Annual,0.991
LIKELY_DUPLICATE,same title/location/advertiser + salary + very similar description,26758_35867502-0,26758_37471185-0,Driving Instructor (Driving Licence Required),Lancashire,My Four Wheels,My Four Wheels,Annual,Annual,0.991
LIKELY_DUPLICATE,same title/location/advertiser + salary + very similar description,26758_35867502-0,26758_37471191-0,Driving Instructor (Driving Licence Required),Lancashire,My Four Wheels,My Four Wheels,Annual,Annual,0.992
LIKELY_DUPLICATE,same title/location/advertiser + salary + very similar description,26758_35867502-0,26758_37471207-0,Driving Instructor (Driving Licence Required),Lancashire,My Four Wheels,My Four Wheels,Annual,Annual,0.992
LIKELY_DUPLICATE,same title/location/advertiser + salary + very similar description,26758_35867503-0,26758_35867573-0,Driving Instructor (Driving Licence Required),Lancashire,My Four Wheels,My Four Wheels,Annual,Annual,0.992
LIKELY_DUPLICATE,same title/location/advertiser + salary + very similar description,26758_35867503-0,26758_37431915-0,Driving Instructor (Driving Licence Required),Lancashire,My Four Wheels,My Four Wheels,Annual,Annual,0.990
LIKELY_DUPLICATE,same title/location/advertiser + salary + very similar description,26758_35867503-0,26758_37431931-0,Driving Instructor (Driving Licence Required),Lancashire,My Four Wheels,My Four Wheels,Annual,Annual,0.991
LIKELY_DUPLICATE,same title/location/advertiser + salary + very similar description,26758_35867503-0,26758_37431942-0,Driving Instructor (Driving Licence Required),Lancashire,My Four Wheels,My Four Wheels,Annual,Annual,0.991
LIKELY_DUPLICATE,same title/location/advertiser + salary + very similar description,26758_35867503-0,26758_37431959-0,Driving Instructor (Driving Licence Required),Lancashire,My Four Wheels,My Four Wheels,Annual,Annual,0.991
LIKELY_DUPLICATE,same title/location/advertiser + salary + very similar description,26758_35867503-0,26758_37431991-0,Driving Instructor (Driving Licence Required),Lancashire,My Four Wheels,My Four Wheels,Annual,Annual,0.991
LIKELY_DUPLICATE,same title/location/advertiser + salary + very similar description,26758_35867503-0,26758_37432073-0,Driving Instructor (Driving Licence Required),Lancashire,My Four Wheels,My Four Wheels,Annual,Annual,0.990
LIKELY_DUPLICATE,same title/location/advertiser + salary + very similar description,26758_35867503-0,26758_37471207-0,Driving Instructor (Driving Licence Required),Lancashire,My Four Wheels,My Four Wheels,Annual,Annual,0.990
LIKELY_DUPLICATE,same title/location/advertiser + salary + very similar description,26758_35867550-0,26758_35867503-0,Driving Instructor (Driving Licence Required),Lancashire,My Four Wheels,My Four Wheels,Annual,Annual,0.991
LIKELY_DUPLICATE,same title/location/advertiser + salary + very similar description,26758_35867550-0,26758_35867573-0,Driving Instructor (Driving Licence Required),Lancashire,My Four Wheels,My Four Wheels,Annual,Annual,0.991
LIKELY_DUPLICATE,same title/location/advertiser + salary + very similar description,26758_35867550-0,26758_37431915-0,Driving Instructor (Driving Licence Required),Lancashire,My Four Wheels,My Four Wheels,Annual,Annual,0.992
LIKELY_DUPLICATE,same title/location/advertiser + salary + very similar description,26758_35867550-0,26758_37431931-0,Driving Instructor (Driving Licence Required),Lancashire,My Four Wheels,My Four Wheels,Annual,Annual,0.991
LIKELY_DUPLICATE,same title/location/advertiser + salary + very similar description,26758_35867550-0,26758_37431942-0,Driving Instructor (Driving Licence Required),Lancashire,My Four Wheels,My Four Wheels,Annual,Annual,0.991
LIKELY_DUPLICATE,same title/location/advertiser + salary + very similar description,26758_35867550-0,26758_37431959-0,Driving Instructor (Driving Licence Required),Lancashire,My Four Wheels,My Four Wheels,Annual,Annual,0.992
LIKELY_DUPLICATE,same title/location/advertiser + salary + very similar description,26758_35867550-0,26758_37431991-0,Driving Instructor (Driving Licence Required),Lancashire,My Four Wheels,My Four Wheels,Annual,Annual,0.991
LIKELY_DUPLICATE,same title/location/advertiser + salary + very similar description,26758_35867550-0,26758_37432014-0,Driving Instructor (Driving Licence Required),Lancashire,My Four Wheels,My Four Wheels,Annual,Annual,0.991
LIKELY_DUPLICATE,same title/location/advertiser + salary + very similar description,26758_35867550-0,26758_37432073-0,Driving Instructor (Driving Licence Required),Lancashire,My Four Wheels,My Four Wheels,Annual,Annual,0.991
LIKELY_DUPLICATE,same title/location/advertiser + salary + very similar description,26758_35867550-0,26758_37432110-0,Driving Instructor (Driving Licence Required),Lancashire,My Four Wheels,My Four Wheels,Annual,Annual,0.991
LIKELY_DUPLICATE,same title/location/advertiser + salary + very similar description,26758_35867550-0,26758_37432125-0,Driving Instructor (Driving Licence Required),Lancashire,My Four Wheels,My Four Wheels,Annual,Annual,0.991
LIKELY_DUPLICATE,same title/location/advertiser + salary + very similar description,26758_35867550-0,26758_37471207-0,Driving Instructor (Driving Licence Required),Lancashire,My Four Wheels,My Four Wheels,Annual,Annual,0.991
LIKELY_DUPLICATE,same title/location/advertiser + salary + very similar description,26758_35867573-0,26758_37431915-0,Driving Instructor (Driving Licence Required),Lancashire,My Four Wheels,My Four Wheels,Annual,Annual,0.991
LIKELY_DUPLICATE,same title/location/advertiser + salary + very similar description,26758_35867573-0,26758_37431931-0,Driving Instructor (Driving Licence Required),Lancashire,My Four Wheels,My Four Wheels,Annual,Annual,0.991
LIKELY_DUPLICATE,same title/location/advertiser + salary + very similar description,26758_35867573-0,26758_37431942-0,Driving Instructor (Driving Licence Required),Lancashire,My Four Wheels,My Four Wheels,Annual,Annual,0.991
LIKELY_DUPLICATE,same title/location/advertiser + salary + very similar description,26758_35867573-0,26758_37431991-0,Driving Instructor (Driving Licence Required),Lancashire,My Four Wheels,My Four Wheels,Annual,Annual,0.991
LIKELY_DUPLICATE,same title/location/advertiser + salary + very similar description,26758_37431915-0,26758_37431931-0,Driving Instructor (Driving Licence Required),Lancashire,My Four Wheels,My Four Wheels,Annual,Annual,0.992
LIKELY_DUPLICATE,same title/location/advertiser + salary + very similar description,26758_37431932-0,26758_35867435-0,Driving Instructor (Driving Licence Required),Lancashire,My Four Wheels,My Four Wheels,Annual,Annual,0.992
LIKELY_DUPLICATE,same title/location/advertiser + salary + very similar description,26758_37431932-0,26758_35867500-0,Driving Instructor (Driving Licence Required),Lancashire,My Four Wheels,My Four Wheels,Annual,Annual,0.991
LIKELY_DUPLICATE,same title/location/advertiser + salary + very similar description,26758_37431932-0,26758_35867503-0,Driving Instructor (Driving Licence Required),Lancashire,My Four Wheels,My Four Wheels,Annual,Annual,0.991
LIKELY_DUPLICATE,same title/location/advertiser + salary + very similar description,26758_37431932-0,26758_35867550-0,Driving Instructor (Driving Licence Required),Lancashire,My Four Wheels,My Four Wheels,Annual,Annual,0.991
LIKELY_DUPLICATE,same title/location/advertiser + salary + very similar description,26758_37431932-0,26758_35867573-0,Driving Instructor (Driving Licence Required),Lancashire,My Four Wheels,My Four Wheels,Annual,Annual,0.990
LIKELY_DUPLICATE,same title/location/advertiser + salary + very similar description,26758_37431932-0,26758_37431915-0,Driving Instructor (Driving Licence Required),Lancashire,My Four Wheels,My Four Wheels,Annual,Annual,0.992
LIKELY_DUPLICATE,same title/location/advertiser + salary + very similar description,26758_37431932-0,26758_37431931-0,Driving Instructor (Driving Licence Required),Lancashire,My Four Wheels,My Four Wheels,Annual,Annual,0.991
LIKELY_DUPLICATE,same title/location/advertiser + salary + very similar description,26758_37431932-0,26758_37431942-0,Driving Instructor (Driving Licence Required),Lancashire,My Four Wheels,My Four Wheels,Annual,Annual,0.992
LIKELY_DUPLICATE,same title/location/advertiser + salary + very similar description,26758_37431932-0,26758_37431945-0,Driving Instructor (Driving Licence Required),Lancashire,My Four Wheels,My Four Wheels,Annual,Annual,0.991
LIKELY_DUPLICATE,same title/location/advertiser + salary + very similar description,26758_37431932-0,26758_37431959-0,Driving Instructor (Driving Licence Required),Lancashire,My Four Wheels,My Four Wheels,Annual,Annual,0.993
LIKELY_DUPLICATE,same title/location/advertiser + salary + very similar description,26758_37431932-0,26758_37431991-0,Driving Instructor (Driving Licence Required),Lancashire,My Four Wheels,My Four Wheels,Annual,Annual,0.991
LIKELY_DUPLICATE,same title/location/advertiser + salary + very similar description,26758_37431932-0,26758_37432014-0,Driving Instructor (Driving Licence Required),Lancashire,My Four Wheels,My Four Wheels,Annual,Annual,0.992
LIKELY_DUPLICATE,same title/location/advertiser + salary + very similar description,26758_37431932-0,26758_37432073-0,Driving Instructor (Driving Licence Required),Lancashire,My Four Wheels,My Four Wheels,Annual,Annual,0.992
LIKELY_DUPLICATE,same title/location/advertiser + salary + very similar description,26758_37431932-0,26758_37432078-0,Driving Instructor (Driving Licence Required),Lancashire,My Four Wheels,My Four Wheels,Annual,Annual,0.995
LIKELY_DUPLICATE,same title/location/advertiser + salary + very similar description,26758_37431932-0,26758_37432092-0,Driving Instructor (Driving Licence Required),Lancashire,My Four Wheels,My Four Wheels,Annual,Annual,0.991
LIKELY_DUPLICATE,same title/location/advertiser + salary + very similar description,26758_37431932-0,26758_37432110-0,Driving Instructor (Driving Licence Required),Lancashire,My Four Wheels,My Four Wheels,Annual,Annual,0.991
LIKELY_DUPLICATE,same title/location/advertiser + salary + very similar description,26758_37431932-0,26758_37432112-0,Driving Instructor (Driving Licence Required),Lancashire,My Four Wheels,My Four Wheels,Annual,Annual,0.991
LIKELY_DUPLICATE,same title/location/advertiser + salary + very similar description,26758_37431932-0,26758_37432125-0,Driving Instructor (Driving Licence Required),Lancashire,My Four Wheels,My Four Wheels,Annual,Annual,0.992
LIKELY_DUPLICATE,same title/location/advertiser + salary + very similar description,26758_37431932-0,26758_37432126-0,Driving Instructor (Driving Licence Required),Lancashire,My Four Wheels,My Four Wheels,Annual,Annual,0.991
LIKELY_DUPLICATE,same title/location/advertiser + salary + very similar description,26758_37431932-0,26758_37432139-0,Driving Instructor (Driving Licence Required),Lancashire,My Four Wheels,My Four Wheels,Annual,Annual,0.991
LIKELY_DUPLICATE,same title/location/advertiser + salary + very similar description,26758_37431932-0,26758_37471185-0,Driving Instructor (Driving Licence Required),Lancashire,My Four Wheels,My Four Wheels,Annual,Annual,0.991
LIKELY_DUPLICATE,same title/location/advertiser + salary + very similar description,26758_37431932-0,26758_37471191-0,Driving Instructor (Driving Licence Required),Lancashire,My Four Wheels,My Four Wheels,Annual,Annual,0.991
LIKELY_DUPLICATE,same title/location/advertiser + salary + very similar description,26758_37431932-0,26758_37471207-0,Driving Instructor (Driving Licence Required),Lancashire,My Four Wheels,My Four Wheels,Annual,Annual,0.991
LIKELY_DUPLICATE,same title/location/advertiser + salary + very similar description,26758_37431942-0,26758_37431915-0,Driving Instructor (Driving Licence Required),Lancashire,My Four Wheels,My Four Wheels,Annual,Annual,0.991
LIKELY_DUPLICATE,same title/location/advertiser + salary + very similar description,26758_37431942-0,26758_37431931-0,Driving Instructor (Driving Licence Required),Lancashire,My Four Wheels,My Four Wheels,Annual,Annual,0.991
LIKELY_DUPLICATE,same title/location/advertiser + salary + very similar description,26758_37431942-0,26758_37431991-0,Driving Instructor (Driving Licence Required),Lancashire,My Four Wheels,My Four Wheels,Annual,Annual,0.991
LIKELY_DUPLICATE,same title/location/advertiser + salary + very similar description,26758_37431945-0,26758_35867500-0,Driving Instructor (Driving Licence Required),Lancashire,My Four Wheels,My Four Wheels,Annual,Annual,0.991
LIKELY_DUPLICATE,same title/location/advertiser + salary + very similar description,26758_37431945-0,26758_35867503-0,Driving Instructor (Driving Licence Required),Lancashire,My Four Wheels,My Four Wheels,Annual,Annual,0.992
LIKELY_DUPLICATE,same title/location/advertiser + salary + very similar description,26758_37431945-0,26758_35867550-0,Driving Instructor (Driving Licence Required),Lancashire,My Four Wheels,My Four Wheels,Annual,Annual,0.990
LIKELY_DUPLICATE,same title/location/advertiser + salary + very similar description,26758_37431945-0,26758_35867573-0,Driving Instructor (Driving Licence Required),Lancashire,My Four Wheels,My Four Wheels,Annual,Annual,0.991
LIKELY_DUPLICATE,same title/location/advertiser + salary + very similar description,26758_37431945-0,26758_37431915-0,Driving Instructor (Driving Licence Required),Lancashire,My Four Wheels,My Four Wheels,Annual,Annual,0.990
LIKELY_DUPLICATE,same title/location/advertiser + salary + very similar description,26758_37431945-0,26758_37431931-0,Driving Instructor (Driving Licence Required),Lancashire,My Four Wheels,My Four Wheels,Annual,Annual,0.991
LIKELY_DUPLICATE,same title/location/advertiser + salary + very similar description,26758_37431945-0,26758_37431942-0,Driving Instructor (Driving Licence Required),Lancashire,My Four Wheels,My Four Wheels,Annual,Annual,0.991
LIKELY_DUPLICATE,same title/location/advertiser + salary + very similar description,26758_37431945-0,26758_37431959-0,Driving Instructor (Driving Licence Required),Lancashire,My Four Wheels,My Four Wheels,Annual,Annual,0.991
LIKELY_DUPLICATE,same title/location/advertiser + salary + very similar description,26758_37431945-0,26758_37431991-0,Driving Instructor (Driving Licence Required),Lancashire,My Four Wheels,My Four Wheels,Annual,Annual,0.994
LIKELY_DUPLICATE,same title/location/advertiser + salary + very similar description,26758_37431945-0,26758_37432014-0,Driving Instructor (Driving Licence Required),Lancashire,My Four Wheels,My Four Wheels,Annual,Annual,0.991
LIKELY_DUPLICATE,same title/location/advertiser + salary + very similar description,26758_37431945-0,26758_37432073-0,Driving Instructor (Driving Licence Required),Lancashire,My Four Wheels,My Four Wheels,Annual,Annual,0.991
LIKELY_DUPLICATE,same title/location/advertiser + salary + very similar description,26758_37431945-0,26758_37432078-0,Driving Instructor (Driving Licence Required),Lancashire,My Four Wheels,My Four Wheels,Annual,Annual,0.990
LIKELY_DUPLICATE,same title/location/advertiser + salary + very similar description,26758_37431945-0,26758_37432092-0,Driving Instructor (Driving Licence Required),Lancashire,My Four Wheels,My Four Wheels,Annual,Annual,0.991
LIKELY_DUPLICATE,same title/location/advertiser + salary + very similar description,26758_37431945-0,26758_37432110-0,Driving Instructor (Driving Licence Required),Lancashire,My Four Wheels,My Four Wheels,Annual,Annual,0.990
LIKELY_DUPLICATE,same title/location/advertiser + salary + very similar description,26758_37431945-0,26758_37432125-0,Driving Instructor (Driving Licence Required),Lancashire,My Four Wheels,My Four Wheels,Annual,Annual,0.991
LIKELY_DUPLICATE,same title/location/advertiser + salary + very similar description,26758_37431945-0,26758_37432126-0,Driving Instructor (Driving Licence Required),Lancashire,My Four Wheels,My Four Wheels,Annual,Annual,0.991
LIKELY_DUPLICATE,same title/location/advertiser + salary + very similar description,26758_37431945-0,26758_37471185-0,Driving Instructor (Driving Licence Required),Lancashire,My Four Wheels,My Four Wheels,Annual,Annual,0.991
LIKELY_DUPLICATE,same title/location/advertiser + salary + very similar description,26758_37431945-0,26758_37471191-0,Driving Instructor (Driving Licence Required),Lancashire,My Four Wheels,My Four Wheels,Annual,Annual,0.991
LIKELY_DUPLICATE,same title/location/advertiser + salary + very similar description,26758_37431945-0,26758_37471207-0,Driving Instructor (Driving Licence Required),Lancashire,My Four Wheels,My Four Wheels,Annual,Annual,0.991
LIKELY_DUPLICATE,same title/location/advertiser + salary + very similar description,26758_37431948-0,26758_35867435-0,Driving Instructor (Driving Licence Required),Lancashire,My Four Wheels,My Four Wheels,Annual,Annual,0.991
LIKELY_DUPLICATE,same title/location/advertiser + salary + very similar description,26758_37431948-0,26758_35867500-0,Driving Instructor (Driving Licence Required),Lancashire,My Four Wheels,My Four Wheels,Annual,Annual,0.991
LIKELY_DUPLICATE,same title/location/advertiser + salary + very similar description,26758_37431948-0,26758_35867502-0,Driving Instructor (Driving Licence Required),Lancashire,My Four Wheels,My Four Wheels,Annual,Annual,0.992
LIKELY_DUPLICATE,same title/location/advertiser + salary + very similar description,26758_37431948-0,26758_35867503-0,Driving Instructor (Driving Licence Required),Lancashire,My Four Wheels,My Four Wheels,Annual,Annual,0.991
LIKELY_DUPLICATE,same title/location/advertiser + salary + very similar description,26758_37431948-0,26758_35867550-0,Driving Instructor (Driving Licence Required),Lancashire,My Four Wheels,My Four Wheels,Annual,Annual,0.991
LIKELY_DUPLICATE,same title/location/advertiser + salary + very similar description,26758_37431948-0,26758_35867573-0,Driving Instructor (Driving Licence Required),Lancashire,My Four Wheels,My Four Wheels,Annual,Annual,0.991
LIKELY_DUPLICATE,same title/location/advertiser + salary + very similar description,26758_37431948-0,26758_37431915-0,Driving Instructor (Driving Licence Required),Lancashire,My Four Wheels,My Four Wheels,Annual,Annual,0.991
LIKELY_DUPLICATE,same title/location/advertiser + salary + very similar description,26758_37431948-0,26758_37431931-0,Driving Instructor (Driving Licence Required),Lancashire,My Four Wheels,My Four Wheels,Annual,Annual,0.991
LIKELY_DUPLICATE,same title/location/advertiser + salary + very similar description,26758_37431948-0,26758_37431932-0,Driving Instructor (Driving Licence Required),Lancashire,My Four Wheels,My Four Wheels,Annual,Annual,0.991
LIKELY_DUPLICATE,same title/location/advertiser + salary + very similar description,26758_37431948-0,26758_37431942-0,Driving Instructor (Driving Licence Required),Lancashire,My Four Wheels,My Four Wheels,Annual,Annual,0.992
LIKELY_DUPLICATE,same title/location/advertiser + salary + very similar description,26758_37431948-0,26758_37431945-0,Driving Instructor (Driving Licence Required),Lancashire,My Four Wheels,My Four Wheels,Annual,Annual,0.992
LIKELY_DUPLICATE,same title/location/advertiser + salary + very similar description,26758_37431948-0,26758_37431959-0,Driving Instructor (Driving Licence Required),Lancashire,My Four Wheels,My Four Wheels,Annual,Annual,0.991
LIKELY_DUPLICATE,same title/location/advertiser + salary + very similar description,26758_37431948-0,26758_37431966-0,Driving Instructor (Driving Licence Required),Lancashire,My Four Wheels,My Four Wheels,Annual,Annual,0.992
LIKELY_DUPLICATE,same title/location/advertiser + salary + very similar description,26758_37431948-0,26758_37431977-0,Driving Instructor (Driving Licence Required),Lancashire,My Four Wheels,My Four Wheels,Annual,Annual,0.991
LIKELY_DUPLICATE,same title/location/advertiser + salary + very similar description,26758_37431948-0,26758_37431991-0,Driving Instructor (Driving Licence Required),Lancashire,My Four Wheels,My Four Wheels,Annual,Annual,0.991
LIKELY_DUPLICATE,same title/location/advertiser + salary + very similar description,26758_37431948-0,26758_37432000-0,Driving Instructor (Driving Licence Required),Lancashire,My Four Wheels,My Four Wheels,Annual,Annual,0.992
LIKELY_DUPLICATE,same title/location/advertiser + salary + very similar description,26758_37431948-0,26758_37432014-0,Driving Instructor (Driving Licence Required),Lancashire,My Four Wheels,My Four Wheels,Annual,Annual,0.991
LIKELY_DUPLICATE,same title/location/advertiser + salary + very similar description,26758_37431948-0,26758_37432073-0,Driving Instructor (Driving Licence Required),Lancashire,My Four Wheels,My Four Wheels,Annual,Annual,0.991
LIKELY_DUPLICATE,same title/location/advertiser + salary + very similar description,26758_37431948-0,26758_37432078-0,Driving Instructor (Driving Licence Required),Lancashire,My Four Wheels,My Four Wheels,Annual,Annual,0.991
LIKELY_DUPLICATE,same title/location/advertiser + salary + very similar description,26758_37431948-0,26758_37432083-0,Driving Instructor (Driving Licence Required),Lancashire,My Four Wheels,My Four Wheels,Annual,Annual,0.991
LIKELY_DUPLICATE,same title/location/advertiser + salary + very similar description,26758_37431948-0,26758_37432092-0,Driving Instructor (Driving Licence Required),Lancashire,My Four Wheels,My Four Wheels,Annual,Annual,0.991
LIKELY_DUPLICATE,same title/location/advertiser + salary + very similar description,26758_37431948-0,26758_37432110-0,Driving Instructor (Driving Licence Required),Lancashire,My Four Wheels,My Four Wheels,Annual,Annual,0.991
LIKELY_DUPLICATE,same title/location/advertiser + salary + very similar description,26758_37431948-0,26758_37432112-0,Driving Instructor (Driving Licence Required),Lancashire,My Four Wheels,My Four Wheels,Annual,Annual,0.991
LIKELY_DUPLICATE,same title/location/advertiser + salary + very similar description,26758_37431948-0,26758_37432125-0,Driving Instructor (Driving Licence Required),Lancashire,My Four Wheels,My Four Wheels,Annual,Annual,0.991
LIKELY_DUPLICATE,same title/location/advertiser + salary + very similar description,26758_37431948-0,26758_37432126-0,Driving Instructor (Driving Licence Required),Lancashire,My Four Wheels,My Four Wheels,Annual,Annual,0.991
LIKELY_DUPLICATE,same title/location/advertiser + salary + very similar description,26758_37431948-0,26758_37432139-0,Driving Instructor (Driving Licence Required),Lancashire,My Four Wheels,My Four Wheels,Annual,Annual,0.992
LIKELY_DUPLICATE,same title/location/advertiser + salary + very similar description,26758_37431948-0,26758_37471185-0,Driving Instructor (Driving Licence Required),Lancashire,My Four Wheels,My Four Wheels,Annual,Annual,0.990
LIKELY_DUPLICATE,same title/location/advertiser + salary + very similar description,26758_37431948-0,26758_37471191-0,Driving Instructor (Driving Licence Required),Lancashire,My Four Wheels,My Four Wheels,Annual,Annual,0.991
LIKELY_DUPLICATE,same title/location/advertiser + salary + very similar description,26758_37431948-0,26758_37471207-0,Driving Instructor (Driving Licence Required),Lancashire,My Four Wheels,My Four Wheels,Annual,Annual,0.993
LIKELY_DUPLICATE,same title/location/advertiser + salary + very similar description,26758_37431952-0,26758_35867435-0,Driving Instructor (Driving Licence Required),Lancashire,My Four Wheels,My Four Wheels,Annual,Annual,0.991
LIKELY_DUPLICATE,same title/location/advertiser + salary + very similar description,26758_37431952-0,26758_35867500-0,Driving Instructor (Driving Licence Required),Lancashire,My Four Wheels,My Four Wheels,Annual,Annual,0.992
LIKELY_DUPLICATE,same title/location/advertiser + salary + very similar description,26758_37431952-0,26758_35867502-0,Driving Instructor (Driving Licence Required),Lancashire,My Four Wheels,My Four Wheels,Annual,Annual,0.991
LIKELY_DUPLICATE,same title/location/advertiser + salary + very similar description,26758_37431952-0,26758_35867503-0,Driving Instructor (Driving Licence Required),Lancashire,My Four Wheels,My Four Wheels,Annual,Annual,0.992
LIKELY_DUPLICATE,same title/location/advertiser + salary + very similar description,26758_37431952-0,26758_35867550-0,Driving Instructor (Driving Licence Required),Lancashire,My Four Wheels,My Four Wheels,Annual,Annual,0.992
LIKELY_DUPLICATE,same title/location/advertiser + salary + very similar description,26758_37431952-0,26758_35867573-0,Driving Instructor (Driving Licence Required),Lancashire,My Four Wheels,My Four Wheels,Annual,Annual,0.992
LIKELY_DUPLICATE,same title/location/advertiser + salary + very similar description,26758_37431952-0,26758_37431915-0,Driving Instructor (Driving Licence Required),Lancashire,My Four Wheels,My Four Wheels,Annual,Annual,0.991
LIKELY_DUPLICATE,same title/location/advertiser + salary + very similar description,26758_37431952-0,26758_37431931-0,Driving Instructor (Driving Licence Required),Lancashire,My Four Wheels,My Four Wheels,Annual,Annual,0.991
LIKELY_DUPLICATE,same title/location/advertiser + salary + very similar description,26758_37431952-0,26758_37431932-0,Driving Instructor (Driving Licence Required),Lancashire,My Four Wheels,My Four Wheels,Annual,Annual,0.991
LIKELY_DUPLICATE,same title/location/advertiser + salary + very similar description,26758_37431952-0,26758_37431942-0,Driving Instructor (Driving Licence Required),Lancashire,My Four Wheels,My Four Wheels,Annual,Annual,0.991
LIKELY_DUPLICATE,same title/location/advertiser + salary + very similar description,26758_37431952-0,26758_37431945-0,Driving Instructor (Driving Licence Required),Lancashire,My Four Wheels,My Four Wheels,Annual,Annual,0.990
LIKELY_DUPLICATE,same title/location/advertiser + salary + very similar description,26758_37431952-0,26758_37431948-0,Driving Instructor (Driving Licence Required),Lancashire,My Four Wheels,My Four Wheels,Annual,Annual,0.991
LIKELY_DUPLICATE,same title/location/advertiser + salary + very similar description,26758_37431952-0,26758_37431959-0,Driving Instructor (Driving Licence Required),Lancashire,My Four Wheels,My Four Wheels,Annual,Annual,0.992
LIKELY_DUPLICATE,same title/location/advertiser + salary + very similar description,26758_37431952-0,26758_37431966-0,Driving Instructor (Driving Licence Required),Lancashire,My Four Wheels,My Four Wheels,Annual,Annual,0.991
LIKELY_DUPLICATE,same title/location/advertiser + salary + very similar description,26758_37431952-0,26758_37431977-0,Driving Instructor (Driving Licence Required),Lancashire,My Four Wheels,My Four Wheels,Annual,Annual,0.991
LIKELY_DUPLICATE,same title/location/advertiser + salary + very similar description,26758_37431952-0,26758_37431991-0,Driving Instructor (Driving Licence Required),Lancashire,My Four Wheels,My Four Wheels,Annual,Annual,0.991
LIKELY_DUPLICATE,same title/location/advertiser + salary + very similar description,26758_37431952-0,26758_37432000-0,Driving Instructor (Driving Licence Required),Lancashire,My Four Wheels,My Four Wheels,Annual,Annual,0.991
LIKELY_DUPLICATE,same title/location/advertiser + salary + very similar description,26758_37431952-0,26758_37432014-0,Driving Instructor (Driving Licence Required),Lancashire,My Four Wheels,My Four Wheels,Annual,Annual,0.992
LIKELY_DUPLICATE,same title/location/advertiser + salary + very similar description,26758_37431952-0,26758_37432073-0,Driving Instructor (Driving Licence Required),Lancashire,My Four Wheels,My Four Wheels,Annual,Annual,0.990
LIKELY_DUPLICATE,same title/location/advertiser + salary + very similar description,26758_37431952-0,26758_37432078-0,Driving Instructor (Driving Licence Required),Lancashire,My Four Wheels,My Four Wheels,Annual,Annual,0.991
LIKELY_DUPLICATE,same title/location/advertiser + salary + very similar description,26758_37431952-0,26758_37432083-0,Driving Instructor (Driving Licence Required),Lancashire,My Four Wheels,My Four Wheels,Annual,Annual,0.992
LIKELY_DUPLICATE,same title/location/advertiser + salary + very similar description,26758_37431952-0,26758_37432092-0,Driving Instructor (Driving Licence Required),Lancashire,My Four Wheels,My Four Wheels,Annual,Annual,0.991
LIKELY_DUPLICATE,same title/location/advertiser + salary + very similar description,26758_37431952-0,26758_37432110-0,Driving Instructor (Driving Licence Required),Lancashire,My Four Wheels,My Four Wheels,Annual,Annual,0.991
LIKELY_DUPLICATE,same title/location/advertiser + salary + very similar description,26758_37431952-0,26758_37432112-0,Driving Instructor (Driving Licence Required),Lancashire,My Four Wheels,My Four Wheels,Annual,Annual,0.991
LIKELY_DUPLICATE,same title/location/advertiser + salary + very similar description,26758_37431952-0,26758_37432125-0,Driving Instructor (Driving Licence Required),Lancashire,My Four Wheels,My Four Wheels,Annual,Annual,0.990
LIKELY_DUPLICATE,same title/location/advertiser + salary + very similar description,26758_37431952-0,26758_37432126-0,Driving Instructor (Driving Licence Required),Lancashire,My Four Wheels,My Four Wheels,Annual,Annual,0.991
LIKELY_DUPLICATE,same title/location/advertiser + salary + very similar description,26758_37431952-0,26758_37432139-0,Driving Instructor (Driving Licence Required),Lancashire,My Four Wheels,My Four Wheels,Annual,Annual,0.991
LIKELY_DUPLICATE,same title/location/advertiser + salary + very similar description,26758_37431952-0,26758_37471185-0,Driving Instructor (Driving Licence Required),Lancashire,My Four Wheels,My Four Wheels,Annual,Annual,0.991
LIKELY_DUPLICATE,same title/location/advertiser + salary + very similar description,26758_37431952-0,26758_37471191-0,Driving Instructor (Driving Licence Required),Lancashire,My Four Wheels,My Four Wheels,Annual,Annual,0.991
LIKELY_DUPLICATE,same title/location/advertiser + salary + very similar description,26758_37431952-0,26758_37471207-0,Driving Instructor (Driving Licence Required),Lancashire,My Four Wheels,My Four Wheels,Annual,Annual,0.991
LIKELY_DUPLICATE,same title/location/advertiser + salary + very similar description,26758_37431959-0,26758_35867573-0,Driving Instructor (Driving Licence Required),Lancashire,My Four Wheels,My Four Wheels,Annual,Annual,0.991
LIKELY_DUPLICATE,same title/location/advertiser + salary + very similar description,26758_37431959-0,26758_37431915-0,Driving Instructor (Driving Licence Required),Lancashire,My Four Wheels,My Four Wheels,Annual,Annual,0.992
LIKELY_DUPLICATE,same title/location/advertiser + salary + very similar description,26758_37431959-0,26758_37431931-0,Driving Instructor (Driving Licence Required),Lancashire,My Four Wheels,My Four Wheels,Annual,Annual,0.992
LIKELY_DUPLICATE,same title/location/advertiser + salary + very similar description,26758_37431959-0,26758_37431942-0,Driving Instructor (Driving Licence Required),Lancashire,My Four Wheels,My Four Wheels,Annual,Annual,0.991
LIKELY_DUPLICATE,same title/location/advertiser + salary + very similar description,26758_37431959-0,26758_37431991-0,Driving Instructor (Driving Licence Required),Lancashire,My Four Wheels,My Four Wheels,Annual,Annual,0.991
LIKELY_DUPLICATE,same title/location/advertiser + salary + very similar description,26758_37431959-0,26758_37432073-0,Driving Instructor (Driving Licence Required),Lancashire,My Four Wheels,My Four Wheels,Annual,Annual,0.991
LIKELY_DUPLICATE,same title/location/advertiser + salary + very similar description,26758_37431959-0,26758_37471207-0,Driving Instructor (Driving Licence Required),Lancashire,My Four Wheels,My Four Wheels,Annual,Annual,0.991
LIKELY_DUPLICATE,same title/location/advertiser + salary + very similar description,26758_37431966-0,26758_35867435-0,Driving Instructor (Driving Licence Required),Lancashire,My Four Wheels,My Four Wheels,Annual,Annual,0.991
LIKELY_DUPLICATE,same title/location/advertiser + salary + very similar description,26758_37431966-0,26758_35867500-0,Driving Instructor (Driving Licence Required),Lancashire,My Four Wheels,My Four Wheels,Annual,Annual,0.990
LIKELY_DUPLICATE,same title/location/advertiser + salary + very similar description,26758_37431966-0,26758_35867503-0,Driving Instructor (Driving Licence Required),Lancashire,My Four Wheels,My Four Wheels,Annual,Annual,0.992
LIKELY_DUPLICATE,same title/location/advertiser + salary + very similar description,26758_37431966-0,26758_35867550-0,Driving Instructor (Driving Licence Required),Lancashire,My Four Wheels,My Four Wheels,Annual,Annual,0.992
LIKELY_DUPLICATE,same title/location/advertiser + salary + very similar description,26758_37431966-0,26758_35867573-0,Driving Instructor (Driving Licence Required),Lancashire,My Four Wheels,My Four Wheels,Annual,Annual,0.991
LIKELY_DUPLICATE,same title/location/advertiser + salary + very similar description,26758_37431966-0,26758_37431915-0,Driving Instructor (Driving Licence Required),Lancashire,My Four Wheels,My Four Wheels,Annual,Annual,0.991
LIKELY_DUPLICATE,same title/location/advertiser + salary + very similar description,26758_37431966-0,26758_37431931-0,Driving Instructor (Driving Licence Required),Lancashire,My Four Wheels,My Four Wheels,Annual,Annual,0.990
LIKELY_DUPLICATE,same title/location/advertiser + salary + very similar description,26758_37431966-0,26758_37431932-0,Driving Instructor (Driving Licence Required),Lancashire,My Four Wheels,My Four Wheels,Annual,Annual,0.990
LIKELY_DUPLICATE,same title/location/advertiser + salary + very similar description,26758_37431966-0,26758_37431942-0,Driving Instructor (Driving Licence Required),Lancashire,My Four Wheels,My Four Wheels,Annual,Annual,0.991
LIKELY_DUPLICATE,same title/location/advertiser + salary + very similar description,26758_37431966-0,26758_37431945-0,Driving Instructor (Driving Licence Required),Lancashire,My Four Wheels,My Four Wheels,Annual,Annual,0.991
LIKELY_DUPLICATE,same title/location/advertiser + salary + very similar description,26758_37431966-0,26758_37431959-0,Driving Instructor (Driving Licence Required),Lancashire,My Four Wheels,My Four Wheels,Annual,Annual,0.991
LIKELY_DUPLICATE,same title/location/advertiser + salary + very similar description,26758_37431966-0,26758_37431991-0,Driving Instructor (Driving Licence Required),Lancashire,My Four Wheels,My Four Wheels,Annual,Annual,0.991
LIKELY_DUPLICATE,same title/location/advertiser + salary + very similar description,26758_37431966-0,26758_37432014-0,Driving Instructor (Driving Licence Required),Lancashire,My Four Wheels,My Four Wheels,Annual,Annual,0.993
LIKELY_DUPLICATE,same title/location/advertiser + salary + very similar description,26758_37431966-0,26758_37432073-0,Driving Instructor (Driving Licence Required),Lancashire,My Four Wheels,My Four Wheels,Annual,Annual,0.991
LIKELY_DUPLICATE,same title/location/advertiser + salary + very similar description,26758_37431966-0,26758_37432078-0,Driving Instructor (Driving Licence Required),Lancashire,My Four Wheels,My Four Wheels,Annual,Annual,0.991
LIKELY_DUPLICATE,same title/location/advertiser + salary + very similar description,26758_37431966-0,26758_37432092-0,Driving Instructor (Driving Licence Required),Lancashire,My Four Wheels,My Four Wheels,Annual,Annual,0.991
LIKELY_DUPLICATE,same title/location/advertiser + salary + very similar description,26758_37431966-0,26758_37432110-0,Driving Instructor (Driving Licence Required),Lancashire,My Four Wheels,My Four Wheels,Annual,Annual,0.994
LIKELY_DUPLICATE,same title/location/advertiser + salary + very similar description,26758_37431966-0,26758_37432112-0,Driving Instructor (Driving Licence Required),Lancashire,My Four Wheels,My Four Wheels,Annual,Annual,0.991
LIKELY_DUPLICATE,same title/location/advertiser + salary + very similar description,26758_37431966-0,26758_37432125-0,Driving Instructor (Driving Licence Required),Lancashire,My Four Wheels,My Four Wheels,Annual,Annual,0.991
LIKELY_DUPLICATE,same title/location/advertiser + salary + very similar description,26758_37431966-0,26758_37432126-0,Driving Instructor (Driving Licence Required),Lancashire,My Four Wheels,My Four Wheels,Annual,Annual,0.991
LIKELY_DUPLICATE,same title/location/advertiser + salary + very similar description,26758_37431966-0,26758_37432139-0,Driving Instructor (Driving Licence Required),Lancashire,My Four Wheels,My Four Wheels,Annual,Annual,0.991
LIKELY_DUPLICATE,same title/location/advertiser + salary + very similar description,26758_37431966-0,26758_37471185-0,Driving Instructor (Driving Licence Required),Lancashire,My Four Wheels,My Four Wheels,Annual,Annual,0.991
LIKELY_DUPLICATE,same title/location/advertiser + salary + very similar description,26758_37431966-0,26758_37471191-0,Driving Instructor (Driving Licence Required),Lancashire,My Four Wheels,My Four Wheels,Annual,Annual,0.991
LIKELY_DUPLICATE,same title/location/advertiser + salary + very similar description,26758_37431966-0,26758_37471207-0,Driving Instructor (Driving Licence Required),Lancashire,My Four Wheels,My Four Wheels,Annual,Annual,0.991
LIKELY_DUPLICATE,same title/location/advertiser + salary + very similar description,26758_37431977-0,26758_35867435-0,Driving Instructor (Driving Licence Required),Lancashire,My Four Wheels,My Four Wheels,Annual,Annual,0.992
LIKELY_DUPLICATE,same title/location/advertiser + salary + very similar description,26758_37431977-0,26758_35867500-0,Driving Instructor (Driving Licence Required),Lancashire,My Four Wheels,My Four Wheels,Annual,Annual,0.991
LIKELY_DUPLICATE,same title/location/advertiser + salary + very similar description,26758_37431977-0,26758_35867503-0,Driving Instructor (Driving Licence Required),Lancashire,My Four Wheels,My Four Wheels,Annual,Annual,0.992
LIKELY_DUPLICATE,same title/location/advertiser + salary + very similar description,26758_37431977-0,26758_35867550-0,Driving Instructor (Driving Licence Required),Lancashire,My Four Wheels,My Four Wheels,Annual,Annual,0.991
LIKELY_DUPLICATE,same title/location/advertiser + salary + very similar description,26758_37431977-0,26758_35867573-0,Driving Instructor (Driving Licence Required),Lancashire,My Four Wheels,My Four Wheels,Annual,Annual,0.991
LIKELY_DUPLICATE,same title/location/advertiser + salary + very similar description,26758_37431977-0,26758_37431915-0,Driving Instructor (Driving Licence Required),Lancashire,My Four Wheels,My Four Wheels,Annual,Annual,0.991
LIKELY_DUPLICATE,same title/location/advertiser + salary + very similar description,26758_37431977-0,26758_37431931-0,Driving Instructor (Driving Licence Required),Lancashire,My Four Wheels,My Four Wheels,Annual,Annual,0.991
LIKELY_DUPLICATE,same title/location/advertiser + salary + very similar description,26758_37431977-0,26758_37431932-0,Driving Instructor (Driving Licence Required),Lancashire,My Four Wheels,My Four Wheels,Annual,Annual,0.991
LIKELY_DUPLICATE,same title/location/advertiser + salary + very similar description,26758_37431977-0,26758_37431942-0,Driving Instructor (Driving Licence Required),Lancashire,My Four Wheels,My Four Wheels,Annual,Annual,0.991
LIKELY_DUPLICATE,same title/location/advertiser + salary + very similar description,26758_37431977-0,26758_37431945-0,Driving Instructor (Driving Licence Required),Lancashire,My Four Wheels,My Four Wheels,Annual,Annual,0.991
LIKELY_DUPLICATE,same title/location/advertiser + salary + very similar description,26758_37431977-0,26758_37431959-0,Driving Instructor (Driving Licence Required),Lancashire,My Four Wheels,My Four Wheels,Annual,Annual,0.992
LIKELY_DUPLICATE,same title/location/advertiser + salary + very similar description,26758_37431977-0,26758_37431966-0,Driving Instructor (Driving Licence Required),Lancashire,My Four Wheels,My Four Wheels,Annual,Annual,0.992
LIKELY_DUPLICATE,same title/location/advertiser + salary + very similar description,26758_37431977-0,26758_37431991-0,Driving Instructor (Driving Licence Required),Lancashire,My Four Wheels,My Four Wheels,Annual,Annual,0.991
LIKELY_DUPLICATE,same title/location/advertiser + salary + very similar description,26758_37431977-0,26758_37432014-0,Driving Instructor (Driving Licence Required),Lancashire,My Four Wheels,My Four Wheels,Annual,Annual,0.991
LIKELY_DUPLICATE,same title/location/advertiser + salary + very similar description,26758_37431977-0,26758_37432073-0,Driving Instructor (Driving Licence Required),Lancashire,My Four Wheels,My Four Wheels,Annual,Annual,0.991
LIKELY_DUPLICATE,same title/location/advertiser + salary + very similar description,26758_37431977-0,26758_37432078-0,Driving Instructor (Driving Licence Required),Lancashire,My Four Wheels,My Four Wheels,Annual,Annual,0.991
LIKELY_DUPLICATE,same title/location/advertiser + salary + very similar description,26758_37431977-0,26758_37432092-0,Driving Instructor (Driving Licence Required),Lancashire,My Four Wheels,My Four Wheels,Annual,Annual,0.992
LIKELY_DUPLICATE,same title/location/advertiser + salary + very similar description,26758_37431977-0,26758_37432110-0,Driving Instructor (Driving Licence Required),Lancashire,My Four Wheels,My Four Wheels,Annual,Annual,0.992
LIKELY_DUPLICATE,same title/location/advertiser + salary + very similar description,26758_37431977-0,26758_37432112-0,Driving Instructor (Driving Licence Required),Lancashire,My Four Wheels,My Four Wheels,Annual,Annual,0.991
LIKELY_DUPLICATE,same title/location/advertiser + salary + very similar description,26758_37431977-0,26758_37432125-0,Driving Instructor (Driving Licence Required),Lancashire,My Four Wheels,My Four Wheels,Annual,Annual,0.990
LIKELY_DUPLICATE,same title/location/advertiser + salary + very similar description,26758_37431977-0,26758_37432126-0,Driving Instructor (Driving Licence Required),Lancashire,My Four Wheels,My Four Wheels,Annual,Annual,0.991
LIKELY_DUPLICATE,same title/location/advertiser + salary + very similar description,26758_37431977-0,26758_37432139-0,Driving Instructor (Driving Licence Required),Lancashire,My Four Wheels,My Four Wheels,Annual,Annual,0.990
LIKELY_DUPLICATE,same title/location/advertiser + salary + very similar description,26758_37431977-0,26758_37471185-0,Driving Instructor (Driving Licence Required),Lancashire,My Four Wheels,My Four Wheels,Annual,Annual,0.991
LIKELY_DUPLICATE,same title/location/advertiser + salary + very similar description,26758_37431977-0,26758_37471191-0,Driving Instructor (Driving Licence Required),Lancashire,My Four Wheels,My Four Wheels,Annual,Annual,0.991
LIKELY_DUPLICATE,same title/location/advertiser + salary + very similar description,26758_37431977-0,26758_37471207-0,Driving Instructor (Driving Licence Required),Lancashire,My Four Wheels,My Four Wheels,Annual,Annual,0.991
LIKELY_DUPLICATE,same title/location/advertiser + salary + very similar description,26758_37431985-0,26758_35867435-0,Driving Instructor (Driving Licence Required),Lancashire,My Four Wheels,My Four Wheels,Annual,Annual,0.992
LIKELY_DUPLICATE,same title/location/advertiser + salary + very similar description,26758_37431985-0,26758_35867500-0,Driving Instructor (Driving Licence Required),Lancashire,My Four Wheels,My Four Wheels,Annual,Annual,0.992
LIKELY_DUPLICATE,same title/location/advertiser + salary + very similar description,26758_37431985-0,26758_35867502-0,Driving Instructor (Driving Licence Required),Lancashire,My Four Wheels,My Four Wheels,Annual,Annual,0.991
LIKELY_DUPLICATE,same title/location/advertiser + salary + very similar description,26758_37431985-0,26758_35867503-0,Driving Instructor (Driving Licence Required),Lancashire,My Four Wheels,My Four Wheels,Annual,Annual,0.991
LIKELY_DUPLICATE,same title/location/advertiser + salary + very similar description,26758_37431985-0,26758_35867550-0,Driving Instructor (Driving Licence Required),Lancashire,My Four Wheels,My Four Wheels,Annual,Annual,0.991
LIKELY_DUPLICATE,same title/location/advertiser + salary + very similar description,26758_37431985-0,26758_35867573-0,Driving Instructor (Driving Licence Required),Lancashire,My Four Wheels,My Four Wheels,Annual,Annual,0.991
LIKELY_DUPLICATE,same title/location/advertiser + salary + very similar description,26758_37431985-0,26758_37431915-0,Driving Instructor (Driving Licence Required),Lancashire,My Four Wheels,My Four Wheels,Annual,Annual,0.991
LIKELY_DUPLICATE,same title/location/advertiser + salary + very similar description,26758_37431985-0,26758_37431931-0,Driving Instructor (Driving Licence Required),Lancashire,My Four Wheels,My Four Wheels,Annual,Annual,0.992
LIKELY_DUPLICATE,same title/location/advertiser + salary + very similar description,26758_37431985-0,26758_37431932-0,Driving Instructor (Driving Licence Required),Lancashire,My Four Wheels,My Four Wheels,Annual,Annual,0.991
LIKELY_DUPLICATE,same title/location/advertiser + salary + very similar description,26758_37431985-0,26758_37431942-0,Driving Instructor (Driving Licence Required),Lancashire,My Four Wheels,My Four Wheels,Annual,Annual,0.991
LIKELY_DUPLICATE,same title/location/advertiser + salary + very similar description,26758_37431985-0,26758_37431945-0,Driving Instructor (Driving Licence Required),Lancashire,My Four Wheels,My Four Wheels,Annual,Annual,0.991
LIKELY_DUPLICATE,same title/location/advertiser + salary + very similar description,26758_37431985-0,26758_37431948-0,Driving Instructor (Driving Licence Required),Lancashire,My Four Wheels,My Four Wheels,Annual,Annual,0.991
LIKELY_DUPLICATE,same title/location/advertiser + salary + very similar description,26758_37431985-0,26758_37431952-0,Driving Instructor (Driving Licence Required),Lancashire,My Four Wheels,My Four Wheels,Annual,Annual,0.991
LIKELY_DUPLICATE,same title/location/advertiser + salary + very similar description,26758_37431985-0,26758_37431959-0,Driving Instructor (Driving Licence Required),Lancashire,My Four Wheels,My Four Wheels,Annual,Annual,0.991
LIKELY_DUPLICATE,same title/location/advertiser + salary + very similar description,26758_37431985-0,26758_37431966-0,Driving Instructor (Driving Licence Required),Lancashire,My Four Wheels,My Four Wheels,Annual,Annual,0.992
LIKELY_DUPLICATE,same title/location/advertiser + salary + very similar description,26758_37431985-0,26758_37431977-0,Driving Instructor (Driving Licence Required),Lancashire,My Four Wheels,My Four Wheels,Annual,Annual,0.991
LIKELY_DUPLICATE,same title/location/advertiser + salary + very similar description,26758_37431985-0,26758_37431991-0,Driving Instructor (Driving Licence Required),Lancashire,My Four Wheels,My Four Wheels,Annual,Annual,0.992
LIKELY_DUPLICATE,same title/location/advertiser + salary + very similar description,26758_37431985-0,26758_37432000-0,Driving Instructor (Driving Licence Required),Lancashire,My Four Wheels,My Four Wheels,Annual,Annual,0.994
LIKELY_DUPLICATE,same title/location/advertiser + salary + very similar description,26758_37431985-0,26758_37432014-0,Driving Instructor (Driving Licence Required),Lancashire,My Four Wheels,My Four Wheels,Annual,Annual,0.992
LIKELY_DUPLICATE,same title/location/advertiser + salary + very similar description,26758_37431985-0,26758_37432054-0,Driving Instructor (Driving Licence Required),Lancashire,My Four Wheels,My Four Wheels,Annual,Annual,0.991
LIKELY_DUPLICATE,same title/location/advertiser + salary + very similar description,26758_37431985-0,26758_37432073-0,Driving Instructor (Driving Licence Required),Lancashire,My Four Wheels,My Four Wheels,Annual,Annual,0.991
LIKELY_DUPLICATE,same title/location/advertiser + salary + very similar description,26758_37431985-0,26758_37432078-0,Driving Instructor (Driving Licence Required),Lancashire,My Four Wheels,My Four Wheels,Annual,Annual,0.991
LIKELY_DUPLICATE,same title/location/advertiser + salary + very similar description,26758_37431985-0,26758_37432083-0,Driving Instructor (Driving Licence Required),Lancashire,My Four Wheels,My Four Wheels,Annual,Annual,0.991
LIKELY_DUPLICATE,same title/location/advertiser + salary + very similar description,26758_37431985-0,26758_37432092-0,Driving Instructor (Driving Licence Required),Lancashire,My Four Wheels,My Four Wheels,Annual,Annual,0.992
LIKELY_DUPLICATE,same title/location/advertiser + salary + very similar description,26758_37431985-0,26758_37432110-0,Driving Instructor (Driving Licence Required),Lancashire,My Four Wheels,My Four Wheels,Annual,Annual,0.991
LIKELY_DUPLICATE,same title/location/advertiser + salary + very similar description,26758_37431985-0,26758_37432112-0,Driving Instructor (Driving Licence Required),Lancashire,My Four Wheels,My Four Wheels,Annual,Annual,0.991
LIKELY_DUPLICATE,same title/location/advertiser + salary + very similar description,26758_37431985-0,26758_37432114-0,Driving Instructor (Driving Licence Required),Lancashire,My Four Wheels,My Four Wheels,Annual,Annual,0.991
LIKELY_DUPLICATE,same title/location/advertiser + salary + very similar description,26758_37431985-0,26758_37432125-0,Driving Instructor (Driving Licence Required),Lancashire,My Four Wheels,My Four Wheels,Annual,Annual,0.991
LIKELY_DUPLICATE,same title/location/advertiser + salary + very similar description,26758_37431985-0,26758_37432126-0,Driving Instructor (Driving Licence Required),Lancashire,My Four Wheels,My Four Wheels,Annual,Annual,0.991
LIKELY_DUPLICATE,same title/location/advertiser + salary + very similar description,26758_37431985-0,26758_37432139-0,Driving Instructor (Driving Licence Required),Lancashire,My Four Wheels,My Four Wheels,Annual,Annual,0.991
LIKELY_DUPLICATE,same title/location/advertiser + salary + very similar description,26758_37431985-0,26758_37471185-0,Driving Instructor (Driving Licence Required),Lancashire,My Four Wheels,My Four Wheels,Annual,Annual,0.991
LIKELY_DUPLICATE,same title/location/advertiser + salary + very similar description,26758_37431985-0,26758_37471191-0,Driving Instructor (Driving Licence Required),Lancashire,My Four Wheels,My Four Wheels,Annual,Annual,0.995
LIKELY_DUPLICATE,same title/location/advertiser + salary + very similar description,26758_37431985-0,26758_37471192-0,Driving Instructor (Driving Licence Required),Lancashire,My Four Wheels,My Four Wheels,Annual,Annual,0.992
LIKELY_DUPLICATE,same title/location/advertiser + salary + very similar description,26758_37431985-0,26758_37471207-0,Driving Instructor (Driving Licence Required),Lancashire,My Four Wheels,My Four Wheels,Annual,Annual,0.992
LIKELY_DUPLICATE,same title/location/advertiser + salary + very similar description,26758_37431991-0,26758_37431915-0,Driving Instructor (Driving Licence Required),Lancashire,My Four Wheels,My Four Wheels,Annual,Annual,0.991
LIKELY_DUPLICATE,same title/location/advertiser + salary + very similar description,26758_37431991-0,26758_37431931-0,Driving Instructor (Driving Licence Required),Lancashire,My Four Wheels,My Four Wheels,Annual,Annual,0.991
LIKELY_DUPLICATE,same title/location/advertiser + salary + very similar description,26758_37432000-0,26758_35867435-0,Driving Instructor (Driving Licence Required),Lancashire,My Four Wheels,My Four Wheels,Annual,Annual,0.990
LIKELY_DUPLICATE,same title/location/advertiser + salary + very similar description,26758_37432000-0,26758_35867500-0,Driving Instructor (Driving Licence Required),Lancashire,My Four Wheels,My Four Wheels,Annual,Annual,0.990
LIKELY_DUPLICATE,same title/location/advertiser + salary + very similar description,26758_37432000-0,26758_35867502-0,Driving Instructor (Driving Licence Required),Lancashire,My Four Wheels,My Four Wheels,Annual,Annual,0.992
LIKELY_DUPLICATE,same title/location/advertiser + salary + very similar description,26758_37432000-0,26758_35867503-0,Driving Instructor (Driving Licence Required),Lancashire,My Four Wheels,My Four Wheels,Annual,Annual,0.991
LIKELY_DUPLICATE,same title/location/advertiser + salary + very similar description,26758_37432000-0,26758_35867550-0,Driving Instructor (Driving Licence Required),Lancashire,My Four Wheels,My Four Wheels,Annual,Annual,0.990
LIKELY_DUPLICATE,same title/location/advertiser + salary + very similar description,26758_37432000-0,26758_35867573-0,Driving Instructor (Driving Licence Required),Lancashire,My Four Wheels,My Four Wheels,Annual,Annual,0.991
LIKELY_DUPLICATE,same title/location/advertiser + salary + very similar description,26758_37432000-0,26758_37431915-0,Driving Instructor (Driving Licence Required),Lancashire,My Four Wheels,My Four Wheels,Annual,Annual,0.991
LIKELY_DUPLICATE,same title/location/advertiser + salary + very similar description,26758_37432000-0,26758_37431931-0,Driving Instructor (Driving Licence Required),Lancashire,My Four Wheels,My Four Wheels,Annual,Annual,0.990
LIKELY_DUPLICATE,same title/location/advertiser + salary + very similar description,26758_37432000-0,26758_37431932-0,Driving Instructor (Driving Licence Required),Lancashire,My Four Wheels,My Four Wheels,Annual,Annual,0.991
LIKELY_DUPLICATE,same title/location/advertiser + salary + very similar description,26758_37432000-0,26758_37431942-0,Driving Instructor (Driving Licence Required),Lancashire,My Four Wheels,My Four Wheels,Annual,Annual,0.991
LIKELY_DUPLICATE,same title/location/advertiser + salary + very similar description,26758_37432000-0,26758_37431945-0,Driving Instructor (Driving Licence Required),Lancashire,My Four Wheels,My Four Wheels,Annual,Annual,0.992
LIKELY_DUPLICATE,same title/location/advertiser + salary + very similar description,26758_37432000-0,26758_37431959-0,Driving Instructor (Driving Licence Required),Lancashire,My Four Wheels,My Four Wheels,Annual,Annual,0.991
LIKELY_DUPLICATE,same title/location/advertiser + salary + very similar description,26758_37432000-0,26758_37431966-0,Driving Instructor (Driving Licence Required),Lancashire,My Four Wheels,My Four Wheels,Annual,Annual,0.991
LIKELY_DUPLICATE,same title/location/advertiser + salary + very similar description,26758_37432000-0,26758_37431977-0,Driving Instructor (Driving Licence Required),Lancashire,My Four Wheels,My Four Wheels,Annual,Annual,0.990
LIKELY_DUPLICATE,same title/location/advertiser + salary + very similar description,26758_37432000-0,26758_37431991-0,Driving Instructor (Driving Licence Required),Lancashire,My Four Wheels,My Four Wheels,Annual,Annual,0.991
LIKELY_DUPLICATE,same title/location/advertiser + salary + very similar description,26758_37432000-0,26758_37432014-0,Driving Instructor (Driving Licence Required),Lancashire,My Four Wheels,My Four Wheels,Annual,Annual,0.991
LIKELY_DUPLICATE,same title/location/advertiser + salary + very similar description,26758_37432000-0,26758_37432073-0,Driving Instructor (Driving Licence Required),Lancashire,My Four Wheels,My Four Wheels,Annual,Annual,0.991
LIKELY_DUPLICATE,same title/location/advertiser + salary + very similar description,26758_37432000-0,26758_37432078-0,Driving Instructor (Driving Licence Required),Lancashire,My Four Wheels,My Four Wheels,Annual,Annual,0.991
LIKELY_DUPLICATE,same title/location/advertiser + salary + very similar description,26758_37432000-0,26758_37432083-0,Driving Instructor (Driving Licence Required),Lancashire,My Four Wheels,My Four Wheels,Annual,Annual,0.991
LIKELY_DUPLICATE,same title/location/advertiser + salary + very similar description,26758_37432000-0,26758_37432092-0,Driving Instructor (Driving Licence Required),Lancashire,My Four Wheels,My Four Wheels,Annual,Annual,0.991
LIKELY_DUPLICATE,same title/location/advertiser + salary + very similar description,26758_37432000-0,26758_37432110-0,Driving Instructor (Driving Licence Required),Lancashire,My Four Wheels,My Four Wheels,Annual,Annual,0.991
LIKELY_DUPLICATE,same title/location/advertiser + salary + very similar description,26758_37432000-0,26758_37432112-0,Driving Instructor (Driving Licence Required),Lancashire,My Four Wheels,My Four Wheels,Annual,Annual,0.991
LIKELY_DUPLICATE,same title/location/advertiser + salary + very similar description,26758_37432000-0,26758_37432125-0,Driving Instructor (Driving Licence Required),Lancashire,My Four Wheels,My Four Wheels,Annual,Annual,0.992
LIKELY_DUPLICATE,same title/location/advertiser + salary + very similar description,26758_37432000-0,26758_37432126-0,Driving Instructor (Driving Licence Required),Lancashire,My Four Wheels,My Four Wheels,Annual,Annual,0.991
LIKELY_DUPLICATE,same title/location/advertiser + salary + very similar description,26758_37432000-0,26758_37432139-0,Driving Instructor (Driving Licence Required),Lancashire,My Four Wheels,My Four Wheels,Annual,Annual,0.991
LIKELY_DUPLICATE,same title/location/advertiser + salary + very similar description,26758_37432000-0,26758_37471185-0,Driving Instructor (Driving Licence Required),Lancashire,My Four Wheels,My Four Wheels,Annual,Annual,0.990
LIKELY_DUPLICATE,same title/location/advertiser + salary + very similar description,26758_37432000-0,26758_37471191-0,Driving Instructor (Driving Licence Required),Lancashire,My Four Wheels,My Four Wheels,Annual,Annual,0.994
LIKELY_DUPLICATE,same title/location/advertiser + salary + very similar description,26758_37432000-0,26758_37471207-0,Driving Instructor (Driving Licence Required),Lancashire,My Four Wheels,My Four Wheels,Annual,Annual,0.991
LIKELY_DUPLICATE,same title/location/advertiser + salary + very similar description,26758_37432014-0,26758_35867503-0,Driving Instructor (Driving Licence Required),Lancashire,My Four Wheels,My Four Wheels,Annual,Annual,0.991
LIKELY_DUPLICATE,same title/location/advertiser + salary + very similar description,26758_37432014-0,26758_35867573-0,Driving Instructor (Driving Licence Required),Lancashire,My Four Wheels,My Four Wheels,Annual,Annual,0.991
LIKELY_DUPLICATE,same title/location/advertiser + salary + very similar description,26758_37432014-0,26758_37431915-0,Driving Instructor (Driving Licence Required),Lancashire,My Four Wheels,My Four Wheels,Annual,Annual,0.992
LIKELY_DUPLICATE,same title/location/advertiser + salary + very similar description,26758_37432014-0,26758_37431931-0,Driving Instructor (Driving Licence Required),Lancashire,My Four Wheels,My Four Wheels,Annual,Annual,0.992
LIKELY_DUPLICATE,same title/location/advertiser + salary + very similar description,26758_37432014-0,26758_37431942-0,Driving Instructor (Driving Licence Required),Lancashire,My Four Wheels,My Four Wheels,Annual,Annual,0.991
LIKELY_DUPLICATE,same title/location/advertiser + salary + very similar description,26758_37432014-0,26758_37431959-0,Driving Instructor (Driving Licence Required),Lancashire,My Four Wheels,My Four Wheels,Annual,Annual,0.992
LIKELY_DUPLICATE,same title/location/advertiser + salary + very similar description,26758_37432014-0,26758_37431991-0,Driving Instructor (Driving Licence Required),Lancashire,My Four Wheels,My Four Wheels,Annual,Annual,0.991
LIKELY_DUPLICATE,same title/location/advertiser + salary + very similar description,26758_37432014-0,26758_37432073-0,Driving Instructor (Driving Licence Required),Lancashire,My Four Wheels,My Four Wheels,Annual,Annual,0.991
LIKELY_DUPLICATE,same title/location/advertiser + salary + very similar description,26758_37432014-0,26758_37471207-0,Driving Instructor (Driving Licence Required),Lancashire,My Four Wheels,My Four Wheels,Annual,Annual,0.991
LIKELY_DUPLICATE,same title/location/advertiser + salary + very similar description,26758_37432053-0,26758_35867435-0,Driving Instructor (Driving Licence Required),Lancashire,My Four Wheels,My Four Wheels,Annual,Annual,0.992
LIKELY_DUPLICATE,same title/location/advertiser + salary + very similar description,26758_37432053-0,26758_35867500-0,Driving Instructor (Driving Licence Required),Lancashire,My Four Wheels,My Four Wheels,Annual,Annual,0.993
LIKELY_DUPLICATE,same title/location/advertiser + salary + very similar description,26758_37432053-0,26758_35867502-0,Driving Instructor (Driving Licence Required),Lancashire,My Four Wheels,My Four Wheels,Annual,Annual,0.991
LIKELY_DUPLICATE,same title/location/advertiser + salary + very similar description,26758_37432053-0,26758_35867503-0,Driving Instructor (Driving Licence Required),Lancashire,My Four Wheels,My Four Wheels,Annual,Annual,0.992
LIKELY_DUPLICATE,same title/location/advertiser + salary + very similar description,26758_37432053-0,26758_35867550-0,Driving Instructor (Driving Licence Required),Lancashire,My Four Wheels,My Four Wheels,Annual,Annual,0.992
LIKELY_DUPLICATE,same title/location/advertiser + salary + very similar description,26758_37432053-0,26758_35867573-0,Driving Instructor (Driving Licence Required),Lancashire,My Four Wheels,My Four Wheels,Annual,Annual,0.991
LIKELY_DUPLICATE,same title/location/advertiser + salary + very similar description,26758_37432053-0,26758_37431915-0,Driving Instructor (Driving Licence Required),Lancashire,My Four Wheels,My Four Wheels,Annual,Annual,0.991
LIKELY_DUPLICATE,same title/location/advertiser + salary + very similar description,26758_37432053-0,26758_37431931-0,Driving Instructor (Driving Licence Required),Lancashire,My Four Wheels,My Four Wheels,Annual,Annual,0.992
LIKELY_DUPLICATE,same title/location/advertiser + salary + very similar description,26758_37432053-0,26758_37431932-0,Driving Instructor (Driving Licence Required),Lancashire,My Four Wheels,My Four Wheels,Annual,Annual,0.991
LIKELY_DUPLICATE,same title/location/advertiser + salary + very similar description,26758_37432053-0,26758_37431942-0,Driving Instructor (Driving Licence Required),Lancashire,My Four Wheels,My Four Wheels,Annual,Annual,0.991
LIKELY_DUPLICATE,same title/location/advertiser + salary + very similar description,26758_37432053-0,26758_37431945-0,Driving Instructor (Driving Licence Required),Lancashire,My Four Wheels,My Four Wheels,Annual,Annual,0.991
LIKELY_DUPLICATE,same title/location/advertiser + salary + very similar description,26758_37432053-0,26758_37431948-0,Driving Instructor (Driving Licence Required),Lancashire,My Four Wheels,My Four Wheels,Annual,Annual,0.991
LIKELY_DUPLICATE,same title/location/advertiser + salary + very similar description,26758_37432053-0,26758_37431952-0,Driving Instructor (Driving Licence Required),Lancashire,My Four Wheels,My Four Wheels,Annual,Annual,0.994
LIKELY_DUPLICATE,same title/location/advertiser + salary + very similar description,26758_37432053-0,26758_37431959-0,Driving Instructor (Driving Licence Required),Lancashire,My Four Wheels,My Four Wheels,Annual,Annual,0.992
LIKELY_DUPLICATE,same title/location/advertiser + salary + very similar description,26758_37432053-0,26758_37431966-0,Driving Instructor (Driving Licence Required),Lancashire,My Four Wheels,My Four Wheels,Annual,Annual,0.991
LIKELY_DUPLICATE,same title/location/advertiser + salary + very similar description,26758_37432053-0,26758_37431977-0,Driving Instructor (Driving Licence Required),Lancashire,My Four Wheels,My Four Wheels,Annual,Annual,0.991
LIKELY_DUPLICATE,same title/location/advertiser + salary + very similar description,26758_37432053-0,26758_37431985-0,Driving Instructor (Driving Licence Required),Lancashire,My Four Wheels,My Four Wheels,Annual,Annual,0.992
LIKELY_DUPLICATE,same title/location/advertiser + salary + very similar description,26758_37432053-0,26758_37431991-0,Driving Instructor (Driving Licence Required),Lancashire,My Four Wheels,My Four Wheels,Annual,Annual,0.992
LIKELY_DUPLICATE,same title/location/advertiser + salary + very similar description,26758_37432053-0,26758_37432000-0,Driving Instructor (Driving Licence Required),Lancashire,My Four Wheels,My Four Wheels,Annual,Annual,0.991
LIKELY_DUPLICATE,same title/location/advertiser + salary + very similar description,26758_37432053-0,26758_37432014-0,Driving Instructor (Driving Licence Required),Lancashire,My Four Wheels,My Four Wheels,Annual,Annual,0.993
LIKELY_DUPLICATE,same title/location/advertiser + salary + very similar description,26758_37432053-0,26758_37432054-0,Driving Instructor (Driving Licence Required),Lancashire,My Four Wheels,My Four Wheels,Annual,Annual,0.991
LIKELY_DUPLICATE,same title/location/advertiser + salary + very similar description,26758_37432053-0,26758_37432073-0,Driving Instructor (Driving Licence Required),Lancashire,My Four Wheels,My Four Wheels,Annual,Annual,0.991
LIKELY_DUPLICATE,same title/location/advertiser + salary + very similar description,26758_37432053-0,26758_37432078-0,Driving Instructor (Driving Licence Required),Lancashire,My Four Wheels,My Four Wheels,Annual,Annual,0.991
LIKELY_DUPLICATE,same title/location/advertiser + salary + very similar description,26758_37432053-0,26758_37432083-0,Driving Instructor (Driving Licence Required),Lancashire,My Four Wheels,My Four Wheels,Annual,Annual,0.991
LIKELY_DUPLICATE,same title/location/advertiser + salary + very similar description,26758_37432053-0,26758_37432092-0,Driving Instructor (Driving Licence Required),Lancashire,My Four Wheels,My Four Wheels,Annual,Annual,0.991
LIKELY_DUPLICATE,same title/location/advertiser + salary + very similar description,26758_37432053-0,26758_37432110-0,Driving Instructor (Driving Licence Required),Lancashire,My Four Wheels,My Four Wheels,Annual,Annual,0.991
LIKELY_DUPLICATE,same title/location/advertiser + salary + very similar description,26758_37432053-0,26758_37432112-0,Driving Instructor (Driving Licence Required),Lancashire,My Four Wheels,My Four Wheels,Annual,Annual,0.991
LIKELY_DUPLICATE,same title/location/advertiser + salary + very similar description,26758_37432053-0,26758_37432114-0,Driving Instructor (Driving Licence Required),Lancashire,My Four Wheels,My Four Wheels,Annual,Annual,0.991
LIKELY_DUPLICATE,same title/location/advertiser + salary + very similar description,26758_37432053-0,26758_37432125-0,Driving Instructor (Driving Licence Required),Lancashire,My Four Wheels,My Four Wheels,Annual,Annual,0.991
LIKELY_DUPLICATE,same title/location/advertiser + salary + very similar description,26758_37432053-0,26758_37432126-0,Driving Instructor (Driving Licence Required),Lancashire,My Four Wheels,My Four Wheels,Annual,Annual,0.991
LIKELY_DUPLICATE,same title/location/advertiser + salary + very similar description,26758_37432053-0,26758_37432139-0,Driving Instructor (Driving Licence Required),Lancashire,My Four Wheels,My Four Wheels,Annual,Annual,0.992
LIKELY_DUPLICATE,same title/location/advertiser + salary + very similar description,26758_37432053-0,26758_37471185-0,Driving Instructor (Driving Licence Required),Lancashire,My Four Wheels,My Four Wheels,Annual,Annual,0.991
LIKELY_DUPLICATE,same title/location/advertiser + salary + very similar description,26758_37432053-0,26758_37471191-0,Driving Instructor (Driving Licence Required),Lancashire,My Four Wheels,My Four Wheels,Annual,Annual,0.992
LIKELY_DUPLICATE,same title/location/advertiser + salary + very similar description,26758_37432053-0,26758_37471192-0,Driving Instructor (Driving Licence Required),Lancashire,My Four Wheels,My Four Wheels,Annual,Annual,0.991
LIKELY_DUPLICATE,same title/location/advertiser + salary + very similar description,26758_37432053-0,26758_37471207-0,Driving Instructor (Driving Licence Required),Lancashire,My Four Wheels,My Four Wheels,Annual,Annual,0.990
LIKELY_DUPLICATE,same title/location/advertiser + salary + very similar description,26758_37432054-0,26758_35867435-0,Driving Instructor (Driving Licence Required),Lancashire,My Four Wheels,My Four Wheels,Annual,Annual,0.994
LIKELY_DUPLICATE,same title/location/advertiser + salary + very similar description,26758_37432054-0,26758_35867500-0,Driving Instructor (Driving Licence Required),Lancashire,My Four Wheels,My Four Wheels,Annual,Annual,0.991
LIKELY_DUPLICATE,same title/location/advertiser + salary + very similar description,26758_37432054-0,26758_35867502-0,Driving Instructor (Driving Licence Required),Lancashire,My Four Wheels,My Four Wheels,Annual,Annual,0.994
LIKELY_DUPLICATE,same title/location/advertiser + salary + very similar description,26758_37432054-0,26758_35867503-0,Driving Instructor (Driving Licence Required),Lancashire,My Four Wheels,My Four Wheels,Annual,Annual,0.992
LIKELY_DUPLICATE,same title/location/advertiser + salary + very similar description,26758_37432054-0,26758_35867550-0,Driving Instructor (Driving Licence Required),Lancashire,My Four Wheels,My Four Wheels,Annual,Annual,0.992
LIKELY_DUPLICATE,same title/location/advertiser + salary + very similar description,26758_37432054-0,26758_35867573-0,Driving Instructor (Driving Licence Required),Lancashire,My Four Wheels,My Four Wheels,Annual,Annual,0.991
LIKELY_DUPLICATE,same title/location/advertiser + salary + very similar description,26758_37432054-0,26758_37431915-0,Driving Instructor (Driving Licence Required),Lancashire,My Four Wheels,My Four Wheels,Annual,Annual,0.991
LIKELY_DUPLICATE,same title/location/advertiser + salary + very similar description,26758_37432054-0,26758_37431931-0,Driving Instructor (Driving Licence Required),Lancashire,My Four Wheels,My Four Wheels,Annual,Annual,0.992
LIKELY_DUPLICATE,same title/location/advertiser + salary + very similar description,26758_37432054-0,26758_37431932-0,Driving Instructor (Driving Licence Required),Lancashire,My Four Wheels,My Four Wheels,Annual,Annual,0.991
LIKELY_DUPLICATE,same title/location/advertiser + salary + very similar description,26758_37432054-0,26758_37431942-0,Driving Instructor (Driving Licence Required),Lancashire,My Four Wheels,My Four Wheels,Annual,Annual,0.990
LIKELY_DUPLICATE,same title/location/advertiser + salary + very similar description,26758_37432054-0,26758_37431945-0,Driving Instructor (Driving Licence Required),Lancashire,My Four Wheels,My Four Wheels,Annual,Annual,0.990
LIKELY_DUPLICATE,same title/location/advertiser + salary + very similar description,26758_37432054-0,26758_37431948-0,Driving Instructor (Driving Licence Required),Lancashire,My Four Wheels,My Four Wheels,Annual,Annual,0.991
LIKELY_DUPLICATE,same title/location/advertiser + salary + very similar description,26758_37432054-0,26758_37431952-0,Driving Instructor (Driving Licence Required),Lancashire,My Four Wheels,My Four Wheels,Annual,Annual,0.992
LIKELY_DUPLICATE,same title/location/advertiser + salary + very similar description,26758_37432054-0,26758_37431959-0,Driving Instructor (Driving Licence Required),Lancashire,My Four Wheels,My Four Wheels,Annual,Annual,0.992
LIKELY_DUPLICATE,same title/location/advertiser + salary + very similar description,26758_37432054-0,26758_37431966-0,Driving Instructor (Driving Licence Required),Lancashire,My Four Wheels,My Four Wheels,Annual,Annual,0.992
LIKELY_DUPLICATE,same title/location/advertiser + salary + very similar description,26758_37432054-0,26758_37431977-0,Driving Instructor (Driving Licence Required),Lancashire,My Four Wheels,My Four Wheels,Annual,Annual,0.991
LIKELY_DUPLICATE,same title/location/advertiser + salary + very similar description,26758_37432054-0,26758_37431991-0,Driving Instructor (Driving Licence Required),Lancashire,My Four Wheels,My Four Wheels,Annual,Annual,0.991
LIKELY_DUPLICATE,same title/location/advertiser + salary + very similar description,26758_37432054-0,26758_37432000-0,Driving Instructor (Driving Licence Required),Lancashire,My Four Wheels,My Four Wheels,Annual,Annual,0.991
LIKELY_DUPLICATE,same title/location/advertiser + salary + very similar description,26758_37432054-0,26758_37432014-0,Driving Instructor (Driving Licence Required),Lancashire,My Four Wheels,My Four Wheels,Annual,Annual,0.991
LIKELY_DUPLICATE,same title/location/advertiser + salary + very similar description,26758_37432054-0,26758_37432073-0,Driving Instructor (Driving Licence Required),Lancashire,My Four Wheels,My Four Wheels,Annual,Annual,0.991
LIKELY_DUPLICATE,same title/location/advertiser + salary + very similar description,26758_37432054-0,26758_37432078-0,Driving Instructor (Driving Licence Required),Lancashire,My Four Wheels,My Four Wheels,Annual,Annual,0.990
LIKELY_DUPLICATE,same title/location/advertiser + salary + very similar description,26758_37432054-0,26758_37432083-0,Driving Instructor (Driving Licence Required),Lancashire,My Four Wheels,My Four Wheels,Annual,Annual,0.992
LIKELY_DUPLICATE,same title/location/advertiser + salary + very similar description,26758_37432054-0,26758_37432092-0,Driving Instructor (Driving Licence Required),Lancashire,My Four Wheels,My Four Wheels,Annual,Annual,0.992
LIKELY_DUPLICATE,same title/location/advertiser + salary + very similar description,26758_37432054-0,26758_37432110-0,Driving Instructor (Driving Licence Required),Lancashire,My Four Wheels,My Four Wheels,Annual,Annual,0.992
LIKELY_DUPLICATE,same title/location/advertiser + salary + very similar description,26758_37432054-0,26758_37432112-0,Driving Instructor (Driving Licence Required),Lancashire,My Four Wheels,My Four Wheels,Annual,Annual,0.991
LIKELY_DUPLICATE,same title/location/advertiser + salary + very similar description,26758_37432054-0,26758_37432114-0,Driving Instructor (Driving Licence Required),Lancashire,My Four Wheels,My Four Wheels,Annual,Annual,0.992
LIKELY_DUPLICATE,same title/location/advertiser + salary + very similar description,26758_37432054-0,26758_37432125-0,Driving Instructor (Driving Licence Required),Lancashire,My Four Wheels,My Four Wheels,Annual,Annual,0.992
LIKELY_DUPLICATE,same title/location/advertiser + salary + very similar description,26758_37432054-0,26758_37432126-0,Driving Instructor (Driving Licence Required),Lancashire,My Four Wheels,My Four Wheels,Annual,Annual,0.991
LIKELY_DUPLICATE,same title/location/advertiser + salary + very similar description,26758_37432054-0,26758_37432139-0,Driving Instructor (Driving Licence Required),Lancashire,My Four Wheels,My Four Wheels,Annual,Annual,0.991
LIKELY_DUPLICATE,same title/location/advertiser + salary + very similar description,26758_37432054-0,26758_37471185-0,Driving Instructor (Driving Licence Required),Lancashire,My Four Wheels,My Four Wheels,Annual,Annual,0.991
LIKELY_DUPLICATE,same title/location/advertiser + salary + very similar description,26758_37432054-0,26758_37471191-0,Driving Instructor (Driving Licence Required),Lancashire,My Four Wheels,My Four Wheels,Annual,Annual,0.990
LIKELY_DUPLICATE,same title/location/advertiser + salary + very similar description,26758_37432054-0,26758_37471207-0,Driving Instructor (Driving Licence Required),Lancashire,My Four Wheels,My Four Wheels,Annual,Annual,0.991
LIKELY_DUPLICATE,same title/location/advertiser + salary + very similar description,26758_37432073-0,26758_35867573-0,Driving Instructor (Driving Licence Required),Lancashire,My Four Wheels,My Four Wheels,Annual,Annual,0.991
LIKELY_DUPLICATE,same title/location/advertiser + salary + very similar description,26758_37432073-0,26758_37431915-0,Driving Instructor (Driving Licence Required),Lancashire,My Four Wheels,My Four Wheels,Annual,Annual,0.991
LIKELY_DUPLICATE,same title/location/advertiser + salary + very similar description,26758_37432073-0,26758_37431931-0,Driving Instructor (Driving Licence Required),Lancashire,My Four Wheels,My Four Wheels,Annual,Annual,0.992
LIKELY_DUPLICATE,same title/location/advertiser + salary + very similar description,26758_37432073-0,26758_37431942-0,Driving Instructor (Driving Licence Required),Lancashire,My Four Wheels,My Four Wheels,Annual,Annual,0.991
LIKELY_DUPLICATE,same title/location/advertiser + salary + very similar description,26758_37432073-0,26758_37431991-0,Driving Instructor (Driving Licence Required),Lancashire,My Four Wheels,My Four Wheels,Annual,Annual,0.991
LIKELY_DUPLICATE,same title/location/advertiser + salary + very similar description,26758_37432073-0,26758_37471207-0,Driving Instructor (Driving Licence Required),Lancashire,My Four Wheels,My Four Wheels,Annual,Annual,0.991
LIKELY_DUPLICATE,same title/location/advertiser + salary + very similar description,26758_37432078-0,26758_35867503-0,Driving Instructor (Driving Licence Required),Lancashire,My Four Wheels,My Four Wheels,Annual,Annual,0.991
LIKELY_DUPLICATE,same title/location/advertiser + salary + very similar description,26758_37432078-0,26758_35867550-0,Driving Instructor (Driving Licence Required),Lancashire,My Four Wheels,My Four Wheels,Annual,Annual,0.991
LIKELY_DUPLICATE,same title/location/advertiser + salary + very similar description,26758_37432078-0,26758_35867573-0,Driving Instructor (Driving Licence Required),Lancashire,My Four Wheels,My Four Wheels,Annual,Annual,0.992
LIKELY_DUPLICATE,same title/location/advertiser + salary + very similar description,26758_37432078-0,26758_37431915-0,Driving Instructor (Driving Licence Required),Lancashire,My Four Wheels,My Four Wheels,Annual,Annual,0.991
LIKELY_DUPLICATE,same title/location/advertiser + salary + very similar description,26758_37432078-0,26758_37431931-0,Driving Instructor (Driving Licence Required),Lancashire,My Four Wheels,My Four Wheels,Annual,Annual,0.991
LIKELY_DUPLICATE,same title/location/advertiser + salary + very similar description,26758_37432078-0,26758_37431942-0,Driving Instructor (Driving Licence Required),Lancashire,My Four Wheels,My Four Wheels,Annual,Annual,0.992
LIKELY_DUPLICATE,same title/location/advertiser + salary + very similar description,26758_37432078-0,26758_37431959-0,Driving Instructor (Driving Licence Required),Lancashire,My Four Wheels,My Four Wheels,Annual,Annual,0.994
LIKELY_DUPLICATE,same title/location/advertiser + salary + very similar description,26758_37432078-0,26758_37431991-0,Driving Instructor (Driving Licence Required),Lancashire,My Four Wheels,My Four Wheels,Annual,Annual,0.991
LIKELY_DUPLICATE,same title/location/advertiser + salary + very similar description,26758_37432078-0,26758_37432014-0,Driving Instructor (Driving Licence Required),Lancashire,My Four Wheels,My Four Wheels,Annual,Annual,0.992
LIKELY_DUPLICATE,same title/location/advertiser + salary + very similar description,26758_37432078-0,26758_37432073-0,Driving Instructor (Driving Licence Required),Lancashire,My Four Wheels,My Four Wheels,Annual,Annual,0.991
LIKELY_DUPLICATE,same title/location/advertiser + salary + very similar description,26758_37432078-0,26758_37432092-0,Driving Instructor (Driving Licence Required),Lancashire,My Four Wheels,My Four Wheels,Annual,Annual,0.992
LIKELY_DUPLICATE,same title/location/advertiser + salary + very similar description,26758_37432078-0,26758_37432110-0,Driving Instructor (Driving Licence Required),Lancashire,My Four Wheels,My Four Wheels,Annual,Annual,0.991
LIKELY_DUPLICATE,same title/location/advertiser + salary + very similar description,26758_37432078-0,26758_37432125-0,Driving Instructor (Driving Licence Required),Lancashire,My Four Wheels,My Four Wheels,Annual,Annual,0.991
LIKELY_DUPLICATE,same title/location/advertiser + salary + very similar description,26758_37432078-0,26758_37432126-0,Driving Instructor (Driving Licence Required),Lancashire,My Four Wheels,My Four Wheels,Annual,Annual,0.992
LIKELY_DUPLICATE,same title/location/advertiser + salary + very similar description,26758_37432078-0,26758_37471185-0,Driving Instructor (Driving Licence Required),Lancashire,My Four Wheels,My Four Wheels,Annual,Annual,0.991
LIKELY_DUPLICATE,same title/location/advertiser + salary + very similar description,26758_37432078-0,26758_37471191-0,Driving Instructor (Driving Licence Required),Lancashire,My Four Wheels,My Four Wheels,Annual,Annual,0.993
LIKELY_DUPLICATE,same title/location/advertiser + salary + very similar description,26758_37432078-0,26758_37471207-0,Driving Instructor (Driving Licence Required),Lancashire,My Four Wheels,My Four Wheels,Annual,Annual,0.991
LIKELY_DUPLICATE,same title/location/advertiser + salary + very similar description,26758_37432083-0,26758_35867435-0,Driving Instructor (Driving Licence Required),Lancashire,My Four Wheels,My Four Wheels,Annual,Annual,0.991
LIKELY_DUPLICATE,same title/location/advertiser + salary + very similar description,26758_37432083-0,26758_35867500-0,Driving Instructor (Driving Licence Required),Lancashire,My Four Wheels,My Four Wheels,Annual,Annual,0.991
LIKELY_DUPLICATE,same title/location/advertiser + salary + very similar description,26758_37432083-0,26758_35867503-0,Driving Instructor (Driving Licence Required),Lancashire,My Four Wheels,My Four Wheels,Annual,Annual,0.991
LIKELY_DUPLICATE,same title/location/advertiser + salary + very similar description,26758_37432083-0,26758_35867550-0,Driving Instructor (Driving Licence Required),Lancashire,My Four Wheels,My Four Wheels,Annual,Annual,0.991
LIKELY_DUPLICATE,same title/location/advertiser + salary + very similar description,26758_37432083-0,26758_35867573-0,Driving Instructor (Driving Licence Required),Lancashire,My Four Wheels,My Four Wheels,Annual,Annual,0.991
LIKELY_DUPLICATE,same title/location/advertiser + salary + very similar description,26758_37432083-0,26758_37431915-0,Driving Instructor (Driving Licence Required),Lancashire,My Four Wheels,My Four Wheels,Annual,Annual,0.991
LIKELY_DUPLICATE,same title/location/advertiser + salary + very similar description,26758_37432083-0,26758_37431931-0,Driving Instructor (Driving Licence Required),Lancashire,My Four Wheels,My Four Wheels,Annual,Annual,0.991
LIKELY_DUPLICATE,same title/location/advertiser + salary + very similar description,26758_37432083-0,26758_37431932-0,Driving Instructor (Driving Licence Required),Lancashire,My Four Wheels,My Four Wheels,Annual,Annual,0.992
LIKELY_DUPLICATE,same title/location/advertiser + salary + very similar description,26758_37432083-0,26758_37431942-0,Driving Instructor (Driving Licence Required),Lancashire,My Four Wheels,My Four Wheels,Annual,Annual,0.991
LIKELY_DUPLICATE,same title/location/advertiser + salary + very similar description,26758_37432083-0,26758_37431945-0,Driving Instructor (Driving Licence Required),Lancashire,My Four Wheels,My Four Wheels,Annual,Annual,0.990
LIKELY_DUPLICATE,same title/location/advertiser + salary + very similar description,26758_37432083-0,26758_37431959-0,Driving Instructor (Driving Licence Required),Lancashire,My Four Wheels,My Four Wheels,Annual,Annual,0.992
LIKELY_DUPLICATE,same title/location/advertiser + salary + very similar description,26758_37432083-0,26758_37431966-0,Driving Instructor (Driving Licence Required),Lancashire,My Four Wheels,My Four Wheels,Annual,Annual,0.991
LIKELY_DUPLICATE,same title/location/advertiser + salary + very similar description,26758_37432083-0,26758_37431977-0,Driving Instructor (Driving Licence Required),Lancashire,My Four Wheels,My Four Wheels,Annual,Annual,0.991
LIKELY_DUPLICATE,same title/location/advertiser + salary + very similar description,26758_37432083-0,26758_37431991-0,Driving Instructor (Driving Licence Required),Lancashire,My Four Wheels,My Four Wheels,Annual,Annual,0.992
LIKELY_DUPLICATE,same title/location/advertiser + salary + very similar description,26758_37432083-0,26758_37432014-0,Driving Instructor (Driving Licence Required),Lancashire,My Four Wheels,My Four Wheels,Annual,Annual,0.994
LIKELY_DUPLICATE,same title/location/advertiser + salary + very similar description,26758_37432083-0,26758_37432073-0,Driving Instructor (Driving Licence Required),Lancashire,My Four Wheels,My Four Wheels,Annual,Annual,0.992
LIKELY_DUPLICATE,same title/location/advertiser + salary + very similar description,26758_37432083-0,26758_37432078-0,Driving Instructor (Driving Licence Required),Lancashire,My Four Wheels,My Four Wheels,Annual,Annual,0.991
LIKELY_DUPLICATE,same title/location/advertiser + salary + very similar description,26758_37432083-0,26758_37432092-0,Driving Instructor (Driving Licence Required),Lancashire,My Four Wheels,My Four Wheels,Annual,Annual,0.991
LIKELY_DUPLICATE,same title/location/advertiser + salary + very similar description,26758_37432083-0,26758_37432110-0,Driving Instructor (Driving Licence Required),Lancashire,My Four Wheels,My Four Wheels,Annual,Annual,0.992
LIKELY_DUPLICATE,same title/location/advertiser + salary + very similar description,26758_37432083-0,26758_37432112-0,Driving Instructor (Driving Licence Required),Lancashire,My Four Wheels,My Four Wheels,Annual,Annual,0.991
LIKELY_DUPLICATE,same title/location/advertiser + salary + very similar description,26758_37432083-0,26758_37432125-0,Driving Instructor (Driving Licence Required),Lancashire,My Four Wheels,My Four Wheels,Annual,Annual,0.990
LIKELY_DUPLICATE,same title/location/advertiser + salary + very similar description,26758_37432083-0,26758_37432126-0,Driving Instructor (Driving Licence Required),Lancashire,My Four Wheels,My Four Wheels,Annual,Annual,0.993
LIKELY_DUPLICATE,same title/location/advertiser + salary + very similar description,26758_37432083-0,26758_37432139-0,Driving Instructor (Driving Licence Required),Lancashire,My Four Wheels,My Four Wheels,Annual,Annual,0.991
LIKELY_DUPLICATE,same title/location/advertiser + salary + very similar description,26758_37432083-0,26758_37471185-0,Driving Instructor (Driving Licence Required),Lancashire,My Four Wheels,My Four Wheels,Annual,Annual,0.992
LIKELY_DUPLICATE,same title/location/advertiser + salary + very similar description,26758_37432083-0,26758_37471191-0,Driving Instructor (Driving Licence Required),Lancashire,My Four Wheels,My Four Wheels,Annual,Annual,0.991
LIKELY_DUPLICATE,same title/location/advertiser + salary + very similar description,26758_37432083-0,26758_37471207-0,Driving Instructor (Driving Licence Required),Lancashire,My Four Wheels,My Four Wheels,Annual,Annual,0.991
LIKELY_DUPLICATE,same title/location/advertiser + salary + very similar description,26758_37432092-0,26758_35867503-0,Driving Instructor (Driving Licence Required),Lancashire,My Four Wheels,My Four Wheels,Annual,Annual,0.991
LIKELY_DUPLICATE,same title/location/advertiser + salary + very similar description,26758_37432092-0,26758_35867550-0,Driving Instructor (Driving Licence Required),Lancashire,My Four Wheels,My Four Wheels,Annual,Annual,0.991
LIKELY_DUPLICATE,same title/location/advertiser + salary + very similar description,26758_37432092-0,26758_35867573-0,Driving Instructor (Driving Licence Required),Lancashire,My Four Wheels,My Four Wheels,Annual,Annual,0.991
LIKELY_DUPLICATE,same title/location/advertiser + salary + very similar description,26758_37432092-0,26758_37431915-0,Driving Instructor (Driving Licence Required),Lancashire,My Four Wheels,My Four Wheels,Annual,Annual,0.991
LIKELY_DUPLICATE,same title/location/advertiser + salary + very similar description,26758_37432092-0,26758_37431931-0,Driving Instructor (Driving Licence Required),Lancashire,My Four Wheels,My Four Wheels,Annual,Annual,0.991
LIKELY_DUPLICATE,same title/location/advertiser + salary + very similar description,26758_37432092-0,26758_37431942-0,Driving Instructor (Driving Licence Required),Lancashire,My Four Wheels,My Four Wheels,Annual,Annual,0.991
LIKELY_DUPLICATE,same title/location/advertiser + salary + very similar description,26758_37432092-0,26758_37431959-0,Driving Instructor (Driving Licence Required),Lancashire,My Four Wheels,My Four Wheels,Annual,Annual,0.992
LIKELY_DUPLICATE,same title/location/advertiser + salary + very similar description,26758_37432092-0,26758_37431991-0,Driving Instructor (Driving Licence Required),Lancashire,My Four Wheels,My Four Wheels,Annual,Annual,0.992
LIKELY_DUPLICATE,same title/location/advertiser + salary + very similar description,26758_37432092-0,26758_37432014-0,Driving Instructor (Driving Licence Required),Lancashire,My Four Wheels,My Four Wheels,Annual,Annual,0.992
LIKELY_DUPLICATE,same title/location/advertiser + salary + very similar description,26758_37432092-0,26758_37432073-0,Driving Instructor (Driving Licence Required),Lancashire,My Four Wheels,My Four Wheels,Annual,Annual,0.994
LIKELY_DUPLICATE,same title/location/advertiser + salary + very similar description,26758_37432092-0,26758_37432110-0,Driving Instructor (Driving Licence Required),Lancashire,My Four Wheels,My Four Wheels,Annual,Annual,0.991
LIKELY_DUPLICATE,same title/location/advertiser + salary + very similar description,26758_37432092-0,26758_37432125-0,Driving Instructor (Driving Licence Required),Lancashire,My Four Wheels,My Four Wheels,Annual,Annual,0.991
LIKELY_DUPLICATE,same title/location/advertiser + salary + very similar description,26758_37432092-0,26758_37432126-0,Driving Instructor (Driving Licence Required),Lancashire,My Four Wheels,My Four Wheels,Annual,Annual,0.991
LIKELY_DUPLICATE,same title/location/advertiser + salary + very similar description,26758_37432092-0,26758_37471185-0,Driving Instructor (Driving Licence Required),Lancashire,My Four Wheels,My Four Wheels,Annual,Annual,0.991
LIKELY_DUPLICATE,same title/location/advertiser + salary + very similar description,26758_37432092-0,26758_37471207-0,Driving Instructor (Driving Licence Required),Lancashire,My Four Wheels,My Four Wheels,Annual,Annual,0.993
LIKELY_DUPLICATE,same title/location/advertiser + salary + very similar description,26758_37432110-0,26758_35867503-0,Driving Instructor (Driving Licence Required),Lancashire,My Four Wheels,My Four Wheels,Annual,Annual,0.991
LIKELY_DUPLICATE,same title/location/advertiser + salary + very similar description,26758_37432110-0,26758_35867573-0,Driving Instructor (Driving Licence Required),Lancashire,My Four Wheels,My Four Wheels,Annual,Annual,0.991
LIKELY_DUPLICATE,same title/location/advertiser + salary + very similar description,26758_37432110-0,26758_37431915-0,Driving Instructor (Driving Licence Required),Lancashire,My Four Wheels,My Four Wheels,Annual,Annual,0.991
LIKELY_DUPLICATE,same title/location/advertiser + salary + very similar description,26758_37432110-0,26758_37431931-0,Driving Instructor (Driving Licence Required),Lancashire,My Four Wheels,My Four Wheels,Annual,Annual,0.992
LIKELY_DUPLICATE,same title/location/advertiser + salary + very similar description,26758_37432110-0,26758_37431942-0,Driving Instructor (Driving Licence Required),Lancashire,My Four Wheels,My Four Wheels,Annual,Annual,0.991
LIKELY_DUPLICATE,same title/location/advertiser + salary + very similar description,26758_37432110-0,26758_37431959-0,Driving Instructor (Driving Licence Required),Lancashire,My Four Wheels,My Four Wheels,Annual,Annual,0.991
LIKELY_DUPLICATE,same title/location/advertiser + salary + very similar description,26758_37432110-0,26758_37431991-0,Driving Instructor (Driving Licence Required),Lancashire,My Four Wheels,My Four Wheels,Annual,Annual,0.991
LIKELY_DUPLICATE,same title/location/advertiser + salary + very similar description,26758_37432110-0,26758_37432014-0,Driving Instructor (Driving Licence Required),Lancashire,My Four Wheels,My Four Wheels,Annual,Annual,0.991
LIKELY_DUPLICATE,same title/location/advertiser + salary + very similar description,26758_37432110-0,26758_37432073-0,Driving Instructor (Driving Licence Required),Lancashire,My Four Wheels,My Four Wheels,Annual,Annual,0.991
LIKELY_DUPLICATE,same title/location/advertiser + salary + very similar description,26758_37432110-0,26758_37432125-0,Driving Instructor (Driving Licence Required),Lancashire,My Four Wheels,My Four Wheels,Annual,Annual,0.991
LIKELY_DUPLICATE,same title/location/advertiser + salary + very similar description,26758_37432110-0,26758_37471207-0,Driving Instructor (Driving Licence Required),Lancashire,My Four Wheels,My Four Wheels,Annual,Annual,0.991
LIKELY_DUPLICATE,same title/location/advertiser + salary + very similar description,26758_37432112-0,26758_35867435-0,Driving Instructor (Driving Licence Required),Lancashire,My Four Wheels,My Four Wheels,Annual,Annual,0.992
LIKELY_DUPLICATE,same title/location/advertiser + salary + very similar description,26758_37432112-0,26758_35867500-0,Driving Instructor (Driving Licence Required),Lancashire,My Four Wheels,My Four Wheels,Annual,Annual,0.992
LIKELY_DUPLICATE,same title/location/advertiser + salary + very similar description,26758_37432112-0,26758_35867503-0,Driving Instructor (Driving Licence Required),Lancashire,My Four Wheels,My Four Wheels,Annual,Annual,0.991
LIKELY_DUPLICATE,same title/location/advertiser + salary + very similar description,26758_37432112-0,26758_35867550-0,Driving Instructor (Driving Licence Required),Lancashire,My Four Wheels,My Four Wheels,Annual,Annual,0.991
LIKELY_DUPLICATE,same title/location/advertiser + salary + very similar description,26758_37432112-0,26758_35867573-0,Driving Instructor (Driving Licence Required),Lancashire,My Four Wheels,My Four Wheels,Annual,Annual,0.991
LIKELY_DUPLICATE,same title/location/advertiser + salary + very similar description,26758_37432112-0,26758_37431915-0,Driving Instructor (Driving Licence Required),Lancashire,My Four Wheels,My Four Wheels,Annual,Annual,0.993
LIKELY_DUPLICATE,same title/location/advertiser + salary + very similar description,26758_37432112-0,26758_37431931-0,Driving Instructor (Driving Licence Required),Lancashire,My Four Wheels,My Four Wheels,Annual,Annual,0.991
LIKELY_DUPLICATE,same title/location/advertiser + salary + very similar description,26758_37432112-0,26758_37431942-0,Driving Instructor (Driving Licence Required),Lancashire,My Four Wheels,My Four Wheels,Annual,Annual,0.992
LIKELY_DUPLICATE,same title/location/advertiser + salary + very similar description,26758_37432112-0,26758_37431945-0,Driving Instructor (Driving Licence Required),Lancashire,My Four Wheels,My Four Wheels,Annual,Annual,0.991
LIKELY_DUPLICATE,same title/location/advertiser + salary + very similar description,26758_37432112-0,26758_37431959-0,Driving Instructor (Driving Licence Required),Lancashire,My Four Wheels,My Four Wheels,Annual,Annual,0.991
LIKELY_DUPLICATE,same title/location/advertiser + salary + very similar description,26758_37432112-0,26758_37431991-0,Driving Instructor (Driving Licence Required),Lancashire,My Four Wheels,My Four Wheels,Annual,Annual,0.990
LIKELY_DUPLICATE,same title/location/advertiser + salary + very similar description,26758_37432112-0,26758_37432014-0,Driving Instructor (Driving Licence Required),Lancashire,My Four Wheels,My Four Wheels,Annual,Annual,0.991
LIKELY_DUPLICATE,same title/location/advertiser + salary + very similar description,26758_37432112-0,26758_37432073-0,Driving Instructor (Driving Licence Required),Lancashire,My Four Wheels,My Four Wheels,Annual,Annual,0.991
LIKELY_DUPLICATE,same title/location/advertiser + salary + very similar description,26758_37432112-0,26758_37432078-0,Driving Instructor (Driving Licence Required),Lancashire,My Four Wheels,My Four Wheels,Annual,Annual,0.991
LIKELY_DUPLICATE,same title/location/advertiser + salary + very similar description,26758_37432112-0,26758_37432092-0,Driving Instructor (Driving Licence Required),Lancashire,My Four Wheels,My Four Wheels,Annual,Annual,0.991
LIKELY_DUPLICATE,same title/location/advertiser + salary + very similar description,26758_37432112-0,26758_37432110-0,Driving Instructor (Driving Licence Required),Lancashire,My Four Wheels,My Four Wheels,Annual,Annual,0.990
LIKELY_DUPLICATE,same title/location/advertiser + salary + very similar description,26758_37432112-0,26758_37432125-0,Driving Instructor (Driving Licence Required),Lancashire,My Four Wheels,My Four Wheels,Annual,Annual,0.991
LIKELY_DUPLICATE,same title/location/advertiser + salary + very similar description,26758_37432112-0,26758_37432126-0,Driving Instructor (Driving Licence Required),Lancashire,My Four Wheels,My Four Wheels,Annual,Annual,0.991
LIKELY_DUPLICATE,same title/location/advertiser + salary + very similar description,26758_37432112-0,26758_37471185-0,Driving Instructor (Driving Licence Required),Lancashire,My Four Wheels,My Four Wheels,Annual,Annual,0.992
LIKELY_DUPLICATE,same title/location/advertiser + salary + very similar description,26758_37432112-0,26758_37471191-0,Driving Instructor (Driving Licence Required),Lancashire,My Four Wheels,My Four Wheels,Annual,Annual,0.991
LIKELY_DUPLICATE,same title/location/advertiser + salary + very similar description,26758_37432112-0,26758_37471207-0,Driving Instructor (Driving Licence Required),Lancashire,My Four Wheels,My Four Wheels,Annual,Annual,0.994
LIKELY_DUPLICATE,same title/location/advertiser + salary + very similar description,26758_37432114-0,26758_35867435-0,Driving Instructor (Driving Licence Required),Lancashire,My Four Wheels,My Four Wheels,Annual,Annual,0.990
LIKELY_DUPLICATE,same title/location/advertiser + salary + very similar description,26758_37432114-0,26758_35867500-0,Driving Instructor (Driving Licence Required),Lancashire,My Four Wheels,My Four Wheels,Annual,Annual,0.992
LIKELY_DUPLICATE,same title/location/advertiser + salary + very similar description,26758_37432114-0,26758_35867502-0,Driving Instructor (Driving Licence Required),Lancashire,My Four Wheels,My Four Wheels,Annual,Annual,0.991
LIKELY_DUPLICATE,same title/location/advertiser + salary + very similar description,26758_37432114-0,26758_35867503-0,Driving Instructor (Driving Licence Required),Lancashire,My Four Wheels,My Four Wheels,Annual,Annual,0.991
LIKELY_DUPLICATE,same title/location/advertiser + salary + very similar description,26758_37432114-0,26758_35867550-0,Driving Instructor (Driving Licence Required),Lancashire,My Four Wheels,My Four Wheels,Annual,Annual,0.991
LIKELY_DUPLICATE,same title/location/advertiser + salary + very similar description,26758_37432114-0,26758_35867573-0,Driving Instructor (Driving Licence Required),Lancashire,My Four Wheels,My Four Wheels,Annual,Annual,0.992
LIKELY_DUPLICATE,same title/location/advertiser + salary + very similar description,26758_37432114-0,26758_37431915-0,Driving Instructor (Driving Licence Required),Lancashire,My Four Wheels,My Four Wheels,Annual,Annual,0.991
LIKELY_DUPLICATE,same title/location/advertiser + salary + very similar description,26758_37432114-0,26758_37431931-0,Driving Instructor (Driving Licence Required),Lancashire,My Four Wheels,My Four Wheels,Annual,Annual,0.992
LIKELY_DUPLICATE,same title/location/advertiser + salary + very similar description,26758_37432114-0,26758_37431932-0,Driving Instructor (Driving Licence Required),Lancashire,My Four Wheels,My Four Wheels,Annual,Annual,0.991
LIKELY_DUPLICATE,same title/location/advertiser + salary + very similar description,26758_37432114-0,26758_37431942-0,Driving Instructor (Driving Licence Required),Lancashire,My Four Wheels,My Four Wheels,Annual,Annual,0.991
LIKELY_DUPLICATE,same title/location/advertiser + salary + very similar description,26758_37432114-0,26758_37431945-0,Driving Instructor (Driving Licence Required),Lancashire,My Four Wheels,My Four Wheels,Annual,Annual,0.994
LIKELY_DUPLICATE,same title/location/advertiser + salary + very similar description,26758_37432114-0,26758_37431948-0,Driving Instructor (Driving Licence Required),Lancashire,My Four Wheels,My Four Wheels,Annual,Annual,0.991
LIKELY_DUPLICATE,same title/location/advertiser + salary + very similar description,26758_37432114-0,26758_37431952-0,Driving Instructor (Driving Licence Required),Lancashire,My Four Wheels,My Four Wheels,Annual,Annual,0.990
LIKELY_DUPLICATE,same title/location/advertiser + salary + very similar description,26758_37432114-0,26758_37431959-0,Driving Instructor (Driving Licence Required),Lancashire,My Four Wheels,My Four Wheels,Annual,Annual,0.991
LIKELY_DUPLICATE,same title/location/advertiser + salary + very similar description,26758_37432114-0,26758_37431966-0,Driving Instructor (Driving Licence Required),Lancashire,My Four Wheels,My Four Wheels,Annual,Annual,0.991
LIKELY_DUPLICATE,same title/location/advertiser + salary + very similar description,26758_37432114-0,26758_37431977-0,Driving Instructor (Driving Licence Required),Lancashire,My Four Wheels,My Four Wheels,Annual,Annual,0.991
LIKELY_DUPLICATE,same title/location/advertiser + salary + very similar description,26758_37432114-0,26758_37431991-0,Driving Instructor (Driving Licence Required),Lancashire,My Four Wheels,My Four Wheels,Annual,Annual,0.995
LIKELY_DUPLICATE,same title/location/advertiser + salary + very similar description,26758_37432114-0,26758_37432000-0,Driving Instructor (Driving Licence Required),Lancashire,My Four Wheels,My Four Wheels,Annual,Annual,0.991
LIKELY_DUPLICATE,same title/location/advertiser + salary + very similar description,26758_37432114-0,26758_37432014-0,Driving Instructor (Driving Licence Required),Lancashire,My Four Wheels,My Four Wheels,Annual,Annual,0.991
LIKELY_DUPLICATE,same title/location/advertiser + salary + very similar description,26758_37432114-0,26758_37432073-0,Driving Instructor (Driving Licence Required),Lancashire,My Four Wheels,My Four Wheels,Annual,Annual,0.991
LIKELY_DUPLICATE,same title/location/advertiser + salary + very similar description,26758_37432114-0,26758_37432078-0,Driving Instructor (Driving Licence Required),Lancashire,My Four Wheels,My Four Wheels,Annual,Annual,0.991
LIKELY_DUPLICATE,same title/location/advertiser + salary + very similar description,26758_37432114-0,26758_37432083-0,Driving Instructor (Driving Licence Required),Lancashire,My Four Wheels,My Four Wheels,Annual,Annual,0.992
LIKELY_DUPLICATE,same title/location/advertiser + salary + very similar description,26758_37432114-0,26758_37432092-0,Driving Instructor (Driving Licence Required),Lancashire,My Four Wheels,My Four Wheels,Annual,Annual,0.991
LIKELY_DUPLICATE,same title/location/advertiser + salary + very similar description,26758_37432114-0,26758_37432110-0,Driving Instructor (Driving Licence Required),Lancashire,My Four Wheels,My Four Wheels,Annual,Annual,0.991
LIKELY_DUPLICATE,same title/location/advertiser + salary + very similar description,26758_37432114-0,26758_37432112-0,Driving Instructor (Driving Licence Required),Lancashire,My Four Wheels,My Four Wheels,Annual,Annual,0.991
LIKELY_DUPLICATE,same title/location/advertiser + salary + very similar description,26758_37432114-0,26758_37432125-0,Driving Instructor (Driving Licence Required),Lancashire,My Four Wheels,My Four Wheels,Annual,Annual,0.991
LIKELY_DUPLICATE,same title/location/advertiser + salary + very similar description,26758_37432114-0,26758_37432126-0,Driving Instructor (Driving Licence Required),Lancashire,My Four Wheels,My Four Wheels,Annual,Annual,0.991
LIKELY_DUPLICATE,same title/location/advertiser + salary + very similar description,26758_37432114-0,26758_37432139-0,Driving Instructor (Driving Licence Required),Lancashire,My Four Wheels,My Four Wheels,Annual,Annual,0.992
LIKELY_DUPLICATE,same title/location/advertiser + salary + very similar description,26758_37432114-0,26758_37471185-0,Driving Instructor (Driving Licence Required),Lancashire,My Four Wheels,My Four Wheels,Annual,Annual,0.991
LIKELY_DUPLICATE,same title/location/advertiser + salary + very similar description,26758_37432114-0,26758_37471191-0,Driving Instructor (Driving Licence Required),Lancashire,My Four Wheels,My Four Wheels,Annual,Annual,0.991
LIKELY_DUPLICATE,same title/location/advertiser + salary + very similar description,26758_37432114-0,26758_37471207-0,Driving Instructor (Driving Licence Required),Lancashire,My Four Wheels,My Four Wheels,Annual,Annual,0.991
LIKELY_DUPLICATE,same title/location/advertiser + salary + very similar description,26758_37432125-0,26758_35867503-0,Driving Instructor (Driving Licence Required),Lancashire,My Four Wheels,My Four Wheels,Annual,Annual,0.991
LIKELY_DUPLICATE,same title/location/advertiser + salary + very similar description,26758_37432125-0,26758_35867573-0,Driving Instructor (Driving Licence Required),Lancashire,My Four Wheels,My Four Wheels,Annual,Annual,0.990
LIKELY_DUPLICATE,same title/location/advertiser + salary + very similar description,26758_37432125-0,26758_37431915-0,Driving Instructor (Driving Licence Required),Lancashire,My Four Wheels,My Four Wheels,Annual,Annual,0.991
LIKELY_DUPLICATE,same title/location/advertiser + salary + very similar description,26758_37432125-0,26758_37431931-0,Driving Instructor (Driving Licence Required),Lancashire,My Four Wheels,My Four Wheels,Annual,Annual,0.991
LIKELY_DUPLICATE,same title/location/advertiser + salary + very similar description,26758_37432125-0,26758_37431942-0,Driving Instructor (Driving Licence Required),Lancashire,My Four Wheels,My Four Wheels,Annual,Annual,0.992
LIKELY_DUPLICATE,same title/location/advertiser + salary + very similar description,26758_37432125-0,26758_37431959-0,Driving Instructor (Driving Licence Required),Lancashire,My Four Wheels,My Four Wheels,Annual,Annual,0.991
LIKELY_DUPLICATE,same title/location/advertiser + salary + very similar description,26758_37432125-0,26758_37431991-0,Driving Instructor (Driving Licence Required),Lancashire,My Four Wheels,My Four Wheels,Annual,Annual,0.991
LIKELY_DUPLICATE,same title/location/advertiser + salary + very similar description,26758_37432125-0,26758_37432014-0,Driving Instructor (Driving Licence Required),Lancashire,My Four Wheels,My Four Wheels,Annual,Annual,0.991
LIKELY_DUPLICATE,same title/location/advertiser + salary + very similar description,26758_37432125-0,26758_37432073-0,Driving Instructor (Driving Licence Required),Lancashire,My Four Wheels,My Four Wheels,Annual,Annual,0.991
LIKELY_DUPLICATE,same title/location/advertiser + salary + very similar description,26758_37432125-0,26758_37471207-0,Driving Instructor (Driving Licence Required),Lancashire,My Four Wheels,My Four Wheels,Annual,Annual,0.991
LIKELY_DUPLICATE,same title/location/advertiser + salary + very similar description,26758_37432126-0,26758_35867503-0,Driving Instructor (Driving Licence Required),Lancashire,My Four Wheels,My Four Wheels,Annual,Annual,0.991
LIKELY_DUPLICATE,same title/location/advertiser + salary + very similar description,26758_37432126-0,26758_35867550-0,Driving Instructor (Driving Licence Required),Lancashire,My Four Wheels,My Four Wheels,Annual,Annual,0.991
LIKELY_DUPLICATE,same title/location/advertiser + salary + very similar description,26758_37432126-0,26758_35867573-0,Driving Instructor (Driving Licence Required),Lancashire,My Four Wheels,My Four Wheels,Annual,Annual,0.994
LIKELY_DUPLICATE,same title/location/advertiser + salary + very similar description,26758_37432126-0,26758_37431915-0,Driving Instructor (Driving Licence Required),Lancashire,My Four Wheels,My Four Wheels,Annual,Annual,0.991
LIKELY_DUPLICATE,same title/location/advertiser + salary + very similar description,26758_37432126-0,26758_37431931-0,Driving Instructor (Driving Licence Required),Lancashire,My Four Wheels,My Four Wheels,Annual,Annual,0.992
LIKELY_DUPLICATE,same title/location/advertiser + salary + very similar description,26758_37432126-0,26758_37431942-0,Driving Instructor (Driving Licence Required),Lancashire,My Four Wheels,My Four Wheels,Annual,Annual,0.991
LIKELY_DUPLICATE,same title/location/advertiser + salary + very similar description,26758_37432126-0,26758_37431959-0,Driving Instructor (Driving Licence Required),Lancashire,My Four Wheels,My Four Wheels,Annual,Annual,0.992
LIKELY_DUPLICATE,same title/location/advertiser + salary + very similar description,26758_37432126-0,26758_37431991-0,Driving Instructor (Driving Licence Required),Lancashire,My Four Wheels,My Four Wheels,Annual,Annual,0.991
LIKELY_DUPLICATE,same title/location/advertiser + salary + very similar description,26758_37432126-0,26758_37432014-0,Driving Instructor (Driving Licence Required),Lancashire,My Four Wheels,My Four Wheels,Annual,Annual,0.991
LIKELY_DUPLICATE,same title/location/advertiser + salary + very similar description,26758_37432126-0,26758_37432073-0,Driving Instructor (Driving Licence Required),Lancashire,My Four Wheels,My Four Wheels,Annual,Annual,0.991
LIKELY_DUPLICATE,same title/location/advertiser + salary + very similar description,26758_37432126-0,26758_37432110-0,Driving Instructor (Driving Licence Required),Lancashire,My Four Wheels,My Four Wheels,Annual,Annual,0.991
LIKELY_DUPLICATE,same title/location/advertiser + salary + very similar description,26758_37432126-0,26758_37432125-0,Driving Instructor (Driving Licence Required),Lancashire,My Four Wheels,My Four Wheels,Annual,Annual,0.991
LIKELY_DUPLICATE,same title/location/advertiser + salary + very similar description,26758_37432126-0,26758_37471207-0,Driving Instructor (Driving Licence Required),Lancashire,My Four Wheels,My Four Wheels,Annual,Annual,0.991
LIKELY_DUPLICATE,same title/location/advertiser + salary + very similar description,26758_37432139-0,26758_35867435-0,Driving Instructor (Driving Licence Required),Lancashire,My Four Wheels,My Four Wheels,Annual,Annual,0.990
LIKELY_DUPLICATE,same title/location/advertiser + salary + very similar description,26758_37432139-0,26758_35867500-0,Driving Instructor (Driving Licence Required),Lancashire,My Four Wheels,My Four Wheels,Annual,Annual,0.990
LIKELY_DUPLICATE,same title/location/advertiser + salary + very similar description,26758_37432139-0,26758_35867503-0,Driving Instructor (Driving Licence Required),Lancashire,My Four Wheels,My Four Wheels,Annual,Annual,0.991
LIKELY_DUPLICATE,same title/location/advertiser + salary + very similar description,26758_37432139-0,26758_35867550-0,Driving Instructor (Driving Licence Required),Lancashire,My Four Wheels,My Four Wheels,Annual,Annual,0.991
LIKELY_DUPLICATE,same title/location/advertiser + salary + very similar description,26758_37432139-0,26758_35867573-0,Driving Instructor (Driving Licence Required),Lancashire,My Four Wheels,My Four Wheels,Annual,Annual,0.991
LIKELY_DUPLICATE,same title/location/advertiser + salary + very similar description,26758_37432139-0,26758_37431915-0,Driving Instructor (Driving Licence Required),Lancashire,My Four Wheels,My Four Wheels,Annual,Annual,0.991
LIKELY_DUPLICATE,same title/location/advertiser + salary + very similar description,26758_37432139-0,26758_37431931-0,Driving Instructor (Driving Licence Required),Lancashire,My Four Wheels,My Four Wheels,Annual,Annual,0.991
LIKELY_DUPLICATE,same title/location/advertiser + salary + very similar description,26758_37432139-0,26758_37431942-0,Driving Instructor (Driving Licence Required),Lancashire,My Four Wheels,My Four Wheels,Annual,Annual,0.991
LIKELY_DUPLICATE,same title/location/advertiser + salary + very similar description,26758_37432139-0,26758_37431945-0,Driving Instructor (Driving Licence Required),Lancashire,My Four Wheels,My Four Wheels,Annual,Annual,0.992
LIKELY_DUPLICATE,same title/location/advertiser + salary + very similar description,26758_37432139-0,26758_37431959-0,Driving Instructor (Driving Licence Required),Lancashire,My Four Wheels,My Four Wheels,Annual,Annual,0.991
LIKELY_DUPLICATE,same title/location/advertiser + salary + very similar description,26758_37432139-0,26758_37431991-0,Driving Instructor (Driving Licence Required),Lancashire,My Four Wheels,My Four Wheels,Annual,Annual,0.992
LIKELY_DUPLICATE,same title/location/advertiser + salary + very similar description,26758_37432139-0,26758_37432014-0,Driving Instructor (Driving Licence Required),Lancashire,My Four Wheels,My Four Wheels,Annual,Annual,0.992
LIKELY_DUPLICATE,same title/location/advertiser + salary + very similar description,26758_37432139-0,26758_37432073-0,Driving Instructor (Driving Licence Required),Lancashire,My Four Wheels,My Four Wheels,Annual,Annual,0.991
LIKELY_DUPLICATE,same title/location/advertiser + salary + very similar description,26758_37432139-0,26758_37432078-0,Driving Instructor (Driving Licence Required),Lancashire,My Four Wheels,My Four Wheels,Annual,Annual,0.991
LIKELY_DUPLICATE,same title/location/advertiser + salary + very similar description,26758_37432139-0,26758_37432092-0,Driving Instructor (Driving Licence Required),Lancashire,My Four Wheels,My Four Wheels,Annual,Annual,0.991
LIKELY_DUPLICATE,same title/location/advertiser + salary + very similar description,26758_37432139-0,26758_37432110-0,Driving Instructor (Driving Licence Required),Lancashire,My Four Wheels,My Four Wheels,Annual,Annual,0.990
LIKELY_DUPLICATE,same title/location/advertiser + salary + very similar description,26758_37432139-0,26758_37432112-0,Driving Instructor (Driving Licence Required),Lancashire,My Four Wheels,My Four Wheels,Annual,Annual,0.991
LIKELY_DUPLICATE,same title/location/advertiser + salary + very similar description,26758_37432139-0,26758_37432125-0,Driving Instructor (Driving Licence Required),Lancashire,My Four Wheels,My Four Wheels,Annual,Annual,0.994
LIKELY_DUPLICATE,same title/location/advertiser + salary + very similar description,26758_37432139-0,26758_37432126-0,Driving Instructor (Driving Licence Required),Lancashire,My Four Wheels,My Four Wheels,Annual,Annual,0.991
LIKELY_DUPLICATE,same title/location/advertiser + salary + very similar description,26758_37432139-0,26758_37471185-0,Driving Instructor (Driving Licence Required),Lancashire,My Four Wheels,My Four Wheels,Annual,Annual,0.991
LIKELY_DUPLICATE,same title/location/advertiser + salary + very similar description,26758_37432139-0,26758_37471191-0,Driving Instructor (Driving Licence Required),Lancashire,My Four Wheels,My Four Wheels,Annual,Annual,0.991
LIKELY_DUPLICATE,same title/location/advertiser + salary + very similar description,26758_37432139-0,26758_37471207-0,Driving Instructor (Driving Licence Required),Lancashire,My Four Wheels,My Four Wheels,Annual,Annual,0.991
LIKELY_DUPLICATE,same title/location/advertiser + salary + very similar description,26758_37471185-0,26758_35867503-0,Driving Instructor (Driving Licence Required),Lancashire,My Four Wheels,My Four Wheels,Annual,Annual,0.992
LIKELY_DUPLICATE,same title/location/advertiser + salary + very similar description,26758_37471185-0,26758_35867550-0,Driving Instructor (Driving Licence Required),Lancashire,My Four Wheels,My Four Wheels,Annual,Annual,0.991
LIKELY_DUPLICATE,same title/location/advertiser + salary + very similar description,26758_37471185-0,26758_35867573-0,Driving Instructor (Driving Licence Required),Lancashire,My Four Wheels,My Four Wheels,Annual,Annual,0.991
LIKELY_DUPLICATE,same title/location/advertiser + salary + very similar description,26758_37471185-0,26758_37431915-0,Driving Instructor (Driving Licence Required),Lancashire,My Four Wheels,My Four Wheels,Annual,Annual,0.992
LIKELY_DUPLICATE,same title/location/advertiser + salary + very similar description,26758_37471185-0,26758_37431931-0,Driving Instructor (Driving Licence Required),Lancashire,My Four Wheels,My Four Wheels,Annual,Annual,0.991
LIKELY_DUPLICATE,same title/location/advertiser + salary + very similar description,26758_37471185-0,26758_37431942-0,Driving Instructor (Driving Licence Required),Lancashire,My Four Wheels,My Four Wheels,Annual,Annual,0.991
LIKELY_DUPLICATE,same title/location/advertiser + salary + very similar description,26758_37471185-0,26758_37431959-0,Driving Instructor (Driving Licence Required),Lancashire,My Four Wheels,My Four Wheels,Annual,Annual,0.992
LIKELY_DUPLICATE,same title/location/advertiser + salary + very similar description,26758_37471185-0,26758_37431991-0,Driving Instructor (Driving Licence Required),Lancashire,My Four Wheels,My Four Wheels,Annual,Annual,0.992
LIKELY_DUPLICATE,same title/location/advertiser + salary + very similar description,26758_37471185-0,26758_37432014-0,Driving Instructor (Driving Licence Required),Lancashire,My Four Wheels,My Four Wheels,Annual,Annual,0.991
LIKELY_DUPLICATE,same title/location/advertiser + salary + very similar description,26758_37471185-0,26758_37432073-0,Driving Instructor (Driving Licence Required),Lancashire,My Four Wheels,My Four Wheels,Annual,Annual,0.992
LIKELY_DUPLICATE,same title/location/advertiser + salary + very similar description,26758_37471185-0,26758_37432110-0,Driving Instructor (Driving Licence Required),Lancashire,My Four Wheels,My Four Wheels,Annual,Annual,0.990
LIKELY_DUPLICATE,same title/location/advertiser + salary + very similar description,26758_37471185-0,26758_37432125-0,Driving Instructor (Driving Licence Required),Lancashire,My Four Wheels,My Four Wheels,Annual,Annual,0.991
LIKELY_DUPLICATE,same title/location/advertiser + salary + very similar description,26758_37471185-0,26758_37432126-0,Driving Instructor (Driving Licence Required),Lancashire,My Four Wheels,My Four Wheels,Annual,Annual,0.991
LIKELY_DUPLICATE,same title/location/advertiser + salary + very similar description,26758_37471185-0,26758_37471207-0,Driving Instructor (Driving Licence Required),Lancashire,My Four Wheels,My Four Wheels,Annual,Annual,0.992
LIKELY_DUPLICATE,same title/location/advertiser + salary + very similar description,26758_37471191-0,26758_35867503-0,Driving Instructor (Driving Licence Required),Lancashire,My Four Wheels,My Four Wheels,Annual,Annual,0.991
LIKELY_DUPLICATE,same title/location/advertiser + salary + very similar description,26758_37471191-0,26758_35867550-0,Driving Instructor (Driving Licence Required),Lancashire,My Four Wheels,My Four Wheels,Annual,Annual,0.991
LIKELY_DUPLICATE,same title/location/advertiser + salary + very similar description,26758_37471191-0,26758_35867573-0,Driving Instructor (Driving Licence Required),Lancashire,My Four Wheels,My Four Wheels,Annual,Annual,0.992
LIKELY_DUPLICATE,same title/location/advertiser + salary + very similar description,26758_37471191-0,26758_37431915-0,Driving Instructor (Driving Licence Required),Lancashire,My Four Wheels,My Four Wheels,Annual,Annual,0.991
LIKELY_DUPLICATE,same title/location/advertiser + salary + very similar description,26758_37471191-0,26758_37431931-0,Driving Instructor (Driving Licence Required),Lancashire,My Four Wheels,My Four Wheels,Annual,Annual,0.991
LIKELY_DUPLICATE,same title/location/advertiser + salary + very similar description,26758_37471191-0,26758_37431942-0,Driving Instructor (Driving Licence Required),Lancashire,My Four Wheels,My Four Wheels,Annual,Annual,0.992
LIKELY_DUPLICATE,same title/location/advertiser + salary + very similar description,26758_37471191-0,26758_37431959-0,Driving Instructor (Driving Licence Required),Lancashire,My Four Wheels,My Four Wheels,Annual,Annual,0.991
LIKELY_DUPLICATE,same title/location/advertiser + salary + very similar description,26758_37471191-0,26758_37431991-0,Driving Instructor (Driving Licence Required),Lancashire,My Four Wheels,My Four Wheels,Annual,Annual,0.991
LIKELY_DUPLICATE,same title/location/advertiser + salary + very similar description,26758_37471191-0,26758_37432014-0,Driving Instructor (Driving Licence Required),Lancashire,My Four Wheels,My Four Wheels,Annual,Annual,0.991
LIKELY_DUPLICATE,same title/location/advertiser + salary + very similar description,26758_37471191-0,26758_37432073-0,Driving Instructor (Driving Licence Required),Lancashire,My Four Wheels,My Four Wheels,Annual,Annual,0.992
LIKELY_DUPLICATE,same title/location/advertiser + salary + very similar description,26758_37471191-0,26758_37432092-0,Driving Instructor (Driving Licence Required),Lancashire,My Four Wheels,My Four Wheels,Annual,Annual,0.992
LIKELY_DUPLICATE,same title/location/advertiser + salary + very similar description,26758_37471191-0,26758_37432110-0,Driving Instructor (Driving Licence Required),Lancashire,My Four Wheels,My Four Wheels,Annual,Annual,0.992
LIKELY_DUPLICATE,same title/location/advertiser + salary + very similar description,26758_37471191-0,26758_37432125-0,Driving Instructor (Driving Licence Required),Lancashire,My Four Wheels,My Four Wheels,Annual,Annual,0.992
LIKELY_DUPLICATE,same title/location/advertiser + salary + very similar description,26758_37471191-0,26758_37432126-0,Driving Instructor (Driving Licence Required),Lancashire,My Four Wheels,My Four Wheels,Annual,Annual,0.993
LIKELY_DUPLICATE,same title/location/advertiser + salary + very similar description,26758_37471191-0,26758_37471185-0,Driving Instructor (Driving Licence Required),Lancashire,My Four Wheels,My Four Wheels,Annual,Annual,0.991
LIKELY_DUPLICATE,same title/location/advertiser + salary + very similar description,26758_37471191-0,26758_37471207-0,Driving Instructor (Driving Licence Required),Lancashire,My Four Wheels,My Four Wheels,Annual,Annual,0.991
LIKELY_DUPLICATE,same title/location/advertiser + salary + very similar description,26758_37471192-0,26758_35867435-0,Driving Instructor (Driving Licence Required),Lancashire,My Four Wheels,My Four Wheels,Annual,Annual,0.991
LIKELY_DUPLICATE,same title/location/advertiser + salary + very similar description,26758_37471192-0,26758_35867500-0,Driving Instructor (Driving Licence Required),Lancashire,My Four Wheels,My Four Wheels,Annual,Annual,0.992
LIKELY_DUPLICATE,same title/location/advertiser + salary + very similar description,26758_37471192-0,26758_35867502-0,Driving Instructor (Driving Licence Required),Lancashire,My Four Wheels,My Four Wheels,Annual,Annual,0.991
LIKELY_DUPLICATE,same title/location/advertiser + salary + very similar description,26758_37471192-0,26758_35867503-0,Driving Instructor (Driving Licence Required),Lancashire,My Four Wheels,My Four Wheels,Annual,Annual,0.992
LIKELY_DUPLICATE,same title/location/advertiser + salary + very similar description,26758_37471192-0,26758_35867550-0,Driving Instructor (Driving Licence Required),Lancashire,My Four Wheels,My Four Wheels,Annual,Annual,0.991
LIKELY_DUPLICATE,same title/location/advertiser + salary + very similar description,26758_37471192-0,26758_35867573-0,Driving Instructor (Driving Licence Required),Lancashire,My Four Wheels,My Four Wheels,Annual,Annual,0.991
LIKELY_DUPLICATE,same title/location/advertiser + salary + very similar description,26758_37471192-0,26758_37431915-0,Driving Instructor (Driving Licence Required),Lancashire,My Four Wheels,My Four Wheels,Annual,Annual,0.991
LIKELY_DUPLICATE,same title/location/advertiser + salary + very similar description,26758_37471192-0,26758_37431931-0,Driving Instructor (Driving Licence Required),Lancashire,My Four Wheels,My Four Wheels,Annual,Annual,0.992
LIKELY_DUPLICATE,same title/location/advertiser + salary + very similar description,26758_37471192-0,26758_37431932-0,Driving Instructor (Driving Licence Required),Lancashire,My Four Wheels,My Four Wheels,Annual,Annual,0.991
LIKELY_DUPLICATE,same title/location/advertiser + salary + very similar description,26758_37471192-0,26758_37431942-0,Driving Instructor (Driving Licence Required),Lancashire,My Four Wheels,My Four Wheels,Annual,Annual,0.991
LIKELY_DUPLICATE,same title/location/advertiser + salary + very similar description,26758_37471192-0,26758_37431945-0,Driving Instructor (Driving Licence Required),Lancashire,My Four Wheels,My Four Wheels,Annual,Annual,0.991
LIKELY_DUPLICATE,same title/location/advertiser + salary + very similar description,26758_37471192-0,26758_37431948-0,Driving Instructor (Driving Licence Required),Lancashire,My Four Wheels,My Four Wheels,Annual,Annual,0.991
LIKELY_DUPLICATE,same title/location/advertiser + salary + very similar description,26758_37471192-0,26758_37431952-0,Driving Instructor (Driving Licence Required),Lancashire,My Four Wheels,My Four Wheels,Annual,Annual,0.991
LIKELY_DUPLICATE,same title/location/advertiser + salary + very similar description,26758_37471192-0,26758_37431959-0,Driving Instructor (Driving Licence Required),Lancashire,My Four Wheels,My Four Wheels,Annual,Annual,0.992
LIKELY_DUPLICATE,same title/location/advertiser + salary + very similar description,26758_37471192-0,26758_37431966-0,Driving Instructor (Driving Licence Required),Lancashire,My Four Wheels,My Four Wheels,Annual,Annual,0.991
LIKELY_DUPLICATE,same title/location/advertiser + salary + very similar description,26758_37471192-0,26758_37431977-0,Driving Instructor (Driving Licence Required),Lancashire,My Four Wheels,My Four Wheels,Annual,Annual,0.991
LIKELY_DUPLICATE,same title/location/advertiser + salary + very similar description,26758_37471192-0,26758_37431991-0,Driving Instructor (Driving Licence Required),Lancashire,My Four Wheels,My Four Wheels,Annual,Annual,0.992
LIKELY_DUPLICATE,same title/location/advertiser + salary + very similar description,26758_37471192-0,26758_37432000-0,Driving Instructor (Driving Licence Required),Lancashire,My Four Wheels,My Four Wheels,Annual,Annual,0.990
LIKELY_DUPLICATE,same title/location/advertiser + salary + very similar description,26758_37471192-0,26758_37432014-0,Driving Instructor (Driving Licence Required),Lancashire,My Four Wheels,My Four Wheels,Annual,Annual,0.991
LIKELY_DUPLICATE,same title/location/advertiser + salary + very similar description,26758_37471192-0,26758_37432054-0,Driving Instructor (Driving Licence Required),Lancashire,My Four Wheels,My Four Wheels,Annual,Annual,0.993
LIKELY_DUPLICATE,same title/location/advertiser + salary + very similar description,26758_37471192-0,26758_37432073-0,Driving Instructor (Driving Licence Required),Lancashire,My Four Wheels,My Four Wheels,Annual,Annual,0.991
LIKELY_DUPLICATE,same title/location/advertiser + salary + very similar description,26758_37471192-0,26758_37432078-0,Driving Instructor (Driving Licence Required),Lancashire,My Four Wheels,My Four Wheels,Annual,Annual,0.991
LIKELY_DUPLICATE,same title/location/advertiser + salary + very similar description,26758_37471192-0,26758_37432083-0,Driving Instructor (Driving Licence Required),Lancashire,My Four Wheels,My Four Wheels,Annual,Annual,0.991
LIKELY_DUPLICATE,same title/location/advertiser + salary + very similar description,26758_37471192-0,26758_37432092-0,Driving Instructor (Driving Licence Required),Lancashire,My Four Wheels,My Four Wheels,Annual,Annual,0.992
LIKELY_DUPLICATE,same title/location/advertiser + salary + very similar description,26758_37471192-0,26758_37432110-0,Driving Instructor (Driving Licence Required),Lancashire,My Four Wheels,My Four Wheels,Annual,Annual,0.991
LIKELY_DUPLICATE,same title/location/advertiser + salary + very similar description,26758_37471192-0,26758_37432112-0,Driving Instructor (Driving Licence Required),Lancashire,My Four Wheels,My Four Wheels,Annual,Annual,0.991
LIKELY_DUPLICATE,same title/location/advertiser + salary + very similar description,26758_37471192-0,26758_37432114-0,Driving Instructor (Driving Licence Required),Lancashire,My Four Wheels,My Four Wheels,Annual,Annual,0.991
LIKELY_DUPLICATE,same title/location/advertiser + salary + very similar description,26758_37471192-0,26758_37432125-0,Driving Instructor (Driving Licence Required),Lancashire,My Four Wheels,My Four Wheels,Annual,Annual,0.991
LIKELY_DUPLICATE,same title/location/advertiser + salary + very similar description,26758_37471192-0,26758_37432126-0,Driving Instructor (Driving Licence Required),Lancashire,My Four Wheels,My Four Wheels,Annual,Annual,0.991
LIKELY_DUPLICATE,same title/location/advertiser + salary + very similar description,26758_37471192-0,26758_37432139-0,Driving Instructor (Driving Licence Required),Lancashire,My Four Wheels,My Four Wheels,Annual,Annual,0.991
LIKELY_DUPLICATE,same title/location/advertiser + salary + very similar description,26758_37471192-0,26758_37471185-0,Driving Instructor (Driving Licence Required),Lancashire,My Four Wheels,My Four Wheels,Annual,Annual,0.994
LIKELY_DUPLICATE,same title/location/advertiser + salary + very similar description,26758_37471192-0,26758_37471191-0,Driving Instructor (Driving Licence Required),Lancashire,My Four Wheels,My Four Wheels,Annual,Annual,0.990
LIKELY_DUPLICATE,same title/location/advertiser + salary + very similar description,26758_37471192-0,26758_37471207-0,Driving Instructor (Driving Licence Required),Lancashire,My Four Wheels,My Four Wheels,Annual,Annual,0.992
LIKELY_DUPLICATE,same title/location/advertiser + salary + very similar description,26758_37471207-0,26758_35867573-0,Driving Instructor (Driving Licence Required),Lancashire,My Four Wheels,My Four Wheels,Annual,Annual,0.991
LIKELY_DUPLICATE,same title/location/advertiser + salary + very similar description,26758_37471207-0,26758_37431915-0,Driving Instructor (Driving Licence Required),Lancashire,My Four Wheels,My Four Wheels,Annual,Annual,0.992
LIKELY_DUPLICATE,same title/location/advertiser + salary + very similar description,26758_37471207-0,26758_37431931-0,Driving Instructor (Driving Licence Required),Lancashire,My Four Wheels,My Four Wheels,Annual,Annual,0.991
LIKELY_DUPLICATE,same title/location/advertiser + salary + very similar description,26758_37471207-0,26758_37431942-0,Driving Instructor (Driving Licence Required),Lancashire,My Four Wheels,My Four Wheels,Annual,Annual,0.993
LIKELY_DUPLICATE,same title/location/advertiser + salary + very similar description,26758_37471207-0,26758_37431991-0,Driving Instructor (Driving Licence Required),Lancashire,My Four Wheels,My Four Wheels,Annual,Annual,0.991
LIKELY_DUPLICATE,same title/location/advertiser + salary + very similar description,26758_35867545-0,26758_37431937-0,Driving Instructor (Driving Licence Required),Leeds,My Four Wheels,My Four Wheels,Annual,Annual,0.992
LIKELY_DUPLICATE,same title/location/advertiser + salary + very similar description,26758_35867532-0,26758_35867566-0,Driving Instructor (Driving Licence Required),Leicestershire,My Four Wheels,My Four Wheels,Annual,Annual,0.991
LIKELY_DUPLICATE,same title/location/advertiser + salary + very similar description,26758_35867532-0,26758_37431996-0,Driving Instructor (Driving Licence Required),Leicestershire,My Four Wheels,My Four Wheels,Annual,Annual,0.991
LIKELY_DUPLICATE,same title/location/advertiser + salary + very similar description,26758_35867532-0,26758_37471168-0,Driving Instructor (Driving Licence Required),Leicestershire,My Four Wheels,My Four Wheels,Annual,Annual,0.991
LIKELY_DUPLICATE,same title/location/advertiser + salary + very similar description,26758_35867532-0,26758_37471226-0,Driving Instructor (Driving Licence Required),Leicestershire,My Four Wheels,My Four Wheels,Annual,Annual,0.991
LIKELY_DUPLICATE,same title/location/advertiser + salary + very similar description,26758_35867566-0,26758_37471226-0,Driving Instructor (Driving Licence Required),Leicestershire,My Four Wheels,My Four Wheels,Annual,Annual,0.991
LIKELY_DUPLICATE,same title/location/advertiser + salary + very similar description,26758_37431954-0,26758_35867532-0,Driving Instructor (Driving Licence Required),Leicestershire,My Four Wheels,My Four Wheels,Annual,Annual,0.991
LIKELY_DUPLICATE,same title/location/advertiser + salary + very similar description,26758_37431954-0,26758_35867566-0,Driving Instructor (Driving Licence Required),Leicestershire,My Four Wheels,My Four Wheels,Annual,Annual,0.991
LIKELY_DUPLICATE,same title/location/advertiser + salary + very similar description,26758_37431954-0,26758_37431996-0,Driving Instructor (Driving Licence Required),Leicestershire,My Four Wheels,My Four Wheels,Annual,Annual,0.991
LIKELY_DUPLICATE,same title/location/advertiser + salary + very similar description,26758_37431954-0,26758_37471168-0,Driving Instructor (Driving Licence Required),Leicestershire,My Four Wheels,My Four Wheels,Annual,Annual,0.991
LIKELY_DUPLICATE,same title/location/advertiser + salary + very similar description,26758_37431954-0,26758_37471226-0,Driving Instructor (Driving Licence Required),Leicestershire,My Four Wheels,My Four Wheels,Annual,Annual,0.993
LIKELY_DUPLICATE,same title/location/advertiser + salary + very similar description,26758_37431996-0,26758_35867566-0,Driving Instructor (Driving Licence Required),Leicestershire,My Four Wheels,My Four Wheels,Annual,Annual,0.991
LIKELY_DUPLICATE,same title/location/advertiser + salary + very similar description,26758_37431996-0,26758_37471168-0,Driving Instructor (Driving Licence Required),Leicestershire,My Four Wheels,My Four Wheels,Annual,Annual,0.991
LIKELY_DUPLICATE,same title/location/advertiser + salary + very similar description,26758_37431996-0,26758_37471226-0,Driving Instructor (Driving Licence Required),Leicestershire,My Four Wheels,My Four Wheels,Annual,Annual,0.992
LIKELY_DUPLICATE,same title/location/advertiser + salary + very similar description,26758_37471168-0,26758_35867566-0,Driving Instructor (Driving Licence Required),Leicestershire,My Four Wheels,My Four Wheels,Annual,Annual,0.990
LIKELY_DUPLICATE,same title/location/advertiser + salary + very similar description,26758_37471168-0,26758_37471226-0,Driving Instructor (Driving Licence Required),Leicestershire,My Four Wheels,My Four Wheels,Annual,Annual,0.991
LIKELY_DUPLICATE,same title/location/advertiser + salary + very similar description,26758_35867445-0,26758_35867466-0,Driving Instructor (Driving Licence Required),Lincolnshire,My Four Wheels,My Four Wheels,Annual,Annual,0.990
LIKELY_DUPLICATE,same title/location/advertiser + salary + very similar description,26758_35867445-0,26758_35867467-0,Driving Instructor (Driving Licence Required),Lincolnshire,My Four Wheels,My Four Wheels,Annual,Annual,0.992
LIKELY_DUPLICATE,same title/location/advertiser + salary + very similar description,26758_35867445-0,26758_35867513-0,Driving Instructor (Driving Licence Required),Lincolnshire,My Four Wheels,My Four Wheels,Annual,Annual,0.992
LIKELY_DUPLICATE,same title/location/advertiser + salary + very similar description,26758_35867445-0,26758_35867516-0,Driving Instructor (Driving Licence Required),Lincolnshire,My Four Wheels,My Four Wheels,Annual,Annual,0.990
LIKELY_DUPLICATE,same title/location/advertiser + salary + very similar description,26758_35867445-0,26758_35867533-0,Driving Instructor (Driving Licence Required),Lincolnshire,My Four Wheels,My Four Wheels,Annual,Annual,0.994
LIKELY_DUPLICATE,same title/location/advertiser + salary + very similar description,26758_35867445-0,26758_37432068-0,Driving Instructor (Driving Licence Required),Lincolnshire,My Four Wheels,My Four Wheels,Annual,Annual,0.992
LIKELY_DUPLICATE,same title/location/advertiser + salary + very similar description,26758_35867445-0,26758_37432138-0,Driving Instructor (Driving Licence Required),Lincolnshire,My Four Wheels,My Four Wheels,Annual,Annual,0.992
LIKELY_DUPLICATE,same title/location/advertiser + salary + very similar description,26758_35867466-0,26758_35867513-0,Driving Instructor (Driving Licence Required),Lincolnshire,My Four Wheels,My Four Wheels,Annual,Annual,0.991
LIKELY_DUPLICATE,same title/location/advertiser + salary + very similar description,26758_35867466-0,26758_35867516-0,Driving Instructor (Driving Licence Required),Lincolnshire,My Four Wheels,My Four Wheels,Annual,Annual,0.991
LIKELY_DUPLICATE,same title/location/advertiser + salary + very similar description,26758_35867466-0,26758_37432068-0,Driving Instructor (Driving Licence Required),Lincolnshire,My Four Wheels,My Four Wheels,Annual,Annual,0.991
LIKELY_DUPLICATE,same title/location/advertiser + salary + very similar description,26758_35867467-0,26758_35867466-0,Driving Instructor (Driving Licence Required),Lincolnshire,My Four Wheels,My Four Wheels,Annual,Annual,0.991
LIKELY_DUPLICATE,same title/location/advertiser + salary + very similar description,26758_35867467-0,26758_35867513-0,Driving Instructor (Driving Licence Required),Lincolnshire,My Four Wheels,My Four Wheels,Annual,Annual,0.991
LIKELY_DUPLICATE,same title/location/advertiser + salary + very similar description,26758_35867467-0,26758_35867516-0,Driving Instructor (Driving Licence Required),Lincolnshire,My Four Wheels,My Four Wheels,Annual,Annual,0.991
LIKELY_DUPLICATE,same title/location/advertiser + salary + very similar description,26758_35867467-0,26758_37432068-0,Driving Instructor (Driving Licence Required),Lincolnshire,My Four Wheels,My Four Wheels,Annual,Annual,0.992
LIKELY_DUPLICATE,same title/location/advertiser + salary + very similar description,26758_35867513-0,26758_35867516-0,Driving Instructor (Driving Licence Required),Lincolnshire,My Four Wheels,My Four Wheels,Annual,Annual,0.991
LIKELY_DUPLICATE,same title/location/advertiser + salary + very similar description,26758_35867533-0,26758_35867466-0,Driving Instructor (Driving Licence Required),Lincolnshire,My Four Wheels,My Four Wheels,Annual,Annual,0.990
LIKELY_DUPLICATE,same title/location/advertiser + salary + very similar description,26758_35867533-0,26758_35867467-0,Driving Instructor (Driving Licence Required),Lincolnshire,My Four Wheels,My Four Wheels,Annual,Annual,0.992
LIKELY_DUPLICATE,same title/location/advertiser + salary + very similar description,26758_35867533-0,26758_35867513-0,Driving Instructor (Driving Licence Required),Lincolnshire,My Four Wheels,My Four Wheels,Annual,Annual,0.991
LIKELY_DUPLICATE,same title/location/advertiser + salary + very similar description,26758_35867533-0,26758_35867516-0,Driving Instructor (Driving Licence Required),Lincolnshire,My Four Wheels,My Four Wheels,Annual,Annual,0.991
LIKELY_DUPLICATE,same title/location/advertiser + salary + very similar description,26758_35867533-0,26758_37432068-0,Driving Instructor (Driving Licence Required),Lincolnshire,My Four Wheels,My Four Wheels,Annual,Annual,0.992
LIKELY_DUPLICATE,same title/location/advertiser + salary + very similar description,26758_37431961-0,26758_35867445-0,Driving Instructor (Driving Licence Required),Lincolnshire,My Four Wheels,My Four Wheels,Annual,Annual,0.992
LIKELY_DUPLICATE,same title/location/advertiser + salary + very similar description,26758_37431961-0,26758_35867466-0,Driving Instructor (Driving Licence Required),Lincolnshire,My Four Wheels,My Four Wheels,Annual,Annual,0.991
LIKELY_DUPLICATE,same title/location/advertiser + salary + very similar description,26758_37431961-0,26758_35867467-0,Driving Instructor (Driving Licence Required),Lincolnshire,My Four Wheels,My Four Wheels,Annual,Annual,0.991
LIKELY_DUPLICATE,same title/location/advertiser + salary + very similar description,26758_37431961-0,26758_35867513-0,Driving Instructor (Driving Licence Required),Lincolnshire,My Four Wheels,My Four Wheels,Annual,Annual,0.991
LIKELY_DUPLICATE,same title/location/advertiser + salary + very similar description,26758_37431961-0,26758_35867516-0,Driving Instructor (Driving Licence Required),Lincolnshire,My Four Wheels,My Four Wheels,Annual,Annual,0.991
LIKELY_DUPLICATE,same title/location/advertiser + salary + very similar description,26758_37431961-0,26758_35867533-0,Driving Instructor (Driving Licence Required),Lincolnshire,My Four Wheels,My Four Wheels,Annual,Annual,0.991
LIKELY_DUPLICATE,same title/location/advertiser + salary + very similar description,26758_37431961-0,26758_37432068-0,Driving Instructor (Driving Licence Required),Lincolnshire,My Four Wheels,My Four Wheels,Annual,Annual,0.991
LIKELY_DUPLICATE,same title/location/advertiser + salary + very similar description,26758_37431961-0,26758_37432138-0,Driving Instructor (Driving Licence Required),Lincolnshire,My Four Wheels,My Four Wheels,Annual,Annual,0.991
LIKELY_DUPLICATE,same title/location/advertiser + salary + very similar description,26758_37432068-0,26758_35867513-0,Driving Instructor (Driving Licence Required),Lincolnshire,My Four Wheels,My Four Wheels,Annual,Annual,0.991
LIKELY_DUPLICATE,same title/location/advertiser + salary + very similar description,26758_37432068-0,26758_35867516-0,Driving Instructor (Driving Licence Required),Lincolnshire,My Four Wheels,My Four Wheels,Annual,Annual,0.991
LIKELY_DUPLICATE,same title/location/advertiser + salary + very similar description,26758_37432138-0,26758_35867466-0,Driving Instructor (Driving Licence Required),Lincolnshire,My Four Wheels,My Four Wheels,Annual,Annual,0.991
LIKELY_DUPLICATE,same title/location/advertiser + salary + very similar description,26758_37432138-0,26758_35867467-0,Driving Instructor (Driving Licence Required),Lincolnshire,My Four Wheels,My Four Wheels,Annual,Annual,0.991
LIKELY_DUPLICATE,same title/location/advertiser + salary + very similar description,26758_37432138-0,26758_35867513-0,Driving Instructor (Driving Licence Required),Lincolnshire,My Four Wheels,My Four Wheels,Annual,Annual,0.991
LIKELY_DUPLICATE,same title/location/advertiser + salary + very similar description,26758_37432138-0,26758_35867516-0,Driving Instructor (Driving Licence Required),Lincolnshire,My Four Wheels,My Four Wheels,Annual,Annual,0.991
LIKELY_DUPLICATE,same title/location/advertiser + salary + very similar description,26758_37432138-0,26758_35867533-0,Driving Instructor (Driving Licence Required),Lincolnshire,My Four Wheels,My Four Wheels,Annual,Annual,0.991
LIKELY_DUPLICATE,same title/location/advertiser + salary + very similar description,26758_37432138-0,26758_37432068-0,Driving Instructor (Driving Licence Required),Lincolnshire,My Four Wheels,My Four Wheels,Annual,Annual,0.991
LIKELY_DUPLICATE,same title/location/advertiser + salary + very similar description,26758_37471233-0,26758_35867445-0,Driving Instructor (Driving Licence Required),Lincolnshire,My Four Wheels,My Four Wheels,Annual,Annual,0.992
LIKELY_DUPLICATE,same title/location/advertiser + salary + very similar description,26758_37471233-0,26758_35867466-0,Driving Instructor (Driving Licence Required),Lincolnshire,My Four Wheels,My Four Wheels,Annual,Annual,0.991
LIKELY_DUPLICATE,same title/location/advertiser + salary + very similar description,26758_37471233-0,26758_35867467-0,Driving Instructor (Driving Licence Required),Lincolnshire,My Four Wheels,My Four Wheels,Annual,Annual,0.991
LIKELY_DUPLICATE,same title/location/advertiser + salary + very similar description,26758_37471233-0,26758_35867513-0,Driving Instructor (Driving Licence Required),Lincolnshire,My Four Wheels,My Four Wheels,Annual,Annual,0.991
LIKELY_DUPLICATE,same title/location/advertiser + salary + very similar description,26758_37471233-0,26758_35867516-0,Driving Instructor (Driving Licence Required),Lincolnshire,My Four Wheels,My Four Wheels,Annual,Annual,0.991
LIKELY_DUPLICATE,same title/location/advertiser + salary + very similar description,26758_37471233-0,26758_35867533-0,Driving Instructor (Driving Licence Required),Lincolnshire,My Four Wheels,My Four Wheels,Annual,Annual,0.992
LIKELY_DUPLICATE,same title/location/advertiser + salary + very similar description,26758_37471233-0,26758_37431961-0,Driving Instructor (Driving Licence Required),Lincolnshire,My Four Wheels,My Four Wheels,Annual,Annual,0.991
LIKELY_DUPLICATE,same title/location/advertiser + salary + very similar description,26758_37471233-0,26758_37432068-0,Driving Instructor (Driving Licence Required),Lincolnshire,My Four Wheels,My Four Wheels,Annual,Annual,0.992
LIKELY_DUPLICATE,same title/location/advertiser + salary + very similar description,26758_37471233-0,26758_37432138-0,Driving Instructor (Driving Licence Required),Lincolnshire,My Four Wheels,My Four Wheels,Annual,Annual,0.990
LIKELY_DUPLICATE,same title/location/advertiser + salary + very similar description,26758_35867464-0,26758_35867451-0,Driving Instructor (Driving Licence Required),London,My Four Wheels,My Four Wheels,Annual,Annual,0.991
LIKELY_DUPLICATE,same title/location/advertiser + salary + very similar description,26758_35867480-0,26758_35867451-0,Driving Instructor (Driving Licence Required),London,My Four Wheels,My Four Wheels,Annual,Annual,0.991
LIKELY_DUPLICATE,same title/location/advertiser + salary + very similar description,26758_35867480-0,26758_35867464-0,Driving Instructor (Driving Licence Required),London,My Four Wheels,My Four Wheels,Annual,Annual,0.993
LIKELY_DUPLICATE,same title/location/advertiser + salary + very similar description,26758_35867481-0,26758_35867451-0,Driving Instructor (Driving Licence Required),London,My Four Wheels,My Four Wheels,Annual,Annual,0.991
LIKELY_DUPLICATE,same title/location/advertiser + salary + very similar description,26758_35867481-0,26758_35867464-0,Driving Instructor (Driving Licence Required),London,My Four Wheels,My Four Wheels,Annual,Annual,0.991
LIKELY_DUPLICATE,same title/location/advertiser + salary + very similar description,26758_35867481-0,26758_35867480-0,Driving Instructor (Driving Licence Required),London,My Four Wheels,My Four Wheels,Annual,Annual,0.991
LIKELY_DUPLICATE,same title/location/advertiser + salary + very similar description,26758_35867455-0,26758_35867544-0,Driving Instructor (Driving Licence Required),Manchester,My Four Wheels,My Four Wheels,Annual,Annual,0.992
LIKELY_DUPLICATE,same title/location/advertiser + salary + very similar description,26758_35867455-0,26758_37431925-0,Driving Instructor (Driving Licence Required),Manchester,My Four Wheels,My Four Wheels,Annual,Annual,0.991
LIKELY_DUPLICATE,same title/location/advertiser + salary + very similar description,26758_35867455-0,26758_37431994-0,Driving Instructor (Driving Licence Required),Manchester,My Four Wheels,My Four Wheels,Annual,Annual,0.991
LIKELY_DUPLICATE,same title/location/advertiser + salary + very similar description,26758_35867455-0,26758_37432018-0,Driving Instructor (Driving Licence Required),Manchester,My Four Wheels,My Four Wheels,Annual,Annual,0.991
LIKELY_DUPLICATE,same title/location/advertiser + salary + very similar description,26758_35867455-0,26758_37432028-0,Driving Instructor (Driving Licence Required),Manchester,My Four Wheels,My Four Wheels,Annual,Annual,0.991
LIKELY_DUPLICATE,same title/location/advertiser + salary + very similar description,26758_35867455-0,26758_37432066-0,Driving Instructor (Driving Licence Required),Manchester,My Four Wheels,My Four Wheels,Annual,Annual,0.991
LIKELY_DUPLICATE,same title/location/advertiser + salary + very similar description,26758_35867455-0,26758_37432108-0,Driving Instructor (Driving Licence Required),Manchester,My Four Wheels,My Four Wheels,Annual,Annual,0.991
LIKELY_DUPLICATE,same title/location/advertiser + salary + very similar description,26758_35867455-0,26758_37432121-0,Driving Instructor (Driving Licence Required),Manchester,My Four Wheels,My Four Wheels,Annual,Annual,0.991
LIKELY_DUPLICATE,same title/location/advertiser + salary + very similar description,26758_35867544-0,26758_37432018-0,Driving Instructor (Driving Licence Required),Manchester,My Four Wheels,My Four Wheels,Annual,Annual,0.991
LIKELY_DUPLICATE,same title/location/advertiser + salary + very similar description,26758_35867544-0,26758_37432066-0,Driving Instructor (Driving Licence Required),Manchester,My Four Wheels,My Four Wheels,Annual,Annual,0.992
LIKELY_DUPLICATE,same title/location/advertiser + salary + very similar description,26758_35867544-0,26758_37432108-0,Driving Instructor (Driving Licence Required),Manchester,My Four Wheels,My Four Wheels,Annual,Annual,0.991
LIKELY_DUPLICATE,same title/location/advertiser + salary + very similar description,26758_35867544-0,26758_37432121-0,Driving Instructor (Driving Licence Required),Manchester,My Four Wheels,My Four Wheels,Annual,Annual,0.991
LIKELY_DUPLICATE,same title/location/advertiser + salary + very similar description,26758_37431925-0,26758_35867544-0,Driving Instructor (Driving Licence Required),Manchester,My Four Wheels,My Four Wheels,Annual,Annual,0.991
LIKELY_DUPLICATE,same title/location/advertiser + salary + very similar description,26758_37431925-0,26758_37431994-0,Driving Instructor (Driving Licence Required),Manchester,My Four Wheels,My Four Wheels,Annual,Annual,0.991
LIKELY_DUPLICATE,same title/location/advertiser + salary + very similar description,26758_37431925-0,26758_37432018-0,Driving Instructor (Driving Licence Required),Manchester,My Four Wheels,My Four Wheels,Annual,Annual,0.994
LIKELY_DUPLICATE,same title/location/advertiser + salary + very similar description,26758_37431925-0,26758_37432028-0,Driving Instructor (Driving Licence Required),Manchester,My Four Wheels,My Four Wheels,Annual,Annual,0.990
LIKELY_DUPLICATE,same title/location/advertiser + salary + very similar description,26758_37431925-0,26758_37432066-0,Driving Instructor (Driving Licence Required),Manchester,My Four Wheels,My Four Wheels,Annual,Annual,0.991
LIKELY_DUPLICATE,same title/location/advertiser + salary + very similar description,26758_37431925-0,26758_37432108-0,Driving Instructor (Driving Licence Required),Manchester,My Four Wheels,My Four Wheels,Annual,Annual,0.992
LIKELY_DUPLICATE,same title/location/advertiser + salary + very similar description,26758_37431925-0,26758_37432121-0,Driving Instructor (Driving Licence Required),Manchester,My Four Wheels,My Four Wheels,Annual,Annual,0.993
LIKELY_DUPLICATE,same title/location/advertiser + salary + very similar description,26758_37431994-0,26758_35867544-0,Driving Instructor (Driving Licence Required),Manchester,My Four Wheels,My Four Wheels,Annual,Annual,0.991
LIKELY_DUPLICATE,same title/location/advertiser + salary + very similar description,26758_37431994-0,26758_37432018-0,Driving Instructor (Driving Licence Required),Manchester,My Four Wheels,My Four Wheels,Annual,Annual,0.991
LIKELY_DUPLICATE,same title/location/advertiser + salary + very similar description,26758_37431994-0,26758_37432066-0,Driving Instructor (Driving Licence Required),Manchester,My Four Wheels,My Four Wheels,Annual,Annual,0.990
LIKELY_DUPLICATE,same title/location/advertiser + salary + very similar description,26758_37431994-0,26758_37432108-0,Driving Instructor (Driving Licence Required),Manchester,My Four Wheels,My Four Wheels,Annual,Annual,0.992
LIKELY_DUPLICATE,same title/location/advertiser + salary + very similar description,26758_37431994-0,26758_37432121-0,Driving Instructor (Driving Licence Required),Manchester,My Four Wheels,My Four Wheels,Annual,Annual,0.991
LIKELY_DUPLICATE,same title/location/advertiser + salary + very similar description,26758_37432028-0,26758_35867544-0,Driving Instructor (Driving Licence Required),Manchester,My Four Wheels,My Four Wheels,Annual,Annual,0.991
LIKELY_DUPLICATE,same title/location/advertiser + salary + very similar description,26758_37432028-0,26758_37431994-0,Driving Instructor (Driving Licence Required),Manchester,My Four Wheels,My Four Wheels,Annual,Annual,0.991
LIKELY_DUPLICATE,same title/location/advertiser + salary + very similar description,26758_37432028-0,26758_37432018-0,Driving Instructor (Driving Licence Required),Manchester,My Four Wheels,My Four Wheels,Annual,Annual,0.990
LIKELY_DUPLICATE,same title/location/advertiser + salary + very similar description,26758_37432028-0,26758_37432066-0,Driving Instructor (Driving Licence Required),Manchester,My Four Wheels,My Four Wheels,Annual,Annual,0.991
LIKELY_DUPLICATE,same title/location/advertiser + salary + very similar description,26758_37432028-0,26758_37432108-0,Driving Instructor (Driving Licence Required),Manchester,My Four Wheels,My Four Wheels,Annual,Annual,0.991
LIKELY_DUPLICATE,same title/location/advertiser + salary + very similar description,26758_37432028-0,26758_37432121-0,Driving Instructor (Driving Licence Required),Manchester,My Four Wheels,My Four Wheels,Annual,Annual,0.990
LIKELY_DUPLICATE,same title/location/advertiser + salary + very similar description,26758_37432066-0,26758_37432018-0,Driving Instructor (Driving Licence Required),Manchester,My Four Wheels,My Four Wheels,Annual,Annual,0.991
LIKELY_DUPLICATE,same title/location/advertiser + salary + very similar description,26758_37432066-0,26758_37432108-0,Driving Instructor (Driving Licence Required),Manchester,My Four Wheels,My Four Wheels,Annual,Annual,0.991
LIKELY_DUPLICATE,same title/location/advertiser + salary + very similar description,26758_37432108-0,26758_37432018-0,Driving Instructor (Driving Licence Required),Manchester,My Four Wheels,My Four Wheels,Annual,Annual,0.992
LIKELY_DUPLICATE,same title/location/advertiser + salary + very similar description,26758_37432121-0,26758_37432018-0,Driving Instructor (Driving Licence Required),Manchester,My Four Wheels,My Four Wheels,Annual,Annual,0.994
LIKELY_DUPLICATE,same title/location/advertiser + salary + very similar description,26758_37432121-0,26758_37432066-0,Driving Instructor (Driving Licence Required),Manchester,My Four Wheels,My Four Wheels,Annual,Annual,0.992
LIKELY_DUPLICATE,same title/location/advertiser + salary + very similar description,26758_37432121-0,26758_37432108-0,Driving Instructor (Driving Licence Required),Manchester,My Four Wheels,My Four Wheels,Annual,Annual,0.991
LIKELY_DUPLICATE,same title/location/advertiser + salary + very similar description,26758_37431981-0,26758_37432082-0,Driving Instructor (Driving Licence Required),Merseyside,My Four Wheels,My Four Wheels,Annual,Annual,0.991
LIKELY_DUPLICATE,same title/location/advertiser + salary + very similar description,26758_37431981-0,26758_37432088-0,Driving Instructor (Driving Licence Required),Merseyside,My Four Wheels,My Four Wheels,Annual,Annual,0.991
LIKELY_DUPLICATE,same title/location/advertiser + salary + very similar description,26758_37431981-0,26758_37432089-0,Driving Instructor (Driving Licence Required),Merseyside,My Four Wheels,My Four Wheels,Annual,Annual,0.991
LIKELY_DUPLICATE,same title/location/advertiser + salary + very similar description,26758_37431981-0,26758_37471184-0,Driving Instructor (Driving Licence Required),Merseyside,My Four Wheels,My Four Wheels,Annual,Annual,0.991
LIKELY_DUPLICATE,same title/location/advertiser + salary + very similar description,26758_37431981-0,26758_37471223-0,Driving Instructor (Driving Licence Required),Merseyside,My Four Wheels,My Four Wheels,Annual,Annual,0.991
LIKELY_DUPLICATE,same title/location/advertiser + salary + very similar description,26758_37432086-0,26758_37431981-0,Driving Instructor (Driving Licence Required),Merseyside,My Four Wheels,My Four Wheels,Annual,Annual,0.991
LIKELY_DUPLICATE,same title/location/advertiser + salary + very similar description,26758_37432086-0,26758_37432082-0,Driving Instructor (Driving Licence Required),Merseyside,My Four Wheels,My Four Wheels,Annual,Annual,0.991
LIKELY_DUPLICATE,same title/location/advertiser + salary + very similar description,26758_37432086-0,26758_37432088-0,Driving Instructor (Driving Licence Required),Merseyside,My Four Wheels,My Four Wheels,Annual,Annual,0.992
LIKELY_DUPLICATE,same title/location/advertiser + salary + very similar description,26758_37432086-0,26758_37432089-0,Driving Instructor (Driving Licence Required),Merseyside,My Four Wheels,My Four Wheels,Annual,Annual,0.991
LIKELY_DUPLICATE,same title/location/advertiser + salary + very similar description,26758_37432086-0,26758_37471184-0,Driving Instructor (Driving Licence Required),Merseyside,My Four Wheels,My Four Wheels,Annual,Annual,0.990
LIKELY_DUPLICATE,same title/location/advertiser + salary + very similar description,26758_37432086-0,26758_37471223-0,Driving Instructor (Driving Licence Required),Merseyside,My Four Wheels,My Four Wheels,Annual,Annual,0.992
LIKELY_DUPLICATE,same title/location/advertiser + salary + very similar description,26758_37432088-0,26758_37432082-0,Driving Instructor (Driving Licence Required),Merseyside,My Four Wheels,My Four Wheels,Annual,Annual,0.991
LIKELY_DUPLICATE,same title/location/advertiser + salary + very similar description,26758_37432088-0,26758_37432089-0,Driving Instructor (Driving Licence Required),Merseyside,My Four Wheels,My Four Wheels,Annual,Annual,0.991
LIKELY_DUPLICATE,same title/location/advertiser + salary + very similar description,26758_37432089-0,26758_37432082-0,Driving Instructor (Driving Licence Required),Merseyside,My Four Wheels,My Four Wheels,Annual,Annual,0.991
LIKELY_DUPLICATE,same title/location/advertiser + salary + very similar description,26758_37432090-0,26758_37431981-0,Driving Instructor (Driving Licence Required),Merseyside,My Four Wheels,My Four Wheels,Annual,Annual,0.991
LIKELY_DUPLICATE,same title/location/advertiser + salary + very similar description,26758_37432090-0,26758_37432082-0,Driving Instructor (Driving Licence Required),Merseyside,My Four Wheels,My Four Wheels,Annual,Annual,0.991
LIKELY_DUPLICATE,same title/location/advertiser + salary + very similar description,26758_37432090-0,26758_37432086-0,Driving Instructor (Driving Licence Required),Merseyside,My Four Wheels,My Four Wheels,Annual,Annual,0.991
LIKELY_DUPLICATE,same title/location/advertiser + salary + very similar description,26758_37432090-0,26758_37432088-0,Driving Instructor (Driving Licence Required),Merseyside,My Four Wheels,My Four Wheels,Annual,Annual,0.990
LIKELY_DUPLICATE,same title/location/advertiser + salary + very similar description,26758_37432090-0,26758_37432089-0,Driving Instructor (Driving Licence Required),Merseyside,My Four Wheels,My Four Wheels,Annual,Annual,0.991
LIKELY_DUPLICATE,same title/location/advertiser + salary + very similar description,26758_37432090-0,26758_37471184-0,Driving Instructor (Driving Licence Required),Merseyside,My Four Wheels,My Four Wheels,Annual,Annual,0.993
LIKELY_DUPLICATE,same title/location/advertiser + salary + very similar description,26758_37432090-0,26758_37471189-0,Driving Instructor (Driving Licence Required),Merseyside,My Four Wheels,My Four Wheels,Annual,Annual,0.994
LIKELY_DUPLICATE,same title/location/advertiser + salary + very similar description,26758_37432090-0,26758_37471223-0,Driving Instructor (Driving Licence Required),Merseyside,My Four Wheels,My Four Wheels,Annual,Annual,0.991
LIKELY_DUPLICATE,same title/location/advertiser + salary + very similar description,26758_37471184-0,26758_37432082-0,Driving Instructor (Driving Licence Required),Merseyside,My Four Wheels,My Four Wheels,Annual,Annual,0.991
LIKELY_DUPLICATE,same title/location/advertiser + salary + very similar description,26758_37471184-0,26758_37432088-0,Driving Instructor (Driving Licence Required),Merseyside,My Four Wheels,My Four Wheels,Annual,Annual,0.991
LIKELY_DUPLICATE,same title/location/advertiser + salary + very similar description,26758_37471184-0,26758_37432089-0,Driving Instructor (Driving Licence Required),Merseyside,My Four Wheels,My Four Wheels,Annual,Annual,0.991
LIKELY_DUPLICATE,same title/location/advertiser + salary + very similar description,26758_37471184-0,26758_37471223-0,Driving Instructor (Driving Licence Required),Merseyside,My Four Wheels,My Four Wheels,Annual,Annual,0.991
LIKELY_DUPLICATE,same title/location/advertiser + salary + very similar description,26758_37471189-0,26758_37431981-0,Driving Instructor (Driving Licence Required),Merseyside,My Four Wheels,My Four Wheels,Annual,Annual,0.991
LIKELY_DUPLICATE,same title/location/advertiser + salary + very similar description,26758_37471189-0,26758_37432082-0,Driving Instructor (Driving Licence Required),Merseyside,My Four Wheels,My Four Wheels,Annual,Annual,0.991
LIKELY_DUPLICATE,same title/location/advertiser + salary + very similar description,26758_37471189-0,26758_37432086-0,Driving Instructor (Driving Licence Required),Merseyside,My Four Wheels,My Four Wheels,Annual,Annual,0.991
LIKELY_DUPLICATE,same title/location/advertiser + salary + very similar description,26758_37471189-0,26758_37432088-0,Driving Instructor (Driving Licence Required),Merseyside,My Four Wheels,My Four Wheels,Annual,Annual,0.990
LIKELY_DUPLICATE,same title/location/advertiser + salary + very similar description,26758_37471189-0,26758_37432089-0,Driving Instructor (Driving Licence Required),Merseyside,My Four Wheels,My Four Wheels,Annual,Annual,0.991
LIKELY_DUPLICATE,same title/location/advertiser + salary + very similar description,26758_37471189-0,26758_37471184-0,Driving Instructor (Driving Licence Required),Merseyside,My Four Wheels,My Four Wheels,Annual,Annual,0.991
LIKELY_DUPLICATE,same title/location/advertiser + salary + very similar description,26758_37471189-0,26758_37471223-0,Driving Instructor (Driving Licence Required),Merseyside,My Four Wheels,My Four Wheels,Annual,Annual,0.991
LIKELY_DUPLICATE,same title/location/advertiser + salary + very similar description,26758_37471216-0,26758_37431981-0,Driving Instructor (Driving Licence Required),Merseyside,My Four Wheels,My Four Wheels,Annual,Annual,0.991
LIKELY_DUPLICATE,same title/location/advertiser + salary + very similar description,26758_37471216-0,26758_37432082-0,Driving Instructor (Driving Licence Required),Merseyside,My Four Wheels,My Four Wheels,Annual,Annual,0.991
LIKELY_DUPLICATE,same title/location/advertiser + salary + very similar description,26758_37471216-0,26758_37432086-0,Driving Instructor (Driving Licence Required),Merseyside,My Four Wheels,My Four Wheels,Annual,Annual,0.991
LIKELY_DUPLICATE,same title/location/advertiser + salary + very similar description,26758_37471216-0,26758_37432088-0,Driving Instructor (Driving Licence Required),Merseyside,My Four Wheels,My Four Wheels,Annual,Annual,0.991
LIKELY_DUPLICATE,same title/location/advertiser + salary + very similar description,26758_37471216-0,26758_37432089-0,Driving Instructor (Driving Licence Required),Merseyside,My Four Wheels,My Four Wheels,Annual,Annual,0.991
LIKELY_DUPLICATE,same title/location/advertiser + salary + very similar description,26758_37471216-0,26758_37432090-0,Driving Instructor (Driving Licence Required),Merseyside,My Four Wheels,My Four Wheels,Annual,Annual,0.992
LIKELY_DUPLICATE,same title/location/advertiser + salary + very similar description,26758_37471216-0,26758_37471184-0,Driving Instructor (Driving Licence Required),Merseyside,My Four Wheels,My Four Wheels,Annual,Annual,0.991
LIKELY_DUPLICATE,same title/location/advertiser + salary + very similar description,26758_37471216-0,26758_37471189-0,Driving Instructor (Driving Licence Required),Merseyside,My Four Wheels,My Four Wheels,Annual,Annual,0.991
LIKELY_DUPLICATE,same title/location/advertiser + salary + very similar description,26758_37471216-0,26758_37471223-0,Driving Instructor (Driving Licence Required),Merseyside,My Four Wheels,My Four Wheels,Annual,Annual,0.991
LIKELY_DUPLICATE,same title/location/advertiser + salary + very similar description,26758_37471223-0,26758_37432082-0,Driving Instructor (Driving Licence Required),Merseyside,My Four Wheels,My Four Wheels,Annual,Annual,0.991
LIKELY_DUPLICATE,same title/location/advertiser + salary + very similar description,26758_37471223-0,26758_37432088-0,Driving Instructor (Driving Licence Required),Merseyside,My Four Wheels,My Four Wheels,Annual,Annual,0.992
LIKELY_DUPLICATE,same title/location/advertiser + salary + very similar description,26758_37471223-0,26758_37432089-0,Driving Instructor (Driving Licence Required),Merseyside,My Four Wheels,My Four Wheels,Annual,Annual,0.991
LIKELY_DUPLICATE,same title/location/advertiser + salary + very similar description,26758_35867541-0,26758_35867542-0,Driving Instructor (Driving Licence Required),Mid Glamorgan,My Four Wheels,My Four Wheels,Annual,Annual,0.991
LIKELY_DUPLICATE,same title/location/advertiser + salary + very similar description,26758_35867479-0,26758_35867512-0,Driving Instructor (Driving Licence Required),Middlesex,My Four Wheels,My Four Wheels,Annual,Annual,0.991
LIKELY_DUPLICATE,same title/location/advertiser + salary + very similar description,26758_35867479-0,26758_35867577-0,Driving Instructor (Driving Licence Required),Middlesex,My Four Wheels,My Four Wheels,Annual,Annual,0.990
LIKELY_DUPLICATE,same title/location/advertiser + salary + very similar description,26758_35867479-0,26758_37432030-0,Driving Instructor (Driving Licence Required),Middlesex,My Four Wheels,My Four Wheels,Annual,Annual,0.991
LIKELY_DUPLICATE,same title/location/advertiser + salary + very similar description,26758_35867479-0,26758_37471227-0,Driving Instructor (Driving Licence Required),Middlesex,My Four Wheels,My Four Wheels,Annual,Annual,0.992
LIKELY_DUPLICATE,same title/location/advertiser + salary + very similar description,26758_35867512-0,26758_37471227-0,Driving Instructor (Driving Licence Required),Middlesex,My Four Wheels,My Four Wheels,Annual,Annual,0.991
LIKELY_DUPLICATE,same title/location/advertiser + salary + very similar description,26758_35867557-0,26758_35867479-0,Driving Instructor (Driving Licence Required),Middlesex,My Four Wheels,My Four Wheels,Annual,Annual,0.991
LIKELY_DUPLICATE,same title/location/advertiser + salary + very similar description,26758_35867557-0,26758_35867512-0,Driving Instructor (Driving Licence Required),Middlesex,My Four Wheels,My Four Wheels,Annual,Annual,0.995
LIKELY_DUPLICATE,same title/location/advertiser + salary + very similar description,26758_35867557-0,26758_35867577-0,Driving Instructor (Driving Licence Required),Middlesex,My Four Wheels,My Four Wheels,Annual,Annual,0.992
LIKELY_DUPLICATE,same title/location/advertiser + salary + very similar description,26758_35867557-0,26758_37432030-0,Driving Instructor (Driving Licence Required),Middlesex,My Four Wheels,My Four Wheels,Annual,Annual,0.991
LIKELY_DUPLICATE,same title/location/advertiser + salary + very similar description,26758_35867557-0,26758_37471227-0,Driving Instructor (Driving Licence Required),Middlesex,My Four Wheels,My Four Wheels,Annual,Annual,0.991
LIKELY_DUPLICATE,same title/location/advertiser + salary + very similar description,26758_35867577-0,26758_35867512-0,Driving Instructor (Driving Licence Required),Middlesex,My Four Wheels,My Four Wheels,Annual,Annual,0.990
LIKELY_DUPLICATE,same title/location/advertiser + salary + very similar description,26758_35867577-0,26758_37471227-0,Driving Instructor (Driving Licence Required),Middlesex,My Four Wheels,My Four Wheels,Annual,Annual,0.991
LIKELY_DUPLICATE,same title/location/advertiser + salary + very similar description,26758_37432030-0,26758_35867512-0,Driving Instructor (Driving Licence Required),Middlesex,My Four Wheels,My Four Wheels,Annual,Annual,0.991
LIKELY_DUPLICATE,same title/location/advertiser + salary + very similar description,26758_37432030-0,26758_35867577-0,Driving Instructor (Driving Licence Required),Middlesex,My Four Wheels,My Four Wheels,Annual,Annual,0.991
LIKELY_DUPLICATE,same title/location/advertiser + salary + very similar description,26758_37432030-0,26758_37471227-0,Driving Instructor (Driving Licence Required),Middlesex,My Four Wheels,My Four Wheels,Annual,Annual,0.991
LIKELY_DUPLICATE,same title/location/advertiser + salary + very similar description,26758_35867493-0,26758_35867517-0,Driving Instructor (Driving Licence Required),Norfolk,My Four Wheels,My Four Wheels,Annual,Annual,0.991
LIKELY_DUPLICATE,same title/location/advertiser + salary + very similar description,26758_35867493-0,26758_35867534-0,Driving Instructor (Driving Licence Required),Norfolk,My Four Wheels,My Four Wheels,Annual,Annual,0.991
LIKELY_DUPLICATE,same title/location/advertiser + salary + very similar description,26758_35867493-0,26758_37471160-0,Driving Instructor (Driving Licence Required),Norfolk,My Four Wheels,My Four Wheels,Annual,Annual,0.992
LIKELY_DUPLICATE,same title/location/advertiser + salary + very similar description,26758_35867493-0,26758_37471205-0,Driving Instructor (Driving Licence Required),Norfolk,My Four Wheels,My Four Wheels,Annual,Annual,0.991
LIKELY_DUPLICATE,same title/location/advertiser + salary + very similar description,26758_35867493-0,26758_37471229-0,Driving Instructor (Driving Licence Required),Norfolk,My Four Wheels,My Four Wheels,Annual,Annual,0.992
LIKELY_DUPLICATE,same title/location/advertiser + salary + very similar description,26758_35867517-0,26758_35867534-0,Driving Instructor (Driving Licence Required),Norfolk,My Four Wheels,My Four Wheels,Annual,Annual,0.991
LIKELY_DUPLICATE,same title/location/advertiser + salary + very similar description,26758_35867517-0,26758_37471160-0,Driving Instructor (Driving Licence Required),Norfolk,My Four Wheels,My Four Wheels,Annual,Annual,0.991
LIKELY_DUPLICATE,same title/location/advertiser + salary + very similar description,26758_35867517-0,26758_37471205-0,Driving Instructor (Driving Licence Required),Norfolk,My Four Wheels,My Four Wheels,Annual,Annual,0.991
LIKELY_DUPLICATE,same title/location/advertiser + salary + very similar description,26758_35867517-0,26758_37471229-0,Driving Instructor (Driving Licence Required),Norfolk,My Four Wheels,My Four Wheels,Annual,Annual,0.991
LIKELY_DUPLICATE,same title/location/advertiser + salary + very similar description,26758_35867534-0,26758_37471160-0,Driving Instructor (Driving Licence Required),Norfolk,My Four Wheels,My Four Wheels,Annual,Annual,0.991
LIKELY_DUPLICATE,same title/location/advertiser + salary + very similar description,26758_35867534-0,26758_37471205-0,Driving Instructor (Driving Licence Required),Norfolk,My Four Wheels,My Four Wheels,Annual,Annual,0.991
LIKELY_DUPLICATE,same title/location/advertiser + salary + very similar description,26758_35867534-0,26758_37471229-0,Driving Instructor (Driving Licence Required),Norfolk,My Four Wheels,My Four Wheels,Annual,Annual,0.991
LIKELY_DUPLICATE,same title/location/advertiser + salary + very similar description,26758_37471160-0,26758_37471229-0,Driving Instructor (Driving Licence Required),Norfolk,My Four Wheels,My Four Wheels,Annual,Annual,0.991
LIKELY_DUPLICATE,same title/location/advertiser + salary + very similar description,26758_37471205-0,26758_37471160-0,Driving Instructor (Driving Licence Required),Norfolk,My Four Wheels,My Four Wheels,Annual,Annual,0.992
LIKELY_DUPLICATE,same title/location/advertiser + salary + very similar description,26758_37471205-0,26758_37471229-0,Driving Instructor (Driving Licence Required),Norfolk,My Four Wheels,My Four Wheels,Annual,Annual,0.992
LIKELY_DUPLICATE,same title/location/advertiser + salary + very similar description,26758_37432061-0,26758_37431940-0,Driving Instructor (Driving Licence Required),North Humberside,My Four Wheels,My Four Wheels,Annual,Annual,0.991
LIKELY_DUPLICATE,same title/location/advertiser + salary + very similar description,26758_37432140-0,26758_37431940-0,Driving Instructor (Driving Licence Required),North Humberside,My Four Wheels,My Four Wheels,Annual,Annual,0.991
LIKELY_DUPLICATE,same title/location/advertiser + salary + very similar description,26758_37432140-0,26758_37432061-0,Driving Instructor (Driving Licence Required),North Humberside,My Four Wheels,My Four Wheels,Annual,Annual,0.991
LIKELY_DUPLICATE,same title/location/advertiser + salary + very similar description,26758_35867495-0,26758_35867454-0,Driving Instructor (Driving Licence Required),Northamptonshire,My Four Wheels,My Four Wheels,Annual,Annual,0.992
LIKELY_DUPLICATE,same title/location/advertiser + salary + very similar description,26758_35867495-0,26758_35867561-0,Driving Instructor (Driving Licence Required),Northamptonshire,My Four Wheels,My Four Wheels,Annual,Annual,0.990
LIKELY_DUPLICATE,same title/location/advertiser + salary + very similar description,26758_35867495-0,26758_35867580-0,Driving Instructor (Driving Licence Required),Northamptonshire,My Four Wheels,My Four Wheels,Annual,Annual,0.992
LIKELY_DUPLICATE,same title/location/advertiser + salary + very similar description,26758_35867495-0,26758_37471161-0,Driving Instructor (Driving Licence Required),Northamptonshire,My Four Wheels,My Four Wheels,Annual,Annual,0.991
LIKELY_DUPLICATE,same title/location/advertiser + salary + very similar description,26758_35867561-0,26758_35867454-0,Driving Instructor (Driving Licence Required),Northamptonshire,My Four Wheels,My Four Wheels,Annual,Annual,0.991
LIKELY_DUPLICATE,same title/location/advertiser + salary + very similar description,26758_35867579-0,26758_35867454-0,Driving Instructor (Driving Licence Required),Northamptonshire,My Four Wheels,My Four Wheels,Annual,Annual,0.991
LIKELY_DUPLICATE,same title/location/advertiser + salary + very similar description,26758_35867579-0,26758_35867495-0,Driving Instructor (Driving Licence Required),Northamptonshire,My Four Wheels,My Four Wheels,Annual,Annual,0.991
LIKELY_DUPLICATE,same title/location/advertiser + salary + very similar description,26758_35867579-0,26758_35867561-0,Driving Instructor (Driving Licence Required),Northamptonshire,My Four Wheels,My Four Wheels,Annual,Annual,0.992
LIKELY_DUPLICATE,same title/location/advertiser + salary + very similar description,26758_35867579-0,26758_35867580-0,Driving Instructor (Driving Licence Required),Northamptonshire,My Four Wheels,My Four Wheels,Annual,Annual,0.993
LIKELY_DUPLICATE,same title/location/advertiser + salary + very similar description,26758_35867579-0,26758_37471161-0,Driving Instructor (Driving Licence Required),Northamptonshire,My Four Wheels,My Four Wheels,Annual,Annual,0.992
LIKELY_DUPLICATE,same title/location/advertiser + salary + very similar description,26758_35867580-0,26758_35867454-0,Driving Instructor (Driving Licence Required),Northamptonshire,My Four Wheels,My Four Wheels,Annual,Annual,0.994
LIKELY_DUPLICATE,same title/location/advertiser + salary + very similar description,26758_35867580-0,26758_35867561-0,Driving Instructor (Driving Licence Required),Northamptonshire,My Four Wheels,My Four Wheels,Annual,Annual,0.992
LIKELY_DUPLICATE,same title/location/advertiser + salary + very similar description,26758_37471161-0,26758_35867454-0,Driving Instructor (Driving Licence Required),Northamptonshire,My Four Wheels,My Four Wheels,Annual,Annual,0.990
LIKELY_DUPLICATE,same title/location/advertiser + salary + very similar description,26758_37471161-0,26758_35867561-0,Driving Instructor (Driving Licence Required),Northamptonshire,My Four Wheels,My Four Wheels,Annual,Annual,0.991
LIKELY_DUPLICATE,same title/location/advertiser + salary + very similar description,26758_37471161-0,26758_35867580-0,Driving Instructor (Driving Licence Required),Northamptonshire,My Four Wheels,My Four Wheels,Annual,Annual,0.991
LIKELY_DUPLICATE,same title/location/advertiser + salary + very similar description,26758_37471171-0,26758_35867454-0,Driving Instructor (Driving Licence Required),Northamptonshire,My Four Wheels,My Four Wheels,Annual,Annual,0.991
LIKELY_DUPLICATE,same title/location/advertiser + salary + very similar description,26758_37471171-0,26758_35867495-0,Driving Instructor (Driving Licence Required),Northamptonshire,My Four Wheels,My Four Wheels,Annual,Annual,0.990
LIKELY_DUPLICATE,same title/location/advertiser + salary + very similar description,26758_37471171-0,26758_35867561-0,Driving Instructor (Driving Licence Required),Northamptonshire,My Four Wheels,My Four Wheels,Annual,Annual,0.992
LIKELY_DUPLICATE,same title/location/advertiser + salary + very similar description,26758_37471171-0,26758_35867579-0,Driving Instructor (Driving Licence Required),Northamptonshire,My Four Wheels,My Four Wheels,Annual,Annual,0.994
LIKELY_DUPLICATE,same title/location/advertiser + salary + very similar description,26758_37471171-0,26758_35867580-0,Driving Instructor (Driving Licence Required),Northamptonshire,My Four Wheels,My Four Wheels,Annual,Annual,0.991
LIKELY_DUPLICATE,same title/location/advertiser + salary + very similar description,26758_37471171-0,26758_37471161-0,Driving Instructor (Driving Licence Required),Northamptonshire,My Four Wheels,My Four Wheels,Annual,Annual,0.991
LIKELY_DUPLICATE,same title/location/advertiser + salary + very similar description,26758_37471176-0,26758_37431943-0,Driving Instructor (Driving Licence Required),Northumberland,My Four Wheels,My Four Wheels,Annual,Annual,0.991
LIKELY_DUPLICATE,same title/location/advertiser + salary + very similar description,26758_37471176-0,26758_37471202-0,Driving Instructor (Driving Licence Required),Northumberland,My Four Wheels,My Four Wheels,Annual,Annual,0.991
LIKELY_DUPLICATE,same title/location/advertiser + salary + very similar description,26758_37471202-0,26758_37431943-0,Driving Instructor (Driving Licence Required),Northumberland,My Four Wheels,My Four Wheels,Annual,Annual,0.992
LIKELY_DUPLICATE,same title/location/advertiser + salary + very similar description,26758_35867453-0,26758_35867444-0,Driving Instructor (Driving Licence Required),Nottinghamshire,My Four Wheels,My Four Wheels,Annual,Annual,0.990
LIKELY_DUPLICATE,same title/location/advertiser + salary + very similar description,26758_35867453-0,26758_37471181-0,Driving Instructor (Driving Licence Required),Nottinghamshire,My Four Wheels,My Four Wheels,Annual,Annual,0.991
LIKELY_DUPLICATE,same title/location/advertiser + salary + very similar description,26758_35867515-0,26758_35867444-0,Driving Instructor (Driving Licence Required),Nottinghamshire,My Four Wheels,My Four Wheels,Annual,Annual,0.991
LIKELY_DUPLICATE,same title/location/advertiser + salary + very similar description,26758_35867515-0,26758_35867453-0,Driving Instructor (Driving Licence Required),Nottinghamshire,My Four Wheels,My Four Wheels,Annual,Annual,0.990
LIKELY_DUPLICATE,same title/location/advertiser + salary + very similar description,26758_35867515-0,26758_35867559-0,Driving Instructor (Driving Licence Required),Nottinghamshire,My Four Wheels,My Four Wheels,Annual,Annual,0.992
LIKELY_DUPLICATE,same title/location/advertiser + salary + very similar description,26758_35867515-0,26758_37431995-0,Driving Instructor (Driving Licence Required),Nottinghamshire,My Four Wheels,My Four Wheels,Annual,Annual,0.991
LIKELY_DUPLICATE,same title/location/advertiser + salary + very similar description,26758_35867515-0,26758_37471181-0,Driving Instructor (Driving Licence Required),Nottinghamshire,My Four Wheels,My Four Wheels,Annual,Annual,0.991
LIKELY_DUPLICATE,same title/location/advertiser + salary + very similar description,26758_35867559-0,26758_35867444-0,Driving Instructor (Driving Licence Required),Nottinghamshire,My Four Wheels,My Four Wheels,Annual,Annual,0.990
LIKELY_DUPLICATE,same title/location/advertiser + salary + very similar description,26758_35867559-0,26758_35867453-0,Driving Instructor (Driving Licence Required),Nottinghamshire,My Four Wheels,My Four Wheels,Annual,Annual,0.991
LIKELY_DUPLICATE,same title/location/advertiser + salary + very similar description,26758_35867559-0,26758_37471181-0,Driving Instructor (Driving Licence Required),Nottinghamshire,My Four Wheels,My Four Wheels,Annual,Annual,0.990
LIKELY_DUPLICATE,same title/location/advertiser + salary + very similar description,26758_37431927-0,26758_35867444-0,Driving Instructor (Driving Licence Required),Nottinghamshire,My Four Wheels,My Four Wheels,Annual,Annual,0.991
LIKELY_DUPLICATE,same title/location/advertiser + salary + very similar description,26758_37431927-0,26758_35867453-0,Driving Instructor (Driving Licence Required),Nottinghamshire,My Four Wheels,My Four Wheels,Annual,Annual,0.992
LIKELY_DUPLICATE,same title/location/advertiser + salary + very similar description,26758_37431927-0,26758_35867515-0,Driving Instructor (Driving Licence Required),Nottinghamshire,My Four Wheels,My Four Wheels,Annual,Annual,0.991
LIKELY_DUPLICATE,same title/location/advertiser + salary + very similar description,26758_37431927-0,26758_35867559-0,Driving Instructor (Driving Licence Required),Nottinghamshire,My Four Wheels,My Four Wheels,Annual,Annual,0.990
LIKELY_DUPLICATE,same title/location/advertiser + salary + very similar description,26758_37431927-0,26758_37431995-0,Driving Instructor (Driving Licence Required),Nottinghamshire,My Four Wheels,My Four Wheels,Annual,Annual,0.991
LIKELY_DUPLICATE,same title/location/advertiser + salary + very similar description,26758_37431927-0,26758_37432019-0,Driving Instructor (Driving Licence Required),Nottinghamshire,My Four Wheels,My Four Wheels,Annual,Annual,0.992
LIKELY_DUPLICATE,same title/location/advertiser + salary + very similar description,26758_37431927-0,26758_37471181-0,Driving Instructor (Driving Licence Required),Nottinghamshire,My Four Wheels,My Four Wheels,Annual,Annual,0.991
LIKELY_DUPLICATE,same title/location/advertiser + salary + very similar description,26758_37431995-0,26758_35867444-0,Driving Instructor (Driving Licence Required),Nottinghamshire,My Four Wheels,My Four Wheels,Annual,Annual,0.991
LIKELY_DUPLICATE,same title/location/advertiser + salary + very similar description,26758_37431995-0,26758_35867453-0,Driving Instructor (Driving Licence Required),Nottinghamshire,My Four Wheels,My Four Wheels,Annual,Annual,0.991
LIKELY_DUPLICATE,same title/location/advertiser + salary + very similar description,26758_37431995-0,26758_35867559-0,Driving Instructor (Driving Licence Required),Nottinghamshire,My Four Wheels,My Four Wheels,Annual,Annual,0.990
LIKELY_DUPLICATE,same title/location/advertiser + salary + very similar description,26758_37431995-0,26758_37471181-0,Driving Instructor (Driving Licence Required),Nottinghamshire,My Four Wheels,My Four Wheels,Annual,Annual,0.991
LIKELY_DUPLICATE,same title/location/advertiser + salary + very similar description,26758_37432019-0,26758_35867444-0,Driving Instructor (Driving Licence Required),Nottinghamshire,My Four Wheels,My Four Wheels,Annual,Annual,0.992
LIKELY_DUPLICATE,same title/location/advertiser + salary + very similar description,26758_37432019-0,26758_35867453-0,Driving Instructor (Driving Licence Required),Nottinghamshire,My Four Wheels,My Four Wheels,Annual,Annual,0.992
LIKELY_DUPLICATE,same title/location/advertiser + salary + very similar description,26758_37432019-0,26758_35867515-0,Driving Instructor (Driving Licence Required),Nottinghamshire,My Four Wheels,My Four Wheels,Annual,Annual,0.992
LIKELY_DUPLICATE,same title/location/advertiser + salary + very similar description,26758_37432019-0,26758_35867559-0,Driving Instructor (Driving Licence Required),Nottinghamshire,My Four Wheels,My Four Wheels,Annual,Annual,0.991
LIKELY_DUPLICATE,same title/location/advertiser + salary + very similar description,26758_37432019-0,26758_37431995-0,Driving Instructor (Driving Licence Required),Nottinghamshire,My Four Wheels,My Four Wheels,Annual,Annual,0.991
LIKELY_DUPLICATE,same title/location/advertiser + salary + very similar description,26758_37432019-0,26758_37471181-0,Driving Instructor (Driving Licence Required),Nottinghamshire,My Four Wheels,My Four Wheels,Annual,Annual,0.991
LIKELY_DUPLICATE,same title/location/advertiser + salary + very similar description,26758_37432024-0,26758_35867444-0,Driving Instructor (Driving Licence Required),Nottinghamshire,My Four Wheels,My Four Wheels,Annual,Annual,0.994
LIKELY_DUPLICATE,same title/location/advertiser + salary + very similar description,26758_37432024-0,26758_35867453-0,Driving Instructor (Driving Licence Required),Nottinghamshire,My Four Wheels,My Four Wheels,Annual,Annual,0.991
LIKELY_DUPLICATE,same title/location/advertiser + salary + very similar description,26758_37432024-0,26758_35867515-0,Driving Instructor (Driving Licence Required),Nottinghamshire,My Four Wheels,My Four Wheels,Annual,Annual,0.991
LIKELY_DUPLICATE,same title/location/advertiser + salary + very similar description,26758_37432024-0,26758_35867559-0,Driving Instructor (Driving Licence Required),Nottinghamshire,My Four Wheels,My Four Wheels,Annual,Annual,0.991
LIKELY_DUPLICATE,same title/location/advertiser + salary + very similar description,26758_37432024-0,26758_37431927-0,Driving Instructor (Driving Licence Required),Nottinghamshire,My Four Wheels,My Four Wheels,Annual,Annual,0.992
LIKELY_DUPLICATE,same title/location/advertiser + salary + very similar description,26758_37432024-0,26758_37431995-0,Driving Instructor (Driving Licence Required),Nottinghamshire,My Four Wheels,My Four Wheels,Annual,Annual,0.991
LIKELY_DUPLICATE,same title/location/advertiser + salary + very similar description,26758_37432024-0,26758_37432019-0,Driving Instructor (Driving Licence Required),Nottinghamshire,My Four Wheels,My Four Wheels,Annual,Annual,0.991
LIKELY_DUPLICATE,same title/location/advertiser + salary + very similar description,26758_37432024-0,26758_37471181-0,Driving Instructor (Driving Licence Required),Nottinghamshire,My Four Wheels,My Four Wheels,Annual,Annual,0.991
LIKELY_DUPLICATE,same title/location/advertiser + salary + very similar description,26758_37471181-0,26758_35867444-0,Driving Instructor (Driving Licence Required),Nottinghamshire,My Four Wheels,My Four Wheels,Annual,Annual,0.991
LIKELY_DUPLICATE,same title/location/advertiser + salary + very similar description,26758_35867470-0,26758_37431993-0,Driving Instructor (Driving Licence Required),Oxfordshire,My Four Wheels,My Four Wheels,Annual,Annual,0.994
LIKELY_DUPLICATE,same title/location/advertiser + salary + very similar description,26758_35867525-0,26758_35867470-0,Driving Instructor (Driving Licence Required),Oxfordshire,My Four Wheels,My Four Wheels,Annual,Annual,0.991
LIKELY_DUPLICATE,same title/location/advertiser + salary + very similar description,26758_35867525-0,26758_37431993-0,Driving Instructor (Driving Licence Required),Oxfordshire,My Four Wheels,My Four Wheels,Annual,Annual,0.991
LIKELY_DUPLICATE,same title/location/advertiser + salary + very similar description,26758_35867525-0,26758_37432005-0,Driving Instructor (Driving Licence Required),Oxfordshire,My Four Wheels,My Four Wheels,Annual,Annual,0.990
LIKELY_DUPLICATE,same title/location/advertiser + salary + very similar description,26758_35867525-0,26758_37432100-0,Driving Instructor (Driving Licence Required),Oxfordshire,My Four Wheels,My Four Wheels,Annual,Annual,0.991
LIKELY_DUPLICATE,same title/location/advertiser + salary + very similar description,26758_37432005-0,26758_35867470-0,Driving Instructor (Driving Licence Required),Oxfordshire,My Four Wheels,My Four Wheels,Annual,Annual,0.990
LIKELY_DUPLICATE,same title/location/advertiser + salary + very similar description,26758_37432005-0,26758_37431993-0,Driving Instructor (Driving Licence Required),Oxfordshire,My Four Wheels,My Four Wheels,Annual,Annual,0.991
LIKELY_DUPLICATE,same title/location/advertiser + salary + very similar description,26758_37432005-0,26758_37432100-0,Driving Instructor (Driving Licence Required),Oxfordshire,My Four Wheels,My Four Wheels,Annual,Annual,0.991
LIKELY_DUPLICATE,same title/location/advertiser + salary + very similar description,26758_37432062-0,26758_35867470-0,Driving Instructor (Driving Licence Required),Oxfordshire,My Four Wheels,My Four Wheels,Annual,Annual,0.990
LIKELY_DUPLICATE,same title/location/advertiser + salary + very similar description,26758_37432062-0,26758_35867525-0,Driving Instructor (Driving Licence Required),Oxfordshire,My Four Wheels,My Four Wheels,Annual,Annual,0.990
LIKELY_DUPLICATE,same title/location/advertiser + salary + very similar description,26758_37432062-0,26758_37431993-0,Driving Instructor (Driving Licence Required),Oxfordshire,My Four Wheels,My Four Wheels,Annual,Annual,0.991
LIKELY_DUPLICATE,same title/location/advertiser + salary + very similar description,26758_37432062-0,26758_37432005-0,Driving Instructor (Driving Licence Required),Oxfordshire,My Four Wheels,My Four Wheels,Annual,Annual,0.992
LIKELY_DUPLICATE,same title/location/advertiser + salary + very similar description,26758_37432062-0,26758_37432100-0,Driving Instructor (Driving Licence Required),Oxfordshire,My Four Wheels,My Four Wheels,Annual,Annual,0.991
LIKELY_DUPLICATE,same title/location/advertiser + salary + very similar description,26758_37432100-0,26758_35867470-0,Driving Instructor (Driving Licence Required),Oxfordshire,My Four Wheels,My Four Wheels,Annual,Annual,0.992
LIKELY_DUPLICATE,same title/location/advertiser + salary + very similar description,26758_37432100-0,26758_37431993-0,Driving Instructor (Driving Licence Required),Oxfordshire,My Four Wheels,My Four Wheels,Annual,Annual,0.990
LIKELY_DUPLICATE,same title/location/advertiser + salary + very similar description,26758_37471218-0,26758_35867470-0,Driving Instructor (Driving Licence Required),Oxfordshire,My Four Wheels,My Four Wheels,Annual,Annual,0.991
LIKELY_DUPLICATE,same title/location/advertiser + salary + very similar description,26758_37471218-0,26758_35867525-0,Driving Instructor (Driving Licence Required),Oxfordshire,My Four Wheels,My Four Wheels,Annual,Annual,0.991
LIKELY_DUPLICATE,same title/location/advertiser + salary + very similar description,26758_37471218-0,26758_37431993-0,Driving Instructor (Driving Licence Required),Oxfordshire,My Four Wheels,My Four Wheels,Annual,Annual,0.992
LIKELY_DUPLICATE,same title/location/advertiser + salary + very similar description,26758_37471218-0,26758_37432005-0,Driving Instructor (Driving Licence Required),Oxfordshire,My Four Wheels,My Four Wheels,Annual,Annual,0.992
LIKELY_DUPLICATE,same title/location/advertiser + salary + very similar description,26758_37471218-0,26758_37432062-0,Driving Instructor (Driving Licence Required),Oxfordshire,My Four Wheels,My Four Wheels,Annual,Annual,0.991
LIKELY_DUPLICATE,same title/location/advertiser + salary + very similar description,26758_37471218-0,26758_37432100-0,Driving Instructor (Driving Licence Required),Oxfordshire,My Four Wheels,My Four Wheels,Annual,Annual,0.992
LIKELY_DUPLICATE,same title/location/advertiser + salary + very similar description,26758_37431910-0,26758_35867501-0,Driving Instructor (Driving Licence Required),Shropshire,My Four Wheels,My Four Wheels,Annual,Annual,0.991
LIKELY_DUPLICATE,same title/location/advertiser + salary + very similar description,26758_37431910-0,26758_37471154-0,Driving Instructor (Driving Licence Required),Shropshire,My Four Wheels,My Four Wheels,Annual,Annual,0.990
LIKELY_DUPLICATE,same title/location/advertiser + salary + very similar description,26758_37471154-0,26758_35867501-0,Driving Instructor (Driving Licence Required),Shropshire,My Four Wheels,My Four Wheels,Annual,Annual,0.991
LIKELY_DUPLICATE,same title/location/advertiser + salary + very similar description,26758_37431918-0,26758_37431920-0,Driving Instructor (Driving Licence Required),Somerset,My Four Wheels,My Four Wheels,Annual,Annual,0.991
LIKELY_DUPLICATE,same title/location/advertiser + salary + very similar description,26758_37431918-0,26758_37431965-0,Driving Instructor (Driving Licence Required),Somerset,My Four Wheels,My Four Wheels,Annual,Annual,0.991
LIKELY_DUPLICATE,same title/location/advertiser + salary + very similar description,26758_37431918-0,26758_37431975-0,Driving Instructor (Driving Licence Required),Somerset,My Four Wheels,My Four Wheels,Annual,Annual,0.991
LIKELY_DUPLICATE,same title/location/advertiser + salary + very similar description,26758_37431918-0,26758_37471195-0,Driving Instructor (Driving Licence Required),Somerset,My Four Wheels,My Four Wheels,Annual,Annual,0.992
LIKELY_DUPLICATE,same title/location/advertiser + salary + very similar description,26758_37431947-0,26758_37431918-0,Driving Instructor (Driving Licence Required),Somerset,My Four Wheels,My Four Wheels,Annual,Annual,0.991
LIKELY_DUPLICATE,same title/location/advertiser + salary + very similar description,26758_37431947-0,26758_37431920-0,Driving Instructor (Driving Licence Required),Somerset,My Four Wheels,My Four Wheels,Annual,Annual,0.995
LIKELY_DUPLICATE,same title/location/advertiser + salary + very similar description,26758_37431947-0,26758_37431965-0,Driving Instructor (Driving Licence Required),Somerset,My Four Wheels,My Four Wheels,Annual,Annual,0.991
LIKELY_DUPLICATE,same title/location/advertiser + salary + very similar description,26758_37431947-0,26758_37431975-0,Driving Instructor (Driving Licence Required),Somerset,My Four Wheels,My Four Wheels,Annual,Annual,0.991
LIKELY_DUPLICATE,same title/location/advertiser + salary + very similar description,26758_37431947-0,26758_37432012-0,Driving Instructor (Driving Licence Required),Somerset,My Four Wheels,My Four Wheels,Annual,Annual,0.991
LIKELY_DUPLICATE,same title/location/advertiser + salary + very similar description,26758_37431947-0,26758_37471166-0,Driving Instructor (Driving Licence Required),Somerset,My Four Wheels,My Four Wheels,Annual,Annual,0.991
LIKELY_DUPLICATE,same title/location/advertiser + salary + very similar description,26758_37431947-0,26758_37471195-0,Driving Instructor (Driving Licence Required),Somerset,My Four Wheels,My Four Wheels,Annual,Annual,0.990
LIKELY_DUPLICATE,same title/location/advertiser + salary + very similar description,26758_37431965-0,26758_37431920-0,Driving Instructor (Driving Licence Required),Somerset,My Four Wheels,My Four Wheels,Annual,Annual,0.991
LIKELY_DUPLICATE,same title/location/advertiser + salary + very similar description,26758_37431975-0,26758_37431920-0,Driving Instructor (Driving Licence Required),Somerset,My Four Wheels,My Four Wheels,Annual,Annual,0.991
LIKELY_DUPLICATE,same title/location/advertiser + salary + very similar description,26758_37431975-0,26758_37431965-0,Driving Instructor (Driving Licence Required),Somerset,My Four Wheels,My Four Wheels,Annual,Annual,0.991
LIKELY_DUPLICATE,same title/location/advertiser + salary + very similar description,26758_37431975-0,26758_37471195-0,Driving Instructor (Driving Licence Required),Somerset,My Four Wheels,My Four Wheels,Annual,Annual,0.992
LIKELY_DUPLICATE,same title/location/advertiser + salary + very similar description,26758_37432012-0,26758_37431918-0,Driving Instructor (Driving Licence Required),Somerset,My Four Wheels,My Four Wheels,Annual,Annual,0.991
LIKELY_DUPLICATE,same title/location/advertiser + salary + very similar description,26758_37432012-0,26758_37431920-0,Driving Instructor (Driving Licence Required),Somerset,My Four Wheels,My Four Wheels,Annual,Annual,0.991
LIKELY_DUPLICATE,same title/location/advertiser + salary + very similar description,26758_37432012-0,26758_37431965-0,Driving Instructor (Driving Licence Required),Somerset,My Four Wheels,My Four Wheels,Annual,Annual,0.991
LIKELY_DUPLICATE,same title/location/advertiser + salary + very similar description,26758_37432012-0,26758_37431975-0,Driving Instructor (Driving Licence Required),Somerset,My Four Wheels,My Four Wheels,Annual,Annual,0.992
LIKELY_DUPLICATE,same title/location/advertiser + salary + very similar description,26758_37432012-0,26758_37471166-0,Driving Instructor (Driving Licence Required),Somerset,My Four Wheels,My Four Wheels,Annual,Annual,0.991
LIKELY_DUPLICATE,same title/location/advertiser + salary + very similar description,26758_37432012-0,26758_37471195-0,Driving Instructor (Driving Licence Required),Somerset,My Four Wheels,My Four Wheels,Annual,Annual,0.991
LIKELY_DUPLICATE,same title/location/advertiser + salary + very similar description,26758_37471166-0,26758_37431918-0,Driving Instructor (Driving Licence Required),Somerset,My Four Wheels,My Four Wheels,Annual,Annual,0.992
LIKELY_DUPLICATE,same title/location/advertiser + salary + very similar description,26758_37471166-0,26758_37431920-0,Driving Instructor (Driving Licence Required),Somerset,My Four Wheels,My Four Wheels,Annual,Annual,0.992
LIKELY_DUPLICATE,same title/location/advertiser + salary + very similar description,26758_37471166-0,26758_37431965-0,Driving Instructor (Driving Licence Required),Somerset,My Four Wheels,My Four Wheels,Annual,Annual,0.992
LIKELY_DUPLICATE,same title/location/advertiser + salary + very similar description,26758_37471166-0,26758_37431975-0,Driving Instructor (Driving Licence Required),Somerset,My Four Wheels,My Four Wheels,Annual,Annual,0.992
LIKELY_DUPLICATE,same title/location/advertiser + salary + very similar description,26758_37471166-0,26758_37471195-0,Driving Instructor (Driving Licence Required),Somerset,My Four Wheels,My Four Wheels,Annual,Annual,0.991
LIKELY_DUPLICATE,same title/location/advertiser + salary + very similar description,26758_37471182-0,26758_37431918-0,Driving Instructor (Driving Licence Required),Somerset,My Four Wheels,My Four Wheels,Annual,Annual,0.991
LIKELY_DUPLICATE,same title/location/advertiser + salary + very similar description,26758_37471182-0,26758_37431920-0,Driving Instructor (Driving Licence Required),Somerset,My Four Wheels,My Four Wheels,Annual,Annual,0.991
LIKELY_DUPLICATE,same title/location/advertiser + salary + very similar description,26758_37471182-0,26758_37431947-0,Driving Instructor (Driving Licence Required),Somerset,My Four Wheels,My Four Wheels,Annual,Annual,0.991
LIKELY_DUPLICATE,same title/location/advertiser + salary + very similar description,26758_37471182-0,26758_37431965-0,Driving Instructor (Driving Licence Required),Somerset,My Four Wheels,My Four Wheels,Annual,Annual,0.991
LIKELY_DUPLICATE,same title/location/advertiser + salary + very similar description,26758_37471182-0,26758_37431975-0,Driving Instructor (Driving Licence Required),Somerset,My Four Wheels,My Four Wheels,Annual,Annual,0.991
LIKELY_DUPLICATE,same title/location/advertiser + salary + very similar description,26758_37471182-0,26758_37432012-0,Driving Instructor (Driving Licence Required),Somerset,My Four Wheels,My Four Wheels,Annual,Annual,0.991
LIKELY_DUPLICATE,same title/location/advertiser + salary + very similar description,26758_37471182-0,26758_37471166-0,Driving Instructor (Driving Licence Required),Somerset,My Four Wheels,My Four Wheels,Annual,Annual,0.991
LIKELY_DUPLICATE,same title/location/advertiser + salary + very similar description,26758_37471182-0,26758_37471195-0,Driving Instructor (Driving Licence Required),Somerset,My Four Wheels,My Four Wheels,Annual,Annual,0.990
LIKELY_DUPLICATE,same title/location/advertiser + salary + very similar description,26758_37471195-0,26758_37431920-0,Driving Instructor (Driving Licence Required),Somerset,My Four Wheels,My Four Wheels,Annual,Annual,0.991
LIKELY_DUPLICATE,same title/location/advertiser + salary + very similar description,26758_37471195-0,26758_37431965-0,Driving Instructor (Driving Licence Required),Somerset,My Four Wheels,My Four Wheels,Annual,Annual,0.992
LIKELY_DUPLICATE,same title/location/advertiser + salary + very similar description,26758_35867527-0,26758_35867549-0,Driving Instructor (Driving Licence Required),Staffordshire,My Four Wheels,My Four Wheels,Annual,Annual,0.991
LIKELY_DUPLICATE,same title/location/advertiser + salary + very similar description,26758_35867527-0,26758_37432001-0,Driving Instructor (Driving Licence Required),Staffordshire,My Four Wheels,My Four Wheels,Annual,Annual,0.992
LIKELY_DUPLICATE,same title/location/advertiser + salary + very similar description,26758_35867527-0,26758_37432011-0,Driving Instructor (Driving Licence Required),Staffordshire,My Four Wheels,My Four Wheels,Annual,Annual,0.992
LIKELY_DUPLICATE,same title/location/advertiser + salary + very similar description,26758_35867527-0,26758_37432094-0,Driving Instructor (Driving Licence Required),Staffordshire,My Four Wheels,My Four Wheels,Annual,Annual,0.995
LIKELY_DUPLICATE,same title/location/advertiser + salary + very similar description,26758_35867527-0,26758_37432095-0,Driving Instructor (Driving Licence Required),Staffordshire,My Four Wheels,My Four Wheels,Annual,Annual,0.994
LIKELY_DUPLICATE,same title/location/advertiser + salary + very similar description,26758_37431912-0,26758_35867527-0,Driving Instructor (Driving Licence Required),Staffordshire,My Four Wheels,My Four Wheels,Annual,Annual,0.994
LIKELY_DUPLICATE,same title/location/advertiser + salary + very similar description,26758_37431912-0,26758_35867549-0,Driving Instructor (Driving Licence Required),Staffordshire,My Four Wheels,My Four Wheels,Annual,Annual,0.991
LIKELY_DUPLICATE,same title/location/advertiser + salary + very similar description,26758_37431912-0,26758_37432001-0,Driving Instructor (Driving Licence Required),Staffordshire,My Four Wheels,My Four Wheels,Annual,Annual,0.991
LIKELY_DUPLICATE,same title/location/advertiser + salary + very similar description,26758_37431912-0,26758_37432011-0,Driving Instructor (Driving Licence Required),Staffordshire,My Four Wheels,My Four Wheels,Annual,Annual,0.991
LIKELY_DUPLICATE,same title/location/advertiser + salary + very similar description,26758_37431912-0,26758_37432094-0,Driving Instructor (Driving Licence Required),Staffordshire,My Four Wheels,My Four Wheels,Annual,Annual,0.994
LIKELY_DUPLICATE,same title/location/advertiser + salary + very similar description,26758_37431912-0,26758_37432095-0,Driving Instructor (Driving Licence Required),Staffordshire,My Four Wheels,My Four Wheels,Annual,Annual,0.994
LIKELY_DUPLICATE,same title/location/advertiser + salary + very similar description,26758_37432001-0,26758_35867549-0,Driving Instructor (Driving Licence Required),Staffordshire,My Four Wheels,My Four Wheels,Annual,Annual,0.991
LIKELY_DUPLICATE,same title/location/advertiser + salary + very similar description,26758_37432011-0,26758_35867549-0,Driving Instructor (Driving Licence Required),Staffordshire,My Four Wheels,My Four Wheels,Annual,Annual,0.990
LIKELY_DUPLICATE,same title/location/advertiser + salary + very similar description,26758_37432011-0,26758_37432001-0,Driving Instructor (Driving Licence Required),Staffordshire,My Four Wheels,My Four Wheels,Annual,Annual,0.992
LIKELY_DUPLICATE,same title/location/advertiser + salary + very similar description,26758_37432094-0,26758_35867549-0,Driving Instructor (Driving Licence Required),Staffordshire,My Four Wheels,My Four Wheels,Annual,Annual,0.992
LIKELY_DUPLICATE,same title/location/advertiser + salary + very similar description,26758_37432094-0,26758_37432001-0,Driving Instructor (Driving Licence Required),Staffordshire,My Four Wheels,My Four Wheels,Annual,Annual,0.992
LIKELY_DUPLICATE,same title/location/advertiser + salary + very similar description,26758_37432094-0,26758_37432011-0,Driving Instructor (Driving Licence Required),Staffordshire,My Four Wheels,My Four Wheels,Annual,Annual,0.991
LIKELY_DUPLICATE,same title/location/advertiser + salary + very similar description,26758_37432094-0,26758_37432095-0,Driving Instructor (Driving Licence Required),Staffordshire,My Four Wheels,My Four Wheels,Annual,Annual,0.995
LIKELY_DUPLICATE,same title/location/advertiser + salary + very similar description,26758_37432095-0,26758_35867549-0,Driving Instructor (Driving Licence Required),Staffordshire,My Four Wheels,My Four Wheels,Annual,Annual,0.992
LIKELY_DUPLICATE,same title/location/advertiser + salary + very similar description,26758_37432095-0,26758_37432001-0,Driving Instructor (Driving Licence Required),Staffordshire,My Four Wheels,My Four Wheels,Annual,Annual,0.991
LIKELY_DUPLICATE,same title/location/advertiser + salary + very similar description,26758_37432095-0,26758_37432011-0,Driving Instructor (Driving Licence Required),Staffordshire,My Four Wheels,My Four Wheels,Annual,Annual,0.992
LIKELY_DUPLICATE,same title/location/advertiser + salary + very similar description,26758_37432097-0,26758_35867527-0,Driving Instructor (Driving Licence Required),Staffordshire,My Four Wheels,My Four Wheels,Annual,Annual,0.992
LIKELY_DUPLICATE,same title/location/advertiser + salary + very similar description,26758_37432097-0,26758_35867549-0,Driving Instructor (Driving Licence Required),Staffordshire,My Four Wheels,My Four Wheels,Annual,Annual,0.993
LIKELY_DUPLICATE,same title/location/advertiser + salary + very similar description,26758_37432097-0,26758_37431912-0,Driving Instructor (Driving Licence Required),Staffordshire,My Four Wheels,My Four Wheels,Annual,Annual,0.991
LIKELY_DUPLICATE,same title/location/advertiser + salary + very similar description,26758_37432097-0,26758_37432001-0,Driving Instructor (Driving Licence Required),Staffordshire,My Four Wheels,My Four Wheels,Annual,Annual,0.991
LIKELY_DUPLICATE,same title/location/advertiser + salary + very similar description,26758_37432097-0,26758_37432011-0,Driving Instructor (Driving Licence Required),Staffordshire,My Four Wheels,My Four Wheels,Annual,Annual,0.991
LIKELY_DUPLICATE,same title/location/advertiser + salary + very similar description,26758_37432097-0,26758_37432094-0,Driving Instructor (Driving Licence Required),Staffordshire,My Four Wheels,My Four Wheels,Annual,Annual,0.993
LIKELY_DUPLICATE,same title/location/advertiser + salary + very similar description,26758_37432097-0,26758_37432095-0,Driving Instructor (Driving Licence Required),Staffordshire,My Four Wheels,My Four Wheels,Annual,Annual,0.991
LIKELY_DUPLICATE,same title/location/advertiser + salary + very similar description,26758_37432097-0,26758_37471172-0,Driving Instructor (Driving Licence Required),Staffordshire,My Four Wheels,My Four Wheels,Annual,Annual,0.991
LIKELY_DUPLICATE,same title/location/advertiser + salary + very similar description,26758_37471172-0,26758_35867527-0,Driving Instructor (Driving Licence Required),Staffordshire,My Four Wheels,My Four Wheels,Annual,Annual,0.991
LIKELY_DUPLICATE,same title/location/advertiser + salary + very similar description,26758_37471172-0,26758_35867549-0,Driving Instructor (Driving Licence Required),Staffordshire,My Four Wheels,My Four Wheels,Annual,Annual,0.992
LIKELY_DUPLICATE,same title/location/advertiser + salary + very similar description,26758_37471172-0,26758_37431912-0,Driving Instructor (Driving Licence Required),Staffordshire,My Four Wheels,My Four Wheels,Annual,Annual,0.991
LIKELY_DUPLICATE,same title/location/advertiser + salary + very similar description,26758_37471172-0,26758_37432001-0,Driving Instructor (Driving Licence Required),Staffordshire,My Four Wheels,My Four Wheels,Annual,Annual,0.991
LIKELY_DUPLICATE,same title/location/advertiser + salary + very similar description,26758_37471172-0,26758_37432011-0,Driving Instructor (Driving Licence Required),Staffordshire,My Four Wheels,My Four Wheels,Annual,Annual,0.991
LIKELY_DUPLICATE,same title/location/advertiser + salary + very similar description,26758_37471172-0,26758_37432094-0,Driving Instructor (Driving Licence Required),Staffordshire,My Four Wheels,My Four Wheels,Annual,Annual,0.992
LIKELY_DUPLICATE,same title/location/advertiser + salary + very similar description,26758_37471172-0,26758_37432095-0,Driving Instructor (Driving Licence Required),Staffordshire,My Four Wheels,My Four Wheels,Annual,Annual,0.992
LIKELY_DUPLICATE,same title/location/advertiser + salary + very similar description,26758_35867446-0,26758_35867447-0,Driving Instructor (Driving Licence Required),Suffolk,My Four Wheels,My Four Wheels,Annual,Annual,0.990
LIKELY_DUPLICATE,same title/location/advertiser + salary + very similar description,26758_35867446-0,26758_35867535-0,Driving Instructor (Driving Licence Required),Suffolk,My Four Wheels,My Four Wheels,Annual,Annual,0.992
LIKELY_DUPLICATE,same title/location/advertiser + salary + very similar description,26758_35867447-0,26758_35867535-0,Driving Instructor (Driving Licence Required),Suffolk,My Four Wheels,My Four Wheels,Annual,Annual,0.992
LIKELY_DUPLICATE,same title/location/advertiser + salary + very similar description,26758_35867560-0,26758_35867446-0,Driving Instructor (Driving Licence Required),Suffolk,My Four Wheels,My Four Wheels,Annual,Annual,0.992
LIKELY_DUPLICATE,same title/location/advertiser + salary + very similar description,26758_35867560-0,26758_35867447-0,Driving Instructor (Driving Licence Required),Suffolk,My Four Wheels,My Four Wheels,Annual,Annual,0.991
LIKELY_DUPLICATE,same title/location/advertiser + salary + very similar description,26758_35867560-0,26758_35867535-0,Driving Instructor (Driving Licence Required),Suffolk,My Four Wheels,My Four Wheels,Annual,Annual,0.991
LIKELY_DUPLICATE,same title/location/advertiser + salary + very similar description,26758_35867572-0,26758_35867446-0,Driving Instructor (Driving Licence Required),Suffolk,My Four Wheels,My Four Wheels,Annual,Annual,0.991
LIKELY_DUPLICATE,same title/location/advertiser + salary + very similar description,26758_35867572-0,26758_35867447-0,Driving Instructor (Driving Licence Required),Suffolk,My Four Wheels,My Four Wheels,Annual,Annual,0.991
LIKELY_DUPLICATE,same title/location/advertiser + salary + very similar description,26758_35867572-0,26758_35867535-0,Driving Instructor (Driving Licence Required),Suffolk,My Four Wheels,My Four Wheels,Annual,Annual,0.992
LIKELY_DUPLICATE,same title/location/advertiser + salary + very similar description,26758_35867572-0,26758_35867560-0,Driving Instructor (Driving Licence Required),Suffolk,My Four Wheels,My Four Wheels,Annual,Annual,0.991
LIKELY_DUPLICATE,same title/location/advertiser + salary + very similar description,26758_35867572-0,26758_37432084-0,Driving Instructor (Driving Licence Required),Suffolk,My Four Wheels,My Four Wheels,Annual,Annual,0.991
LIKELY_DUPLICATE,same title/location/advertiser + salary + very similar description,26758_37431956-0,26758_35867446-0,Driving Instructor (Driving Licence Required),Suffolk,My Four Wheels,My Four Wheels,Annual,Annual,0.992
LIKELY_DUPLICATE,same title/location/advertiser + salary + very similar description,26758_37431956-0,26758_35867447-0,Driving Instructor (Driving Licence Required),Suffolk,My Four Wheels,My Four Wheels,Annual,Annual,0.991
LIKELY_DUPLICATE,same title/location/advertiser + salary + very similar description,26758_37431956-0,26758_35867535-0,Driving Instructor (Driving Licence Required),Suffolk,My Four Wheels,My Four Wheels,Annual,Annual,0.991
LIKELY_DUPLICATE,same title/location/advertiser + salary + very similar description,26758_37431956-0,26758_35867560-0,Driving Instructor (Driving Licence Required),Suffolk,My Four Wheels,My Four Wheels,Annual,Annual,0.992
LIKELY_DUPLICATE,same title/location/advertiser + salary + very similar description,26758_37431956-0,26758_35867572-0,Driving Instructor (Driving Licence Required),Suffolk,My Four Wheels,My Four Wheels,Annual,Annual,0.991
LIKELY_DUPLICATE,same title/location/advertiser + salary + very similar description,26758_37431956-0,26758_37432084-0,Driving Instructor (Driving Licence Required),Suffolk,My Four Wheels,My Four Wheels,Annual,Annual,0.991
LIKELY_DUPLICATE,same title/location/advertiser + salary + very similar description,26758_37432084-0,26758_35867446-0,Driving Instructor (Driving Licence Required),Suffolk,My Four Wheels,My Four Wheels,Annual,Annual,0.991
LIKELY_DUPLICATE,same title/location/advertiser + salary + very similar description,26758_37432084-0,26758_35867447-0,Driving Instructor (Driving Licence Required),Suffolk,My Four Wheels,My Four Wheels,Annual,Annual,0.991
LIKELY_DUPLICATE,same title/location/advertiser + salary + very similar description,26758_37432084-0,26758_35867535-0,Driving Instructor (Driving Licence Required),Suffolk,My Four Wheels,My Four Wheels,Annual,Annual,0.992
LIKELY_DUPLICATE,same title/location/advertiser + salary + very similar description,26758_37432084-0,26758_35867560-0,Driving Instructor (Driving Licence Required),Suffolk,My Four Wheels,My Four Wheels,Annual,Annual,0.992
LIKELY_DUPLICATE,same title/location/advertiser + salary + very similar description,26758_37471193-0,26758_35867446-0,Driving Instructor (Driving Licence Required),Suffolk,My Four Wheels,My Four Wheels,Annual,Annual,0.993
LIKELY_DUPLICATE,same title/location/advertiser + salary + very similar description,26758_37471193-0,26758_35867447-0,Driving Instructor (Driving Licence Required),Suffolk,My Four Wheels,My Four Wheels,Annual,Annual,0.992
LIKELY_DUPLICATE,same title/location/advertiser + salary + very similar description,26758_37471193-0,26758_35867535-0,Driving Instructor (Driving Licence Required),Suffolk,My Four Wheels,My Four Wheels,Annual,Annual,0.992
LIKELY_DUPLICATE,same title/location/advertiser + salary + very similar description,26758_37471193-0,26758_35867560-0,Driving Instructor (Driving Licence Required),Suffolk,My Four Wheels,My Four Wheels,Annual,Annual,0.991
LIKELY_DUPLICATE,same title/location/advertiser + salary + very similar description,26758_37471193-0,26758_35867572-0,Driving Instructor (Driving Licence Required),Suffolk,My Four Wheels,My Four Wheels,Annual,Annual,0.991
LIKELY_DUPLICATE,same title/location/advertiser + salary + very similar description,26758_37471193-0,26758_37431956-0,Driving Instructor (Driving Licence Required),Suffolk,My Four Wheels,My Four Wheels,Annual,Annual,0.991
LIKELY_DUPLICATE,same title/location/advertiser + salary + very similar description,26758_37471193-0,26758_37432084-0,Driving Instructor (Driving Licence Required),Suffolk,My Four Wheels,My Four Wheels,Annual,Annual,0.991
LIKELY_DUPLICATE,same title/location/advertiser + salary + very similar description,26758_37471210-0,26758_35867446-0,Driving Instructor (Driving Licence Required),Suffolk,My Four Wheels,My Four Wheels,Annual,Annual,0.991
LIKELY_DUPLICATE,same title/location/advertiser + salary + very similar description,26758_37471210-0,26758_35867447-0,Driving Instructor (Driving Licence Required),Suffolk,My Four Wheels,My Four Wheels,Annual,Annual,0.991
LIKELY_DUPLICATE,same title/location/advertiser + salary + very similar description,26758_37471210-0,26758_35867535-0,Driving Instructor (Driving Licence Required),Suffolk,My Four Wheels,My Four Wheels,Annual,Annual,0.992
LIKELY_DUPLICATE,same title/location/advertiser + salary + very similar description,26758_37471210-0,26758_35867560-0,Driving Instructor (Driving Licence Required),Suffolk,My Four Wheels,My Four Wheels,Annual,Annual,0.992
LIKELY_DUPLICATE,same title/location/advertiser + salary + very similar description,26758_37471210-0,26758_35867572-0,Driving Instructor (Driving Licence Required),Suffolk,My Four Wheels,My Four Wheels,Annual,Annual,0.991
LIKELY_DUPLICATE,same title/location/advertiser + salary + very similar description,26758_37471210-0,26758_37431956-0,Driving Instructor (Driving Licence Required),Suffolk,My Four Wheels,My Four Wheels,Annual,Annual,0.992
LIKELY_DUPLICATE,same title/location/advertiser + salary + very similar description,26758_37471210-0,26758_37432084-0,Driving Instructor (Driving Licence Required),Suffolk,My Four Wheels,My Four Wheels,Annual,Annual,0.992
LIKELY_DUPLICATE,same title/location/advertiser + salary + very similar description,26758_37471210-0,26758_37471193-0,Driving Instructor (Driving Licence Required),Suffolk,My Four Wheels,My Four Wheels,Annual,Annual,0.992
LIKELY_DUPLICATE,same title/location/advertiser + salary + very similar description,26758_35867442-0,26758_37431950-0,Driving Instructor (Driving Licence Required),Surrey,My Four Wheels,My Four Wheels,Annual,Annual,0.991
LIKELY_DUPLICATE,same title/location/advertiser + salary + very similar description,26758_35867482-0,26758_35867442-0,Driving Instructor (Driving Licence Required),Surrey,My Four Wheels,My Four Wheels,Annual,Annual,0.991
LIKELY_DUPLICATE,same title/location/advertiser + salary + very similar description,26758_35867482-0,26758_35867507-0,Driving Instructor (Driving Licence Required),Surrey,My Four Wheels,My Four Wheels,Annual,Annual,0.991
LIKELY_DUPLICATE,same title/location/advertiser + salary + very similar description,26758_35867482-0,26758_35867508-0,Driving Instructor (Driving Licence Required),Surrey,My Four Wheels,My Four Wheels,Annual,Annual,0.991
LIKELY_DUPLICATE,same title/location/advertiser + salary + very similar description,26758_35867482-0,26758_35867510-0,Driving Instructor (Driving Licence Required),Surrey,My Four Wheels,My Four Wheels,Annual,Annual,0.991
LIKELY_DUPLICATE,same title/location/advertiser + salary + very similar description,26758_35867482-0,26758_35867531-0,Driving Instructor (Driving Licence Required),Surrey,My Four Wheels,My Four Wheels,Annual,Annual,0.991
LIKELY_DUPLICATE,same title/location/advertiser + salary + very similar description,26758_35867482-0,26758_35867576-0,Driving Instructor (Driving Licence Required),Surrey,My Four Wheels,My Four Wheels,Annual,Annual,0.992
LIKELY_DUPLICATE,same title/location/advertiser + salary + very similar description,26758_35867482-0,26758_37431946-0,Driving Instructor (Driving Licence Required),Surrey,My Four Wheels,My Four Wheels,Annual,Annual,0.991
LIKELY_DUPLICATE,same title/location/advertiser + salary + very similar description,26758_35867482-0,26758_37431950-0,Driving Instructor (Driving Licence Required),Surrey,My Four Wheels,My Four Wheels,Annual,Annual,0.991
LIKELY_DUPLICATE,same title/location/advertiser + salary + very similar description,26758_35867482-0,26758_37431967-0,Driving Instructor (Driving Licence Required),Surrey,My Four Wheels,My Four Wheels,Annual,Annual,0.992
LIKELY_DUPLICATE,same title/location/advertiser + salary + very similar description,26758_35867482-0,26758_37432134-0,Driving Instructor (Driving Licence Required),Surrey,My Four Wheels,My Four Wheels,Annual,Annual,0.991
LIKELY_DUPLICATE,same title/location/advertiser + salary + very similar description,26758_35867482-0,26758_37471232-0,Driving Instructor (Driving Licence Required),Surrey,My Four Wheels,My Four Wheels,Annual,Annual,0.991
LIKELY_DUPLICATE,same title/location/advertiser + salary + very similar description,26758_35867507-0,26758_35867442-0,Driving Instructor (Driving Licence Required),Surrey,My Four Wheels,My Four Wheels,Annual,Annual,0.991
LIKELY_DUPLICATE,same title/location/advertiser + salary + very similar description,26758_35867507-0,26758_37431946-0,Driving Instructor (Driving Licence Required),Surrey,My Four Wheels,My Four Wheels,Annual,Annual,0.992
LIKELY_DUPLICATE,same title/location/advertiser + salary + very similar description,26758_35867507-0,26758_37431950-0,Driving Instructor (Driving Licence Required),Surrey,My Four Wheels,My Four Wheels,Annual,Annual,0.991
LIKELY_DUPLICATE,same title/location/advertiser + salary + very similar description,26758_35867508-0,26758_35867442-0,Driving Instructor (Driving Licence Required),Surrey,My Four Wheels,My Four Wheels,Annual,Annual,0.991
LIKELY_DUPLICATE,same title/location/advertiser + salary + very similar description,26758_35867508-0,26758_35867507-0,Driving Instructor (Driving Licence Required),Surrey,My Four Wheels,My Four Wheels,Annual,Annual,0.992
LIKELY_DUPLICATE,same title/location/advertiser + salary + very similar description,26758_35867508-0,26758_35867510-0,Driving Instructor (Driving Licence Required),Surrey,My Four Wheels,My Four Wheels,Annual,Annual,0.991
LIKELY_DUPLICATE,same title/location/advertiser + salary + very similar description,26758_35867508-0,26758_37431946-0,Driving Instructor (Driving Licence Required),Surrey,My Four Wheels,My Four Wheels,Annual,Annual,0.992
LIKELY_DUPLICATE,same title/location/advertiser + salary + very similar description,26758_35867508-0,26758_37431950-0,Driving Instructor (Driving Licence Required),Surrey,My Four Wheels,My Four Wheels,Annual,Annual,0.992
LIKELY_DUPLICATE,same title/location/advertiser + salary + very similar description,26758_35867509-0,26758_35867442-0,Driving Instructor (Driving Licence Required),Surrey,My Four Wheels,My Four Wheels,Annual,Annual,0.991
LIKELY_DUPLICATE,same title/location/advertiser + salary + very similar description,26758_35867509-0,26758_35867482-0,Driving Instructor (Driving Licence Required),Surrey,My Four Wheels,My Four Wheels,Annual,Annual,0.992
LIKELY_DUPLICATE,same title/location/advertiser + salary + very similar description,26758_35867509-0,26758_35867507-0,Driving Instructor (Driving Licence Required),Surrey,My Four Wheels,My Four Wheels,Annual,Annual,0.991
LIKELY_DUPLICATE,same title/location/advertiser + salary + very similar description,26758_35867509-0,26758_35867508-0,Driving Instructor (Driving Licence Required),Surrey,My Four Wheels,My Four Wheels,Annual,Annual,0.991
LIKELY_DUPLICATE,same title/location/advertiser + salary + very similar description,26758_35867509-0,26758_35867510-0,Driving Instructor (Driving Licence Required),Surrey,My Four Wheels,My Four Wheels,Annual,Annual,0.992
LIKELY_DUPLICATE,same title/location/advertiser + salary + very similar description,26758_35867509-0,26758_35867531-0,Driving Instructor (Driving Licence Required),Surrey,My Four Wheels,My Four Wheels,Annual,Annual,0.992
LIKELY_DUPLICATE,same title/location/advertiser + salary + very similar description,26758_35867509-0,26758_35867576-0,Driving Instructor (Driving Licence Required),Surrey,My Four Wheels,My Four Wheels,Annual,Annual,0.991
LIKELY_DUPLICATE,same title/location/advertiser + salary + very similar description,26758_35867509-0,26758_37431946-0,Driving Instructor (Driving Licence Required),Surrey,My Four Wheels,My Four Wheels,Annual,Annual,0.991
LIKELY_DUPLICATE,same title/location/advertiser + salary + very similar description,26758_35867509-0,26758_37431950-0,Driving Instructor (Driving Licence Required),Surrey,My Four Wheels,My Four Wheels,Annual,Annual,0.991
LIKELY_DUPLICATE,same title/location/advertiser + salary + very similar description,26758_35867509-0,26758_37431967-0,Driving Instructor (Driving Licence Required),Surrey,My Four Wheels,My Four Wheels,Annual,Annual,0.992
LIKELY_DUPLICATE,same title/location/advertiser + salary + very similar description,26758_35867509-0,26758_37432134-0,Driving Instructor (Driving Licence Required),Surrey,My Four Wheels,My Four Wheels,Annual,Annual,0.991
LIKELY_DUPLICATE,same title/location/advertiser + salary + very similar description,26758_35867509-0,26758_37471221-0,Driving Instructor (Driving Licence Required),Surrey,My Four Wheels,My Four Wheels,Annual,Annual,0.991
LIKELY_DUPLICATE,same title/location/advertiser + salary + very similar description,26758_35867509-0,26758_37471232-0,Driving Instructor (Driving Licence Required),Surrey,My Four Wheels,My Four Wheels,Annual,Annual,0.991
LIKELY_DUPLICATE,same title/location/advertiser + salary + very similar description,26758_35867510-0,26758_35867442-0,Driving Instructor (Driving Licence Required),Surrey,My Four Wheels,My Four Wheels,Annual,Annual,0.991
LIKELY_DUPLICATE,same title/location/advertiser + salary + very similar description,26758_35867510-0,26758_35867507-0,Driving Instructor (Driving Licence Required),Surrey,My Four Wheels,My Four Wheels,Annual,Annual,0.991
LIKELY_DUPLICATE,same title/location/advertiser + salary + very similar description,26758_35867510-0,26758_37431946-0,Driving Instructor (Driving Licence Required),Surrey,My Four Wheels,My Four Wheels,Annual,Annual,0.991
LIKELY_DUPLICATE,same title/location/advertiser + salary + very similar description,26758_35867510-0,26758_37431950-0,Driving Instructor (Driving Licence Required),Surrey,My Four Wheels,My Four Wheels,Annual,Annual,0.991
LIKELY_DUPLICATE,same title/location/advertiser + salary + very similar description,26758_35867531-0,26758_35867442-0,Driving Instructor (Driving Licence Required),Surrey,My Four Wheels,My Four Wheels,Annual,Annual,0.991
LIKELY_DUPLICATE,same title/location/advertiser + salary + very similar description,26758_35867531-0,26758_35867507-0,Driving Instructor (Driving Licence Required),Surrey,My Four Wheels,My Four Wheels,Annual,Annual,0.991
LIKELY_DUPLICATE,same title/location/advertiser + salary + very similar description,26758_35867531-0,26758_35867508-0,Driving Instructor (Driving Licence Required),Surrey,My Four Wheels,My Four Wheels,Annual,Annual,0.991
LIKELY_DUPLICATE,same title/location/advertiser + salary + very similar description,26758_35867531-0,26758_35867510-0,Driving Instructor (Driving Licence Required),Surrey,My Four Wheels,My Four Wheels,Annual,Annual,0.991
LIKELY_DUPLICATE,same title/location/advertiser + salary + very similar description,26758_35867531-0,26758_37431946-0,Driving Instructor (Driving Licence Required),Surrey,My Four Wheels,My Four Wheels,Annual,Annual,0.992
LIKELY_DUPLICATE,same title/location/advertiser + salary + very similar description,26758_35867531-0,26758_37431950-0,Driving Instructor (Driving Licence Required),Surrey,My Four Wheels,My Four Wheels,Annual,Annual,0.991
LIKELY_DUPLICATE,same title/location/advertiser + salary + very similar description,26758_35867531-0,26758_37431967-0,Driving Instructor (Driving Licence Required),Surrey,My Four Wheels,My Four Wheels,Annual,Annual,0.991
LIKELY_DUPLICATE,same title/location/advertiser + salary + very similar description,26758_35867531-0,26758_37432134-0,Driving Instructor (Driving Licence Required),Surrey,My Four Wheels,My Four Wheels,Annual,Annual,0.991
LIKELY_DUPLICATE,same title/location/advertiser + salary + very similar description,26758_35867576-0,26758_35867442-0,Driving Instructor (Driving Licence Required),Surrey,My Four Wheels,My Four Wheels,Annual,Annual,0.991
LIKELY_DUPLICATE,same title/location/advertiser + salary + very similar description,26758_35867576-0,26758_35867507-0,Driving Instructor (Driving Licence Required),Surrey,My Four Wheels,My Four Wheels,Annual,Annual,0.990
LIKELY_DUPLICATE,same title/location/advertiser + salary + very similar description,26758_35867576-0,26758_35867508-0,Driving Instructor (Driving Licence Required),Surrey,My Four Wheels,My Four Wheels,Annual,Annual,0.991
LIKELY_DUPLICATE,same title/location/advertiser + salary + very similar description,26758_35867576-0,26758_35867510-0,Driving Instructor (Driving Licence Required),Surrey,My Four Wheels,My Four Wheels,Annual,Annual,0.992
LIKELY_DUPLICATE,same title/location/advertiser + salary + very similar description,26758_35867576-0,26758_35867531-0,Driving Instructor (Driving Licence Required),Surrey,My Four Wheels,My Four Wheels,Annual,Annual,0.991
LIKELY_DUPLICATE,same title/location/advertiser + salary + very similar description,26758_35867576-0,26758_37431946-0,Driving Instructor (Driving Licence Required),Surrey,My Four Wheels,My Four Wheels,Annual,Annual,0.990
LIKELY_DUPLICATE,same title/location/advertiser + salary + very similar description,26758_35867576-0,26758_37431950-0,Driving Instructor (Driving Licence Required),Surrey,My Four Wheels,My Four Wheels,Annual,Annual,0.991
LIKELY_DUPLICATE,same title/location/advertiser + salary + very similar description,26758_35867576-0,26758_37431967-0,Driving Instructor (Driving Licence Required),Surrey,My Four Wheels,My Four Wheels,Annual,Annual,0.991
LIKELY_DUPLICATE,same title/location/advertiser + salary + very similar description,26758_35867576-0,26758_37432134-0,Driving Instructor (Driving Licence Required),Surrey,My Four Wheels,My Four Wheels,Annual,Annual,0.991
LIKELY_DUPLICATE,same title/location/advertiser + salary + very similar description,26758_37431946-0,26758_35867442-0,Driving Instructor (Driving Licence Required),Surrey,My Four Wheels,My Four Wheels,Annual,Annual,0.991
LIKELY_DUPLICATE,same title/location/advertiser + salary + very similar description,26758_37431946-0,26758_37431950-0,Driving Instructor (Driving Licence Required),Surrey,My Four Wheels,My Four Wheels,Annual,Annual,0.991
LIKELY_DUPLICATE,same title/location/advertiser + salary + very similar description,26758_37431967-0,26758_35867442-0,Driving Instructor (Driving Licence Required),Surrey,My Four Wheels,My Four Wheels,Annual,Annual,0.992
LIKELY_DUPLICATE,same title/location/advertiser + salary + very similar description,26758_37431967-0,26758_35867507-0,Driving Instructor (Driving Licence Required),Surrey,My Four Wheels,My Four Wheels,Annual,Annual,0.991
LIKELY_DUPLICATE,same title/location/advertiser + salary + very similar description,26758_37431967-0,26758_35867508-0,Driving Instructor (Driving Licence Required),Surrey,My Four Wheels,My Four Wheels,Annual,Annual,0.992
LIKELY_DUPLICATE,same title/location/advertiser + salary + very similar description,26758_37431967-0,26758_35867510-0,Driving Instructor (Driving Licence Required),Surrey,My Four Wheels,My Four Wheels,Annual,Annual,0.992
LIKELY_DUPLICATE,same title/location/advertiser + salary + very similar description,26758_37431967-0,26758_37431946-0,Driving Instructor (Driving Licence Required),Surrey,My Four Wheels,My Four Wheels,Annual,Annual,0.991
LIKELY_DUPLICATE,same title/location/advertiser + salary + very similar description,26758_37431967-0,26758_37431950-0,Driving Instructor (Driving Licence Required),Surrey,My Four Wheels,My Four Wheels,Annual,Annual,0.991
LIKELY_DUPLICATE,same title/location/advertiser + salary + very similar description,26758_37432134-0,26758_35867442-0,Driving Instructor (Driving Licence Required),Surrey,My Four Wheels,My Four Wheels,Annual,Annual,0.992
LIKELY_DUPLICATE,same title/location/advertiser + salary + very similar description,26758_37432134-0,26758_35867507-0,Driving Instructor (Driving Licence Required),Surrey,My Four Wheels,My Four Wheels,Annual,Annual,0.992
LIKELY_DUPLICATE,same title/location/advertiser + salary + very similar description,26758_37432134-0,26758_35867508-0,Driving Instructor (Driving Licence Required),Surrey,My Four Wheels,My Four Wheels,Annual,Annual,0.991
LIKELY_DUPLICATE,same title/location/advertiser + salary + very similar description,26758_37432134-0,26758_35867510-0,Driving Instructor (Driving Licence Required),Surrey,My Four Wheels,My Four Wheels,Annual,Annual,0.991
LIKELY_DUPLICATE,same title/location/advertiser + salary + very similar description,26758_37432134-0,26758_37431946-0,Driving Instructor (Driving Licence Required),Surrey,My Four Wheels,My Four Wheels,Annual,Annual,0.991
LIKELY_DUPLICATE,same title/location/advertiser + salary + very similar description,26758_37432134-0,26758_37431950-0,Driving Instructor (Driving Licence Required),Surrey,My Four Wheels,My Four Wheels,Annual,Annual,0.991
LIKELY_DUPLICATE,same title/location/advertiser + salary + very similar description,26758_37432134-0,26758_37431967-0,Driving Instructor (Driving Licence Required),Surrey,My Four Wheels,My Four Wheels,Annual,Annual,0.990
LIKELY_DUPLICATE,same title/location/advertiser + salary + very similar description,26758_37471221-0,26758_35867442-0,Driving Instructor (Driving Licence Required),Surrey,My Four Wheels,My Four Wheels,Annual,Annual,0.992
LIKELY_DUPLICATE,same title/location/advertiser + salary + very similar description,26758_37471221-0,26758_35867482-0,Driving Instructor (Driving Licence Required),Surrey,My Four Wheels,My Four Wheels,Annual,Annual,0.992
LIKELY_DUPLICATE,same title/location/advertiser + salary + very similar description,26758_37471221-0,26758_35867507-0,Driving Instructor (Driving Licence Required),Surrey,My Four Wheels,My Four Wheels,Annual,Annual,0.991
LIKELY_DUPLICATE,same title/location/advertiser + salary + very similar description,26758_37471221-0,26758_35867508-0,Driving Instructor (Driving Licence Required),Surrey,My Four Wheels,My Four Wheels,Annual,Annual,0.990
LIKELY_DUPLICATE,same title/location/advertiser + salary + very similar description,26758_37471221-0,26758_35867510-0,Driving Instructor (Driving Licence Required),Surrey,My Four Wheels,My Four Wheels,Annual,Annual,0.991
LIKELY_DUPLICATE,same title/location/advertiser + salary + very similar description,26758_37471221-0,26758_35867531-0,Driving Instructor (Driving Licence Required),Surrey,My Four Wheels,My Four Wheels,Annual,Annual,0.991
LIKELY_DUPLICATE,same title/location/advertiser + salary + very similar description,26758_37471221-0,26758_35867576-0,Driving Instructor (Driving Licence Required),Surrey,My Four Wheels,My Four Wheels,Annual,Annual,0.991
LIKELY_DUPLICATE,same title/location/advertiser + salary + very similar description,26758_37471221-0,26758_37431946-0,Driving Instructor (Driving Licence Required),Surrey,My Four Wheels,My Four Wheels,Annual,Annual,0.992
LIKELY_DUPLICATE,same title/location/advertiser + salary + very similar description,26758_37471221-0,26758_37431950-0,Driving Instructor (Driving Licence Required),Surrey,My Four Wheels,My Four Wheels,Annual,Annual,0.991
LIKELY_DUPLICATE,same title/location/advertiser + salary + very similar description,26758_37471221-0,26758_37431967-0,Driving Instructor (Driving Licence Required),Surrey,My Four Wheels,My Four Wheels,Annual,Annual,0.991
LIKELY_DUPLICATE,same title/location/advertiser + salary + very similar description,26758_37471221-0,26758_37432134-0,Driving Instructor (Driving Licence Required),Surrey,My Four Wheels,My Four Wheels,Annual,Annual,0.995
LIKELY_DUPLICATE,same title/location/advertiser + salary + very similar description,26758_37471221-0,26758_37471232-0,Driving Instructor (Driving Licence Required),Surrey,My Four Wheels,My Four Wheels,Annual,Annual,0.992
LIKELY_DUPLICATE,same title/location/advertiser + salary + very similar description,26758_37471232-0,26758_35867442-0,Driving Instructor (Driving Licence Required),Surrey,My Four Wheels,My Four Wheels,Annual,Annual,0.991
LIKELY_DUPLICATE,same title/location/advertiser + salary + very similar description,26758_37471232-0,26758_35867507-0,Driving Instructor (Driving Licence Required),Surrey,My Four Wheels,My Four Wheels,Annual,Annual,0.991
LIKELY_DUPLICATE,same title/location/advertiser + salary + very similar description,26758_37471232-0,26758_35867508-0,Driving Instructor (Driving Licence Required),Surrey,My Four Wheels,My Four Wheels,Annual,Annual,0.991
LIKELY_DUPLICATE,same title/location/advertiser + salary + very similar description,26758_37471232-0,26758_35867510-0,Driving Instructor (Driving Licence Required),Surrey,My Four Wheels,My Four Wheels,Annual,Annual,0.992
LIKELY_DUPLICATE,same title/location/advertiser + salary + very similar description,26758_37471232-0,26758_35867531-0,Driving Instructor (Driving Licence Required),Surrey,My Four Wheels,My Four Wheels,Annual,Annual,0.992
LIKELY_DUPLICATE,same title/location/advertiser + salary + very similar description,26758_37471232-0,26758_35867576-0,Driving Instructor (Driving Licence Required),Surrey,My Four Wheels,My Four Wheels,Annual,Annual,0.991
LIKELY_DUPLICATE,same title/location/advertiser + salary + very similar description,26758_37471232-0,26758_37431946-0,Driving Instructor (Driving Licence Required),Surrey,My Four Wheels,My Four Wheels,Annual,Annual,0.991
LIKELY_DUPLICATE,same title/location/advertiser + salary + very similar description,26758_37471232-0,26758_37431950-0,Driving Instructor (Driving Licence Required),Surrey,My Four Wheels,My Four Wheels,Annual,Annual,0.991
LIKELY_DUPLICATE,same title/location/advertiser + salary + very similar description,26758_37471232-0,26758_37431967-0,Driving Instructor (Driving Licence Required),Surrey,My Four Wheels,My Four Wheels,Annual,Annual,0.991
LIKELY_DUPLICATE,same title/location/advertiser + salary + very similar description,26758_37471232-0,26758_37432134-0,Driving Instructor (Driving Licence Required),Surrey,My Four Wheels,My Four Wheels,Annual,Annual,0.991
LIKELY_DUPLICATE,same title/location/advertiser + salary + very similar description,26758_35867434-0,26758_35867489-0,Driving Instructor (Driving Licence Required),Sussex,My Four Wheels,My Four Wheels,Annual,Annual,0.991
LIKELY_DUPLICATE,same title/location/advertiser + salary + very similar description,26758_35867434-0,26758_35867505-0,Driving Instructor (Driving Licence Required),Sussex,My Four Wheels,My Four Wheels,Annual,Annual,0.995
LIKELY_DUPLICATE,same title/location/advertiser + salary + very similar description,26758_35867434-0,26758_35867530-0,Driving Instructor (Driving Licence Required),Sussex,My Four Wheels,My Four Wheels,Annual,Annual,0.992
LIKELY_DUPLICATE,same title/location/advertiser + salary + very similar description,26758_35867434-0,26758_35867553-0,Driving Instructor (Driving Licence Required),Sussex,My Four Wheels,My Four Wheels,Annual,Annual,0.991
LIKELY_DUPLICATE,same title/location/advertiser + salary + very similar description,26758_35867434-0,26758_35867554-0,Driving Instructor (Driving Licence Required),Sussex,My Four Wheels,My Four Wheels,Annual,Annual,0.991
LIKELY_DUPLICATE,same title/location/advertiser + salary + very similar description,26758_35867434-0,26758_35867575-0,Driving Instructor (Driving Licence Required),Sussex,My Four Wheels,My Four Wheels,Annual,Annual,0.991
LIKELY_DUPLICATE,same title/location/advertiser + salary + very similar description,26758_35867434-0,26758_37431960-0,Driving Instructor (Driving Licence Required),Sussex,My Four Wheels,My Four Wheels,Annual,Annual,0.991
LIKELY_DUPLICATE,same title/location/advertiser + salary + very similar description,26758_35867434-0,26758_37432065-0,Driving Instructor (Driving Licence Required),Sussex,My Four Wheels,My Four Wheels,Annual,Annual,0.991
LIKELY_DUPLICATE,same title/location/advertiser + salary + very similar description,26758_35867434-0,26758_37432077-0,Driving Instructor (Driving Licence Required),Sussex,My Four Wheels,My Four Wheels,Annual,Annual,0.991
LIKELY_DUPLICATE,same title/location/advertiser + salary + very similar description,26758_35867434-0,26758_37432107-0,Driving Instructor (Driving Licence Required),Sussex,My Four Wheels,My Four Wheels,Annual,Annual,0.992
LIKELY_DUPLICATE,same title/location/advertiser + salary + very similar description,26758_35867434-0,26758_37471173-0,Driving Instructor (Driving Licence Required),Sussex,My Four Wheels,My Four Wheels,Annual,Annual,0.991
LIKELY_DUPLICATE,same title/location/advertiser + salary + very similar description,26758_35867434-0,26758_37471224-0,Driving Instructor (Driving Licence Required),Sussex,My Four Wheels,My Four Wheels,Annual,Annual,0.991
LIKELY_DUPLICATE,same title/location/advertiser + salary + very similar description,26758_35867489-0,26758_35867530-0,Driving Instructor (Driving Licence Required),Sussex,My Four Wheels,My Four Wheels,Annual,Annual,0.991
LIKELY_DUPLICATE,same title/location/advertiser + salary + very similar description,26758_35867489-0,26758_35867553-0,Driving Instructor (Driving Licence Required),Sussex,My Four Wheels,My Four Wheels,Annual,Annual,0.991
LIKELY_DUPLICATE,same title/location/advertiser + salary + very similar description,26758_35867489-0,26758_35867554-0,Driving Instructor (Driving Licence Required),Sussex,My Four Wheels,My Four Wheels,Annual,Annual,0.991
LIKELY_DUPLICATE,same title/location/advertiser + salary + very similar description,26758_35867489-0,26758_35867575-0,Driving Instructor (Driving Licence Required),Sussex,My Four Wheels,My Four Wheels,Annual,Annual,0.991
LIKELY_DUPLICATE,same title/location/advertiser + salary + very similar description,26758_35867489-0,26758_37431960-0,Driving Instructor (Driving Licence Required),Sussex,My Four Wheels,My Four Wheels,Annual,Annual,0.990
LIKELY_DUPLICATE,same title/location/advertiser + salary + very similar description,26758_35867489-0,26758_37432065-0,Driving Instructor (Driving Licence Required),Sussex,My Four Wheels,My Four Wheels,Annual,Annual,0.992
LIKELY_DUPLICATE,same title/location/advertiser + salary + very similar description,26758_35867489-0,26758_37432077-0,Driving Instructor (Driving Licence Required),Sussex,My Four Wheels,My Four Wheels,Annual,Annual,0.991
LIKELY_DUPLICATE,same title/location/advertiser + salary + very similar description,26758_35867489-0,26758_37471173-0,Driving Instructor (Driving Licence Required),Sussex,My Four Wheels,My Four Wheels,Annual,Annual,0.991
LIKELY_DUPLICATE,same title/location/advertiser + salary + very similar description,26758_35867489-0,26758_37471224-0,Driving Instructor (Driving Licence Required),Sussex,My Four Wheels,My Four Wheels,Annual,Annual,0.991
LIKELY_DUPLICATE,same title/location/advertiser + salary + very similar description,26758_35867505-0,26758_35867489-0,Driving Instructor (Driving Licence Required),Sussex,My Four Wheels,My Four Wheels,Annual,Annual,0.992
LIKELY_DUPLICATE,same title/location/advertiser + salary + very similar description,26758_35867505-0,26758_35867530-0,Driving Instructor (Driving Licence Required),Sussex,My Four Wheels,My Four Wheels,Annual,Annual,0.991
LIKELY_DUPLICATE,same title/location/advertiser + salary + very similar description,26758_35867505-0,26758_35867553-0,Driving Instructor (Driving Licence Required),Sussex,My Four Wheels,My Four Wheels,Annual,Annual,0.991
LIKELY_DUPLICATE,same title/location/advertiser + salary + very similar description,26758_35867505-0,26758_35867554-0,Driving Instructor (Driving Licence Required),Sussex,My Four Wheels,My Four Wheels,Annual,Annual,0.991
LIKELY_DUPLICATE,same title/location/advertiser + salary + very similar description,26758_35867505-0,26758_35867575-0,Driving Instructor (Driving Licence Required),Sussex,My Four Wheels,My Four Wheels,Annual,Annual,0.991
LIKELY_DUPLICATE,same title/location/advertiser + salary + very similar description,26758_35867505-0,26758_37431960-0,Driving Instructor (Driving Licence Required),Sussex,My Four Wheels,My Four Wheels,Annual,Annual,0.991
LIKELY_DUPLICATE,same title/location/advertiser + salary + very similar description,26758_35867505-0,26758_37432065-0,Driving Instructor (Driving Licence Required),Sussex,My Four Wheels,My Four Wheels,Annual,Annual,0.990
LIKELY_DUPLICATE,same title/location/advertiser + salary + very similar description,26758_35867505-0,26758_37432077-0,Driving Instructor (Driving Licence Required),Sussex,My Four Wheels,My Four Wheels,Annual,Annual,0.990
LIKELY_DUPLICATE,same title/location/advertiser + salary + very similar description,26758_35867505-0,26758_37432107-0,Driving Instructor (Driving Licence Required),Sussex,My Four Wheels,My Four Wheels,Annual,Annual,0.991
LIKELY_DUPLICATE,same title/location/advertiser + salary + very similar description,26758_35867505-0,26758_37471173-0,Driving Instructor (Driving Licence Required),Sussex,My Four Wheels,My Four Wheels,Annual,Annual,0.991
LIKELY_DUPLICATE,same title/location/advertiser + salary + very similar description,26758_35867505-0,26758_37471224-0,Driving Instructor (Driving Licence Required),Sussex,My Four Wheels,My Four Wheels,Annual,Annual,0.991
LIKELY_DUPLICATE,same title/location/advertiser + salary + very similar description,26758_35867530-0,26758_35867553-0,Driving Instructor (Driving Licence Required),Sussex,My Four Wheels,My Four Wheels,Annual,Annual,0.991
LIKELY_DUPLICATE,same title/location/advertiser + salary + very similar description,26758_35867530-0,26758_35867554-0,Driving Instructor (Driving Licence Required),Sussex,My Four Wheels,My Four Wheels,Annual,Annual,0.991
LIKELY_DUPLICATE,same title/location/advertiser + salary + very similar description,26758_35867530-0,26758_37432065-0,Driving Instructor (Driving Licence Required),Sussex,My Four Wheels,My Four Wheels,Annual,Annual,0.992
LIKELY_DUPLICATE,same title/location/advertiser + salary + very similar description,26758_35867530-0,26758_37471173-0,Driving Instructor (Driving Licence Required),Sussex,My Four Wheels,My Four Wheels,Annual,Annual,0.991
LIKELY_DUPLICATE,same title/location/advertiser + salary + very similar description,26758_35867547-0,26758_35867434-0,Driving Instructor (Driving Licence Required),Sussex,My Four Wheels,My Four Wheels,Annual,Annual,0.992
LIKELY_DUPLICATE,same title/location/advertiser + salary + very similar description,26758_35867547-0,26758_35867489-0,Driving Instructor (Driving Licence Required),Sussex,My Four Wheels,My Four Wheels,Annual,Annual,0.991
LIKELY_DUPLICATE,same title/location/advertiser + salary + very similar description,26758_35867547-0,26758_35867505-0,Driving Instructor (Driving Licence Required),Sussex,My Four Wheels,My Four Wheels,Annual,Annual,0.992
LIKELY_DUPLICATE,same title/location/advertiser + salary + very similar description,26758_35867547-0,26758_35867530-0,Driving Instructor (Driving Licence Required),Sussex,My Four Wheels,My Four Wheels,Annual,Annual,0.991
LIKELY_DUPLICATE,same title/location/advertiser + salary + very similar description,26758_35867547-0,26758_35867553-0,Driving Instructor (Driving Licence Required),Sussex,My Four Wheels,My Four Wheels,Annual,Annual,0.992
LIKELY_DUPLICATE,same title/location/advertiser + salary + very similar description,26758_35867547-0,26758_35867554-0,Driving Instructor (Driving Licence Required),Sussex,My Four Wheels,My Four Wheels,Annual,Annual,0.992
LIKELY_DUPLICATE,same title/location/advertiser + salary + very similar description,26758_35867547-0,26758_35867575-0,Driving Instructor (Driving Licence Required),Sussex,My Four Wheels,My Four Wheels,Annual,Annual,0.992
LIKELY_DUPLICATE,same title/location/advertiser + salary + very similar description,26758_35867547-0,26758_37431960-0,Driving Instructor (Driving Licence Required),Sussex,My Four Wheels,My Four Wheels,Annual,Annual,0.992
LIKELY_DUPLICATE,same title/location/advertiser + salary + very similar description,26758_35867547-0,26758_37432065-0,Driving Instructor (Driving Licence Required),Sussex,My Four Wheels,My Four Wheels,Annual,Annual,0.991
LIKELY_DUPLICATE,same title/location/advertiser + salary + very similar description,26758_35867547-0,26758_37432077-0,Driving Instructor (Driving Licence Required),Sussex,My Four Wheels,My Four Wheels,Annual,Annual,0.991
LIKELY_DUPLICATE,same title/location/advertiser + salary + very similar description,26758_35867547-0,26758_37432107-0,Driving Instructor (Driving Licence Required),Sussex,My Four Wheels,My Four Wheels,Annual,Annual,0.991
LIKELY_DUPLICATE,same title/location/advertiser + salary + very similar description,26758_35867547-0,26758_37471173-0,Driving Instructor (Driving Licence Required),Sussex,My Four Wheels,My Four Wheels,Annual,Annual,0.991
LIKELY_DUPLICATE,same title/location/advertiser + salary + very similar description,26758_35867547-0,26758_37471224-0,Driving Instructor (Driving Licence Required),Sussex,My Four Wheels,My Four Wheels,Annual,Annual,0.991
LIKELY_DUPLICATE,same title/location/advertiser + salary + very similar description,26758_35867554-0,26758_35867553-0,Driving Instructor (Driving Licence Required),Sussex,My Four Wheels,My Four Wheels,Annual,Annual,0.991
LIKELY_DUPLICATE,same title/location/advertiser + salary + very similar description,26758_35867575-0,26758_35867530-0,Driving Instructor (Driving Licence Required),Sussex,My Four Wheels,My Four Wheels,Annual,Annual,0.992
LIKELY_DUPLICATE,same title/location/advertiser + salary + very similar description,26758_35867575-0,26758_35867553-0,Driving Instructor (Driving Licence Required),Sussex,My Four Wheels,My Four Wheels,Annual,Annual,0.992
LIKELY_DUPLICATE,same title/location/advertiser + salary + very similar description,26758_35867575-0,26758_35867554-0,Driving Instructor (Driving Licence Required),Sussex,My Four Wheels,My Four Wheels,Annual,Annual,0.992
LIKELY_DUPLICATE,same title/location/advertiser + salary + very similar description,26758_35867575-0,26758_37432065-0,Driving Instructor (Driving Licence Required),Sussex,My Four Wheels,My Four Wheels,Annual,Annual,0.991
LIKELY_DUPLICATE,same title/location/advertiser + salary + very similar description,26758_35867575-0,26758_37471173-0,Driving Instructor (Driving Licence Required),Sussex,My Four Wheels,My Four Wheels,Annual,Annual,0.991
LIKELY_DUPLICATE,same title/location/advertiser + salary + very similar description,26758_37431960-0,26758_35867530-0,Driving Instructor (Driving Licence Required),Sussex,My Four Wheels,My Four Wheels,Annual,Annual,0.991
LIKELY_DUPLICATE,same title/location/advertiser + salary + very similar description,26758_37431960-0,26758_35867553-0,Driving Instructor (Driving Licence Required),Sussex,My Four Wheels,My Four Wheels,Annual,Annual,0.991
LIKELY_DUPLICATE,same title/location/advertiser + salary + very similar description,26758_37431960-0,26758_35867554-0,Driving Instructor (Driving Licence Required),Sussex,My Four Wheels,My Four Wheels,Annual,Annual,0.992
LIKELY_DUPLICATE,same title/location/advertiser + salary + very similar description,26758_37431960-0,26758_35867575-0,Driving Instructor (Driving Licence Required),Sussex,My Four Wheels,My Four Wheels,Annual,Annual,0.991
LIKELY_DUPLICATE,same title/location/advertiser + salary + very similar description,26758_37431960-0,26758_37432065-0,Driving Instructor (Driving Licence Required),Sussex,My Four Wheels,My Four Wheels,Annual,Annual,0.991
LIKELY_DUPLICATE,same title/location/advertiser + salary + very similar description,26758_37431960-0,26758_37471173-0,Driving Instructor (Driving Licence Required),Sussex,My Four Wheels,My Four Wheels,Annual,Annual,0.993
LIKELY_DUPLICATE,same title/location/advertiser + salary + very similar description,26758_37432065-0,26758_35867553-0,Driving Instructor (Driving Licence Required),Sussex,My Four Wheels,My Four Wheels,Annual,Annual,0.991
LIKELY_DUPLICATE,same title/location/advertiser + salary + very similar description,26758_37432065-0,26758_35867554-0,Driving Instructor (Driving Licence Required),Sussex,My Four Wheels,My Four Wheels,Annual,Annual,0.991
LIKELY_DUPLICATE,same title/location/advertiser + salary + very similar description,26758_37432065-0,26758_37471173-0,Driving Instructor (Driving Licence Required),Sussex,My Four Wheels,My Four Wheels,Annual,Annual,0.991
LIKELY_DUPLICATE,same title/location/advertiser + salary + very similar description,26758_37432077-0,26758_35867530-0,Driving Instructor (Driving Licence Required),Sussex,My Four Wheels,My Four Wheels,Annual,Annual,0.991
LIKELY_DUPLICATE,same title/location/advertiser + salary + very similar description,26758_37432077-0,26758_35867553-0,Driving Instructor (Driving Licence Required),Sussex,My Four Wheels,My Four Wheels,Annual,Annual,0.991
LIKELY_DUPLICATE,same title/location/advertiser + salary + very similar description,26758_37432077-0,26758_35867554-0,Driving Instructor (Driving Licence Required),Sussex,My Four Wheels,My Four Wheels,Annual,Annual,0.991
LIKELY_DUPLICATE,same title/location/advertiser + salary + very similar description,26758_37432077-0,26758_35867575-0,Driving Instructor (Driving Licence Required),Sussex,My Four Wheels,My Four Wheels,Annual,Annual,0.991
LIKELY_DUPLICATE,same title/location/advertiser + salary + very similar description,26758_37432077-0,26758_37431960-0,Driving Instructor (Driving Licence Required),Sussex,My Four Wheels,My Four Wheels,Annual,Annual,0.991
LIKELY_DUPLICATE,same title/location/advertiser + salary + very similar description,26758_37432077-0,26758_37432065-0,Driving Instructor (Driving Licence Required),Sussex,My Four Wheels,My Four Wheels,Annual,Annual,0.991
LIKELY_DUPLICATE,same title/location/advertiser + salary + very similar description,26758_37432077-0,26758_37471173-0,Driving Instructor (Driving Licence Required),Sussex,My Four Wheels,My Four Wheels,Annual,Annual,0.991
LIKELY_DUPLICATE,same title/location/advertiser + salary + very similar description,26758_37432077-0,26758_37471224-0,Driving Instructor (Driving Licence Required),Sussex,My Four Wheels,My Four Wheels,Annual,Annual,0.991
LIKELY_DUPLICATE,same title/location/advertiser + salary + very similar description,26758_37432107-0,26758_35867489-0,Driving Instructor (Driving Licence Required),Sussex,My Four Wheels,My Four Wheels,Annual,Annual,0.990
LIKELY_DUPLICATE,same title/location/advertiser + salary + very similar description,26758_37432107-0,26758_35867530-0,Driving Instructor (Driving Licence Required),Sussex,My Four Wheels,My Four Wheels,Annual,Annual,0.992
LIKELY_DUPLICATE,same title/location/advertiser + salary + very similar description,26758_37432107-0,26758_35867553-0,Driving Instructor (Driving Licence Required),Sussex,My Four Wheels,My Four Wheels,Annual,Annual,0.991
LIKELY_DUPLICATE,same title/location/advertiser + salary + very similar description,26758_37432107-0,26758_35867554-0,Driving Instructor (Driving Licence Required),Sussex,My Four Wheels,My Four Wheels,Annual,Annual,0.995
LIKELY_DUPLICATE,same title/location/advertiser + salary + very similar description,26758_37432107-0,26758_35867575-0,Driving Instructor (Driving Licence Required),Sussex,My Four Wheels,My Four Wheels,Annual,Annual,0.992
LIKELY_DUPLICATE,same title/location/advertiser + salary + very similar description,26758_37432107-0,26758_37431960-0,Driving Instructor (Driving Licence Required),Sussex,My Four Wheels,My Four Wheels,Annual,Annual,0.992
LIKELY_DUPLICATE,same title/location/advertiser + salary + very similar description,26758_37432107-0,26758_37432065-0,Driving Instructor (Driving Licence Required),Sussex,My Four Wheels,My Four Wheels,Annual,Annual,0.991
LIKELY_DUPLICATE,same title/location/advertiser + salary + very similar description,26758_37432107-0,26758_37432077-0,Driving Instructor (Driving Licence Required),Sussex,My Four Wheels,My Four Wheels,Annual,Annual,0.992
LIKELY_DUPLICATE,same title/location/advertiser + salary + very similar description,26758_37432107-0,26758_37471173-0,Driving Instructor (Driving Licence Required),Sussex,My Four Wheels,My Four Wheels,Annual,Annual,0.991
LIKELY_DUPLICATE,same title/location/advertiser + salary + very similar description,26758_37432107-0,26758_37471224-0,Driving Instructor (Driving Licence Required),Sussex,My Four Wheels,My Four Wheels,Annual,Annual,0.991
LIKELY_DUPLICATE,same title/location/advertiser + salary + very similar description,26758_37471173-0,26758_35867553-0,Driving Instructor (Driving Licence Required),Sussex,My Four Wheels,My Four Wheels,Annual,Annual,0.994
LIKELY_DUPLICATE,same title/location/advertiser + salary + very similar description,26758_37471173-0,26758_35867554-0,Driving Instructor (Driving Licence Required),Sussex,My Four Wheels,My Four Wheels,Annual,Annual,0.991
LIKELY_DUPLICATE,same title/location/advertiser + salary + very similar description,26758_37471224-0,26758_35867530-0,Driving Instructor (Driving Licence Required),Sussex,My Four Wheels,My Four Wheels,Annual,Annual,0.992
LIKELY_DUPLICATE,same title/location/advertiser + salary + very similar description,26758_37471224-0,26758_35867553-0,Driving Instructor (Driving Licence Required),Sussex,My Four Wheels,My Four Wheels,Annual,Annual,0.991
LIKELY_DUPLICATE,same title/location/advertiser + salary + very similar description,26758_37471224-0,26758_35867554-0,Driving Instructor (Driving Licence Required),Sussex,My Four Wheels,My Four Wheels,Annual,Annual,0.991
LIKELY_DUPLICATE,same title/location/advertiser + salary + very similar description,26758_37471224-0,26758_35867575-0,Driving Instructor (Driving Licence Required),Sussex,My Four Wheels,My Four Wheels,Annual,Annual,0.991
LIKELY_DUPLICATE,same title/location/advertiser + salary + very similar description,26758_37471224-0,26758_37431960-0,Driving Instructor (Driving Licence Required),Sussex,My Four Wheels,My Four Wheels,Annual,Annual,0.992
LIKELY_DUPLICATE,same title/location/advertiser + salary + very similar description,26758_37471224-0,26758_37432065-0,Driving Instructor (Driving Licence Required),Sussex,My Four Wheels,My Four Wheels,Annual,Annual,0.992
LIKELY_DUPLICATE,same title/location/advertiser + salary + very similar description,26758_37471224-0,26758_37471173-0,Driving Instructor (Driving Licence Required),Sussex,My Four Wheels,My Four Wheels,Annual,Annual,0.992
LIKELY_DUPLICATE,same title/location/advertiser + salary + very similar description,26758_37431913-0,26758_37471234-0,Driving Instructor (Driving Licence Required),Tyne And Wear,My Four Wheels,My Four Wheels,Annual,Annual,0.991
LIKELY_DUPLICATE,same title/location/advertiser + salary + very similar description,26758_37431986-0,26758_37431913-0,Driving Instructor (Driving Licence Required),Tyne And Wear,My Four Wheels,My Four Wheels,Annual,Annual,0.990
LIKELY_DUPLICATE,same title/location/advertiser + salary + very similar description,26758_37431986-0,26758_37432087-0,Driving Instructor (Driving Licence Required),Tyne And Wear,My Four Wheels,My Four Wheels,Annual,Annual,0.992
LIKELY_DUPLICATE,same title/location/advertiser + salary + very similar description,26758_37431986-0,26758_37471234-0,Driving Instructor (Driving Licence Required),Tyne And Wear,My Four Wheels,My Four Wheels,Annual,Annual,0.991
LIKELY_DUPLICATE,same title/location/advertiser + salary + very similar description,26758_37432031-0,26758_37431913-0,Driving Instructor (Driving Licence Required),Tyne And Wear,My Four Wheels,My Four Wheels,Annual,Annual,0.991
LIKELY_DUPLICATE,same title/location/advertiser + salary + very similar description,26758_37432031-0,26758_37431986-0,Driving Instructor (Driving Licence Required),Tyne And Wear,My Four Wheels,My Four Wheels,Annual,Annual,0.991
LIKELY_DUPLICATE,same title/location/advertiser + salary + very similar description,26758_37432031-0,26758_37432087-0,Driving Instructor (Driving Licence Required),Tyne And Wear,My Four Wheels,My Four Wheels,Annual,Annual,0.991
LIKELY_DUPLICATE,same title/location/advertiser + salary + very similar description,26758_37432031-0,26758_37471234-0,Driving Instructor (Driving Licence Required),Tyne And Wear,My Four Wheels,My Four Wheels,Annual,Annual,0.991
LIKELY_DUPLICATE,same title/location/advertiser + salary + very similar description,26758_37432048-0,26758_37431913-0,Driving Instructor (Driving Licence Required),Tyne And Wear,My Four Wheels,My Four Wheels,Annual,Annual,0.992
LIKELY_DUPLICATE,same title/location/advertiser + salary + very similar description,26758_37432048-0,26758_37431986-0,Driving Instructor (Driving Licence Required),Tyne And Wear,My Four Wheels,My Four Wheels,Annual,Annual,0.991
LIKELY_DUPLICATE,same title/location/advertiser + salary + very similar description,26758_37432048-0,26758_37432031-0,Driving Instructor (Driving Licence Required),Tyne And Wear,My Four Wheels,My Four Wheels,Annual,Annual,0.992
LIKELY_DUPLICATE,same title/location/advertiser + salary + very similar description,26758_37432048-0,26758_37432087-0,Driving Instructor (Driving Licence Required),Tyne And Wear,My Four Wheels,My Four Wheels,Annual,Annual,0.992
LIKELY_DUPLICATE,same title/location/advertiser + salary + very similar description,26758_37432048-0,26758_37471234-0,Driving Instructor (Driving Licence Required),Tyne And Wear,My Four Wheels,My Four Wheels,Annual,Annual,0.991
LIKELY_DUPLICATE,same title/location/advertiser + salary + very similar description,26758_37432087-0,26758_37431913-0,Driving Instructor (Driving Licence Required),Tyne And Wear,My Four Wheels,My Four Wheels,Annual,Annual,0.991
LIKELY_DUPLICATE,same title/location/advertiser + salary + very similar description,26758_37432087-0,26758_37471234-0,Driving Instructor (Driving Licence Required),Tyne And Wear,My Four Wheels,My Four Wheels,Annual,Annual,0.992
LIKELY_DUPLICATE,same title/location/advertiser + salary + very similar description,26758_35867450-0,26758_35867483-0,Driving Instructor (Driving Licence Required),Warwickshire,My Four Wheels,My Four Wheels,Annual,Annual,0.991
LIKELY_DUPLICATE,same title/location/advertiser + salary + very similar description,26758_35867450-0,26758_35867536-0,Driving Instructor (Driving Licence Required),Warwickshire,My Four Wheels,My Four Wheels,Annual,Annual,0.991
LIKELY_DUPLICATE,same title/location/advertiser + salary + very similar description,26758_35867450-0,26758_35867567-0,Driving Instructor (Driving Licence Required),Warwickshire,My Four Wheels,My Four Wheels,Annual,Annual,0.991
LIKELY_DUPLICATE,same title/location/advertiser + salary + very similar description,26758_35867468-0,26758_35867450-0,Driving Instructor (Driving Licence Required),Warwickshire,My Four Wheels,My Four Wheels,Annual,Annual,0.992
LIKELY_DUPLICATE,same title/location/advertiser + salary + very similar description,26758_35867468-0,26758_35867483-0,Driving Instructor (Driving Licence Required),Warwickshire,My Four Wheels,My Four Wheels,Annual,Annual,0.991
LIKELY_DUPLICATE,same title/location/advertiser + salary + very similar description,26758_35867468-0,26758_35867536-0,Driving Instructor (Driving Licence Required),Warwickshire,My Four Wheels,My Four Wheels,Annual,Annual,0.991
LIKELY_DUPLICATE,same title/location/advertiser + salary + very similar description,26758_35867468-0,26758_35867567-0,Driving Instructor (Driving Licence Required),Warwickshire,My Four Wheels,My Four Wheels,Annual,Annual,0.992
LIKELY_DUPLICATE,same title/location/advertiser + salary + very similar description,26758_35867468-0,26758_35867581-0,Driving Instructor (Driving Licence Required),Warwickshire,My Four Wheels,My Four Wheels,Annual,Annual,0.991
LIKELY_DUPLICATE,same title/location/advertiser + salary + very similar description,26758_35867483-0,26758_35867536-0,Driving Instructor (Driving Licence Required),Warwickshire,My Four Wheels,My Four Wheels,Annual,Annual,0.991
LIKELY_DUPLICATE,same title/location/advertiser + salary + very similar description,26758_35867483-0,26758_35867567-0,Driving Instructor (Driving Licence Required),Warwickshire,My Four Wheels,My Four Wheels,Annual,Annual,0.992
LIKELY_DUPLICATE,same title/location/advertiser + salary + very similar description,26758_35867567-0,26758_35867536-0,Driving Instructor (Driving Licence Required),Warwickshire,My Four Wheels,My Four Wheels,Annual,Annual,0.992
LIKELY_DUPLICATE,same title/location/advertiser + salary + very similar description,26758_35867581-0,26758_35867450-0,Driving Instructor (Driving Licence Required),Warwickshire,My Four Wheels,My Four Wheels,Annual,Annual,0.991
LIKELY_DUPLICATE,same title/location/advertiser + salary + very similar description,26758_35867581-0,26758_35867483-0,Driving Instructor (Driving Licence Required),Warwickshire,My Four Wheels,My Four Wheels,Annual,Annual,0.992
LIKELY_DUPLICATE,same title/location/advertiser + salary + very similar description,26758_35867581-0,26758_35867536-0,Driving Instructor (Driving Licence Required),Warwickshire,My Four Wheels,My Four Wheels,Annual,Annual,0.991
LIKELY_DUPLICATE,same title/location/advertiser + salary + very similar description,26758_35867581-0,26758_35867567-0,Driving Instructor (Driving Licence Required),Warwickshire,My Four Wheels,My Four Wheels,Annual,Annual,0.991
LIKELY_DUPLICATE,same title/location/advertiser + salary + very similar description,26758_37432026-0,26758_35867450-0,Driving Instructor (Driving Licence Required),Warwickshire,My Four Wheels,My Four Wheels,Annual,Annual,0.992
LIKELY_DUPLICATE,same title/location/advertiser + salary + very similar description,26758_37432026-0,26758_35867468-0,Driving Instructor (Driving Licence Required),Warwickshire,My Four Wheels,My Four Wheels,Annual,Annual,0.992
LIKELY_DUPLICATE,same title/location/advertiser + salary + very similar description,26758_37432026-0,26758_35867483-0,Driving Instructor (Driving Licence Required),Warwickshire,My Four Wheels,My Four Wheels,Annual,Annual,0.994
LIKELY_DUPLICATE,same title/location/advertiser + salary + very similar description,26758_37432026-0,26758_35867536-0,Driving Instructor (Driving Licence Required),Warwickshire,My Four Wheels,My Four Wheels,Annual,Annual,0.991
LIKELY_DUPLICATE,same title/location/advertiser + salary + very similar description,26758_37432026-0,26758_35867567-0,Driving Instructor (Driving Licence Required),Warwickshire,My Four Wheels,My Four Wheels,Annual,Annual,0.990
LIKELY_DUPLICATE,same title/location/advertiser + salary + very similar description,26758_37432026-0,26758_35867581-0,Driving Instructor (Driving Licence Required),Warwickshire,My Four Wheels,My Four Wheels,Annual,Annual,0.992
LIKELY_DUPLICATE,same title/location/advertiser + salary + very similar description,26758_37432026-0,26758_37471204-0,Driving Instructor (Driving Licence Required),Warwickshire,My Four Wheels,My Four Wheels,Annual,Annual,0.991
LIKELY_DUPLICATE,same title/location/advertiser + salary + very similar description,26758_37471204-0,26758_35867450-0,Driving Instructor (Driving Licence Required),Warwickshire,My Four Wheels,My Four Wheels,Annual,Annual,0.991
LIKELY_DUPLICATE,same title/location/advertiser + salary + very similar description,26758_37471204-0,26758_35867468-0,Driving Instructor (Driving Licence Required),Warwickshire,My Four Wheels,My Four Wheels,Annual,Annual,0.991
LIKELY_DUPLICATE,same title/location/advertiser + salary + very similar description,26758_37471204-0,26758_35867483-0,Driving Instructor (Driving Licence Required),Warwickshire,My Four Wheels,My Four Wheels,Annual,Annual,0.991
LIKELY_DUPLICATE,same title/location/advertiser + salary + very similar description,26758_37471204-0,26758_35867536-0,Driving Instructor (Driving Licence Required),Warwickshire,My Four Wheels,My Four Wheels,Annual,Annual,0.991
LIKELY_DUPLICATE,same title/location/advertiser + salary + very similar description,26758_37471204-0,26758_35867567-0,Driving Instructor (Driving Licence Required),Warwickshire,My Four Wheels,My Four Wheels,Annual,Annual,0.991
LIKELY_DUPLICATE,same title/location/advertiser + salary + very similar description,26758_37471204-0,26758_35867581-0,Driving Instructor (Driving Licence Required),Warwickshire,My Four Wheels,My Four Wheels,Annual,Annual,0.991
LIKELY_DUPLICATE,same title/location/advertiser + salary + very similar description,26758_35867436-0,26758_37431917-0,Driving Instructor (Driving Licence Required),West Midlands,My Four Wheels,My Four Wheels,Annual,Annual,0.991
LIKELY_DUPLICATE,same title/location/advertiser + salary + very similar description,26758_35867436-0,26758_37431919-0,Driving Instructor (Driving Licence Required),West Midlands,My Four Wheels,My Four Wheels,Annual,Annual,0.991
LIKELY_DUPLICATE,same title/location/advertiser + salary + very similar description,26758_35867436-0,26758_37431922-0,Driving Instructor (Driving Licence Required),West Midlands,My Four Wheels,My Four Wheels,Annual,Annual,0.991
LIKELY_DUPLICATE,same title/location/advertiser + salary + very similar description,26758_35867436-0,26758_37431939-0,Driving Instructor (Driving Licence Required),West Midlands,My Four Wheels,My Four Wheels,Annual,Annual,0.991
LIKELY_DUPLICATE,same title/location/advertiser + salary + very similar description,26758_35867436-0,26758_37431969-0,Driving Instructor (Driving Licence Required),West Midlands,My Four Wheels,My Four Wheels,Annual,Annual,0.991
LIKELY_DUPLICATE,same title/location/advertiser + salary + very similar description,26758_35867436-0,26758_37431984-0,Driving Instructor (Driving Licence Required),West Midlands,My Four Wheels,My Four Wheels,Annual,Annual,0.991
LIKELY_DUPLICATE,same title/location/advertiser + salary + very similar description,26758_35867436-0,26758_37431997-0,Driving Instructor (Driving Licence Required),West Midlands,My Four Wheels,My Four Wheels,Annual,Annual,0.991
LIKELY_DUPLICATE,same title/location/advertiser + salary + very similar description,26758_35867436-0,26758_37432015-0,Driving Instructor (Driving Licence Required),West Midlands,My Four Wheels,My Four Wheels,Annual,Annual,0.991
LIKELY_DUPLICATE,same title/location/advertiser + salary + very similar description,26758_35867436-0,26758_37432040-0,Driving Instructor (Driving Licence Required),West Midlands,My Four Wheels,My Four Wheels,Annual,Annual,0.992
LIKELY_DUPLICATE,same title/location/advertiser + salary + very similar description,26758_35867436-0,26758_37432044-0,Driving Instructor (Driving Licence Required),West Midlands,My Four Wheels,My Four Wheels,Annual,Annual,0.992
LIKELY_DUPLICATE,same title/location/advertiser + salary + very similar description,26758_35867436-0,26758_37432046-0,Driving Instructor (Driving Licence Required),West Midlands,My Four Wheels,My Four Wheels,Annual,Annual,0.991
LIKELY_DUPLICATE,same title/location/advertiser + salary + very similar description,26758_35867436-0,26758_37432098-0,Driving Instructor (Driving Licence Required),West Midlands,My Four Wheels,My Four Wheels,Annual,Annual,0.991
LIKELY_DUPLICATE,same title/location/advertiser + salary + very similar description,26758_35867436-0,26758_37471194-0,Driving Instructor (Driving Licence Required),West Midlands,My Four Wheels,My Four Wheels,Annual,Annual,0.990
LIKELY_DUPLICATE,same title/location/advertiser + salary + very similar description,26758_37431917-0,26758_37431919-0,Driving Instructor (Driving Licence Required),West Midlands,My Four Wheels,My Four Wheels,Annual,Annual,0.993
LIKELY_DUPLICATE,same title/location/advertiser + salary + very similar description,26758_37431917-0,26758_37431922-0,Driving Instructor (Driving Licence Required),West Midlands,My Four Wheels,My Four Wheels,Annual,Annual,0.991
LIKELY_DUPLICATE,same title/location/advertiser + salary + very similar description,26758_37431917-0,26758_37431939-0,Driving Instructor (Driving Licence Required),West Midlands,My Four Wheels,My Four Wheels,Annual,Annual,0.992
LIKELY_DUPLICATE,same title/location/advertiser + salary + very similar description,26758_37431917-0,26758_37431984-0,Driving Instructor (Driving Licence Required),West Midlands,My Four Wheels,My Four Wheels,Annual,Annual,0.992
LIKELY_DUPLICATE,same title/location/advertiser + salary + very similar description,26758_37431917-0,26758_37431997-0,Driving Instructor (Driving Licence Required),West Midlands,My Four Wheels,My Four Wheels,Annual,Annual,0.995
LIKELY_DUPLICATE,same title/location/advertiser + salary + very similar description,26758_37431917-0,26758_37432040-0,Driving Instructor (Driving Licence Required),West Midlands,My Four Wheels,My Four Wheels,Annual,Annual,0.991
LIKELY_DUPLICATE,same title/location/advertiser + salary + very similar description,26758_37431917-0,26758_37471194-0,Driving Instructor (Driving Licence Required),West Midlands,My Four Wheels,My Four Wheels,Annual,Annual,0.992
LIKELY_DUPLICATE,same title/location/advertiser + salary + very similar description,26758_37431919-0,26758_37431939-0,Driving Instructor (Driving Licence Required),West Midlands,My Four Wheels,My Four Wheels,Annual,Annual,0.991
LIKELY_DUPLICATE,same title/location/advertiser + salary + very similar description,26758_37431919-0,26758_37431984-0,Driving Instructor (Driving Licence Required),West Midlands,My Four Wheels,My Four Wheels,Annual,Annual,0.991
LIKELY_DUPLICATE,same title/location/advertiser + salary + very similar description,26758_37431919-0,26758_37431997-0,Driving Instructor (Driving Licence Required),West Midlands,My Four Wheels,My Four Wheels,Annual,Annual,0.992
LIKELY_DUPLICATE,same title/location/advertiser + salary + very similar description,26758_37431919-0,26758_37432040-0,Driving Instructor (Driving Licence Required),West Midlands,My Four Wheels,My Four Wheels,Annual,Annual,0.991
LIKELY_DUPLICATE,same title/location/advertiser + salary + very similar description,26758_37431919-0,26758_37471194-0,Driving Instructor (Driving Licence Required),West Midlands,My Four Wheels,My Four Wheels,Annual,Annual,0.992
LIKELY_DUPLICATE,same title/location/advertiser + salary + very similar description,26758_37431922-0,26758_37431919-0,Driving Instructor (Driving Licence Required),West Midlands,My Four Wheels,My Four Wheels,Annual,Annual,0.991
LIKELY_DUPLICATE,same title/location/advertiser + salary + very similar description,26758_37431922-0,26758_37431939-0,Driving Instructor (Driving Licence Required),West Midlands,My Four Wheels,My Four Wheels,Annual,Annual,0.991
LIKELY_DUPLICATE,same title/location/advertiser + salary + very similar description,26758_37431922-0,26758_37431984-0,Driving Instructor (Driving Licence Required),West Midlands,My Four Wheels,My Four Wheels,Annual,Annual,0.991
LIKELY_DUPLICATE,same title/location/advertiser + salary + very similar description,26758_37431922-0,26758_37431997-0,Driving Instructor (Driving Licence Required),West Midlands,My Four Wheels,My Four Wheels,Annual,Annual,0.992
LIKELY_DUPLICATE,same title/location/advertiser + salary + very similar description,26758_37431922-0,26758_37432040-0,Driving Instructor (Driving Licence Required),West Midlands,My Four Wheels,My Four Wheels,Annual,Annual,0.991
LIKELY_DUPLICATE,same title/location/advertiser + salary + very similar description,26758_37431922-0,26758_37471194-0,Driving Instructor (Driving Licence Required),West Midlands,My Four Wheels,My Four Wheels,Annual,Annual,0.992
LIKELY_DUPLICATE,same title/location/advertiser + salary + very similar description,26758_37431939-0,26758_37431997-0,Driving Instructor (Driving Licence Required),West Midlands,My Four Wheels,My Four Wheels,Annual,Annual,0.992
LIKELY_DUPLICATE,same title/location/advertiser + salary + very similar description,26758_37431939-0,26758_37432040-0,Driving Instructor (Driving Licence Required),West Midlands,My Four Wheels,My Four Wheels,Annual,Annual,0.991
LIKELY_DUPLICATE,same title/location/advertiser + salary + very similar description,26758_37431939-0,26758_37471194-0,Driving Instructor (Driving Licence Required),West Midlands,My Four Wheels,My Four Wheels,Annual,Annual,0.990
LIKELY_DUPLICATE,same title/location/advertiser + salary + very similar description,26758_37431969-0,26758_37431917-0,Driving Instructor (Driving Licence Required),West Midlands,My Four Wheels,My Four Wheels,Annual,Annual,0.993
LIKELY_DUPLICATE,same title/location/advertiser + salary + very similar description,26758_37431969-0,26758_37431919-0,Driving Instructor (Driving Licence Required),West Midlands,My Four Wheels,My Four Wheels,Annual,Annual,0.991
LIKELY_DUPLICATE,same title/location/advertiser + salary + very similar description,26758_37431969-0,26758_37431922-0,Driving Instructor (Driving Licence Required),West Midlands,My Four Wheels,My Four Wheels,Annual,Annual,0.991
LIKELY_DUPLICATE,same title/location/advertiser + salary + very similar description,26758_37431969-0,26758_37431939-0,Driving Instructor (Driving Licence Required),West Midlands,My Four Wheels,My Four Wheels,Annual,Annual,0.991
LIKELY_DUPLICATE,same title/location/advertiser + salary + very similar description,26758_37431969-0,26758_37431984-0,Driving Instructor (Driving Licence Required),West Midlands,My Four Wheels,My Four Wheels,Annual,Annual,0.992
LIKELY_DUPLICATE,same title/location/advertiser + salary + very similar description,26758_37431969-0,26758_37431997-0,Driving Instructor (Driving Licence Required),West Midlands,My Four Wheels,My Four Wheels,Annual,Annual,0.991
LIKELY_DUPLICATE,same title/location/advertiser + salary + very similar description,26758_37431969-0,26758_37432040-0,Driving Instructor (Driving Licence Required),West Midlands,My Four Wheels,My Four Wheels,Annual,Annual,0.992
LIKELY_DUPLICATE,same title/location/advertiser + salary + very similar description,26758_37431969-0,26758_37432046-0,Driving Instructor (Driving Licence Required),West Midlands,My Four Wheels,My Four Wheels,Annual,Annual,0.991
LIKELY_DUPLICATE,same title/location/advertiser + salary + very similar description,26758_37431969-0,26758_37471194-0,Driving Instructor (Driving Licence Required),West Midlands,My Four Wheels,My Four Wheels,Annual,Annual,0.992
LIKELY_DUPLICATE,same title/location/advertiser + salary + very similar description,26758_37431984-0,26758_37431939-0,Driving Instructor (Driving Licence Required),West Midlands,My Four Wheels,My Four Wheels,Annual,Annual,0.991
LIKELY_DUPLICATE,same title/location/advertiser + salary + very similar description,26758_37431984-0,26758_37431997-0,Driving Instructor (Driving Licence Required),West Midlands,My Four Wheels,My Four Wheels,Annual,Annual,0.991
LIKELY_DUPLICATE,same title/location/advertiser + salary + very similar description,26758_37431984-0,26758_37432040-0,Driving Instructor (Driving Licence Required),West Midlands,My Four Wheels,My Four Wheels,Annual,Annual,0.992
LIKELY_DUPLICATE,same title/location/advertiser + salary + very similar description,26758_37431984-0,26758_37471194-0,Driving Instructor (Driving Licence Required),West Midlands,My Four Wheels,My Four Wheels,Annual,Annual,0.992
LIKELY_DUPLICATE,same title/location/advertiser + salary + very similar description,26758_37432015-0,26758_37431917-0,Driving Instructor (Driving Licence Required),West Midlands,My Four Wheels,My Four Wheels,Annual,Annual,0.991
LIKELY_DUPLICATE,same title/location/advertiser + salary + very similar description,26758_37432015-0,26758_37431919-0,Driving Instructor (Driving Licence Required),West Midlands,My Four Wheels,My Four Wheels,Annual,Annual,0.991
LIKELY_DUPLICATE,same title/location/advertiser + salary + very similar description,26758_37432015-0,26758_37431922-0,Driving Instructor (Driving Licence Required),West Midlands,My Four Wheels,My Four Wheels,Annual,Annual,0.991
LIKELY_DUPLICATE,same title/location/advertiser + salary + very similar description,26758_37432015-0,26758_37431939-0,Driving Instructor (Driving Licence Required),West Midlands,My Four Wheels,My Four Wheels,Annual,Annual,0.995
LIKELY_DUPLICATE,same title/location/advertiser + salary + very similar description,26758_37432015-0,26758_37431969-0,Driving Instructor (Driving Licence Required),West Midlands,My Four Wheels,My Four Wheels,Annual,Annual,0.991
LIKELY_DUPLICATE,same title/location/advertiser + salary + very similar description,26758_37432015-0,26758_37431984-0,Driving Instructor (Driving Licence Required),West Midlands,My Four Wheels,My Four Wheels,Annual,Annual,0.991
LIKELY_DUPLICATE,same title/location/advertiser + salary + very similar description,26758_37432015-0,26758_37431997-0,Driving Instructor (Driving Licence Required),West Midlands,My Four Wheels,My Four Wheels,Annual,Annual,0.992
LIKELY_DUPLICATE,same title/location/advertiser + salary + very similar description,26758_37432015-0,26758_37432040-0,Driving Instructor (Driving Licence Required),West Midlands,My Four Wheels,My Four Wheels,Annual,Annual,0.992
LIKELY_DUPLICATE,same title/location/advertiser + salary + very similar description,26758_37432015-0,26758_37432046-0,Driving Instructor (Driving Licence Required),West Midlands,My Four Wheels,My Four Wheels,Annual,Annual,0.994
LIKELY_DUPLICATE,same title/location/advertiser + salary + very similar description,26758_37432015-0,26758_37471194-0,Driving Instructor (Driving Licence Required),West Midlands,My Four Wheels,My Four Wheels,Annual,Annual,0.990
LIKELY_DUPLICATE,same title/location/advertiser + salary + very similar description,26758_37432040-0,26758_37431997-0,Driving Instructor (Driving Licence Required),West Midlands,My Four Wheels,My Four Wheels,Annual,Annual,0.991
LIKELY_DUPLICATE,same title/location/advertiser + salary + very similar description,26758_37432044-0,26758_37431917-0,Driving Instructor (Driving Licence Required),West Midlands,My Four Wheels,My Four Wheels,Annual,Annual,0.992
LIKELY_DUPLICATE,same title/location/advertiser + salary + very similar description,26758_37432044-0,26758_37431919-0,Driving Instructor (Driving Licence Required),West Midlands,My Four Wheels,My Four Wheels,Annual,Annual,0.991
LIKELY_DUPLICATE,same title/location/advertiser + salary + very similar description,26758_37432044-0,26758_37431922-0,Driving Instructor (Driving Licence Required),West Midlands,My Four Wheels,My Four Wheels,Annual,Annual,0.991
LIKELY_DUPLICATE,same title/location/advertiser + salary + very similar description,26758_37432044-0,26758_37431939-0,Driving Instructor (Driving Licence Required),West Midlands,My Four Wheels,My Four Wheels,Annual,Annual,0.992
LIKELY_DUPLICATE,same title/location/advertiser + salary + very similar description,26758_37432044-0,26758_37431969-0,Driving Instructor (Driving Licence Required),West Midlands,My Four Wheels,My Four Wheels,Annual,Annual,0.991
LIKELY_DUPLICATE,same title/location/advertiser + salary + very similar description,26758_37432044-0,26758_37431984-0,Driving Instructor (Driving Licence Required),West Midlands,My Four Wheels,My Four Wheels,Annual,Annual,0.991
LIKELY_DUPLICATE,same title/location/advertiser + salary + very similar description,26758_37432044-0,26758_37431997-0,Driving Instructor (Driving Licence Required),West Midlands,My Four Wheels,My Four Wheels,Annual,Annual,0.991
LIKELY_DUPLICATE,same title/location/advertiser + salary + very similar description,26758_37432044-0,26758_37432015-0,Driving Instructor (Driving Licence Required),West Midlands,My Four Wheels,My Four Wheels,Annual,Annual,0.992
LIKELY_DUPLICATE,same title/location/advertiser + salary + very similar description,26758_37432044-0,26758_37432040-0,Driving Instructor (Driving Licence Required),West Midlands,My Four Wheels,My Four Wheels,Annual,Annual,0.991
LIKELY_DUPLICATE,same title/location/advertiser + salary + very similar description,26758_37432044-0,26758_37432046-0,Driving Instructor (Driving Licence Required),West Midlands,My Four Wheels,My Four Wheels,Annual,Annual,0.991
LIKELY_DUPLICATE,same title/location/advertiser + salary + very similar description,26758_37432044-0,26758_37432098-0,Driving Instructor (Driving Licence Required),West Midlands,My Four Wheels,My Four Wheels,Annual,Annual,0.992
LIKELY_DUPLICATE,same title/location/advertiser + salary + very similar description,26758_37432044-0,26758_37471194-0,Driving Instructor (Driving Licence Required),West Midlands,My Four Wheels,My Four Wheels,Annual,Annual,0.990
LIKELY_DUPLICATE,same title/location/advertiser + salary + very similar description,26758_37432046-0,26758_37431917-0,Driving Instructor (Driving Licence Required),West Midlands,My Four Wheels,My Four Wheels,Annual,Annual,0.991
LIKELY_DUPLICATE,same title/location/advertiser + salary + very similar description,26758_37432046-0,26758_37431919-0,Driving Instructor (Driving Licence Required),West Midlands,My Four Wheels,My Four Wheels,Annual,Annual,0.991
LIKELY_DUPLICATE,same title/location/advertiser + salary + very similar description,26758_37432046-0,26758_37431922-0,Driving Instructor (Driving Licence Required),West Midlands,My Four Wheels,My Four Wheels,Annual,Annual,0.991
LIKELY_DUPLICATE,same title/location/advertiser + salary + very similar description,26758_37432046-0,26758_37431939-0,Driving Instructor (Driving Licence Required),West Midlands,My Four Wheels,My Four Wheels,Annual,Annual,0.994
LIKELY_DUPLICATE,same title/location/advertiser + salary + very similar description,26758_37432046-0,26758_37431984-0,Driving Instructor (Driving Licence Required),West Midlands,My Four Wheels,My Four Wheels,Annual,Annual,0.990
LIKELY_DUPLICATE,same title/location/advertiser + salary + very similar description,26758_37432046-0,26758_37431997-0,Driving Instructor (Driving Licence Required),West Midlands,My Four Wheels,My Four Wheels,Annual,Annual,0.991
LIKELY_DUPLICATE,same title/location/advertiser + salary + very similar description,26758_37432046-0,26758_37432040-0,Driving Instructor (Driving Licence Required),West Midlands,My Four Wheels,My Four Wheels,Annual,Annual,0.991
LIKELY_DUPLICATE,same title/location/advertiser + salary + very similar description,26758_37432046-0,26758_37471194-0,Driving Instructor (Driving Licence Required),West Midlands,My Four Wheels,My Four Wheels,Annual,Annual,0.990
LIKELY_DUPLICATE,same title/location/advertiser + salary + very similar description,26758_37432098-0,26758_37431917-0,Driving Instructor (Driving Licence Required),West Midlands,My Four Wheels,My Four Wheels,Annual,Annual,0.991
LIKELY_DUPLICATE,same title/location/advertiser + salary + very similar description,26758_37432098-0,26758_37431919-0,Driving Instructor (Driving Licence Required),West Midlands,My Four Wheels,My Four Wheels,Annual,Annual,0.991
LIKELY_DUPLICATE,same title/location/advertiser + salary + very similar description,26758_37432098-0,26758_37431922-0,Driving Instructor (Driving Licence Required),West Midlands,My Four Wheels,My Four Wheels,Annual,Annual,0.991
LIKELY_DUPLICATE,same title/location/advertiser + salary + very similar description,26758_37432098-0,26758_37431939-0,Driving Instructor (Driving Licence Required),West Midlands,My Four Wheels,My Four Wheels,Annual,Annual,0.995
LIKELY_DUPLICATE,same title/location/advertiser + salary + very similar description,26758_37432098-0,26758_37431969-0,Driving Instructor (Driving Licence Required),West Midlands,My Four Wheels,My Four Wheels,Annual,Annual,0.992
LIKELY_DUPLICATE,same title/location/advertiser + salary + very similar description,26758_37432098-0,26758_37431984-0,Driving Instructor (Driving Licence Required),West Midlands,My Four Wheels,My Four Wheels,Annual,Annual,0.991
LIKELY_DUPLICATE,same title/location/advertiser + salary + very similar description,26758_37432098-0,26758_37431997-0,Driving Instructor (Driving Licence Required),West Midlands,My Four Wheels,My Four Wheels,Annual,Annual,0.992
LIKELY_DUPLICATE,same title/location/advertiser + salary + very similar description,26758_37432098-0,26758_37432015-0,Driving Instructor (Driving Licence Required),West Midlands,My Four Wheels,My Four Wheels,Annual,Annual,0.995
LIKELY_DUPLICATE,same title/location/advertiser + salary + very similar description,26758_37432098-0,26758_37432040-0,Driving Instructor (Driving Licence Required),West Midlands,My Four Wheels,My Four Wheels,Annual,Annual,0.992
LIKELY_DUPLICATE,same title/location/advertiser + salary + very similar description,26758_37432098-0,26758_37432046-0,Driving Instructor (Driving Licence Required),West Midlands,My Four Wheels,My Four Wheels,Annual,Annual,0.994
LIKELY_DUPLICATE,same title/location/advertiser + salary + very similar description,26758_37432098-0,26758_37471194-0,Driving Instructor (Driving Licence Required),West Midlands,My Four Wheels,My Four Wheels,Annual,Annual,0.991
LIKELY_DUPLICATE,same title/location/advertiser + salary + very similar description,26758_37471194-0,26758_37431997-0,Driving Instructor (Driving Licence Required),West Midlands,My Four Wheels,My Four Wheels,Annual,Annual,0.992
LIKELY_DUPLICATE,same title/location/advertiser + salary + very similar description,26758_37471194-0,26758_37432040-0,Driving Instructor (Driving Licence Required),West Midlands,My Four Wheels,My Four Wheels,Annual,Annual,0.992
LIKELY_DUPLICATE,same title/location/advertiser + salary + very similar description,26758_37431987-0,26758_37431930-0,Driving Instructor (Driving Licence Required),Wiltshire,My Four Wheels,My Four Wheels,Annual,Annual,0.991
LIKELY_DUPLICATE,same title/location/advertiser + salary + very similar description,26758_37431987-0,26758_37432050-0,Driving Instructor (Driving Licence Required),Wiltshire,My Four Wheels,My Four Wheels,Annual,Annual,0.992
LIKELY_DUPLICATE,same title/location/advertiser + salary + very similar description,26758_37432050-0,26758_37431930-0,Driving Instructor (Driving Licence Required),Wiltshire,My Four Wheels,My Four Wheels,Annual,Annual,0.991
LIKELY_DUPLICATE,same title/location/advertiser + salary + very similar description,26758_35867484-0,26758_35867537-0,Driving Instructor (Driving Licence Required),Worcestershire,My Four Wheels,My Four Wheels,Annual,Annual,0.991
LIKELY_DUPLICATE,same title/location/advertiser + salary + very similar description,26758_35867484-0,26758_37432034-0,Driving Instructor (Driving Licence Required),Worcestershire,My Four Wheels,My Four Wheels,Annual,Annual,0.990
LIKELY_DUPLICATE,same title/location/advertiser + salary + very similar description,26758_35867484-0,26758_37432129-0,Driving Instructor (Driving Licence Required),Worcestershire,My Four Wheels,My Four Wheels,Annual,Annual,0.991
LIKELY_DUPLICATE,same title/location/advertiser + salary + very similar description,26758_35867537-0,26758_37432034-0,Driving Instructor (Driving Licence Required),Worcestershire,My Four Wheels,My Four Wheels,Annual,Annual,0.991
LIKELY_DUPLICATE,same title/location/advertiser + salary + very similar description,26758_35867537-0,26758_37432129-0,Driving Instructor (Driving Licence Required),Worcestershire,My Four Wheels,My Four Wheels,Annual,Annual,0.991
LIKELY_DUPLICATE,same title/location/advertiser + salary + very similar description,26758_35867562-0,26758_35867484-0,Driving Instructor (Driving Licence Required),Worcestershire,My Four Wheels,My Four Wheels,Annual,Annual,0.991
LIKELY_DUPLICATE,same title/location/advertiser + salary + very similar description,26758_35867562-0,26758_35867537-0,Driving Instructor (Driving Licence Required),Worcestershire,My Four Wheels,My Four Wheels,Annual,Annual,0.991
LIKELY_DUPLICATE,same title/location/advertiser + salary + very similar description,26758_35867562-0,26758_37432010-0,Driving Instructor (Driving Licence Required),Worcestershire,My Four Wheels,My Four Wheels,Annual,Annual,0.991
LIKELY_DUPLICATE,same title/location/advertiser + salary + very similar description,26758_35867562-0,26758_37432034-0,Driving Instructor (Driving Licence Required),Worcestershire,My Four Wheels,My Four Wheels,Annual,Annual,0.990
LIKELY_DUPLICATE,same title/location/advertiser + salary + very similar description,26758_35867562-0,26758_37432113-0,Driving Instructor (Driving Licence Required),Worcestershire,My Four Wheels,My Four Wheels,Annual,Annual,0.991
LIKELY_DUPLICATE,same title/location/advertiser + salary + very similar description,26758_35867562-0,26758_37432129-0,Driving Instructor (Driving Licence Required),Worcestershire,My Four Wheels,My Four Wheels,Annual,Annual,0.990
LIKELY_DUPLICATE,same title/location/advertiser + salary + very similar description,26758_37432010-0,26758_35867484-0,Driving Instructor (Driving Licence Required),Worcestershire,My Four Wheels,My Four Wheels,Annual,Annual,0.991
LIKELY_DUPLICATE,same title/location/advertiser + salary + very similar description,26758_37432010-0,26758_35867537-0,Driving Instructor (Driving Licence Required),Worcestershire,My Four Wheels,My Four Wheels,Annual,Annual,0.991
LIKELY_DUPLICATE,same title/location/advertiser + salary + very similar description,26758_37432010-0,26758_37432034-0,Driving Instructor (Driving Licence Required),Worcestershire,My Four Wheels,My Four Wheels,Annual,Annual,0.991
LIKELY_DUPLICATE,same title/location/advertiser + salary + very similar description,26758_37432010-0,26758_37432113-0,Driving Instructor (Driving Licence Required),Worcestershire,My Four Wheels,My Four Wheels,Annual,Annual,0.991
LIKELY_DUPLICATE,same title/location/advertiser + salary + very similar description,26758_37432010-0,26758_37432129-0,Driving Instructor (Driving Licence Required),Worcestershire,My Four Wheels,My Four Wheels,Annual,Annual,0.990
LIKELY_DUPLICATE,same title/location/advertiser + salary + very similar description,26758_37432113-0,26758_35867484-0,Driving Instructor (Driving Licence Required),Worcestershire,My Four Wheels,My Four Wheels,Annual,Annual,0.992
LIKELY_DUPLICATE,same title/location/advertiser + salary + very similar description,26758_37432113-0,26758_35867537-0,Driving Instructor (Driving Licence Required),Worcestershire,My Four Wheels,My Four Wheels,Annual,Annual,0.991
LIKELY_DUPLICATE,same title/location/advertiser + salary + very similar description,26758_37432113-0,26758_37432034-0,Driving Instructor (Driving Licence Required),Worcestershire,My Four Wheels,My Four Wheels,Annual,Annual,0.991
LIKELY_DUPLICATE,same title/location/advertiser + salary + very similar description,26758_37432113-0,26758_37432129-0,Driving Instructor (Driving Licence Required),Worcestershire,My Four Wheels,My Four Wheels,Annual,Annual,0.990
LIKELY_DUPLICATE,same title/location/advertiser + salary + very similar description,26758_37432129-0,26758_37432034-0,Driving Instructor (Driving Licence Required),Worcestershire,My Four Wheels,My Four Wheels,Annual,Annual,0.991
LIKELY_DUPLICATE,same title/location/advertiser + salary + very similar description,26758_35867443-0,26758_37431929-0,Driving Instructor (Driving Licence Required),Yorkshire,My Four Wheels,My Four Wheels,Annual,Annual,0.991
LIKELY_DUPLICATE,same title/location/advertiser + salary + very similar description,26758_35867443-0,26758_37431935-0,Driving Instructor (Driving Licence Required),Yorkshire,My Four Wheels,My Four Wheels,Annual,Annual,0.991
LIKELY_DUPLICATE,same title/location/advertiser + salary + very similar description,26758_35867443-0,26758_37432029-0,Driving Instructor (Driving Licence Required),Yorkshire,My Four Wheels,My Four Wheels,Annual,Annual,0.990
LIKELY_DUPLICATE,same title/location/advertiser + salary + very similar description,26758_35867443-0,26758_37432045-0,Driving Instructor (Driving Licence Required),Yorkshire,My Four Wheels,My Four Wheels,Annual,Annual,0.991
LIKELY_DUPLICATE,same title/location/advertiser + salary + very similar description,26758_35867443-0,26758_37432049-0,Driving Instructor (Driving Licence Required),Yorkshire,My Four Wheels,My Four Wheels,Annual,Annual,0.992
LIKELY_DUPLICATE,same title/location/advertiser + salary + very similar description,26758_35867443-0,26758_37432060-0,Driving Instructor (Driving Licence Required),Yorkshire,My Four Wheels,My Four Wheels,Annual,Annual,0.991
LIKELY_DUPLICATE,same title/location/advertiser + salary + very similar description,26758_35867443-0,26758_37432136-0,Driving Instructor (Driving Licence Required),Yorkshire,My Four Wheels,My Four Wheels,Annual,Annual,0.992
LIKELY_DUPLICATE,same title/location/advertiser + salary + very similar description,26758_35867443-0,26758_37471165-0,Driving Instructor (Driving Licence Required),Yorkshire,My Four Wheels,My Four Wheels,Annual,Annual,0.991
LIKELY_DUPLICATE,same title/location/advertiser + salary + very similar description,26758_35867443-0,26758_37471203-0,Driving Instructor (Driving Licence Required),Yorkshire,My Four Wheels,My Four Wheels,Annual,Annual,0.992
LIKELY_DUPLICATE,same title/location/advertiser + salary + very similar description,26758_35867443-0,26758_37471230-0,Driving Instructor (Driving Licence Required),Yorkshire,My Four Wheels,My Four Wheels,Annual,Annual,0.992
LIKELY_DUPLICATE,same title/location/advertiser + salary + very similar description,26758_35867452-0,26758_35867443-0,Driving Instructor (Driving Licence Required),Yorkshire,My Four Wheels,My Four Wheels,Annual,Annual,0.991
LIKELY_DUPLICATE,same title/location/advertiser + salary + very similar description,26758_35867452-0,26758_35867471-0,Driving Instructor (Driving Licence Required),Yorkshire,My Four Wheels,My Four Wheels,Annual,Annual,0.991
LIKELY_DUPLICATE,same title/location/advertiser + salary + very similar description,26758_35867452-0,26758_35867514-0,Driving Instructor (Driving Licence Required),Yorkshire,My Four Wheels,My Four Wheels,Annual,Annual,0.991
LIKELY_DUPLICATE,same title/location/advertiser + salary + very similar description,26758_35867452-0,26758_35867528-0,Driving Instructor (Driving Licence Required),Yorkshire,My Four Wheels,My Four Wheels,Annual,Annual,0.990
LIKELY_DUPLICATE,same title/location/advertiser + salary + very similar description,26758_35867452-0,26758_35867568-0,Driving Instructor (Driving Licence Required),Yorkshire,My Four Wheels,My Four Wheels,Annual,Annual,0.991
LIKELY_DUPLICATE,same title/location/advertiser + salary + very similar description,26758_35867452-0,26758_35867578-0,Driving Instructor (Driving Licence Required),Yorkshire,My Four Wheels,My Four Wheels,Annual,Annual,0.991
LIKELY_DUPLICATE,same title/location/advertiser + salary + very similar description,26758_35867452-0,26758_37431923-0,Driving Instructor (Driving Licence Required),Yorkshire,My Four Wheels,My Four Wheels,Annual,Annual,0.991
LIKELY_DUPLICATE,same title/location/advertiser + salary + very similar description,26758_35867452-0,26758_37431929-0,Driving Instructor (Driving Licence Required),Yorkshire,My Four Wheels,My Four Wheels,Annual,Annual,0.991
LIKELY_DUPLICATE,same title/location/advertiser + salary + very similar description,26758_35867452-0,26758_37431935-0,Driving Instructor (Driving Licence Required),Yorkshire,My Four Wheels,My Four Wheels,Annual,Annual,0.992
LIKELY_DUPLICATE,same title/location/advertiser + salary + very similar description,26758_35867452-0,26758_37431936-0,Driving Instructor (Driving Licence Required),Yorkshire,My Four Wheels,My Four Wheels,Annual,Annual,0.990
LIKELY_DUPLICATE,same title/location/advertiser + salary + very similar description,26758_35867452-0,26758_37431974-0,Driving Instructor (Driving Licence Required),Yorkshire,My Four Wheels,My Four Wheels,Annual,Annual,0.991
LIKELY_DUPLICATE,same title/location/advertiser + salary + very similar description,26758_35867452-0,26758_37432008-0,Driving Instructor (Driving Licence Required),Yorkshire,My Four Wheels,My Four Wheels,Annual,Annual,0.990
LIKELY_DUPLICATE,same title/location/advertiser + salary + very similar description,26758_35867452-0,26758_37432029-0,Driving Instructor (Driving Licence Required),Yorkshire,My Four Wheels,My Four Wheels,Annual,Annual,0.990
LIKELY_DUPLICATE,same title/location/advertiser + salary + very similar description,26758_35867452-0,26758_37432045-0,Driving Instructor (Driving Licence Required),Yorkshire,My Four Wheels,My Four Wheels,Annual,Annual,0.992
LIKELY_DUPLICATE,same title/location/advertiser + salary + very similar description,26758_35867452-0,26758_37432049-0,Driving Instructor (Driving Licence Required),Yorkshire,My Four Wheels,My Four Wheels,Annual,Annual,0.991
LIKELY_DUPLICATE,same title/location/advertiser + salary + very similar description,26758_35867452-0,26758_37432060-0,Driving Instructor (Driving Licence Required),Yorkshire,My Four Wheels,My Four Wheels,Annual,Annual,0.990
LIKELY_DUPLICATE,same title/location/advertiser + salary + very similar description,26758_35867452-0,26758_37432091-0,Driving Instructor (Driving Licence Required),Yorkshire,My Four Wheels,My Four Wheels,Annual,Annual,0.994
LIKELY_DUPLICATE,same title/location/advertiser + salary + very similar description,26758_35867452-0,26758_37432096-0,Driving Instructor (Driving Licence Required),Yorkshire,My Four Wheels,My Four Wheels,Annual,Annual,0.991
LIKELY_DUPLICATE,same title/location/advertiser + salary + very similar description,26758_35867452-0,26758_37432118-0,Driving Instructor (Driving Licence Required),Yorkshire,My Four Wheels,My Four Wheels,Annual,Annual,0.992
LIKELY_DUPLICATE,same title/location/advertiser + salary + very similar description,26758_35867452-0,26758_37432136-0,Driving Instructor (Driving Licence Required),Yorkshire,My Four Wheels,My Four Wheels,Annual,Annual,0.991
LIKELY_DUPLICATE,same title/location/advertiser + salary + very similar description,26758_35867452-0,26758_37471165-0,Driving Instructor (Driving Licence Required),Yorkshire,My Four Wheels,My Four Wheels,Annual,Annual,0.991
LIKELY_DUPLICATE,same title/location/advertiser + salary + very similar description,26758_35867452-0,26758_37471174-0,Driving Instructor (Driving Licence Required),Yorkshire,My Four Wheels,My Four Wheels,Annual,Annual,0.991
LIKELY_DUPLICATE,same title/location/advertiser + salary + very similar description,26758_35867452-0,26758_37471196-0,Driving Instructor (Driving Licence Required),Yorkshire,My Four Wheels,My Four Wheels,Annual,Annual,0.991
LIKELY_DUPLICATE,same title/location/advertiser + salary + very similar description,26758_35867452-0,26758_37471203-0,Driving Instructor (Driving Licence Required),Yorkshire,My Four Wheels,My Four Wheels,Annual,Annual,0.991
LIKELY_DUPLICATE,same title/location/advertiser + salary + very similar description,26758_35867452-0,26758_37471214-0,Driving Instructor (Driving Licence Required),Yorkshire,My Four Wheels,My Four Wheels,Annual,Annual,0.992
LIKELY_DUPLICATE,same title/location/advertiser + salary + very similar description,26758_35867452-0,26758_37471219-0,Driving Instructor (Driving Licence Required),Yorkshire,My Four Wheels,My Four Wheels,Annual,Annual,0.991
LIKELY_DUPLICATE,same title/location/advertiser + salary + very similar description,26758_35867452-0,26758_37471230-0,Driving Instructor (Driving Licence Required),Yorkshire,My Four Wheels,My Four Wheels,Annual,Annual,0.992
LIKELY_DUPLICATE,same title/location/advertiser + salary + very similar description,26758_35867452-0,26758_37471237-0,Driving Instructor (Driving Licence Required),Yorkshire,My Four Wheels,My Four Wheels,Annual,Annual,0.991
LIKELY_DUPLICATE,same title/location/advertiser + salary + very similar description,26758_35867471-0,26758_35867443-0,Driving Instructor (Driving Licence Required),Yorkshire,My Four Wheels,My Four Wheels,Annual,Annual,0.991
LIKELY_DUPLICATE,same title/location/advertiser + salary + very similar description,26758_35867471-0,26758_35867568-0,Driving Instructor (Driving Licence Required),Yorkshire,My Four Wheels,My Four Wheels,Annual,Annual,0.991
LIKELY_DUPLICATE,same title/location/advertiser + salary + very similar description,26758_35867471-0,26758_37431929-0,Driving Instructor (Driving Licence Required),Yorkshire,My Four Wheels,My Four Wheels,Annual,Annual,0.992
LIKELY_DUPLICATE,same title/location/advertiser + salary + very similar description,26758_35867471-0,26758_37431935-0,Driving Instructor (Driving Licence Required),Yorkshire,My Four Wheels,My Four Wheels,Annual,Annual,0.991
LIKELY_DUPLICATE,same title/location/advertiser + salary + very similar description,26758_35867471-0,26758_37432029-0,Driving Instructor (Driving Licence Required),Yorkshire,My Four Wheels,My Four Wheels,Annual,Annual,0.990
LIKELY_DUPLICATE,same title/location/advertiser + salary + very similar description,26758_35867471-0,26758_37432045-0,Driving Instructor (Driving Licence Required),Yorkshire,My Four Wheels,My Four Wheels,Annual,Annual,0.992
LIKELY_DUPLICATE,same title/location/advertiser + salary + very similar description,26758_35867471-0,26758_37432049-0,Driving Instructor (Driving Licence Required),Yorkshire,My Four Wheels,My Four Wheels,Annual,Annual,0.994
LIKELY_DUPLICATE,same title/location/advertiser + salary + very similar description,26758_35867471-0,26758_37432060-0,Driving Instructor (Driving Licence Required),Yorkshire,My Four Wheels,My Four Wheels,Annual,Annual,0.991
LIKELY_DUPLICATE,same title/location/advertiser + salary + very similar description,26758_35867471-0,26758_37432136-0,Driving Instructor (Driving Licence Required),Yorkshire,My Four Wheels,My Four Wheels,Annual,Annual,0.992
LIKELY_DUPLICATE,same title/location/advertiser + salary + very similar description,26758_35867471-0,26758_37471165-0,Driving Instructor (Driving Licence Required),Yorkshire,My Four Wheels,My Four Wheels,Annual,Annual,0.994
LIKELY_DUPLICATE,same title/location/advertiser + salary + very similar description,26758_35867471-0,26758_37471203-0,Driving Instructor (Driving Licence Required),Yorkshire,My Four Wheels,My Four Wheels,Annual,Annual,0.991
LIKELY_DUPLICATE,same title/location/advertiser + salary + very similar description,26758_35867471-0,26758_37471230-0,Driving Instructor (Driving Licence Required),Yorkshire,My Four Wheels,My Four Wheels,Annual,Annual,0.992
LIKELY_DUPLICATE,same title/location/advertiser + salary + very similar description,26758_35867514-0,26758_35867443-0,Driving Instructor (Driving Licence Required),Yorkshire,My Four Wheels,My Four Wheels,Annual,Annual,0.992
LIKELY_DUPLICATE,same title/location/advertiser + salary + very similar description,26758_35867514-0,26758_35867471-0,Driving Instructor (Driving Licence Required),Yorkshire,My Four Wheels,My Four Wheels,Annual,Annual,0.991
LIKELY_DUPLICATE,same title/location/advertiser + salary + very similar description,26758_35867514-0,26758_35867528-0,Driving Instructor (Driving Licence Required),Yorkshire,My Four Wheels,My Four Wheels,Annual,Annual,0.991
LIKELY_DUPLICATE,same title/location/advertiser + salary + very similar description,26758_35867514-0,26758_35867568-0,Driving Instructor (Driving Licence Required),Yorkshire,My Four Wheels,My Four Wheels,Annual,Annual,0.991
LIKELY_DUPLICATE,same title/location/advertiser + salary + very similar description,26758_35867514-0,26758_37431929-0,Driving Instructor (Driving Licence Required),Yorkshire,My Four Wheels,My Four Wheels,Annual,Annual,0.991
LIKELY_DUPLICATE,same title/location/advertiser + salary + very similar description,26758_35867514-0,26758_37431935-0,Driving Instructor (Driving Licence Required),Yorkshire,My Four Wheels,My Four Wheels,Annual,Annual,0.992
LIKELY_DUPLICATE,same title/location/advertiser + salary + very similar description,26758_35867514-0,26758_37432029-0,Driving Instructor (Driving Licence Required),Yorkshire,My Four Wheels,My Four Wheels,Annual,Annual,0.990
LIKELY_DUPLICATE,same title/location/advertiser + salary + very similar description,26758_35867514-0,26758_37432045-0,Driving Instructor (Driving Licence Required),Yorkshire,My Four Wheels,My Four Wheels,Annual,Annual,0.991
LIKELY_DUPLICATE,same title/location/advertiser + salary + very similar description,26758_35867514-0,26758_37432049-0,Driving Instructor (Driving Licence Required),Yorkshire,My Four Wheels,My Four Wheels,Annual,Annual,0.992
LIKELY_DUPLICATE,same title/location/advertiser + salary + very similar description,26758_35867514-0,26758_37432060-0,Driving Instructor (Driving Licence Required),Yorkshire,My Four Wheels,My Four Wheels,Annual,Annual,0.991
LIKELY_DUPLICATE,same title/location/advertiser + salary + very similar description,26758_35867514-0,26758_37432091-0,Driving Instructor (Driving Licence Required),Yorkshire,My Four Wheels,My Four Wheels,Annual,Annual,0.992
LIKELY_DUPLICATE,same title/location/advertiser + salary + very similar description,26758_35867514-0,26758_37432118-0,Driving Instructor (Driving Licence Required),Yorkshire,My Four Wheels,My Four Wheels,Annual,Annual,0.991
LIKELY_DUPLICATE,same title/location/advertiser + salary + very similar description,26758_35867514-0,26758_37432136-0,Driving Instructor (Driving Licence Required),Yorkshire,My Four Wheels,My Four Wheels,Annual,Annual,0.991
LIKELY_DUPLICATE,same title/location/advertiser + salary + very similar description,26758_35867514-0,26758_37471165-0,Driving Instructor (Driving Licence Required),Yorkshire,My Four Wheels,My Four Wheels,Annual,Annual,0.992
LIKELY_DUPLICATE,same title/location/advertiser + salary + very similar description,26758_35867514-0,26758_37471203-0,Driving Instructor (Driving Licence Required),Yorkshire,My Four Wheels,My Four Wheels,Annual,Annual,0.992
LIKELY_DUPLICATE,same title/location/advertiser + salary + very similar description,26758_35867514-0,26758_37471230-0,Driving Instructor (Driving Licence Required),Yorkshire,My Four Wheels,My Four Wheels,Annual,Annual,0.991
LIKELY_DUPLICATE,same title/location/advertiser + salary + very similar description,26758_35867528-0,26758_35867443-0,Driving Instructor (Driving Licence Required),Yorkshire,My Four Wheels,My Four Wheels,Annual,Annual,0.991
LIKELY_DUPLICATE,same title/location/advertiser + salary + very similar description,26758_35867528-0,26758_35867471-0,Driving Instructor (Driving Licence Required),Yorkshire,My Four Wheels,My Four Wheels,Annual,Annual,0.992
LIKELY_DUPLICATE,same title/location/advertiser + salary + very similar description,26758_35867528-0,26758_35867568-0,Driving Instructor (Driving Licence Required),Yorkshire,My Four Wheels,My Four Wheels,Annual,Annual,0.995
LIKELY_DUPLICATE,same title/location/advertiser + salary + very similar description,26758_35867528-0,26758_37431929-0,Driving Instructor (Driving Licence Required),Yorkshire,My Four Wheels,My Four Wheels,Annual,Annual,0.991
LIKELY_DUPLICATE,same title/location/advertiser + salary + very similar description,26758_35867528-0,26758_37431935-0,Driving Instructor (Driving Licence Required),Yorkshire,My Four Wheels,My Four Wheels,Annual,Annual,0.991
LIKELY_DUPLICATE,same title/location/advertiser + salary + very similar description,26758_35867528-0,26758_37432029-0,Driving Instructor (Driving Licence Required),Yorkshire,My Four Wheels,My Four Wheels,Annual,Annual,0.990
LIKELY_DUPLICATE,same title/location/advertiser + salary + very similar description,26758_35867528-0,26758_37432045-0,Driving Instructor (Driving Licence Required),Yorkshire,My Four Wheels,My Four Wheels,Annual,Annual,0.991
LIKELY_DUPLICATE,same title/location/advertiser + salary + very similar description,26758_35867528-0,26758_37432049-0,Driving Instructor (Driving Licence Required),Yorkshire,My Four Wheels,My Four Wheels,Annual,Annual,0.991
LIKELY_DUPLICATE,same title/location/advertiser + salary + very similar description,26758_35867528-0,26758_37432060-0,Driving Instructor (Driving Licence Required),Yorkshire,My Four Wheels,My Four Wheels,Annual,Annual,0.991
LIKELY_DUPLICATE,same title/location/advertiser + salary + very similar description,26758_35867528-0,26758_37432118-0,Driving Instructor (Driving Licence Required),Yorkshire,My Four Wheels,My Four Wheels,Annual,Annual,0.991
LIKELY_DUPLICATE,same title/location/advertiser + salary + very similar description,26758_35867528-0,26758_37432136-0,Driving Instructor (Driving Licence Required),Yorkshire,My Four Wheels,My Four Wheels,Annual,Annual,0.991
LIKELY_DUPLICATE,same title/location/advertiser + salary + very similar description,26758_35867528-0,26758_37471165-0,Driving Instructor (Driving Licence Required),Yorkshire,My Four Wheels,My Four Wheels,Annual,Annual,0.991
LIKELY_DUPLICATE,same title/location/advertiser + salary + very similar description,26758_35867528-0,26758_37471203-0,Driving Instructor (Driving Licence Required),Yorkshire,My Four Wheels,My Four Wheels,Annual,Annual,0.991
LIKELY_DUPLICATE,same title/location/advertiser + salary + very similar description,26758_35867528-0,26758_37471230-0,Driving Instructor (Driving Licence Required),Yorkshire,My Four Wheels,My Four Wheels,Annual,Annual,0.991
LIKELY_DUPLICATE,same title/location/advertiser + salary + very similar description,26758_35867568-0,26758_35867443-0,Driving Instructor (Driving Licence Required),Yorkshire,My Four Wheels,My Four Wheels,Annual,Annual,0.991
LIKELY_DUPLICATE,same title/location/advertiser + salary + very similar description,26758_35867568-0,26758_37431929-0,Driving Instructor (Driving Licence Required),Yorkshire,My Four Wheels,My Four Wheels,Annual,Annual,0.991
LIKELY_DUPLICATE,same title/location/advertiser + salary + very similar description,26758_35867568-0,26758_37431935-0,Driving Instructor (Driving Licence Required),Yorkshire,My Four Wheels,My Four Wheels,Annual,Annual,0.990
LIKELY_DUPLICATE,same title/location/advertiser + salary + very similar description,26758_35867568-0,26758_37432029-0,Driving Instructor (Driving Licence Required),Yorkshire,My Four Wheels,My Four Wheels,Annual,Annual,0.990
LIKELY_DUPLICATE,same title/location/advertiser + salary + very similar description,26758_35867568-0,26758_37432045-0,Driving Instructor (Driving Licence Required),Yorkshire,My Four Wheels,My Four Wheels,Annual,Annual,0.991
LIKELY_DUPLICATE,same title/location/advertiser + salary + very similar description,26758_35867568-0,26758_37432049-0,Driving Instructor (Driving Licence Required),Yorkshire,My Four Wheels,My Four Wheels,Annual,Annual,0.991
LIKELY_DUPLICATE,same title/location/advertiser + salary + very similar description,26758_35867568-0,26758_37432060-0,Driving Instructor (Driving Licence Required),Yorkshire,My Four Wheels,My Four Wheels,Annual,Annual,0.990
LIKELY_DUPLICATE,same title/location/advertiser + salary + very similar description,26758_35867568-0,26758_37432136-0,Driving Instructor (Driving Licence Required),Yorkshire,My Four Wheels,My Four Wheels,Annual,Annual,0.991
LIKELY_DUPLICATE,same title/location/advertiser + salary + very similar description,26758_35867568-0,26758_37471165-0,Driving Instructor (Driving Licence Required),Yorkshire,My Four Wheels,My Four Wheels,Annual,Annual,0.990
LIKELY_DUPLICATE,same title/location/advertiser + salary + very similar description,26758_35867568-0,26758_37471203-0,Driving Instructor (Driving Licence Required),Yorkshire,My Four Wheels,My Four Wheels,Annual,Annual,0.990
LIKELY_DUPLICATE,same title/location/advertiser + salary + very similar description,26758_35867568-0,26758_37471230-0,Driving Instructor (Driving Licence Required),Yorkshire,My Four Wheels,My Four Wheels,Annual,Annual,0.991
LIKELY_DUPLICATE,same title/location/advertiser + salary + very similar description,26758_35867578-0,26758_35867443-0,Driving Instructor (Driving Licence Required),Yorkshire,My Four Wheels,My Four Wheels,Annual,Annual,0.992
LIKELY_DUPLICATE,same title/location/advertiser + salary + very similar description,26758_35867578-0,26758_35867471-0,Driving Instructor (Driving Licence Required),Yorkshire,My Four Wheels,My Four Wheels,Annual,Annual,0.991
LIKELY_DUPLICATE,same title/location/advertiser + salary + very similar description,26758_35867578-0,26758_35867514-0,Driving Instructor (Driving Licence Required),Yorkshire,My Four Wheels,My Four Wheels,Annual,Annual,0.992
LIKELY_DUPLICATE,same title/location/advertiser + salary + very similar description,26758_35867578-0,26758_35867528-0,Driving Instructor (Driving Licence Required),Yorkshire,My Four Wheels,My Four Wheels,Annual,Annual,0.991
LIKELY_DUPLICATE,same title/location/advertiser + salary + very similar description,26758_35867578-0,26758_35867568-0,Driving Instructor (Driving Licence Required),Yorkshire,My Four Wheels,My Four Wheels,Annual,Annual,0.991
LIKELY_DUPLICATE,same title/location/advertiser + salary + very similar description,26758_35867578-0,26758_37431929-0,Driving Instructor (Driving Licence Required),Yorkshire,My Four Wheels,My Four Wheels,Annual,Annual,0.991
LIKELY_DUPLICATE,same title/location/advertiser + salary + very similar description,26758_35867578-0,26758_37431935-0,Driving Instructor (Driving Licence Required),Yorkshire,My Four Wheels,My Four Wheels,Annual,Annual,0.991
LIKELY_DUPLICATE,same title/location/advertiser + salary + very similar description,26758_35867578-0,26758_37431936-0,Driving Instructor (Driving Licence Required),Yorkshire,My Four Wheels,My Four Wheels,Annual,Annual,0.991
LIKELY_DUPLICATE,same title/location/advertiser + salary + very similar description,26758_35867578-0,26758_37431974-0,Driving Instructor (Driving Licence Required),Yorkshire,My Four Wheels,My Four Wheels,Annual,Annual,0.991
LIKELY_DUPLICATE,same title/location/advertiser + salary + very similar description,26758_35867578-0,26758_37432008-0,Driving Instructor (Driving Licence Required),Yorkshire,My Four Wheels,My Four Wheels,Annual,Annual,0.991
LIKELY_DUPLICATE,same title/location/advertiser + salary + very similar description,26758_35867578-0,26758_37432029-0,Driving Instructor (Driving Licence Required),Yorkshire,My Four Wheels,My Four Wheels,Annual,Annual,0.990
LIKELY_DUPLICATE,same title/location/advertiser + salary + very similar description,26758_35867578-0,26758_37432045-0,Driving Instructor (Driving Licence Required),Yorkshire,My Four Wheels,My Four Wheels,Annual,Annual,0.990
LIKELY_DUPLICATE,same title/location/advertiser + salary + very similar description,26758_35867578-0,26758_37432049-0,Driving Instructor (Driving Licence Required),Yorkshire,My Four Wheels,My Four Wheels,Annual,Annual,0.991
LIKELY_DUPLICATE,same title/location/advertiser + salary + very similar description,26758_35867578-0,26758_37432060-0,Driving Instructor (Driving Licence Required),Yorkshire,My Four Wheels,My Four Wheels,Annual,Annual,0.991
LIKELY_DUPLICATE,same title/location/advertiser + salary + very similar description,26758_35867578-0,26758_37432091-0,Driving Instructor (Driving Licence Required),Yorkshire,My Four Wheels,My Four Wheels,Annual,Annual,0.992
LIKELY_DUPLICATE,same title/location/advertiser + salary + very similar description,26758_35867578-0,26758_37432096-0,Driving Instructor (Driving Licence Required),Yorkshire,My Four Wheels,My Four Wheels,Annual,Annual,0.991
LIKELY_DUPLICATE,same title/location/advertiser + salary + very similar description,26758_35867578-0,26758_37432118-0,Driving Instructor (Driving Licence Required),Yorkshire,My Four Wheels,My Four Wheels,Annual,Annual,0.991
LIKELY_DUPLICATE,same title/location/advertiser + salary + very similar description,26758_35867578-0,26758_37432136-0,Driving Instructor (Driving Licence Required),Yorkshire,My Four Wheels,My Four Wheels,Annual,Annual,0.990
LIKELY_DUPLICATE,same title/location/advertiser + salary + very similar description,26758_35867578-0,26758_37471165-0,Driving Instructor (Driving Licence Required),Yorkshire,My Four Wheels,My Four Wheels,Annual,Annual,0.992
LIKELY_DUPLICATE,same title/location/advertiser + salary + very similar description,26758_35867578-0,26758_37471174-0,Driving Instructor (Driving Licence Required),Yorkshire,My Four Wheels,My Four Wheels,Annual,Annual,0.990
LIKELY_DUPLICATE,same title/location/advertiser + salary + very similar description,26758_35867578-0,26758_37471196-0,Driving Instructor (Driving Licence Required),Yorkshire,My Four Wheels,My Four Wheels,Annual,Annual,0.991
LIKELY_DUPLICATE,same title/location/advertiser + salary + very similar description,26758_35867578-0,26758_37471203-0,Driving Instructor (Driving Licence Required),Yorkshire,My Four Wheels,My Four Wheels,Annual,Annual,0.994
LIKELY_DUPLICATE,same title/location/advertiser + salary + very similar description,26758_35867578-0,26758_37471219-0,Driving Instructor (Driving Licence Required),Yorkshire,My Four Wheels,My Four Wheels,Annual,Annual,0.991
LIKELY_DUPLICATE,same title/location/advertiser + salary + very similar description,26758_35867578-0,26758_37471230-0,Driving Instructor (Driving Licence Required),Yorkshire,My Four Wheels,My Four Wheels,Annual,Annual,0.990
LIKELY_DUPLICATE,same title/location/advertiser + salary + very similar description,26758_35867578-0,26758_37471237-0,Driving Instructor (Driving Licence Required),Yorkshire,My Four Wheels,My Four Wheels,Annual,Annual,0.991
LIKELY_DUPLICATE,same title/location/advertiser + salary + very similar description,26758_37431923-0,26758_35867443-0,Driving Instructor (Driving Licence Required),Yorkshire,My Four Wheels,My Four Wheels,Annual,Annual,0.991
LIKELY_DUPLICATE,same title/location/advertiser + salary + very similar description,26758_37431923-0,26758_35867471-0,Driving Instructor (Driving Licence Required),Yorkshire,My Four Wheels,My Four Wheels,Annual,Annual,0.991
LIKELY_DUPLICATE,same title/location/advertiser + salary + very similar description,26758_37431923-0,26758_35867514-0,Driving Instructor (Driving Licence Required),Yorkshire,My Four Wheels,My Four Wheels,Annual,Annual,0.993
LIKELY_DUPLICATE,same title/location/advertiser + salary + very similar description,26758_37431923-0,26758_35867528-0,Driving Instructor (Driving Licence Required),Yorkshire,My Four Wheels,My Four Wheels,Annual,Annual,0.991
LIKELY_DUPLICATE,same title/location/advertiser + salary + very similar description,26758_37431923-0,26758_35867568-0,Driving Instructor (Driving Licence Required),Yorkshire,My Four Wheels,My Four Wheels,Annual,Annual,0.990
LIKELY_DUPLICATE,same title/location/advertiser + salary + very similar description,26758_37431923-0,26758_35867578-0,Driving Instructor (Driving Licence Required),Yorkshire,My Four Wheels,My Four Wheels,Annual,Annual,0.992
LIKELY_DUPLICATE,same title/location/advertiser + salary + very similar description,26758_37431923-0,26758_37431929-0,Driving Instructor (Driving Licence Required),Yorkshire,My Four Wheels,My Four Wheels,Annual,Annual,0.991
LIKELY_DUPLICATE,same title/location/advertiser + salary + very similar description,26758_37431923-0,26758_37431935-0,Driving Instructor (Driving Licence Required),Yorkshire,My Four Wheels,My Four Wheels,Annual,Annual,0.991
LIKELY_DUPLICATE,same title/location/advertiser + salary + very similar description,26758_37431923-0,26758_37431936-0,Driving Instructor (Driving Licence Required),Yorkshire,My Four Wheels,My Four Wheels,Annual,Annual,0.992
LIKELY_DUPLICATE,same title/location/advertiser + salary + very similar description,26758_37431923-0,26758_37431974-0,Driving Instructor (Driving Licence Required),Yorkshire,My Four Wheels,My Four Wheels,Annual,Annual,0.991
LIKELY_DUPLICATE,same title/location/advertiser + salary + very similar description,26758_37431923-0,26758_37432008-0,Driving Instructor (Driving Licence Required),Yorkshire,My Four Wheels,My Four Wheels,Annual,Annual,0.991
LIKELY_DUPLICATE,same title/location/advertiser + salary + very similar description,26758_37431923-0,26758_37432029-0,Driving Instructor (Driving Licence Required),Yorkshire,My Four Wheels,My Four Wheels,Annual,Annual,0.990
LIKELY_DUPLICATE,same title/location/advertiser + salary + very similar description,26758_37431923-0,26758_37432045-0,Driving Instructor (Driving Licence Required),Yorkshire,My Four Wheels,My Four Wheels,Annual,Annual,0.991
LIKELY_DUPLICATE,same title/location/advertiser + salary + very similar description,26758_37431923-0,26758_37432049-0,Driving Instructor (Driving Licence Required),Yorkshire,My Four Wheels,My Four Wheels,Annual,Annual,0.991
LIKELY_DUPLICATE,same title/location/advertiser + salary + very similar description,26758_37431923-0,26758_37432060-0,Driving Instructor (Driving Licence Required),Yorkshire,My Four Wheels,My Four Wheels,Annual,Annual,0.992
LIKELY_DUPLICATE,same title/location/advertiser + salary + very similar description,26758_37431923-0,26758_37432091-0,Driving Instructor (Driving Licence Required),Yorkshire,My Four Wheels,My Four Wheels,Annual,Annual,0.991
LIKELY_DUPLICATE,same title/location/advertiser + salary + very similar description,26758_37431923-0,26758_37432096-0,Driving Instructor (Driving Licence Required),Yorkshire,My Four Wheels,My Four Wheels,Annual,Annual,0.992
LIKELY_DUPLICATE,same title/location/advertiser + salary + very similar description,26758_37431923-0,26758_37432118-0,Driving Instructor (Driving Licence Required),Yorkshire,My Four Wheels,My Four Wheels,Annual,Annual,0.991
LIKELY_DUPLICATE,same title/location/advertiser + salary + very similar description,26758_37431923-0,26758_37432136-0,Driving Instructor (Driving Licence Required),Yorkshire,My Four Wheels,My Four Wheels,Annual,Annual,0.991
LIKELY_DUPLICATE,same title/location/advertiser + salary + very similar description,26758_37431923-0,26758_37471165-0,Driving Instructor (Driving Licence Required),Yorkshire,My Four Wheels,My Four Wheels,Annual,Annual,0.991
LIKELY_DUPLICATE,same title/location/advertiser + salary + very similar description,26758_37431923-0,26758_37471174-0,Driving Instructor (Driving Licence Required),Yorkshire,My Four Wheels,My Four Wheels,Annual,Annual,0.992
LIKELY_DUPLICATE,same title/location/advertiser + salary + very similar description,26758_37431923-0,26758_37471196-0,Driving Instructor (Driving Licence Required),Yorkshire,My Four Wheels,My Four Wheels,Annual,Annual,0.991
LIKELY_DUPLICATE,same title/location/advertiser + salary + very similar description,26758_37431923-0,26758_37471203-0,Driving Instructor (Driving Licence Required),Yorkshire,My Four Wheels,My Four Wheels,Annual,Annual,0.993
LIKELY_DUPLICATE,same title/location/advertiser + salary + very similar description,26758_37431923-0,26758_37471219-0,Driving Instructor (Driving Licence Required),Yorkshire,My Four Wheels,My Four Wheels,Annual,Annual,0.992
LIKELY_DUPLICATE,same title/location/advertiser + salary + very similar description,26758_37431923-0,26758_37471230-0,Driving Instructor (Driving Licence Required),Yorkshire,My Four Wheels,My Four Wheels,Annual,Annual,0.992
LIKELY_DUPLICATE,same title/location/advertiser + salary + very similar description,26758_37431923-0,26758_37471237-0,Driving Instructor (Driving Licence Required),Yorkshire,My Four Wheels,My Four Wheels,Annual,Annual,0.992
LIKELY_DUPLICATE,same title/location/advertiser + salary + very similar description,26758_37431929-0,26758_37471203-0,Driving Instructor (Driving Licence Required),Yorkshire,My Four Wheels,My Four Wheels,Annual,Annual,0.992
LIKELY_DUPLICATE,same title/location/advertiser + salary + very similar description,26758_37431935-0,26758_37431929-0,Driving Instructor (Driving Licence Required),Yorkshire,My Four Wheels,My Four Wheels,Annual,Annual,0.991
LIKELY_DUPLICATE,same title/location/advertiser + salary + very similar description,26758_37431935-0,26758_37432029-0,Driving Instructor (Driving Licence Required),Yorkshire,My Four Wheels,My Four Wheels,Annual,Annual,0.990
LIKELY_DUPLICATE,same title/location/advertiser + salary + very similar description,26758_37431935-0,26758_37471165-0,Driving Instructor (Driving Licence Required),Yorkshire,My Four Wheels,My Four Wheels,Annual,Annual,0.991
LIKELY_DUPLICATE,same title/location/advertiser + salary + very similar description,26758_37431935-0,26758_37471203-0,Driving Instructor (Driving Licence Required),Yorkshire,My Four Wheels,My Four Wheels,Annual,Annual,0.991
LIKELY_DUPLICATE,same title/location/advertiser + salary + very similar description,26758_37431935-0,26758_37471230-0,Driving Instructor (Driving Licence Required),Yorkshire,My Four Wheels,My Four Wheels,Annual,Annual,0.992
LIKELY_DUPLICATE,same title/location/advertiser + salary + very similar description,26758_37431936-0,26758_35867443-0,Driving Instructor (Driving Licence Required),Yorkshire,My Four Wheels,My Four Wheels,Annual,Annual,0.991
LIKELY_DUPLICATE,same title/location/advertiser + salary + very similar description,26758_37431936-0,26758_35867471-0,Driving Instructor (Driving Licence Required),Yorkshire,My Four Wheels,My Four Wheels,Annual,Annual,0.991
LIKELY_DUPLICATE,same title/location/advertiser + salary + very similar description,26758_37431936-0,26758_35867514-0,Driving Instructor (Driving Licence Required),Yorkshire,My Four Wheels,My Four Wheels,Annual,Annual,0.991
LIKELY_DUPLICATE,same title/location/advertiser + salary + very similar description,26758_37431936-0,26758_35867528-0,Driving Instructor (Driving Licence Required),Yorkshire,My Four Wheels,My Four Wheels,Annual,Annual,0.991
LIKELY_DUPLICATE,same title/location/advertiser + salary + very similar description,26758_37431936-0,26758_35867568-0,Driving Instructor (Driving Licence Required),Yorkshire,My Four Wheels,My Four Wheels,Annual,Annual,0.990
LIKELY_DUPLICATE,same title/location/advertiser + salary + very similar description,26758_37431936-0,26758_37431929-0,Driving Instructor (Driving Licence Required),Yorkshire,My Four Wheels,My Four Wheels,Annual,Annual,0.991
LIKELY_DUPLICATE,same title/location/advertiser + salary + very similar description,26758_37431936-0,26758_37431935-0,Driving Instructor (Driving Licence Required),Yorkshire,My Four Wheels,My Four Wheels,Annual,Annual,0.991
LIKELY_DUPLICATE,same title/location/advertiser + salary + very similar description,26758_37431936-0,26758_37432008-0,Driving Instructor (Driving Licence Required),Yorkshire,My Four Wheels,My Four Wheels,Annual,Annual,0.991
LIKELY_DUPLICATE,same title/location/advertiser + salary + very similar description,26758_37431936-0,26758_37432029-0,Driving Instructor (Driving Licence Required),Yorkshire,My Four Wheels,My Four Wheels,Annual,Annual,0.990
LIKELY_DUPLICATE,same title/location/advertiser + salary + very similar description,26758_37431936-0,26758_37432045-0,Driving Instructor (Driving Licence Required),Yorkshire,My Four Wheels,My Four Wheels,Annual,Annual,0.991
LIKELY_DUPLICATE,same title/location/advertiser + salary + very similar description,26758_37431936-0,26758_37432049-0,Driving Instructor (Driving Licence Required),Yorkshire,My Four Wheels,My Four Wheels,Annual,Annual,0.991
LIKELY_DUPLICATE,same title/location/advertiser + salary + very similar description,26758_37431936-0,26758_37432060-0,Driving Instructor (Driving Licence Required),Yorkshire,My Four Wheels,My Four Wheels,Annual,Annual,0.991
LIKELY_DUPLICATE,same title/location/advertiser + salary + very similar description,26758_37431936-0,26758_37432091-0,Driving Instructor (Driving Licence Required),Yorkshire,My Four Wheels,My Four Wheels,Annual,Annual,0.991
LIKELY_DUPLICATE,same title/location/advertiser + salary + very similar description,26758_37431936-0,26758_37432096-0,Driving Instructor (Driving Licence Required),Yorkshire,My Four Wheels,My Four Wheels,Annual,Annual,0.991
LIKELY_DUPLICATE,same title/location/advertiser + salary + very similar description,26758_37431936-0,26758_37432118-0,Driving Instructor (Driving Licence Required),Yorkshire,My Four Wheels,My Four Wheels,Annual,Annual,0.991
LIKELY_DUPLICATE,same title/location/advertiser + salary + very similar description,26758_37431936-0,26758_37432136-0,Driving Instructor (Driving Licence Required),Yorkshire,My Four Wheels,My Four Wheels,Annual,Annual,0.991
LIKELY_DUPLICATE,same title/location/advertiser + salary + very similar description,26758_37431936-0,26758_37471165-0,Driving Instructor (Driving Licence Required),Yorkshire,My Four Wheels,My Four Wheels,Annual,Annual,0.992
LIKELY_DUPLICATE,same title/location/advertiser + salary + very similar description,26758_37431936-0,26758_37471196-0,Driving Instructor (Driving Licence Required),Yorkshire,My Four Wheels,My Four Wheels,Annual,Annual,0.990
LIKELY_DUPLICATE,same title/location/advertiser + salary + very similar description,26758_37431936-0,26758_37471203-0,Driving Instructor (Driving Licence Required),Yorkshire,My Four Wheels,My Four Wheels,Annual,Annual,0.991
LIKELY_DUPLICATE,same title/location/advertiser + salary + very similar description,26758_37431936-0,26758_37471230-0,Driving Instructor (Driving Licence Required),Yorkshire,My Four Wheels,My Four Wheels,Annual,Annual,0.991
LIKELY_DUPLICATE,same title/location/advertiser + salary + very similar description,26758_37431974-0,26758_35867443-0,Driving Instructor (Driving Licence Required),Yorkshire,My Four Wheels,My Four Wheels,Annual,Annual,0.991
LIKELY_DUPLICATE,same title/location/advertiser + salary + very similar description,26758_37431974-0,26758_35867471-0,Driving Instructor (Driving Licence Required),Yorkshire,My Four Wheels,My Four Wheels,Annual,Annual,0.991
LIKELY_DUPLICATE,same title/location/advertiser + salary + very similar description,26758_37431974-0,26758_35867514-0,Driving Instructor (Driving Licence Required),Yorkshire,My Four Wheels,My Four Wheels,Annual,Annual,0.991
LIKELY_DUPLICATE,same title/location/advertiser + salary + very similar description,26758_37431974-0,26758_35867528-0,Driving Instructor (Driving Licence Required),Yorkshire,My Four Wheels,My Four Wheels,Annual,Annual,0.995
LIKELY_DUPLICATE,same title/location/advertiser + salary + very similar description,26758_37431974-0,26758_35867568-0,Driving Instructor (Driving Licence Required),Yorkshire,My Four Wheels,My Four Wheels,Annual,Annual,0.994
LIKELY_DUPLICATE,same title/location/advertiser + salary + very similar description,26758_37431974-0,26758_37431929-0,Driving Instructor (Driving Licence Required),Yorkshire,My Four Wheels,My Four Wheels,Annual,Annual,0.991
LIKELY_DUPLICATE,same title/location/advertiser + salary + very similar description,26758_37431974-0,26758_37431935-0,Driving Instructor (Driving Licence Required),Yorkshire,My Four Wheels,My Four Wheels,Annual,Annual,0.991
LIKELY_DUPLICATE,same title/location/advertiser + salary + very similar description,26758_37431974-0,26758_37431936-0,Driving Instructor (Driving Licence Required),Yorkshire,My Four Wheels,My Four Wheels,Annual,Annual,0.991
LIKELY_DUPLICATE,same title/location/advertiser + salary + very similar description,26758_37431974-0,26758_37432008-0,Driving Instructor (Driving Licence Required),Yorkshire,My Four Wheels,My Four Wheels,Annual,Annual,0.992
LIKELY_DUPLICATE,same title/location/advertiser + salary + very similar description,26758_37431974-0,26758_37432029-0,Driving Instructor (Driving Licence Required),Yorkshire,My Four Wheels,My Four Wheels,Annual,Annual,0.990
LIKELY_DUPLICATE,same title/location/advertiser + salary + very similar description,26758_37431974-0,26758_37432045-0,Driving Instructor (Driving Licence Required),Yorkshire,My Four Wheels,My Four Wheels,Annual,Annual,0.992
LIKELY_DUPLICATE,same title/location/advertiser + salary + very similar description,26758_37431974-0,26758_37432049-0,Driving Instructor (Driving Licence Required),Yorkshire,My Four Wheels,My Four Wheels,Annual,Annual,0.991
LIKELY_DUPLICATE,same title/location/advertiser + salary + very similar description,26758_37431974-0,26758_37432060-0,Driving Instructor (Driving Licence Required),Yorkshire,My Four Wheels,My Four Wheels,Annual,Annual,0.991
LIKELY_DUPLICATE,same title/location/advertiser + salary + very similar description,26758_37431974-0,26758_37432091-0,Driving Instructor (Driving Licence Required),Yorkshire,My Four Wheels,My Four Wheels,Annual,Annual,0.991
LIKELY_DUPLICATE,same title/location/advertiser + salary + very similar description,26758_37431974-0,26758_37432096-0,Driving Instructor (Driving Licence Required),Yorkshire,My Four Wheels,My Four Wheels,Annual,Annual,0.991
LIKELY_DUPLICATE,same title/location/advertiser + salary + very similar description,26758_37431974-0,26758_37432118-0,Driving Instructor (Driving Licence Required),Yorkshire,My Four Wheels,My Four Wheels,Annual,Annual,0.991
LIKELY_DUPLICATE,same title/location/advertiser + salary + very similar description,26758_37431974-0,26758_37432136-0,Driving Instructor (Driving Licence Required),Yorkshire,My Four Wheels,My Four Wheels,Annual,Annual,0.991
LIKELY_DUPLICATE,same title/location/advertiser + salary + very similar description,26758_37431974-0,26758_37471165-0,Driving Instructor (Driving Licence Required),Yorkshire,My Four Wheels,My Four Wheels,Annual,Annual,0.990
LIKELY_DUPLICATE,same title/location/advertiser + salary + very similar description,26758_37431974-0,26758_37471174-0,Driving Instructor (Driving Licence Required),Yorkshire,My Four Wheels,My Four Wheels,Annual,Annual,0.991
LIKELY_DUPLICATE,same title/location/advertiser + salary + very similar description,26758_37431974-0,26758_37471196-0,Driving Instructor (Driving Licence Required),Yorkshire,My Four Wheels,My Four Wheels,Annual,Annual,0.990
LIKELY_DUPLICATE,same title/location/advertiser + salary + very similar description,26758_37431974-0,26758_37471203-0,Driving Instructor (Driving Licence Required),Yorkshire,My Four Wheels,My Four Wheels,Annual,Annual,0.991
LIKELY_DUPLICATE,same title/location/advertiser + salary + very similar description,26758_37431974-0,26758_37471219-0,Driving Instructor (Driving Licence Required),Yorkshire,My Four Wheels,My Four Wheels,Annual,Annual,0.991
LIKELY_DUPLICATE,same title/location/advertiser + salary + very similar description,26758_37431974-0,26758_37471230-0,Driving Instructor (Driving Licence Required),Yorkshire,My Four Wheels,My Four Wheels,Annual,Annual,0.991
LIKELY_DUPLICATE,same title/location/advertiser + salary + very similar description,26758_37432008-0,26758_35867443-0,Driving Instructor (Driving Licence Required),Yorkshire,My Four Wheels,My Four Wheels,Annual,Annual,0.991
LIKELY_DUPLICATE,same title/location/advertiser + salary + very similar description,26758_37432008-0,26758_35867471-0,Driving Instructor (Driving Licence Required),Yorkshire,My Four Wheels,My Four Wheels,Annual,Annual,0.991
LIKELY_DUPLICATE,same title/location/advertiser + salary + very similar description,26758_37432008-0,26758_35867514-0,Driving Instructor (Driving Licence Required),Yorkshire,My Four Wheels,My Four Wheels,Annual,Annual,0.991
LIKELY_DUPLICATE,same title/location/advertiser + salary + very similar description,26758_37432008-0,26758_35867528-0,Driving Instructor (Driving Licence Required),Yorkshire,My Four Wheels,My Four Wheels,Annual,Annual,0.991
LIKELY_DUPLICATE,same title/location/advertiser + salary + very similar description,26758_37432008-0,26758_35867568-0,Driving Instructor (Driving Licence Required),Yorkshire,My Four Wheels,My Four Wheels,Annual,Annual,0.991
LIKELY_DUPLICATE,same title/location/advertiser + salary + very similar description,26758_37432008-0,26758_37431929-0,Driving Instructor (Driving Licence Required),Yorkshire,My Four Wheels,My Four Wheels,Annual,Annual,0.991
LIKELY_DUPLICATE,same title/location/advertiser + salary + very similar description,26758_37432008-0,26758_37431935-0,Driving Instructor (Driving Licence Required),Yorkshire,My Four Wheels,My Four Wheels,Annual,Annual,0.992
LIKELY_DUPLICATE,same title/location/advertiser + salary + very similar description,26758_37432008-0,26758_37432029-0,Driving Instructor (Driving Licence Required),Yorkshire,My Four Wheels,My Four Wheels,Annual,Annual,0.989
LIKELY_DUPLICATE,same title/location/advertiser + salary + very similar description,26758_37432008-0,26758_37432045-0,Driving Instructor (Driving Licence Required),Yorkshire,My Four Wheels,My Four Wheels,Annual,Annual,0.990
LIKELY_DUPLICATE,same title/location/advertiser + salary + very similar description,26758_37432008-0,26758_37432049-0,Driving Instructor (Driving Licence Required),Yorkshire,My Four Wheels,My Four Wheels,Annual,Annual,0.991
LIKELY_DUPLICATE,same title/location/advertiser + salary + very similar description,26758_37432008-0,26758_37432060-0,Driving Instructor (Driving Licence Required),Yorkshire,My Four Wheels,My Four Wheels,Annual,Annual,0.991
LIKELY_DUPLICATE,same title/location/advertiser + salary + very similar description,26758_37432008-0,26758_37432091-0,Driving Instructor (Driving Licence Required),Yorkshire,My Four Wheels,My Four Wheels,Annual,Annual,0.991
LIKELY_DUPLICATE,same title/location/advertiser + salary + very similar description,26758_37432008-0,26758_37432118-0,Driving Instructor (Driving Licence Required),Yorkshire,My Four Wheels,My Four Wheels,Annual,Annual,0.992
LIKELY_DUPLICATE,same title/location/advertiser + salary + very similar description,26758_37432008-0,26758_37432136-0,Driving Instructor (Driving Licence Required),Yorkshire,My Four Wheels,My Four Wheels,Annual,Annual,0.991
LIKELY_DUPLICATE,same title/location/advertiser + salary + very similar description,26758_37432008-0,26758_37471165-0,Driving Instructor (Driving Licence Required),Yorkshire,My Four Wheels,My Four Wheels,Annual,Annual,0.991
LIKELY_DUPLICATE,same title/location/advertiser + salary + very similar description,26758_37432008-0,26758_37471203-0,Driving Instructor (Driving Licence Required),Yorkshire,My Four Wheels,My Four Wheels,Annual,Annual,0.991
LIKELY_DUPLICATE,same title/location/advertiser + salary + very similar description,26758_37432008-0,26758_37471230-0,Driving Instructor (Driving Licence Required),Yorkshire,My Four Wheels,My Four Wheels,Annual,Annual,0.991
LIKELY_DUPLICATE,same title/location/advertiser + salary + very similar description,26758_37432029-0,26758_37431929-0,Driving Instructor (Driving Licence Required),Yorkshire,My Four Wheels,My Four Wheels,Annual,Annual,0.990
LIKELY_DUPLICATE,same title/location/advertiser + salary + very similar description,26758_37432029-0,26758_37471165-0,Driving Instructor (Driving Licence Required),Yorkshire,My Four Wheels,My Four Wheels,Annual,Annual,0.990
LIKELY_DUPLICATE,same title/location/advertiser + salary + very similar description,26758_37432029-0,26758_37471203-0,Driving Instructor (Driving Licence Required),Yorkshire,My Four Wheels,My Four Wheels,Annual,Annual,0.990
LIKELY_DUPLICATE,same title/location/advertiser + salary + very similar description,26758_37432029-0,26758_37471230-0,Driving Instructor (Driving Licence Required),Yorkshire,My Four Wheels,My Four Wheels,Annual,Annual,0.990
LIKELY_DUPLICATE,same title/location/advertiser + salary + very similar description,26758_37432045-0,26758_37431929-0,Driving Instructor (Driving Licence Required),Yorkshire,My Four Wheels,My Four Wheels,Annual,Annual,0.991
LIKELY_DUPLICATE,same title/location/advertiser + salary + very similar description,26758_37432045-0,26758_37431935-0,Driving Instructor (Driving Licence Required),Yorkshire,My Four Wheels,My Four Wheels,Annual,Annual,0.991
LIKELY_DUPLICATE,same title/location/advertiser + salary + very similar description,26758_37432045-0,26758_37432029-0,Driving Instructor (Driving Licence Required),Yorkshire,My Four Wheels,My Four Wheels,Annual,Annual,0.993
LIKELY_DUPLICATE,same title/location/advertiser + salary + very similar description,26758_37432045-0,26758_37432049-0,Driving Instructor (Driving Licence Required),Yorkshire,My Four Wheels,My Four Wheels,Annual,Annual,0.991
LIKELY_DUPLICATE,same title/location/advertiser + salary + very similar description,26758_37432045-0,26758_37432060-0,Driving Instructor (Driving Licence Required),Yorkshire,My Four Wheels,My Four Wheels,Annual,Annual,0.991
LIKELY_DUPLICATE,same title/location/advertiser + salary + very similar description,26758_37432045-0,26758_37432136-0,Driving Instructor (Driving Licence Required),Yorkshire,My Four Wheels,My Four Wheels,Annual,Annual,0.990
LIKELY_DUPLICATE,same title/location/advertiser + salary + very similar description,26758_37432045-0,26758_37471165-0,Driving Instructor (Driving Licence Required),Yorkshire,My Four Wheels,My Four Wheels,Annual,Annual,0.991
LIKELY_DUPLICATE,same title/location/advertiser + salary + very similar description,26758_37432045-0,26758_37471203-0,Driving Instructor (Driving Licence Required),Yorkshire,My Four Wheels,My Four Wheels,Annual,Annual,0.991
LIKELY_DUPLICATE,same title/location/advertiser + salary + very similar description,26758_37432045-0,26758_37471230-0,Driving Instructor (Driving Licence Required),Yorkshire,My Four Wheels,My Four Wheels,Annual,Annual,0.991
LIKELY_DUPLICATE,same title/location/advertiser + salary + very similar description,26758_37432049-0,26758_37431929-0,Driving Instructor (Driving Licence Required),Yorkshire,My Four Wheels,My Four Wheels,Annual,Annual,0.991
LIKELY_DUPLICATE,same title/location/advertiser + salary + very similar description,26758_37432049-0,26758_37431935-0,Driving Instructor (Driving Licence Required),Yorkshire,My Four Wheels,My Four Wheels,Annual,Annual,0.991
LIKELY_DUPLICATE,same title/location/advertiser + salary + very similar description,26758_37432049-0,26758_37432029-0,Driving Instructor (Driving Licence Required),Yorkshire,My Four Wheels,My Four Wheels,Annual,Annual,0.992
LIKELY_DUPLICATE,same title/location/advertiser + salary + very similar description,26758_37432049-0,26758_37471165-0,Driving Instructor (Driving Licence Required),Yorkshire,My Four Wheels,My Four Wheels,Annual,Annual,0.993
LIKELY_DUPLICATE,same title/location/advertiser + salary + very similar description,26758_37432049-0,26758_37471203-0,Driving Instructor (Driving Licence Required),Yorkshire,My Four Wheels,My Four Wheels,Annual,Annual,0.991
LIKELY_DUPLICATE,same title/location/advertiser + salary + very similar description,26758_37432049-0,26758_37471230-0,Driving Instructor (Driving Licence Required),Yorkshire,My Four Wheels,My Four Wheels,Annual,Annual,0.991
LIKELY_DUPLICATE,same title/location/advertiser + salary + very similar description,26758_37432060-0,26758_37431929-0,Driving Instructor (Driving Licence Required),Yorkshire,My Four Wheels,My Four Wheels,Annual,Annual,0.991
LIKELY_DUPLICATE,same title/location/advertiser + salary + very similar description,26758_37432060-0,26758_37431935-0,Driving Instructor (Driving Licence Required),Yorkshire,My Four Wheels,My Four Wheels,Annual,Annual,0.991
LIKELY_DUPLICATE,same title/location/advertiser + salary + very similar description,26758_37432060-0,26758_37432029-0,Driving Instructor (Driving Licence Required),Yorkshire,My Four Wheels,My Four Wheels,Annual,Annual,0.989
LIKELY_DUPLICATE,same title/location/advertiser + salary + very similar description,26758_37432060-0,26758_37432049-0,Driving Instructor (Driving Licence Required),Yorkshire,My Four Wheels,My Four Wheels,Annual,Annual,0.990
LIKELY_DUPLICATE,same title/location/advertiser + salary + very similar description,26758_37432060-0,26758_37432136-0,Driving Instructor (Driving Licence Required),Yorkshire,My Four Wheels,My Four Wheels,Annual,Annual,0.991
LIKELY_DUPLICATE,same title/location/advertiser + salary + very similar description,26758_37432060-0,26758_37471165-0,Driving Instructor (Driving Licence Required),Yorkshire,My Four Wheels,My Four Wheels,Annual,Annual,0.991
LIKELY_DUPLICATE,same title/location/advertiser + salary + very similar description,26758_37432060-0,26758_37471203-0,Driving Instructor (Driving Licence Required),Yorkshire,My Four Wheels,My Four Wheels,Annual,Annual,0.992
LIKELY_DUPLICATE,same title/location/advertiser + salary + very similar description,26758_37432060-0,26758_37471230-0,Driving Instructor (Driving Licence Required),Yorkshire,My Four Wheels,My Four Wheels,Annual,Annual,0.992
LIKELY_DUPLICATE,same title/location/advertiser + salary + very similar description,26758_37432091-0,26758_35867443-0,Driving Instructor (Driving Licence Required),Yorkshire,My Four Wheels,My Four Wheels,Annual,Annual,0.991
LIKELY_DUPLICATE,same title/location/advertiser + salary + very similar description,26758_37432091-0,26758_35867471-0,Driving Instructor (Driving Licence Required),Yorkshire,My Four Wheels,My Four Wheels,Annual,Annual,0.992
LIKELY_DUPLICATE,same title/location/advertiser + salary + very similar description,26758_37432091-0,26758_35867528-0,Driving Instructor (Driving Licence Required),Yorkshire,My Four Wheels,My Four Wheels,Annual,Annual,0.991
LIKELY_DUPLICATE,same title/location/advertiser + salary + very similar description,26758_37432091-0,26758_35867568-0,Driving Instructor (Driving Licence Required),Yorkshire,My Four Wheels,My Four Wheels,Annual,Annual,0.991
LIKELY_DUPLICATE,same title/location/advertiser + salary + very similar description,26758_37432091-0,26758_37431929-0,Driving Instructor (Driving Licence Required),Yorkshire,My Four Wheels,My Four Wheels,Annual,Annual,0.991
LIKELY_DUPLICATE,same title/location/advertiser + salary + very similar description,26758_37432091-0,26758_37431935-0,Driving Instructor (Driving Licence Required),Yorkshire,My Four Wheels,My Four Wheels,Annual,Annual,0.991
LIKELY_DUPLICATE,same title/location/advertiser + salary + very similar description,26758_37432091-0,26758_37432029-0,Driving Instructor (Driving Licence Required),Yorkshire,My Four Wheels,My Four Wheels,Annual,Annual,0.990
LIKELY_DUPLICATE,same title/location/advertiser + salary + very similar description,26758_37432091-0,26758_37432045-0,Driving Instructor (Driving Licence Required),Yorkshire,My Four Wheels,My Four Wheels,Annual,Annual,0.992
LIKELY_DUPLICATE,same title/location/advertiser + salary + very similar description,26758_37432091-0,26758_37432049-0,Driving Instructor (Driving Licence Required),Yorkshire,My Four Wheels,My Four Wheels,Annual,Annual,0.991
LIKELY_DUPLICATE,same title/location/advertiser + salary + very similar description,26758_37432091-0,26758_37432060-0,Driving Instructor (Driving Licence Required),Yorkshire,My Four Wheels,My Four Wheels,Annual,Annual,0.991
LIKELY_DUPLICATE,same title/location/advertiser + salary + very similar description,26758_37432091-0,26758_37432118-0,Driving Instructor (Driving Licence Required),Yorkshire,My Four Wheels,My Four Wheels,Annual,Annual,0.992
LIKELY_DUPLICATE,same title/location/advertiser + salary + very similar description,26758_37432091-0,26758_37432136-0,Driving Instructor (Driving Licence Required),Yorkshire,My Four Wheels,My Four Wheels,Annual,Annual,0.991
LIKELY_DUPLICATE,same title/location/advertiser + salary + very similar description,26758_37432091-0,26758_37471165-0,Driving Instructor (Driving Licence Required),Yorkshire,My Four Wheels,My Four Wheels,Annual,Annual,0.991
LIKELY_DUPLICATE,same title/location/advertiser + salary + very similar description,26758_37432091-0,26758_37471203-0,Driving Instructor (Driving Licence Required),Yorkshire,My Four Wheels,My Four Wheels,Annual,Annual,0.990
LIKELY_DUPLICATE,same title/location/advertiser + salary + very similar description,26758_37432091-0,26758_37471230-0,Driving Instructor (Driving Licence Required),Yorkshire,My Four Wheels,My Four Wheels,Annual,Annual,0.991
LIKELY_DUPLICATE,same title/location/advertiser + salary + very similar description,26758_37432096-0,26758_35867443-0,Driving Instructor (Driving Licence Required),Yorkshire,My Four Wheels,My Four Wheels,Annual,Annual,0.991
LIKELY_DUPLICATE,same title/location/advertiser + salary + very similar description,26758_37432096-0,26758_35867471-0,Driving Instructor (Driving Licence Required),Yorkshire,My Four Wheels,My Four Wheels,Annual,Annual,0.992
LIKELY_DUPLICATE,same title/location/advertiser + salary + very similar description,26758_37432096-0,26758_35867514-0,Driving Instructor (Driving Licence Required),Yorkshire,My Four Wheels,My Four Wheels,Annual,Annual,0.991
LIKELY_DUPLICATE,same title/location/advertiser + salary + very similar description,26758_37432096-0,26758_35867528-0,Driving Instructor (Driving Licence Required),Yorkshire,My Four Wheels,My Four Wheels,Annual,Annual,0.992
LIKELY_DUPLICATE,same title/location/advertiser + salary + very similar description,26758_37432096-0,26758_35867568-0,Driving Instructor (Driving Licence Required),Yorkshire,My Four Wheels,My Four Wheels,Annual,Annual,0.991
LIKELY_DUPLICATE,same title/location/advertiser + salary + very similar description,26758_37432096-0,26758_37431929-0,Driving Instructor (Driving Licence Required),Yorkshire,My Four Wheels,My Four Wheels,Annual,Annual,0.992
LIKELY_DUPLICATE,same title/location/advertiser + salary + very similar description,26758_37432096-0,26758_37431935-0,Driving Instructor (Driving Licence Required),Yorkshire,My Four Wheels,My Four Wheels,Annual,Annual,0.991
LIKELY_DUPLICATE,same title/location/advertiser + salary + very similar description,26758_37432096-0,26758_37432008-0,Driving Instructor (Driving Licence Required),Yorkshire,My Four Wheels,My Four Wheels,Annual,Annual,0.992
LIKELY_DUPLICATE,same title/location/advertiser + salary + very similar description,26758_37432096-0,26758_37432029-0,Driving Instructor (Driving Licence Required),Yorkshire,My Four Wheels,My Four Wheels,Annual,Annual,0.990
LIKELY_DUPLICATE,same title/location/advertiser + salary + very similar description,26758_37432096-0,26758_37432045-0,Driving Instructor (Driving Licence Required),Yorkshire,My Four Wheels,My Four Wheels,Annual,Annual,0.991
LIKELY_DUPLICATE,same title/location/advertiser + salary + very similar description,26758_37432096-0,26758_37432049-0,Driving Instructor (Driving Licence Required),Yorkshire,My Four Wheels,My Four Wheels,Annual,Annual,0.992
LIKELY_DUPLICATE,same title/location/advertiser + salary + very similar description,26758_37432096-0,26758_37432060-0,Driving Instructor (Driving Licence Required),Yorkshire,My Four Wheels,My Four Wheels,Annual,Annual,0.991
LIKELY_DUPLICATE,same title/location/advertiser + salary + very similar description,26758_37432096-0,26758_37432091-0,Driving Instructor (Driving Licence Required),Yorkshire,My Four Wheels,My Four Wheels,Annual,Annual,0.992
LIKELY_DUPLICATE,same title/location/advertiser + salary + very similar description,26758_37432096-0,26758_37432118-0,Driving Instructor (Driving Licence Required),Yorkshire,My Four Wheels,My Four Wheels,Annual,Annual,0.991
LIKELY_DUPLICATE,same title/location/advertiser + salary + very similar description,26758_37432096-0,26758_37432136-0,Driving Instructor (Driving Licence Required),Yorkshire,My Four Wheels,My Four Wheels,Annual,Annual,0.991
LIKELY_DUPLICATE,same title/location/advertiser + salary + very similar description,26758_37432096-0,26758_37471165-0,Driving Instructor (Driving Licence Required),Yorkshire,My Four Wheels,My Four Wheels,Annual,Annual,0.992
LIKELY_DUPLICATE,same title/location/advertiser + salary + very similar description,26758_37432096-0,26758_37471203-0,Driving Instructor (Driving Licence Required),Yorkshire,My Four Wheels,My Four Wheels,Annual,Annual,0.992
LIKELY_DUPLICATE,same title/location/advertiser + salary + very similar description,26758_37432096-0,26758_37471230-0,Driving Instructor (Driving Licence Required),Yorkshire,My Four Wheels,My Four Wheels,Annual,Annual,0.991
LIKELY_DUPLICATE,same title/location/advertiser + salary + very similar description,26758_37432118-0,26758_35867443-0,Driving Instructor (Driving Licence Required),Yorkshire,My Four Wheels,My Four Wheels,Annual,Annual,0.992
LIKELY_DUPLICATE,same title/location/advertiser + salary + very similar description,26758_37432118-0,26758_35867471-0,Driving Instructor (Driving Licence Required),Yorkshire,My Four Wheels,My Four Wheels,Annual,Annual,0.991
LIKELY_DUPLICATE,same title/location/advertiser + salary + very similar description,26758_37432118-0,26758_35867568-0,Driving Instructor (Driving Licence Required),Yorkshire,My Four Wheels,My Four Wheels,Annual,Annual,0.991
LIKELY_DUPLICATE,same title/location/advertiser + salary + very similar description,26758_37432118-0,26758_37431929-0,Driving Instructor (Driving Licence Required),Yorkshire,My Four Wheels,My Four Wheels,Annual,Annual,0.992
LIKELY_DUPLICATE,same title/location/advertiser + salary + very similar description,26758_37432118-0,26758_37431935-0,Driving Instructor (Driving Licence Required),Yorkshire,My Four Wheels,My Four Wheels,Annual,Annual,0.991
LIKELY_DUPLICATE,same title/location/advertiser + salary + very similar description,26758_37432118-0,26758_37432029-0,Driving Instructor (Driving Licence Required),Yorkshire,My Four Wheels,My Four Wheels,Annual,Annual,0.990
LIKELY_DUPLICATE,same title/location/advertiser + salary + very similar description,26758_37432118-0,26758_37432045-0,Driving Instructor (Driving Licence Required),Yorkshire,My Four Wheels,My Four Wheels,Annual,Annual,0.992
LIKELY_DUPLICATE,same title/location/advertiser + salary + very similar description,26758_37432118-0,26758_37432049-0,Driving Instructor (Driving Licence Required),Yorkshire,My Four Wheels,My Four Wheels,Annual,Annual,0.991
LIKELY_DUPLICATE,same title/location/advertiser + salary + very similar description,26758_37432118-0,26758_37432060-0,Driving Instructor (Driving Licence Required),Yorkshire,My Four Wheels,My Four Wheels,Annual,Annual,0.991
LIKELY_DUPLICATE,same title/location/advertiser + salary + very similar description,26758_37432118-0,26758_37432136-0,Driving Instructor (Driving Licence Required),Yorkshire,My Four Wheels,My Four Wheels,Annual,Annual,0.991
LIKELY_DUPLICATE,same title/location/advertiser + salary + very similar description,26758_37432118-0,26758_37471165-0,Driving Instructor (Driving Licence Required),Yorkshire,My Four Wheels,My Four Wheels,Annual,Annual,0.991
LIKELY_DUPLICATE,same title/location/advertiser + salary + very similar description,26758_37432118-0,26758_37471203-0,Driving Instructor (Driving Licence Required),Yorkshire,My Four Wheels,My Four Wheels,Annual,Annual,0.992
LIKELY_DUPLICATE,same title/location/advertiser + salary + very similar description,26758_37432118-0,26758_37471230-0,Driving Instructor (Driving Licence Required),Yorkshire,My Four Wheels,My Four Wheels,Annual,Annual,0.992
LIKELY_DUPLICATE,same title/location/advertiser + salary + very similar description,26758_37432136-0,26758_37431929-0,Driving Instructor (Driving Licence Required),Yorkshire,My Four Wheels,My Four Wheels,Annual,Annual,0.991
LIKELY_DUPLICATE,same title/location/advertiser + salary + very similar description,26758_37432136-0,26758_37431935-0,Driving Instructor (Driving Licence Required),Yorkshire,My Four Wheels,My Four Wheels,Annual,Annual,0.991
LIKELY_DUPLICATE,same title/location/advertiser + salary + very similar description,26758_37432136-0,26758_37432029-0,Driving Instructor (Driving Licence Required),Yorkshire,My Four Wheels,My Four Wheels,Annual,Annual,0.991
LIKELY_DUPLICATE,same title/location/advertiser + salary + very similar description,26758_37432136-0,26758_37432049-0,Driving Instructor (Driving Licence Required),Yorkshire,My Four Wheels,My Four Wheels,Annual,Annual,0.992
LIKELY_DUPLICATE,same title/location/advertiser + salary + very similar description,26758_37432136-0,26758_37471165-0,Driving Instructor (Driving Licence Required),Yorkshire,My Four Wheels,My Four Wheels,Annual,Annual,0.992
LIKELY_DUPLICATE,same title/location/advertiser + salary + very similar description,26758_37432136-0,26758_37471203-0,Driving Instructor (Driving Licence Required),Yorkshire,My Four Wheels,My Four Wheels,Annual,Annual,0.991
LIKELY_DUPLICATE,same title/location/advertiser + salary + very similar description,26758_37432136-0,26758_37471230-0,Driving Instructor (Driving Licence Required),Yorkshire,My Four Wheels,My Four Wheels,Annual,Annual,0.994
LIKELY_DUPLICATE,same title/location/advertiser + salary + very similar description,26758_37471165-0,26758_37431929-0,Driving Instructor (Driving Licence Required),Yorkshire,My Four Wheels,My Four Wheels,Annual,Annual,0.991
LIKELY_DUPLICATE,same title/location/advertiser + salary + very similar description,26758_37471165-0,26758_37471203-0,Driving Instructor (Driving Licence Required),Yorkshire,My Four Wheels,My Four Wheels,Annual,Annual,0.991
LIKELY_DUPLICATE,same title/location/advertiser + salary + very similar description,26758_37471174-0,26758_35867443-0,Driving Instructor (Driving Licence Required),Yorkshire,My Four Wheels,My Four Wheels,Annual,Annual,0.991
LIKELY_DUPLICATE,same title/location/advertiser + salary + very similar description,26758_37471174-0,26758_35867471-0,Driving Instructor (Driving Licence Required),Yorkshire,My Four Wheels,My Four Wheels,Annual,Annual,0.992
LIKELY_DUPLICATE,same title/location/advertiser + salary + very similar description,26758_37471174-0,26758_35867514-0,Driving Instructor (Driving Licence Required),Yorkshire,My Four Wheels,My Four Wheels,Annual,Annual,0.991
LIKELY_DUPLICATE,same title/location/advertiser + salary + very similar description,26758_37471174-0,26758_35867528-0,Driving Instructor (Driving Licence Required),Yorkshire,My Four Wheels,My Four Wheels,Annual,Annual,0.991
LIKELY_DUPLICATE,same title/location/advertiser + salary + very similar description,26758_37471174-0,26758_35867568-0,Driving Instructor (Driving Licence Required),Yorkshire,My Four Wheels,My Four Wheels,Annual,Annual,0.991
LIKELY_DUPLICATE,same title/location/advertiser + salary + very similar description,26758_37471174-0,26758_37431929-0,Driving Instructor (Driving Licence Required),Yorkshire,My Four Wheels,My Four Wheels,Annual,Annual,0.991
LIKELY_DUPLICATE,same title/location/advertiser + salary + very similar description,26758_37471174-0,26758_37431935-0,Driving Instructor (Driving Licence Required),Yorkshire,My Four Wheels,My Four Wheels,Annual,Annual,0.991
LIKELY_DUPLICATE,same title/location/advertiser + salary + very similar description,26758_37471174-0,26758_37431936-0,Driving Instructor (Driving Licence Required),Yorkshire,My Four Wheels,My Four Wheels,Annual,Annual,0.991
LIKELY_DUPLICATE,same title/location/advertiser + salary + very similar description,26758_37471174-0,26758_37432008-0,Driving Instructor (Driving Licence Required),Yorkshire,My Four Wheels,My Four Wheels,Annual,Annual,0.992
LIKELY_DUPLICATE,same title/location/advertiser + salary + very similar description,26758_37471174-0,26758_37432029-0,Driving Instructor (Driving Licence Required),Yorkshire,My Four Wheels,My Four Wheels,Annual,Annual,0.991
LIKELY_DUPLICATE,same title/location/advertiser + salary + very similar description,26758_37471174-0,26758_37432045-0,Driving Instructor (Driving Licence Required),Yorkshire,My Four Wheels,My Four Wheels,Annual,Annual,0.992
LIKELY_DUPLICATE,same title/location/advertiser + salary + very similar description,26758_37471174-0,26758_37432049-0,Driving Instructor (Driving Licence Required),Yorkshire,My Four Wheels,My Four Wheels,Annual,Annual,0.991
LIKELY_DUPLICATE,same title/location/advertiser + salary + very similar description,26758_37471174-0,26758_37432060-0,Driving Instructor (Driving Licence Required),Yorkshire,My Four Wheels,My Four Wheels,Annual,Annual,0.991
LIKELY_DUPLICATE,same title/location/advertiser + salary + very similar description,26758_37471174-0,26758_37432091-0,Driving Instructor (Driving Licence Required),Yorkshire,My Four Wheels,My Four Wheels,Annual,Annual,0.991
LIKELY_DUPLICATE,same title/location/advertiser + salary + very similar description,26758_37471174-0,26758_37432096-0,Driving Instructor (Driving Licence Required),Yorkshire,My Four Wheels,My Four Wheels,Annual,Annual,0.991
LIKELY_DUPLICATE,same title/location/advertiser + salary + very similar description,26758_37471174-0,26758_37432118-0,Driving Instructor (Driving Licence Required),Yorkshire,My Four Wheels,My Four Wheels,Annual,Annual,0.991
LIKELY_DUPLICATE,same title/location/advertiser + salary + very similar description,26758_37471174-0,26758_37432136-0,Driving Instructor (Driving Licence Required),Yorkshire,My Four Wheels,My Four Wheels,Annual,Annual,0.991
LIKELY_DUPLICATE,same title/location/advertiser + salary + very similar description,26758_37471174-0,26758_37471165-0,Driving Instructor (Driving Licence Required),Yorkshire,My Four Wheels,My Four Wheels,Annual,Annual,0.991
LIKELY_DUPLICATE,same title/location/advertiser + salary + very similar description,26758_37471174-0,26758_37471196-0,Driving Instructor (Driving Licence Required),Yorkshire,My Four Wheels,My Four Wheels,Annual,Annual,0.991
LIKELY_DUPLICATE,same title/location/advertiser + salary + very similar description,26758_37471174-0,26758_37471203-0,Driving Instructor (Driving Licence Required),Yorkshire,My Four Wheels,My Four Wheels,Annual,Annual,0.991
LIKELY_DUPLICATE,same title/location/advertiser + salary + very similar description,26758_37471174-0,26758_37471219-0,Driving Instructor (Driving Licence Required),Yorkshire,My Four Wheels,My Four Wheels,Annual,Annual,0.991
LIKELY_DUPLICATE,same title/location/advertiser + salary + very similar description,26758_37471174-0,26758_37471230-0,Driving Instructor (Driving Licence Required),Yorkshire,My Four Wheels,My Four Wheels,Annual,Annual,0.991
LIKELY_DUPLICATE,same title/location/advertiser + salary + very similar description,26758_37471196-0,26758_35867443-0,Driving Instructor (Driving Licence Required),Yorkshire,My Four Wheels,My Four Wheels,Annual,Annual,0.991
LIKELY_DUPLICATE,same title/location/advertiser + salary + very similar description,26758_37471196-0,26758_35867471-0,Driving Instructor (Driving Licence Required),Yorkshire,My Four Wheels,My Four Wheels,Annual,Annual,0.994
LIKELY_DUPLICATE,same title/location/advertiser + salary + very similar description,26758_37471196-0,26758_35867514-0,Driving Instructor (Driving Licence Required),Yorkshire,My Four Wheels,My Four Wheels,Annual,Annual,0.991
LIKELY_DUPLICATE,same title/location/advertiser + salary + very similar description,26758_37471196-0,26758_35867528-0,Driving Instructor (Driving Licence Required),Yorkshire,My Four Wheels,My Four Wheels,Annual,Annual,0.991
LIKELY_DUPLICATE,same title/location/advertiser + salary + very similar description,26758_37471196-0,26758_35867568-0,Driving Instructor (Driving Licence Required),Yorkshire,My Four Wheels,My Four Wheels,Annual,Annual,0.991
LIKELY_DUPLICATE,same title/location/advertiser + salary + very similar description,26758_37471196-0,26758_37431929-0,Driving Instructor (Driving Licence Required),Yorkshire,My Four Wheels,My Four Wheels,Annual,Annual,0.992
LIKELY_DUPLICATE,same title/location/advertiser + salary + very similar description,26758_37471196-0,26758_37431935-0,Driving Instructor (Driving Licence Required),Yorkshire,My Four Wheels,My Four Wheels,Annual,Annual,0.992
LIKELY_DUPLICATE,same title/location/advertiser + salary + very similar description,26758_37471196-0,26758_37432008-0,Driving Instructor (Driving Licence Required),Yorkshire,My Four Wheels,My Four Wheels,Annual,Annual,0.990
LIKELY_DUPLICATE,same title/location/advertiser + salary + very similar description,26758_37471196-0,26758_37432029-0,Driving Instructor (Driving Licence Required),Yorkshire,My Four Wheels,My Four Wheels,Annual,Annual,0.990
LIKELY_DUPLICATE,same title/location/advertiser + salary + very similar description,26758_37471196-0,26758_37432045-0,Driving Instructor (Driving Licence Required),Yorkshire,My Four Wheels,My Four Wheels,Annual,Annual,0.991
LIKELY_DUPLICATE,same title/location/advertiser + salary + very similar description,26758_37471196-0,26758_37432049-0,Driving Instructor (Driving Licence Required),Yorkshire,My Four Wheels,My Four Wheels,Annual,Annual,0.994
LIKELY_DUPLICATE,same title/location/advertiser + salary + very similar description,26758_37471196-0,26758_37432060-0,Driving Instructor (Driving Licence Required),Yorkshire,My Four Wheels,My Four Wheels,Annual,Annual,0.991
LIKELY_DUPLICATE,same title/location/advertiser + salary + very similar description,26758_37471196-0,26758_37432091-0,Driving Instructor (Driving Licence Required),Yorkshire,My Four Wheels,My Four Wheels,Annual,Annual,0.991
LIKELY_DUPLICATE,same title/location/advertiser + salary + very similar description,26758_37471196-0,26758_37432096-0,Driving Instructor (Driving Licence Required),Yorkshire,My Four Wheels,My Four Wheels,Annual,Annual,0.992
LIKELY_DUPLICATE,same title/location/advertiser + salary + very similar description,26758_37471196-0,26758_37432118-0,Driving Instructor (Driving Licence Required),Yorkshire,My Four Wheels,My Four Wheels,Annual,Annual,0.991
LIKELY_DUPLICATE,same title/location/advertiser + salary + very similar description,26758_37471196-0,26758_37432136-0,Driving Instructor (Driving Licence Required),Yorkshire,My Four Wheels,My Four Wheels,Annual,Annual,0.991
LIKELY_DUPLICATE,same title/location/advertiser + salary + very similar description,26758_37471196-0,26758_37471165-0,Driving Instructor (Driving Licence Required),Yorkshire,My Four Wheels,My Four Wheels,Annual,Annual,0.993
LIKELY_DUPLICATE,same title/location/advertiser + salary + very similar description,26758_37471196-0,26758_37471203-0,Driving Instructor (Driving Licence Required),Yorkshire,My Four Wheels,My Four Wheels,Annual,Annual,0.991
LIKELY_DUPLICATE,same title/location/advertiser + salary + very similar description,26758_37471196-0,26758_37471230-0,Driving Instructor (Driving Licence Required),Yorkshire,My Four Wheels,My Four Wheels,Annual,Annual,0.991
LIKELY_DUPLICATE,same title/location/advertiser + salary + very similar description,26758_37471214-0,26758_35867443-0,Driving Instructor (Driving Licence Required),Yorkshire,My Four Wheels,My Four Wheels,Annual,Annual,0.992
LIKELY_DUPLICATE,same title/location/advertiser + salary + very similar description,26758_37471214-0,26758_35867471-0,Driving Instructor (Driving Licence Required),Yorkshire,My Four Wheels,My Four Wheels,Annual,Annual,0.992
LIKELY_DUPLICATE,same title/location/advertiser + salary + very similar description,26758_37471214-0,26758_35867514-0,Driving Instructor (Driving Licence Required),Yorkshire,My Four Wheels,My Four Wheels,Annual,Annual,0.991
LIKELY_DUPLICATE,same title/location/advertiser + salary + very similar description,26758_37471214-0,26758_35867528-0,Driving Instructor (Driving Licence Required),Yorkshire,My Four Wheels,My Four Wheels,Annual,Annual,0.992
LIKELY_DUPLICATE,same title/location/advertiser + salary + very similar description,26758_37471214-0,26758_35867568-0,Driving Instructor (Driving Licence Required),Yorkshire,My Four Wheels,My Four Wheels,Annual,Annual,0.992
LIKELY_DUPLICATE,same title/location/advertiser + salary + very similar description,26758_37471214-0,26758_35867578-0,Driving Instructor (Driving Licence Required),Yorkshire,My Four Wheels,My Four Wheels,Annual,Annual,0.991
LIKELY_DUPLICATE,same title/location/advertiser + salary + very similar description,26758_37471214-0,26758_37431923-0,Driving Instructor (Driving Licence Required),Yorkshire,My Four Wheels,My Four Wheels,Annual,Annual,0.991
LIKELY_DUPLICATE,same title/location/advertiser + salary + very similar description,26758_37471214-0,26758_37431929-0,Driving Instructor (Driving Licence Required),Yorkshire,My Four Wheels,My Four Wheels,Annual,Annual,0.991
LIKELY_DUPLICATE,same title/location/advertiser + salary + very similar description,26758_37471214-0,26758_37431935-0,Driving Instructor (Driving Licence Required),Yorkshire,My Four Wheels,My Four Wheels,Annual,Annual,0.991
LIKELY_DUPLICATE,same title/location/advertiser + salary + very similar description,26758_37471214-0,26758_37431936-0,Driving Instructor (Driving Licence Required),Yorkshire,My Four Wheels,My Four Wheels,Annual,Annual,0.991
LIKELY_DUPLICATE,same title/location/advertiser + salary + very similar description,26758_37471214-0,26758_37431974-0,Driving Instructor (Driving Licence Required),Yorkshire,My Four Wheels,My Four Wheels,Annual,Annual,0.991
LIKELY_DUPLICATE,same title/location/advertiser + salary + very similar description,26758_37471214-0,26758_37432008-0,Driving Instructor (Driving Licence Required),Yorkshire,My Four Wheels,My Four Wheels,Annual,Annual,0.991
LIKELY_DUPLICATE,same title/location/advertiser + salary + very similar description,26758_37471214-0,26758_37432029-0,Driving Instructor (Driving Licence Required),Yorkshire,My Four Wheels,My Four Wheels,Annual,Annual,0.991
LIKELY_DUPLICATE,same title/location/advertiser + salary + very similar description,26758_37471214-0,26758_37432045-0,Driving Instructor (Driving Licence Required),Yorkshire,My Four Wheels,My Four Wheels,Annual,Annual,0.991
LIKELY_DUPLICATE,same title/location/advertiser + salary + very similar description,26758_37471214-0,26758_37432049-0,Driving Instructor (Driving Licence Required),Yorkshire,My Four Wheels,My Four Wheels,Annual,Annual,0.991
LIKELY_DUPLICATE,same title/location/advertiser + salary + very similar description,26758_37471214-0,26758_37432060-0,Driving Instructor (Driving Licence Required),Yorkshire,My Four Wheels,My Four Wheels,Annual,Annual,0.991
LIKELY_DUPLICATE,same title/location/advertiser + salary + very similar description,26758_37471214-0,26758_37432091-0,Driving Instructor (Driving Licence Required),Yorkshire,My Four Wheels,My Four Wheels,Annual,Annual,0.991
LIKELY_DUPLICATE,same title/location/advertiser + salary + very similar description,26758_37471214-0,26758_37432096-0,Driving Instructor (Driving Licence Required),Yorkshire,My Four Wheels,My Four Wheels,Annual,Annual,0.991
LIKELY_DUPLICATE,same title/location/advertiser + salary + very similar description,26758_37471214-0,26758_37432118-0,Driving Instructor (Driving Licence Required),Yorkshire,My Four Wheels,My Four Wheels,Annual,Annual,0.991
LIKELY_DUPLICATE,same title/location/advertiser + salary + very similar description,26758_37471214-0,26758_37432136-0,Driving Instructor (Driving Licence Required),Yorkshire,My Four Wheels,My Four Wheels,Annual,Annual,0.991
LIKELY_DUPLICATE,same title/location/advertiser + salary + very similar description,26758_37471214-0,26758_37471165-0,Driving Instructor (Driving Licence Required),Yorkshire,My Four Wheels,My Four Wheels,Annual,Annual,0.991
LIKELY_DUPLICATE,same title/location/advertiser + salary + very similar description,26758_37471214-0,26758_37471174-0,Driving Instructor (Driving Licence Required),Yorkshire,My Four Wheels,My Four Wheels,Annual,Annual,0.991
LIKELY_DUPLICATE,same title/location/advertiser + salary + very similar description,26758_37471214-0,26758_37471196-0,Driving Instructor (Driving Licence Required),Yorkshire,My Four Wheels,My Four Wheels,Annual,Annual,0.992
LIKELY_DUPLICATE,same title/location/advertiser + salary + very similar description,26758_37471214-0,26758_37471203-0,Driving Instructor (Driving Licence Required),Yorkshire,My Four Wheels,My Four Wheels,Annual,Annual,0.991
LIKELY_DUPLICATE,same title/location/advertiser + salary + very similar description,26758_37471214-0,26758_37471219-0,Driving Instructor (Driving Licence Required),Yorkshire,My Four Wheels,My Four Wheels,Annual,Annual,0.991
LIKELY_DUPLICATE,same title/location/advertiser + salary + very similar description,26758_37471214-0,26758_37471230-0,Driving Instructor (Driving Licence Required),Yorkshire,My Four Wheels,My Four Wheels,Annual,Annual,0.991
LIKELY_DUPLICATE,same title/location/advertiser + salary + very similar description,26758_37471214-0,26758_37471237-0,Driving Instructor (Driving Licence Required),Yorkshire,My Four Wheels,My Four Wheels,Annual,Annual,0.991
LIKELY_DUPLICATE,same title/location/advertiser + salary + very similar description,26758_37471219-0,26758_35867443-0,Driving Instructor (Driving Licence Required),Yorkshire,My Four Wheels,My Four Wheels,Annual,Annual,0.991
LIKELY_DUPLICATE,same title/location/advertiser + salary + very similar description,26758_37471219-0,26758_35867471-0,Driving Instructor (Driving Licence Required),Yorkshire,My Four Wheels,My Four Wheels,Annual,Annual,0.992
LIKELY_DUPLICATE,same title/location/advertiser + salary + very similar description,26758_37471219-0,26758_35867514-0,Driving Instructor (Driving Licence Required),Yorkshire,My Four Wheels,My Four Wheels,Annual,Annual,0.991
LIKELY_DUPLICATE,same title/location/advertiser + salary + very similar description,26758_37471219-0,26758_35867528-0,Driving Instructor (Driving Licence Required),Yorkshire,My Four Wheels,My Four Wheels,Annual,Annual,0.991
LIKELY_DUPLICATE,same title/location/advertiser + salary + very similar description,26758_37471219-0,26758_35867568-0,Driving Instructor (Driving Licence Required),Yorkshire,My Four Wheels,My Four Wheels,Annual,Annual,0.991
LIKELY_DUPLICATE,same title/location/advertiser + salary + very similar description,26758_37471219-0,26758_37431929-0,Driving Instructor (Driving Licence Required),Yorkshire,My Four Wheels,My Four Wheels,Annual,Annual,0.991
LIKELY_DUPLICATE,same title/location/advertiser + salary + very similar description,26758_37471219-0,26758_37431935-0,Driving Instructor (Driving Licence Required),Yorkshire,My Four Wheels,My Four Wheels,Annual,Annual,0.991
LIKELY_DUPLICATE,same title/location/advertiser + salary + very similar description,26758_37471219-0,26758_37431936-0,Driving Instructor (Driving Licence Required),Yorkshire,My Four Wheels,My Four Wheels,Annual,Annual,0.992
LIKELY_DUPLICATE,same title/location/advertiser + salary + very similar description,26758_37471219-0,26758_37432008-0,Driving Instructor (Driving Licence Required),Yorkshire,My Four Wheels,My Four Wheels,Annual,Annual,0.991
LIKELY_DUPLICATE,same title/location/advertiser + salary + very similar description,26758_37471219-0,26758_37432029-0,Driving Instructor (Driving Licence Required),Yorkshire,My Four Wheels,My Four Wheels,Annual,Annual,0.990
LIKELY_DUPLICATE,same title/location/advertiser + salary + very similar description,26758_37471219-0,26758_37432045-0,Driving Instructor (Driving Licence Required),Yorkshire,My Four Wheels,My Four Wheels,Annual,Annual,0.991
LIKELY_DUPLICATE,same title/location/advertiser + salary + very similar description,26758_37471219-0,26758_37432049-0,Driving Instructor (Driving Licence Required),Yorkshire,My Four Wheels,My Four Wheels,Annual,Annual,0.990
LIKELY_DUPLICATE,same title/location/advertiser + salary + very similar description,26758_37471219-0,26758_37432060-0,Driving Instructor (Driving Licence Required),Yorkshire,My Four Wheels,My Four Wheels,Annual,Annual,0.992
LIKELY_DUPLICATE,same title/location/advertiser + salary + very similar description,26758_37471219-0,26758_37432091-0,Driving Instructor (Driving Licence Required),Yorkshire,My Four Wheels,My Four Wheels,Annual,Annual,0.991
LIKELY_DUPLICATE,same title/location/advertiser + salary + very similar description,26758_37471219-0,26758_37432096-0,Driving Instructor (Driving Licence Required),Yorkshire,My Four Wheels,My Four Wheels,Annual,Annual,0.991
LIKELY_DUPLICATE,same title/location/advertiser + salary + very similar description,26758_37471219-0,26758_37432118-0,Driving Instructor (Driving Licence Required),Yorkshire,My Four Wheels,My Four Wheels,Annual,Annual,0.991
LIKELY_DUPLICATE,same title/location/advertiser + salary + very similar description,26758_37471219-0,26758_37432136-0,Driving Instructor (Driving Licence Required),Yorkshire,My Four Wheels,My Four Wheels,Annual,Annual,0.991
LIKELY_DUPLICATE,same title/location/advertiser + salary + very similar description,26758_37471219-0,26758_37471165-0,Driving Instructor (Driving Licence Required),Yorkshire,My Four Wheels,My Four Wheels,Annual,Annual,0.991
LIKELY_DUPLICATE,same title/location/advertiser + salary + very similar description,26758_37471219-0,26758_37471196-0,Driving Instructor (Driving Licence Required),Yorkshire,My Four Wheels,My Four Wheels,Annual,Annual,0.992
LIKELY_DUPLICATE,same title/location/advertiser + salary + very similar description,26758_37471219-0,26758_37471203-0,Driving Instructor (Driving Licence Required),Yorkshire,My Four Wheels,My Four Wheels,Annual,Annual,0.991
LIKELY_DUPLICATE,same title/location/advertiser + salary + very similar description,26758_37471219-0,26758_37471230-0,Driving Instructor (Driving Licence Required),Yorkshire,My Four Wheels,My Four Wheels,Annual,Annual,0.991
LIKELY_DUPLICATE,same title/location/advertiser + salary + very similar description,26758_37471230-0,26758_37431929-0,Driving Instructor (Driving Licence Required),Yorkshire,My Four Wheels,My Four Wheels,Annual,Annual,0.991
LIKELY_DUPLICATE,same title/location/advertiser + salary + very similar description,26758_37471230-0,26758_37471165-0,Driving Instructor (Driving Licence Required),Yorkshire,My Four Wheels,My Four Wheels,Annual,Annual,0.991
LIKELY_DUPLICATE,same title/location/advertiser + salary + very similar description,26758_37471230-0,26758_37471203-0,Driving Instructor (Driving Licence Required),Yorkshire,My Four Wheels,My Four Wheels,Annual,Annual,0.991
LIKELY_DUPLICATE,same title/location/advertiser + salary + very similar description,26758_37471237-0,26758_35867443-0,Driving Instructor (Driving Licence Required),Yorkshire,My Four Wheels,My Four Wheels,Annual,Annual,0.991
LIKELY_DUPLICATE,same title/location/advertiser + salary + very similar description,26758_37471237-0,26758_35867471-0,Driving Instructor (Driving Licence Required),Yorkshire,My Four Wheels,My Four Wheels,Annual,Annual,0.991
LIKELY_DUPLICATE,same title/location/advertiser + salary + very similar description,26758_37471237-0,26758_35867514-0,Driving Instructor (Driving Licence Required),Yorkshire,My Four Wheels,My Four Wheels,Annual,Annual,0.993
LIKELY_DUPLICATE,same title/location/advertiser + salary + very similar description,26758_37471237-0,26758_35867528-0,Driving Instructor (Driving Licence Required),Yorkshire,My Four Wheels,My Four Wheels,Annual,Annual,0.990
LIKELY_DUPLICATE,same title/location/advertiser + salary + very similar description,26758_37471237-0,26758_35867568-0,Driving Instructor (Driving Licence Required),Yorkshire,My Four Wheels,My Four Wheels,Annual,Annual,0.990
LIKELY_DUPLICATE,same title/location/advertiser + salary + very similar description,26758_37471237-0,26758_37431929-0,Driving Instructor (Driving Licence Required),Yorkshire,My Four Wheels,My Four Wheels,Annual,Annual,0.991
LIKELY_DUPLICATE,same title/location/advertiser + salary + very similar description,26758_37471237-0,26758_37431935-0,Driving Instructor (Driving Licence Required),Yorkshire,My Four Wheels,My Four Wheels,Annual,Annual,0.992
LIKELY_DUPLICATE,same title/location/advertiser + salary + very similar description,26758_37471237-0,26758_37431936-0,Driving Instructor (Driving Licence Required),Yorkshire,My Four Wheels,My Four Wheels,Annual,Annual,0.991
LIKELY_DUPLICATE,same title/location/advertiser + salary + very similar description,26758_37471237-0,26758_37431974-0,Driving Instructor (Driving Licence Required),Yorkshire,My Four Wheels,My Four Wheels,Annual,Annual,0.991
LIKELY_DUPLICATE,same title/location/advertiser + salary + very similar description,26758_37471237-0,26758_37432008-0,Driving Instructor (Driving Licence Required),Yorkshire,My Four Wheels,My Four Wheels,Annual,Annual,0.992
LIKELY_DUPLICATE,same title/location/advertiser + salary + very similar description,26758_37471237-0,26758_37432029-0,Driving Instructor (Driving Licence Required),Yorkshire,My Four Wheels,My Four Wheels,Annual,Annual,0.990
LIKELY_DUPLICATE,same title/location/advertiser + salary + very similar description,26758_37471237-0,26758_37432045-0,Driving Instructor (Driving Licence Required),Yorkshire,My Four Wheels,My Four Wheels,Annual,Annual,0.991
LIKELY_DUPLICATE,same title/location/advertiser + salary + very similar description,26758_37471237-0,26758_37432049-0,Driving Instructor (Driving Licence Required),Yorkshire,My Four Wheels,My Four Wheels,Annual,Annual,0.991
LIKELY_DUPLICATE,same title/location/advertiser + salary + very similar description,26758_37471237-0,26758_37432060-0,Driving Instructor (Driving Licence Required),Yorkshire,My Four Wheels,My Four Wheels,Annual,Annual,0.991
LIKELY_DUPLICATE,same title/location/advertiser + salary + very similar description,26758_37471237-0,26758_37432091-0,Driving Instructor (Driving Licence Required),Yorkshire,My Four Wheels,My Four Wheels,Annual,Annual,0.991
LIKELY_DUPLICATE,same title/location/advertiser + salary + very similar description,26758_37471237-0,26758_37432096-0,Driving Instructor (Driving Licence Required),Yorkshire,My Four Wheels,My Four Wheels,Annual,Annual,0.992
LIKELY_DUPLICATE,same title/location/advertiser + salary + very similar description,26758_37471237-0,26758_37432118-0,Driving Instructor (Driving Licence Required),Yorkshire,My Four Wheels,My Four Wheels,Annual,Annual,0.991
LIKELY_DUPLICATE,same title/location/advertiser + salary + very similar description,26758_37471237-0,26758_37432136-0,Driving Instructor (Driving Licence Required),Yorkshire,My Four Wheels,My Four Wheels,Annual,Annual,0.991
LIKELY_DUPLICATE,same title/location/advertiser + salary + very similar description,26758_37471237-0,26758_37471165-0,Driving Instructor (Driving Licence Required),Yorkshire,My Four Wheels,My Four Wheels,Annual,Annual,0.991
LIKELY_DUPLICATE,same title/location/advertiser + salary + very similar description,26758_37471237-0,26758_37471174-0,Driving Instructor (Driving Licence Required),Yorkshire,My Four Wheels,My Four Wheels,Annual,Annual,0.991
LIKELY_DUPLICATE,same title/location/advertiser + salary + very similar description,26758_37471237-0,26758_37471196-0,Driving Instructor (Driving Licence Required),Yorkshire,My Four Wheels,My Four Wheels,Annual,Annual,0.991
LIKELY_DUPLICATE,same title/location/advertiser + salary + very similar description,26758_37471237-0,26758_37471203-0,Driving Instructor (Driving Licence Required),Yorkshire,My Four Wheels,My Four Wheels,Annual,Annual,0.990
LIKELY_DUPLICATE,same title/location/advertiser + salary + very similar description,26758_37471237-0,26758_37471219-0,Driving Instructor (Driving Licence Required),Yorkshire,My Four Wheels,My Four Wheels,Annual,Annual,0.991
LIKELY_DUPLICATE,same title/location/advertiser + salary + very similar description,26758_37471237-0,26758_37471230-0,Driving Instructor (Driving Licence Required),Yorkshire,My Four Wheels,My Four Wheels,Annual,Annual,0.991
LIKELY_DUPLICATE,same title/location/advertiser + salary + very similar description,1911885,2041001,Duty Solicitor,London,Brandon James Ltd,Brandon James Ltd,37000.00 | 47000.00 | Annual,37000.00 | 47000.00 | Annual,0.990
LIKELY_DUPLICATE,same title/location/advertiser + salary + very similar description,2042262,2042261,"Employed Independent Financial Adviser, Retiring Directors client base",Surrey,Astral Recruitment,Astral Recruitment,50000.00 | 60000.00 | Annual,50000.00 | 60000.00 | Annual,0.970
LIKELY_DUPLICATE,same title/location/advertiser + salary + very similar description,1938410,1938398,Employment Solicitor - Associate,Norfolk,Reed,Reed,Annual,Annual,0.960
LIKELY_DUPLICATE,same title/location/advertiser + salary + very similar description,1974789,1964120,Estate Agent,Berkshire,The Property Experts,The Property Experts,8400.00 | 8400.00 | Monthly,8400.00 | 8400.00 | Monthly,0.990
LIKELY_DUPLICATE,same title/location/advertiser + salary + very similar description,1974791,2047419,Estate Agent,Cambridgeshire,The Property Experts,The Property Experts,8400.00 | 8400.00 | Monthly,8400.00 | 8400.00 | Monthly,0.990
LIKELY_DUPLICATE,same title/location/advertiser + salary + very similar description,1964119,2034487,Estate Agent,Cheshire,The Property Experts,The Property Experts,8400.00 | 8400.00 | Monthly,8400.00 | 8400.00 | Monthly,0.990
LIKELY_DUPLICATE,same title/location/advertiser + salary + very similar description,1964123,2047418,Estate Agent,Derbyshire,The Property Experts,The Property Experts,8400.00 | 8400.00 | Monthly,8400.00 | 8400.00 | Monthly,0.991
LIKELY_DUPLICATE,same title/location/advertiser + salary + very similar description,1945147,1945174,Estate Agent,Essex,GCB Recruitment,GCB Recruitment,60000.00 | 60000.00 | Annual,60000.00 | 60000.00 | Annual,0.985
LIKELY_DUPLICATE,same title/location/advertiser + salary + very similar description,1964116,2022699,Estate Agent,Gloucestershire,The Property Experts,The Property Experts,8400.00 | 8400.00 | Monthly,8400.00 | 8400.00 | Monthly,0.990
LIKELY_DUPLICATE,same title/location/advertiser + salary + very similar description,2047474,2047455,Estate Agent,Hampshire,The Property Experts,The Property Experts,8400.00 | 8400.00 | Monthly,8400.00 | 8400.00 | Monthly,0.990
LIKELY_DUPLICATE,same title/location/advertiser + salary + very similar description,1900577,1977406,Estate Agent,Hertfordshire,Connells,Connells,Annual,Annual,0.987
LIKELY_DUPLICATE,same title/location/advertiser + salary + very similar description,2047458,2047436,Estate Agent,Kent,The Property Experts,The Property Experts,8400.00 | 8400.00 | Monthly,8400.00 | 8400.00 | Monthly,0.989
LIKELY_DUPLICATE,same title/location/advertiser + salary + very similar description,2047465,2047436,Estate Agent,Kent,The Property Experts,The Property Experts,8400.00 | 8400.00 | Monthly,8400.00 | 8400.00 | Monthly,0.990
LIKELY_DUPLICATE,same title/location/advertiser + salary + very similar description,2047465,2047458,Estate Agent,Kent,The Property Experts,The Property Experts,8400.00 | 8400.00 | Monthly,8400.00 | 8400.00 | Monthly,0.991
LIKELY_DUPLICATE,same title/location/advertiser + salary + very similar description,1910906,1910899,Estate Agent,Lancashire,The Property Experts,The Property Experts,8400.00 | 8400.00 | Monthly,8400.00 | 8400.00 | Monthly,0.991
LIKELY_DUPLICATE,same title/location/advertiser + salary + very similar description,2047476,2047464,Estate Agent,Leicestershire,The Property Experts,The Property Experts,8400.00 | 8400.00 | Monthly,8400.00 | 8400.00 | Monthly,0.990
LIKELY_DUPLICATE,same title/location/advertiser + salary + very similar description,2047445,2047429,Estate Agent,Lincolnshire,The Property Experts,The Property Experts,8400.00 | 8400.00 | Monthly,8400.00 | 8400.00 | Monthly,0.990
LIKELY_DUPLICATE,same title/location/advertiser + salary + very similar description,2047447,2047429,Estate Agent,Lincolnshire,The Property Experts,The Property Experts,8400.00 | 8400.00 | Monthly,8400.00 | 8400.00 | Monthly,0.990
LIKELY_DUPLICATE,same title/location/advertiser + salary + very similar description,2047447,2047445,Estate Agent,Lincolnshire,The Property Experts,The Property Experts,8400.00 | 8400.00 | Monthly,8400.00 | 8400.00 | Monthly,0.990
LIKELY_DUPLICATE,same title/location/advertiser + salary + very similar description,2047461,2047429,Estate Agent,Lincolnshire,The Property Experts,The Property Experts,8400.00 | 8400.00 | Monthly,8400.00 | 8400.00 | Monthly,0.989
LIKELY_DUPLICATE,same title/location/advertiser + salary + very similar description,2047461,2047445,Estate Agent,Lincolnshire,The Property Experts,The Property Experts,8400.00 | 8400.00 | Monthly,8400.00 | 8400.00 | Monthly,0.991
LIKELY_DUPLICATE,same title/location/advertiser + salary + very similar description,2047461,2047447,Estate Agent,Lincolnshire,The Property Experts,The Property Experts,8400.00 | 8400.00 | Monthly,8400.00 | 8400.00 | Monthly,0.990
LIKELY_DUPLICATE,same title/location/advertiser + salary + very similar description,2047466,2047429,Estate Agent,Lincolnshire,The Property Experts,The Property Experts,8400.00 | 8400.00 | Monthly,8400.00 | 8400.00 | Monthly,0.990
LIKELY_DUPLICATE,same title/location/advertiser + salary + very similar description,2047466,2047445,Estate Agent,Lincolnshire,The Property Experts,The Property Experts,8400.00 | 8400.00 | Monthly,8400.00 | 8400.00 | Monthly,0.993
LIKELY_DUPLICATE,same title/location/advertiser + salary + very similar description,2047466,2047447,Estate Agent,Lincolnshire,The Property Experts,The Property Experts,8400.00 | 8400.00 | Monthly,8400.00 | 8400.00 | Monthly,0.990
LIKELY_DUPLICATE,same title/location/advertiser + salary + very similar description,2047466,2047461,Estate Agent,Lincolnshire,The Property Experts,The Property Experts,8400.00 | 8400.00 | Monthly,8400.00 | 8400.00 | Monthly,0.990
LIKELY_DUPLICATE,same title/location/advertiser + salary + very similar description,2047439,2047428,Estate Agent,Norfolk,The Property Experts,The Property Experts,8400.00 | 8400.00 | Monthly,8400.00 | 8400.00 | Monthly,0.991
LIKELY_DUPLICATE,same title/location/advertiser + salary + very similar description,2047443,2047428,Estate Agent,Norfolk,The Property Experts,The Property Experts,8400.00 | 8400.00 | Monthly,8400.00 | 8400.00 | Monthly,0.990
LIKELY_DUPLICATE,same title/location/advertiser + salary + very similar description,2047443,2047439,Estate Agent,Norfolk,The Property Experts,The Property Experts,8400.00 | 8400.00 | Monthly,8400.00 | 8400.00 | Monthly,0.990
LIKELY_DUPLICATE,same title/location/advertiser + salary + very similar description,2047473,2047428,Estate Agent,Norfolk,The Property Experts,The Property Experts,8400.00 | 8400.00 | Monthly,8400.00 | 8400.00 | Monthly,0.989
LIKELY_DUPLICATE,same title/location/advertiser + salary + very similar description,2047473,2047439,Estate Agent,Norfolk,The Property Experts,The Property Experts,8400.00 | 8400.00 | Monthly,8400.00 | 8400.00 | Monthly,0.990
LIKELY_DUPLICATE,same title/location/advertiser + salary + very similar description,2047473,2047443,Estate Agent,Norfolk,The Property Experts,The Property Experts,8400.00 | 8400.00 | Monthly,8400.00 | 8400.00 | Monthly,0.989
LIKELY_DUPLICATE,same title/location/advertiser + salary + very similar description,2047433,2047427,Estate Agent,Nottinghamshire,The Property Experts,The Property Experts,8400.00 | 8400.00 | Monthly,8400.00 | 8400.00 | Monthly,0.990
LIKELY_DUPLICATE,same title/location/advertiser + salary + very similar description,2047446,2047427,Estate Agent,Nottinghamshire,The Property Experts,The Property Experts,8400.00 | 8400.00 | Monthly,8400.00 | 8400.00 | Monthly,0.988
LIKELY_DUPLICATE,same title/location/advertiser + salary + very similar description,2047446,2047433,Estate Agent,Nottinghamshire,The Property Experts,The Property Experts,8400.00 | 8400.00 | Monthly,8400.00 | 8400.00 | Monthly,0.989
LIKELY_DUPLICATE,same title/location/advertiser + salary + very similar description,2047450,2047427,Estate Agent,Nottinghamshire,The Property Experts,The Property Experts,8400.00 | 8400.00 | Monthly,8400.00 | 8400.00 | Monthly,0.990
LIKELY_DUPLICATE,same title/location/advertiser + salary + very similar description,2047450,2047433,Estate Agent,Nottinghamshire,The Property Experts,The Property Experts,8400.00 | 8400.00 | Monthly,8400.00 | 8400.00 | Monthly,0.990
LIKELY_DUPLICATE,same title/location/advertiser + salary + very similar description,2047450,2047446,Estate Agent,Nottinghamshire,The Property Experts,The Property Experts,8400.00 | 8400.00 | Monthly,8400.00 | 8400.00 | Monthly,0.988
LIKELY_DUPLICATE,same title/location/advertiser + salary + very similar description,2047454,2047427,Estate Agent,Nottinghamshire,The Property Experts,The Property Experts,8400.00 | 8400.00 | Monthly,8400.00 | 8400.00 | Monthly,0.991
LIKELY_DUPLICATE,same title/location/advertiser + salary + very similar description,2047454,2047433,Estate Agent,Nottinghamshire,The Property Experts,The Property Experts,8400.00 | 8400.00 | Monthly,8400.00 | 8400.00 | Monthly,0.989
LIKELY_DUPLICATE,same title/location/advertiser + salary + very similar description,2047454,2047446,Estate Agent,Nottinghamshire,The Property Experts,The Property Experts,8400.00 | 8400.00 | Monthly,8400.00 | 8400.00 | Monthly,0.988
LIKELY_DUPLICATE,same title/location/advertiser + salary + very similar description,2047454,2047450,Estate Agent,Nottinghamshire,The Property Experts,The Property Experts,8400.00 | 8400.00 | Monthly,8400.00 | 8400.00 | Monthly,0.989
LIKELY_DUPLICATE,same title/location/advertiser + salary + very similar description,1978112,1977402,Estate Agent,Oxfordshire,Allen and Harris,Allen and Harris,Annual,Annual,0.991
LIKELY_DUPLICATE,same title/location/advertiser + salary + very similar description,1974786,2022700,Estate Agent,Somerset,The Property Experts,The Property Experts,8400.00 | 8400.00 | Monthly,8400.00 | 8400.00 | Monthly,0.990
LIKELY_DUPLICATE,same title/location/advertiser + salary + very similar description,1964124,2047413,Estate Agent,Suffolk,The Property Experts,The Property Experts,8400.00 | 8400.00 | Monthly,8400.00 | 8400.00 | Monthly,0.991
LIKELY_DUPLICATE,same title/location/advertiser + salary + very similar description,2047457,2047440,Estate Agent,Suffolk,The Property Experts,The Property Experts,8400.00 | 8400.00 | Monthly,8400.00 | 8400.00 | Monthly,0.991
LIKELY_DUPLICATE,same title/location/advertiser + salary + very similar description,2047479,2047440,Estate Agent,Suffolk,The Property Experts,The Property Experts,8400.00 | 8400.00 | Monthly,8400.00 | 8400.00 | Monthly,0.990
LIKELY_DUPLICATE,same title/location/advertiser + salary + very similar description,2047479,2047457,Estate Agent,Suffolk,The Property Experts,The Property Experts,8400.00 | 8400.00 | Monthly,8400.00 | 8400.00 | Monthly,0.990
LIKELY_DUPLICATE,same title/location/advertiser + salary + very similar description,2047469,2047415,Estate Agent,Sussex,The Property Experts,The Property Experts,8400.00 | 8400.00 | Monthly,8400.00 | 8400.00 | Monthly,0.991
LIKELY_DUPLICATE,same title/location/advertiser + salary + very similar description,2047414,2047411,Estate Agent,Warwickshire,The Property Experts,The Property Experts,8400.00 | 8400.00 | Monthly,8400.00 | 8400.00 | Monthly,0.990
LIKELY_DUPLICATE,same title/location/advertiser + salary + very similar description,1908621,1908614,Estate Agent,Yorkshire,William H Brown,William H Brown,Annual,Annual,0.988
LIKELY_DUPLICATE,same title/location/advertiser + salary + very similar description,1885416,1885394,Estate Agent Branch Sales Manager,Surrey,Kings Permanent Recruitment for Estate Agents & Financial Services Professionals,Kings Permanent Recruitment for Estate Agents & Financial Services Professionals,30000.00 | 30000.00 | Annual,30000.00 | 30000.00 | Annual,0.989
LIKELY_DUPLICATE,same title/location/advertiser + salary + very similar description,1881267,1881264,Estate Agent Property Valuer / Lister,Kent,Kings Permanent Recruitment for Estate Agents & Financial Services Professionals,Kings Permanent Recruitment for Estate Agents & Financial Services Professionals,Annual,Annual,0.993
LIKELY_DUPLICATE,same title/location/advertiser + salary + very similar description,1974856,1974833,Estate Agent Selling Luxury Homes,Gloucestershire,Fine & Country,Fine & Country,100000.00 | 120000.00 | Annual,100000.00 | 120000.00 | Annual,0.961
LIKELY_DUPLICATE,same title/location/advertiser + salary + very similar description,1974867,1974853,Estate Agent Selling Luxury Homes,Shropshire,Fine & Country,Fine & Country,100000.00 | 120000.00 | Annual,100000.00 | 120000.00 | Annual,0.954
LIKELY_DUPLICATE,same title/location/advertiser + salary + very similar description,1974858,1974836,Estate Agent Selling Luxury Homes,Surrey,Fine & Country,Fine & Country,100000.00 | 120000.00 | Annual,100000.00 | 120000.00 | Annual,0.904
LIKELY_DUPLICATE,same title/location/advertiser + salary + very similar description,1974860,1974836,Estate Agent Selling Luxury Homes,Surrey,Fine & Country,Fine & Country,100000.00 | 120000.00 | Annual,100000.00 | 120000.00 | Annual,0.954
LIKELY_DUPLICATE,same title/location/advertiser + salary + very similar description,1974860,1974858,Estate Agent Selling Luxury Homes,Surrey,Fine & Country,Fine & Country,100000.00 | 120000.00 | Annual,100000.00 | 120000.00 | Annual,0.926
LIKELY_DUPLICATE,same title/location/advertiser + salary + very similar description,1974857,1974828,Estate Agent Selling Luxury Homes,Warwickshire,Fine & Country,Fine & Country,100000.00 | 120000.00 | Annual,100000.00 | 120000.00 | Annual,0.948
LIKELY_DUPLICATE,same title/location/advertiser + salary + very similar description,1974861,1974828,Estate Agent Selling Luxury Homes,Warwickshire,Fine & Country,Fine & Country,100000.00 | 120000.00 | Annual,100000.00 | 120000.00 | Annual,0.953
LIKELY_DUPLICATE,same title/location/advertiser + salary + very similar description,1974861,1974857,Estate Agent Selling Luxury Homes,Warwickshire,Fine & Country,Fine & Country,100000.00 | 120000.00 | Annual,100000.00 | 120000.00 | Annual,0.975
LIKELY_DUPLICATE,same title/location/advertiser + salary + very similar description,1974866,1974828,Estate Agent Selling Luxury Homes,Warwickshire,Fine & Country,Fine & Country,100000.00 | 120000.00 | Annual,100000.00 | 120000.00 | Annual,0.976
LIKELY_DUPLICATE,same title/location/advertiser + salary + very similar description,1974866,1974857,Estate Agent Selling Luxury Homes,Warwickshire,Fine & Country,Fine & Country,100000.00 | 120000.00 | Annual,100000.00 | 120000.00 | Annual,0.948
LIKELY_DUPLICATE,same title/location/advertiser + salary + very similar description,1974866,1974861,Estate Agent Selling Luxury Homes,Warwickshire,Fine & Country,Fine & Country,100000.00 | 120000.00 | Annual,100000.00 | 120000.00 | Annual,0.952
LIKELY_DUPLICATE,same title/location/advertiser + salary + very similar description,107978512,108036653,Estate Planning Consultant,Hertfordshire,CITRUS CONNECT LTD,CITRUS CONNECT LTD,70000.00 | 70000.00 | Annual,70000.00 | 70000.00 | Annual,0.943
LIKELY_DUPLICATE,same title/location/advertiser + salary + very similar description,107978503,108036622,Estate Planning Consultant,Lancashire,CITRUS CONNECT LTD,CITRUS CONNECT LTD,70000.00 | 70000.00 | Annual,70000.00 | 70000.00 | Annual,0.947
LIKELY_DUPLICATE,same title/location/advertiser + salary + very similar description,107978451,108036643,Estate Planning Consultant,Somerset,CITRUS CONNECT LTD,CITRUS CONNECT LTD,70000.00 | 70000.00 | Annual,70000.00 | 70000.00 | Annual,0.947
LIKELY_DUPLICATE,same title/location/advertiser + salary + very similar description,107978459,107978478,Estate Planning Consultant,Surrey,CITRUS CONNECT LTD,CITRUS CONNECT LTD,70000.00 | 70000.00 | Annual,70000.00 | 70000.00 | Annual,0.942
LIKELY_DUPLICATE,same title/location/advertiser + salary + very similar description,107978481,108036636,Estate Planning Consultant,Tyne And Wear,CITRUS CONNECT LTD,CITRUS CONNECT LTD,70000.00 | 70000.00 | Annual,70000.00 | 70000.00 | Annual,0.949
LIKELY_DUPLICATE,same title/location/advertiser + salary + very similar description,108036635,108036646,Estate Planning Consultant,Yorkshire,CITRUS CONNECT LTD,CITRUS CONNECT LTD,70000.00 | 70000.00 | Annual,70000.00 | 70000.00 | Annual,0.947
LIKELY_DUPLICATE,same title/location/advertiser + salary + very similar description,108036635,108036657,Estate Planning Consultant,Yorkshire,CITRUS CONNECT LTD,CITRUS CONNECT LTD,70000.00 | 70000.00 | Annual,70000.00 | 70000.00 | Annual,0.945
LIKELY_DUPLICATE,same title/location/advertiser + salary + very similar description,108036657,108036646,Estate Planning Consultant,Yorkshire,CITRUS CONNECT LTD,CITRUS CONNECT LTD,70000.00 | 70000.00 | Annual,70000.00 | 70000.00 | Annual,0.945
LIKELY_DUPLICATE,same title/location/advertiser + salary + very similar description,EthicalHacker016045,EthicalHacker016025,Ethical Hacker,Devon,Newto Training,Newto Training,Annual,Annual,0.985
LIKELY_DUPLICATE,same title/location/advertiser + salary + very similar description,EthicalHacker016016,EthicalHacker016011,Ethical Hacker,Gloucestershire,Newto Training,Newto Training,Annual,Annual,0.986
LIKELY_DUPLICATE,same title/location/advertiser + salary + very similar description,EthicalHacker016052,EthicalHacker016049,Ethical Hacker,Hampshire,Newto Training,Newto Training,Annual,Annual,0.983
LIKELY_DUPLICATE,same title/location/advertiser + salary + very similar description,EthicalHacker016015,EthicalHacker016013,Ethical Hacker,Kent,Newto Training,Newto Training,Annual,Annual,0.982
LIKELY_DUPLICATE,same title/location/advertiser + salary + very similar description,EthicalHacker016034,EthicalHacker016007,Ethical Hacker,Lancashire,Newto Training,Newto Training,Annual,Annual,0.985
LIKELY_DUPLICATE,same title/location/advertiser + salary + very similar description,EthicalHacker016036,EthicalHacker016007,Ethical Hacker,Lancashire,Newto Training,Newto Training,Annual,Annual,0.983
LIKELY_DUPLICATE,same title/location/advertiser + salary + very similar description,EthicalHacker016036,EthicalHacker016034,Ethical Hacker,Lancashire,Newto Training,Newto Training,Annual,Annual,0.985
LIKELY_DUPLICATE,same title/location/advertiser + salary + very similar description,EthicalHacker016046,EthicalHacker016007,Ethical Hacker,Lancashire,Newto Training,Newto Training,Annual,Annual,0.982
LIKELY_DUPLICATE,same title/location/advertiser + salary + very similar description,EthicalHacker016046,EthicalHacker016034,Ethical Hacker,Lancashire,Newto Training,Newto Training,Annual,Annual,0.982
LIKELY_DUPLICATE,same title/location/advertiser + salary + very similar description,EthicalHacker016046,EthicalHacker016036,Ethical Hacker,Lancashire,Newto Training,Newto Training,Annual,Annual,0.984
LIKELY_DUPLICATE,same title/location/advertiser + salary + very similar description,EthicalHacker016035,EthicalHacker016032,Ethical Hacker,Leicestershire,Newto Training,Newto Training,Annual,Annual,0.984
LIKELY_DUPLICATE,same title/location/advertiser + salary + very similar description,EthicalHacker016047,EthicalHacker016044,Ethical Hacker,Oxfordshire,Newto Training,Newto Training,Annual,Annual,0.983
LIKELY_DUPLICATE,same title/location/advertiser + salary + very similar description,EthicalHacker016050,EthicalHacker016006,Ethical Hacker,Staffordshire,Newto Training,Newto Training,Annual,Annual,0.982
LIKELY_DUPLICATE,same title/location/advertiser + salary + very similar description,EthicalHacker016053,EthicalHacker016006,Ethical Hacker,Staffordshire,Newto Training,Newto Training,Annual,Annual,0.982
LIKELY_DUPLICATE,same title/location/advertiser + salary + very similar description,EthicalHacker016053,EthicalHacker016050,Ethical Hacker,Staffordshire,Newto Training,Newto Training,Annual,Annual,0.983
LIKELY_DUPLICATE,same title/location/advertiser + salary + very similar description,EthicalHacker016017,EthicalHacker016010,Ethical Hacker,Sussex,Newto Training,Newto Training,Annual,Annual,0.981
LIKELY_DUPLICATE,same title/location/advertiser + salary + very similar description,EthicalHacker016009,EthicalHacker016003,Ethical Hacker,Yorkshire,Newto Training,Newto Training,Annual,Annual,0.984
LIKELY_DUPLICATE,same title/location/advertiser + salary + very similar description,EthicalHacker016021,EthicalHacker016003,Ethical Hacker,Yorkshire,Newto Training,Newto Training,Annual,Annual,0.982
LIKELY_DUPLICATE,same title/location/advertiser + salary + very similar description,EthicalHacker016021,EthicalHacker016009,Ethical Hacker,Yorkshire,Newto Training,Newto Training,Annual,Annual,0.981
LIKELY_DUPLICATE,same title/location/advertiser + salary + very similar description,EthicalHacker016029,EthicalHacker016003,Ethical Hacker,Yorkshire,Newto Training,Newto Training,Annual,Annual,0.989
LIKELY_DUPLICATE,same title/location/advertiser + salary + very similar description,EthicalHacker016029,EthicalHacker016009,Ethical Hacker,Yorkshire,Newto Training,Newto Training,Annual,Annual,0.983
LIKELY_DUPLICATE,same title/location/advertiser + salary + very similar description,EthicalHacker016029,EthicalHacker016021,Ethical Hacker,Yorkshire,Newto Training,Newto Training,Annual,Annual,0.980
LIKELY_DUPLICATE,same title/location/advertiser + salary + very similar description,EthicalHacker016031,EthicalHacker016003,Ethical Hacker,Yorkshire,Newto Training,Newto Training,Annual,Annual,0.983
LIKELY_DUPLICATE,same title/location/advertiser + salary + very similar description,EthicalHacker016031,EthicalHacker016009,Ethical Hacker,Yorkshire,Newto Training,Newto Training,Annual,Annual,0.983
LIKELY_DUPLICATE,same title/location/advertiser + salary + very similar description,EthicalHacker016031,EthicalHacker016021,Ethical Hacker,Yorkshire,Newto Training,Newto Training,Annual,Annual,0.984
LIKELY_DUPLICATE,same title/location/advertiser + salary + very similar description,EthicalHacker016031,EthicalHacker016029,Ethical Hacker,Yorkshire,Newto Training,Newto Training,Annual,Annual,0.982
LIKELY_DUPLICATE,same title/location/advertiser + salary + very similar description,EthicalHacker016037,EthicalHacker016003,Ethical Hacker,Yorkshire,Newto Training,Newto Training,Annual,Annual,0.983
LIKELY_DUPLICATE,same title/location/advertiser + salary + very similar description,EthicalHacker016037,EthicalHacker016009,Ethical Hacker,Yorkshire,Newto Training,Newto Training,Annual,Annual,0.983
LIKELY_DUPLICATE,same title/location/advertiser + salary + very similar description,EthicalHacker016037,EthicalHacker016021,Ethical Hacker,Yorkshire,Newto Training,Newto Training,Annual,Annual,0.983
LIKELY_DUPLICATE,same title/location/advertiser + salary + very similar description,EthicalHacker016037,EthicalHacker016029,Ethical Hacker,Yorkshire,Newto Training,Newto Training,Annual,Annual,0.985
LIKELY_DUPLICATE,same title/location/advertiser + salary + very similar description,EthicalHacker016037,EthicalHacker016031,Ethical Hacker,Yorkshire,Newto Training,Newto Training,Annual,Annual,0.983
LIKELY_DUPLICATE,same title/location/advertiser + salary + very similar description,EthicalHacker016048,EthicalHacker016003,Ethical Hacker,Yorkshire,Newto Training,Newto Training,Annual,Annual,0.983
LIKELY_DUPLICATE,same title/location/advertiser + salary + very similar description,EthicalHacker016048,EthicalHacker016009,Ethical Hacker,Yorkshire,Newto Training,Newto Training,Annual,Annual,0.983
LIKELY_DUPLICATE,same title/location/advertiser + salary + very similar description,EthicalHacker016048,EthicalHacker016021,Ethical Hacker,Yorkshire,Newto Training,Newto Training,Annual,Annual,0.983
LIKELY_DUPLICATE,same title/location/advertiser + salary + very similar description,EthicalHacker016048,EthicalHacker016029,Ethical Hacker,Yorkshire,Newto Training,Newto Training,Annual,Annual,0.982
LIKELY_DUPLICATE,same title/location/advertiser + salary + very similar description,EthicalHacker016048,EthicalHacker016031,Ethical Hacker,Yorkshire,Newto Training,Newto Training,Annual,Annual,0.983
LIKELY_DUPLICATE,same title/location/advertiser + salary + very similar description,EthicalHacker016048,EthicalHacker016037,Ethical Hacker,Yorkshire,Newto Training,Newto Training,Annual,Annual,0.983
LIKELY_DUPLICATE,same title/location/advertiser + salary + very similar description,EthicalHacker016054,EthicalHacker016003,Ethical Hacker,Yorkshire,Newto Training,Newto Training,Annual,Annual,0.988
LIKELY_DUPLICATE,same title/location/advertiser + salary + very similar description,EthicalHacker016054,EthicalHacker016009,Ethical Hacker,Yorkshire,Newto Training,Newto Training,Annual,Annual,0.985
LIKELY_DUPLICATE,same title/location/advertiser + salary + very similar description,EthicalHacker016054,EthicalHacker016021,Ethical Hacker,Yorkshire,Newto Training,Newto Training,Annual,Annual,0.981
LIKELY_DUPLICATE,same title/location/advertiser + salary + very similar description,EthicalHacker016054,EthicalHacker016029,Ethical Hacker,Yorkshire,Newto Training,Newto Training,Annual,Annual,0.989
LIKELY_DUPLICATE,same title/location/advertiser + salary + very similar description,EthicalHacker016054,EthicalHacker016031,Ethical Hacker,Yorkshire,Newto Training,Newto Training,Annual,Annual,0.983
LIKELY_DUPLICATE,same title/location/advertiser + salary + very similar description,EthicalHacker016054,EthicalHacker016037,Ethical Hacker,Yorkshire,Newto Training,Newto Training,Annual,Annual,0.986
LIKELY_DUPLICATE,same title/location/advertiser + salary + very similar description,EthicalHacker016054,EthicalHacker016048,Ethical Hacker,Yorkshire,Newto Training,Newto Training,Annual,Annual,0.985
LIKELY_DUPLICATE,same title/location/advertiser + salary + very similar description,107936179,107936177,Ethical Hacker / Penetration Tester no experience needed,London,NEWTO TRAINING LIMITED,NEWTO TRAINING LIMITED,65000.00 | 65000.00 | Annual,65000.00 | 65000.00 | Annual,0.950
LIKELY_DUPLICATE,same title/location/advertiser + salary + very similar description,2013302,2012746,Family Law Fee Earner,Wiltshire,Clear Legal & Financial Recruitment,Clear Legal & Financial Recruitment,Annual,Annual,0.991
LIKELY_DUPLICATE,same title/location/advertiser + salary + very similar description,1938460,1938416,Family Solicitor,Essex,Reed,Reed,Annual,Annual,0.897
LIKELY_DUPLICATE,same title/location/advertiser + salary + very similar description,2051580,2051563,Family Solicitor NQ+ / Legal Executive,Essex,Reed,REED,Annual,Annual,0.937
LIKELY_DUPLICATE,same title/location/advertiser + salary + very similar description,2039211,2039210,Female Night Support Worker,Yorkshire,Active Care Group,Active Care Group,Hourly,Hourly,0.992
LIKELY_DUPLICATE,same title/location/advertiser + salary + very similar description,2039212,2039210,Female Night Support Worker,Yorkshire,Active Care Group,Active Care Group,Hourly,Hourly,0.990
LIKELY_DUPLICATE,same title/location/advertiser + salary + very similar description,2039212,2039211,Female Night Support Worker,Yorkshire,Active Care Group,Active Care Group,Hourly,Hourly,0.991
LIKELY_DUPLICATE,same title/location/advertiser + salary + very similar description,2039273,2039210,Female Night Support Worker,Yorkshire,Active Care Group,Active Care Group,Hourly,Hourly,0.990
LIKELY_DUPLICATE,same title/location/advertiser + salary + very similar description,2039273,2039211,Female Night Support Worker,Yorkshire,Active Care Group,Active Care Group,Hourly,Hourly,0.991
LIKELY_DUPLICATE,same title/location/advertiser + salary + very similar description,2039273,2039212,Female Night Support Worker,Yorkshire,Active Care Group,Active Care Group,Hourly,Hourly,0.992
LIKELY_DUPLICATE,same title/location/advertiser + salary + very similar description,2052459,2052433,Female Support Worker,Wiltshire,Active Care Group,Active Care Group,Hourly,Hourly,0.988
LIKELY_DUPLICATE,same title/location/advertiser + salary + very similar description,107900791,108042823,Field Sales Executive,Hampshire,Charity Link,Charity Link,Annual,Annual,0.935
LIKELY_DUPLICATE,same title/location/advertiser + salary + very similar description,107918082,107918085,Field Sales Executive,Hertfordshire,SumUp Payments Limited,SumUp Payments Limited,Annual,Annual,0.935
LIKELY_DUPLICATE,same title/location/advertiser + salary + very similar description,107931499,108009892,Field Sales Executive,Kent,SumUp Payments Limited,SumUp Payments Limited,Annual,Annual,0.946
LIKELY_DUPLICATE,same title/location/advertiser + salary + very similar description,107882420,107882483,Field Sales Representative,Angus,Virgin Media O2,Virgin Media O2,26000.00 | 26000.00 | Annual,26000.00 | 26000.00 | Annual,0.933
LIKELY_DUPLICATE,same title/location/advertiser + salary + very similar description,107880688,107882820,Field Sales Representative,Ayrshire,Virgin Media O2,Virgin Media O2,26000.00 | 26000.00 | Annual,26000.00 | 26000.00 | Annual,0.935
LIKELY_DUPLICATE,same title/location/advertiser + salary + very similar description,107905536,107905539,Field Sales Representative,Berkshire,CITRUS CONNECT LTD,CITRUS CONNECT LTD,70000.00 | 70000.00 | Annual,70000.00 | 70000.00 | Annual,0.951
LIKELY_DUPLICATE,same title/location/advertiser + salary + very similar description,107956599,107956591,Field Sales Representative,Dorset,CITRUS CONNECT LTD,CITRUS CONNECT LTD,100000.00 | 100000.00 | Annual,100000.00 | 100000.00 | Annual,0.950
LIKELY_DUPLICATE,same title/location/advertiser + salary + very similar description,108006368,108016440,Field Sales Representative,Nottinghamshire,Virgin Media O2,Virgin Media O2,26000.00 | 26000.00 | Annual,26000.00 | 26000.00 | Annual,0.935
LIKELY_DUPLICATE,same title/location/advertiser + salary + very similar description,107956607,107956589,Field Sales Representative,Somerset,CITRUS CONNECT LTD,CITRUS CONNECT LTD,100000.00 | 100000.00 | Annual,100000.00 | 100000.00 | Annual,0.947
LIKELY_DUPLICATE,same title/location/advertiser + salary + very similar description,107905527,107905528,Field Sales Representative,Surrey,CITRUS CONNECT LTD,CITRUS CONNECT LTD,70000.00 | 70000.00 | Annual,70000.00 | 70000.00 | Annual,0.950
LIKELY_DUPLICATE,same title/location/advertiser + salary + very similar description,107970546,107970635,Field Sales Representative,Yorkshire,Virgin Media O2,Virgin Media O2,26000.00 | 26000.00 | Annual,26000.00 | 26000.00 | Annual,0.931
LIKELY_DUPLICATE,same title/location/advertiser + salary + very similar description,1884363,1884361,Financial Adviser,Yorkshire,Exchange Street Claims & Financial Services,Exchange Street Claims & Financial Services,56000.00 | 80000.00 | Annual,56000.00 | 80000.00 | Annual,0.986
LIKELY_DUPLICATE,same title/location/advertiser + salary + very similar description,1884364,1884361,Financial Adviser,Yorkshire,Exchange Street Claims & Financial Services,Exchange Street Claims & Financial Services,56000.00 | 80000.00 | Annual,56000.00 | 80000.00 | Annual,0.986
LIKELY_DUPLICATE,same title/location/advertiser + salary + very similar description,1884364,1884363,Financial Adviser,Yorkshire,Exchange Street Claims & Financial Services,Exchange Street Claims & Financial Services,56000.00 | 80000.00 | Annual,56000.00 | 80000.00 | Annual,0.985
LIKELY_DUPLICATE,same title/location/advertiser + salary + very similar description,1884365,1884361,Financial Adviser,Yorkshire,Exchange Street Claims & Financial Services,Exchange Street Claims & Financial Services,56000.00 | 80000.00 | Annual,56000.00 | 80000.00 | Annual,0.988
LIKELY_DUPLICATE,same title/location/advertiser + salary + very similar description,1884365,1884363,Financial Adviser,Yorkshire,Exchange Street Claims & Financial Services,Exchange Street Claims & Financial Services,56000.00 | 80000.00 | Annual,56000.00 | 80000.00 | Annual,0.985
LIKELY_DUPLICATE,same title/location/advertiser + salary + very similar description,1884365,1884364,Financial Adviser,Yorkshire,Exchange Street Claims & Financial Services,Exchange Street Claims & Financial Services,56000.00 | 80000.00 | Annual,56000.00 | 80000.00 | Annual,0.985
LIKELY_DUPLICATE,same title/location/advertiser + salary + very similar description,1884366,1884361,Financial Adviser,Yorkshire,Exchange Street Claims & Financial Services,Exchange Street Claims & Financial Services,56000.00 | 80000.00 | Annual,56000.00 | 80000.00 | Annual,0.985
LIKELY_DUPLICATE,same title/location/advertiser + salary + very similar description,1884366,1884363,Financial Adviser,Yorkshire,Exchange Street Claims & Financial Services,Exchange Street Claims & Financial Services,56000.00 | 80000.00 | Annual,56000.00 | 80000.00 | Annual,0.987
LIKELY_DUPLICATE,same title/location/advertiser + salary + very similar description,1884366,1884364,Financial Adviser,Yorkshire,Exchange Street Claims & Financial Services,Exchange Street Claims & Financial Services,56000.00 | 80000.00 | Annual,56000.00 | 80000.00 | Annual,0.986
LIKELY_DUPLICATE,same title/location/advertiser + salary + very similar description,1884366,1884365,Financial Adviser,Yorkshire,Exchange Street Claims & Financial Services,Exchange Street Claims & Financial Services,56000.00 | 80000.00 | Annual,56000.00 | 80000.00 | Annual,0.986
LIKELY_DUPLICATE,same title/location/advertiser + salary + very similar description,2017828,2049509,Financial Adviser,Yorkshire,Recruit UK,Recruit UK,100000.00 | 100000.00 | Annual,100000.00 | 100000.00 | Annual,0.944
LIKELY_DUPLICATE,same title/location/advertiser + salary + very similar description,2017840,2017828,Financial Adviser,Yorkshire,Recruit UK,Recruit UK,100000.00 | 100000.00 | Annual,100000.00 | 100000.00 | Annual,0.986
LIKELY_DUPLICATE,same title/location/advertiser + salary + very similar description,2017840,2049509,Financial Adviser,Yorkshire,Recruit UK,Recruit UK,100000.00 | 100000.00 | Annual,100000.00 | 100000.00 | Annual,0.944
LIKELY_DUPLICATE,same title/location/advertiser + salary + very similar description,1881623,1881618,Financial Advisor,Warwickshire,Resource Matters Ltd,Resource Matters Ltd,220000.00 | 220000.00 | Annual,220000.00 | 220000.00 | Annual,0.980
LIKELY_DUPLICATE,same title/location/advertiser + salary + very similar description,1881746,1881684,Financial Advisor,West Midlands,Resource Matters Ltd,Resource Matters Ltd,220000.00 | 220000.00 | Annual,220000.00 | 220000.00 | Annual,0.977
LIKELY_DUPLICATE,same title/location/advertiser + salary + very similar description,1881761,1881684,Financial Advisor,West Midlands,Resource Matters Ltd,Resource Matters Ltd,220000.00 | 220000.00 | Annual,220000.00 | 220000.00 | Annual,0.978
LIKELY_DUPLICATE,same title/location/advertiser + salary + very similar description,1881761,1881746,Financial Advisor,West Midlands,Resource Matters Ltd,Resource Matters Ltd,220000.00 | 220000.00 | Annual,220000.00 | 220000.00 | Annual,0.977
LIKELY_DUPLICATE,same title/location/advertiser + salary + very similar description,1881764,1881645,Financial Advisor,Worcestershire,Resource Matters Ltd,Resource Matters Ltd,220000.00 | 220000.00 | Annual,220000.00 | 220000.00 | Annual,0.977
LIKELY_DUPLICATE,same title/location/advertiser + salary + very similar description,2017992,2017924,Financial Controller,Cheshire,RG Consultancy Ltd,RG Consultancy Ltd,Annual,Annual,0.985
LIKELY_DUPLICATE,same title/location/advertiser + salary + very similar description,2043644,2043639,Financial Planning Manager,Birmingham,Premier Jobs UK Limited,Premier Jobs UK Limited,80000.00 | 80000.00 | Annual,80000.00 | 80000.00 | Annual,0.993
LIKELY_DUPLICATE,same title/location/advertiser + salary + very similar description,1881325,1881383,Floating Lettings Manager,Kent,Kings Permanent Recruitment for Estate Agents & Financial Services Professionals,Kings Permanent Recruitment for Estate Agents & Financial Services Professionals,Annual,Annual,0.994
LIKELY_DUPLICATE,same title/location/advertiser + salary + very similar description,1906808,2024627,Forex Funded Trader - Remote,Hertfordshire,Samuel & Co Trading,Samuel & Co Trading,Annual,Annual,0.992
LIKELY_DUPLICATE,same title/location/advertiser + salary + very similar description,107988328,107988329,Graduate Recruitment Consultant (Uncapped Commission),Somerset,Ernest Gordon Recruitment,Ernest Gordon Recruitment,28000.00 | 28000.00 | Annual,28000.00 | 28000.00 | Annual,0.939
LIKELY_DUPLICATE,same title/location/advertiser + salary + very similar description,107988328,108011885,Graduate Recruitment Consultant (Uncapped Commission),Somerset,Ernest Gordon Recruitment,Ernest Gordon Recruitment,28000.00 | 28000.00 | Annual,28000.00 | 28000.00 | Annual,0.923
LIKELY_DUPLICATE,same title/location/advertiser + salary + very similar description,107988328,108041135,Graduate Recruitment Consultant (Uncapped Commission),Somerset,Ernest Gordon Recruitment,Ernest Gordon Recruitment,28000.00 | 28000.00 | Annual,28000.00 | 28000.00 | Annual,0.944
LIKELY_DUPLICATE,same title/location/advertiser + salary + very similar description,107921236,107988327,Graduate Recruitment Consultant - No Experience Needed,Somerset,Ernest Gordon Recruitment,Ernest Gordon Recruitment,28000.00 | 28000.00 | Annual,28000.00 | 28000.00 | Annual,0.953
LIKELY_DUPLICATE,same title/location/advertiser + salary + very similar description,107988329,108011885,Graduate Recruitment Consultant - Uncapped Commission,Somerset,Ernest Gordon Recruitment,Ernest Gordon Recruitment,28000.00 | 28000.00 | Annual,28000.00 | 28000.00 | Annual,0.939
LIKELY_DUPLICATE,same title/location/advertiser + salary + very similar description,107988329,108041135,Graduate Recruitment Consultant - Uncapped Commission,Somerset,Ernest Gordon Recruitment,Ernest Gordon Recruitment,28000.00 | 28000.00 | Annual,28000.00 | 28000.00 | Annual,0.925
LIKELY_DUPLICATE,same title/location/advertiser + salary + very similar description,108011885,108041135,Graduate Recruitment Consultant - Uncapped Commission,Somerset,Ernest Gordon Recruitment,Ernest Gordon Recruitment,28000.00 | 28000.00 | Annual,28000.00 | 28000.00 | Annual,0.936
LIKELY_DUPLICATE,same title/location/advertiser + salary + very similar description,2048787,2048782,Graduate Town Planner,Essex,Penguin Recruitment Ltd,Penguin Recruitment Ltd,Annual,Annual,0.987
LIKELY_DUPLICATE,same title/location/advertiser + salary + very similar description,21582_111807938,21582_111807935,Head of Group FP&A,Essex,A&O Shearman,A&O Shearman,Annual,Annual,0.997
LIKELY_DUPLICATE,same title/location/advertiser + salary + very similar description,2043483,2043480,Head of HR,Surrey,Ashdown Group,Ashdown Group,Annual,Annual,0.984
LIKELY_DUPLICATE,same title/location/advertiser + salary + very similar description,1852436,1852365,Healthcare Assistant/ Support worker,Suffolk,PROXYCARE LIMITED,PROXYCARE LIMITED,Annual,Annual,0.990
LIKELY_DUPLICATE,same title/location/advertiser + salary + very similar description,1879594,1879576,Healthcare Practitioner - Nurse,Yorkshire,Maximus,Maximus,39500.00 | 39500.00 | Annual,39500.00 | 39500.00 | Annual,0.890
LIKELY_DUPLICATE,same title/location/advertiser + salary + very similar description,1879623,1879576,Healthcare Practitioner - Nurse,Yorkshire,Maximus,Maximus,39500.00 | 39500.00 | Annual,39500.00 | 39500.00 | Annual,0.899
LIKELY_DUPLICATE,same title/location/advertiser + salary + very similar description,1879623,1879594,Healthcare Practitioner - Nurse,Yorkshire,Maximus,Maximus,39500.00 | 39500.00 | Annual,39500.00 | 39500.00 | Annual,0.985
LIKELY_DUPLICATE,same title/location/advertiser + salary + very similar description,1879647,1879576,Healthcare Practitioner - Nurse,Yorkshire,Maximus,Maximus,39500.00 | 39500.00 | Annual,39500.00 | 39500.00 | Annual,0.893
LIKELY_DUPLICATE,same title/location/advertiser + salary + very similar description,1879647,1879594,Healthcare Practitioner - Nurse,Yorkshire,Maximus,Maximus,39500.00 | 39500.00 | Annual,39500.00 | 39500.00 | Annual,0.992
LIKELY_DUPLICATE,same title/location/advertiser + salary + very similar description,1879647,1879623,Healthcare Practitioner - Nurse,Yorkshire,Maximus,Maximus,39500.00 | 39500.00 | Annual,39500.00 | 39500.00 | Annual,0.982
LIKELY_DUPLICATE,same title/location/advertiser + salary + very similar description,1879583,2049476,"Healthcare Practitioner - Nurse, UK",Cheshire,Maximus,Maximus,39500.00 | 39500.00 | Annual,39500.00 | 39500.00 | Annual,0.937
LIKELY_DUPLICATE,same title/location/advertiser + salary + very similar description,1879583,2049477,"Healthcare Practitioner - Nurse, UK",Cheshire,Maximus,Maximus,39500.00 | 39500.00 | Annual,39500.00 | 39500.00 | Annual,0.937
LIKELY_DUPLICATE,same title/location/advertiser + salary + very similar description,2049477,2049476,"Healthcare Practitioner - Nurse, UK",Cheshire,Maximus,Maximus,39500.00 | 39500.00 | Annual,39500.00 | 39500.00 | Annual,0.991
LIKELY_DUPLICATE,same title/location/advertiser + salary + very similar description,1879578,2049474,"Healthcare Practitioner - Nurse, UK",County Durham,Maximus,Maximus,39500.00 | 39500.00 | Annual,39500.00 | 39500.00 | Annual,0.932
LIKELY_DUPLICATE,same title/location/advertiser + salary + very similar description,1879578,2049480,"Healthcare Practitioner - Nurse, UK",County Durham,Maximus,Maximus,39500.00 | 39500.00 | Annual,39500.00 | 39500.00 | Annual,0.933
LIKELY_DUPLICATE,same title/location/advertiser + salary + very similar description,1879600,1879578,"Healthcare Practitioner - Nurse, UK",County Durham,Maximus,Maximus,39500.00 | 39500.00 | Annual,39500.00 | 39500.00 | Annual,0.877
LIKELY_DUPLICATE,same title/location/advertiser + salary + very similar description,1879600,2049474,"Healthcare Practitioner - Nurse, UK",County Durham,Maximus,Maximus,39500.00 | 39500.00 | Annual,39500.00 | 39500.00 | Annual,0.920
LIKELY_DUPLICATE,same title/location/advertiser + salary + very similar description,1879600,2049480,"Healthcare Practitioner - Nurse, UK",County Durham,Maximus,Maximus,39500.00 | 39500.00 | Annual,39500.00 | 39500.00 | Annual,0.919
LIKELY_DUPLICATE,same title/location/advertiser + salary + very similar description,2049480,2049474,"Healthcare Practitioner - Nurse, UK",County Durham,Maximus,Maximus,39500.00 | 39500.00 | Annual,39500.00 | 39500.00 | Annual,0.991
LIKELY_DUPLICATE,same title/location/advertiser + salary + very similar description,1879633,1879631,"Healthcare Practitioner - Nurse, UK",Cumbria,Maximus,Maximus,39500.00 | 39500.00 | Annual,39500.00 | 39500.00 | Annual,0.991
LIKELY_DUPLICATE,same title/location/advertiser + salary + very similar description,1879584,1879582,"Healthcare Practitioner - Nurse, UK",Gwynedd,Maximus,Maximus,39500.00 | 39500.00 | Annual,39500.00 | 39500.00 | Annual,0.992
LIKELY_DUPLICATE,same title/location/advertiser + salary + very similar description,1879568,1889376,"Healthcare Practitioner - Nurse, UK",Lancashire,Maximus,Maximus,39500.00 | 39500.00 | Annual,39500.00 | 39500.00 | Annual,0.965
LIKELY_DUPLICATE,same title/location/advertiser + salary + very similar description,1879568,1889379,"Healthcare Practitioner - Nurse, UK",Lancashire,Maximus,Maximus,39500.00 | 39500.00 | Annual,39500.00 | 39500.00 | Annual,0.976
LIKELY_DUPLICATE,same title/location/advertiser + salary + very similar description,1879568,2049482,"Healthcare Practitioner - Nurse, UK",Lancashire,Maximus,Maximus,39500.00 | 39500.00 | Annual,39500.00 | 39500.00 | Annual,0.976
LIKELY_DUPLICATE,same title/location/advertiser + salary + very similar description,1879568,2049485,"Healthcare Practitioner - Nurse, UK",Lancashire,Maximus,Maximus,39500.00 | 39500.00 | Annual,39500.00 | 39500.00 | Annual,0.976
LIKELY_DUPLICATE,same title/location/advertiser + salary + very similar description,1879587,1879568,"Healthcare Practitioner - Nurse, UK",Lancashire,Maximus,Maximus,39500.00 | 39500.00 | Annual,39500.00 | 39500.00 | Annual,0.931
LIKELY_DUPLICATE,same title/location/advertiser + salary + very similar description,1879587,1889376,"Healthcare Practitioner - Nurse, UK",Lancashire,Maximus,Maximus,39500.00 | 39500.00 | Annual,39500.00 | 39500.00 | Annual,0.916
LIKELY_DUPLICATE,same title/location/advertiser + salary + very similar description,1879587,1889379,"Healthcare Practitioner - Nurse, UK",Lancashire,Maximus,Maximus,39500.00 | 39500.00 | Annual,39500.00 | 39500.00 | Annual,0.934
LIKELY_DUPLICATE,same title/location/advertiser + salary + very similar description,1879587,2049482,"Healthcare Practitioner - Nurse, UK",Lancashire,Maximus,Maximus,39500.00 | 39500.00 | Annual,39500.00 | 39500.00 | Annual,0.934
LIKELY_DUPLICATE,same title/location/advertiser + salary + very similar description,1879587,2049485,"Healthcare Practitioner - Nurse, UK",Lancashire,Maximus,Maximus,39500.00 | 39500.00 | Annual,39500.00 | 39500.00 | Annual,0.933
LIKELY_DUPLICATE,same title/location/advertiser + salary + very similar description,1889376,2049482,"Healthcare Practitioner - Nurse, UK",Lancashire,Maximus,Maximus,39500.00 | 39500.00 | Annual,39500.00 | 39500.00 | Annual,0.967
LIKELY_DUPLICATE,same title/location/advertiser + salary + very similar description,1889376,2049485,"Healthcare Practitioner - Nurse, UK",Lancashire,Maximus,Maximus,39500.00 | 39500.00 | Annual,39500.00 | 39500.00 | Annual,0.968
LIKELY_DUPLICATE,same title/location/advertiser + salary + very similar description,1889379,1889376,"Healthcare Practitioner - Nurse, UK",Lancashire,Maximus,Maximus,39500.00 | 39500.00 | Annual,39500.00 | 39500.00 | Annual,0.969
LIKELY_DUPLICATE,same title/location/advertiser + salary + very similar description,1889379,2049482,"Healthcare Practitioner - Nurse, UK",Lancashire,Maximus,Maximus,39500.00 | 39500.00 | Annual,39500.00 | 39500.00 | Annual,0.994
LIKELY_DUPLICATE,same title/location/advertiser + salary + very similar description,1889379,2049485,"Healthcare Practitioner - Nurse, UK",Lancashire,Maximus,Maximus,39500.00 | 39500.00 | Annual,39500.00 | 39500.00 | Annual,0.992
LIKELY_DUPLICATE,same title/location/advertiser + salary + very similar description,2049485,2049482,"Healthcare Practitioner - Nurse, UK",Lancashire,Maximus,Maximus,39500.00 | 39500.00 | Annual,39500.00 | 39500.00 | Annual,0.992
LIKELY_DUPLICATE,same title/location/advertiser + salary + very similar description,1879630,1890330,"Healthcare Practitioner - Nurse, UK",Merseyside,Maximus,Maximus,39500.00 | 39500.00 | Annual,39500.00 | 39500.00 | Annual,0.885
LIKELY_DUPLICATE,same title/location/advertiser + salary + very similar description,1879630,2049484,"Healthcare Practitioner - Nurse, UK",Merseyside,Maximus,Maximus,39500.00 | 39500.00 | Annual,39500.00 | 39500.00 | Annual,0.887
LIKELY_DUPLICATE,same title/location/advertiser + salary + very similar description,1879632,1879630,"Healthcare Practitioner - Nurse, UK",Merseyside,Maximus,Maximus,39500.00 | 39500.00 | Annual,39500.00 | 39500.00 | Annual,0.939
LIKELY_DUPLICATE,same title/location/advertiser + salary + very similar description,1879632,1890330,"Healthcare Practitioner - Nurse, UK",Merseyside,Maximus,Maximus,39500.00 | 39500.00 | Annual,39500.00 | 39500.00 | Annual,0.935
LIKELY_DUPLICATE,same title/location/advertiser + salary + very similar description,1879632,2049484,"Healthcare Practitioner - Nurse, UK",Merseyside,Maximus,Maximus,39500.00 | 39500.00 | Annual,39500.00 | 39500.00 | Annual,0.935
LIKELY_DUPLICATE,same title/location/advertiser + salary + very similar description,1890330,2049484,"Healthcare Practitioner - Nurse, UK",Merseyside,Maximus,Maximus,39500.00 | 39500.00 | Annual,39500.00 | 39500.00 | Annual,0.991
LIKELY_DUPLICATE,same title/location/advertiser + salary + very similar description,1879627,1879626,"Healthcare Practitioner - Nurse, UK",Tyne And Wear,Maximus,Maximus,39500.00 | 39500.00 | Annual,39500.00 | 39500.00 | Annual,0.986
LIKELY_DUPLICATE,same title/location/advertiser + salary + very similar description,1879572,1898066,"Healthcare Practitioner - Nurse, UK",Yorkshire,Maximus,Maximus,39500.00 | 39500.00 | Annual,39500.00 | 39500.00 | Annual,0.940
LIKELY_DUPLICATE,same title/location/advertiser + salary + very similar description,1879572,1906541,"Healthcare Practitioner - Nurse, UK",Yorkshire,Maximus,Maximus,39500.00 | 39500.00 | Annual,39500.00 | 39500.00 | Annual,0.962
LIKELY_DUPLICATE,same title/location/advertiser + salary + very similar description,1879572,1906542,"Healthcare Practitioner - Nurse, UK",Yorkshire,Maximus,Maximus,39500.00 | 39500.00 | Annual,39500.00 | 39500.00 | Annual,0.962
LIKELY_DUPLICATE,same title/location/advertiser + salary + very similar description,1879577,1879572,"Healthcare Practitioner - Nurse, UK",Yorkshire,Maximus,Maximus,39500.00 | 39500.00 | Annual,39500.00 | 39500.00 | Annual,0.991
LIKELY_DUPLICATE,same title/location/advertiser + salary + very similar description,1879577,1898066,"Healthcare Practitioner - Nurse, UK",Yorkshire,Maximus,Maximus,39500.00 | 39500.00 | Annual,39500.00 | 39500.00 | Annual,0.941
LIKELY_DUPLICATE,same title/location/advertiser + salary + very similar description,1879577,1906541,"Healthcare Practitioner - Nurse, UK",Yorkshire,Maximus,Maximus,39500.00 | 39500.00 | Annual,39500.00 | 39500.00 | Annual,0.961
LIKELY_DUPLICATE,same title/location/advertiser + salary + very similar description,1879577,1906542,"Healthcare Practitioner - Nurse, UK",Yorkshire,Maximus,Maximus,39500.00 | 39500.00 | Annual,39500.00 | 39500.00 | Annual,0.961
LIKELY_DUPLICATE,same title/location/advertiser + salary + very similar description,1879624,1879572,"Healthcare Practitioner - Nurse, UK",Yorkshire,Maximus,Maximus,39500.00 | 39500.00 | Annual,39500.00 | 39500.00 | Annual,0.899
LIKELY_DUPLICATE,same title/location/advertiser + salary + very similar description,1879624,1879577,"Healthcare Practitioner - Nurse, UK",Yorkshire,Maximus,Maximus,39500.00 | 39500.00 | Annual,39500.00 | 39500.00 | Annual,0.899
LIKELY_DUPLICATE,same title/location/advertiser + salary + very similar description,1879624,1898066,"Healthcare Practitioner - Nurse, UK",Yorkshire,Maximus,Maximus,39500.00 | 39500.00 | Annual,39500.00 | 39500.00 | Annual,0.918
LIKELY_DUPLICATE,same title/location/advertiser + salary + very similar description,1879624,1906541,"Healthcare Practitioner - Nurse, UK",Yorkshire,Maximus,Maximus,39500.00 | 39500.00 | Annual,39500.00 | 39500.00 | Annual,0.920
LIKELY_DUPLICATE,same title/location/advertiser + salary + very similar description,1879624,1906542,"Healthcare Practitioner - Nurse, UK",Yorkshire,Maximus,Maximus,39500.00 | 39500.00 | Annual,39500.00 | 39500.00 | Annual,0.922
LIKELY_DUPLICATE,same title/location/advertiser + salary + very similar description,1879638,1879572,"Healthcare Practitioner - Nurse, UK",Yorkshire,Maximus,Maximus,39500.00 | 39500.00 | Annual,39500.00 | 39500.00 | Annual,0.962
LIKELY_DUPLICATE,same title/location/advertiser + salary + very similar description,1879638,1879577,"Healthcare Practitioner - Nurse, UK",Yorkshire,Maximus,Maximus,39500.00 | 39500.00 | Annual,39500.00 | 39500.00 | Annual,0.963
LIKELY_DUPLICATE,same title/location/advertiser + salary + very similar description,1879638,1879624,"Healthcare Practitioner - Nurse, UK",Yorkshire,Maximus,Maximus,39500.00 | 39500.00 | Annual,39500.00 | 39500.00 | Annual,0.887
LIKELY_DUPLICATE,same title/location/advertiser + salary + very similar description,1879638,1898066,"Healthcare Practitioner - Nurse, UK",Yorkshire,Maximus,Maximus,39500.00 | 39500.00 | Annual,39500.00 | 39500.00 | Annual,0.929
LIKELY_DUPLICATE,same title/location/advertiser + salary + very similar description,1879638,1906541,"Healthcare Practitioner - Nurse, UK",Yorkshire,Maximus,Maximus,39500.00 | 39500.00 | Annual,39500.00 | 39500.00 | Annual,0.952
LIKELY_DUPLICATE,same title/location/advertiser + salary + very similar description,1879638,1906542,"Healthcare Practitioner - Nurse, UK",Yorkshire,Maximus,Maximus,39500.00 | 39500.00 | Annual,39500.00 | 39500.00 | Annual,0.953
LIKELY_DUPLICATE,same title/location/advertiser + salary + very similar description,1906541,1898066,"Healthcare Practitioner - Nurse, UK",Yorkshire,Maximus,Maximus,39500.00 | 39500.00 | Annual,39500.00 | 39500.00 | Annual,0.959
LIKELY_DUPLICATE,same title/location/advertiser + salary + very similar description,1906542,1898066,"Healthcare Practitioner - Nurse, UK",Yorkshire,Maximus,Maximus,39500.00 | 39500.00 | Annual,39500.00 | 39500.00 | Annual,0.961
LIKELY_DUPLICATE,same title/location/advertiser + salary + very similar description,1906542,1906541,"Healthcare Practitioner - Nurse, UK",Yorkshire,Maximus,Maximus,39500.00 | 39500.00 | Annual,39500.00 | 39500.00 | Annual,0.993
LIKELY_DUPLICATE,same title/location/advertiser + salary + very similar description,107920881,108009211,HGV 2 Driver - New pass welcome,Manchester,Omnia Resourcing Ltd.,Omnia Resourcing Ltd.,41743.00 | 41743.00 | Annual,41743.00 | 41743.00 | Annual,0.938
LIKELY_DUPLICATE,same title/location/advertiser + salary + very similar description,108005395,108005368,HGV Class 1 Driver,Merseyside,Adapt Logistics Recruitment,Adapt Logistics Recruitment,Annual,Annual,0.875
LIKELY_DUPLICATE,same title/location/advertiser + salary + very similar description,107985144,107985116,HGV Class 1 Driver,Yorkshire,The Recruitment Crowd (Yorkshire) Limited,The Recruitment Crowd (Yorkshire) Limited,18.15 | 34.42 | Hourly,18.15 | 34.42 | Hourly,0.926
LIKELY_DUPLICATE,same title/location/advertiser + salary + very similar description,107985881,107985116,HGV Class 1 Driver,Yorkshire,The Recruitment Crowd (Yorkshire) Limited,The Recruitment Crowd (Yorkshire) Limited,18.15 | 34.42 | Hourly,18.15 | 34.42 | Hourly,0.928
LIKELY_DUPLICATE,same title/location/advertiser + salary + very similar description,107985881,107985144,HGV Class 1 Driver,Yorkshire,The Recruitment Crowd (Yorkshire) Limited,The Recruitment Crowd (Yorkshire) Limited,18.15 | 34.42 | Hourly,18.15 | 34.42 | Hourly,0.945
LIKELY_DUPLICATE,same title/location/advertiser + salary + very similar description,107978963,107978967,HGV Class 2 Driver,Lincolnshire,Omnia Resourcing Ltd.,Omnia Resourcing Ltd.,40000.00 | 40000.00 | Annual,40000.00 | 40000.00 | Annual,0.914
LIKELY_DUPLICATE,same title/location/advertiser + salary + very similar description,108003844,108003847,HGV Driver,Hampshire,Taskmaster Resources Limited,Taskmaster Resources Limited,65000.00 | 65000.00 | Annual,65000.00 | 65000.00 | Annual,0.948
LIKELY_DUPLICATE,same title/location/advertiser + salary + very similar description,108003844,108003856,HGV Driver,Hampshire,Taskmaster Resources Limited,Taskmaster Resources Limited,65000.00 | 65000.00 | Annual,65000.00 | 65000.00 | Annual,0.944
LIKELY_DUPLICATE,same title/location/advertiser + salary + very similar description,108003847,108003856,HGV Driver,Hampshire,Taskmaster Resources Limited,Taskmaster Resources Limited,65000.00 | 65000.00 | Annual,65000.00 | 65000.00 | Annual,0.953
LIKELY_DUPLICATE,same title/location/advertiser + salary + very similar description,107626591,107626594,Home Carer,Oxfordshire,Goldsmithpersonnel Ltd,Goldsmithpersonnel Ltd,14.40 | 14.40 | Hourly,14.40 | 14.40 | Hourly,0.942
LIKELY_DUPLICATE,same title/location/advertiser + salary + very similar description,107626591,107626596,Home Carer,Oxfordshire,Goldsmithpersonnel Ltd,Goldsmithpersonnel Ltd,14.40 | 14.40 | Hourly,14.40 | 14.40 | Hourly,0.942
LIKELY_DUPLICATE,same title/location/advertiser + salary + very similar description,107626594,107626596,Home Carer,Oxfordshire,Goldsmithpersonnel Ltd,Goldsmithpersonnel Ltd,14.40 | 14.40 | Hourly,14.40 | 14.40 | Hourly,0.956
LIKELY_DUPLICATE,same title/location/advertiser + salary + very similar description,1955650,1955478,Home Visits Optical Assistant,London,Specsavers,Specsavers,28000.00 | 28000.00 | Annual,28000.00 | 28000.00 | Annual,0.993
LIKELY_DUPLICATE,same title/location/advertiser + salary + very similar description,1955690,1955451,Home Visits Optical Assistant,Middlesex,Specsavers,Specsavers,28000.00 | 28000.00 | Annual,28000.00 | 28000.00 | Annual,0.993
LIKELY_DUPLICATE,same title/location/advertiser + salary + very similar description,1955396,1955378,Home Visits Optical Assistant,Yorkshire,Specsavers,Specsavers,Annual,Annual,0.989
LIKELY_DUPLICATE,same title/location/advertiser + salary + very similar description,1955428,1955378,Home Visits Optical Assistant,Yorkshire,Specsavers,Specsavers,Annual,Annual,0.989
LIKELY_DUPLICATE,same title/location/advertiser + salary + very similar description,1955428,1955396,Home Visits Optical Assistant,Yorkshire,Specsavers,Specsavers,Annual,Annual,0.990
LIKELY_DUPLICATE,same title/location/advertiser + salary + very similar description,1955444,1955378,Home Visits Optical Assistant,Yorkshire,Specsavers,Specsavers,Annual,Annual,0.988
LIKELY_DUPLICATE,same title/location/advertiser + salary + very similar description,1955444,1955396,Home Visits Optical Assistant,Yorkshire,Specsavers,Specsavers,Annual,Annual,0.988
LIKELY_DUPLICATE,same title/location/advertiser + salary + very similar description,1955444,1955428,Home Visits Optical Assistant,Yorkshire,Specsavers,Specsavers,Annual,Annual,0.989
LIKELY_DUPLICATE,same title/location/advertiser + salary + very similar description,1955527,1955378,Home Visits Optical Assistant,Yorkshire,Specsavers,Specsavers,Annual,Annual,0.989
LIKELY_DUPLICATE,same title/location/advertiser + salary + very similar description,1955527,1955396,Home Visits Optical Assistant,Yorkshire,Specsavers,Specsavers,Annual,Annual,0.988
LIKELY_DUPLICATE,same title/location/advertiser + salary + very similar description,1955527,1955428,Home Visits Optical Assistant,Yorkshire,Specsavers,Specsavers,Annual,Annual,0.988
LIKELY_DUPLICATE,same title/location/advertiser + salary + very similar description,1955527,1955444,Home Visits Optical Assistant,Yorkshire,Specsavers,Specsavers,Annual,Annual,0.988
LIKELY_DUPLICATE,same title/location/advertiser + salary + very similar description,1955698,1955378,Home Visits Optical Assistant,Yorkshire,Specsavers,Specsavers,Annual,Annual,0.988
LIKELY_DUPLICATE,same title/location/advertiser + salary + very similar description,1955698,1955396,Home Visits Optical Assistant,Yorkshire,Specsavers,Specsavers,Annual,Annual,0.988
LIKELY_DUPLICATE,same title/location/advertiser + salary + very similar description,1955698,1955428,Home Visits Optical Assistant,Yorkshire,Specsavers,Specsavers,Annual,Annual,0.992
LIKELY_DUPLICATE,same title/location/advertiser + salary + very similar description,1955698,1955444,Home Visits Optical Assistant,Yorkshire,Specsavers,Specsavers,Annual,Annual,0.989
LIKELY_DUPLICATE,same title/location/advertiser + salary + very similar description,1955698,1955527,Home Visits Optical Assistant,Yorkshire,Specsavers,Specsavers,Annual,Annual,0.989
LIKELY_DUPLICATE,same title/location/advertiser + salary + very similar description,1955726,1955378,Home Visits Optical Assistant,Yorkshire,Specsavers,Specsavers,Annual,Annual,0.988
LIKELY_DUPLICATE,same title/location/advertiser + salary + very similar description,1955726,1955396,Home Visits Optical Assistant,Yorkshire,Specsavers,Specsavers,Annual,Annual,0.989
LIKELY_DUPLICATE,same title/location/advertiser + salary + very similar description,1955726,1955428,Home Visits Optical Assistant,Yorkshire,Specsavers,Specsavers,Annual,Annual,0.989
LIKELY_DUPLICATE,same title/location/advertiser + salary + very similar description,1955726,1955444,Home Visits Optical Assistant,Yorkshire,Specsavers,Specsavers,Annual,Annual,0.989
LIKELY_DUPLICATE,same title/location/advertiser + salary + very similar description,1955726,1955527,Home Visits Optical Assistant,Yorkshire,Specsavers,Specsavers,Annual,Annual,0.991
LIKELY_DUPLICATE,same title/location/advertiser + salary + very similar description,1955726,1955698,Home Visits Optical Assistant,Yorkshire,Specsavers,Specsavers,Annual,Annual,0.988
LIKELY_DUPLICATE,same title/location/advertiser + salary + very similar description,107983938,108050250,Hospital Manager,Clwyd,Leaders In Care Recruitment Ltd,Leaders In Care Recruitment Ltd,90000.00 | 90000.00 | Annual,90000.00 | 90000.00 | Annual,0.954
LIKELY_DUPLICATE,same title/location/advertiser + salary + very similar description,2042511,2042510,HR & Health Safety Advisor,London,Reed,Reed,Annual,Annual,0.990
LIKELY_DUPLICATE,same title/location/advertiser + salary + very similar description,2042511,2042555,HR & Health Safety Advisor,London,Reed,Reed,Annual,Annual,0.988
LIKELY_DUPLICATE,same title/location/advertiser + salary + very similar description,1886134,1886129,HR Advisor,Lincolnshire,Chase and Holland Recruitment Ltd,Chase and Holland Recruitment Ltd,37083.00 | 37083.00 | Annual,37083.00 | 37083.00 | Annual,0.989
LIKELY_DUPLICATE,same title/location/advertiser + salary + very similar description,1886153,1886129,HR Advisor,Lincolnshire,Chase and Holland Recruitment Ltd,Chase and Holland Recruitment Ltd,37083.00 | 37083.00 | Annual,37083.00 | 37083.00 | Annual,0.987
LIKELY_DUPLICATE,same title/location/advertiser + salary + very similar description,1886153,1886134,HR Advisor,Lincolnshire,Chase and Holland Recruitment Ltd,Chase and Holland Recruitment Ltd,37083.00 | 37083.00 | Annual,37083.00 | 37083.00 | Annual,0.989
LIKELY_DUPLICATE,same title/location/advertiser + salary + very similar description,1886146,1886142,HR Advisor,Yorkshire,Chase and Holland Recruitment Ltd,Chase and Holland Recruitment Ltd,37083.00 | 37083.00 | Annual,37083.00 | 37083.00 | Annual,0.988
LIKELY_DUPLICATE,same title/location/advertiser + salary + very similar description,1986531,1986524,HR Generalist,Suffolk,Reed,Reed,35000.00 | 40000.00 | Annual,35000.00 | 40000.00 | Annual,0.991
LIKELY_DUPLICATE,same title/location/advertiser + salary + very similar description,2042510,2042555,HR Health & Safety Advisor,London,Reed,Reed,Annual,Annual,0.988
LIKELY_DUPLICATE,same title/location/advertiser + salary + very similar description,2043209,2043284,HR Manager,London,Hays Specialist Recruitment Limited,Hays Specialist Recruitment Limited,Annual,Annual,0.984
LIKELY_DUPLICATE,same title/location/advertiser + salary + very similar description,2028826,2028825,Internal Sales Engineer,Cambridgeshire,GBR Recruitment Ltd,GBR Recruitment Ltd,Annual,Annual,0.989
LIKELY_DUPLICATE,same title/location/advertiser + salary + very similar description,2028828,2028825,Internal Sales Engineer,Cambridgeshire,GBR Recruitment Ltd,GBR Recruitment Ltd,Annual,Annual,0.988
LIKELY_DUPLICATE,same title/location/advertiser + salary + very similar description,2028828,2028826,Internal Sales Engineer,Cambridgeshire,GBR Recruitment Ltd,GBR Recruitment Ltd,Annual,Annual,0.987
LIKELY_DUPLICATE,same title/location/advertiser + salary + very similar description,ITSupport016045,ITSupport016025,IT Support,Devon,Newto Training,Newto Training,Annual,Annual,0.990
LIKELY_DUPLICATE,same title/location/advertiser + salary + very similar description,ITSupport016016,ITSupport016011,IT Support,Gloucestershire,Newto Training,Newto Training,Annual,Annual,0.987
LIKELY_DUPLICATE,same title/location/advertiser + salary + very similar description,ITSupport016052,ITSupport016049,IT Support,Hampshire,Newto Training,Newto Training,Annual,Annual,0.989
LIKELY_DUPLICATE,same title/location/advertiser + salary + very similar description,ITSupport016015,ITSupport016013,IT Support,Kent,Newto Training,Newto Training,Annual,Annual,0.990
LIKELY_DUPLICATE,same title/location/advertiser + salary + very similar description,ITSupport016034,ITSupport016007,IT Support,Lancashire,Newto Training,Newto Training,Annual,Annual,0.990
LIKELY_DUPLICATE,same title/location/advertiser + salary + very similar description,ITSupport016036,ITSupport016007,IT Support,Lancashire,Newto Training,Newto Training,Annual,Annual,0.988
LIKELY_DUPLICATE,same title/location/advertiser + salary + very similar description,ITSupport016036,ITSupport016034,IT Support,Lancashire,Newto Training,Newto Training,Annual,Annual,0.989
LIKELY_DUPLICATE,same title/location/advertiser + salary + very similar description,ITSupport016046,ITSupport016007,IT Support,Lancashire,Newto Training,Newto Training,Annual,Annual,0.989
LIKELY_DUPLICATE,same title/location/advertiser + salary + very similar description,ITSupport016046,ITSupport016034,IT Support,Lancashire,Newto Training,Newto Training,Annual,Annual,0.990
LIKELY_DUPLICATE,same title/location/advertiser + salary + very similar description,ITSupport016046,ITSupport016036,IT Support,Lancashire,Newto Training,Newto Training,Annual,Annual,0.990
LIKELY_DUPLICATE,same title/location/advertiser + salary + very similar description,ITSupport016035,ITSupport016032,IT Support,Leicestershire,Newto Training,Newto Training,Annual,Annual,0.989
LIKELY_DUPLICATE,same title/location/advertiser + salary + very similar description,ITSupport016047,ITSupport016044,IT Support,Oxfordshire,Newto Training,Newto Training,Annual,Annual,0.990
LIKELY_DUPLICATE,same title/location/advertiser + salary + very similar description,ITSupport016050,ITSupport016006,IT Support,Staffordshire,Newto Training,Newto Training,Annual,Annual,0.990
LIKELY_DUPLICATE,same title/location/advertiser + salary + very similar description,ITSupport016053,ITSupport016006,IT Support,Staffordshire,Newto Training,Newto Training,Annual,Annual,0.989
LIKELY_DUPLICATE,same title/location/advertiser + salary + very similar description,ITSupport016053,ITSupport016050,IT Support,Staffordshire,Newto Training,Newto Training,Annual,Annual,0.989
LIKELY_DUPLICATE,same title/location/advertiser + salary + very similar description,ITSupport016017,ITSupport016010,IT Support,Sussex,Newto Training,Newto Training,Annual,Annual,0.989
LIKELY_DUPLICATE,same title/location/advertiser + salary + very similar description,ITSupport016009,ITSupport016003,IT Support,Yorkshire,Newto Training,Newto Training,Annual,Annual,0.989
LIKELY_DUPLICATE,same title/location/advertiser + salary + very similar description,ITSupport016021,ITSupport016003,IT Support,Yorkshire,Newto Training,Newto Training,Annual,Annual,0.989
LIKELY_DUPLICATE,same title/location/advertiser + salary + very similar description,ITSupport016021,ITSupport016009,IT Support,Yorkshire,Newto Training,Newto Training,Annual,Annual,0.987
LIKELY_DUPLICATE,same title/location/advertiser + salary + very similar description,ITSupport016029,ITSupport016003,IT Support,Yorkshire,Newto Training,Newto Training,Annual,Annual,0.993
LIKELY_DUPLICATE,same title/location/advertiser + salary + very similar description,ITSupport016029,ITSupport016009,IT Support,Yorkshire,Newto Training,Newto Training,Annual,Annual,0.989
LIKELY_DUPLICATE,same title/location/advertiser + salary + very similar description,ITSupport016029,ITSupport016021,IT Support,Yorkshire,Newto Training,Newto Training,Annual,Annual,0.989
LIKELY_DUPLICATE,same title/location/advertiser + salary + very similar description,ITSupport016031,ITSupport016003,IT Support,Yorkshire,Newto Training,Newto Training,Annual,Annual,0.988
LIKELY_DUPLICATE,same title/location/advertiser + salary + very similar description,ITSupport016031,ITSupport016009,IT Support,Yorkshire,Newto Training,Newto Training,Annual,Annual,0.989
LIKELY_DUPLICATE,same title/location/advertiser + salary + very similar description,ITSupport016031,ITSupport016021,IT Support,Yorkshire,Newto Training,Newto Training,Annual,Annual,0.988
LIKELY_DUPLICATE,same title/location/advertiser + salary + very similar description,ITSupport016031,ITSupport016029,IT Support,Yorkshire,Newto Training,Newto Training,Annual,Annual,0.989
LIKELY_DUPLICATE,same title/location/advertiser + salary + very similar description,ITSupport016037,ITSupport016003,IT Support,Yorkshire,Newto Training,Newto Training,Annual,Annual,0.987
LIKELY_DUPLICATE,same title/location/advertiser + salary + very similar description,ITSupport016037,ITSupport016009,IT Support,Yorkshire,Newto Training,Newto Training,Annual,Annual,0.988
LIKELY_DUPLICATE,same title/location/advertiser + salary + very similar description,ITSupport016037,ITSupport016021,IT Support,Yorkshire,Newto Training,Newto Training,Annual,Annual,0.989
LIKELY_DUPLICATE,same title/location/advertiser + salary + very similar description,ITSupport016037,ITSupport016029,IT Support,Yorkshire,Newto Training,Newto Training,Annual,Annual,0.989
LIKELY_DUPLICATE,same title/location/advertiser + salary + very similar description,ITSupport016037,ITSupport016031,IT Support,Yorkshire,Newto Training,Newto Training,Annual,Annual,0.988
LIKELY_DUPLICATE,same title/location/advertiser + salary + very similar description,ITSupport016048,ITSupport016003,IT Support,Yorkshire,Newto Training,Newto Training,Annual,Annual,0.989
LIKELY_DUPLICATE,same title/location/advertiser + salary + very similar description,ITSupport016048,ITSupport016009,IT Support,Yorkshire,Newto Training,Newto Training,Annual,Annual,0.990
LIKELY_DUPLICATE,same title/location/advertiser + salary + very similar description,ITSupport016048,ITSupport016021,IT Support,Yorkshire,Newto Training,Newto Training,Annual,Annual,0.989
LIKELY_DUPLICATE,same title/location/advertiser + salary + very similar description,ITSupport016048,ITSupport016029,IT Support,Yorkshire,Newto Training,Newto Training,Annual,Annual,0.988
LIKELY_DUPLICATE,same title/location/advertiser + salary + very similar description,ITSupport016048,ITSupport016031,IT Support,Yorkshire,Newto Training,Newto Training,Annual,Annual,0.988
LIKELY_DUPLICATE,same title/location/advertiser + salary + very similar description,ITSupport016048,ITSupport016037,IT Support,Yorkshire,Newto Training,Newto Training,Annual,Annual,0.989
LIKELY_DUPLICATE,same title/location/advertiser + salary + very similar description,ITSupport016054,ITSupport016003,IT Support,Yorkshire,Newto Training,Newto Training,Annual,Annual,0.989
LIKELY_DUPLICATE,same title/location/advertiser + salary + very similar description,ITSupport016054,ITSupport016009,IT Support,Yorkshire,Newto Training,Newto Training,Annual,Annual,0.988
LIKELY_DUPLICATE,same title/location/advertiser + salary + very similar description,ITSupport016054,ITSupport016021,IT Support,Yorkshire,Newto Training,Newto Training,Annual,Annual,0.991
LIKELY_DUPLICATE,same title/location/advertiser + salary + very similar description,ITSupport016054,ITSupport016029,IT Support,Yorkshire,Newto Training,Newto Training,Annual,Annual,0.989
LIKELY_DUPLICATE,same title/location/advertiser + salary + very similar description,ITSupport016054,ITSupport016031,IT Support,Yorkshire,Newto Training,Newto Training,Annual,Annual,0.989
LIKELY_DUPLICATE,same title/location/advertiser + salary + very similar description,ITSupport016054,ITSupport016037,IT Support,Yorkshire,Newto Training,Newto Training,Annual,Annual,0.989
LIKELY_DUPLICATE,same title/location/advertiser + salary + very similar description,ITSupport016054,ITSupport016048,IT Support,Yorkshire,Newto Training,Newto Training,Annual,Annual,0.989
LIKELY_DUPLICATE,same title/location/advertiser + salary + very similar description,ITTechnician016045,ITTechnician016025,IT Technician,Devon,Newto Training,Newto Training,Annual,Annual,0.980
LIKELY_DUPLICATE,same title/location/advertiser + salary + very similar description,ITTechnician016016,ITTechnician016011,IT Technician,Gloucestershire,Newto Training,Newto Training,Annual,Annual,0.982
LIKELY_DUPLICATE,same title/location/advertiser + salary + very similar description,ITTechnician016052,ITTechnician016049,IT Technician,Hampshire,Newto Training,Newto Training,Annual,Annual,0.983
LIKELY_DUPLICATE,same title/location/advertiser + salary + very similar description,ITTechnician016015,ITTechnician016013,IT Technician,Kent,Newto Training,Newto Training,Annual,Annual,0.979
LIKELY_DUPLICATE,same title/location/advertiser + salary + very similar description,ITTechnician016034,ITTechnician016007,IT Technician,Lancashire,Newto Training,Newto Training,Annual,Annual,0.980
LIKELY_DUPLICATE,same title/location/advertiser + salary + very similar description,ITTechnician016036,ITTechnician016007,IT Technician,Lancashire,Newto Training,Newto Training,Annual,Annual,0.982
LIKELY_DUPLICATE,same title/location/advertiser + salary + very similar description,ITTechnician016036,ITTechnician016034,IT Technician,Lancashire,Newto Training,Newto Training,Annual,Annual,0.983
LIKELY_DUPLICATE,same title/location/advertiser + salary + very similar description,ITTechnician016046,ITTechnician016007,IT Technician,Lancashire,Newto Training,Newto Training,Annual,Annual,0.982
LIKELY_DUPLICATE,same title/location/advertiser + salary + very similar description,ITTechnician016046,ITTechnician016034,IT Technician,Lancashire,Newto Training,Newto Training,Annual,Annual,0.981
LIKELY_DUPLICATE,same title/location/advertiser + salary + very similar description,ITTechnician016046,ITTechnician016036,IT Technician,Lancashire,Newto Training,Newto Training,Annual,Annual,0.982
LIKELY_DUPLICATE,same title/location/advertiser + salary + very similar description,ITTechnician016035,ITTechnician016032,IT Technician,Leicestershire,Newto Training,Newto Training,Annual,Annual,0.983
LIKELY_DUPLICATE,same title/location/advertiser + salary + very similar description,ITTechnician016047,ITTechnician016044,IT Technician,Oxfordshire,Newto Training,Newto Training,Annual,Annual,0.981
LIKELY_DUPLICATE,same title/location/advertiser + salary + very similar description,ITTechnician016050,ITTechnician016006,IT Technician,Staffordshire,Newto Training,Newto Training,Annual,Annual,0.981
LIKELY_DUPLICATE,same title/location/advertiser + salary + very similar description,ITTechnician016053,ITTechnician016006,IT Technician,Staffordshire,Newto Training,Newto Training,Annual,Annual,0.983
LIKELY_DUPLICATE,same title/location/advertiser + salary + very similar description,ITTechnician016053,ITTechnician016050,IT Technician,Staffordshire,Newto Training,Newto Training,Annual,Annual,0.982
LIKELY_DUPLICATE,same title/location/advertiser + salary + very similar description,ITTechnician016017,ITTechnician016010,IT Technician,Sussex,Newto Training,Newto Training,Annual,Annual,0.982
LIKELY_DUPLICATE,same title/location/advertiser + salary + very similar description,ITTechnician016009,ITTechnician016003,IT Technician,Yorkshire,Newto Training,Newto Training,Annual,Annual,0.981
LIKELY_DUPLICATE,same title/location/advertiser + salary + very similar description,ITTechnician016021,ITTechnician016003,IT Technician,Yorkshire,Newto Training,Newto Training,Annual,Annual,0.983
LIKELY_DUPLICATE,same title/location/advertiser + salary + very similar description,ITTechnician016021,ITTechnician016009,IT Technician,Yorkshire,Newto Training,Newto Training,Annual,Annual,0.981
LIKELY_DUPLICATE,same title/location/advertiser + salary + very similar description,ITTechnician016029,ITTechnician016003,IT Technician,Yorkshire,Newto Training,Newto Training,Annual,Annual,0.987
LIKELY_DUPLICATE,same title/location/advertiser + salary + very similar description,ITTechnician016029,ITTechnician016009,IT Technician,Yorkshire,Newto Training,Newto Training,Annual,Annual,0.983
LIKELY_DUPLICATE,same title/location/advertiser + salary + very similar description,ITTechnician016029,ITTechnician016021,IT Technician,Yorkshire,Newto Training,Newto Training,Annual,Annual,0.982
LIKELY_DUPLICATE,same title/location/advertiser + salary + very similar description,ITTechnician016031,ITTechnician016003,IT Technician,Yorkshire,Newto Training,Newto Training,Annual,Annual,0.980
LIKELY_DUPLICATE,same title/location/advertiser + salary + very similar description,ITTechnician016031,ITTechnician016009,IT Technician,Yorkshire,Newto Training,Newto Training,Annual,Annual,0.983
LIKELY_DUPLICATE,same title/location/advertiser + salary + very similar description,ITTechnician016031,ITTechnician016021,IT Technician,Yorkshire,Newto Training,Newto Training,Annual,Annual,0.982
LIKELY_DUPLICATE,same title/location/advertiser + salary + very similar description,ITTechnician016031,ITTechnician016029,IT Technician,Yorkshire,Newto Training,Newto Training,Annual,Annual,0.983
LIKELY_DUPLICATE,same title/location/advertiser + salary + very similar description,ITTechnician016037,ITTechnician016003,IT Technician,Yorkshire,Newto Training,Newto Training,Annual,Annual,0.982
LIKELY_DUPLICATE,same title/location/advertiser + salary + very similar description,ITTechnician016037,ITTechnician016009,IT Technician,Yorkshire,Newto Training,Newto Training,Annual,Annual,0.983
LIKELY_DUPLICATE,same title/location/advertiser + salary + very similar description,ITTechnician016037,ITTechnician016021,IT Technician,Yorkshire,Newto Training,Newto Training,Annual,Annual,0.982
LIKELY_DUPLICATE,same title/location/advertiser + salary + very similar description,ITTechnician016037,ITTechnician016029,IT Technician,Yorkshire,Newto Training,Newto Training,Annual,Annual,0.983
LIKELY_DUPLICATE,same title/location/advertiser + salary + very similar description,ITTechnician016037,ITTechnician016031,IT Technician,Yorkshire,Newto Training,Newto Training,Annual,Annual,0.983
LIKELY_DUPLICATE,same title/location/advertiser + salary + very similar description,ITTechnician016048,ITTechnician016003,IT Technician,Yorkshire,Newto Training,Newto Training,Annual,Annual,0.984
LIKELY_DUPLICATE,same title/location/advertiser + salary + very similar description,ITTechnician016048,ITTechnician016009,IT Technician,Yorkshire,Newto Training,Newto Training,Annual,Annual,0.982
LIKELY_DUPLICATE,same title/location/advertiser + salary + very similar description,ITTechnician016048,ITTechnician016021,IT Technician,Yorkshire,Newto Training,Newto Training,Annual,Annual,0.981
LIKELY_DUPLICATE,same title/location/advertiser + salary + very similar description,ITTechnician016048,ITTechnician016029,IT Technician,Yorkshire,Newto Training,Newto Training,Annual,Annual,0.982
LIKELY_DUPLICATE,same title/location/advertiser + salary + very similar description,ITTechnician016048,ITTechnician016031,IT Technician,Yorkshire,Newto Training,Newto Training,Annual,Annual,0.981
LIKELY_DUPLICATE,same title/location/advertiser + salary + very similar description,ITTechnician016048,ITTechnician016037,IT Technician,Yorkshire,Newto Training,Newto Training,Annual,Annual,0.982
LIKELY_DUPLICATE,same title/location/advertiser + salary + very similar description,ITTechnician016054,ITTechnician016003,IT Technician,Yorkshire,Newto Training,Newto Training,Annual,Annual,0.983
LIKELY_DUPLICATE,same title/location/advertiser + salary + very similar description,ITTechnician016054,ITTechnician016009,IT Technician,Yorkshire,Newto Training,Newto Training,Annual,Annual,0.980
LIKELY_DUPLICATE,same title/location/advertiser + salary + very similar description,ITTechnician016054,ITTechnician016021,IT Technician,Yorkshire,Newto Training,Newto Training,Annual,Annual,0.981
LIKELY_DUPLICATE,same title/location/advertiser + salary + very similar description,ITTechnician016054,ITTechnician016029,IT Technician,Yorkshire,Newto Training,Newto Training,Annual,Annual,0.983
LIKELY_DUPLICATE,same title/location/advertiser + salary + very similar description,ITTechnician016054,ITTechnician016031,IT Technician,Yorkshire,Newto Training,Newto Training,Annual,Annual,0.979
LIKELY_DUPLICATE,same title/location/advertiser + salary + very similar description,ITTechnician016054,ITTechnician016037,IT Technician,Yorkshire,Newto Training,Newto Training,Annual,Annual,0.982
LIKELY_DUPLICATE,same title/location/advertiser + salary + very similar description,ITTechnician016054,ITTechnician016048,IT Technician,Yorkshire,Newto Training,Newto Training,Annual,Annual,0.982
LIKELY_DUPLICATE,same title/location/advertiser + salary + very similar description,107794839,107794911,Jet Vac Driver - HGV Class 2,Yorkshire,Jle Selections Ltd,Jle Selections Ltd,70000.00 | 70000.00 | Annual,70000.00 | 70000.00 | Annual,0.924
LIKELY_DUPLICATE,same title/location/advertiser + salary + very similar description,2043526,2043513,Legal Assistant,Surrey,Reed,Reed,30000.00 | 30000.00 | Annual,30000.00 | 30000.00 | Annual,0.992
LIKELY_DUPLICATE,same title/location/advertiser + salary + very similar description,1957123,1948500,Lettings Negotiator,Cornwall,Miller Countrywide,Miller Countrywide,Annual,Annual,0.986
LIKELY_DUPLICATE,same title/location/advertiser + salary + very similar description,1906916,1962773,Lettings Negotiator,West Midlands,Connells,Connells,Annual,Annual,0.988
LIKELY_DUPLICATE,same title/location/advertiser + salary + very similar description,1906017,1980080,Lettings Negotiator,Yorkshire,William H Brown,William H Brown,Annual,Annual,0.896
LIKELY_DUPLICATE,same title/location/advertiser + salary + very similar description,26455_1103,26455_1103-939cf3855d36890e40c6c294040e5509,LGV (C+E) Driver - Dordon,Staffordshire,Ocado Logistics,Ocado Logistics,18.42 | 18.42 | Annual,18.42 | 18.42 | Annual,0.994
LIKELY_DUPLICATE,same title/location/advertiser + salary + very similar description,26455_1102,26455_1102-5331a6b3a5261537e66fffb999d4ef53,LGV (C+E) Driver - Erith,Kent,Ocado Logistics,Ocado Logistics,19.20 | 19.20 | Annual,19.20 | 19.20 | Annual,0.993
LIKELY_DUPLICATE,same title/location/advertiser + salary + very similar description,26455_1102,26455_1102-a3e9a12fe14bad4ff6a402d1d5aa62fd,LGV (C+E) Driver - Erith,Kent,Ocado Logistics,Ocado Logistics,19.20 | 19.20 | Annual,19.20 | 19.20 | Annual,0.992
LIKELY_DUPLICATE,same title/location/advertiser + salary + very similar description,26455_1102-5331a6b3a5261537e66fffb999d4ef53,26455_1102-a3e9a12fe14bad4ff6a402d1d5aa62fd,LGV (C+E) Driver - Erith,Kent,Ocado Logistics,Ocado Logistics,19.20 | 19.20 | Annual,19.20 | 19.20 | Annual,0.991
LIKELY_DUPLICATE,same title/location/advertiser + salary + very similar description,26455_1095,26455_1095-b3378919a027b87a206dd4b07c4c43aa,LGV (C+E) Driver - Purfleet,Essex,Ocado Logistics,Ocado Logistics,19.20 | 19.20 | Annual,19.20 | 19.20 | Annual,0.993
LIKELY_DUPLICATE,same title/location/advertiser + salary + very similar description,26455_1095-6e5e6302b4161286825e63611d088497,26455_1095,LGV (C+E) Driver - Purfleet,Essex,Ocado Logistics,Ocado Logistics,19.20 | 19.20 | Annual,19.20 | 19.20 | Annual,0.992
LIKELY_DUPLICATE,same title/location/advertiser + salary + very similar description,26455_1095-6e5e6302b4161286825e63611d088497,26455_1095-b3378919a027b87a206dd4b07c4c43aa,LGV (C+E) Driver - Purfleet,Essex,Ocado Logistics,Ocado Logistics,19.20 | 19.20 | Annual,19.20 | 19.20 | Annual,0.991
LIKELY_DUPLICATE,same title/location/advertiser + salary + very similar description,26455_1095-c0df775e125a0c190bd07ba88d9a6dff,26455_1095,LGV (C+E) Driver - Purfleet,Essex,Ocado Logistics,Ocado Logistics,19.20 | 19.20 | Annual,19.20 | 19.20 | Annual,0.992
LIKELY_DUPLICATE,same title/location/advertiser + salary + very similar description,26455_1095-c0df775e125a0c190bd07ba88d9a6dff,26455_1095-6e5e6302b4161286825e63611d088497,LGV (C+E) Driver - Purfleet,Essex,Ocado Logistics,Ocado Logistics,19.20 | 19.20 | Annual,19.20 | 19.20 | Annual,0.992
LIKELY_DUPLICATE,same title/location/advertiser + salary + very similar description,26455_1095-c0df775e125a0c190bd07ba88d9a6dff,26455_1095-b3378919a027b87a206dd4b07c4c43aa,LGV (C+E) Driver - Purfleet,Essex,Ocado Logistics,Ocado Logistics,19.20 | 19.20 | Annual,19.20 | 19.20 | Annual,0.993
LIKELY_DUPLICATE,same title/location/advertiser + salary + very similar description,21582_111814184,21582_111814182,LGV Driver,Bedfordshire,Co-op,Co-op,Annual,Annual,0.995
LIKELY_DUPLICATE,same title/location/advertiser + salary + very similar description,21582_111814187,21582_111814182,LGV Driver,Bedfordshire,Co-op,Co-op,Annual,Annual,0.994
LIKELY_DUPLICATE,same title/location/advertiser + salary + very similar description,21582_111814187,21582_111814184,LGV Driver,Bedfordshire,Co-op,Co-op,Annual,Annual,0.995
LIKELY_DUPLICATE,same title/location/advertiser + salary + very similar description,108018425,108051910,LGV Driver,Wiltshire,Ubico,Ubico,26000.00 | 26000.00 | Annual,26000.00 | 26000.00 | Annual,0.944
LIKELY_DUPLICATE,same title/location/advertiser + salary + very similar description,21582_111814191,21582_111814193,LGV Driver - Class 1,Bedfordshire,Co-op,Co-op,Annual,Annual,0.995
LIKELY_DUPLICATE,same title/location/advertiser + salary + very similar description,21582_111814196,21582_111814191,LGV Driver - Class 1,Bedfordshire,Co-op,Co-op,Annual,Annual,0.994
LIKELY_DUPLICATE,same title/location/advertiser + salary + very similar description,21582_111814196,21582_111814193,LGV Driver - Class 1,Bedfordshire,Co-op,Co-op,Annual,Annual,0.994
LIKELY_DUPLICATE,same title/location/advertiser + salary + very similar description,21582_111814200,21582_111814202,LGV Driver - Class 1/Cat C+E - All Shifts,Bedfordshire,Co-op,Co-op,Annual,Annual,0.995
LIKELY_DUPLICATE,same title/location/advertiser + salary + very similar description,21582_111814200,21582_111814205,LGV Driver - Class 1/Cat C+E - All Shifts,Bedfordshire,Co-op,Co-op,Annual,Annual,0.995
LIKELY_DUPLICATE,same title/location/advertiser + salary + very similar description,21582_111814205,21582_111814202,LGV Driver - Class 1/Cat C+E - All Shifts,Bedfordshire,Co-op,Co-op,Annual,Annual,0.994
LIKELY_DUPLICATE,same title/location/advertiser + salary + very similar description,2039643,2039642,Male Support Worker,Dyfed,Active Care Group,Active Care Group,Hourly,Hourly,0.990
LIKELY_DUPLICATE,same title/location/advertiser + salary + very similar description,2039666,2039642,Male Support Worker,Dyfed,Active Care Group,Active Care Group,Hourly,Hourly,0.991
LIKELY_DUPLICATE,same title/location/advertiser + salary + very similar description,2039666,2039643,Male Support Worker,Dyfed,Active Care Group,Active Care Group,Hourly,Hourly,0.991
LIKELY_DUPLICATE,same title/location/advertiser + salary + very similar description,20842_5222-a8fe5cbbd8a6c7c431ae802a0f5ae37c,20842_5222-771e9d3e22bc3c86488b536097e12edd,Market Research Interviewer - Car Required - Full Time,Cardiff,Ipsos,Ipsos,23500.00 | 23500.00 | Annual,23500.00 | 23500.00 | Annual,0.990
LIKELY_DUPLICATE,same title/location/advertiser + salary + very similar description,20842_5222-a8fe5cbbd8a6c7c431ae802a0f5ae37c,20842_5222-d9dc24cb1566bbae72eada8f27b21484,Market Research Interviewer - Car Required - Full Time,Cardiff,Ipsos,Ipsos,23500.00 | 23500.00 | Annual,23500.00 | 23500.00 | Annual,0.988
LIKELY_DUPLICATE,same title/location/advertiser + salary + very similar description,20842_5222-d9dc24cb1566bbae72eada8f27b21484,20842_5222-771e9d3e22bc3c86488b536097e12edd,Market Research Interviewer - Car Required - Full Time,Cardiff,Ipsos,Ipsos,23500.00 | 23500.00 | Annual,23500.00 | 23500.00 | Annual,0.989
LIKELY_DUPLICATE,same title/location/advertiser + salary + very similar description,20842_5122-5f9ac82fbb4382aa92a264c8153e73e8,20842_5122-7a52d97e6e0342e97919c3c50004467c,Market Research Interviewer - Car Required - Full Time,West Midlands,Ipsos,Ipsos,23500.00 | 23500.00 | Annual,23500.00 | 23500.00 | Annual,0.989
LIKELY_DUPLICATE,same title/location/advertiser + salary + very similar description,20842_5122-5f9ac82fbb4382aa92a264c8153e73e8,20842_5122-e0e6a8f57fbdb7434a8faf48d50857f5,Market Research Interviewer - Car Required - Full Time,West Midlands,Ipsos,Ipsos,23500.00 | 23500.00 | Annual,23500.00 | 23500.00 | Annual,0.990
LIKELY_DUPLICATE,same title/location/advertiser + salary + very similar description,20842_5122-5f9ac82fbb4382aa92a264c8153e73e8,20842_5122-f11b7fddd64dd201d6305d99d36cfcf9,Market Research Interviewer - Car Required - Full Time,West Midlands,Ipsos,Ipsos,23500.00 | 23500.00 | Annual,23500.00 | 23500.00 | Annual,0.990
LIKELY_DUPLICATE,same title/location/advertiser + salary + very similar description,20842_5122-7a52d97e6e0342e97919c3c50004467c,20842_5122-e0e6a8f57fbdb7434a8faf48d50857f5,Market Research Interviewer - Car Required - Full Time,West Midlands,Ipsos,Ipsos,23500.00 | 23500.00 | Annual,23500.00 | 23500.00 | Annual,0.990
LIKELY_DUPLICATE,same title/location/advertiser + salary + very similar description,20842_5122-7a52d97e6e0342e97919c3c50004467c,20842_5122-f11b7fddd64dd201d6305d99d36cfcf9,Market Research Interviewer - Car Required - Full Time,West Midlands,Ipsos,Ipsos,23500.00 | 23500.00 | Annual,23500.00 | 23500.00 | Annual,0.990
LIKELY_DUPLICATE,same title/location/advertiser + salary + very similar description,20842_5122-e0e6a8f57fbdb7434a8faf48d50857f5,20842_5122-f11b7fddd64dd201d6305d99d36cfcf9,Market Research Interviewer - Car Required - Full Time,West Midlands,Ipsos,Ipsos,23500.00 | 23500.00 | Annual,23500.00 | 23500.00 | Annual,0.990
LIKELY_DUPLICATE,same title/location/advertiser + salary + very similar description,1885170,1885164,Marketing Assistant,Northamptonshire,Wallace Hind Selection,Wallace Hind Selection,30000.00 | 30000.00 | Annual,30000.00 | 30000.00 | Annual,0.992
LIKELY_DUPLICATE,same title/location/advertiser + salary + very similar description,2044913,2044911,Marketing Executive,Kent,Reed,Reed,Annual,Annual,0.983
LIKELY_DUPLICATE,same title/location/advertiser + salary + very similar description,2044915,2044911,Marketing Executive,Kent,Reed,Reed,Annual,Annual,0.984
LIKELY_DUPLICATE,same title/location/advertiser + salary + very similar description,2044915,2044913,Marketing Executive,Kent,Reed,Reed,Annual,Annual,0.986
LIKELY_DUPLICATE,same title/location/advertiser + salary + very similar description,1979270,1996151,Marketing Manager,Worcestershire,Redwood Search,Redwood Search,70000.00 | 100000.00 | Annual,70000.00 | 100000.00 | Annual,0.823
LIKELY_DUPLICATE,same title/location/advertiser + salary + very similar description,1961190,1914772,Mercedes-Benz Vehicle Technician,Middlesex,Sytner Group,Sytner Group,Annual,Annual,0.950
LIKELY_DUPLICATE,same title/location/advertiser + salary + very similar description,1402265495,1402265770,Mobile Optometrist,Kent,Vision Express,Vision Express,Annual,Annual,0.960
LIKELY_DUPLICATE,same title/location/advertiser + salary + very similar description,108049177,107984526,Morning Delivery Driver,Suffolk,NewsTeam Group,NewsTeam Group,64.29 | 64.29 | Daily,64.29 | 64.29 | Daily,0.944
LIKELY_DUPLICATE,same title/location/advertiser + salary + very similar description,1882162,1882160,Mortgage Administrators required top London Brokerage HYBRID,London,Astral Recruitment,Astral Recruitment,30000.00 | 32000.00 | Annual,30000.00 | 32000.00 | Annual,0.965
LIKELY_DUPLICATE,same title/location/advertiser + salary + very similar description,1906137,1906103,Mortgage Advisor,Essex,GCB Recruitment,GCB Recruitment,80000.00 | 90000.00 | Annual,80000.00 | 90000.00 | Annual,0.986
LIKELY_DUPLICATE,same title/location/advertiser + salary + very similar description,2049571,2049569,Mortgage Advisor,Yorkshire,Embrace Financial Services,Embrace Financial Services,Annual,Annual,0.992
LIKELY_DUPLICATE,same title/location/advertiser + salary + very similar description,1964126,2034577,Mortgage Broker - Partner Advisor,Lancashire,The Mortgage Experts,The Mortgage Experts,8000.00 | 8000.00 | Monthly,8000.00 | 8000.00 | Monthly,0.991
LIKELY_DUPLICATE,same title/location/advertiser + salary + very similar description,1964132,1964126,Mortgage Broker - Partner Advisor,Lancashire,The Mortgage Experts,The Mortgage Experts,8000.00 | 8000.00 | Monthly,8000.00 | 8000.00 | Monthly,0.990
LIKELY_DUPLICATE,same title/location/advertiser + salary + very similar description,1964132,2034577,Mortgage Broker - Partner Advisor,Lancashire,The Mortgage Experts,The Mortgage Experts,8000.00 | 8000.00 | Monthly,8000.00 | 8000.00 | Monthly,0.991
LIKELY_DUPLICATE,same title/location/advertiser + salary + very similar description,1964130,2034574,Mortgage Broker - Partner Advisor,West Midlands,The Mortgage Experts,The Mortgage Experts,8000.00 | 8000.00 | Monthly,8000.00 | 8000.00 | Monthly,0.990
LIKELY_DUPLICATE,same title/location/advertiser + salary + very similar description,1974118,1964130,Mortgage Broker - Partner Advisor,West Midlands,The Mortgage Experts,The Mortgage Experts,8000.00 | 8000.00 | Monthly,8000.00 | 8000.00 | Monthly,0.991
LIKELY_DUPLICATE,same title/location/advertiser + salary + very similar description,1974118,2034574,Mortgage Broker - Partner Advisor,West Midlands,The Mortgage Experts,The Mortgage Experts,8000.00 | 8000.00 | Monthly,8000.00 | 8000.00 | Monthly,0.991
LIKELY_DUPLICATE,same title/location/advertiser + salary + very similar description,1964127,2022696,Mortgage Broker - Partner Advisor,Worcestershire,The Mortgage Experts,The Mortgage Experts,8000.00 | 8000.00 | Monthly,8000.00 | 8000.00 | Monthly,0.992
LIKELY_DUPLICATE,same title/location/advertiser + salary + very similar description,1964127,2034575,Mortgage Broker - Partner Advisor,Worcestershire,The Mortgage Experts,The Mortgage Experts,8000.00 | 8000.00 | Monthly,8000.00 | 8000.00 | Monthly,0.992
LIKELY_DUPLICATE,same title/location/advertiser + salary + very similar description,2022696,2034575,Mortgage Broker - Partner Advisor,Worcestershire,The Mortgage Experts,The Mortgage Experts,8000.00 | 8000.00 | Monthly,8000.00 | 8000.00 | Monthly,0.991
LIKELY_DUPLICATE,same title/location/advertiser + salary + very similar description,1912112,1912073,MOT Tester,Somerset,Zachary Daniels,Zachary Daniels,37000.00 | 42000.00 | Annual,37000.00 | 42000.00 | Annual,0.987
LIKELY_DUPLICATE,same title/location/advertiser + salary + very similar description,NetworkEngineer016045,NetworkEngineer016025,Network Engineer,Devon,Newto Training,Newto Training,Annual,Annual,0.983
LIKELY_DUPLICATE,same title/location/advertiser + salary + very similar description,NetworkEngineer016016,NetworkEngineer016011,Network Engineer,Gloucestershire,Newto Training,Newto Training,Annual,Annual,0.981
LIKELY_DUPLICATE,same title/location/advertiser + salary + very similar description,NetworkEngineer016052,NetworkEngineer016049,Network Engineer,Hampshire,Newto Training,Newto Training,Annual,Annual,0.983
LIKELY_DUPLICATE,same title/location/advertiser + salary + very similar description,NetworkEngineer016015,NetworkEngineer016013,Network Engineer,Kent,Newto Training,Newto Training,Annual,Annual,0.985
LIKELY_DUPLICATE,same title/location/advertiser + salary + very similar description,NetworkEngineer016034,NetworkEngineer016007,Network Engineer,Lancashire,Newto Training,Newto Training,Annual,Annual,0.985
LIKELY_DUPLICATE,same title/location/advertiser + salary + very similar description,NetworkEngineer016036,NetworkEngineer016007,Network Engineer,Lancashire,Newto Training,Newto Training,Annual,Annual,0.982
LIKELY_DUPLICATE,same title/location/advertiser + salary + very similar description,NetworkEngineer016036,NetworkEngineer016034,Network Engineer,Lancashire,Newto Training,Newto Training,Annual,Annual,0.983
LIKELY_DUPLICATE,same title/location/advertiser + salary + very similar description,NetworkEngineer016046,NetworkEngineer016007,Network Engineer,Lancashire,Newto Training,Newto Training,Annual,Annual,0.981
LIKELY_DUPLICATE,same title/location/advertiser + salary + very similar description,NetworkEngineer016046,NetworkEngineer016034,Network Engineer,Lancashire,Newto Training,Newto Training,Annual,Annual,0.983
LIKELY_DUPLICATE,same title/location/advertiser + salary + very similar description,NetworkEngineer016046,NetworkEngineer016036,Network Engineer,Lancashire,Newto Training,Newto Training,Annual,Annual,0.981
LIKELY_DUPLICATE,same title/location/advertiser + salary + very similar description,NetworkEngineer016035,NetworkEngineer016032,Network Engineer,Leicestershire,Newto Training,Newto Training,Annual,Annual,0.983
LIKELY_DUPLICATE,same title/location/advertiser + salary + very similar description,NetworkEngineer016047,NetworkEngineer016044,Network Engineer,Oxfordshire,Newto Training,Newto Training,Annual,Annual,0.981
LIKELY_DUPLICATE,same title/location/advertiser + salary + very similar description,NetworkEngineer016050,NetworkEngineer016006,Network Engineer,Staffordshire,Newto Training,Newto Training,Annual,Annual,0.981
LIKELY_DUPLICATE,same title/location/advertiser + salary + very similar description,NetworkEngineer016053,NetworkEngineer016006,Network Engineer,Staffordshire,Newto Training,Newto Training,Annual,Annual,0.983
LIKELY_DUPLICATE,same title/location/advertiser + salary + very similar description,NetworkEngineer016053,NetworkEngineer016050,Network Engineer,Staffordshire,Newto Training,Newto Training,Annual,Annual,0.983
LIKELY_DUPLICATE,same title/location/advertiser + salary + very similar description,NetworkEngineer016017,NetworkEngineer016010,Network Engineer,Sussex,Newto Training,Newto Training,Annual,Annual,0.983
LIKELY_DUPLICATE,same title/location/advertiser + salary + very similar description,NetworkEngineer016009,NetworkEngineer016003,Network Engineer,Yorkshire,Newto Training,Newto Training,Annual,Annual,0.981
LIKELY_DUPLICATE,same title/location/advertiser + salary + very similar description,NetworkEngineer016021,NetworkEngineer016003,Network Engineer,Yorkshire,Newto Training,Newto Training,Annual,Annual,0.981
LIKELY_DUPLICATE,same title/location/advertiser + salary + very similar description,NetworkEngineer016021,NetworkEngineer016009,Network Engineer,Yorkshire,Newto Training,Newto Training,Annual,Annual,0.983
LIKELY_DUPLICATE,same title/location/advertiser + salary + very similar description,NetworkEngineer016029,NetworkEngineer016003,Network Engineer,Yorkshire,Newto Training,Newto Training,Annual,Annual,0.988
LIKELY_DUPLICATE,same title/location/advertiser + salary + very similar description,NetworkEngineer016029,NetworkEngineer016009,Network Engineer,Yorkshire,Newto Training,Newto Training,Annual,Annual,0.982
LIKELY_DUPLICATE,same title/location/advertiser + salary + very similar description,NetworkEngineer016029,NetworkEngineer016021,Network Engineer,Yorkshire,Newto Training,Newto Training,Annual,Annual,0.985
LIKELY_DUPLICATE,same title/location/advertiser + salary + very similar description,NetworkEngineer016031,NetworkEngineer016003,Network Engineer,Yorkshire,Newto Training,Newto Training,Annual,Annual,0.982
LIKELY_DUPLICATE,same title/location/advertiser + salary + very similar description,NetworkEngineer016031,NetworkEngineer016009,Network Engineer,Yorkshire,Newto Training,Newto Training,Annual,Annual,0.981
LIKELY_DUPLICATE,same title/location/advertiser + salary + very similar description,NetworkEngineer016031,NetworkEngineer016021,Network Engineer,Yorkshire,Newto Training,Newto Training,Annual,Annual,0.983
LIKELY_DUPLICATE,same title/location/advertiser + salary + very similar description,NetworkEngineer016031,NetworkEngineer016029,Network Engineer,Yorkshire,Newto Training,Newto Training,Annual,Annual,0.983
LIKELY_DUPLICATE,same title/location/advertiser + salary + very similar description,NetworkEngineer016037,NetworkEngineer016003,Network Engineer,Yorkshire,Newto Training,Newto Training,Annual,Annual,0.981
LIKELY_DUPLICATE,same title/location/advertiser + salary + very similar description,NetworkEngineer016037,NetworkEngineer016009,Network Engineer,Yorkshire,Newto Training,Newto Training,Annual,Annual,0.983
LIKELY_DUPLICATE,same title/location/advertiser + salary + very similar description,NetworkEngineer016037,NetworkEngineer016021,Network Engineer,Yorkshire,Newto Training,Newto Training,Annual,Annual,0.982
LIKELY_DUPLICATE,same title/location/advertiser + salary + very similar description,NetworkEngineer016037,NetworkEngineer016029,Network Engineer,Yorkshire,Newto Training,Newto Training,Annual,Annual,0.982
LIKELY_DUPLICATE,same title/location/advertiser + salary + very similar description,NetworkEngineer016037,NetworkEngineer016031,Network Engineer,Yorkshire,Newto Training,Newto Training,Annual,Annual,0.981
LIKELY_DUPLICATE,same title/location/advertiser + salary + very similar description,NetworkEngineer016048,NetworkEngineer016003,Network Engineer,Yorkshire,Newto Training,Newto Training,Annual,Annual,0.981
LIKELY_DUPLICATE,same title/location/advertiser + salary + very similar description,NetworkEngineer016048,NetworkEngineer016009,Network Engineer,Yorkshire,Newto Training,Newto Training,Annual,Annual,0.982
LIKELY_DUPLICATE,same title/location/advertiser + salary + very similar description,NetworkEngineer016048,NetworkEngineer016021,Network Engineer,Yorkshire,Newto Training,Newto Training,Annual,Annual,0.982
LIKELY_DUPLICATE,same title/location/advertiser + salary + very similar description,NetworkEngineer016048,NetworkEngineer016029,Network Engineer,Yorkshire,Newto Training,Newto Training,Annual,Annual,0.981
LIKELY_DUPLICATE,same title/location/advertiser + salary + very similar description,NetworkEngineer016048,NetworkEngineer016031,Network Engineer,Yorkshire,Newto Training,Newto Training,Annual,Annual,0.983
LIKELY_DUPLICATE,same title/location/advertiser + salary + very similar description,NetworkEngineer016048,NetworkEngineer016037,Network Engineer,Yorkshire,Newto Training,Newto Training,Annual,Annual,0.983
LIKELY_DUPLICATE,same title/location/advertiser + salary + very similar description,NetworkEngineer016054,NetworkEngineer016003,Network Engineer,Yorkshire,Newto Training,Newto Training,Annual,Annual,0.982
LIKELY_DUPLICATE,same title/location/advertiser + salary + very similar description,NetworkEngineer016054,NetworkEngineer016009,Network Engineer,Yorkshire,Newto Training,Newto Training,Annual,Annual,0.981
LIKELY_DUPLICATE,same title/location/advertiser + salary + very similar description,NetworkEngineer016054,NetworkEngineer016021,Network Engineer,Yorkshire,Newto Training,Newto Training,Annual,Annual,0.983
LIKELY_DUPLICATE,same title/location/advertiser + salary + very similar description,NetworkEngineer016054,NetworkEngineer016029,Network Engineer,Yorkshire,Newto Training,Newto Training,Annual,Annual,0.983
LIKELY_DUPLICATE,same title/location/advertiser + salary + very similar description,NetworkEngineer016054,NetworkEngineer016031,Network Engineer,Yorkshire,Newto Training,Newto Training,Annual,Annual,0.982
LIKELY_DUPLICATE,same title/location/advertiser + salary + very similar description,NetworkEngineer016054,NetworkEngineer016037,Network Engineer,Yorkshire,Newto Training,Newto Training,Annual,Annual,0.982
LIKELY_DUPLICATE,same title/location/advertiser + salary + very similar description,NetworkEngineer016054,NetworkEngineer016048,Network Engineer,Yorkshire,Newto Training,Newto Training,Annual,Annual,0.983
LIKELY_DUPLICATE,same title/location/advertiser + salary + very similar description,107923208,107923206,Nurse Assessor,Gwynedd,Donard Recruitment Ltd,Donard Recruitment Ltd,40000.00 | 40000.00 | Annual,40000.00 | 40000.00 | Annual,0.940
LIKELY_DUPLICATE,same title/location/advertiser + salary + very similar description,21618_26251_30717-fc71f6f04da648b3382ef50a10d1027e,21618_26251_30717-710a144e7baf4647fcc5140784fa81d5,Nursery Manager,Hertfordshire,Busy Bees,Busy Bees,Annual,Annual,0.993
LIKELY_DUPLICATE,same title/location/advertiser + salary + very similar description,26251_30717-fc71f6f04da648b3382ef50a10d1027e,26251_30717-710a144e7baf4647fcc5140784fa81d5,Nursery Manager,Hertfordshire,Busy Bees,Busy Bees,45000.00 | 45000.00 | Annual,45000.00 | 45000.00 | Annual,0.993
LIKELY_DUPLICATE,same title/location/advertiser + salary + very similar description,21618_26251_30215,21618_26251_30577,Nursery Practitioner Level 3,Bedfordshire,Busy Bees,Busy Bees,Annual,Annual,0.880
LIKELY_DUPLICATE,same title/location/advertiser + salary + very similar description,21618_26251_29767,21618_26251_30620,Nursery Practitioner Level 3,Buckinghamshire,Busy Bees,Busy Bees,Annual,Annual,0.831
LIKELY_DUPLICATE,same title/location/advertiser + salary + very similar description,21618_26251_30155,21618_26251_30583,Nursery Practitioner Level 3,Essex,Busy Bees,Busy Bees,Annual,Annual,0.802
LIKELY_DUPLICATE,same title/location/advertiser + salary + very similar description,21618_26251_30127,21618_26251_30425,Nursery Practitioner Level 3,Kent,Busy Bees,Busy Bees,Annual,Annual,0.895
LIKELY_DUPLICATE,same title/location/advertiser + salary + very similar description,21618_26251_30127,21618_26251_30437,Nursery Practitioner Level 3,Kent,Busy Bees,Busy Bees,Annual,Annual,0.880
LIKELY_DUPLICATE,same title/location/advertiser + salary + very similar description,21618_26251_30425,21618_26251_30437,Nursery Practitioner Level 3,Kent,Busy Bees,Busy Bees,Annual,Annual,0.899
LIKELY_DUPLICATE,same title/location/advertiser + salary + very similar description,21618_26251_30063,21618_26251_30469,Nursery Practitioner Level 3,London,Busy Bees,Busy Bees,Annual,Annual,0.860
LIKELY_DUPLICATE,same title/location/advertiser + salary + very similar description,21618_26251_30063,21618_26251_30576,Nursery Practitioner Level 3,London,Busy Bees,Busy Bees,Annual,Annual,0.862
LIKELY_DUPLICATE,same title/location/advertiser + salary + very similar description,21618_26251_30469,21618_26251_30576,Nursery Practitioner Level 3,London,Busy Bees,Busy Bees,Annual,Annual,0.883
LIKELY_DUPLICATE,same title/location/advertiser + salary + very similar description,21618_26251_29989,21618_26251_30503,Nursery Practitioner Level 3,Surrey,Busy Bees,Busy Bees,Annual,Annual,0.889
LIKELY_DUPLICATE,same title/location/advertiser + salary + very similar description,21618_26251_29917,21618_26251_29949,Nursery Practitioner Level 3,Wiltshire,Busy Bees,Busy Bees,Annual,Annual,0.873
LIKELY_DUPLICATE,same title/location/advertiser + salary + very similar description,21618_26251_29917,21618_26251_29974,Nursery Practitioner Level 3,Wiltshire,Busy Bees,Busy Bees,Annual,Annual,0.879
LIKELY_DUPLICATE,same title/location/advertiser + salary + very similar description,21618_26251_29949,21618_26251_29974,Nursery Practitioner Level 3,Wiltshire,Busy Bees,Busy Bees,Annual,Annual,0.899
LIKELY_DUPLICATE,same title/location/advertiser + salary + very similar description,21618_26251_30064,21618_26251_30796,Nursery Room Leader,London,Busy Bees,Busy Bees,Annual,Annual,0.843
LIKELY_DUPLICATE,same title/location/advertiser + salary + very similar description,1996466,1996416,Occupational Health Advisor,Kent,Reed,Reed,55500.00 | 66700.00 | Annual,55500.00 | 66700.00 | Annual,0.992
LIKELY_DUPLICATE,same title/location/advertiser + salary + very similar description,2054086,2054084,Occupational Health Advisor,Yorkshire,Reed,Reed,55000.00 | 55000.00 | Annual,55000.00 | 55000.00 | Annual,0.989
LIKELY_DUPLICATE,same title/location/advertiser + salary + very similar description,25362_JR105263,25362_JR105264,Occupational Therapist,Oxfordshire,Witherslack Group,Witherslack Group,Annual,Annual,0.945
LIKELY_DUPLICATE,same title/location/advertiser + salary + very similar description,1955728,1955461,Optometrist,Cambridgeshire,Specsavers,Specsavers,65000.00 | 65000.00 | Annual,65000.00 | 65000.00 | Annual,0.920
LIKELY_DUPLICATE,same title/location/advertiser + salary + very similar description,1955195,1955182,Optometrist,Kent,Specsavers,Specsavers,60000.00 | 60000.00 | Annual,60000.00 | 60000.00 | Annual,0.981
LIKELY_DUPLICATE,same title/location/advertiser + salary + very similar description,1955210,1955209,Optometrist,Surrey,Specsavers,Specsavers,70000.00 | 70000.00 | Annual,70000.00 | 70000.00 | Annual,0.965
LIKELY_DUPLICATE,same title/location/advertiser + salary + very similar description,1402265513,1402265512,Optometrist,Tyne And Wear,ASDA Opticians,ASDA Opticians,Annual,Annual,0.991
LIKELY_DUPLICATE,same title/location/advertiser + salary + very similar description,1986937,2040421,Optometrist,Tyne And Wear,ASDA,ASDA,Annual,Annual,0.974
LIKELY_DUPLICATE,same title/location/advertiser + salary + very similar description,1986937,2040443,Optometrist,Tyne And Wear,ASDA,ASDA,Annual,Annual,0.978
LIKELY_DUPLICATE,same title/location/advertiser + salary + very similar description,2040443,2040421,Optometrist,Tyne And Wear,ASDA,ASDA,Annual,Annual,0.990
LIKELY_DUPLICATE,same title/location/advertiser + salary + very similar description,107979784,107979797,Paraplanner,Essex,Premier Jobs UK Limited,Premier Jobs UK Limited,50000.00 | 50000.00 | Annual,50000.00 | 50000.00 | Annual,0.929
LIKELY_DUPLICATE,same title/location/advertiser + salary + very similar description,1978314,1978309,Paraplanner,Merseyside,mbf.,mbf.,50000.00 | 50000.00 | Annual,50000.00 | 50000.00 | Annual,0.993
LIKELY_DUPLICATE,same title/location/advertiser + salary + very similar description,2043658,2043646,Paraplanner,Sussex,Premier Jobs UK Limited,Premier Jobs UK Limited,40000.00 | 50000.00 | Annual,40000.00 | 50000.00 | Annual,0.991
LIKELY_DUPLICATE,same title/location/advertiser + salary + very similar description,2042265,2042264,"Paraplanner required, Established IFA firm , HYBRID",Sussex,Astral Recruitment,Astral Recruitment,50000.00 | 50000.00 | Annual,50000.00 | 50000.00 | Annual,0.946
LIKELY_DUPLICATE,same title/location/advertiser + salary + very similar description,21582_111894048,21582_111894042,Payroll Specialist (12 month contract),Belfast,A&O Shearman,A&O Shearman,Annual,Annual,0.994
LIKELY_DUPLICATE,same title/location/advertiser + salary + very similar description,21582_111894038,21582_111894047,Payroll Specialist (12 month contract),County Antrim,A&O Shearman,A&O Shearman,Annual,Annual,0.994
LIKELY_DUPLICATE,same title/location/advertiser + salary + very similar description,21582_111894038,21582_111894049,Payroll Specialist (12 month contract),County Antrim,A&O Shearman,A&O Shearman,Annual,Annual,0.994
LIKELY_DUPLICATE,same title/location/advertiser + salary + very similar description,21582_111894038,21582_111894058,Payroll Specialist (12 month contract),County Antrim,A&O Shearman,A&O Shearman,Annual,Annual,0.994
LIKELY_DUPLICATE,same title/location/advertiser + salary + very similar description,21582_111894038,21582_111894059,Payroll Specialist (12 month contract),County Antrim,A&O Shearman,A&O Shearman,Annual,Annual,0.994
LIKELY_DUPLICATE,same title/location/advertiser + salary + very similar description,21582_111894038,21582_111894062,Payroll Specialist (12 month contract),County Antrim,A&O Shearman,A&O Shearman,Annual,Annual,0.994
LIKELY_DUPLICATE,same title/location/advertiser + salary + very similar description,21582_111894047,21582_111894059,Payroll Specialist (12 month contract),County Antrim,A&O Shearman,A&O Shearman,Annual,Annual,0.994
LIKELY_DUPLICATE,same title/location/advertiser + salary + very similar description,21582_111894047,21582_111894062,Payroll Specialist (12 month contract),County Antrim,A&O Shearman,A&O Shearman,Annual,Annual,0.994
LIKELY_DUPLICATE,same title/location/advertiser + salary + very similar description,21582_111894049,21582_111894047,Payroll Specialist (12 month contract),County Antrim,A&O Shearman,A&O Shearman,Annual,Annual,0.994
LIKELY_DUPLICATE,same title/location/advertiser + salary + very similar description,21582_111894049,21582_111894059,Payroll Specialist (12 month contract),County Antrim,A&O Shearman,A&O Shearman,Annual,Annual,0.995
LIKELY_DUPLICATE,same title/location/advertiser + salary + very similar description,21582_111894049,21582_111894062,Payroll Specialist (12 month contract),County Antrim,A&O Shearman,A&O Shearman,Annual,Annual,0.994
LIKELY_DUPLICATE,same title/location/advertiser + salary + very similar description,21582_111894058,21582_111894047,Payroll Specialist (12 month contract),County Antrim,A&O Shearman,A&O Shearman,Annual,Annual,0.994
LIKELY_DUPLICATE,same title/location/advertiser + salary + very similar description,21582_111894058,21582_111894049,Payroll Specialist (12 month contract),County Antrim,A&O Shearman,A&O Shearman,Annual,Annual,0.993
LIKELY_DUPLICATE,same title/location/advertiser + salary + very similar description,21582_111894058,21582_111894059,Payroll Specialist (12 month contract),County Antrim,A&O Shearman,A&O Shearman,Annual,Annual,0.994
LIKELY_DUPLICATE,same title/location/advertiser + salary + very similar description,21582_111894058,21582_111894062,Payroll Specialist (12 month contract),County Antrim,A&O Shearman,A&O Shearman,Annual,Annual,0.994
LIKELY_DUPLICATE,same title/location/advertiser + salary + very similar description,21582_111894062,21582_111894059,Payroll Specialist (12 month contract),County Antrim,A&O Shearman,A&O Shearman,Annual,Annual,0.995
LIKELY_DUPLICATE,same title/location/advertiser + salary + very similar description,21582_111894054,21582_111894044,Payroll Specialist (12 month contract),County Armagh,A&O Shearman,A&O Shearman,Annual,Annual,0.994
LIKELY_DUPLICATE,same title/location/advertiser + salary + very similar description,21582_111894056,21582_111894044,Payroll Specialist (12 month contract),County Armagh,A&O Shearman,A&O Shearman,Annual,Annual,0.994
LIKELY_DUPLICATE,same title/location/advertiser + salary + very similar description,21582_111894056,21582_111894054,Payroll Specialist (12 month contract),County Armagh,A&O Shearman,A&O Shearman,Annual,Annual,0.994
LIKELY_DUPLICATE,same title/location/advertiser + salary + very similar description,21582_111894039,21582_111894046,Payroll Specialist (12 month contract),County Down,A&O Shearman,A&O Shearman,Annual,Annual,0.993
LIKELY_DUPLICATE,same title/location/advertiser + salary + very similar description,21582_111894039,21582_111894053,Payroll Specialist (12 month contract),County Down,A&O Shearman,A&O Shearman,Annual,Annual,0.994
LIKELY_DUPLICATE,same title/location/advertiser + salary + very similar description,21582_111894051,21582_111894039,Payroll Specialist (12 month contract),County Down,A&O Shearman,A&O Shearman,Annual,Annual,0.995
LIKELY_DUPLICATE,same title/location/advertiser + salary + very similar description,21582_111894051,21582_111894046,Payroll Specialist (12 month contract),County Down,A&O Shearman,A&O Shearman,Annual,Annual,0.994
LIKELY_DUPLICATE,same title/location/advertiser + salary + very similar description,21582_111894051,21582_111894053,Payroll Specialist (12 month contract),County Down,A&O Shearman,A&O Shearman,Annual,Annual,0.995
LIKELY_DUPLICATE,same title/location/advertiser + salary + very similar description,21582_111894053,21582_111894046,Payroll Specialist (12 month contract),County Down,A&O Shearman,A&O Shearman,Annual,Annual,0.995
LIKELY_DUPLICATE,same title/location/advertiser + salary + very similar description,PenetrationTesterProgramme016045,PenetrationTesterProgramme016025,Penetration Tester Programme,Devon,Newto Training,Newto Training,Annual,Annual,0.990
LIKELY_DUPLICATE,same title/location/advertiser + salary + very similar description,PenetrationTesterProgramme016016,PenetrationTesterProgramme016011,Penetration Tester Programme,Gloucestershire,Newto Training,Newto Training,Annual,Annual,0.990
LIKELY_DUPLICATE,same title/location/advertiser + salary + very similar description,PenetrationTesterProgramme016052,PenetrationTesterProgramme016049,Penetration Tester Programme,Hampshire,Newto Training,Newto Training,Annual,Annual,0.989
LIKELY_DUPLICATE,same title/location/advertiser + salary + very similar description,PenetrationTesterProgramme016015,PenetrationTesterProgramme016013,Penetration Tester Programme,Kent,Newto Training,Newto Training,Annual,Annual,0.990
LIKELY_DUPLICATE,same title/location/advertiser + salary + very similar description,PenetrationTesterProgramme016034,PenetrationTesterProgramme016007,Penetration Tester Programme,Lancashire,Newto Training,Newto Training,Annual,Annual,0.990
LIKELY_DUPLICATE,same title/location/advertiser + salary + very similar description,PenetrationTesterProgramme016036,PenetrationTesterProgramme016007,Penetration Tester Programme,Lancashire,Newto Training,Newto Training,Annual,Annual,0.991
LIKELY_DUPLICATE,same title/location/advertiser + salary + very similar description,PenetrationTesterProgramme016036,PenetrationTesterProgramme016034,Penetration Tester Programme,Lancashire,Newto Training,Newto Training,Annual,Annual,0.990
LIKELY_DUPLICATE,same title/location/advertiser + salary + very similar description,PenetrationTesterProgramme016046,PenetrationTesterProgramme016007,Penetration Tester Programme,Lancashire,Newto Training,Newto Training,Annual,Annual,0.989
LIKELY_DUPLICATE,same title/location/advertiser + salary + very similar description,PenetrationTesterProgramme016046,PenetrationTesterProgramme016034,Penetration Tester Programme,Lancashire,Newto Training,Newto Training,Annual,Annual,0.990
LIKELY_DUPLICATE,same title/location/advertiser + salary + very similar description,PenetrationTesterProgramme016046,PenetrationTesterProgramme016036,Penetration Tester Programme,Lancashire,Newto Training,Newto Training,Annual,Annual,0.990
LIKELY_DUPLICATE,same title/location/advertiser + salary + very similar description,PenetrationTesterProgramme016035,PenetrationTesterProgramme016032,Penetration Tester Programme,Leicestershire,Newto Training,Newto Training,Annual,Annual,0.990
LIKELY_DUPLICATE,same title/location/advertiser + salary + very similar description,PenetrationTesterProgramme016047,PenetrationTesterProgramme016044,Penetration Tester Programme,Oxfordshire,Newto Training,Newto Training,Annual,Annual,0.989
LIKELY_DUPLICATE,same title/location/advertiser + salary + very similar description,PenetrationTesterProgramme016050,PenetrationTesterProgramme016006,Penetration Tester Programme,Staffordshire,Newto Training,Newto Training,Annual,Annual,0.990
LIKELY_DUPLICATE,same title/location/advertiser + salary + very similar description,PenetrationTesterProgramme016053,PenetrationTesterProgramme016006,Penetration Tester Programme,Staffordshire,Newto Training,Newto Training,Annual,Annual,0.991
LIKELY_DUPLICATE,same title/location/advertiser + salary + very similar description,PenetrationTesterProgramme016053,PenetrationTesterProgramme016050,Penetration Tester Programme,Staffordshire,Newto Training,Newto Training,Annual,Annual,0.990
LIKELY_DUPLICATE,same title/location/advertiser + salary + very similar description,PenetrationTesterProgramme016017,PenetrationTesterProgramme016010,Penetration Tester Programme,Sussex,Newto Training,Newto Training,Annual,Annual,0.989
LIKELY_DUPLICATE,same title/location/advertiser + salary + very similar description,PenetrationTesterProgramme016009,PenetrationTesterProgramme016003,Penetration Tester Programme,Yorkshire,Newto Training,Newto Training,Annual,Annual,0.989
LIKELY_DUPLICATE,same title/location/advertiser + salary + very similar description,PenetrationTesterProgramme016021,PenetrationTesterProgramme016003,Penetration Tester Programme,Yorkshire,Newto Training,Newto Training,Annual,Annual,0.991
LIKELY_DUPLICATE,same title/location/advertiser + salary + very similar description,PenetrationTesterProgramme016021,PenetrationTesterProgramme016009,Penetration Tester Programme,Yorkshire,Newto Training,Newto Training,Annual,Annual,0.989
LIKELY_DUPLICATE,same title/location/advertiser + salary + very similar description,PenetrationTesterProgramme016029,PenetrationTesterProgramme016003,Penetration Tester Programme,Yorkshire,Newto Training,Newto Training,Annual,Annual,0.993
LIKELY_DUPLICATE,same title/location/advertiser + salary + very similar description,PenetrationTesterProgramme016029,PenetrationTesterProgramme016009,Penetration Tester Programme,Yorkshire,Newto Training,Newto Training,Annual,Annual,0.990
LIKELY_DUPLICATE,same title/location/advertiser + salary + very similar description,PenetrationTesterProgramme016029,PenetrationTesterProgramme016021,Penetration Tester Programme,Yorkshire,Newto Training,Newto Training,Annual,Annual,0.989
LIKELY_DUPLICATE,same title/location/advertiser + salary + very similar description,PenetrationTesterProgramme016031,PenetrationTesterProgramme016003,Penetration Tester Programme,Yorkshire,Newto Training,Newto Training,Annual,Annual,0.989
LIKELY_DUPLICATE,same title/location/advertiser + salary + very similar description,PenetrationTesterProgramme016031,PenetrationTesterProgramme016009,Penetration Tester Programme,Yorkshire,Newto Training,Newto Training,Annual,Annual,0.989
LIKELY_DUPLICATE,same title/location/advertiser + salary + very similar description,PenetrationTesterProgramme016031,PenetrationTesterProgramme016021,Penetration Tester Programme,Yorkshire,Newto Training,Newto Training,Annual,Annual,0.990
LIKELY_DUPLICATE,same title/location/advertiser + salary + very similar description,PenetrationTesterProgramme016031,PenetrationTesterProgramme016029,Penetration Tester Programme,Yorkshire,Newto Training,Newto Training,Annual,Annual,0.990
LIKELY_DUPLICATE,same title/location/advertiser + salary + very similar description,PenetrationTesterProgramme016037,PenetrationTesterProgramme016003,Penetration Tester Programme,Yorkshire,Newto Training,Newto Training,Annual,Annual,0.989
LIKELY_DUPLICATE,same title/location/advertiser + salary + very similar description,PenetrationTesterProgramme016037,PenetrationTesterProgramme016009,Penetration Tester Programme,Yorkshire,Newto Training,Newto Training,Annual,Annual,0.989
LIKELY_DUPLICATE,same title/location/advertiser + salary + very similar description,PenetrationTesterProgramme016037,PenetrationTesterProgramme016021,Penetration Tester Programme,Yorkshire,Newto Training,Newto Training,Annual,Annual,0.989
LIKELY_DUPLICATE,same title/location/advertiser + salary + very similar description,PenetrationTesterProgramme016037,PenetrationTesterProgramme016029,Penetration Tester Programme,Yorkshire,Newto Training,Newto Training,Annual,Annual,0.989
LIKELY_DUPLICATE,same title/location/advertiser + salary + very similar description,PenetrationTesterProgramme016037,PenetrationTesterProgramme016031,Penetration Tester Programme,Yorkshire,Newto Training,Newto Training,Annual,Annual,0.990
LIKELY_DUPLICATE,same title/location/advertiser + salary + very similar description,PenetrationTesterProgramme016048,PenetrationTesterProgramme016003,Penetration Tester Programme,Yorkshire,Newto Training,Newto Training,Annual,Annual,0.990
LIKELY_DUPLICATE,same title/location/advertiser + salary + very similar description,PenetrationTesterProgramme016048,PenetrationTesterProgramme016009,Penetration Tester Programme,Yorkshire,Newto Training,Newto Training,Annual,Annual,0.989
LIKELY_DUPLICATE,same title/location/advertiser + salary + very similar description,PenetrationTesterProgramme016048,PenetrationTesterProgramme016021,Penetration Tester Programme,Yorkshire,Newto Training,Newto Training,Annual,Annual,0.990
LIKELY_DUPLICATE,same title/location/advertiser + salary + very similar description,PenetrationTesterProgramme016048,PenetrationTesterProgramme016029,Penetration Tester Programme,Yorkshire,Newto Training,Newto Training,Annual,Annual,0.991
LIKELY_DUPLICATE,same title/location/advertiser + salary + very similar description,PenetrationTesterProgramme016048,PenetrationTesterProgramme016031,Penetration Tester Programme,Yorkshire,Newto Training,Newto Training,Annual,Annual,0.989
LIKELY_DUPLICATE,same title/location/advertiser + salary + very similar description,PenetrationTesterProgramme016048,PenetrationTesterProgramme016037,Penetration Tester Programme,Yorkshire,Newto Training,Newto Training,Annual,Annual,0.991
LIKELY_DUPLICATE,same title/location/advertiser + salary + very similar description,PenetrationTesterProgramme016054,PenetrationTesterProgramme016003,Penetration Tester Programme,Yorkshire,Newto Training,Newto Training,Annual,Annual,0.989
LIKELY_DUPLICATE,same title/location/advertiser + salary + very similar description,PenetrationTesterProgramme016054,PenetrationTesterProgramme016009,Penetration Tester Programme,Yorkshire,Newto Training,Newto Training,Annual,Annual,0.989
LIKELY_DUPLICATE,same title/location/advertiser + salary + very similar description,PenetrationTesterProgramme016054,PenetrationTesterProgramme016021,Penetration Tester Programme,Yorkshire,Newto Training,Newto Training,Annual,Annual,0.989
LIKELY_DUPLICATE,same title/location/advertiser + salary + very similar description,PenetrationTesterProgramme016054,PenetrationTesterProgramme016029,Penetration Tester Programme,Yorkshire,Newto Training,Newto Training,Annual,Annual,0.990
LIKELY_DUPLICATE,same title/location/advertiser + salary + very similar description,PenetrationTesterProgramme016054,PenetrationTesterProgramme016031,Penetration Tester Programme,Yorkshire,Newto Training,Newto Training,Annual,Annual,0.991
LIKELY_DUPLICATE,same title/location/advertiser + salary + very similar description,PenetrationTesterProgramme016054,PenetrationTesterProgramme016037,Penetration Tester Programme,Yorkshire,Newto Training,Newto Training,Annual,Annual,0.990
LIKELY_DUPLICATE,same title/location/advertiser + salary + very similar description,PenetrationTesterProgramme016054,PenetrationTesterProgramme016048,Penetration Tester Programme,Yorkshire,Newto Training,Newto Training,Annual,Annual,0.990
LIKELY_DUPLICATE,same title/location/advertiser + salary + very similar description,1951522,1951521,Peripatetic Deputy Manager & Clinical Lead,Kent,Barchester Healthcare,Barchester Healthcare,Annual,Annual,0.989
LIKELY_DUPLICATE,same title/location/advertiser + salary + very similar description,1880303,1900936,Peripatetic Deputy Manager & Clinical Lead,Yorkshire,Barchester Healthcare,Barchester Healthcare,Annual,Annual,0.986
LIKELY_DUPLICATE,same title/location/advertiser + salary + very similar description,1951523,1979216,Peripatetic Nurse RGN,Gloucestershire,Barchester Healthcare,Barchester Healthcare,Annual,Annual,0.987
LIKELY_DUPLICATE,same title/location/advertiser + salary + very similar description,1987048,1986914,Pharmacist,Bedfordshire,ASDA,ASDA,Annual,Annual,0.989
LIKELY_DUPLICATE,same title/location/advertiser + salary + very similar description,2040437,2040434,Pharmacist - 30 hours,Wiltshire,ASDA,ASDA,Annual,Annual,0.980
LIKELY_DUPLICATE,same title/location/advertiser + salary + very similar description,1879607,1879606,PIP Nurse - Hybrid,Yorkshire,Maximus,Maximus,39500.00 | 39500.00 | Annual,39500.00 | 39500.00 | Annual,0.984
LIKELY_DUPLICATE,same title/location/advertiser + salary + very similar description,1879608,1879606,PIP Nurse - Hybrid,Yorkshire,Maximus,Maximus,39500.00 | 39500.00 | Annual,39500.00 | 39500.00 | Annual,0.991
LIKELY_DUPLICATE,same title/location/advertiser + salary + very similar description,1879608,1879607,PIP Nurse - Hybrid,Yorkshire,Maximus,Maximus,39500.00 | 39500.00 | Annual,39500.00 | 39500.00 | Annual,0.985
LIKELY_DUPLICATE,same title/location/advertiser + salary + very similar description,1910851,1974806,Premium Property Estate Agent,Cheshire,Fine & Country,Fine & Country,8000.00 | 10000.00 | Monthly,8000.00 | 10000.00 | Monthly,0.990
LIKELY_DUPLICATE,same title/location/advertiser + salary + very similar description,1910851,1974830,Premium Property Estate Agent,Cheshire,Fine & Country,Fine & Country,8000.00 | 10000.00 | Monthly,8000.00 | 10000.00 | Monthly,0.991
LIKELY_DUPLICATE,same title/location/advertiser + salary + very similar description,1910851,1974841,Premium Property Estate Agent,Cheshire,Fine & Country,Fine & Country,8000.00 | 10000.00 | Monthly,8000.00 | 10000.00 | Monthly,0.991
LIKELY_DUPLICATE,same title/location/advertiser + salary + very similar description,1974806,1974830,Premium Property Estate Agent,Cheshire,Fine & Country,Fine & Country,8000.00 | 10000.00 | Monthly,8000.00 | 10000.00 | Monthly,0.992
LIKELY_DUPLICATE,same title/location/advertiser + salary + very similar description,1974806,1974841,Premium Property Estate Agent,Cheshire,Fine & Country,Fine & Country,8000.00 | 10000.00 | Monthly,8000.00 | 10000.00 | Monthly,0.991
LIKELY_DUPLICATE,same title/location/advertiser + salary + very similar description,1974841,1974830,Premium Property Estate Agent,Cheshire,Fine & Country,Fine & Country,8000.00 | 10000.00 | Monthly,8000.00 | 10000.00 | Monthly,0.991
LIKELY_DUPLICATE,same title/location/advertiser + salary + very similar description,1910850,1974818,Premium Property Estate Agent,Gloucestershire,Fine & Country,Fine & Country,8000.00 | 10000.00 | Monthly,8000.00 | 10000.00 | Monthly,0.992
LIKELY_DUPLICATE,same title/location/advertiser + salary + very similar description,1910850,1974835,Premium Property Estate Agent,Gloucestershire,Fine & Country,Fine & Country,8000.00 | 10000.00 | Monthly,8000.00 | 10000.00 | Monthly,0.992
LIKELY_DUPLICATE,same title/location/advertiser + salary + very similar description,1974818,1974835,Premium Property Estate Agent,Gloucestershire,Fine & Country,Fine & Country,8000.00 | 10000.00 | Monthly,8000.00 | 10000.00 | Monthly,0.992
LIKELY_DUPLICATE,same title/location/advertiser + salary + very similar description,1910847,1974807,Premium Property Estate Agent,Hampshire,Fine & Country,Fine & Country,8000.00 | 10000.00 | Monthly,8000.00 | 10000.00 | Monthly,0.994
LIKELY_DUPLICATE,same title/location/advertiser + salary + very similar description,1910847,1974842,Premium Property Estate Agent,Hampshire,Fine & Country,Fine & Country,8000.00 | 10000.00 | Monthly,8000.00 | 10000.00 | Monthly,0.992
LIKELY_DUPLICATE,same title/location/advertiser + salary + very similar description,1974807,1974842,Premium Property Estate Agent,Hampshire,Fine & Country,Fine & Country,8000.00 | 10000.00 | Monthly,8000.00 | 10000.00 | Monthly,0.991
LIKELY_DUPLICATE,same title/location/advertiser + salary + very similar description,1974811,1974829,Premium Property Estate Agent,Oxfordshire,Fine & Country,Fine & Country,8000.00 | 10000.00 | Monthly,8000.00 | 10000.00 | Monthly,0.992
LIKELY_DUPLICATE,same title/location/advertiser + salary + very similar description,1910853,1974805,Premium Property Estate Agent,Staffordshire,Fine & Country,Fine & Country,8000.00 | 10000.00 | Monthly,8000.00 | 10000.00 | Monthly,0.992
LIKELY_DUPLICATE,same title/location/advertiser + salary + very similar description,1910853,1974817,Premium Property Estate Agent,Staffordshire,Fine & Country,Fine & Country,8000.00 | 10000.00 | Monthly,8000.00 | 10000.00 | Monthly,0.992
LIKELY_DUPLICATE,same title/location/advertiser + salary + very similar description,1974817,1974805,Premium Property Estate Agent,Staffordshire,Fine & Country,Fine & Country,8000.00 | 10000.00 | Monthly,8000.00 | 10000.00 | Monthly,0.991
LIKELY_DUPLICATE,same title/location/advertiser + salary + very similar description,1910849,1974812,Premium Property Estate Agent,Surrey,Fine & Country,Fine & Country,8000.00 | 10000.00 | Monthly,8000.00 | 10000.00 | Monthly,0.991
LIKELY_DUPLICATE,same title/location/advertiser + salary + very similar description,1910849,1974831,Premium Property Estate Agent,Surrey,Fine & Country,Fine & Country,8000.00 | 10000.00 | Monthly,8000.00 | 10000.00 | Monthly,0.992
LIKELY_DUPLICATE,same title/location/advertiser + salary + very similar description,1910857,1910849,Premium Property Estate Agent,Surrey,Fine & Country,Fine & Country,8000.00 | 10000.00 | Monthly,8000.00 | 10000.00 | Monthly,0.992
LIKELY_DUPLICATE,same title/location/advertiser + salary + very similar description,1910857,1974812,Premium Property Estate Agent,Surrey,Fine & Country,Fine & Country,8000.00 | 10000.00 | Monthly,8000.00 | 10000.00 | Monthly,0.991
LIKELY_DUPLICATE,same title/location/advertiser + salary + very similar description,1910857,1974831,Premium Property Estate Agent,Surrey,Fine & Country,Fine & Country,8000.00 | 10000.00 | Monthly,8000.00 | 10000.00 | Monthly,0.992
LIKELY_DUPLICATE,same title/location/advertiser + salary + very similar description,1974812,1974831,Premium Property Estate Agent,Surrey,Fine & Country,Fine & Country,8000.00 | 10000.00 | Monthly,8000.00 | 10000.00 | Monthly,0.991
LIKELY_DUPLICATE,same title/location/advertiser + salary + very similar description,1910856,1974814,Premium Property Estate Agent,Warwickshire,Fine & Country,Fine & Country,8000.00 | 10000.00 | Monthly,8000.00 | 10000.00 | Monthly,0.991
LIKELY_DUPLICATE,same title/location/advertiser + salary + very similar description,1910856,1974819,Premium Property Estate Agent,Warwickshire,Fine & Country,Fine & Country,8000.00 | 10000.00 | Monthly,8000.00 | 10000.00 | Monthly,0.991
LIKELY_DUPLICATE,same title/location/advertiser + salary + very similar description,1910856,1974827,Premium Property Estate Agent,Warwickshire,Fine & Country,Fine & Country,8000.00 | 10000.00 | Monthly,8000.00 | 10000.00 | Monthly,0.995
LIKELY_DUPLICATE,same title/location/advertiser + salary + very similar description,1974814,1974827,Premium Property Estate Agent,Warwickshire,Fine & Country,Fine & Country,8000.00 | 10000.00 | Monthly,8000.00 | 10000.00 | Monthly,0.991
LIKELY_DUPLICATE,same title/location/advertiser + salary + very similar description,1974819,1974814,Premium Property Estate Agent,Warwickshire,Fine & Country,Fine & Country,8000.00 | 10000.00 | Monthly,8000.00 | 10000.00 | Monthly,0.991
LIKELY_DUPLICATE,same title/location/advertiser + salary + very similar description,1974819,1974827,Premium Property Estate Agent,Warwickshire,Fine & Country,Fine & Country,8000.00 | 10000.00 | Monthly,8000.00 | 10000.00 | Monthly,0.992
LIKELY_DUPLICATE,same title/location/advertiser + salary + very similar description,1974815,1974843,Premium Property Estate Agent,West Midlands,Fine & Country,Fine & Country,8000.00 | 10000.00 | Monthly,8000.00 | 10000.00 | Monthly,0.991
LIKELY_DUPLICATE,same title/location/advertiser + salary + very similar description,1882729,1881384,PRIVATE CLIENT SOLICITOR - 2 YEARS PQE,Cheshire,Revolution Recruitment Resources Ltd,Revolution Recruitment Resources Ltd,Annual,Annual,0.982
LIKELY_DUPLICATE,same title/location/advertiser + salary + very similar description,1938400,1938399,Private Client Solicitor - Associate,Norfolk,Reed,Reed,Annual,Annual,0.960
LIKELY_DUPLICATE,same title/location/advertiser + salary + very similar description,1938401,1938399,Private Client Solicitor - Associate,Norfolk,Reed,Reed,Annual,Annual,0.962
LIKELY_DUPLICATE,same title/location/advertiser + salary + very similar description,1938401,1938400,Private Client Solicitor - Associate,Norfolk,Reed,Reed,Annual,Annual,0.963
LIKELY_DUPLICATE,same title/location/advertiser + salary + very similar description,1938372,2051534,Private Client Solicitor - Excellent Rewards & Prospects,Essex,REED,REED,Annual,Annual,0.854
LIKELY_DUPLICATE,same title/location/advertiser + salary + very similar description,1938376,2051560,Private Client Solicitor - Excellent Rewards & Prospects,Suffolk,REED,REED,Annual,Annual,0.966
LIKELY_DUPLICATE,same title/location/advertiser + salary + very similar description,2051579,2051576,Private Client Solicitor/Associate,Essex,Reed,Reed,Annual,Annual,0.963
LIKELY_DUPLICATE,same title/location/advertiser + salary + very similar description,1939801,1939799,Product Manager,Yorkshire,Get Recruited (UK) Ltd,Get Recruited (UK) Ltd,45000.00 | 45000.00 | Annual,45000.00 | 45000.00 | Annual,0.992
LIKELY_DUPLICATE,same title/location/advertiser + salary + very similar description,1939803,1939799,Product Manager,Yorkshire,Get Recruited (UK) Ltd,Get Recruited (UK) Ltd,45000.00 | 45000.00 | Annual,45000.00 | 45000.00 | Annual,0.991
LIKELY_DUPLICATE,same title/location/advertiser + salary + very similar description,1939803,1939801,Product Manager,Yorkshire,Get Recruited (UK) Ltd,Get Recruited (UK) Ltd,45000.00 | 45000.00 | Annual,45000.00 | 45000.00 | Annual,0.993
LIKELY_DUPLICATE,same title/location/advertiser + salary + very similar description,1900586,1900580,Property Lister,Buckinghamshire,Connells,Connells,Annual,Annual,0.984
LIKELY_DUPLICATE,same title/location/advertiser + salary + very similar description,1976650,1888861,PROPERTY MANAGER,London,Unico Recruitment (London) Ltd,Unico Recruitment (London) Ltd,Annual,Annual,0.990
LIKELY_DUPLICATE,same title/location/advertiser + salary + very similar description,1938408,1938404,Property Solicitor - Associate,Essex,Reed,Reed,Annual,Annual,0.953
LIKELY_DUPLICATE,same title/location/advertiser + salary + very similar description,1938407,1938406,Property Solicitor - Associate,Norfolk,Reed,Reed,Annual,Annual,0.963
LIKELY_DUPLICATE,same title/location/advertiser + salary + very similar description,1855918,1855815,"Recovery Drivers 7.5t, HGV 1 and HGV 2",Lancashire,Hough Green,Hough Green,Hourly,Hourly,0.990
LIKELY_DUPLICATE,same title/location/advertiser + salary + very similar description,1855955,1855815,"Recovery Drivers 7.5t, HGV 1 and HGV 2",Lancashire,Hough Green,Hough Green,Hourly,Hourly,0.988
LIKELY_DUPLICATE,same title/location/advertiser + salary + very similar description,1855955,1855918,"Recovery Drivers 7.5t, HGV 1 and HGV 2",Lancashire,Hough Green,Hough Green,Hourly,Hourly,0.989
LIKELY_DUPLICATE,same title/location/advertiser + salary + very similar description,107946606,108040981,Recruitment Consultant (Tech and Engineering),Somerset,Ernest Gordon Recruitment,Ernest Gordon Recruitment,30000.00 | 30000.00 | Annual,30000.00 | 30000.00 | Annual,0.942
LIKELY_DUPLICATE,same title/location/advertiser + salary + very similar description,108044009,108043959,Regional Support Manager,Fife,Leaders In Care Recruitment Ltd,Leaders In Care Recruitment Ltd,60000.00 | 65000.00 | Daily,60000.00 | 65000.00 | Daily,0.946
LIKELY_DUPLICATE,same title/location/advertiser + salary + very similar description,107893981,107894002,Registered Manager,Norfolk,Leaders In Care Recruitment Ltd,Leaders In Care Recruitment Ltd,95000.00 | 95000.00 | Annual,95000.00 | 95000.00 | Annual,0.944
LIKELY_DUPLICATE,same title/location/advertiser + salary + very similar description,1878439,1987909,Registered Nurse RGN - Bank - Care Home,Cheshire,Barchester Healthcare,Barchester Healthcare,Annual,Annual,0.984
LIKELY_DUPLICATE,same title/location/advertiser + salary + very similar description,1947328,1936161,Registered Nurse RGN - Bank - Care Home,Hampshire,Barchester Healthcare,Barchester Healthcare,Annual,Annual,0.982
LIKELY_DUPLICATE,same title/location/advertiser + salary + very similar description,1897708,1936170,Registered Nurse RGN - Bank - Care Home,Surrey,Barchester Healthcare,Barchester Healthcare,Annual,Annual,0.984
LIKELY_DUPLICATE,same title/location/advertiser + salary + very similar description,1886844,1914881,Registered Nurse RGN - Bank - Care Home,Yorkshire,Barchester Healthcare,Barchester Healthcare,Annual,Annual,0.970
LIKELY_DUPLICATE,same title/location/advertiser + salary + very similar description,1886844,1987885,Registered Nurse RGN - Bank - Care Home,Yorkshire,Barchester Healthcare,Barchester Healthcare,Annual,Annual,0.970
LIKELY_DUPLICATE,same title/location/advertiser + salary + very similar description,1914881,1987885,Registered Nurse RGN - Bank - Care Home,Yorkshire,Barchester Healthcare,Barchester Healthcare,Annual,Annual,0.983
LIKELY_DUPLICATE,same title/location/advertiser + salary + very similar description,1900938,1914873,Registered Nurse RGN - Care Home,Yorkshire,Barchester Healthcare,Barchester Healthcare,Annual,Annual,0.983
LIKELY_DUPLICATE,same title/location/advertiser + salary + very similar description,1900938,1991446,Registered Nurse RGN - Care Home,Yorkshire,Barchester Healthcare,Barchester Healthcare,Annual,Annual,0.967
LIKELY_DUPLICATE,same title/location/advertiser + salary + very similar description,1900938,1991549,Registered Nurse RGN - Care Home,Yorkshire,Barchester Healthcare,Barchester Healthcare,Annual,Annual,0.967
LIKELY_DUPLICATE,same title/location/advertiser + salary + very similar description,1914873,1991446,Registered Nurse RGN - Care Home,Yorkshire,Barchester Healthcare,Barchester Healthcare,Annual,Annual,0.962
LIKELY_DUPLICATE,same title/location/advertiser + salary + very similar description,1914873,1991549,Registered Nurse RGN - Care Home,Yorkshire,Barchester Healthcare,Barchester Healthcare,Annual,Annual,0.963
LIKELY_DUPLICATE,same title/location/advertiser + salary + very similar description,1991549,1991446,Registered Nurse RGN - Care Home,Yorkshire,Barchester Healthcare,Barchester Healthcare,Annual,Annual,0.986
LIKELY_DUPLICATE,same title/location/advertiser + salary + very similar description,1878481,1991438,Registered Nurse RGN/RMN - Bank - Care Home,County Durham,Barchester Healthcare,Barchester Healthcare,Annual,Annual,0.980
LIKELY_DUPLICATE,same title/location/advertiser + salary + very similar description,1900937,1987892,Registered Nurse RGN/RMN - Bank - Care Home,Yorkshire,Barchester Healthcare,Barchester Healthcare,Annual,Annual,0.985
LIKELY_DUPLICATE,same title/location/advertiser + salary + very similar description,1884424,1884403,Remote Conveyancing Paralegal,Yorkshire,LEGAL TALENT PARTNERS LIMITED,LEGAL TALENT PARTNERS LIMITED,Annual,Annual,0.996
LIKELY_DUPLICATE,same title/location/advertiser + salary + very similar description,107940160,107940170,Residential Childcare Support Worker (Sessional/Casual),Somerset,Headway,Headway,14.11 | 14.77 | Hourly,14.11 | 14.77 | Hourly,0.918
LIKELY_DUPLICATE,same title/location/advertiser + salary + very similar description,107940160,108051263,Residential Childcare Support Worker (Sessional/Casual),Somerset,Headway,Headway,14.11 | 14.77 | Hourly,14.11 | 14.77 | Hourly,0.914
LIKELY_DUPLICATE,same title/location/advertiser + salary + very similar description,107940170,108051263,Residential Childcare Support Worker (Sessional/Casual),Somerset,Headway,Headway,14.11 | 14.77 | Hourly,14.11 | 14.77 | Hourly,0.892
LIKELY_DUPLICATE,same title/location/advertiser + salary + very similar description,1881306,1881295,RESIDENTIAL CONVEYANCER,Cheshire,Revolution Recruitment Resources Ltd,Revolution Recruitment Resources Ltd,34000.00 | 48000.00 | Annual,34000.00 | 48000.00 | Annual,0.989
LIKELY_DUPLICATE,same title/location/advertiser + salary + very similar description,1905016,1905015,Residential Conveyancer,Nottinghamshire,G2 Legal Limited,G2 Legal Limited,Annual,Annual,0.986
LIKELY_DUPLICATE,same title/location/advertiser + salary + very similar description,1980083,1884543,Residential Sales Manager,Oxfordshire,Connells,Connells,Annual,Annual,0.953
LIKELY_DUPLICATE,same title/location/advertiser + salary + very similar description,1402265490,1402265389,Retail Optical Assistant,Cumbria,Vision Express,Vision Express,Annual,Annual,0.985
LIKELY_DUPLICATE,same title/location/advertiser + salary + very similar description,1402265700,1402265655,Retail Optical Assistant,Kent,Vision Express,Vision Express,Annual,Annual,0.985
LIKELY_DUPLICATE,same title/location/advertiser + salary + very similar description,1402265758,1402265571,Retail Optical Assistant,Merseyside,Vision Express,Vision Express,Annual,Annual,0.984
LIKELY_DUPLICATE,same title/location/advertiser + salary + very similar description,1402265712,1402265638,Retail Optical Assistant,Shropshire,Vision Express,Vision Express,Annual,Annual,0.986
LIKELY_DUPLICATE,same title/location/advertiser + salary + very similar description,1402265709,1402265701,Retail Optical Assistant,Surrey,Vision Express,Vision Express,Annual,Annual,0.986
LIKELY_DUPLICATE,same title/location/advertiser + salary + very similar description,1402265713,1402265701,Retail Optical Assistant,Surrey,Vision Express,Vision Express,Annual,Annual,0.985
LIKELY_DUPLICATE,same title/location/advertiser + salary + very similar description,1402265713,1402265709,Retail Optical Assistant,Surrey,Vision Express,Vision Express,Annual,Annual,0.986
LIKELY_DUPLICATE,same title/location/advertiser + salary + very similar description,1402265761,1402265711,Retail Optical Assistant,Sussex,Vision Express,Vision Express,Annual,Annual,0.985
LIKELY_DUPLICATE,same title/location/advertiser + salary + very similar description,1402265647,1402265900,Retail Optical Assistant,Yorkshire,Vision Express,Vision Express,Annual,Annual,0.985
LIKELY_DUPLICATE,same title/location/advertiser + salary + very similar description,1402265648,1402265647,Retail Optical Assistant,Yorkshire,Vision Express,Vision Express,Annual,Annual,0.987
LIKELY_DUPLICATE,same title/location/advertiser + salary + very similar description,1402265648,1402265900,Retail Optical Assistant,Yorkshire,Vision Express,Vision Express,Annual,Annual,0.985
LIKELY_DUPLICATE,same title/location/advertiser + salary + very similar description,20279_62802,20279_62802-7190aefafbcc0317f221abc012c437ee,Sales Advisor,Mid Glamorgan,EE,EE,Annual,Annual,0.990
LIKELY_DUPLICATE,same title/location/advertiser + salary + very similar description,108019200,108019181,Sales Advisor,Worcestershire,Bloor Homes - Sales & Marketing,Bloor Homes - Sales & Marketing,Annual,Annual,0.927
LIKELY_DUPLICATE,same title/location/advertiser + salary + very similar description,20279_63174,20279_63174-02bd04639776900fb7c3ac9d83270e45,Sales Advisor,Yorkshire,EE,EE,Annual,Annual,0.990
LIKELY_DUPLICATE,same title/location/advertiser + salary + very similar description,20279_63174-73c6bdafd2de8d1f8e432733f85ddafd,20279_63174,Sales Advisor,Yorkshire,EE,EE,Annual,Annual,0.991
LIKELY_DUPLICATE,same title/location/advertiser + salary + very similar description,20279_63174-73c6bdafd2de8d1f8e432733f85ddafd,20279_63174-02bd04639776900fb7c3ac9d83270e45,Sales Advisor,Yorkshire,EE,EE,Annual,Annual,0.990
LIKELY_DUPLICATE,same title/location/advertiser + salary + very similar description,20279_61897-41cdf25d056349db306149492f169b31,20279_61897,Sales Advisor - Part Time,Tyne And Wear,EE,EE,Annual,Annual,0.991
LIKELY_DUPLICATE,same title/location/advertiser + salary + very similar description,20279_61897-41cdf25d056349db306149492f169b31,20279_61897-6244596d725e8bfdfd2d12eee2f9a237,Sales Advisor - Part Time,Tyne And Wear,EE,EE,Annual,Annual,0.990
LIKELY_DUPLICATE,same title/location/advertiser + salary + very similar description,20279_61897-41cdf25d056349db306149492f169b31,20279_61897-9590fcbeb2a607842ad3c14eab014f49,Sales Advisor - Part Time,Tyne And Wear,EE,EE,Annual,Annual,0.990
LIKELY_DUPLICATE,same title/location/advertiser + salary + very similar description,20279_61897-41cdf25d056349db306149492f169b31,20279_61897-b3dfc7fb9161b3eb7c4abe3945172d88,Sales Advisor - Part Time,Tyne And Wear,EE,EE,Annual,Annual,0.991
LIKELY_DUPLICATE,same title/location/advertiser + salary + very similar description,20279_61897-41cdf25d056349db306149492f169b31,20279_61897-b6a5abb8cb239edda734f83e02af7151,Sales Advisor - Part Time,Tyne And Wear,EE,EE,Annual,Annual,0.990
LIKELY_DUPLICATE,same title/location/advertiser + salary + very similar description,20279_61897-41cdf25d056349db306149492f169b31,20279_61897-ef7f539b8e9ba33cad21e044c32527c2,Sales Advisor - Part Time,Tyne And Wear,EE,EE,Annual,Annual,0.990
LIKELY_DUPLICATE,same title/location/advertiser + salary + very similar description,20279_61897-59c59f9b3c520d22bb5c2866f13441cf,20279_61897,Sales Advisor - Part Time,Tyne And Wear,EE,EE,Annual,Annual,0.990
LIKELY_DUPLICATE,same title/location/advertiser + salary + very similar description,20279_61897-59c59f9b3c520d22bb5c2866f13441cf,20279_61897-41cdf25d056349db306149492f169b31,Sales Advisor - Part Time,Tyne And Wear,EE,EE,Annual,Annual,0.991
LIKELY_DUPLICATE,same title/location/advertiser + salary + very similar description,20279_61897-59c59f9b3c520d22bb5c2866f13441cf,20279_61897-6244596d725e8bfdfd2d12eee2f9a237,Sales Advisor - Part Time,Tyne And Wear,EE,EE,Annual,Annual,0.990
LIKELY_DUPLICATE,same title/location/advertiser + salary + very similar description,20279_61897-59c59f9b3c520d22bb5c2866f13441cf,20279_61897-9590fcbeb2a607842ad3c14eab014f49,Sales Advisor - Part Time,Tyne And Wear,EE,EE,Annual,Annual,0.990
LIKELY_DUPLICATE,same title/location/advertiser + salary + very similar description,20279_61897-59c59f9b3c520d22bb5c2866f13441cf,20279_61897-97dd20c4ebf6ff9280a87b3c8decd99f,Sales Advisor - Part Time,Tyne And Wear,EE,EE,Annual,Annual,0.990
LIKELY_DUPLICATE,same title/location/advertiser + salary + very similar description,20279_61897-59c59f9b3c520d22bb5c2866f13441cf,20279_61897-b3dfc7fb9161b3eb7c4abe3945172d88,Sales Advisor - Part Time,Tyne And Wear,EE,EE,Annual,Annual,0.990
LIKELY_DUPLICATE,same title/location/advertiser + salary + very similar description,20279_61897-59c59f9b3c520d22bb5c2866f13441cf,20279_61897-b6a5abb8cb239edda734f83e02af7151,Sales Advisor - Part Time,Tyne And Wear,EE,EE,Annual,Annual,0.990
LIKELY_DUPLICATE,same title/location/advertiser + salary + very similar description,20279_61897-59c59f9b3c520d22bb5c2866f13441cf,20279_61897-ef7f539b8e9ba33cad21e044c32527c2,Sales Advisor - Part Time,Tyne And Wear,EE,EE,Annual,Annual,0.991
LIKELY_DUPLICATE,same title/location/advertiser + salary + very similar description,20279_61897-6244596d725e8bfdfd2d12eee2f9a237,20279_61897,Sales Advisor - Part Time,Tyne And Wear,EE,EE,Annual,Annual,0.988
LIKELY_DUPLICATE,same title/location/advertiser + salary + very similar description,20279_61897-6244596d725e8bfdfd2d12eee2f9a237,20279_61897-9590fcbeb2a607842ad3c14eab014f49,Sales Advisor - Part Time,Tyne And Wear,EE,EE,Annual,Annual,0.990
LIKELY_DUPLICATE,same title/location/advertiser + salary + very similar description,20279_61897-6244596d725e8bfdfd2d12eee2f9a237,20279_61897-b3dfc7fb9161b3eb7c4abe3945172d88,Sales Advisor - Part Time,Tyne And Wear,EE,EE,Annual,Annual,0.990
LIKELY_DUPLICATE,same title/location/advertiser + salary + very similar description,20279_61897-6244596d725e8bfdfd2d12eee2f9a237,20279_61897-b6a5abb8cb239edda734f83e02af7151,Sales Advisor - Part Time,Tyne And Wear,EE,EE,Annual,Annual,0.989
LIKELY_DUPLICATE,same title/location/advertiser + salary + very similar description,20279_61897-9590fcbeb2a607842ad3c14eab014f49,20279_61897,Sales Advisor - Part Time,Tyne And Wear,EE,EE,Annual,Annual,0.990
LIKELY_DUPLICATE,same title/location/advertiser + salary + very similar description,20279_61897-9590fcbeb2a607842ad3c14eab014f49,20279_61897-b3dfc7fb9161b3eb7c4abe3945172d88,Sales Advisor - Part Time,Tyne And Wear,EE,EE,Annual,Annual,0.989
LIKELY_DUPLICATE,same title/location/advertiser + salary + very similar description,20279_61897-9590fcbeb2a607842ad3c14eab014f49,20279_61897-b6a5abb8cb239edda734f83e02af7151,Sales Advisor - Part Time,Tyne And Wear,EE,EE,Annual,Annual,0.991
LIKELY_DUPLICATE,same title/location/advertiser + salary + very similar description,20279_61897-97dd20c4ebf6ff9280a87b3c8decd99f,20279_61897,Sales Advisor - Part Time,Tyne And Wear,EE,EE,Annual,Annual,0.991
LIKELY_DUPLICATE,same title/location/advertiser + salary + very similar description,20279_61897-97dd20c4ebf6ff9280a87b3c8decd99f,20279_61897-41cdf25d056349db306149492f169b31,Sales Advisor - Part Time,Tyne And Wear,EE,EE,Annual,Annual,0.991
LIKELY_DUPLICATE,same title/location/advertiser + salary + very similar description,20279_61897-97dd20c4ebf6ff9280a87b3c8decd99f,20279_61897-6244596d725e8bfdfd2d12eee2f9a237,Sales Advisor - Part Time,Tyne And Wear,EE,EE,Annual,Annual,0.989
LIKELY_DUPLICATE,same title/location/advertiser + salary + very similar description,20279_61897-97dd20c4ebf6ff9280a87b3c8decd99f,20279_61897-9590fcbeb2a607842ad3c14eab014f49,Sales Advisor - Part Time,Tyne And Wear,EE,EE,Annual,Annual,0.991
LIKELY_DUPLICATE,same title/location/advertiser + salary + very similar description,20279_61897-97dd20c4ebf6ff9280a87b3c8decd99f,20279_61897-b3dfc7fb9161b3eb7c4abe3945172d88,Sales Advisor - Part Time,Tyne And Wear,EE,EE,Annual,Annual,0.991
LIKELY_DUPLICATE,same title/location/advertiser + salary + very similar description,20279_61897-97dd20c4ebf6ff9280a87b3c8decd99f,20279_61897-b6a5abb8cb239edda734f83e02af7151,Sales Advisor - Part Time,Tyne And Wear,EE,EE,Annual,Annual,0.989
LIKELY_DUPLICATE,same title/location/advertiser + salary + very similar description,20279_61897-97dd20c4ebf6ff9280a87b3c8decd99f,20279_61897-ef7f539b8e9ba33cad21e044c32527c2,Sales Advisor - Part Time,Tyne And Wear,EE,EE,Annual,Annual,0.990
LIKELY_DUPLICATE,same title/location/advertiser + salary + very similar description,20279_61897-b3dfc7fb9161b3eb7c4abe3945172d88,20279_61897,Sales Advisor - Part Time,Tyne And Wear,EE,EE,Annual,Annual,0.991
LIKELY_DUPLICATE,same title/location/advertiser + salary + very similar description,20279_61897-b6a5abb8cb239edda734f83e02af7151,20279_61897,Sales Advisor - Part Time,Tyne And Wear,EE,EE,Annual,Annual,0.990
LIKELY_DUPLICATE,same title/location/advertiser + salary + very similar description,20279_61897-b6a5abb8cb239edda734f83e02af7151,20279_61897-b3dfc7fb9161b3eb7c4abe3945172d88,Sales Advisor - Part Time,Tyne And Wear,EE,EE,Annual,Annual,0.990
LIKELY_DUPLICATE,same title/location/advertiser + salary + very similar description,20279_61897-ef7f539b8e9ba33cad21e044c32527c2,20279_61897,Sales Advisor - Part Time,Tyne And Wear,EE,EE,Annual,Annual,0.990
LIKELY_DUPLICATE,same title/location/advertiser + salary + very similar description,20279_61897-ef7f539b8e9ba33cad21e044c32527c2,20279_61897-6244596d725e8bfdfd2d12eee2f9a237,Sales Advisor - Part Time,Tyne And Wear,EE,EE,Annual,Annual,0.990
LIKELY_DUPLICATE,same title/location/advertiser + salary + very similar description,20279_61897-ef7f539b8e9ba33cad21e044c32527c2,20279_61897-9590fcbeb2a607842ad3c14eab014f49,Sales Advisor - Part Time,Tyne And Wear,EE,EE,Annual,Annual,0.991
LIKELY_DUPLICATE,same title/location/advertiser + salary + very similar description,20279_61897-ef7f539b8e9ba33cad21e044c32527c2,20279_61897-b3dfc7fb9161b3eb7c4abe3945172d88,Sales Advisor - Part Time,Tyne And Wear,EE,EE,Annual,Annual,0.988
LIKELY_DUPLICATE,same title/location/advertiser + salary + very similar description,20279_61897-ef7f539b8e9ba33cad21e044c32527c2,20279_61897-b6a5abb8cb239edda734f83e02af7151,Sales Advisor - Part Time,Tyne And Wear,EE,EE,Annual,Annual,0.990
LIKELY_DUPLICATE,same title/location/advertiser + salary + very similar description,20279_62876,20279_62876-7190aefafbcc0317f221abc012c437ee,Sales Advisor - Part Time Evenings,Mid Glamorgan,EE,EE,Annual,Annual,0.990
LIKELY_DUPLICATE,same title/location/advertiser + salary + very similar description,20279_62587,20279_62587-ddcb3c5003b02925f2dc2266cfc29da6,Sales Advisor - Uncapped Commission,Angus,EE,EE,Annual,Annual,0.988
LIKELY_DUPLICATE,same title/location/advertiser + salary + very similar description,20279_62587-56afae5691bd1c155bf37dc6e0866314,20279_62587,Sales Advisor - Uncapped Commission,Angus,EE,EE,Annual,Annual,0.987
LIKELY_DUPLICATE,same title/location/advertiser + salary + very similar description,20279_62587-56afae5691bd1c155bf37dc6e0866314,20279_62587-ddcb3c5003b02925f2dc2266cfc29da6,Sales Advisor - Uncapped Commission,Angus,EE,EE,Annual,Annual,0.989
LIKELY_DUPLICATE,same title/location/advertiser + salary + very similar description,20279_62648,20279_62648-2bb863b8167ede8c47a6d66bb70d64d6,Sales Advisor - Uncapped Commission,Cheshire,EE,EE,Annual,Annual,0.990
LIKELY_DUPLICATE,same title/location/advertiser + salary + very similar description,20279_62648,20279_62648-a687a195cf015d3630943b2bd1c205d0,Sales Advisor - Uncapped Commission,Cheshire,EE,EE,Annual,Annual,0.991
LIKELY_DUPLICATE,same title/location/advertiser + salary + very similar description,20279_62648-238c21129e09bbb29d058122a3d3b95e,20279_62648,Sales Advisor - Uncapped Commission,Cheshire,EE,EE,Annual,Annual,0.990
LIKELY_DUPLICATE,same title/location/advertiser + salary + very similar description,20279_62648-238c21129e09bbb29d058122a3d3b95e,20279_62648-2bb863b8167ede8c47a6d66bb70d64d6,Sales Advisor - Uncapped Commission,Cheshire,EE,EE,Annual,Annual,0.991
LIKELY_DUPLICATE,same title/location/advertiser + salary + very similar description,20279_62648-238c21129e09bbb29d058122a3d3b95e,20279_62648-671e14184cf9d6d97b9155ff847c5309,Sales Advisor - Uncapped Commission,Cheshire,EE,EE,Annual,Annual,0.990
LIKELY_DUPLICATE,same title/location/advertiser + salary + very similar description,20279_62648-238c21129e09bbb29d058122a3d3b95e,20279_62648-a687a195cf015d3630943b2bd1c205d0,Sales Advisor - Uncapped Commission,Cheshire,EE,EE,Annual,Annual,0.989
LIKELY_DUPLICATE,same title/location/advertiser + salary + very similar description,20279_62648-238c21129e09bbb29d058122a3d3b95e,20279_62648-f7880a80fbf4b2e91608681e65b41f3f,Sales Advisor - Uncapped Commission,Cheshire,EE,EE,Annual,Annual,0.989
LIKELY_DUPLICATE,same title/location/advertiser + salary + very similar description,20279_62648-381ef2dff96ee4a6171881aa30b7cd8d,20279_62648,Sales Advisor - Uncapped Commission,Cheshire,EE,EE,Annual,Annual,0.990
LIKELY_DUPLICATE,same title/location/advertiser + salary + very similar description,20279_62648-381ef2dff96ee4a6171881aa30b7cd8d,20279_62648-238c21129e09bbb29d058122a3d3b95e,Sales Advisor - Uncapped Commission,Cheshire,EE,EE,Annual,Annual,0.993
LIKELY_DUPLICATE,same title/location/advertiser + salary + very similar description,20279_62648-381ef2dff96ee4a6171881aa30b7cd8d,20279_62648-2bb863b8167ede8c47a6d66bb70d64d6,Sales Advisor - Uncapped Commission,Cheshire,EE,EE,Annual,Annual,0.990
LIKELY_DUPLICATE,same title/location/advertiser + salary + very similar description,20279_62648-381ef2dff96ee4a6171881aa30b7cd8d,20279_62648-671e14184cf9d6d97b9155ff847c5309,Sales Advisor - Uncapped Commission,Cheshire,EE,EE,Annual,Annual,0.990
LIKELY_DUPLICATE,same title/location/advertiser + salary + very similar description,20279_62648-381ef2dff96ee4a6171881aa30b7cd8d,20279_62648-a687a195cf015d3630943b2bd1c205d0,Sales Advisor - Uncapped Commission,Cheshire,EE,EE,Annual,Annual,0.989
LIKELY_DUPLICATE,same title/location/advertiser + salary + very similar description,20279_62648-381ef2dff96ee4a6171881aa30b7cd8d,20279_62648-f7880a80fbf4b2e91608681e65b41f3f,Sales Advisor - Uncapped Commission,Cheshire,EE,EE,Annual,Annual,0.989
LIKELY_DUPLICATE,same title/location/advertiser + salary + very similar description,20279_62648-671e14184cf9d6d97b9155ff847c5309,20279_62648,Sales Advisor - Uncapped Commission,Cheshire,EE,EE,Annual,Annual,0.988
LIKELY_DUPLICATE,same title/location/advertiser + salary + very similar description,20279_62648-671e14184cf9d6d97b9155ff847c5309,20279_62648-2bb863b8167ede8c47a6d66bb70d64d6,Sales Advisor - Uncapped Commission,Cheshire,EE,EE,Annual,Annual,0.990
LIKELY_DUPLICATE,same title/location/advertiser + salary + very similar description,20279_62648-671e14184cf9d6d97b9155ff847c5309,20279_62648-a687a195cf015d3630943b2bd1c205d0,Sales Advisor - Uncapped Commission,Cheshire,EE,EE,Annual,Annual,0.989
LIKELY_DUPLICATE,same title/location/advertiser + salary + very similar description,20279_62648-a687a195cf015d3630943b2bd1c205d0,20279_62648-2bb863b8167ede8c47a6d66bb70d64d6,Sales Advisor - Uncapped Commission,Cheshire,EE,EE,Annual,Annual,0.989
LIKELY_DUPLICATE,same title/location/advertiser + salary + very similar description,20279_62648-f7880a80fbf4b2e91608681e65b41f3f,20279_62648,Sales Advisor - Uncapped Commission,Cheshire,EE,EE,Annual,Annual,0.990
LIKELY_DUPLICATE,same title/location/advertiser + salary + very similar description,20279_62648-f7880a80fbf4b2e91608681e65b41f3f,20279_62648-2bb863b8167ede8c47a6d66bb70d64d6,Sales Advisor - Uncapped Commission,Cheshire,EE,EE,Annual,Annual,0.991
LIKELY_DUPLICATE,same title/location/advertiser + salary + very similar description,20279_62648-f7880a80fbf4b2e91608681e65b41f3f,20279_62648-671e14184cf9d6d97b9155ff847c5309,Sales Advisor - Uncapped Commission,Cheshire,EE,EE,Annual,Annual,0.989
LIKELY_DUPLICATE,same title/location/advertiser + salary + very similar description,20279_62648-f7880a80fbf4b2e91608681e65b41f3f,20279_62648-a687a195cf015d3630943b2bd1c205d0,Sales Advisor - Uncapped Commission,Cheshire,EE,EE,Annual,Annual,0.989
LIKELY_DUPLICATE,same title/location/advertiser + salary + very similar description,20279_62587-c2c4f8016bd36a6724f38b0ecfb2de8e,20279_62587-88008d6e881a22712bdc46bf7468549e,Sales Advisor - Uncapped Commission,Fife,EE,EE,Annual,Annual,0.989
LIKELY_DUPLICATE,same title/location/advertiser + salary + very similar description,20279_62587-c2c4f8016bd36a6724f38b0ecfb2de8e,20279_62587-e1a6282dee4fd252d5fada68d28e660d,Sales Advisor - Uncapped Commission,Fife,EE,EE,Annual,Annual,0.989
LIKELY_DUPLICATE,same title/location/advertiser + salary + very similar description,20279_62587-e1a6282dee4fd252d5fada68d28e660d,20279_62587-88008d6e881a22712bdc46bf7468549e,Sales Advisor - Uncapped Commission,Fife,EE,EE,Annual,Annual,0.989
LIKELY_DUPLICATE,same title/location/advertiser + salary + very similar description,20279_62802-87c1d6ccd1f9103838aff7a6db214757,20279_62802-5e1b2fa9c543df563e4c374a01c75b13,Sales Agent,Mid Glamorgan,EE,EE,Annual,Annual,0.988
LIKELY_DUPLICATE,same title/location/advertiser + salary + very similar description,20279_62587-1e45f54bcf4e7843373548218573df55,20279_62587-0393aa6723a6b51fbcc4920a9546c1bd,Sales Agent - Uncapped Commission,Angus,EE,EE,Annual,Annual,0.993
LIKELY_DUPLICATE,same title/location/advertiser + salary + very similar description,20279_62587-5e1b2fa9c543df563e4c374a01c75b13,20279_62587-0393aa6723a6b51fbcc4920a9546c1bd,Sales Agent - Uncapped Commission,Angus,EE,EE,Annual,Annual,0.989
LIKELY_DUPLICATE,same title/location/advertiser + salary + very similar description,20279_62587-5e1b2fa9c543df563e4c374a01c75b13,20279_62587-1e45f54bcf4e7843373548218573df55,Sales Agent - Uncapped Commission,Angus,EE,EE,Annual,Annual,0.989
LIKELY_DUPLICATE,same title/location/advertiser + salary + very similar description,20279_62648-0040c8c2e626be5b1f8aeac3eab64e56,20279_62648-48e316a4dff3d66a86cd9fed172cc5c0,Sales Agent - Uncapped Commission,Cheshire,EE,EE,Annual,Annual,0.989
LIKELY_DUPLICATE,same title/location/advertiser + salary + very similar description,20279_62648-0040c8c2e626be5b1f8aeac3eab64e56,20279_62648-56af7b4d8628c6641236c703930b27be,Sales Agent - Uncapped Commission,Cheshire,EE,EE,Annual,Annual,0.989
LIKELY_DUPLICATE,same title/location/advertiser + salary + very similar description,20279_62648-0040c8c2e626be5b1f8aeac3eab64e56,20279_62648-5e1b2fa9c543df563e4c374a01c75b13,Sales Agent - Uncapped Commission,Cheshire,EE,EE,Annual,Annual,0.990
LIKELY_DUPLICATE,same title/location/advertiser + salary + very similar description,20279_62648-48e316a4dff3d66a86cd9fed172cc5c0,20279_62648-56af7b4d8628c6641236c703930b27be,Sales Agent - Uncapped Commission,Cheshire,EE,EE,Annual,Annual,0.989
LIKELY_DUPLICATE,same title/location/advertiser + salary + very similar description,20279_62648-48e316a4dff3d66a86cd9fed172cc5c0,20279_62648-5e1b2fa9c543df563e4c374a01c75b13,Sales Agent - Uncapped Commission,Cheshire,EE,EE,Annual,Annual,0.989
LIKELY_DUPLICATE,same title/location/advertiser + salary + very similar description,20279_62648-5e1b2fa9c543df563e4c374a01c75b13,20279_62648-56af7b4d8628c6641236c703930b27be,Sales Agent - Uncapped Commission,Cheshire,EE,EE,Annual,Annual,0.990
LIKELY_DUPLICATE,same title/location/advertiser + salary + very similar description,20279_62648-72c93ab5aaba1ba675ee19c3a43bbcd3,20279_62648-0040c8c2e626be5b1f8aeac3eab64e56,Sales Agent - Uncapped Commission,Cheshire,EE,EE,Annual,Annual,0.989
LIKELY_DUPLICATE,same title/location/advertiser + salary + very similar description,20279_62648-72c93ab5aaba1ba675ee19c3a43bbcd3,20279_62648-48e316a4dff3d66a86cd9fed172cc5c0,Sales Agent - Uncapped Commission,Cheshire,EE,EE,Annual,Annual,0.988
LIKELY_DUPLICATE,same title/location/advertiser + salary + very similar description,20279_62648-72c93ab5aaba1ba675ee19c3a43bbcd3,20279_62648-56af7b4d8628c6641236c703930b27be,Sales Agent - Uncapped Commission,Cheshire,EE,EE,Annual,Annual,0.989
LIKELY_DUPLICATE,same title/location/advertiser + salary + very similar description,20279_62648-72c93ab5aaba1ba675ee19c3a43bbcd3,20279_62648-5e1b2fa9c543df563e4c374a01c75b13,Sales Agent - Uncapped Commission,Cheshire,EE,EE,Annual,Annual,0.990
LIKELY_DUPLICATE,same title/location/advertiser + salary + very similar description,20279_62648-72c93ab5aaba1ba675ee19c3a43bbcd3,20279_62648-fb176a651b64795fa084a2dcf7339b0b,Sales Agent - Uncapped Commission,Cheshire,EE,EE,Annual,Annual,0.990
LIKELY_DUPLICATE,same title/location/advertiser + salary + very similar description,20279_62648-797df207d6f0e7abaa58fd4e8285cdfa,20279_62648-0040c8c2e626be5b1f8aeac3eab64e56,Sales Agent - Uncapped Commission,Cheshire,EE,EE,Annual,Annual,0.990
LIKELY_DUPLICATE,same title/location/advertiser + salary + very similar description,20279_62648-797df207d6f0e7abaa58fd4e8285cdfa,20279_62648-48e316a4dff3d66a86cd9fed172cc5c0,Sales Agent - Uncapped Commission,Cheshire,EE,EE,Annual,Annual,0.989
LIKELY_DUPLICATE,same title/location/advertiser + salary + very similar description,20279_62648-797df207d6f0e7abaa58fd4e8285cdfa,20279_62648-56af7b4d8628c6641236c703930b27be,Sales Agent - Uncapped Commission,Cheshire,EE,EE,Annual,Annual,0.991
LIKELY_DUPLICATE,same title/location/advertiser + salary + very similar description,20279_62648-797df207d6f0e7abaa58fd4e8285cdfa,20279_62648-5e1b2fa9c543df563e4c374a01c75b13,Sales Agent - Uncapped Commission,Cheshire,EE,EE,Annual,Annual,0.989
LIKELY_DUPLICATE,same title/location/advertiser + salary + very similar description,20279_62648-797df207d6f0e7abaa58fd4e8285cdfa,20279_62648-72c93ab5aaba1ba675ee19c3a43bbcd3,Sales Agent - Uncapped Commission,Cheshire,EE,EE,Annual,Annual,0.990
LIKELY_DUPLICATE,same title/location/advertiser + salary + very similar description,20279_62648-797df207d6f0e7abaa58fd4e8285cdfa,20279_62648-fb176a651b64795fa084a2dcf7339b0b,Sales Agent - Uncapped Commission,Cheshire,EE,EE,Annual,Annual,0.989
LIKELY_DUPLICATE,same title/location/advertiser + salary + very similar description,20279_62648-fb176a651b64795fa084a2dcf7339b0b,20279_62648-0040c8c2e626be5b1f8aeac3eab64e56,Sales Agent - Uncapped Commission,Cheshire,EE,EE,Annual,Annual,0.989
LIKELY_DUPLICATE,same title/location/advertiser + salary + very similar description,20279_62648-fb176a651b64795fa084a2dcf7339b0b,20279_62648-48e316a4dff3d66a86cd9fed172cc5c0,Sales Agent - Uncapped Commission,Cheshire,EE,EE,Annual,Annual,0.990
LIKELY_DUPLICATE,same title/location/advertiser + salary + very similar description,20279_62648-fb176a651b64795fa084a2dcf7339b0b,20279_62648-56af7b4d8628c6641236c703930b27be,Sales Agent - Uncapped Commission,Cheshire,EE,EE,Annual,Annual,0.990
LIKELY_DUPLICATE,same title/location/advertiser + salary + very similar description,20279_62648-fb176a651b64795fa084a2dcf7339b0b,20279_62648-5e1b2fa9c543df563e4c374a01c75b13,Sales Agent - Uncapped Commission,Cheshire,EE,EE,Annual,Annual,0.989
LIKELY_DUPLICATE,same title/location/advertiser + salary + very similar description,20279_62587-2108cc0cec3dedfd74f291bd202c6f70,20279_62587-8d049b34237dba3755c5a05c4719f818,Sales Agent - Uncapped Commission,Fife,EE,EE,Annual,Annual,0.988
LIKELY_DUPLICATE,same title/location/advertiser + salary + very similar description,20279_62587-fdef6b8c9ce28750cf95b2cc30cf1717,20279_62587-2108cc0cec3dedfd74f291bd202c6f70,Sales Agent - Uncapped Commission,Fife,EE,EE,Annual,Annual,0.989
LIKELY_DUPLICATE,same title/location/advertiser + salary + very similar description,20279_62587-fdef6b8c9ce28750cf95b2cc30cf1717,20279_62587-8d049b34237dba3755c5a05c4719f818,Sales Agent - Uncapped Commission,Fife,EE,EE,Annual,Annual,0.989
LIKELY_DUPLICATE,same title/location/advertiser + salary + very similar description,107921224,107921140,Sales and Repairs Executive,Devon,Fonehouse,Fonehouse,26000.00 | 26000.00 | Annual,26000.00 | 26000.00 | Annual,0.935
LIKELY_DUPLICATE,same title/location/advertiser + salary + very similar description,20279_62802-42bb0f659f55ac27b0ea504365305867,20279_62802-96dc8d0605ee01081327119522ff570c,Sales Associate,Mid Glamorgan,EE,EE,Annual,Annual,0.988
LIKELY_DUPLICATE,same title/location/advertiser + salary + very similar description,20279_62648-15226c4c7c38cf17157f49eb31ee49a5,20279_62648-472e29958458661ca8d70b7f61184787,Sales Associate - Uncapped Commission,Cheshire,EE,EE,Annual,Annual,0.989
LIKELY_DUPLICATE,same title/location/advertiser + salary + very similar description,20279_62648-4b5b4519221b69283018c93112c99752,20279_62648-15226c4c7c38cf17157f49eb31ee49a5,Sales Associate - Uncapped Commission,Cheshire,EE,EE,Annual,Annual,0.993
LIKELY_DUPLICATE,same title/location/advertiser + salary + very similar description,20279_62648-4b5b4519221b69283018c93112c99752,20279_62648-472e29958458661ca8d70b7f61184787,Sales Associate - Uncapped Commission,Cheshire,EE,EE,Annual,Annual,0.990
LIKELY_DUPLICATE,same title/location/advertiser + salary + very similar description,20279_62648-4b5b4519221b69283018c93112c99752,20279_62648-9dbd3a8ef4221f8271be3ec4ee944db3,Sales Associate - Uncapped Commission,Cheshire,EE,EE,Annual,Annual,0.990
LIKELY_DUPLICATE,same title/location/advertiser + salary + very similar description,20279_62648-4b5b4519221b69283018c93112c99752,20279_62648-a2dc4807aaf018d054af37808e5e04bd,Sales Associate - Uncapped Commission,Cheshire,EE,EE,Annual,Annual,0.990
LIKELY_DUPLICATE,same title/location/advertiser + salary + very similar description,20279_62648-96dc8d0605ee01081327119522ff570c,20279_62648-15226c4c7c38cf17157f49eb31ee49a5,Sales Associate - Uncapped Commission,Cheshire,EE,EE,Annual,Annual,0.990
LIKELY_DUPLICATE,same title/location/advertiser + salary + very similar description,20279_62648-96dc8d0605ee01081327119522ff570c,20279_62648-472e29958458661ca8d70b7f61184787,Sales Associate - Uncapped Commission,Cheshire,EE,EE,Annual,Annual,0.990
LIKELY_DUPLICATE,same title/location/advertiser + salary + very similar description,20279_62648-96dc8d0605ee01081327119522ff570c,20279_62648-4b5b4519221b69283018c93112c99752,Sales Associate - Uncapped Commission,Cheshire,EE,EE,Annual,Annual,0.990
LIKELY_DUPLICATE,same title/location/advertiser + salary + very similar description,20279_62648-96dc8d0605ee01081327119522ff570c,20279_62648-9dbd3a8ef4221f8271be3ec4ee944db3,Sales Associate - Uncapped Commission,Cheshire,EE,EE,Annual,Annual,0.989
LIKELY_DUPLICATE,same title/location/advertiser + salary + very similar description,20279_62648-96dc8d0605ee01081327119522ff570c,20279_62648-a2dc4807aaf018d054af37808e5e04bd,Sales Associate - Uncapped Commission,Cheshire,EE,EE,Annual,Annual,0.990
LIKELY_DUPLICATE,same title/location/advertiser + salary + very similar description,20279_62648-9dbd3a8ef4221f8271be3ec4ee944db3,20279_62648-15226c4c7c38cf17157f49eb31ee49a5,Sales Associate - Uncapped Commission,Cheshire,EE,EE,Annual,Annual,0.990
LIKELY_DUPLICATE,same title/location/advertiser + salary + very similar description,20279_62648-9dbd3a8ef4221f8271be3ec4ee944db3,20279_62648-472e29958458661ca8d70b7f61184787,Sales Associate - Uncapped Commission,Cheshire,EE,EE,Annual,Annual,0.990
LIKELY_DUPLICATE,same title/location/advertiser + salary + very similar description,20279_62648-a2311b9afa024b37ed7b3f1f2a8a6117,20279_62648-15226c4c7c38cf17157f49eb31ee49a5,Sales Associate - Uncapped Commission,Cheshire,EE,EE,Annual,Annual,0.990
LIKELY_DUPLICATE,same title/location/advertiser + salary + very similar description,20279_62648-a2311b9afa024b37ed7b3f1f2a8a6117,20279_62648-472e29958458661ca8d70b7f61184787,Sales Associate - Uncapped Commission,Cheshire,EE,EE,Annual,Annual,0.990
LIKELY_DUPLICATE,same title/location/advertiser + salary + very similar description,20279_62648-a2311b9afa024b37ed7b3f1f2a8a6117,20279_62648-4b5b4519221b69283018c93112c99752,Sales Associate - Uncapped Commission,Cheshire,EE,EE,Annual,Annual,0.990
LIKELY_DUPLICATE,same title/location/advertiser + salary + very similar description,20279_62648-a2311b9afa024b37ed7b3f1f2a8a6117,20279_62648-96dc8d0605ee01081327119522ff570c,Sales Associate - Uncapped Commission,Cheshire,EE,EE,Annual,Annual,0.990
LIKELY_DUPLICATE,same title/location/advertiser + salary + very similar description,20279_62648-a2311b9afa024b37ed7b3f1f2a8a6117,20279_62648-9dbd3a8ef4221f8271be3ec4ee944db3,Sales Associate - Uncapped Commission,Cheshire,EE,EE,Annual,Annual,0.990
LIKELY_DUPLICATE,same title/location/advertiser + salary + very similar description,20279_62648-a2311b9afa024b37ed7b3f1f2a8a6117,20279_62648-a2dc4807aaf018d054af37808e5e04bd,Sales Associate - Uncapped Commission,Cheshire,EE,EE,Annual,Annual,0.994
LIKELY_DUPLICATE,same title/location/advertiser + salary + very similar description,20279_62648-a2dc4807aaf018d054af37808e5e04bd,20279_62648-15226c4c7c38cf17157f49eb31ee49a5,Sales Associate - Uncapped Commission,Cheshire,EE,EE,Annual,Annual,0.989
LIKELY_DUPLICATE,same title/location/advertiser + salary + very similar description,20279_62648-a2dc4807aaf018d054af37808e5e04bd,20279_62648-472e29958458661ca8d70b7f61184787,Sales Associate - Uncapped Commission,Cheshire,EE,EE,Annual,Annual,0.990
LIKELY_DUPLICATE,same title/location/advertiser + salary + very similar description,20279_62648-a2dc4807aaf018d054af37808e5e04bd,20279_62648-9dbd3a8ef4221f8271be3ec4ee944db3,Sales Associate - Uncapped Commission,Cheshire,EE,EE,Annual,Annual,0.989
LIKELY_DUPLICATE,same title/location/advertiser + salary + very similar description,108016917,108016924,Sales Consultant,Yorkshire,Safestyle,Safestyle,75000.00 | 75000.00 | Annual,75000.00 | 75000.00 | Annual,0.970
LIKELY_DUPLICATE,same title/location/advertiser + salary + very similar description,107983471,107983456,Sales Designer,Lanarkshire,CITRUS CONNECT LTD,CITRUS CONNECT LTD,60000.00 | 60000.00 | Annual,60000.00 | 60000.00 | Annual,0.950
LIKELY_DUPLICATE,same title/location/advertiser + salary + very similar description,107880745,107880731,Sales Manager,Somerset,Howards Group,Howards Group,60000.00 | 60000.00 | Annual,60000.00 | 60000.00 | Annual,0.947
LIKELY_DUPLICATE,same title/location/advertiser + salary + very similar description,1916204,1928890,Sales Negotiator,Devon,Fulfords,Fulfords,Annual,Annual,0.988
LIKELY_DUPLICATE,same title/location/advertiser + salary + very similar description,1939918,1910211,Sales Negotiator,Hampshire,Fox and Sons,Fox and Sons,Annual,Annual,0.988
LIKELY_DUPLICATE,same title/location/advertiser + salary + very similar description,1948408,1899076,Sales Negotiator,Middlesex,People First Personnel,People First Personnel,Annual,Annual,0.963
LIKELY_DUPLICATE,same title/location/advertiser + salary + very similar description,20279_62802-9fcb545db1191a2515a3f9cb451d8b8b,20279_62802-e526284d6e0eb52348a470c877515e27,Sales Operator,Mid Glamorgan,EE,EE,Annual,Annual,0.989
LIKELY_DUPLICATE,same title/location/advertiser + salary + very similar description,20279_62587-9fcb545db1191a2515a3f9cb451d8b8b,20279_62587-a8f9a64c8ef6150388a3572195a51184,Sales Operator - Uncapped Commission,Angus,EE,EE,Annual,Annual,0.990
LIKELY_DUPLICATE,same title/location/advertiser + salary + very similar description,20279_62587-9fcb545db1191a2515a3f9cb451d8b8b,20279_62587-f8df1b2fb1658eb800a5129d8601bedf,Sales Operator - Uncapped Commission,Angus,EE,EE,Annual,Annual,0.988
LIKELY_DUPLICATE,same title/location/advertiser + salary + very similar description,20279_62587-a8f9a64c8ef6150388a3572195a51184,20279_62587-f8df1b2fb1658eb800a5129d8601bedf,Sales Operator - Uncapped Commission,Angus,EE,EE,Annual,Annual,0.989
LIKELY_DUPLICATE,same title/location/advertiser + salary + very similar description,20279_62648-0d62f1f7c7859b7c8c2eaedaf30e8aaf,20279_62648-ba095056ecfd34201232701f969fcb24,Sales Operator - Uncapped Commission,Cheshire,EE,EE,Annual,Annual,0.990
LIKELY_DUPLICATE,same title/location/advertiser + salary + very similar description,20279_62648-143779fe3a645f1ce7e0a597cb63228f,20279_62648-0d62f1f7c7859b7c8c2eaedaf30e8aaf,Sales Operator - Uncapped Commission,Cheshire,EE,EE,Annual,Annual,0.991
LIKELY_DUPLICATE,same title/location/advertiser + salary + very similar description,20279_62648-143779fe3a645f1ce7e0a597cb63228f,20279_62648-54448f4e96dff8b38ff4420571c80aaa,Sales Operator - Uncapped Commission,Cheshire,EE,EE,Annual,Annual,0.989
LIKELY_DUPLICATE,same title/location/advertiser + salary + very similar description,20279_62648-143779fe3a645f1ce7e0a597cb63228f,20279_62648-5a9f2858fb2cdb09c21ebac740fc88cc,Sales Operator - Uncapped Commission,Cheshire,EE,EE,Annual,Annual,0.990
LIKELY_DUPLICATE,same title/location/advertiser + salary + very similar description,20279_62648-143779fe3a645f1ce7e0a597cb63228f,20279_62648-9fcb545db1191a2515a3f9cb451d8b8b,Sales Operator - Uncapped Commission,Cheshire,EE,EE,Annual,Annual,0.991
LIKELY_DUPLICATE,same title/location/advertiser + salary + very similar description,20279_62648-143779fe3a645f1ce7e0a597cb63228f,20279_62648-b560889058fdad12d41c433afda97277,Sales Operator - Uncapped Commission,Cheshire,EE,EE,Annual,Annual,0.990
LIKELY_DUPLICATE,same title/location/advertiser + salary + very similar description,20279_62648-143779fe3a645f1ce7e0a597cb63228f,20279_62648-ba095056ecfd34201232701f969fcb24,Sales Operator - Uncapped Commission,Cheshire,EE,EE,Annual,Annual,0.991
LIKELY_DUPLICATE,same title/location/advertiser + salary + very similar description,20279_62648-54448f4e96dff8b38ff4420571c80aaa,20279_62648-0d62f1f7c7859b7c8c2eaedaf30e8aaf,Sales Operator - Uncapped Commission,Cheshire,EE,EE,Annual,Annual,0.990
LIKELY_DUPLICATE,same title/location/advertiser + salary + very similar description,20279_62648-54448f4e96dff8b38ff4420571c80aaa,20279_62648-5a9f2858fb2cdb09c21ebac740fc88cc,Sales Operator - Uncapped Commission,Cheshire,EE,EE,Annual,Annual,0.990
LIKELY_DUPLICATE,same title/location/advertiser + salary + very similar description,20279_62648-54448f4e96dff8b38ff4420571c80aaa,20279_62648-9fcb545db1191a2515a3f9cb451d8b8b,Sales Operator - Uncapped Commission,Cheshire,EE,EE,Annual,Annual,0.990
LIKELY_DUPLICATE,same title/location/advertiser + salary + very similar description,20279_62648-54448f4e96dff8b38ff4420571c80aaa,20279_62648-b560889058fdad12d41c433afda97277,Sales Operator - Uncapped Commission,Cheshire,EE,EE,Annual,Annual,0.990
LIKELY_DUPLICATE,same title/location/advertiser + salary + very similar description,20279_62648-54448f4e96dff8b38ff4420571c80aaa,20279_62648-ba095056ecfd34201232701f969fcb24,Sales Operator - Uncapped Commission,Cheshire,EE,EE,Annual,Annual,0.990
LIKELY_DUPLICATE,same title/location/advertiser + salary + very similar description,20279_62648-5a9f2858fb2cdb09c21ebac740fc88cc,20279_62648-0d62f1f7c7859b7c8c2eaedaf30e8aaf,Sales Operator - Uncapped Commission,Cheshire,EE,EE,Annual,Annual,0.989
LIKELY_DUPLICATE,same title/location/advertiser + salary + very similar description,20279_62648-5a9f2858fb2cdb09c21ebac740fc88cc,20279_62648-ba095056ecfd34201232701f969fcb24,Sales Operator - Uncapped Commission,Cheshire,EE,EE,Annual,Annual,0.990
LIKELY_DUPLICATE,same title/location/advertiser + salary + very similar description,20279_62648-9fcb545db1191a2515a3f9cb451d8b8b,20279_62648-0d62f1f7c7859b7c8c2eaedaf30e8aaf,Sales Operator - Uncapped Commission,Cheshire,EE,EE,Annual,Annual,0.991
LIKELY_DUPLICATE,same title/location/advertiser + salary + very similar description,20279_62648-9fcb545db1191a2515a3f9cb451d8b8b,20279_62648-5a9f2858fb2cdb09c21ebac740fc88cc,Sales Operator - Uncapped Commission,Cheshire,EE,EE,Annual,Annual,0.990
LIKELY_DUPLICATE,same title/location/advertiser + salary + very similar description,20279_62648-9fcb545db1191a2515a3f9cb451d8b8b,20279_62648-ba095056ecfd34201232701f969fcb24,Sales Operator - Uncapped Commission,Cheshire,EE,EE,Annual,Annual,0.990
LIKELY_DUPLICATE,same title/location/advertiser + salary + very similar description,20279_62648-b560889058fdad12d41c433afda97277,20279_62648-0d62f1f7c7859b7c8c2eaedaf30e8aaf,Sales Operator - Uncapped Commission,Cheshire,EE,EE,Annual,Annual,0.990
LIKELY_DUPLICATE,same title/location/advertiser + salary + very similar description,20279_62648-b560889058fdad12d41c433afda97277,20279_62648-5a9f2858fb2cdb09c21ebac740fc88cc,Sales Operator - Uncapped Commission,Cheshire,EE,EE,Annual,Annual,0.990
LIKELY_DUPLICATE,same title/location/advertiser + salary + very similar description,20279_62648-b560889058fdad12d41c433afda97277,20279_62648-9fcb545db1191a2515a3f9cb451d8b8b,Sales Operator - Uncapped Commission,Cheshire,EE,EE,Annual,Annual,0.990
LIKELY_DUPLICATE,same title/location/advertiser + salary + very similar description,20279_62648-b560889058fdad12d41c433afda97277,20279_62648-ba095056ecfd34201232701f969fcb24,Sales Operator - Uncapped Commission,Cheshire,EE,EE,Annual,Annual,0.990
LIKELY_DUPLICATE,same title/location/advertiser + salary + very similar description,20279_62587-09ee9c93de7e3f171bdddd2f4dc681c9,20279_62587-2b7411ecf9cb70206bfa5c368ffbef8d,Sales Operator - Uncapped Commission,Fife,EE,EE,Annual,Annual,0.988
LIKELY_DUPLICATE,same title/location/advertiser + salary + very similar description,20279_62587-09ee9c93de7e3f171bdddd2f4dc681c9,20279_62587-5e5383f6f17ea3296d6dd04e64c516df,Sales Operator - Uncapped Commission,Fife,EE,EE,Annual,Annual,0.989
LIKELY_DUPLICATE,same title/location/advertiser + salary + very similar description,20279_62587-2b7411ecf9cb70206bfa5c368ffbef8d,20279_62587-5e5383f6f17ea3296d6dd04e64c516df,Sales Operator - Uncapped Commission,Fife,EE,EE,Annual,Annual,0.988
LIKELY_DUPLICATE,same title/location/advertiser + salary + very similar description,20279_62802-57ae39e52253eaefca83965c2c2d4ab0,20279_62802-1a9ab48d0ef0f61d70b3780dfb1654b4,Sales Representative,Mid Glamorgan,EE,EE,Annual,Annual,0.988
LIKELY_DUPLICATE,same title/location/advertiser + salary + very similar description,20279_62587-1a9ab48d0ef0f61d70b3780dfb1654b4,20279_62587-37aba968a4788107723148850a91254e,Sales Representative - Uncapped Commission,Angus,EE,EE,Annual,Annual,0.989
LIKELY_DUPLICATE,same title/location/advertiser + salary + very similar description,20279_62587-1a9ab48d0ef0f61d70b3780dfb1654b4,20279_62587-4d10e6dc3da95bbe300b237f864d3df4,Sales Representative - Uncapped Commission,Angus,EE,EE,Annual,Annual,0.989
LIKELY_DUPLICATE,same title/location/advertiser + salary + very similar description,20279_62587-4d10e6dc3da95bbe300b237f864d3df4,20279_62587-37aba968a4788107723148850a91254e,Sales Representative - Uncapped Commission,Angus,EE,EE,Annual,Annual,0.990
LIKELY_DUPLICATE,same title/location/advertiser + salary + very similar description,20279_62648-1a9ab48d0ef0f61d70b3780dfb1654b4,20279_62648-1edf6e0ee86a94b058e782ab69196be2,Sales Representative - Uncapped Commission,Cheshire,EE,EE,Annual,Annual,0.990
LIKELY_DUPLICATE,same title/location/advertiser + salary + very similar description,20279_62648-1a9ab48d0ef0f61d70b3780dfb1654b4,20279_62648-46597ec324be7234877b601faba5b0f3,Sales Representative - Uncapped Commission,Cheshire,EE,EE,Annual,Annual,0.989
LIKELY_DUPLICATE,same title/location/advertiser + salary + very similar description,20279_62648-1a9ab48d0ef0f61d70b3780dfb1654b4,20279_62648-485f0b31932634fe6c8bc616b4ae496b,Sales Representative - Uncapped Commission,Cheshire,EE,EE,Annual,Annual,0.993
LIKELY_DUPLICATE,same title/location/advertiser + salary + very similar description,20279_62648-1a9ab48d0ef0f61d70b3780dfb1654b4,20279_62648-5f25a7615804384dd7cab1e4853d2124,Sales Representative - Uncapped Commission,Cheshire,EE,EE,Annual,Annual,0.990
LIKELY_DUPLICATE,same title/location/advertiser + salary + very similar description,20279_62648-1a9ab48d0ef0f61d70b3780dfb1654b4,20279_62648-91a9635acbc00cd160dcaaa616142129,Sales Representative - Uncapped Commission,Cheshire,EE,EE,Annual,Annual,0.990
LIKELY_DUPLICATE,same title/location/advertiser + salary + very similar description,20279_62648-1a9ab48d0ef0f61d70b3780dfb1654b4,20279_62648-930ef8dbe77632601a483be445a36a2e,Sales Representative - Uncapped Commission,Cheshire,EE,EE,Annual,Annual,0.990
LIKELY_DUPLICATE,same title/location/advertiser + salary + very similar description,20279_62648-1edf6e0ee86a94b058e782ab69196be2,20279_62648-91a9635acbc00cd160dcaaa616142129,Sales Representative - Uncapped Commission,Cheshire,EE,EE,Annual,Annual,0.989
LIKELY_DUPLICATE,same title/location/advertiser + salary + very similar description,20279_62648-46597ec324be7234877b601faba5b0f3,20279_62648-1edf6e0ee86a94b058e782ab69196be2,Sales Representative - Uncapped Commission,Cheshire,EE,EE,Annual,Annual,0.990
LIKELY_DUPLICATE,same title/location/advertiser + salary + very similar description,20279_62648-46597ec324be7234877b601faba5b0f3,20279_62648-485f0b31932634fe6c8bc616b4ae496b,Sales Representative - Uncapped Commission,Cheshire,EE,EE,Annual,Annual,0.990
LIKELY_DUPLICATE,same title/location/advertiser + salary + very similar description,20279_62648-46597ec324be7234877b601faba5b0f3,20279_62648-5f25a7615804384dd7cab1e4853d2124,Sales Representative - Uncapped Commission,Cheshire,EE,EE,Annual,Annual,0.991
LIKELY_DUPLICATE,same title/location/advertiser + salary + very similar description,20279_62648-46597ec324be7234877b601faba5b0f3,20279_62648-91a9635acbc00cd160dcaaa616142129,Sales Representative - Uncapped Commission,Cheshire,EE,EE,Annual,Annual,0.990
LIKELY_DUPLICATE,same title/location/advertiser + salary + very similar description,20279_62648-485f0b31932634fe6c8bc616b4ae496b,20279_62648-1edf6e0ee86a94b058e782ab69196be2,Sales Representative - Uncapped Commission,Cheshire,EE,EE,Annual,Annual,0.989
LIKELY_DUPLICATE,same title/location/advertiser + salary + very similar description,20279_62648-485f0b31932634fe6c8bc616b4ae496b,20279_62648-91a9635acbc00cd160dcaaa616142129,Sales Representative - Uncapped Commission,Cheshire,EE,EE,Annual,Annual,0.990
LIKELY_DUPLICATE,same title/location/advertiser + salary + very similar description,20279_62648-5f25a7615804384dd7cab1e4853d2124,20279_62648-1edf6e0ee86a94b058e782ab69196be2,Sales Representative - Uncapped Commission,Cheshire,EE,EE,Annual,Annual,0.990
LIKELY_DUPLICATE,same title/location/advertiser + salary + very similar description,20279_62648-5f25a7615804384dd7cab1e4853d2124,20279_62648-485f0b31932634fe6c8bc616b4ae496b,Sales Representative - Uncapped Commission,Cheshire,EE,EE,Annual,Annual,0.991
LIKELY_DUPLICATE,same title/location/advertiser + salary + very similar description,20279_62648-5f25a7615804384dd7cab1e4853d2124,20279_62648-91a9635acbc00cd160dcaaa616142129,Sales Representative - Uncapped Commission,Cheshire,EE,EE,Annual,Annual,0.991
LIKELY_DUPLICATE,same title/location/advertiser + salary + very similar description,20279_62648-930ef8dbe77632601a483be445a36a2e,20279_62648-1edf6e0ee86a94b058e782ab69196be2,Sales Representative - Uncapped Commission,Cheshire,EE,EE,Annual,Annual,0.989
LIKELY_DUPLICATE,same title/location/advertiser + salary + very similar description,20279_62648-930ef8dbe77632601a483be445a36a2e,20279_62648-46597ec324be7234877b601faba5b0f3,Sales Representative - Uncapped Commission,Cheshire,EE,EE,Annual,Annual,0.989
LIKELY_DUPLICATE,same title/location/advertiser + salary + very similar description,20279_62648-930ef8dbe77632601a483be445a36a2e,20279_62648-485f0b31932634fe6c8bc616b4ae496b,Sales Representative - Uncapped Commission,Cheshire,EE,EE,Annual,Annual,0.989
LIKELY_DUPLICATE,same title/location/advertiser + salary + very similar description,20279_62648-930ef8dbe77632601a483be445a36a2e,20279_62648-5f25a7615804384dd7cab1e4853d2124,Sales Representative - Uncapped Commission,Cheshire,EE,EE,Annual,Annual,0.990
LIKELY_DUPLICATE,same title/location/advertiser + salary + very similar description,20279_62648-930ef8dbe77632601a483be445a36a2e,20279_62648-91a9635acbc00cd160dcaaa616142129,Sales Representative - Uncapped Commission,Cheshire,EE,EE,Annual,Annual,0.989
LIKELY_DUPLICATE,same title/location/advertiser + salary + very similar description,20279_62587-1fae92b0486191e450ed61f7e3ee3beb,20279_62587-de02575bb43f5b26225f76457f553533,Sales Representative - Uncapped Commission,Fife,EE,EE,Annual,Annual,0.989
LIKELY_DUPLICATE,same title/location/advertiser + salary + very similar description,20279_62587-dc0205dd405d1afc941751b48213bfd7,20279_62587-1fae92b0486191e450ed61f7e3ee3beb,Sales Representative - Uncapped Commission,Fife,EE,EE,Annual,Annual,0.988
LIKELY_DUPLICATE,same title/location/advertiser + salary + very similar description,20279_62587-dc0205dd405d1afc941751b48213bfd7,20279_62587-de02575bb43f5b26225f76457f553533,Sales Representative - Uncapped Commission,Fife,EE,EE,Annual,Annual,0.989
LIKELY_DUPLICATE,same title/location/advertiser + salary + very similar description,1945523,1945511,Sales Valuer,Essex,GCB Recruitment,GCB Recruitment,45000.00 | 50000.00 | Annual,45000.00 | 50000.00 | Annual,0.909
LIKELY_DUPLICATE,same title/location/advertiser + salary + very similar description,107968965,107968970,Secondary SEMH Teacher,Yorkshire,Academics,Academics,140.00 | 225.00 | Daily,140.00 | 225.00 | Daily,0.904
LIKELY_DUPLICATE,same title/location/advertiser + salary + very similar description,1905989,1905988,"Self employed Equity Release Broker, Top National Market leading firm",Somerset,Astral Recruitment,Astral Recruitment,Annual,Annual,0.957
LIKELY_DUPLICATE,same title/location/advertiser + salary + very similar description,1905998,1882157,Self employed Mortgage Broker - All leads HYBRID plus retainer,Middlesex,Astral Recruitment,Astral Recruitment,Annual,Annual,0.967
LIKELY_DUPLICATE,same title/location/advertiser + salary + very similar description,1945780,1945719,Self Employed Property Consultant,Surrey,Worth Recruiting - Property Industry Recruitment,Worth Recruiting - Property Industry Recruitment,70000.00 | 70000.00 | Annual,70000.00 | 70000.00 | Annual,0.990
LIKELY_DUPLICATE,same title/location/advertiser + salary + very similar description,2049289,2049284,Senior Casualty/Liability Claims Technician - Fully Remote,Yorkshire,Exchange Street Claims & Financial Services,Exchange Street Claims & Financial Services,Annual,Annual,0.965
LIKELY_DUPLICATE,same title/location/advertiser + salary + very similar description,1938363,1938358,Senior Commercial Property Solicitor - Head of Department,Suffolk,REED,REED,Annual,Annual,0.978
LIKELY_DUPLICATE,same title/location/advertiser + salary + very similar description,108004997,108004999,Senior Debt & Revenue Protection Officer - Oxford & Reading,Oxfordshire,British Gas,British Gas,Annual,Annual,0.945
LIKELY_DUPLICATE,same title/location/advertiser + salary + very similar description,107876603,107876644,Senior Recruitment Consultant,Kent,Academics,Academics,35000.00 | 35000.00 | Annual,35000.00 | 35000.00 | Annual,0.923
LIKELY_DUPLICATE,same title/location/advertiser + salary + very similar description,1977233,2041176,Senior Talent Acquisition Specialist,Nottinghamshire,Michael Page HR,Michael Page HR,Annual,Annual,0.990
LIKELY_DUPLICATE,same title/location/advertiser + salary + very similar description,108005276,108005293,Service Delivery Partner,Cumbria,InPost,InPost,25.00 | 27.00 | Hourly,25.00 | 27.00 | Hourly,0.947
LIKELY_DUPLICATE,same title/location/advertiser + salary + very similar description,108005287,108005276,Service Delivery Partner,Cumbria,InPost,InPost,25.00 | 27.00 | Hourly,25.00 | 27.00 | Hourly,0.949
LIKELY_DUPLICATE,same title/location/advertiser + salary + very similar description,108005287,108005293,Service Delivery Partner,Cumbria,InPost,InPost,25.00 | 27.00 | Hourly,25.00 | 27.00 | Hourly,0.965
LIKELY_DUPLICATE,same title/location/advertiser + salary + very similar description,108005287,108005313,Service Delivery Partner,Cumbria,InPost,InPost,25.00 | 27.00 | Hourly,25.00 | 27.00 | Hourly,0.943
LIKELY_DUPLICATE,same title/location/advertiser + salary + very similar description,108005313,108005276,Service Delivery Partner,Cumbria,InPost,InPost,25.00 | 27.00 | Hourly,25.00 | 27.00 | Hourly,0.951
LIKELY_DUPLICATE,same title/location/advertiser + salary + very similar description,108005313,108005293,Service Delivery Partner,Cumbria,InPost,InPost,25.00 | 27.00 | Hourly,25.00 | 27.00 | Hourly,0.954
LIKELY_DUPLICATE,same title/location/advertiser + salary + very similar description,107944336,107944341,Service Delivery Partner,Devon,InPost,InPost,250.00 | 250.00 | Daily,250.00 | 250.00 | Daily,0.936
LIKELY_DUPLICATE,same title/location/advertiser + salary + very similar description,107954186,108052079,Service Delivery Partner,Kent,InPost,InPost,25.00 | 25.00 | Hourly,25.00 | 25.00 | Hourly,0.943
LIKELY_DUPLICATE,same title/location/advertiser + salary + very similar description,107954186,108052119,Service Delivery Partner,Kent,InPost,InPost,25.00 | 25.00 | Hourly,25.00 | 25.00 | Hourly,0.951
LIKELY_DUPLICATE,same title/location/advertiser + salary + very similar description,108052079,108052119,Service Delivery Partner,Kent,InPost,InPost,25.00 | 25.00 | Hourly,25.00 | 25.00 | Hourly,0.953
LIKELY_DUPLICATE,same title/location/advertiser + salary + very similar description,1996502,1996379,SME Account Executive,Somerset,Cavendish Maine Recruitment,Cavendish Maine Recruitment,40000.00 | 40000.00 | Annual,40000.00 | 40000.00 | Annual,0.988
LIKELY_DUPLICATE,same title/location/advertiser + salary + very similar description,1866620,1866619,SME Account Handler,Yorkshire,Cameron James,Cameron James,30000.00 | 35000.00 | Annual,30000.00 | 35000.00 | Annual,0.983
LIKELY_DUPLICATE,same title/location/advertiser + salary + very similar description,SOCAnalystProgramme016045,SOCAnalystProgramme016025,SOC Analyst Programme,Devon,Newto Training,Newto Training,Annual,Annual,0.990
LIKELY_DUPLICATE,same title/location/advertiser + salary + very similar description,SOCAnalystProgramme016016,SOCAnalystProgramme016011,SOC Analyst Programme,Gloucestershire,Newto Training,Newto Training,Annual,Annual,0.989
LIKELY_DUPLICATE,same title/location/advertiser + salary + very similar description,SOCAnalystProgramme016052,SOCAnalystProgramme016049,SOC Analyst Programme,Hampshire,Newto Training,Newto Training,Annual,Annual,0.990
LIKELY_DUPLICATE,same title/location/advertiser + salary + very similar description,SOCAnalystProgramme016015,SOCAnalystProgramme016013,SOC Analyst Programme,Kent,Newto Training,Newto Training,Annual,Annual,0.989
LIKELY_DUPLICATE,same title/location/advertiser + salary + very similar description,SOCAnalystProgramme016034,SOCAnalystProgramme016007,SOC Analyst Programme,Lancashire,Newto Training,Newto Training,Annual,Annual,0.990
LIKELY_DUPLICATE,same title/location/advertiser + salary + very similar description,SOCAnalystProgramme016036,SOCAnalystProgramme016007,SOC Analyst Programme,Lancashire,Newto Training,Newto Training,Annual,Annual,0.989
LIKELY_DUPLICATE,same title/location/advertiser + salary + very similar description,SOCAnalystProgramme016036,SOCAnalystProgramme016034,SOC Analyst Programme,Lancashire,Newto Training,Newto Training,Annual,Annual,0.989
LIKELY_DUPLICATE,same title/location/advertiser + salary + very similar description,SOCAnalystProgramme016046,SOCAnalystProgramme016007,SOC Analyst Programme,Lancashire,Newto Training,Newto Training,Annual,Annual,0.989
LIKELY_DUPLICATE,same title/location/advertiser + salary + very similar description,SOCAnalystProgramme016046,SOCAnalystProgramme016034,SOC Analyst Programme,Lancashire,Newto Training,Newto Training,Annual,Annual,0.990
LIKELY_DUPLICATE,same title/location/advertiser + salary + very similar description,SOCAnalystProgramme016046,SOCAnalystProgramme016036,SOC Analyst Programme,Lancashire,Newto Training,Newto Training,Annual,Annual,0.989
LIKELY_DUPLICATE,same title/location/advertiser + salary + very similar description,SOCAnalystProgramme016035,SOCAnalystProgramme016032,SOC Analyst Programme,Leicestershire,Newto Training,Newto Training,Annual,Annual,0.988
LIKELY_DUPLICATE,same title/location/advertiser + salary + very similar description,SOCAnalystProgramme016047,SOCAnalystProgramme016044,SOC Analyst Programme,Oxfordshire,Newto Training,Newto Training,Annual,Annual,0.989
LIKELY_DUPLICATE,same title/location/advertiser + salary + very similar description,SOCAnalystProgramme016050,SOCAnalystProgramme016006,SOC Analyst Programme,Staffordshire,Newto Training,Newto Training,Annual,Annual,0.989
LIKELY_DUPLICATE,same title/location/advertiser + salary + very similar description,SOCAnalystProgramme016053,SOCAnalystProgramme016006,SOC Analyst Programme,Staffordshire,Newto Training,Newto Training,Annual,Annual,0.989
LIKELY_DUPLICATE,same title/location/advertiser + salary + very similar description,SOCAnalystProgramme016053,SOCAnalystProgramme016050,SOC Analyst Programme,Staffordshire,Newto Training,Newto Training,Annual,Annual,0.990
LIKELY_DUPLICATE,same title/location/advertiser + salary + very similar description,SOCAnalystProgramme016017,SOCAnalystProgramme016010,SOC Analyst Programme,Sussex,Newto Training,Newto Training,Annual,Annual,0.989
LIKELY_DUPLICATE,same title/location/advertiser + salary + very similar description,SOCAnalystProgramme016009,SOCAnalystProgramme016003,SOC Analyst Programme,Yorkshire,Newto Training,Newto Training,Annual,Annual,0.990
LIKELY_DUPLICATE,same title/location/advertiser + salary + very similar description,SOCAnalystProgramme016021,SOCAnalystProgramme016003,SOC Analyst Programme,Yorkshire,Newto Training,Newto Training,Annual,Annual,0.990
LIKELY_DUPLICATE,same title/location/advertiser + salary + very similar description,SOCAnalystProgramme016021,SOCAnalystProgramme016009,SOC Analyst Programme,Yorkshire,Newto Training,Newto Training,Annual,Annual,0.989
LIKELY_DUPLICATE,same title/location/advertiser + salary + very similar description,SOCAnalystProgramme016029,SOCAnalystProgramme016003,SOC Analyst Programme,Yorkshire,Newto Training,Newto Training,Annual,Annual,0.993
LIKELY_DUPLICATE,same title/location/advertiser + salary + very similar description,SOCAnalystProgramme016029,SOCAnalystProgramme016009,SOC Analyst Programme,Yorkshire,Newto Training,Newto Training,Annual,Annual,0.988
LIKELY_DUPLICATE,same title/location/advertiser + salary + very similar description,SOCAnalystProgramme016029,SOCAnalystProgramme016021,SOC Analyst Programme,Yorkshire,Newto Training,Newto Training,Annual,Annual,0.990
LIKELY_DUPLICATE,same title/location/advertiser + salary + very similar description,SOCAnalystProgramme016031,SOCAnalystProgramme016003,SOC Analyst Programme,Yorkshire,Newto Training,Newto Training,Annual,Annual,0.989
LIKELY_DUPLICATE,same title/location/advertiser + salary + very similar description,SOCAnalystProgramme016031,SOCAnalystProgramme016009,SOC Analyst Programme,Yorkshire,Newto Training,Newto Training,Annual,Annual,0.989
LIKELY_DUPLICATE,same title/location/advertiser + salary + very similar description,SOCAnalystProgramme016031,SOCAnalystProgramme016021,SOC Analyst Programme,Yorkshire,Newto Training,Newto Training,Annual,Annual,0.989
LIKELY_DUPLICATE,same title/location/advertiser + salary + very similar description,SOCAnalystProgramme016031,SOCAnalystProgramme016029,SOC Analyst Programme,Yorkshire,Newto Training,Newto Training,Annual,Annual,0.989
LIKELY_DUPLICATE,same title/location/advertiser + salary + very similar description,SOCAnalystProgramme016037,SOCAnalystProgramme016003,SOC Analyst Programme,Yorkshire,Newto Training,Newto Training,Annual,Annual,0.989
LIKELY_DUPLICATE,same title/location/advertiser + salary + very similar description,SOCAnalystProgramme016037,SOCAnalystProgramme016009,SOC Analyst Programme,Yorkshire,Newto Training,Newto Training,Annual,Annual,0.991
LIKELY_DUPLICATE,same title/location/advertiser + salary + very similar description,SOCAnalystProgramme016037,SOCAnalystProgramme016021,SOC Analyst Programme,Yorkshire,Newto Training,Newto Training,Annual,Annual,0.990
LIKELY_DUPLICATE,same title/location/advertiser + salary + very similar description,SOCAnalystProgramme016037,SOCAnalystProgramme016029,SOC Analyst Programme,Yorkshire,Newto Training,Newto Training,Annual,Annual,0.989
LIKELY_DUPLICATE,same title/location/advertiser + salary + very similar description,SOCAnalystProgramme016037,SOCAnalystProgramme016031,SOC Analyst Programme,Yorkshire,Newto Training,Newto Training,Annual,Annual,0.988
LIKELY_DUPLICATE,same title/location/advertiser + salary + very similar description,SOCAnalystProgramme016048,SOCAnalystProgramme016003,SOC Analyst Programme,Yorkshire,Newto Training,Newto Training,Annual,Annual,0.990
LIKELY_DUPLICATE,same title/location/advertiser + salary + very similar description,SOCAnalystProgramme016048,SOCAnalystProgramme016009,SOC Analyst Programme,Yorkshire,Newto Training,Newto Training,Annual,Annual,0.989
LIKELY_DUPLICATE,same title/location/advertiser + salary + very similar description,SOCAnalystProgramme016048,SOCAnalystProgramme016021,SOC Analyst Programme,Yorkshire,Newto Training,Newto Training,Annual,Annual,0.990
LIKELY_DUPLICATE,same title/location/advertiser + salary + very similar description,SOCAnalystProgramme016048,SOCAnalystProgramme016029,SOC Analyst Programme,Yorkshire,Newto Training,Newto Training,Annual,Annual,0.990
LIKELY_DUPLICATE,same title/location/advertiser + salary + very similar description,SOCAnalystProgramme016048,SOCAnalystProgramme016031,SOC Analyst Programme,Yorkshire,Newto Training,Newto Training,Annual,Annual,0.988
LIKELY_DUPLICATE,same title/location/advertiser + salary + very similar description,SOCAnalystProgramme016048,SOCAnalystProgramme016037,SOC Analyst Programme,Yorkshire,Newto Training,Newto Training,Annual,Annual,0.990
LIKELY_DUPLICATE,same title/location/advertiser + salary + very similar description,SOCAnalystProgramme016054,SOCAnalystProgramme016003,SOC Analyst Programme,Yorkshire,Newto Training,Newto Training,Annual,Annual,0.990
LIKELY_DUPLICATE,same title/location/advertiser + salary + very similar description,SOCAnalystProgramme016054,SOCAnalystProgramme016009,SOC Analyst Programme,Yorkshire,Newto Training,Newto Training,Annual,Annual,0.990
LIKELY_DUPLICATE,same title/location/advertiser + salary + very similar description,SOCAnalystProgramme016054,SOCAnalystProgramme016021,SOC Analyst Programme,Yorkshire,Newto Training,Newto Training,Annual,Annual,0.989
LIKELY_DUPLICATE,same title/location/advertiser + salary + very similar description,SOCAnalystProgramme016054,SOCAnalystProgramme016029,SOC Analyst Programme,Yorkshire,Newto Training,Newto Training,Annual,Annual,0.989
LIKELY_DUPLICATE,same title/location/advertiser + salary + very similar description,SOCAnalystProgramme016054,SOCAnalystProgramme016031,SOC Analyst Programme,Yorkshire,Newto Training,Newto Training,Annual,Annual,0.989
LIKELY_DUPLICATE,same title/location/advertiser + salary + very similar description,SOCAnalystProgramme016054,SOCAnalystProgramme016037,SOC Analyst Programme,Yorkshire,Newto Training,Newto Training,Annual,Annual,0.990
LIKELY_DUPLICATE,same title/location/advertiser + salary + very similar description,SOCAnalystProgramme016054,SOCAnalystProgramme016048,SOC Analyst Programme,Yorkshire,Newto Training,Newto Training,Annual,Annual,0.990
LIKELY_DUPLICATE,same title/location/advertiser + salary + very similar description,2043167,2043160,Social Media Executive,Lancashire,Zachary Daniels,Zachary Daniels,Annual,Annual,0.991
LIKELY_DUPLICATE,same title/location/advertiser + salary + very similar description,1401785414,1401785412,Social Worker,Hampshire,Hampshire County Council,Hampshire County Council,40643.00 | 51827.00 | Annual,40643.00 | 51827.00 | Annual,0.990
LIKELY_DUPLICATE,same title/location/advertiser + salary + very similar description,1401785415,1401785412,Social Worker,Hampshire,Hampshire County Council,Hampshire County Council,40643.00 | 51827.00 | Annual,40643.00 | 51827.00 | Annual,0.990
LIKELY_DUPLICATE,same title/location/advertiser + salary + very similar description,1401785415,1401785414,Social Worker,Hampshire,Hampshire County Council,Hampshire County Council,40643.00 | 51827.00 | Annual,40643.00 | 51827.00 | Annual,0.993
LIKELY_DUPLICATE,same title/location/advertiser + salary + very similar description,1401785416,1401785412,Social Worker,Hampshire,Hampshire County Council,Hampshire County Council,40643.00 | 51827.00 | Annual,40643.00 | 51827.00 | Annual,0.990
LIKELY_DUPLICATE,same title/location/advertiser + salary + very similar description,1401785416,1401785414,Social Worker,Hampshire,Hampshire County Council,Hampshire County Council,40643.00 | 51827.00 | Annual,40643.00 | 51827.00 | Annual,0.992
LIKELY_DUPLICATE,same title/location/advertiser + salary + very similar description,1401785416,1401785415,Social Worker,Hampshire,Hampshire County Council,Hampshire County Council,40643.00 | 51827.00 | Annual,40643.00 | 51827.00 | Annual,0.995
LIKELY_DUPLICATE,same title/location/advertiser + salary + very similar description,1853635,1853632,SolidWorks Applications Engineer,Leicestershire,GBR Recruitment Ltd,GBR Recruitment Ltd,Annual,Annual,0.990
LIKELY_DUPLICATE,same title/location/advertiser + salary + very similar description,1853631,1853629,SolidWorks Applications Engineer,Northamptonshire,GBR Recruitment Ltd,GBR Recruitment Ltd,Annual,Annual,0.990
LIKELY_DUPLICATE,same title/location/advertiser + salary + very similar description,1853634,1853629,SolidWorks Applications Engineer,Northamptonshire,GBR Recruitment Ltd,GBR Recruitment Ltd,Annual,Annual,0.991
LIKELY_DUPLICATE,same title/location/advertiser + salary + very similar description,1853634,1853631,SolidWorks Applications Engineer,Northamptonshire,GBR Recruitment Ltd,GBR Recruitment Ltd,Annual,Annual,0.990
LIKELY_DUPLICATE,same title/location/advertiser + salary + very similar description,1938227,1938292,Speech and Language Therapist Band 6,Shropshire,Total Assist Recruitment,Total Assist Recruitment,Annual,Annual,0.975
LIKELY_DUPLICATE,same title/location/advertiser + salary + very similar description,2046025,2046021,Subisdence Claims Technician,Yorkshire,Exchange Street Claims & Financial Services,Exchange Street Claims & Financial Services,Annual,Annual,0.979
LIKELY_DUPLICATE,same title/location/advertiser + salary + very similar description,2039368,2039367,Support Worker,Clwyd,Active Care Group,Active Care Group,14.00 | 14.00 | Hourly,14.00 | 14.00 | Hourly,0.984
LIKELY_DUPLICATE,same title/location/advertiser + salary + very similar description,2039369,2039367,Support Worker,Clwyd,Active Care Group,Active Care Group,14.00 | 14.00 | Hourly,14.00 | 14.00 | Hourly,0.985
LIKELY_DUPLICATE,same title/location/advertiser + salary + very similar description,2039369,2039368,Support Worker,Clwyd,Active Care Group,Active Care Group,14.00 | 14.00 | Hourly,14.00 | 14.00 | Hourly,0.985
LIKELY_DUPLICATE,same title/location/advertiser + salary + very similar description,2039370,2039367,Support Worker,Clwyd,Active Care Group,Active Care Group,14.00 | 14.00 | Hourly,14.00 | 14.00 | Hourly,0.987
LIKELY_DUPLICATE,same title/location/advertiser + salary + very similar description,2039370,2039368,Support Worker,Clwyd,Active Care Group,Active Care Group,14.00 | 14.00 | Hourly,14.00 | 14.00 | Hourly,0.985
LIKELY_DUPLICATE,same title/location/advertiser + salary + very similar description,2039370,2039369,Support Worker,Clwyd,Active Care Group,Active Care Group,14.00 | 14.00 | Hourly,14.00 | 14.00 | Hourly,0.986
LIKELY_DUPLICATE,same title/location/advertiser + salary + very similar description,108001266,108001257,Tax & Trusts Manager,Berkshire,Focus Resourcing Group,Focus Resourcing Group,Annual,Annual,0.934
LIKELY_DUPLICATE,same title/location/advertiser + salary + very similar description,2046927,2046853,Tax Senior Private Client & Corporate Tax Advisory Exposure,Cambridgeshire,Reed,Reed,Annual,Annual,0.988
LIKELY_DUPLICATE,same title/location/advertiser + salary + very similar description,1944216,2049265,Telephone Business Development Manager,London,KFS Recruitment,KFS Recruitment,Annual,Annual,0.980
LIKELY_DUPLICATE,same title/location/advertiser + salary + very similar description,107984495,108043880,Trainee A/C Instructor (Automotive / Mechanical),Gloucestershire,Ernest Gordon Recruitment,Ernest Gordon Recruitment,35000.00 | 35000.00 | Annual,35000.00 | 35000.00 | Annual,0.936
LIKELY_DUPLICATE,same title/location/advertiser + salary + very similar description,2048020,2048019,Trainee Digital Marketing Manager No experience needed (Ref: 6901),Yorkshire,Qualify Nation Recruitment,Qualify Nation Recruitment,Annual,Annual,0.993
LIKELY_DUPLICATE,same title/location/advertiser + salary + very similar description,1977463,1977462,Trainee Paraplanner,Aberdeenshire,JohnstonGreer,JohnstonGreer,30000.00 | 36000.00 | Annual,30000.00 | 36000.00 | Annual,0.973
LIKELY_DUPLICATE,same title/location/advertiser + salary + very similar description,1961895,1961893,Trainee Property Professionals - Estate Agency,Surrey,Vickery,Vickery,Annual,Annual,0.979
LIKELY_DUPLICATE,same title/location/advertiser + salary + very similar description,107969020,108037672,Trainee Recruitment Consultant (Uncapped Commission),Somerset,Ernest Gordon Recruitment,Ernest Gordon Recruitment,28000.00 | 28000.00 | Annual,28000.00 | 28000.00 | Annual,0.929
LIKELY_DUPLICATE,same title/location/advertiser + salary + very similar description,107969015,107969020,Trainee Recruitment Consultant - Uncapped Commission,Somerset,Ernest Gordon Recruitment,Ernest Gordon Recruitment,28000.00 | 28000.00 | Annual,28000.00 | 28000.00 | Annual,0.925
LIKELY_DUPLICATE,same title/location/advertiser + salary + very similar description,107969015,108037672,Trainee Recruitment Consultant - Uncapped Commission,Somerset,Ernest Gordon Recruitment,Ernest Gordon Recruitment,28000.00 | 28000.00 | Annual,28000.00 | 28000.00 | Annual,0.942
LIKELY_DUPLICATE,same title/location/advertiser + salary + very similar description,2021569,2046239,Unit Nurse Manager RGN - Care Home,Kent,Barchester Healthcare,Barchester Healthcare,Annual,Annual,0.988
LIKELY_DUPLICATE,same title/location/advertiser + salary + very similar description,107923213,107923212,WCA Nurse Assessor,County Antrim,Donard Recruitment Ltd,Donard Recruitment Ltd,40000.00 | 40000.00 | Annual,40000.00 | 40000.00 | Annual,0.944
LIKELY_DUPLICATE,same title/location/advertiser + salary + very similar description,1947372,1947371,Yopa Local Estate Agent Territory Manager,Dorset,YOPA,YOPA,Annual,Annual,0.989
LIKELY_DUPLICATE,same title/location/advertiser + salary + very similar description,1935195,1935194,Yopa Local Estate Agent Territory Manager,Yorkshire,YOPA,YOPA,Annual,Annual,0.990
